image_id,machine,product,zone_prior,zone,top1_conf,dist_band_end,n_mark,ai_in_mark,mark_out_of_product
1_002_20200629_082648(6),1,3band,reinspect,reinspect,0.7181214690208435,10.362418246698091,3,True,0.0
1_002_20200629_082651(5),1,3band,reinspect,reinspect,0.710582435131073,7.278161613508853,3,True,0.0
1_002_20200629_123235(1),1,3band,reinspect,reinspect,0.715984046459198,8.554609363915015,3,True,0.0
1_002_20200629_123239(5),1,3band,reinspect,reinspect,0.7196821570396423,6.918285541343623,3,True,0.0
1_002_20200629_123244(1),1,3band,reinspect,reinspect,0.7170358300209045,8.070284683000969,3,True,0.0
1_002_20200629_123248(5),1,3band,reinspect,reinspect,0.7154480814933777,7.400258971272389,3,True,0.0
1_002_20200629_123253(1),1,3band,reinspect,reinspect,0.7126321196556091,7.212986390175899,3,True,0.0
1_002_20200629_123257(5),1,3band,reinspect,reinspect,0.7063769698143005,7.951230955977618,3,True,0.0
1_002_20200629_163454(3),1,3band,reject,reject,0.7292229533195496,7.009639965808213,3,True,0.0
1_002_20200629_163457(3),1,3band,reinspect,reinspect,0.7119818925857544,7.885544014844748,3,True,0.0
1_002_20200629_163500(2),1,3band,reinspect,reinspect,0.716191291809082,7.060233308771353,3,True,0.0
1_002_20200629_163506(3),1,3band,reinspect,reinspect,0.7091184854507446,6.969575436005279,3,True,0.0
1_002_20200629_163513(1),1,3band,reinspect,reinspect,0.7210524678230286,32.26731236372178,3,True,0.0
1_002_20200629_163520(3),1,3band,reinspect,reinspect,0.7154960632324219,6.2171619289410165,3,True,0.0
1_002_20200629_202528(1),1,3band,reinspect,reinspect,0.7102940082550049,7.701805841287237,3,True,0.0
1_002_20200629_202532(5),1,3band,reinspect,reinspect,0.7058954834938049,11.007553194566144,3,True,0.0
1_002_20200629_202537(0),1,3band,reinspect,reinspect,0.7125241160392761,6.078629046769526,3,True,0.0
1_002_20200629_202541(5),1,3band,reinspect,reinspect,0.7159644365310669,8.437359559718347,2,True,0.0
1_002_20200629_202546(0),1,3band,reinspect,reinspect,0.7069882154464722,8.029217598849122,3,True,0.0
1_002_20200629_202550(6),1,3band,reinspect,reinspect,0.7048036456108093,10.38719659885491,3,True,0.0
1_002_20200630_002731(0),1,3band,reinspect,reinspect,0.7153589725494385,8.065091102335359,3,True,0.0
1_002_20200630_002735(3),1,3band,reinspect,reinspect,0.7110300064086914,10.45575330887601,3,True,0.0
1_002_20200630_002739(8),1,3band,reinspect,reinspect,0.719379723072052,24.605748194633893,3,True,0.0
1_002_20200630_002744(3),1,3band,reinspect,reinspect,0.7180050611495972,7.738321125414511,3,True,0.0
1_002_20200630_002748(7),1,3band,reject,reject,0.7250714302062988,10.715172923851005,3,True,0.0
1_002_20200630_002753(4),1,3band,reinspect,reinspect,0.7177777290344238,7.380908033721181,3,True,0.0
1_002_20200630_042952(6),1,3band,reject,reject,0.7262552380561829,14.37607493891269,3,True,0.0
1_002_20200630_042956(9),1,3band,reinspect,reinspect,0.7118774652481079,7.871687090351358,3,True,0.0
1_002_20200630_043001(5),1,3band,reinspect,reinspect,0.7140893936157227,7.665707962888716,3,True,0.0
1_002_20200630_043009(0),1,3band,reinspect,reinspect,0.7101626992225647,8.133736009246853,3,True,0.0
1_002_20200630_043018(1),1,3band,reinspect,reinspect,0.7139632105827332,24.855334997350063,3,True,0.0
1_002_20200630_043022(7),1,3band,reinspect,reinspect,0.7133787870407104,28.558882578029568,3,True,0.0
1_002_20200630_083021(2),1,3band,reinspect,reinspect,0.7133680582046509,10.077923362460098,3,True,0.0
1_002_20200630_083024(2),1,3band,reinspect,reinspect,0.717799961566925,7.803301633052702,3,True,0.0
1_002_20200630_083028(7),1,3band,reinspect,reinspect,0.7034921646118164,7.934529045664466,3,True,0.0
1_002_20200630_083033(2),1,3band,reinspect,reinspect,0.7135168313980103,8.268303524646626,3,True,0.0
1_002_20200630_083037(7),1,3band,reinspect,reinspect,0.7156291604042053,7.946148710762515,3,True,0.0
1_002_20200630_083042(2),1,3band,reject,reject,0.7263632416725159,8.25562386143062,3,True,0.0
1_002_20200630_123220(5),1,3band,reinspect,reinspect,0.7203834652900696,6.727537141165074,3,True,0.0
1_002_20200630_123224(9),1,3band,reinspect,reinspect,0.71625155210495,7.170930753208369,3,True,0.0
1_002_20200630_123229(5),1,3band,reinspect,reinspect,0.7127485275268555,7.745613612355163,2,True,0.0
1_002_20200630_123234(0),1,3band,reject,reject,0.724662184715271,7.1617492767828015,3,True,0.0
1_002_20200630_123238(5),1,3band,reinspect,reinspect,0.7175597548484802,6.0036579558453855,3,True,0.0
1_002_20200630_123243(0),1,3band,reinspect,reinspect,0.7153041362762451,10.522611761558133,3,True,0.0
1_002_20200630_163223(6),1,3band,reinspect,reinspect,0.711966872215271,9.304712191830555,3,True,0.0
1_002_20200630_163227(9),1,3band,reinspect,reinspect,0.7041563987731934,19.725570626995935,3,True,0.0
1_002_20200630_163232(4),1,3band,reinspect,reinspect,0.6982496380805969,24.589277966000605,3,True,0.0
1_002_20200630_163237(0),1,3band,reinspect,reinspect,0.7155358195304871,7.609685552528357,3,True,0.0
1_002_20200630_163241(3),1,3band,reinspect,reinspect,0.7135113477706909,11.148040342513031,3,True,0.0
1_002_20200630_163246(0),1,3band,reinspect,reinspect,0.7131333947181702,11.138939812604296,3,True,0.0
1_002_20200630_202821(1),1,3band,reinspect,reinspect,0.7085522413253784,13.694794361404597,3,True,0.0
1_002_20200630_202825(8),1,3band,reinspect,reinspect,0.7185150980949402,24.994388883114524,3,True,0.0
1_002_20200630_202830(0),1,3band,reinspect,reinspect,0.7151893973350525,7.837012046642464,3,True,0.0
1_002_20200630_202834(7),1,3band,reinspect,reinspect,0.7196130156517029,7.471374167059544,3,True,0.0
1_002_20200630_202839(2),1,3band,reinspect,reinspect,0.7142825126647949,12.12309080628665,3,True,0.0
1_002_20200630_202843(7),1,3band,reinspect,reinspect,0.712520182132721,6.610760158734015,3,True,0.0
1_002_20200701_003844(7),1,3band,reinspect,reinspect,0.7174184322357178,6.4068743335014995,3,True,0.0
1_002_20200701_003849(2),1,3band,reinspect,reinspect,0.7205870151519775,7.71493397269402,3,True,0.0
1_002_20200701_003853(8),1,3band,reinspect,reinspect,0.7197577357292175,10.277890043842287,3,True,0.0
1_002_20200701_003858(2),1,3band,reinspect,reinspect,0.7084139585494995,7.449352581224751,3,True,0.0
1_002_20200701_003902(7),1,3band,reinspect,reinspect,0.7184267640113831,10.135520775467896,3,True,0.0
1_002_20200701_003907(0),1,3band,reinspect,reinspect,0.714446485042572,9.960364527277187,3,True,0.0
1_002_20200701_042952(8),1,3band,reinspect,reinspect,0.7196769118309021,16.920900491684534,3,True,0.0
1_002_20200701_042957(2),1,3band,reinspect,reinspect,0.7173099517822266,8.62161753542347,3,True,0.0
1_002_20200701_043001(6),1,3band,reinspect,reinspect,0.702729344367981,8.075868884888772,3,True,0.0
1_002_20200701_043006(4),1,3band,reinspect,reinspect,0.701102077960968,7.47032364623232,3,True,0.0
1_002_20200701_043010(8),1,3band,reinspect,reinspect,0.713363528251648,7.739100981943404,3,True,0.0
1_002_20200701_043015(3),1,3band,reinspect,reinspect,0.7084805369377136,11.0944601505894,3,True,0.0
1_002_20200701_083109(4),1,3band,reject,reject,0.7256739139556885,6.725403177638028,3,True,0.0
1_002_20200701_083113(8),1,3band,reinspect,reinspect,0.7118788361549377,7.893208645881739,3,True,0.0
1_002_20200701_083121(4),1,3band,reinspect,reinspect,0.717307448387146,7.377903453459117,3,True,0.0
1_002_20200701_083126(0),1,3band,reinspect,reinspect,0.7176443934440613,7.309366270615834,3,True,0.0
1_002_20200701_083130(4),1,3band,reinspect,reinspect,0.7174854874610901,6.202780933010102,3,True,0.0
1_002_20200701_083142(6),1,3band,reinspect,reinspect,0.7215176820755005,8.759043199645424,3,True,0.0
1_002_20200701_123318(7),1,3band,reinspect,reinspect,0.7098952531814575,8.771741181353162,3,True,0.0
1_002_20200701_123321(8),1,3band,reinspect,reinspect,0.720633864402771,11.355016290857293,3,True,0.0
1_002_20200701_123325(0),1,3band,reject,reject,0.722957193851471,8.245906853080422,3,True,0.0
1_002_20200701_123328(2),1,3band,reinspect,reinspect,0.7187416553497314,9.6574021483065,3,True,0.0
1_002_20200701_123331(2),1,3band,reject,reject,0.7234634757041931,10.737477793271422,3,True,0.0
1_002_20200701_123334(3),1,3band,reject,reject,0.7308528423309326,7.063718619168794,3,True,0.0
1_002_20200701_163004(7),1,3band,reinspect,reinspect,0.7072165608406067,32.38837785540118,3,True,0.0
1_002_20200701_163017(3),1,3band,reinspect,reinspect,0.7077048420906067,7.438733868708691,3,True,0.0
1_002_20200701_163021(2),1,3band,reinspect,reinspect,0.7048799991607666,32.70136591577008,3,True,0.0
1_002_20200701_163024(9),1,3band,reinspect,reinspect,0.712269127368927,13.14862852774406,3,True,0.0
1_002_20200701_163029(1),1,3band,reinspect,reinspect,0.7144386172294617,13.824074431990809,3,True,0.0
1_002_20200701_163033(0),1,3band,reject,reject,0.726349413394928,7.141106488866114,3,True,0.0
1_002_20200701_203037(6),1,3band,reinspect,reinspect,0.7087193727493286,10.673162889197298,3,True,0.0
1_002_20200701_203040(8),1,3band,reinspect,reinspect,0.7180065512657166,6.629951860993546,3,True,0.0
1_002_20200701_203043(9),1,3band,reinspect,reinspect,0.7171622514724731,9.756468842303207,3,True,0.0
1_002_20200701_203046(9),1,3band,reinspect,reinspect,0.7154706120491028,16.704223816782484,3,True,0.0
1_002_20200701_203050(0),1,3band,reinspect,reinspect,0.7058830261230469,7.752818224353765,2,True,0.0
1_002_20200701_203053(0),1,3band,reinspect,reinspect,0.7074066996574402,10.227561469551611,3,True,0.0
1_002_20200702_002742(2),1,3band,reinspect,reinspect,0.7202745079994202,8.108086234889162,3,True,0.0
1_002_20200702_002746(8),1,3band,reinspect,reinspect,0.7106569409370422,25.455649995532234,3,True,0.0
1_002_20200702_002751(2),1,3band,reinspect,reinspect,0.7023069858551025,11.835593321564613,3,True,0.0
1_002_20200702_002755(8),1,3band,reinspect,reinspect,0.708630383014679,24.278266781348503,3,True,0.0
1_002_20200702_002800(1),1,3band,reinspect,reinspect,0.71126389503479,7.401407716196955,3,True,0.0
1_002_20200702_002804(8),1,3band,reinspect,reinspect,0.7068058848381042,10.160744172315463,3,True,0.0
1_002_20200702_042930(4),1,3band,reinspect,reinspect,0.7117501497268677,7.602490807961535,3,True,0.0
1_002_20200702_042933(6),1,3band,reject,reject,0.7223673462867737,7.067638993947603,3,True,0.0
1_002_20200702_042937(8),1,3band,reinspect,reinspect,0.7169142961502075,9.424756326728707,3,True,0.0
1_002_20200702_042945(5),1,3band,reinspect,reinspect,0.7161551713943481,8.532897504177267,3,True,0.0
1_002_20200702_042949(9),1,3band,reinspect,reinspect,0.7188248038291931,24.35461069369217,3,True,0.0
1_002_20200702_042954(6),1,3band,reinspect,reinspect,0.7122141718864441,7.256049448090384,3,True,0.0
1_002_20200706_083031(0),1,3band,reinspect,reinspect,0.7058218717575073,9.182925894900483,2,True,0.0
1_002_20200706_083035(5),1,3band,reinspect,reinspect,0.7079600691795349,22.69781230269606,3,True,0.0
1_002_20200706_083039(2),1,3band,reinspect,reinspect,0.7099137902259827,16.294333930825317,3,True,0.0
1_002_20200706_083042(4),1,3band,reinspect,reinspect,0.706426203250885,19.17663517531914,3,True,0.0
1_002_20200706_083045(5),1,3band,reinspect,reinspect,0.7182666063308716,10.676881977432636,3,True,0.0
1_002_20200706_083049(6),1,3band,reinspect,reinspect,0.7135177850723267,6.950089757160177,3,True,0.0
1_002_20200706_123023(3),1,3band,reinspect,reinspect,0.7152538895606995,17.134293350238316,3,True,0.0
1_002_20200706_123027(1),1,3band,reinspect,reinspect,0.7068172693252563,18.648592512105715,3,True,0.0
1_002_20200706_123031(0),1,3band,reinspect,reinspect,0.7068153023719788,23.460283888785916,3,True,0.0
1_002_20200706_123035(0),1,3band,reinspect,reinspect,0.7100812196731567,10.313568729151104,3,True,0.0
1_002_20200706_123038(9),1,3band,reinspect,reinspect,0.7126122117042542,9.191083424334067,3,True,0.0
1_002_20200706_123042(9),1,3band,reinspect,reinspect,0.7184032797813416,10.372850469261675,3,True,0.0
1_002_20200706_163436(9),1,3band,reinspect,reinspect,0.7070626616477966,31.38491920135961,3,True,0.0
1_002_20200706_163440(2),1,3band,reinspect,reinspect,0.7165902256965637,7.182081440415502,3,True,0.0
1_002_20200706_163443(1),1,3band,reinspect,reinspect,0.7044433355331421,31.796285881358493,3,True,0.0
1_002_20200706_163445(8),1,3band,reinspect,reinspect,0.7083560228347778,32.57248634964002,3,True,0.0
1_002_20200706_163448(8),1,3band,reinspect,reinspect,0.7096893787384033,6.386422654725369,3,True,0.0
1_002_20200706_163451(8),1,3band,reinspect,reinspect,0.7082734704017639,7.809808044038181,3,True,0.0
1_002_20200706_203038(8),1,3band,reinspect,reinspect,0.707667350769043,9.83657711170294,3,True,0.0
1_002_20200706_203042(0),1,3band,reinspect,reinspect,0.7089935541152954,10.36573897448948,3,True,0.0
1_002_20200706_203045(2),1,3band,reinspect,reinspect,0.7112727165222168,9.026147828055846,3,True,0.0
1_002_20200706_203048(5),1,3band,reinspect,reinspect,0.7079272866249084,31.234547126084607,3,True,0.0
1_002_20200706_203051(7),1,3band,reinspect,reinspect,0.7146313786506653,10.361645984366394,3,True,0.0
1_002_20200706_203058(1),1,3band,reinspect,reinspect,0.7099850177764893,6.661344767941858,3,True,0.0
1_002_20200707_003535(3),1,3band,reject,reject,0.7233273983001709,6.907107104631499,3,True,0.0
1_002_20200707_003543(3),1,3band,reinspect,reinspect,0.7174967527389526,7.854752381580811,3,True,0.0
1_002_20200707_003547(4),1,3band,reinspect,reinspect,0.7164334654808044,7.005731668195347,3,True,0.0
1_002_20200707_003551(2),1,3band,reinspect,reinspect,0.7107669711112976,9.620574476213278,3,True,0.0
1_002_20200707_003555(2),1,3band,reinspect,reinspect,0.7117753624916077,6.870158845741474,3,True,0.0
1_002_20200707_003603(4),1,3band,reinspect,reinspect,0.711272120475769,6.273093502288592,3,True,0.0
1_002_20200707_043323(4),1,3band,reinspect,reinspect,0.7043939232826233,9.106261297854243,3,True,0.0
1_002_20200707_043327(5),1,3band,reinspect,reinspect,0.7030186653137207,15.76803340005517,3,True,0.0
1_002_20200707_043331(4),1,3band,reinspect,reinspect,0.7143285870552063,10.584552015288837,3,True,0.0
1_002_20200707_043441(2),1,3band,reinspect,reinspect,0.7114046812057495,18.73312094910595,3,True,0.0
1_002_20200707_043449(4),1,3band,reinspect,reinspect,0.7087439894676208,8.633563938238709,3,True,0.0
1_002_20200707_043453(4),1,3band,reinspect,reinspect,0.7067690491676331,12.882386782551036,3,True,0.0
1_002_20200707_083007(7),1,3band,reinspect,reinspect,0.7059018611907959,8.059393625715813,3,True,0.0
1_002_20200707_083011(7),1,3band,reinspect,reinspect,0.7198410034179688,6.118474048472254,3,True,0.0
1_002_20200707_083015(6),1,3band,reject,reject,0.726762592792511,8.920564433437509,3,True,0.0
1_002_20200707_083019(7),1,3band,reinspect,reinspect,0.714443564414978,11.681692655244987,3,True,0.0
1_002_20200707_083023(7),1,3band,reinspect,reinspect,0.7100135087966919,9.322319117012604,3,True,0.0
1_002_20200707_083027(5),1,3band,reinspect,reinspect,0.7221031188964844,18.85636921366538,3,True,0.0
1_002_20200707_123124(2),1,3band,reinspect,reinspect,0.7180351614952087,6.348945247332372,3,True,0.0
1_002_20200707_123128(4),1,3band,reject,reject,0.7233229875564575,7.019931691192737,3,True,0.0
1_002_20200707_123132(4),1,3band,reinspect,reinspect,0.7094437479972839,10.756551207346881,3,True,0.0
1_002_20200707_123136(3),1,3band,reinspect,reinspect,0.7073051333427429,9.908959068372798,3,True,0.0
1_002_20200707_123140(3),1,3band,reinspect,reinspect,0.7159489393234253,6.998848077114243,3,True,0.0
1_002_20200707_123144(3),1,3band,reinspect,reinspect,0.7147256731987,8.927845830149627,3,True,0.0
1_002_20200708_093546(5),1,3band,reinspect,reinspect,0.712263286113739,11.501972880019078,3,True,0.0
1_002_20200708_093556(1),1,3band,reinspect,reinspect,0.7183142900466919,7.498961666870399,3,True,0.0
1_002_20200708_093600(2),1,3band,reinspect,reinspect,0.7200169563293457,7.474475210462608,3,True,0.0
1_002_20200708_093604(2),1,3band,reinspect,reinspect,0.7127045392990112,7.8597583441481245,2,True,0.0
1_002_20200708_093608(1),1,3band,reinspect,reinspect,0.7140989303588867,6.425783837112278,3,True,0.0
1_002_20200708_093612(3),1,3band,reinspect,reinspect,0.7199833393096924,11.816024008852196,3,True,0.0
1_002_20200708_122738(0),1,3band,reinspect,reinspect,0.7154099941253662,10.476520992160673,3,True,0.0
1_002_20200708_122742(0),1,3band,reinspect,reinspect,0.7103752493858337,23.029055937026033,3,True,0.0
1_002_20200708_122745(8),1,3band,reinspect,reinspect,0.7170143723487854,13.286297808460825,3,True,0.0
1_002_20200708_122749(9),1,3band,reinspect,reinspect,0.7168595194816589,8.627166102974593,3,True,0.0
1_002_20200708_122753(9),1,3band,reinspect,reinspect,0.7169466614723206,13.315948611509006,3,True,0.0
1_002_20200708_122757(9),1,3band,reinspect,reinspect,0.7041756510734558,7.536246658777777,3,True,0.0
1_002_20200708_123746(2),1,3band,reinspect,reinspect,0.7116876840591431,25.097068239859066,3,True,0.0
1_002_20200708_123750(2),1,3band,reinspect,reinspect,0.7067210674285889,25.53152615078003,3,True,0.0
1_002_20200708_123754(3),1,3band,reinspect,reinspect,0.7113805413246155,16.09596180801408,3,True,0.0
1_002_20200708_123800(1),1,3band,reinspect,reinspect,0.721452534198761,7.7488551960694965,3,True,0.0
1_002_20200708_123804(2),1,3band,reinspect,reinspect,0.7128678560256958,6.637303759106634,3,True,0.0
1_002_20200708_123808(2),1,3band,reinspect,reinspect,0.7113465070724487,6.525599287192934,3,True,0.0
1_002_20200708_163727(3),1,3band,reinspect,reinspect,0.7101566195487976,15.784316137878603,3,True,0.0
1_002_20200708_163731(2),1,3band,reinspect,reinspect,0.7150421142578125,10.187688271055245,3,True,0.0
1_002_20200708_163735(1),1,3band,reinspect,reinspect,0.7170087695121765,7.55888706610702,3,True,0.0
1_002_20200708_163739(3),1,3band,reinspect,reinspect,0.7149136662483215,8.090306130693646,3,True,0.0
1_002_20200708_163743(1),1,3band,reinspect,reinspect,0.7149888277053833,7.752770603318508,3,True,0.0
1_002_20200708_163747(2),1,3band,reject,reject,0.7271898984909058,6.62796949957672,3,True,0.0
1_002_20200708_203120(0),1,3band,reinspect,reinspect,0.7104531526565552,6.698958441834098,3,True,0.0
1_002_20200708_203124(1),1,3band,reinspect,reinspect,0.7092074155807495,11.056865040117929,3,True,0.0
1_002_20200708_203128(1),1,3band,reinspect,reinspect,0.7179432511329651,8.222820318324072,3,True,0.0
1_002_20200708_203132(0),1,3band,reinspect,reinspect,0.720909833908081,6.312928994342084,3,True,0.0
1_002_20200708_203135(9),1,3band,reinspect,reinspect,0.7219374179840088,13.421505196160886,3,True,0.0
1_002_20200708_203139(9),1,3band,reinspect,reinspect,0.7125405073165894,32.987217467472036,3,True,0.0
1_002_20200713_090619(5),1,3band,reinspect,reinspect,0.715909481048584,6.7111369133704795,3,True,0.0
1_002_20200713_090624(6),1,3band,reinspect,reinspect,0.7062133550643921,14.106005298872752,3,True,0.0
1_002_20200713_090627(7),1,3band,reinspect,reinspect,0.7070533633232117,8.386860944973764,3,True,0.0
1_002_20200713_090630(9),1,3band,reinspect,reinspect,0.7094916701316833,8.244211336083469,3,True,0.0
1_002_20200713_090633(9),1,3band,reinspect,reinspect,0.700660228729248,9.777361792998716,3,True,0.0
1_002_20200713_090637(0),1,3band,reinspect,reinspect,0.7127262353897095,16.141503635868776,3,True,0.0
1_002_20200713_123402(2),1,3band,reinspect,reinspect,0.7066619396209717,8.514313029918403,3,True,0.0
1_002_20200713_123406(6),1,3band,reinspect,reinspect,0.7119123339653015,6.341159266298312,3,True,0.0
1_002_20200713_123411(2),1,3band,reinspect,reinspect,0.7042107582092285,7.441428181251094,3,True,0.0
1_002_20200713_123415(6),1,3band,reinspect,reinspect,0.7142893075942993,11.636471939750908,3,True,0.0
1_002_20200713_123420(2),1,3band,reject,reject,0.7232199311256409,6.985920396565731,3,True,0.0
1_002_20200713_123424(6),1,3band,reinspect,reinspect,0.709519624710083,7.603303403858222,3,True,0.0
1_002_20200713_163527(7),1,3band,reinspect,reinspect,0.7182888388633728,7.053636478391145,3,True,0.0
1_002_20200713_163532(0),1,3band,reinspect,reinspect,0.7033963203430176,21.190749122866308,3,True,0.0
1_002_20200713_163536(6),1,3band,reinspect,reinspect,0.7131170034408569,6.385153158906655,3,True,0.0
1_002_20200713_163541(1),1,3band,reinspect,reinspect,0.7149649262428284,6.558536465619323,3,True,0.0
1_002_20200713_163551(8),1,3band,reinspect,reinspect,0.7197313904762268,7.211062722469949,3,True,0.0
1_002_20200713_163657(7),1,3band,reinspect,reinspect,0.7073320746421814,7.991171897323051,3,True,0.0
1_002_20200713_202453(5),1,3band,reinspect,reinspect,0.7208400368690491,17.75128823356177,3,True,0.0
1_002_20200713_202457(9),1,3band,reinspect,reinspect,0.719505250453949,8.991034324357017,3,True,0.0
1_002_20200713_202502(4),1,3band,reinspect,reinspect,0.704559326171875,8.988713689345094,3,True,0.0
1_002_20200713_202507(0),1,3band,reinspect,reinspect,0.684230625629425,11.291897915716792,1,False,1.0
1_002_20200713_202511(3),1,3band,reinspect,reinspect,0.7005102038383484,9.086228552107253,3,True,0.0
1_002_20200713_202515(8),1,3band,reinspect,reinspect,0.7082196474075317,23.329591792303017,3,True,0.0
1_002_20200714_002645(1),1,3band,reinspect,reinspect,0.7090956568717957,21.766074297953516,3,True,0.0
1_002_20200714_002649(5),1,3band,reinspect,reinspect,0.711516261100769,7.8711688138469755,3,True,0.0
1_002_20200714_002654(1),1,3band,reinspect,reinspect,0.7086622714996338,24.788073518313777,3,True,0.0
1_002_20200714_002658(5),1,3band,reinspect,reinspect,0.7184734344482422,6.645740590753067,3,True,0.0
1_002_20200714_002703(0),1,3band,reinspect,reinspect,0.7119631767272949,6.791735166219115,3,True,0.0
1_002_20200714_002707(5),1,3band,reinspect,reinspect,0.7093144059181213,7.512349745929418,3,True,0.0
1_002_20200714_042619(3),1,3band,reinspect,reinspect,0.7068459391593933,10.617880511416864,3,True,0.0
1_002_20200714_042623(8),1,3band,reinspect,reinspect,0.7148125767707825,17.240089211249096,3,True,0.0
1_002_20200714_042628(4),1,3band,reinspect,reinspect,0.7036185264587402,7.368908754453759,3,True,0.0
1_002_20200714_042632(8),1,3band,reinspect,reinspect,0.7091765403747559,7.41871457476741,3,True,0.0
1_002_20200714_042637(4),1,3band,reinspect,reinspect,0.7151705622673035,6.667577991921828,3,True,0.0
1_002_20200715_002517(9),1,3band,reinspect,reinspect,0.7134910821914673,7.808878832563322,3,True,0.0
1_002_20200715_042354(7),1,3band,reinspect,reinspect,0.7082692980766296,24.12822901445168,3,True,0.0
1_002_20200715_042358(9),1,3band,reinspect,reinspect,0.7104243040084839,12.86018057412705,3,True,0.0
1_002_20200715_042403(5),1,3band,reinspect,reinspect,0.705737292766571,7.5317888399556745,3,True,0.0
1_002_20200715_042408(0),1,3band,reinspect,reinspect,0.7045509815216064,19.14298417000573,3,True,0.0
1_002_20200715_042412(5),1,3band,reinspect,reinspect,0.7086839079856873,7.142035301837203,3,True,0.0
1_002_20200715_042416(9),1,3band,reinspect,reinspect,0.7201434373855591,15.540668238706782,3,True,0.0
1_002_20200715_083116(0),1,3band,reinspect,reinspect,0.7169256210327148,25.12863169007936,3,True,0.0
1_002_20200715_083120(5),1,3band,reinspect,reinspect,0.7159044742584229,24.350160139838003,3,True,0.0
1_002_20200715_083124(9),1,3band,reinspect,reinspect,0.7125496864318848,23.792740820283022,3,True,0.0
1_002_20200715_083129(4),1,3band,reinspect,reinspect,0.711408793926239,8.107456828159627,3,True,0.0
1_002_20200715_083134(0),1,3band,reinspect,reinspect,0.7124624252319336,22.651956704634568,3,True,0.0
1_002_20200715_083138(5),1,3band,reinspect,reinspect,0.7104731798171997,10.90265043595409,3,True,0.0
1_002_20200721_163237(8),1,1band,reject,reject,0.732369065284729,7.657439091893285,1,True,0.0
1_002_20200721_163239(7),1,1band,reject,reject,0.7226133942604065,10.019447420918986,1,True,0.0
1_002_20200721_163244(4),1,1band,reinspect,reinspect,0.7109962105751038,11.299443398552926,1,True,0.0
1_002_20200721_163245(6),1,1band,reject,reject,0.737716555595398,8.08703694628475,1,True,0.0
1_002_20200721_163248(8),1,1band,reinspect,reinspect,0.7170381546020508,8.10193205458398,1,True,0.0
1_002_20200721_163249(9),1,1band,reinspect,reinspect,0.7106835842132568,7.340904111774168,1,True,0.0
1_002_20200721_163253(3),1,1band,reject,reject,0.7481063604354858,8.101193222219065,1,True,0.0
1_002_20200721_163253(9),1,1band,reinspect,reinspect,0.7180251479148865,7.760822958833856,1,True,0.0
1_002_20200721_163257(5),1,1band,reinspect,reinspect,0.7207862734794617,8.367286225726184,1,True,0.0
1_002_20200721_163257(9),1,1band,reject,reject,0.7379888296127319,8.106136270417256,1,True,0.0
1_002_20200721_163301(1),1,1band,reinspect,reinspect,0.7193368077278137,8.321318001924718,1,True,0.0
1_002_20200721_163302(4),1,1band,reject,reject,0.722384512424469,8.961733684528207,1,True,0.0
1_002_20200722_003343(8),1,1band,reject,reject,0.7254742980003357,8.387977307830022,1,True,0.0
1_002_20200722_003354(1),1,1band,reject,reject,0.7369694709777832,7.04583778839155,1,True,0.0
1_002_20200722_043432(7),1,1band,reject,reject,0.7299824357032776,9.295140483460349,1,True,0.0
1_002_20200722_043437(0),1,1band,reject,reject,0.723047137260437,9.275770701949329,1,True,0.0
1_002_20200722_083131(9),1,1band,reinspect,reinspect,0.71088707447052,8.163070510303065,1,True,0.0
1_002_20200722_083136(6),1,1band,reject,reject,0.723322868347168,7.150254483027502,1,True,0.0
1_002_20200722_130939(5),1,1band,reject,reject,0.7263749837875366,8.261190479189104,1,True,0.0
1_002_20200722_130944(0),1,1band,reject,reject,0.7404776215553284,7.476700407102449,1,True,0.0
1_002_20200722_162848(2),1,1band,reinspect,reinspect,0.7138885855674744,11.920619977174015,1,True,0.0
1_002_20200722_162852(6),1,1band,reject,reject,0.7283999919891357,8.301150116443008,1,True,0.0
1_002_20200723_003208(1),1,1band,reinspect,reinspect,0.7215378880500793,6.68303713642227,1,True,0.0
1_002_20200723_003212(6),1,1band,reinspect,reinspect,0.7178279757499695,9.13572515372171,1,True,0.0
1_002_20200723_043256(5),1,1band,reinspect,reinspect,0.7153946757316589,10.649287852227335,1,True,0.0
1_002_20200723_043258(3),1,1band,reinspect,reinspect,0.7216545343399048,7.759800612086391,1,True,0.0
1_002_20200723_082303(8),1,1band,reject,reject,0.7339810132980347,8.005568688654789,1,True,0.0
1_002_20200723_082309(9),1,1band,reject,reject,0.7245398163795471,7.559823494641995,1,True,0.0
1_002_20200723_123129(3),1,1band,reject,reject,0.7400352954864502,7.438353766081267,1,True,0.0
1_002_20200723_123133(9),1,1band,reject,reject,0.7229161262512207,7.905877844337396,1,True,0.0
1_002_20200723_162937(5),1,1band,reject,reject,0.7271726131439209,7.80977447511295,1,True,0.0
1_002_20200723_162948(2),1,1band,reject,reject,0.722933292388916,7.787739883660871,1,True,0.0
1_002_20200723_203129(9),1,1band,reject,reject,0.7297861576080322,7.759622495656628,1,True,0.0
1_002_20200723_203134(3),1,1band,reject,reject,0.730749249458313,7.932877815022698,1,True,0.0
1_002_20200724_003201(9),1,1band,reject,reject,0.7298077940940857,7.811946918523802,1,True,0.0
1_002_20200724_003206(4),1,1band,reinspect,reinspect,0.7148973345756531,8.004260012541954,1,True,0.0
1_002_20200727_091655(1),1,1band,reject,reject,0.7411754131317139,8.845919807596378,1,True,0.0
1_002_20200727_091657(1),1,1band,reinspect,reinspect,0.7196900248527527,7.766591589172067,1,True,0.0
1_002_20200727_110524(7),1,no_band,pass,reinspect,0.0019221088150516,,1,False,1.0
1_002_20200727_110529(6),1,no_band,pass,reinspect,0.0049550738185644,,1,False,1.0
1_002_20200727_110632(2),1,no_band,pass,reinspect,0.0067251161672174,,1,False,1.0
1_002_20200727_110645(7),1,no_band,pass,reinspect,0.0,,1,False,1.0
1_002_20200727_110753(2),1,no_band,pass,reinspect,0.0,,1,False,1.0
1_002_20200727_110806(8),1,no_band,pass,reinspect,0.0,,1,False,1.0
1_002_20200727_110914(3),1,no_band,pass,reinspect,0.0,,1,False,1.0
1_002_20200727_111038(1),1,no_band,pass,reinspect,0.0,,1,False,1.0
1_002_20200727_111132(2),1,no_band,pass,reinspect,0.0,,1,False,1.0
1_002_20200727_111239(7),1,no_band,pass,reinspect,0.0,,1,False,1.0
1_002_20200727_111347(3),1,no_band,pass,reinspect,0.0,,1,False,1.0
1_002_20200727_111441(3),1,no_band,pass,reinspect,0.0,,1,False,1.0
1_002_20200727_111454(8),1,no_band,pass,reinspect,0.0,,1,False,1.0
1_002_20200727_111648(3),1,no_band,pass,reinspect,0.0,,1,False,1.0
1_002_20200727_111742(3),1,no_band,pass,reinspect,0.0,,1,False,1.0
1_002_20200727_111849(9),1,no_band,pass,reinspect,0.0,,1,False,1.0
1_002_20200727_111943(9),1,no_band,pass,reinspect,0.0,,1,False,1.0
1_002_20200727_112037(9),1,no_band,pass,reinspect,0.0,,1,False,1.0
1_002_20200727_112148(2),1,no_band,pass,reinspect,0.0,,1,False,1.0
1_002_20200727_112242(2),1,no_band,pass,reinspect,0.0,,1,False,1.0
1_002_20200727_112336(2),1,no_band,pass,reinspect,0.0,,1,False,1.0
1_002_20200727_112341(2),1,no_band,pass,reinspect,0.0066742966882884,,1,False,1.0
1_002_20200727_112430(3),1,no_band,pass,reinspect,0.0,,1,False,1.0
1_002_20200727_112443(8),1,no_band,pass,reinspect,0.0,,1,False,1.0
1_002_20200727_112537(8),1,no_band,pass,reinspect,0.0022689828183501,,1,False,1.0
1_002_20200727_112631(9),1,no_band,pass,reinspect,0.0,,1,False,1.0
1_002_20200727_112645(4),1,no_band,pass,reinspect,0.0,,1,False,1.0
1_002_20200727_112930(2),1,1band,pass,reinspect,0.0,,1,False,1.0
1_002_20200727_112943(7),1,1band,pass,reinspect,0.0,,1,False,1.0
1_002_20200727_113037(7),1,no_band,pass,reinspect,0.0,,1,False,1.0
1_002_20200727_113131(8),1,no_band,pass,reinspect,0.0,,1,False,1.0
1_002_20200727_113239(4),1,no_band,pass,reinspect,0.0010831077815964,,1,False,1.0
1_002_20200727_113333(4),1,no_band,pass,reinspect,0.0,,1,False,1.0
1_002_20200727_113346(9),1,no_band,pass,reinspect,0.0,,1,False,1.0
1_002_20200727_113747(4),1,1band,pass,reinspect,0.0,,1,False,1.0
1_002_20200727_113854(9),1,no_band,pass,reinspect,0.0,,1,False,1.0
1_002_20200727_113908(4),1,no_band,pass,reinspect,0.0,,1,False,1.0
1_002_20200727_114002(5),1,no_band,pass,reinspect,0.0,,1,False,1.0
1_002_20200727_114016(0),1,no_band,pass,reinspect,0.0,,1,False,1.0
1_002_20200727_114123(5),1,no_band,pass,reinspect,0.0,,1,False,1.0
1_002_20200727_114126(2),1,no_band,pass,reinspect,0.0,,1,False,1.0
1_002_20200727_114220(2),1,no_band,pass,reinspect,0.0,,1,False,1.0
1_002_20200727_114405(6),1,1band,pass,reinspect,0.0,,1,False,1.0
1_002_20200727_114459(7),1,no_band,pass,reinspect,0.0,,1,False,1.0
1_002_20200727_114513(1),1,no_band,pass,reinspect,0.0,,1,False,1.0
1_002_20200727_114607(2),1,no_band,pass,reinspect,0.0,,1,False,1.0
1_002_20200727_114714(8),1,no_band,pass,reinspect,0.0,,1,False,1.0
1_002_20200727_114822(4),1,no_band,pass,reinspect,0.0,,1,False,1.0
1_002_20200727_115040(1),1,1band,pass,reinspect,0.0,,1,False,1.0
1_002_20200727_115147(7),1,no_band,pass,reinspect,0.0,,1,False,1.0
1_002_20200727_115201(2),1,1band,pass,reinspect,0.0,,1,False,1.0
1_002_20200727_115255(2),1,no_band,pass,reinspect,0.0,,1,False,1.0
1_002_20200727_115308(8),1,no_band,pass,reinspect,0.0,,1,False,1.0
1_002_20200727_115402(8),1,no_band,pass,reinspect,0.0,,1,False,1.0
1_002_20200727_115416(3),1,no_band,pass,reinspect,0.0,,1,False,1.0
1_002_20200727_115510(3),1,no_band,pass,reinspect,0.0,,1,False,1.0
1_002_20200727_115526(5),1,no_band,pass,reinspect,0.0,,1,False,1.0
1_002_20200727_115620(5),1,no_band,pass,reinspect,0.0,,1,False,1.0
1_002_20200727_115634(1),1,no_band,pass,reinspect,0.0,,1,False,1.0
1_002_20200727_115728(1),1,no_band,pass,reinspect,0.0,,1,False,1.0
1_002_20200727_115741(6),1,no_band,pass,reinspect,0.0,,1,False,1.0
1_002_20200727_115822(2),1,no_band,pass,reinspect,0.0,,1,False,1.0
1_002_20200727_115835(7),1,no_band,pass,reinspect,0.0,,1,False,1.0
1_002_20200727_115929(8),1,no_band,pass,reinspect,0.0,,1,False,1.0
1_002_20200727_120023(8),1,no_band,pass,reinspect,0.0,,1,False,1.0
1_002_20200727_120134(0),1,no_band,pass,reinspect,0.0,,1,False,1.0
1_002_20200727_120228(0),1,no_band,pass,reinspect,0.0,,1,False,1.0
1_002_20200727_120322(1),1,no_band,pass,reinspect,0.0,,1,False,1.0
1_002_20200727_120429(7),1,no_band,pass,reinspect,0.0,,1,False,1.0
1_002_20200727_120523(7),1,no_band,pass,reinspect,0.0,,1,False,1.0
1_002_20200727_120631(2),1,no_band,pass,reinspect,0.0,,1,False,1.0
1_002_20200727_120835(5),1,1band,pass,reinspect,0.0,,1,False,1.0
1_002_20200727_120943(0),1,no_band,pass,reinspect,0.0,,1,False,1.0
1_002_20200727_121037(1),1,no_band,pass,reinspect,0.0,,1,False,1.0
1_002_20200727_121131(2),1,no_band,pass,reinspect,0.0,,1,False,1.0
1_002_20200727_121144(7),1,no_band,pass,reinspect,0.0,,1,False,1.0
1_002_20200727_121238(7),1,no_band,pass,reinspect,0.0,,1,False,1.0
1_002_20200727_121332(7),1,no_band,pass,reinspect,0.0,,1,False,1.0
1_002_20200727_121537(1),1,no_band,pass,reinspect,0.0,,1,False,1.0
1_002_20200727_121541(9),1,no_band,pass,reinspect,0.001635045511648,,1,False,1.0
1_002_20200727_121631(1),1,no_band,pass,reinspect,0.0,,1,False,1.0
1_002_20200727_121725(1),1,no_band,pass,reinspect,0.0,,1,False,1.0
1_002_20200727_121819(1),1,no_band,pass,reinspect,0.0,,1,False,1.0
1_002_20200727_121913(2),1,no_band,pass,reinspect,0.0,,1,False,1.0
1_002_20200727_121926(7),1,no_band,pass,reinspect,0.0,,1,False,1.0
1_002_20200727_122023(4),1,1band,pass,reinspect,0.0,,1,False,1.0
1_002_20200727_122117(5),1,1band,pass,reinspect,0.0,,1,False,1.0
1_002_20200727_122131(0),1,no_band,pass,reinspect,0.0,,1,False,1.0
1_002_20200727_122225(0),1,no_band,pass,reinspect,0.0,,1,False,1.0
1_002_20200727_122319(0),1,no_band,pass,reinspect,0.0,,1,False,1.0
1_002_20200727_122332(6),1,no_band,pass,reinspect,0.0,,1,False,1.0
1_002_20200727_122413(1),1,no_band,pass,reinspect,0.0,,1,False,1.0
1_002_20200727_122426(6),1,no_band,pass,reinspect,0.0,,1,False,1.0
1_002_20200727_122630(9),1,no_band,pass,reinspect,0.0,,1,False,1.0
1_002_20200727_122724(9),1,1band,pass,reinspect,0.0,,1,False,1.0
1_002_20200727_122819(0),1,no_band,pass,reinspect,0.0,,1,False,1.0
1_002_20200727_122832(5),1,no_band,pass,reinspect,0.0,,1,False,1.0
1_002_20200727_122926(5),1,no_band,pass,reinspect,0.0,,1,False,1.0
1_002_20200727_122940(0),1,no_band,pass,reinspect,0.0,,1,False,1.0
1_002_20200727_123034(0),1,no_band,pass,reinspect,0.0,,1,False,1.0
1_002_20200727_123047(6),1,no_band,pass,reinspect,0.0,,1,False,1.0
1_002_20200727_123141(6),1,no_band,pass,reinspect,0.0,,1,False,1.0
1_002_20200727_123155(1),1,no_band,pass,reinspect,0.0,,1,False,1.0
1_002_20200727_123300(5),1,1band,reject,reject,0.7239472270011902,8.048059400697323,1,True,0.0
1_002_20200727_123306(5),1,1band,reinspect,reinspect,0.6929839849472046,8.1526061866713,1,True,0.0
1_002_20200727_123318(9),1,1band,pass,reinspect,0.0,,1,False,1.0
1_002_20200727_163511(2),1,1band,reinspect,reinspect,0.7102037072181702,7.943219590781641,1,True,0.0
1_002_20200727_163515(3),1,1band,reject,reject,0.7257511615753174,7.345260971299065,1,True,0.0
1_002_20200727_204612(5),1,1band,reinspect,reinspect,0.715202808380127,7.362028716310583,1,True,0.0
1_002_20200727_204634(7),1,1band,reinspect,reinspect,0.7111412286758423,8.425294582242579,1,True,0.0
1_002_20200728_014051(7),1,1band,reinspect,reinspect,0.6991587281227112,7.76217739641121,1,True,0.0
1_002_20200728_014055(8),1,1band,reject,reject,0.73673015832901,7.891048117579927,1,True,0.0
1_002_20200728_043519(6),1,1band,reinspect,reinspect,0.6949306130409241,7.382002854884639,1,True,0.0
1_002_20200728_043558(2),1,1band,reinspect,reinspect,0.6810706853866577,7.408912077497249,1,True,0.0
1_002_20200728_083046(1),1,1band,reject,reject,0.7299416661262512,6.256425162344358,1,True,0.0
1_002_20200728_083049(8),1,1band,reinspect,reinspect,0.7201309204101562,6.175892893202503,1,True,0.0
1_002_20200728_123133(9),1,1band,reject,reject,0.7266237735748291,6.85103686696317,1,True,0.0
1_002_20200728_123137(7),1,1band,reinspect,reinspect,0.7084200382232666,7.074901594015228,1,True,0.0
1_002_20200728_163521(8),1,1band,reinspect,reinspect,0.6958493590354919,10.64543588624199,1,True,0.0
1_002_20200728_163525(0),1,1band,reinspect,reinspect,0.7026432752609253,9.516594543108265,1,True,0.0
1_002_20200810_202919(7),1,1band,reject,reject,0.736582338809967,9.565086887350615,1,True,0.0
1_002_20200810_202923(8),1,1band,reinspect,reinspect,0.7149121165275574,10.681977426785595,1,True,0.0
1_002_20200811_003007(9),1,1band,reject,reject,0.734187662601471,7.565819854308383,1,True,0.0
1_002_20200811_003029(6),1,1band,reject,reject,0.731236457824707,8.976092406319669,1,True,0.0
1_002_20200811_043034(0),1,1band,reject,reject,0.7286630272865295,8.89351155886567,1,True,0.0
1_002_20200811_043038(0),1,1band,reject,reject,0.7334020733833313,6.838026018905075,1,True,0.0
1_002_20200814_032746(6),1,1band,reject,reject,0.7257564663887024,8.357515077431364,1,True,0.0
1_002_20200814_032749(8),1,1band,reject,reject,0.7276086807250977,10.925525125056177,1,True,0.0
1_002_20200814_042920(3),1,1band,reject,reject,0.7330173850059509,10.493214738251643,1,True,0.0
1_002_20200814_042924(9),1,1band,reject,reject,0.7293716669082642,7.711120201873659,1,True,0.0
1_002_20200814_083424(4),1,1band,reject,reject,0.7245631814002991,8.391139970739204,1,True,0.0
1_002_20200814_083428(5),1,1band,reject,reject,0.7361561059951782,8.618250395578809,1,True,0.0
1_002_20200814_123337(2),1,1band,reject,reject,0.7376373410224915,7.16077748034466,1,True,0.0
1_002_20200814_123341(8),1,1band,reject,reject,0.7296785712242126,9.435809785005192,1,True,0.0
1_002_20200814_163500(4),1,1band,reject,reject,0.740257978439331,8.249469706840284,1,True,0.0
1_002_20200814_163506(3),1,1band,reject,reject,0.7314678430557251,10.795939552859458,1,True,0.0
1_002_20200814_203159(5),1,1band,reinspect,reinspect,0.7190198302268982,8.0569703042481,1,True,0.0
1_002_20200814_203205(7),1,1band,reinspect,reinspect,0.6962226033210754,12.463530594746898,1,True,0.0
1_002_20200818_082854(5),1,1band,reject,reject,0.735799252986908,9.44535369949167,1,True,0.0
1_002_20200818_082858(4),1,1band,reinspect,reinspect,0.7189223170280457,9.179166335477252,1,True,0.0
1_002_20200818_123358(2),1,1band,reject,reject,0.7378033995628357,8.286155051085354,1,True,0.0
1_002_20200818_123404(8),1,1band,reject,reject,0.725551187992096,10.18491363375441,1,True,0.0
1_002_20200818_162920(4),1,1band,reject,reject,0.7267026305198669,10.655724552890584,1,True,0.0
1_002_20200818_162926(0),1,1band,reject,reject,0.7277459502220154,10.17973831858401,1,True,0.0
1_002_20200818_203120(5),1,1band,reject,reject,0.7230400443077087,7.442360091788695,1,True,0.0
1_002_20200818_203125(0),1,1band,reject,reject,0.7360533475875854,8.202493467101807,1,True,0.0
1_002_20200819_003332(8),1,1band,reject,reject,0.7226162552833557,11.955944784892477,1,True,0.0
1_002_20200819_003335(8),1,1band,reject,reject,0.7250106334686279,11.74278021730546,1,True,0.0
1_002_20200819_043606(7),1,1band,reinspect,reinspect,0.7166888117790222,10.604773400610103,1,True,0.0
1_002_20200819_043611(2),1,1band,reject,reject,0.7266783714294434,11.238466413118001,1,True,0.0
1_002_20200819_083137(5),1,1band,reinspect,reinspect,0.716944694519043,11.102082300855635,1,True,0.0
1_002_20200819_083145(2),1,1band,reject,reject,0.7256877422332764,8.359564259694846,1,True,0.0
1_002_20200819_124134(7),1,1band,reject,reject,0.727946400642395,7.153500118004241,1,True,0.0
1_002_20200819_124140(8),1,1band,reinspect,reinspect,0.7206966876983643,10.378945668394092,1,True,0.0
1_002_20200819_162347(4),1,1band,reject,reject,0.7255314588546753,7.033264442001543,1,True,0.0
1_002_20200819_162352(0),1,1band,reject,reject,0.7266988158226013,8.562287283660543,1,True,0.0
1_002_20200821_150301(4),1,1band,reject,reject,0.7280851006507874,10.344059810259608,1,True,0.0
1_002_20200821_150305(3),1,1band,reject,reject,0.7237638831138611,8.303060056818289,1,True,0.0
1_002_20200821_163620(7),1,1band,reject,reject,0.741619348526001,7.759398855726936,1,True,0.0
1_002_20200821_163624(8),1,1band,reinspect,reinspect,0.7179403901100159,8.335354619803747,1,True,0.0
1_002_20200821_203950(2),1,1band,reinspect,reinspect,0.7159867286682129,8.731423859791358,1,True,0.0
1_002_20200821_203953(0),1,1band,reinspect,reinspect,0.716184675693512,7.796604191365089,1,True,0.0
1_002_20200826_023155(3),1,1band,reject,reject,0.7239243388175964,12.667861521521173,1,True,0.0
1_002_20200826_023200(9),1,1band,reject,reject,0.7422369122505188,9.050993232446803,1,True,0.0
1_002_20200826_043121(8),1,1band,reject,reject,0.736670196056366,6.918910397927106,1,True,0.0
1_002_20200826_043125(8),1,1band,reinspect,reinspect,0.7154049277305603,7.671191458780977,1,True,0.0
1_002_20200826_123052(0),1,1band,reject,reject,0.7426091432571411,9.17295437649658,1,True,0.0
1_002_20200826_123059(6),1,1band,reject,reject,0.7303730845451355,7.3296050330873515,1,True,0.0
1_002_20200827_162026(7),1,1band,reject,reject,0.7304157018661499,7.6144295721361965,1,True,0.0
1_002_20200827_162032(0),1,1band,reinspect,reinspect,0.7160995602607727,8.62829384625894,1,True,0.0
1_002_20200831_083541(7),1,1band,reinspect,reinspect,0.7180224061012268,7.719780828028447,1,True,0.0
1_002_20200831_083545(0),1,1band,reject,reject,0.7300649881362915,10.086559724078262,1,True,0.0
1_002_20200831_123127(7),1,1band,reinspect,reinspect,0.7023261189460754,7.844447255309266,1,True,0.0
1_002_20200831_123134(5),1,1band,reinspect,reinspect,0.7202710509300232,15.273923751337819,1,True,0.0
1_002_20200831_163123(9),1,1band,reject,reject,0.7361930012702942,7.382493678218275,1,True,0.0
1_002_20200831_163130(0),1,1band,reject,reject,0.7366435527801514,8.17651951565318,1,True,0.0
1_002_20200831_203044(7),1,1band,reject,reject,0.7308635115623474,8.334323676840482,1,True,0.0
1_002_20200831_203049(3),1,1band,reject,reject,0.7251809239387512,7.325919156773934,1,True,0.0
1_002_20200901_003102(0),1,1band,reject,reject,0.7244946956634521,8.573532287500981,1,True,0.0
1_002_20200901_003105(0),1,1band,reject,reject,0.725040078163147,7.874786982759827,1,True,0.0
1_002_20200901_003108(0),1,1band,reject,reject,0.7398936748504639,8.10613863496295,1,True,0.0
1_002_20200901_003111(0),1,1band,reject,reject,0.7323313355445862,9.167138031971083,1,True,0.0
1_002_20200901_003114(0),1,1band,reject,reject,0.7289852499961853,8.341047637398994,1,True,0.0
1_002_20200901_003117(0),1,1band,reject,reject,0.7301433086395264,7.950175883802319,1,True,0.0
1_002_20200901_043047(9),1,1band,reject,reject,0.7430103421211243,8.018123659291838,1,True,0.0
1_002_20200901_043050(9),1,1band,reject,reject,0.7293241620063782,7.1916376866503375,1,True,0.0
1_002_20200901_043055(4),1,1band,reinspect,reinspect,0.7164650559425354,8.040446235946437,1,True,0.0
1_002_20200901_043058(4),1,1band,reinspect,reinspect,0.7173948884010315,8.03609702673321,1,True,0.0
1_002_20200901_043104(4),1,1band,reinspect,reinspect,0.7216909527778625,7.7505321868607915,1,True,0.0
1_002_20200901_083206(9),1,1band,reinspect,reinspect,0.7043611407279968,7.716390547589227,1,True,0.0
1_002_20200901_083213(5),1,1band,reinspect,reinspect,0.715049684047699,7.73724160740552,1,True,0.0
1_002_20200901_083714(2),1,1band,reject,reject,0.7388913631439209,8.621224976087175,1,True,0.0
1_002_20200901_083717(4),1,1band,reject,reject,0.7387740015983582,8.173647271524665,1,True,0.0
1_002_20200901_083721(9),1,1band,reject,reject,0.7252991199493408,10.496489602818077,1,True,0.0
1_002_20200901_083726(4),1,1band,reject,reject,0.7350172400474548,8.108583185968017,1,True,0.0
1_002_20200901_083730(8),1,1band,reinspect,reinspect,0.7134883403778076,7.836784165644011,1,True,0.0
1_002_20200901_083735(4),1,1band,reject,reject,0.7233136892318726,7.277425119950499,1,True,0.0
1_002_20200901_123248(2),1,1band,reject,reject,0.7393422722816467,7.728596082032253,1,True,0.0
1_002_20200901_123251(2),1,1band,reject,reject,0.734474778175354,7.766504180951061,1,True,0.0
1_002_20200901_123256(0),1,1band,reinspect,reinspect,0.7169714570045471,7.672461079560654,1,True,0.0
1_002_20200901_123300(3),1,1band,reinspect,reinspect,0.7157036662101746,8.7418494330231,1,True,0.0
1_002_20200901_123304(6),1,1band,reject,reject,0.7275083661079407,7.717654282167152,1,True,0.0
1_002_20200901_123309(1),1,1band,reject,reject,0.7375561594963074,8.675641625902921,1,True,0.0
1_002_20200901_190126(8),1,1band,reject,reject,0.7302436232566833,7.281988561648754,1,True,0.0
1_002_20200901_190132(2),1,1band,reject,reject,0.7230414152145386,7.947145457110734,1,True,0.0
1_002_20200901_190331(8),1,1band,reinspect,reinspect,0.7098116278648376,13.812109895879077,1,True,0.0
1_002_20200901_190334(8),1,1band,reinspect,reinspect,0.7059653401374817,8.432979312258249,1,True,0.0
1_002_20200901_190337(5),1,1band,reinspect,reinspect,0.7179554104804993,9.566655210938174,1,True,0.0
1_002_20200901_190344(1),1,1band,reject,reject,0.733569860458374,7.944609541273621,1,True,0.0
1_002_20200901_203149(6),1,1band,reject,reject,0.7455344200134277,8.137236370586885,1,True,0.0
1_002_20200901_203156(2),1,1band,reject,reject,0.7308589816093445,7.509576994909154,1,True,0.0
1_002_20200901_203200(2),1,1band,reject,reject,0.7404425740242004,8.113773866631522,1,True,0.0
1_002_20200901_203204(5),1,1band,reject,reject,0.7279950976371765,8.31774919981104,1,True,0.0
1_002_20200901_203208(8),1,1band,reject,reject,0.7224893569946289,9.130860682594763,1,True,0.0
1_002_20200901_203213(2),1,1band,reject,reject,0.7226795554161072,7.736684395581114,1,True,0.0
1_002_20200902_003106(3),1,1band,reinspect,reinspect,0.7139036059379578,7.552027323755035,1,True,0.0
1_002_20200902_003115(0),1,1band,reinspect,reinspect,0.7143447995185852,10.657395989748277,1,True,0.0
1_002_20200902_003119(5),1,1band,reinspect,reinspect,0.7151376605033875,7.506420618607399,1,True,0.0
1_002_20200902_003123(6),1,1band,reinspect,reinspect,0.7068556547164917,9.947677864613581,1,True,0.0
1_002_20200902_003127(7),1,1band,reject,reject,0.7313191294670105,8.062780809163012,1,True,0.0
1_002_20200902_003132(0),1,1band,reject,reject,0.7286493182182312,8.64268041956708,1,True,0.0
1_002_20200902_043107(7),1,1band,reject,reject,0.7254170775413513,7.662113344353099,1,True,0.0
1_002_20200902_043112(1),1,1band,reject,reject,0.7290982604026794,7.613053934624871,1,True,0.0
1_002_20200902_043116(4),1,3band,reinspect,reinspect,0.7219803929328918,8.432040530417773,1,True,0.0
1_002_20200902_043120(6),1,1band,reject,reject,0.7234899997711182,8.272562693272587,1,True,0.0
1_002_20200902_043124(9),1,3band,reinspect,reinspect,0.7182652950286865,9.921601084266458,1,True,0.0
1_002_20200902_043129(2),1,1band,reinspect,reinspect,0.7144103646278381,10.233123069038662,1,True,0.0
1_002_20200902_082600(3),1,1band,reject,reject,0.7356907725334167,8.156441330155713,1,True,0.0
1_002_20200902_082609(0),1,1band,reject,reject,0.7259834408760071,8.002045109206232,1,True,0.0
1_002_20200902_082613(2),1,1band,reject,reject,0.741455614566803,8.785730302370064,1,True,0.0
1_002_20200902_082621(8),1,1band,reject,reject,0.7299128770828247,8.398547353798147,1,True,0.0
1_002_20200902_082626(3),1,1band,reinspect,reinspect,0.7219719886779785,7.979561628557403,1,True,0.0
1_002_20200902_082638(8),1,1band,reject,reject,0.7380935549736023,7.70349117507487,1,True,0.0
1_002_20200904_230034(7),1,1band,reject,reject,0.7231768369674683,10.583094089897807,3,True,0.6666666666666666
1_002_20200904_230038(7),1,1band,reject,reject,0.7285618185997009,7.331501456353884,3,True,0.6666666666666666
1_002_20200904_230042(8),1,1band,reinspect,reinspect,0.7184833288192749,10.658713149961281,2,False,1.0
1_002_20200904_230047(1),1,1band,reinspect,reinspect,0.691813588142395,8.422981563971595,2,False,1.0
1_002_20200904_230050(8),1,1band,reject,reject,0.739069402217865,7.566548535244352,3,True,0.6666666666666666
1_002_20200904_230054(7),1,1band,reinspect,reinspect,0.7162554264068604,8.256801706403614,3,True,0.6666666666666666
1_002_20200904_230301(9),1,1band,reinspect,reinspect,0.7115699052810669,7.983757261397767,1,True,0.0
1_002_20200904_230305(2),1,1band,reject,reject,0.7321738600730896,8.216365408504737,1,True,0.0
1_002_20200904_230308(3),1,1band,reject,reject,0.7283614873886108,9.180512669334854,1,True,0.0
1_002_20200904_230314(3),1,1band,reject,reject,0.7325059175491333,8.536020487010735,1,True,0.0
1_002_20200904_230345(2),1,1band,reject,reject,0.7467030882835388,7.899420502299904,1,True,0.0
1_002_20200904_230349(3),1,1band,reinspect,reinspect,0.713714063167572,8.050996686612287,1,True,0.0
1_002_20200905_003146(9),1,1band,reject,reject,0.7343806028366089,7.353591668138679,1,True,0.0
1_002_20200905_003154(8),1,1band,reject,reject,0.7303503155708313,8.03008882401125,1,True,0.0
1_002_20200905_003158(8),1,1band,reinspect,reinspect,0.7194902896881104,7.981406809813614,1,True,0.0
1_002_20200905_003202(9),1,1band,reinspect,reinspect,0.7081891298294067,10.127133796867707,1,True,0.0
1_002_20200905_003210(8),1,1band,reject,reject,0.7404999732971191,10.788879642398948,1,True,0.0
1_002_20200905_003220(7),1,1band,reinspect,reinspect,0.7101719379425049,12.555179633760773,1,True,0.0
1_002_20200905_043116(7),1,1band,reject,reject,0.7297229766845703,7.907102685304636,1,True,0.0
1_002_20200905_043119(3),1,1band,reinspect,reinspect,0.7018986940383911,8.277209436496415,1,True,0.0
1_002_20200905_043122(0),1,1band,reinspect,reinspect,0.7100657224655151,8.22846454109517,1,True,0.0
1_002_20200905_043124(6),1,1band,reject,reject,0.7382878065109253,7.945622900514993,1,True,0.0
1_002_20200905_043129(6),1,1band,reinspect,reinspect,0.6900591850280762,8.594924185434271,1,True,0.0
1_002_20200905_043135(3),1,1band,reinspect,reinspect,0.7021276950836182,14.382281050980158,1,True,0.0
1_002_20200905_083100(6),1,1band,reinspect,reinspect,0.7186217904090881,7.680476401981353,1,True,0.0
1_002_20200905_083104(6),1,1band,reinspect,reinspect,0.7125465869903564,7.49176468699311,1,True,0.0
1_002_20200905_083116(7),1,1band,reject,reject,0.7325505614280701,7.623100373095572,1,True,0.0
1_002_20200905_083120(6),1,1band,reject,reject,0.7255322337150574,7.662365863724628,1,True,0.0
1_002_20200905_083124(7),1,1band,reject,reject,0.7419688105583191,7.9031052057094735,1,True,0.0
1_002_20200905_083134(7),1,1band,reject,reject,0.7317880392074585,8.276796894960205,1,True,0.0
1_002_20200905_123051(5),1,1band,reinspect,reinspect,0.7013152837753296,8.163887064547408,1,True,0.0
1_002_20200905_123055(5),1,1band,reject,reject,0.7296093702316284,9.244182710798228,1,True,0.0
1_002_20200905_123059(6),1,1band,reinspect,reinspect,0.6980825066566467,7.933488795213326,1,True,0.0
1_002_20200907_204657(8),1,1band,reject,reject,0.7251121401786804,7.949823409045165,1,True,0.0
1_002_20200908_003259(2),1,1band,reject,reject,0.7267026305198669,7.908997710057724,1,True,0.0
1_002_20200908_003303(8),1,1band,reject,reject,0.7439194321632385,7.984130346071867,1,True,0.0
1_002_20200908_003308(2),1,1band,reject,reject,0.7293494343757629,7.558378526512214,1,True,0.0
1_002_20200908_003312(9),1,1band,reinspect,reinspect,0.7150263786315918,9.090073580320555,1,True,0.0
1_002_20200908_003321(8),1,1band,reject,reject,0.7330932021141052,8.17375234775273,1,True,0.0
1_002_20200908_003330(9),1,1band,reject,reject,0.7309415340423584,8.20337051625067,1,True,0.0
1_002_20200908_043104(3),1,1band,reject,reject,0.7376425266265869,7.626902377660213,1,True,0.0
1_002_20200908_043108(7),1,1band,reinspect,reinspect,0.7199179530143738,7.577036337632267,1,True,0.0
1_002_20200908_043113(2),1,1band,reinspect,reinspect,0.718862771987915,8.080770406136972,1,True,0.0
1_002_20200908_043117(6),1,1band,reinspect,reinspect,0.7092773914337158,8.525798964897303,1,True,0.0
1_002_20200908_043122(1),1,1band,reject,reject,0.7242000699043274,8.054832345013503,1,True,0.0
1_002_20200908_043126(7),1,1band,reinspect,reinspect,0.7177854776382446,8.472211848920397,1,True,0.0
1_002_20200912_021405(0),1,1band,reject,reject,0.7437538504600525,8.107140504442269,1,True,0.0
1_002_20200912_021411(6),1,1band,reject,reject,0.7274395227432251,7.912755050621581,1,True,0.0
1_002_20200912_021417(8),1,1band,reject,reject,0.7314491868019104,9.388854914231159,1,True,0.0
1_002_20200912_021420(7),1,1band,reinspect,reinspect,0.7104349136352539,8.073144641933986,1,True,0.0
1_002_20200912_021423(8),1,1band,reject,reject,0.7371934056282043,7.955207309723426,1,True,0.0
1_002_20200912_021430(0),1,1band,reject,reject,0.7365845441818237,10.370622024406764,1,True,0.0
1_002_20200912_043042(7),1,1band,reject,reject,0.7307456731796265,8.25263542994099,1,True,0.0
1_002_20200912_043047(4),1,1band,reject,reject,0.7283141016960144,8.024163264682919,1,True,0.0
1_002_20200912_043051(8),1,1band,reinspect,reinspect,0.7204403281211853,11.78410645056823,1,True,0.0
1_002_20200912_043056(4),1,1band,reject,reject,0.7289425730705261,7.639839402539031,1,True,0.0
1_002_20200912_043105(3),1,1band,reject,reject,0.7314817905426025,8.786843412657882,1,True,0.0
1_002_20200912_043123(2),1,1band,reject,reject,0.7231229543685913,7.635438290040459,1,True,0.0
1_002_20200912_123204(6),1,1band,reject,reject,0.7300220727920532,7.532421931532335,1,True,0.0
1_002_20200912_123207(7),1,1band,reject,reject,0.7483733296394348,8.264082120171953,1,True,0.0
1_002_20200912_123210(6),1,1band,reinspect,reinspect,0.7118696570396423,9.008737243557066,1,True,0.0
1_002_20200912_123216(4),1,1band,reject,reject,0.7339404225349426,7.628581830343283,1,True,0.0
1_002_20200912_123219(3),1,1band,reinspect,reinspect,0.7206808924674988,7.6044308015086255,1,True,0.0
1_002_20200912_123222(2),1,1band,reject,reject,0.7304444313049316,9.394080999370926,1,True,0.0
1_002_20200912_163052(9),1,1band,reject,reject,0.7451278567314148,7.279915978795843,1,True,0.0
1_002_20200912_163058(9),1,1band,reject,reject,0.7277714610099792,7.514110013835788,1,True,0.0
1_002_20200912_163101(7),1,1band,reject,reject,0.7312039136886597,7.564822550869219,1,True,0.0
1_002_20200912_163104(6),1,1band,reinspect,reinspect,0.7175114154815674,8.192920245544075,1,True,0.0
1_002_20200912_163113(5),1,1band,reinspect,reinspect,0.715722918510437,7.9561429182043,1,True,0.0
1_002_20200912_163116(5),1,1band,reject,reject,0.7503003478050232,7.717342987185523,1,True,0.0
1_002_20200912_202615(3),1,1band,reject,reject,0.7320459485054016,7.95092185026204,1,True,0.0
1_002_20200912_202619(7),1,1band,reject,reject,0.727453351020813,8.39825905940897,1,True,0.0
1_002_20200912_202628(8),1,1band,reject,reject,0.7483271360397339,9.404207837078937,1,True,0.0
1_002_20200912_202633(1),1,1band,reinspect,reinspect,0.7114202976226807,9.053667552121356,1,True,0.0
1_002_20200912_202637(8),1,1band,reject,reject,0.7482876181602478,8.634441996944918,1,True,0.0
1_002_20200912_202646(7),1,1band,reject,reject,0.731220543384552,8.438678449053016,1,True,0.0
1_002_20200914_082846(9),1,1band,reject,reject,0.7375404238700867,10.479284630731572,1,True,0.0
1_002_20200914_082856(2),1,1band,reject,reject,0.7382581233978271,8.289896964798208,1,True,0.0
1_002_20200914_082904(6),1,1band,reject,reject,0.7329679131507874,10.104472302488064,1,True,0.0
1_002_20200914_082910(5),1,1band,reject,reject,0.7395914196968079,7.594330793872358,1,True,0.0
1_002_20200914_082918(3),1,1band,reject,reject,0.7350072264671326,7.936114360621611,1,True,0.0
1_002_20200914_082925(8),1,1band,reject,reject,0.7247337102890015,8.017513694743867,1,True,0.0
1_002_20200914_123926(8),1,1band,reinspect,reinspect,0.7205049991607666,8.830668273423266,1,True,0.0
1_002_20200914_123931(3),1,1band,reject,reject,0.7243231534957886,7.795131748699814,1,True,0.0
1_002_20200914_123935(7),1,1band,reject,reject,0.7268862724304199,7.963661470870589,1,True,0.0
1_002_20200914_123940(1),1,1band,reject,reject,0.7289644479751587,9.822791000668712,1,True,0.0
1_002_20200914_123944(7),1,1band,reinspect,reinspect,0.7186775207519531,8.391983233861533,1,True,0.0
1_002_20200914_123949(5),1,1band,reinspect,reinspect,0.7043323516845703,8.163932679696892,1,True,0.0
1_002_20200914_163056(7),1,1band,reject,reject,0.7336373329162598,8.180191341484074,1,True,0.0
1_002_20200914_163101(1),1,1band,reject,reject,0.7308556437492371,7.890855320241522,1,True,0.0
1_002_20200914_163105(7),1,1band,reject,reject,0.7386749982833862,7.770536107812349,1,True,0.0
1_002_20200914_163110(1),1,1band,reject,reject,0.7395128011703491,7.689180007505867,1,True,0.0
1_002_20200914_163114(5),1,1band,reject,reject,0.7323391437530518,7.4082913152285705,1,True,0.0
1_002_20200914_163119(3),1,1band,reinspect,reinspect,0.7148528099060059,11.136993444805888,1,True,0.0
1_002_20200914_202928(5),1,1band,reinspect,reinspect,0.715200662612915,7.622147750858214,1,True,0.0
1_002_20200914_202931(6),1,1band,reject,reject,0.72547447681427,7.71043569048502,1,True,0.0
1_002_20200914_202934(5),1,1band,reject,reject,0.7238792181015015,7.798917268513597,1,True,0.0
1_002_20200914_202937(6),1,1band,reject,reject,0.7403771877288818,7.615125241292127,1,True,0.0
1_002_20200914_202943(5),1,1band,reinspect,reinspect,0.7192049622535706,7.908305693657039,1,True,0.0
1_002_20200914_202948(1),1,1band,reinspect,reinspect,0.7030925750732422,8.257276619268362,1,True,0.0
1_002_20200915_003458(4),1,1band,reinspect,reinspect,0.7106910943984985,10.123335695196987,1,True,0.0
1_002_20200915_003505(7),1,1band,reject,reject,0.7357462644577026,8.671622368840744,1,True,0.0
1_002_20200915_003510(7),1,1band,reinspect,reinspect,0.7182790040969849,7.629497051365014,1,True,0.0
1_002_20200915_003515(6),1,1band,reinspect,reinspect,0.7079028487205505,9.772245728619687,1,True,0.0
1_002_20200915_003523(1),1,1band,reject,reject,0.7468473315238953,8.31828824440603,1,True,0.0
1_002_20200915_003532(1),1,1band,reinspect,reinspect,0.7152782082557678,10.329507038538873,1,True,0.0
1_002_20200915_043352(7),1,1band,reject,reject,0.7459294199943542,8.29729787561528,1,True,0.0
1_002_20200915_043355(3),1,1band,reject,reject,0.7332236170768738,7.676700053518203,1,True,0.0
1_002_20200915_043358(1),1,1band,reinspect,reinspect,0.7092365026473999,8.46740537898752,1,True,0.0
1_002_20200915_043401(0),1,1band,reject,reject,0.725672721862793,7.336757006843501,1,True,0.0
1_002_20200915_043406(9),1,1band,reinspect,reinspect,0.7172397375106812,9.008082699532787,1,True,0.0
1_002_20200915_043416(7),1,1band,reject,reject,0.723874032497406,10.30618670534284,1,True,0.0
1_002_20200915_083053(7),1,1band,reject,reject,0.7341324090957642,7.680930804594816,1,True,0.0
1_002_20200915_083056(7),1,1band,reject,reject,0.7280380129814148,7.463153435156082,1,True,0.0
1_002_20200915_083101(1),1,1band,reinspect,reinspect,0.7161518931388855,8.48515782010302,1,True,0.0
1_002_20200915_083104(1),1,1band,reject,reject,0.7424811720848083,8.096811642606452,1,True,0.0
1_002_20200915_083107(1),1,1band,reject,reject,0.7306691408157349,8.258144187369876,1,True,0.0
1_002_20200915_083117(6),1,1band,reinspect,reinspect,0.7208070158958435,9.328549173055109,1,True,0.0
1_002_20200915_123113(2),1,3band,reinspect,reinspect,0.7062537670135498,9.45340859158511,1,True,0.0
1_002_20200915_123117(6),1,1band,reinspect,reinspect,0.7098692059516907,7.447272446588253,1,True,0.0
1_002_20200915_123126(5),1,1band,reinspect,reinspect,0.7170372009277344,7.686983838165875,1,True,0.0
1_002_20200915_123131(1),1,1band,reject,reject,0.7288551926612854,10.58902772463415,1,True,0.0
1_002_20200915_123135(7),1,1band,reject,reject,0.7447263598442078,8.091932562832024,1,True,0.0
1_002_20200915_123140(1),1,1band,reject,reject,0.727998673915863,10.596525652662232,1,True,0.0
1_002_20200915_163129(0),1,1band,reject,reject,0.7227751016616821,9.853212996279415,1,True,0.0
1_002_20200915_163133(5),1,1band,reject,reject,0.7388784885406494,7.620230652902427,1,True,0.0
1_002_20200915_163144(0),1,1band,reject,reject,0.7339538335800171,7.796648816778893,1,True,0.0
1_002_20200915_163154(5),1,1band,reject,reject,0.7230222821235657,7.213279007093843,1,True,0.0
1_002_20200915_163158(9),1,1band,reject,reject,0.7323262095451355,7.6370664889160365,1,True,0.0
1_002_20200915_163203(4),1,1band,reinspect,reinspect,0.7143805623054504,8.26925380262944,1,True,0.0
1_002_20200915_203209(5),1,1band,reinspect,reinspect,0.7167823314666748,7.765779196369507,1,True,0.0
1_002_20200915_203212(5),1,1band,reject,reject,0.734481930732727,9.708642867661018,1,True,0.0
1_002_20200915_203215(5),1,1band,reject,reject,0.7453123927116394,8.273635713295372,1,True,0.0
1_002_20200915_203218(5),1,1band,reinspect,reinspect,0.7208505868911743,10.019773433783486,1,True,0.0
1_002_20200915_203224(4),1,1band,reinspect,reinspect,0.7221725583076477,8.069194668188556,1,True,0.0
1_002_20200915_203229(1),1,1band,reject,reject,0.7389761805534363,8.38241921967173,1,True,0.0
1_002_20200916_003104(1),1,1band,reinspect,reinspect,0.7055138349533081,8.518782559139122,1,True,0.0
1_002_20200916_003107(1),1,1band,reinspect,reinspect,0.719880998134613,7.99879929738234,1,True,0.0
1_002_20200916_003110(0),1,1band,reinspect,reinspect,0.7051281332969666,7.634851556420415,1,True,0.0
1_002_20200916_003113(0),1,1band,reinspect,reinspect,0.7099135518074036,7.8534387713632245,1,True,0.0
1_002_20200916_003115(9),1,1band,reinspect,reinspect,0.7165621519088745,7.952090996193149,1,True,0.0
1_002_20200916_003118(8),1,1band,reinspect,reinspect,0.7202218174934387,9.855595533835181,1,True,0.0
1_002_20200916_043147(8),1,1band,reinspect,reinspect,0.7160730361938477,8.39298968170757,1,True,0.0
1_002_20200916_043150(7),1,1band,reinspect,reinspect,0.7000980973243713,8.37091032147766,1,True,0.0
1_002_20200916_043153(7),1,1band,reject,reject,0.72421795129776,7.7133225014832965,1,True,0.0
1_002_20200916_043156(6),1,1band,reject,reject,0.7261785864830017,8.70358691710497,1,True,0.0
1_002_20200916_043202(6),1,1band,reinspect,reinspect,0.7048014402389526,7.930404453667206,1,True,0.0
1_002_20200916_043211(3),1,1band,reinspect,reinspect,0.705890417098999,7.730859946037551,1,True,0.0
1_002_20200916_083037(0),1,1band,reject,reject,0.7355000972747803,8.359989137930675,1,True,0.0
1_002_20200916_083045(8),1,1band,reject,reject,0.7247523069381714,8.043440655184837,1,True,0.0
1_002_20200916_083050(2),1,1band,reinspect,reinspect,0.7053487300872803,9.231612245587494,1,True,0.0
1_002_20200916_083057(6),1,1band,reinspect,reinspect,0.7176971435546875,7.984761942723876,1,True,0.0
1_002_20200916_083106(3),1,1band,reject,reject,0.7397333979606628,8.17050487410891,1,True,0.0
1_002_20200916_083126(7),1,1band,reject,reject,0.7306556105613708,7.7978587814805636,1,True,0.0
1_002_20200916_122636(6),1,1band,reject,reject,0.7381991744041443,7.872325966629616,1,True,0.0
1_002_20200916_122641(1),1,1band,reinspect,reinspect,0.7211438417434692,8.852678073602329,1,True,0.0
1_002_20200916_122645(6),1,1band,reject,reject,0.7334920763969421,7.611295458127902,1,True,0.0
1_002_20200916_122650(1),1,1band,reject,reject,0.7407956123352051,7.813817908283304,1,True,0.0
1_002_20200916_122654(7),1,1band,reject,reject,0.7294154763221741,9.636349142433543,1,True,0.0
1_002_20200916_122659(2),1,1band,reinspect,reinspect,0.717003345489502,8.067185686482002,1,True,0.0
1_002_20200916_203122(3),1,1band,reject,reject,0.734394371509552,8.997800964397781,1,True,0.0
1_002_20200916_203126(3),1,1band,reject,reject,0.7442114353179932,8.151726844349243,1,True,0.0
1_002_20200916_203130(2),1,1band,reject,reject,0.7294012308120728,10.12821136946017,1,True,0.0
1_002_20200916_203134(2),1,1band,reinspect,reinspect,0.7072941064834595,7.5842337293341515,1,True,0.0
1_002_20200916_203138(2),1,1band,reject,reject,0.7277817726135254,9.587154278850214,1,True,0.0
1_002_20200916_203142(2),1,1band,reject,reject,0.7462372183799744,8.343533761397092,1,True,0.0
1_002_20200917_003202(9),1,1band,reinspect,reinspect,0.6931531429290771,8.759296399887017,1,True,0.0
1_002_20200917_003206(8),1,1band,reject,reject,0.7367362380027771,11.317664318662175,1,True,0.0
1_002_20200917_003210(8),1,1band,reject,reject,0.7363298535346985,8.48921727544199,1,True,0.0
1_002_20200917_003214(8),1,1band,reject,reject,0.7246391177177429,9.65602025543207,1,True,0.0
1_002_20200917_003218(8),1,1band,reject,reject,0.7297263741493225,8.05632443025032,1,True,0.0
1_002_20200917_003222(9),1,1band,reinspect,reinspect,0.7121776342391968,7.734289919616763,1,True,0.0
1_002_20200917_043057(1),1,1band,reject,reject,0.7313569784164429,8.080225105842175,1,True,0.0
1_002_20200917_043101(1),1,1band,reinspect,reinspect,0.7164966464042664,7.8554848421832,1,True,0.0
1_002_20200917_043105(2),1,1band,reject,reject,0.7308389544487,10.496835639973545,1,True,0.0
1_002_20200917_043109(1),1,1band,reinspect,reinspect,0.7216060161590576,8.212431488177309,1,True,0.0
1_002_20200917_043113(2),1,1band,reject,reject,0.7343011498451233,9.552801981901261,1,True,0.0
1_002_20200917_043117(2),1,1band,reject,reject,0.7339761853218079,8.199443036456904,1,True,0.0
1_002_20200917_083653(7),1,1band,reject,reject,0.7336492538452148,7.94987976295011,1,True,0.0
1_002_20200917_083659(5),1,1band,reject,reject,0.7298023700714111,7.988629247101464,1,True,0.0
1_002_20200917_083703(5),1,1band,reject,reject,0.7378827929496765,8.155403604687127,1,True,0.0
1_002_20200917_083707(4),1,1band,reject,reject,0.727856457233429,11.878658358325472,1,True,0.0
1_002_20200917_083711(6),1,1band,reject,reject,0.7261943221092224,7.8900637835366165,1,True,0.0
1_002_20200917_083721(4),1,1band,reinspect,reinspect,0.7214682698249817,7.9972092832615935,1,True,0.0
1_002_20200917_123052(0),1,1band,reject,reject,0.7359621524810791,8.474227690410252,1,True,0.0
1_002_20200917_123056(0),1,1band,reject,reject,0.735166609287262,8.448065063034614,1,True,0.0
1_002_20200917_123100(0),1,1band,reject,reject,0.7407586574554443,8.22029013791142,1,True,0.0
1_002_20200917_123116(1),1,1band,reject,reject,0.7265969514846802,7.902926916216286,1,True,0.0
1_002_20200917_123120(2),1,1band,reject,reject,0.7285258173942566,7.2295010092525605,1,True,0.0
1_002_20200917_123124(2),1,1band,reinspect,reinspect,0.7076255679130554,8.264264890956827,1,True,0.0
1_002_20200917_162809(7),1,1band,reject,reject,0.726223349571228,7.777263977415647,1,True,0.0
1_002_20200917_162813(7),1,1band,reject,reject,0.744749903678894,7.15010684120954,1,True,0.0
1_002_20200917_162817(7),1,1band,reject,reject,0.7278358340263367,7.779717699840917,1,True,0.0
1_002_20200917_162821(7),1,1band,reject,reject,0.7436270117759705,7.8707960489831015,1,True,0.0
1_002_20200917_162825(6),1,1band,reject,reject,0.7232027649879456,8.558192613108304,1,True,0.0
1_002_20200917_162829(8),1,1band,reject,reject,0.7261277437210083,7.601842283453626,1,True,0.0
1_002_20200917_202944(0),1,1band,reject,reject,0.7376785278320312,9.167611231818372,1,True,0.0
1_002_20200917_202952(6),1,1band,reject,reject,0.7398822903633118,7.724686562609763,1,True,0.0
1_002_20200917_202955(7),1,1band,reject,reject,0.7314358353614807,7.7584583899192925,1,True,0.0
1_002_20200917_202958(6),1,1band,reinspect,reinspect,0.7115228772163391,7.662432792066458,1,True,0.0
1_002_20200917_203001(5),1,1band,reject,reject,0.7358142733573914,7.4211796630553675,1,True,0.0
1_002_20200917_203004(3),1,1band,reject,reject,0.7306764721870422,10.590822678090968,1,True,0.0
1_002_20200918_003438(7),1,1band,reject,reject,0.7391982078552246,10.752985374462428,1,True,0.0
1_002_20200918_003442(6),1,1band,reinspect,reinspect,0.7151917219161987,7.635378641753092,1,True,0.0
1_002_20200918_003445(5),1,1band,reinspect,reinspect,0.7078768014907837,14.412272982420573,1,True,0.0
1_002_20200918_003448(4),1,1band,reinspect,reinspect,0.7214655876159668,7.86861629893466,1,True,0.0
1_002_20200918_003451(0),1,1band,reinspect,reinspect,0.7218645811080933,7.880542530047492,1,True,0.0
1_002_20200918_003453(6),1,1band,reject,reject,0.7340320944786072,9.1130274345334,1,True,0.0
1_002_20200918_043330(3),1,1band,reject,reject,0.7233772277832031,9.827476097098947,1,True,0.0
1_002_20200918_043332(9),1,1band,reject,reject,0.743800938129425,8.229948804892592,1,True,0.0
1_002_20200918_043335(6),1,1band,reject,reject,0.7298249006271362,7.586432284276705,1,True,0.0
1_002_20200918_043338(2),1,1band,reject,reject,0.735982358455658,7.973347235624977,1,True,0.0
1_002_20200918_043341(9),1,1band,reinspect,reinspect,0.6944368481636047,8.987795981078568,1,True,0.0
1_002_20200918_043345(9),1,1band,reject,reject,0.735256016254425,9.638274996433928,1,True,0.0
1_002_20200918_083240(7),1,1band,reject,reject,0.7281454205513,10.052498467931855,1,True,0.0
1_002_20200918_083244(8),1,1band,reinspect,reinspect,0.7221396565437317,10.762323994099496,1,True,0.0
1_002_20200918_083248(7),1,1band,reject,reject,0.7397515773773193,8.07006416401546,1,True,0.0
1_002_20200918_083254(8),1,1band,reject,reject,0.736463189125061,7.790827754269556,1,True,0.0
1_002_20200918_083302(6),1,1band,reject,reject,0.7526004314422607,7.772330085917929,1,True,0.0
1_002_20200918_083306(7),1,1band,reject,reject,0.7527211904525757,8.107398052699812,1,True,0.0
1_002_20200918_123306(7),1,1band,reject,reject,0.7276285886764526,7.762812149466499,1,True,0.0
1_002_20200918_123310(6),1,1band,reject,reject,0.7381084561347961,8.126711828391509,1,True,0.0
1_002_20200918_123314(6),1,1band,reject,reject,0.7306704521179199,8.12122144203785,1,True,0.0
1_002_20200918_123318(7),1,1band,reinspect,reinspect,0.7012749314308167,7.684489327748484,1,True,0.0
1_002_20200918_123322(5),1,1band,reject,reject,0.731248140335083,7.805336942267732,1,True,0.0
1_002_20200918_123331(0),1,1band,reinspect,reinspect,0.7175392508506775,10.619997258417378,1,True,0.0
1_002_20200918_163302(9),1,1band,reinspect,reinspect,0.712212860584259,10.579902243127144,1,True,0.0
1_002_20200918_163306(9),1,1band,reinspect,reinspect,0.71084064245224,8.020085976196805,1,True,0.0
1_002_20200918_163310(9),1,1band,reinspect,reinspect,0.706587016582489,7.908641213706425,1,True,0.0
1_002_20200918_163314(9),1,1band,reinspect,reinspect,0.7149191498756409,7.915277253844924,1,True,0.0
1_002_20200918_163318(8),1,1band,reinspect,reinspect,0.7215169668197632,7.647054983374171,1,True,0.0
1_002_20200918_163322(9),1,1band,reject,reject,0.727595865726471,7.659772014229378,1,True,0.0
1_002_20200921_111929(2),1,1band,reject,reject,0.7373957633972168,7.265450238121202,1,True,0.0
1_002_20200921_111932(4),1,1band,reinspect,reinspect,0.7177172303199768,8.43446392399684,1,True,0.0
1_002_20200921_111939(0),1,1band,reinspect,reinspect,0.7202191948890686,8.430458392958036,1,True,0.0
1_002_20200921_111942(1),1,1band,reject,reject,0.7326484322547913,7.769795653102509,1,True,0.0
1_002_20200921_111948(3),1,1band,reject,reject,0.7361233830451965,8.719389496381133,1,True,0.0
1_002_20200921_111951(8),1,1band,reject,reject,0.7314998507499695,9.662128438103847,1,True,0.0
1_002_20200921_123148(8),1,1band,reject,reject,0.7288150191307068,7.695285463371098,1,True,0.0
1_002_20200921_123153(3),1,1band,reject,reject,0.7271353602409363,7.548631482859958,1,True,0.0
1_002_20200921_123157(8),1,1band,reinspect,reinspect,0.7220905423164368,8.579850162114012,1,True,0.0
1_002_20200921_123202(3),1,1band,reject,reject,0.7331511974334717,7.856583652145218,1,True,0.0
1_002_20200921_123206(8),1,1band,reinspect,reinspect,0.7054183483123779,8.270987702561005,1,True,0.0
1_002_20200921_123211(3),1,1band,reject,reject,0.7269002795219421,7.834999099783327,1,True,0.0
1_002_20200921_163052(8),1,1band,reject,reject,0.7320045828819275,7.481447444392033,1,True,0.0
1_002_20200921_163055(8),1,1band,reject,reject,0.7364726066589355,8.190356923149036,1,True,0.0
1_002_20200921_163102(0),1,1band,reinspect,reinspect,0.7168642282485962,7.835814544770497,1,True,0.0
1_002_20200921_163105(3),1,1band,reject,reject,0.7391666173934937,8.625836680319862,1,True,0.0
1_002_20200921_163110(2),1,1band,reject,reject,0.7257816791534424,9.001159576939813,1,True,0.0
1_002_20200921_163113(3),1,1band,reject,reject,0.7329949736595154,8.821279373370814,1,True,0.0
1_002_20200921_202245(2),1,1band,reject,reject,0.7246758937835693,7.944450911934473,1,True,0.0
1_002_20200921_202254(1),1,1band,reject,reject,0.743675708770752,8.145381867349235,1,True,0.0
1_002_20200921_202257(2),1,1band,reject,reject,0.728391706943512,9.792338927384826,1,True,0.0
1_002_20200921_202300(1),1,1band,reject,reject,0.7410207986831665,7.648187315842557,1,True,0.0
1_002_20200921_202312(1),1,1band,reject,reject,0.7331148386001587,7.802915061079829,1,True,0.0
1_002_20200921_202315(3),1,1band,reinspect,reinspect,0.7146106958389282,8.493389062429008,1,True,0.0
1_002_20200922_003107(0),1,1band,reinspect,reinspect,0.7201046347618103,8.125109747905697,1,True,0.0
1_002_20200922_003116(0),1,1band,reject,reject,0.7258533835411072,7.821809323884613,1,True,0.0
1_002_20200922_003120(5),1,1band,reject,reject,0.7254366874694824,7.365328676885283,1,True,0.0
1_002_20200922_003123(5),1,1band,reject,reject,0.7292400598526001,8.12808268921154,1,True,0.0
1_002_20200922_003129(5),1,1band,reject,reject,0.7344116568565369,8.050238522820807,1,True,0.0
1_002_20200922_003134(1),1,1band,reinspect,reinspect,0.7082163095474243,8.521316705869156,1,True,0.0
1_002_20200922_043105(7),1,1band,reinspect,reinspect,0.7202852964401245,8.074402542704936,1,True,0.0
1_002_20200922_043110(2),1,1band,reject,reject,0.7230685353279114,7.559986969738565,1,True,0.0
1_002_20200922_043114(8),1,1band,reinspect,reinspect,0.7026640176773071,8.187358610897759,1,True,0.0
1_002_20200922_043119(3),1,1band,reject,reject,0.7338802814483643,7.648904429199535,1,True,0.0
1_002_20200922_043123(8),1,1band,reject,reject,0.7359397411346436,7.7359904895807965,1,True,0.0
1_002_20200922_043128(2),1,1band,reject,reject,0.7424831986427307,8.139089917437767,1,True,0.0
1_002_20200922_083752(7),1,1band,reject,reject,0.728441059589386,7.596564608764215,1,True,0.0
1_002_20200922_083755(7),1,1band,reject,reject,0.7337632775306702,7.667872064977476,1,True,0.0
1_002_20200922_083758(7),1,1band,reject,reject,0.7252733111381531,8.477318324104882,1,True,0.0
1_002_20200922_083801(7),1,1band,reinspect,reinspect,0.7168537378311157,7.956863546349593,1,True,0.0
1_002_20200922_083807(4),1,1band,reject,reject,0.7242486476898193,7.206080400274314,1,True,0.0
1_002_20200922_083810(4),1,1band,reject,reject,0.7258040904998779,8.514814683036475,1,True,0.0
1_002_20200922_122708(6),1,1band,reinspect,reinspect,0.7173047661781311,7.24699076489,1,True,0.0
1_002_20200922_122713(0),1,1band,reject,reject,0.7349316477775574,7.6553542593482895,1,True,0.0
1_002_20200922_122717(4),1,1band,reject,reject,0.7286057472229004,7.731421362663606,1,True,0.0
1_002_20200922_122721(8),1,1band,reinspect,reinspect,0.6960849761962891,7.5886758999701796,1,True,0.0
1_002_20200922_122724(8),1,1band,reject,reject,0.7321353554725647,8.507080972511496,1,True,0.0
1_002_20200922_122727(6),1,1band,reinspect,reinspect,0.7203519344329834,10.204041347568753,1,True,0.0
1_002_20200922_163053(8),1,1band,reject,reject,0.7346184253692627,7.525528199598437,1,True,0.0
1_002_20200922_163056(8),1,1band,reject,reject,0.742026150226593,7.2076171133470455,1,True,0.0
1_002_20200922_163059(6),1,1band,reject,reject,0.7463415861129761,8.094892256852491,1,True,0.0
1_002_20200922_163102(5),1,1band,reject,reject,0.7234623432159424,7.535196159907636,1,True,0.0
1_002_20200922_163105(5),1,1band,reinspect,reinspect,0.7219915390014648,7.960817628237341,1,True,0.0
1_002_20200922_163110(0),1,1band,reject,reject,0.7265233397483826,8.069690996022507,1,True,0.0
2_002_20200624_162726(9),2,3band,reinspect,reinspect,0.7137247323989868,18.265994442266685,3,True,0.0
2_002_20200624_162737(5),2,3band,reject,reject,0.739116907119751,11.282620016727222,3,True,0.0
2_002_20200629_202727(4),2,3band,reject,reject,0.7239832878112793,9.728869429488174,3,True,0.0
2_002_20200629_202731(9),2,3band,reject,reject,0.736254870891571,10.012707542943016,3,True,0.0
2_002_20200629_202736(4),2,3band,reinspect,reinspect,0.7210898399353027,11.830225914060064,3,True,0.0
2_002_20200629_202741(1),2,3band,reject,reject,0.7305341958999634,6.798768624482624,3,True,0.0
2_002_20200629_202745(5),2,3band,reinspect,reinspect,0.7175829410552979,7.995577659028741,3,True,0.0
2_002_20200629_202750(0),2,3band,reject,reject,0.7357059717178345,11.779470884415355,3,True,0.0
2_002_20200630_002937(6),2,3band,reject,reject,0.7302660346031189,7.203528435091658,3,True,0.0
2_002_20200630_002942(1),2,3band,reinspect,reinspect,0.7122750282287598,6.983223603660902,3,True,0.0
2_002_20200630_002946(4),2,3band,reject,reject,0.7362939715385437,12.608148686809008,3,True,0.0
2_002_20200630_002951(2),2,3band,reject,reject,0.7398444414138794,12.446621607129522,3,True,0.0
2_002_20200630_002955(6),2,3band,reject,reject,0.732785701751709,7.467689029600201,3,True,0.0
2_002_20200630_003000(0),2,3band,reject,reject,0.7326586842536926,15.113231280769147,3,True,0.0
2_002_20200630_043222(4),2,3band,reject,reject,0.7408597469329834,8.15500519589801,3,True,0.0
2_002_20200630_043226(7),2,3band,reject,reject,0.7358453869819641,8.277073458544969,3,True,0.0
2_002_20200630_043231(3),2,3band,reject,reject,0.7371295094490051,9.323157767789906,3,True,0.0
2_002_20200630_043235(6),2,3band,reinspect,reinspect,0.721569299697876,18.68288213783657,3,True,0.0
2_002_20200630_043240(2),2,3band,reject,reject,0.7243579626083374,23.884885627233608,3,True,0.0
2_002_20200630_043244(6),2,3band,reject,reject,0.746461808681488,7.966143655129544,3,True,0.0
2_002_20200630_083221(8),2,3band,reject,reject,0.7456283569335938,7.154429831091134,3,True,0.0
2_002_20200630_083224(8),2,3band,reject,reject,0.7314310073852539,9.08721307847276,3,True,0.0
2_002_20200630_083227(8),2,3band,reject,reject,0.7498964071273804,6.76290584161939,3,True,0.0
2_002_20200630_083230(8),2,3band,reject,reject,0.7401540279388428,7.669387898316146,3,True,0.0
2_002_20200630_083233(8),2,3band,reject,reject,0.7353347539901733,10.455979081793764,3,True,0.0
2_002_20200630_083236(8),2,3band,reject,reject,0.7225168943405151,8.847091863433839,3,True,0.0
2_002_20200630_123159(3),2,3band,reject,reject,0.745414137840271,7.654849936988829,3,True,0.0
2_002_20200630_123203(6),2,3band,reject,reject,0.7351779341697693,7.508567323194683,3,True,0.0
2_002_20200630_123232(0),2,3band,reject,reject,0.7370093464851379,6.808710826533796,3,True,0.0
2_002_20200630_123235(0),2,3band,reject,reject,0.7444154620170593,6.512187889580566,3,True,0.0
2_002_20200630_123238(0),2,3band,reject,reject,0.7315720319747925,11.611168810809836,3,True,0.0
2_002_20200630_123241(0),2,3band,reject,reject,0.7442294359207153,7.572479013479913,3,True,0.0
2_002_20200630_163105(7),2,3band,reinspect,reinspect,0.7164002060890198,20.654630390464618,3,True,0.0
2_002_20200630_163108(9),2,3band,reject,reject,0.747068464756012,19.392843741836497,2,True,0.0
2_002_20200630_163112(5),2,3band,reject,reject,0.7351846098899841,12.169843735500663,3,True,0.0
2_002_20200630_163116(0),2,3band,reject,reject,0.7378594875335693,7.53055585809197,3,True,0.0
2_002_20200630_163119(5),2,3band,reject,reject,0.722309410572052,8.97368304872296,3,True,0.0
2_002_20200630_163122(8),2,3band,reject,reject,0.7465257048606873,7.049660237463189,3,True,0.0
2_002_20200630_203013(9),2,3band,reinspect,reinspect,0.707413375377655,11.292067022191317,3,True,0.0
2_002_20200630_203018(4),2,3band,reject,reject,0.7302802205085754,9.184220183242681,3,True,0.0
2_002_20200630_203022(9),2,3band,reject,reject,0.7424352169036865,25.19352393127641,3,True,0.0
2_002_20200630_203027(4),2,3band,reject,reject,0.72914719581604,7.915549312190857,3,True,0.0
2_002_20200630_203031(8),2,3band,reject,reject,0.7393890023231506,7.260639000017837,3,True,0.0
2_002_20200630_203036(4),2,3band,reject,reject,0.7436988353729248,7.728729245604472,3,True,0.0
2_002_20200701_004107(2),2,3band,reject,reject,0.7429183721542358,8.484063682653826,3,True,0.0
2_002_20200701_004111(5),2,3band,reinspect,reinspect,0.7195373773574829,10.242972337597315,3,True,0.0
2_002_20200701_004116(1),2,3band,reject,reject,0.7344068288803101,8.704052044218868,3,True,0.0
2_002_20200701_004120(5),2,3band,reject,reject,0.7392964959144592,10.26805191149455,3,True,0.0
2_002_20200701_004125(0),2,3band,reject,reject,0.7496874332427979,7.100660255845193,3,True,0.0
2_002_20200701_004129(6),2,3band,reinspect,reinspect,0.7122407555580139,7.729421934224242,3,True,0.0
2_002_20200701_043204(8),2,3band,reject,reject,0.7409237623214722,8.063613647318341,3,True,0.0
2_002_20200701_043209(5),2,3band,reject,reject,0.7323793768882751,7.121744201064258,3,True,0.0
2_002_20200701_043213(9),2,3band,reinspect,reinspect,0.718360185623169,19.70208262015508,3,True,0.0
2_002_20200701_043218(4),2,3band,reject,reject,0.7262195348739624,23.205257304585874,3,True,0.0
2_002_20200701_043222(8),2,3band,reinspect,reinspect,0.7216352224349976,23.99152057180221,3,True,0.0
2_002_20200701_043227(2),2,3band,reject,reject,0.7302083373069763,11.09627945221674,3,True,0.0
2_002_20200701_083102(9),2,3band,reinspect,reinspect,0.7198377251625061,10.378612276978798,3,True,0.0
2_002_20200701_083105(7),2,3band,reject,reject,0.7476006746292114,7.9821700360021355,3,True,0.0
2_002_20200701_083108(8),2,3band,reinspect,reinspect,0.7176529169082642,8.740676821220966,3,True,0.0
2_002_20200701_083111(8),2,3band,reinspect,reinspect,0.7060081362724304,8.506206838540784,3,True,0.0
2_002_20200701_083114(8),2,3band,reject,reject,0.7334643006324768,12.131340857563675,3,True,0.0
2_002_20200701_083117(8),2,3band,reject,reject,0.7245007753372192,20.861412084943282,3,True,0.0
2_002_20200701_123502(6),2,3band,reject,reject,0.729299008846283,11.07827791889656,3,True,0.0
2_002_20200701_123505(9),2,3band,reject,reject,0.7450704574584961,6.728401530499389,3,True,0.0
2_002_20200701_123508(7),2,3band,reinspect,reinspect,0.7057912349700928,6.975989258560651,3,True,0.0
2_002_20200701_123511(5),2,3band,reject,reject,0.7322165369987488,8.866053220960039,3,True,0.0
2_002_20200701_123514(1),2,3band,reject,reject,0.7400463223457336,9.746418406012957,3,True,0.0
2_002_20200701_123516(7),2,3band,reinspect,reinspect,0.7174417972564697,7.762145841004955,3,True,0.0
2_002_20200701_163100(6),2,3band,reject,reject,0.730391263961792,8.519325000054454,3,True,0.0
2_002_20200701_163104(5),2,3band,reinspect,reinspect,0.7102775573730469,15.306735769810697,3,True,0.0
2_002_20200701_163108(4),2,3band,reinspect,reinspect,0.7134413719177246,23.771168121787124,3,True,0.0
2_002_20200701_163112(3),2,3band,reject,reject,0.7360042333602905,7.631746411969662,3,True,0.0
2_002_20200701_163116(3),2,3band,reject,reject,0.7344940304756165,6.794211783188409,3,True,0.0
2_002_20200701_163120(4),2,3band,reject,reject,0.7285046577453613,18.699604695824743,3,True,0.0
2_002_20200701_203449(7),2,3band,reinspect,reinspect,0.715457558631897,10.519814832178808,3,True,0.0
2_002_20200701_203454(3),2,3band,reinspect,reinspect,0.7174971699714661,10.631910148606911,3,True,0.0
2_002_20200701_203458(5),2,3band,reject,reject,0.7311796545982361,7.401968358061833,3,True,0.0
2_002_20200701_203503(2),2,3band,reject,reject,0.7390225529670715,7.790036036261377,3,True,0.0
2_002_20200701_203507(7),2,3band,reinspect,reinspect,0.7180720567703247,9.811267595639066,3,True,0.0
2_002_20200701_203512(1),2,3band,reject,reject,0.7375399470329285,12.22978899420692,3,True,0.0
2_002_20200702_002959(7),2,3band,reinspect,reinspect,0.7132986187934875,8.376498930369607,3,True,0.0
2_002_20200702_003004(2),2,3band,reject,reject,0.7347114086151123,10.568250395231345,3,True,0.0
2_002_20200702_003008(7),2,3band,reject,reject,0.7319207191467285,24.970750438268663,3,True,0.0
2_002_20200702_003011(7),2,3band,reject,reject,0.7224417328834534,7.393379798270487,3,True,0.0
2_002_20200702_003016(3),2,3band,reject,reject,0.7351676821708679,7.356560661543412,3,True,0.0
2_002_20200702_003020(8),2,3band,reject,reject,0.7304930090904236,7.793595749905306,3,True,0.0
2_002_20200702_043936(2),2,3band,reject,reject,0.7235632538795471,7.498181978134104,3,True,0.0
2_002_20200702_043940(7),2,3band,reject,reject,0.7399149537086487,7.1697277902606045,3,True,0.0
2_002_20200702_043945(1),2,3band,reject,reject,0.7308387160301208,11.184105804987873,3,True,0.0
2_002_20200702_043949(6),2,3band,reject,reject,0.7300856113433838,13.872949096849869,3,True,0.0
2_002_20200702_043954(0),2,3band,reject,reject,0.7243682146072388,10.626579988826684,3,True,0.0
2_002_20200702_043958(5),2,3band,reject,reject,0.7369872331619263,7.3277280730197125,3,True,0.0
2_002_20200706_083210(1),2,3band,reject,reject,0.7284586429595947,10.156894125795201,3,True,0.0
2_002_20200706_083227(7),2,3band,reinspect,reinspect,0.7144759893417358,8.06841355846455,3,True,0.0
2_002_20200706_083231(8),2,3band,reject,reject,0.7479089498519897,8.755156503759906,3,True,0.0
2_002_20200706_083234(7),2,3band,reject,reject,0.7243655323982239,10.292267742090145,3,True,0.0
2_002_20200706_083237(9),2,3band,reinspect,reinspect,0.7093465924263,12.215060534174597,3,True,0.0
2_002_20200706_083241(0),2,3band,reinspect,reinspect,0.7203974723815918,28.83064663818966,3,True,0.0
2_002_20200706_123239(6),2,3band,reinspect,reinspect,0.7016575336456299,27.69349760462945,3,True,0.0
2_002_20200706_123242(9),2,3band,reject,reject,0.7265392541885376,7.744716177475942,3,True,0.0
2_002_20200706_123246(0),2,3band,reject,reject,0.7395932674407959,8.894707534674147,3,True,0.0
2_002_20200706_123251(3),2,3band,reject,reject,0.738631546497345,16.457344502150978,3,True,0.0
2_002_20200706_123254(7),2,3band,reject,reject,0.7266731858253479,13.771395769997572,3,True,0.0
2_002_20200706_123258(0),2,3band,reinspect,reinspect,0.7157836556434631,13.104842016245762,2,True,0.0
2_002_20200706_163440(6),2,3band,reject,reject,0.7317743897438049,7.82613560592916,3,True,0.0
2_002_20200706_163443(7),2,3band,reinspect,reinspect,0.7115418910980225,7.865767221390563,3,True,0.0
2_002_20200706_163446(4),2,3band,reject,reject,0.730371356010437,6.70856143179441,3,True,0.0
2_002_20200706_163449(2),2,3band,reject,reject,0.7308010458946228,10.903997957826954,3,True,0.0
2_002_20200706_163452(0),2,3band,reinspect,reinspect,0.71452397108078,10.760789405522011,3,True,0.0
2_002_20200706_163454(6),2,3band,reject,reject,0.7229852676391602,27.482023960424097,3,True,0.0
2_002_20200706_203227(3),2,3band,reinspect,reinspect,0.7144463658332825,21.098226390925433,3,True,0.0
2_002_20200706_203230(6),2,3band,reinspect,reinspect,0.7169124484062195,12.446330420612142,3,True,0.0
2_002_20200706_203233(8),2,3band,reinspect,reinspect,0.7216708660125732,12.21603003610294,3,True,0.0
2_002_20200706_203236(9),2,3band,reject,reject,0.726689875125885,27.201531603899777,3,True,0.0
2_002_20200706_203240(1),2,3band,reinspect,reinspect,0.7202345728874207,8.393223194694952,3,True,0.0
2_002_20200706_203243(4),2,3band,reinspect,reinspect,0.7152276635169983,13.948735346332832,3,True,0.0
2_002_20200707_003521(0),2,3band,reject,reject,0.7365155816078186,7.664885102274016,3,True,0.0
2_002_20200707_003525(0),2,3band,reject,reject,0.726684033870697,7.308380880245454,3,True,0.0
2_002_20200707_003529(0),2,3band,reinspect,reinspect,0.705184817314148,7.605744862151767,3,True,0.0
2_002_20200707_003533(0),2,3band,reject,reject,0.7370328307151794,6.474750274137216,3,True,0.0
2_002_20200707_003537(1),2,3band,reject,reject,0.7382121086120605,7.884508093370009,3,True,0.0
2_002_20200707_003541(1),2,3band,reject,reject,0.7273561358451843,7.661154282972727,3,True,0.0
2_002_20200707_043655(6),2,3band,reject,reject,0.7415664196014404,24.474660878213268,3,True,0.0
2_002_20200707_043659(3),2,3band,reject,reject,0.7432515621185303,7.519792473479846,2,True,0.0
2_002_20200707_043703(4),2,3band,reinspect,reinspect,0.718267560005188,10.512064060661952,3,True,0.0
2_002_20200707_043707(4),2,3band,reject,reject,0.7381975054740906,25.292881647661265,3,True,0.0
2_002_20200707_043711(3),2,3band,reject,reject,0.7429820895195007,9.605437028986515,3,True,0.0
2_002_20200707_043715(5),2,3band,reject,reject,0.7341195344924927,7.508508700061403,3,True,0.0
2_002_20200707_083236(0),2,3band,reject,reject,0.7421384453773499,7.0783515183759675,3,True,0.0
2_002_20200707_083240(0),2,3band,reject,reject,0.7332674264907837,8.581871329622047,3,True,0.0
2_002_20200707_083246(1),2,3band,reject,reject,0.7372039556503296,7.888766895334892,3,True,0.0
2_002_20200707_083250(0),2,3band,reinspect,reinspect,0.7165418267250061,15.55307043691553,2,True,0.0
2_002_20200707_083254(0),2,3band,reject,reject,0.7336810827255249,14.282295816000676,3,True,0.0
2_002_20200707_083258(1),2,3band,reinspect,reinspect,0.7158817648887634,9.121555124488003,3,True,0.0
2_002_20200707_123354(0),2,3band,reject,reject,0.725368082523346,15.383023676184509,3,True,0.0
2_002_20200707_123358(1),2,3band,reinspect,reinspect,0.7108538150787354,8.2281691488634,3,True,0.0
2_002_20200707_123402(0),2,3band,reject,reject,0.7375333309173584,24.783419306255908,3,True,0.0
2_002_20200707_123408(2),2,3band,reinspect,reinspect,0.7078847289085388,8.438377638489108,3,True,0.0
2_002_20200707_123412(1),2,3band,reject,reject,0.7484288215637207,6.789782421513881,3,True,0.0
2_002_20200707_123416(0),2,3band,reject,reject,0.7481852173805237,8.647975816374146,3,True,0.0
2_002_20200708_092945(9),2,3band,reinspect,reinspect,0.7197232842445374,8.847446072278844,3,True,0.0
2_002_20200708_092949(9),2,3band,reject,reject,0.731353759765625,25.910288870385425,3,True,0.0
2_002_20200708_092953(7),2,3band,reject,reject,0.7373676300048828,20.335567993553962,3,True,0.0
2_002_20200708_092957(7),2,3band,reinspect,reinspect,0.7100622057914734,7.551378691366367,3,True,0.0
2_002_20200708_093001(9),2,3band,reject,reject,0.7283596396446228,11.707987863748054,3,True,0.0
2_002_20200708_093005(8),2,3band,reinspect,reinspect,0.7205977439880371,7.615467476666236,3,True,0.0
2_002_20200708_123021(9),2,3band,reject,reject,0.7416025996208191,10.943791454863105,3,True,0.0
2_002_20200708_123025(7),2,3band,reject,reject,0.7250872254371643,14.123805153017559,3,True,0.0
2_002_20200708_123029(7),2,3band,reject,reject,0.7340956330299377,7.7627945567040735,3,True,0.0
2_002_20200708_123034(0),2,3band,reject,reject,0.7349043488502502,22.27277117849067,3,True,0.0
2_002_20200708_123037(8),2,3band,reject,reject,0.7345361113548279,11.494349995342331,3,True,0.0
2_002_20200708_123041(7),2,3band,reject,reject,0.7385094165802002,19.570689876261067,3,True,0.0
2_002_20200708_163937(6),2,3band,reject,reject,0.723691999912262,7.101113301611735,3,True,0.0
2_002_20200708_163941(4),2,3band,reject,reject,0.7395275235176086,8.079289299129952,3,True,0.0
2_002_20200708_163945(4),2,3band,reinspect,reinspect,0.7219884991645813,8.34435513699592,3,True,0.0
2_002_20200708_163949(4),2,3band,reject,reject,0.7231701612472534,8.869744502549645,3,True,0.0
2_002_20200708_163953(3),2,3band,reject,reject,0.7448097467422485,8.175446540439111,3,True,0.0
2_002_20200708_163957(5),2,3band,reinspect,reinspect,0.7118520140647888,23.389761194461357,3,True,0.0
2_002_20200708_203125(0),2,3band,reject,reject,0.7369124889373779,8.229662821340815,3,True,0.0
2_002_20200708_203128(9),2,3band,reject,reject,0.7259331345558167,7.487610971846627,3,True,0.0
2_002_20200708_203132(7),2,3band,reject,reject,0.7326695919036865,12.4456818741366,3,True,0.0
2_002_20200708_203136(7),2,3band,reject,reject,0.7377169132232666,9.739435847212649,3,True,0.0
2_002_20200708_203140(7),2,3band,reject,reject,0.7305058240890503,7.069724218843246,3,True,0.0
2_002_20200708_203144(7),2,3band,reject,reject,0.7365171909332275,8.1365734747266,3,True,0.0
2_002_20200713_091056(8),2,3band,reject,reject,0.732514500617981,9.44453195165607,3,True,0.0
2_002_20200713_091100(5),2,3band,reject,reject,0.7436935305595398,7.475584152225983,3,True,0.0
2_002_20200713_091103(8),2,3band,reject,reject,0.7416431307792664,7.041755678548974,3,True,0.0
2_002_20200713_091106(9),2,3band,reject,reject,0.7431246638298035,11.237958717977131,3,True,0.0
2_002_20200713_091109(9),2,3band,reject,reject,0.7459821701049805,7.290811962144762,3,True,0.0
2_002_20200713_091112(5),2,3band,reject,reject,0.7264339327812195,17.73208823188714,3,True,0.0
2_002_20200713_123358(8),2,3band,reinspect,reinspect,0.7049672603607178,8.943316076249097,3,True,0.0
2_002_20200713_123403(4),2,3band,reject,reject,0.7304968237876892,10.482911370087445,3,True,0.0
2_002_20200713_123408(0),2,3band,reject,reject,0.7442900538444519,6.632460486708396,3,True,0.0
2_002_20200713_123412(4),2,3band,reject,reject,0.7319810390472412,11.644716539710002,3,True,0.0
2_002_20200713_123416(9),2,3band,reinspect,reinspect,0.7203477621078491,21.139619212373784,3,True,0.0
2_002_20200713_123421(4),2,3band,reject,reject,0.7228198051452637,25.640076106586264,3,True,0.0
2_002_20200713_163753(9),2,3band,reject,reject,0.7348338961601257,24.219588639795482,3,True,0.0
2_002_20200713_163814(8),2,3band,reinspect,reinspect,0.7162474989891052,17.806417076786513,3,True,0.0
2_002_20200713_163819(2),2,3band,reject,reject,0.7480475306510925,14.254780434737992,3,True,0.0
2_002_20200713_163823(7),2,3band,reject,reject,0.7407348155975342,7.011573701794249,3,True,0.0
2_002_20200713_163828(2),2,3band,reject,reject,0.7342770099639893,7.555879243998543,3,True,0.0
2_002_20200713_163832(8),2,3band,reinspect,reinspect,0.7075929641723633,7.689242499288156,3,True,0.0
2_002_20200713_202718(1),2,3band,reject,reject,0.7373136878013611,13.059700669228206,3,True,0.0
2_002_20200713_202722(5),2,3band,reject,reject,0.7369001507759094,9.56241646074351,3,True,0.0
2_002_20200713_202726(9),2,3band,reinspect,reinspect,0.7120267152786255,7.265167493849556,3,True,0.0
2_002_20200713_202731(4),2,3band,reinspect,reinspect,0.708291232585907,10.411386413535247,3,True,0.0
2_002_20200713_202735(9),2,3band,reject,reject,0.7259756326675415,11.136817618336021,3,True,0.0
2_002_20200713_202743(4),2,3band,reject,reject,0.7392176389694214,11.62308701831439,3,True,0.0
2_002_20200714_002857(2),2,3band,reject,reject,0.7424687743186951,25.50944079321917,3,True,0.0
2_002_20200714_002901(5),2,3band,reject,reject,0.7344325184822083,7.6399666095815375,3,True,0.0
2_002_20200714_002904(6),2,3band,reject,reject,0.7361595034599304,20.47522575453812,3,True,0.0
2_002_20200714_002907(5),2,3band,reject,reject,0.7443649768829346,19.203060310512065,3,True,0.0
2_002_20200714_002910(7),2,3band,reject,reject,0.7382158041000366,6.780914656482961,3,True,0.0
2_002_20200714_002915(0),2,3band,reinspect,reinspect,0.7174232602119446,7.853234676904,3,True,0.0
2_002_20200714_043014(3),2,3band,reject,reject,0.734479546546936,7.877173792118044,3,True,0.0
2_002_20200714_043020(0),2,3band,reject,reject,0.7330974340438843,7.986762753675236,3,True,0.0
2_002_20200714_043024(4),2,3band,reinspect,reinspect,0.7120621204376221,7.496683243313381,3,True,0.0
2_002_20200714_043029(1),2,3band,reject,reject,0.7318820357322693,10.178387015799364,3,True,0.0
2_002_20200714_043033(4),2,3band,reject,reject,0.7297844290733337,9.744490931247643,2,True,0.0
2_002_20200714_043037(9),2,3band,reject,reject,0.7362058162689209,8.56571303187126,3,True,0.0
2_002_20200714_230002(9),2,3band,reinspect,reinspect,0.721829354763031,10.506037808341194,3,True,0.0
2_002_20200714_230006(3),2,3band,reject,reject,0.7409281730651855,11.562812800743705,3,True,0.0
2_002_20200714_230010(7),2,3band,reject,reject,0.7437312006950378,7.870416095709179,3,True,0.0
2_002_20200714_230014(1),2,3band,reject,reject,0.7325380444526672,13.599648645469514,3,True,0.0
2_002_20200714_230017(3),2,3band,reject,reject,0.7409712672233582,9.793864035314545,3,True,0.0
2_002_20200714_230020(6),2,3band,reject,reject,0.7351883053779602,8.644974670410658,3,True,0.0
2_002_20200715_002706(2),2,3band,reject,reject,0.7332267165184021,7.03447508435199,3,True,0.0
2_002_20200715_002710(7),2,3band,reject,reject,0.7366907596588135,7.644132712048156,3,True,0.0
2_002_20200715_002715(0),2,3band,reinspect,reinspect,0.7120525240898132,7.72796322463859,3,True,0.0
2_002_20200715_002719(6),2,3band,reject,reject,0.7305253744125366,9.32258934244589,3,True,0.0
2_002_20200715_002728(6),2,3band,reject,reject,0.7308571338653564,18.007563783392747,3,True,0.0
2_002_20200715_002733(1),2,3band,reject,reject,0.7411933541297913,10.750167789619086,3,True,0.0
2_002_20200715_042403(8),2,3band,reject,reject,0.7287120819091797,24.288510620309797,3,True,0.0
2_002_20200715_042408(4),2,3band,reject,reject,0.7365678548812866,8.29833710735939,3,True,0.0
2_002_20200715_042412(9),2,3band,reject,reject,0.7353195548057556,10.152435084451362,3,True,0.0
2_002_20200715_042417(3),2,3band,reject,reject,0.7450467348098755,7.070817366038858,3,True,0.0
2_002_20200715_042421(7),2,3band,reject,reject,0.7313279509544373,7.448671317525059,3,True,0.0
2_002_20200715_042426(3),2,3band,reject,reject,0.7234417200088501,18.39442043182086,3,True,0.0
2_002_20200715_083106(3),2,3band,reject,reject,0.7231132388114929,7.095252050688858,3,True,0.0
2_002_20200715_083109(1),2,3band,reinspect,reinspect,0.718904972076416,14.523826039903414,3,True,0.0
2_002_20200715_083113(8),2,3band,reject,reject,0.7303730845451355,19.846503884585843,3,True,0.0
2_002_20200715_083118(3),2,3band,reinspect,reinspect,0.7176701426506042,7.50952744285125,3,True,0.0
2_002_20200715_083122(8),2,3band,reinspect,reinspect,0.7163335084915161,7.750536635091887,3,True,0.0
2_002_20200715_083127(3),2,3band,reject,reject,0.7401973009109497,8.716909796981591,3,True,0.0
2_002_20200721_163536(6),2,3band,reject,reject,0.727769136428833,9.222602416711712,1,True,0.0
2_002_20200721_163539(9),2,1band,reject,reject,0.7468110918998718,7.617762777102424,1,True,0.0
2_002_20200721_163543(2),2,3band,reject,reject,0.7464599013328552,8.73528949057146,1,True,0.0
2_002_20200721_163548(0),2,1band,reject,reject,0.730356752872467,9.354191681018154,1,True,0.0
2_002_20200721_163551(3),2,1band,reinspect,reinspect,0.7117506861686707,12.443099711985523,1,True,0.0
2_002_20200721_163554(6),2,1band,reject,reject,0.7429926991462708,12.228722133588477,1,True,0.0
2_002_20200722_003424(1),2,1band,reinspect,reinspect,0.7187141180038452,8.048381289549871,1,True,0.0
2_002_20200722_003428(4),2,1band,reject,reject,0.7224665880203247,7.245263228332535,1,True,0.0
2_002_20200722_043525(6),2,1band,reject,reject,0.7416743636131287,8.152142102707064,1,True,0.0
2_002_20200722_043529(9),2,1band,reject,reject,0.7285959720611572,11.321100720542034,1,True,0.0
2_002_20200722_083350(7),2,1band,reinspect,reinspect,0.7209083437919617,8.286977417237834,1,True,0.0
2_002_20200722_083355(2),2,1band,reject,reject,0.7240583896636963,7.976161316189723,1,True,0.0
2_002_20200722_131101(2),2,3band,reinspect,reinspect,0.7209325432777405,9.108073015128111,1,True,0.0
2_002_20200722_131105(7),2,1band,reject,reject,0.7249379754066467,8.155756398839982,1,True,0.0
2_002_20200722_163020(9),2,1band,reinspect,reinspect,0.7213034629821777,8.304062733542867,1,True,0.0
2_002_20200722_163034(4),2,1band,reject,reject,0.7283090353012085,13.39959707285223,1,True,0.0
2_002_20200723_003123(9),2,1band,reject,reject,0.730452299118042,7.050321785947156,1,True,0.0
2_002_20200723_003128(3),2,1band,reject,reject,0.7267037630081177,12.569524034785672,1,True,0.0
2_002_20200723_043243(7),2,1band,reinspect,reinspect,0.721924364566803,9.076006901027617,1,True,0.0
2_002_20200723_043248(3),2,1band,reject,reject,0.737109363079071,7.713560564567889,1,True,0.0
2_002_20200723_082414(2),2,1band,reject,reject,0.7354986071586609,7.894443585079486,1,True,0.0
2_002_20200723_082418(9),2,1band,reject,reject,0.7231582999229431,10.872446905977577,1,True,0.0
2_002_20200723_123231(8),2,1band,reject,reject,0.7314000725746155,7.148605257476757,1,True,0.0
2_002_20200723_123236(1),2,1band,reject,reject,0.7327819466590881,7.892069429836737,1,True,0.0
2_002_20200723_163042(4),2,1band,reject,reject,0.726972222328186,7.26205422062624,1,True,0.0
2_002_20200723_163045(7),2,1band,reject,reject,0.7225295305252075,12.884927649822236,1,True,0.0
2_002_20200723_203159(2),2,1band,reject,reject,0.7331830859184265,11.525286501694067,1,True,0.0
2_002_20200723_203202(3),2,1band,reject,reject,0.7395761609077454,7.9754110283104565,1,True,0.0
2_002_20200724_003143(3),2,1band,reject,reject,0.7277326583862305,7.8680998444472525,1,True,0.0
2_002_20200724_003148(0),2,1band,reinspect,reinspect,0.7216973900794983,8.460687141162168,1,True,0.0
2_002_20200727_091734(5),2,1band,reject,reject,0.7374064326286316,9.131190506282914,1,True,0.0
2_002_20200727_091737(7),2,1band,reject,reject,0.7285011410713196,8.678355641779731,1,True,0.0
2_002_20200727_123224(5),2,1band,reject,reject,0.7403898239135742,8.397980726739842,1,True,0.0
2_002_20200727_123227(4),2,1band,reject,reject,0.7305878400802612,7.614226200300007,1,True,0.0
2_002_20200727_163325(2),2,1band,reject,reject,0.7351899743080139,7.321097301164666,1,True,0.0
2_002_20200727_163329(7),2,1band,reject,reject,0.7358194589614868,10.672317864515273,1,True,0.0
2_002_20200727_204743(0),2,1band,reject,reject,0.7265171408653259,8.92560001984302,1,True,0.0
2_002_20200727_204746(6),2,1band,reject,reject,0.7399343848228455,8.755712692406961,1,True,0.0
2_002_20200728_014158(9),2,1band,reject,reject,0.7284982800483704,8.623327909386477,1,True,0.0
2_002_20200728_014203(2),2,1band,reject,reject,0.726365327835083,12.003052121011985,1,True,0.0
2_002_20200728_043429(7),2,1band,reinspect,reinspect,0.7209264039993286,7.465987229398183,1,True,0.0
2_002_20200728_043435(6),2,1band,reinspect,reinspect,0.7167497873306274,8.25581762149711,1,True,0.0
2_002_20200728_083031(3),2,1band,reject,reject,0.7314763069152832,6.841495304421694,1,True,0.0
2_002_20200728_083035(2),2,1band,reject,reject,0.7379165291786194,7.43730053356992,1,True,0.0
2_002_20200728_123102(5),2,1band,reject,reject,0.7274977564811707,7.364464124833131,1,True,0.0
2_002_20200728_123106(5),2,1band,reject,reject,0.7332574725151062,7.9424833864711015,1,True,0.0
2_002_20200728_163706(6),2,1band,reject,reject,0.734900951385498,7.940032706912512,1,True,0.0
2_002_20200728_163710(5),2,1band,reinspect,reinspect,0.7196147441864014,11.393637714743319,1,True,0.0
2_002_20200810_084910(4),2,1band,reject,reject,0.7302913665771484,7.642345519125393,1,True,0.0
2_002_20200810_084913(2),2,1band,reject,reject,0.7267656326293945,7.069477664719685,1,True,0.0
2_002_20200810_123005(5),2,1band,reject,reject,0.7339808344841003,7.1152254295675865,1,True,0.0
2_002_20200810_123009(4),2,1band,reject,reject,0.7247257232666016,7.014535827986175,1,True,0.0
2_002_20200810_163043(1),2,1band,reject,reject,0.7314176559448242,7.264031886876637,1,True,0.0
2_002_20200810_163047(0),2,1band,reject,reject,0.7339390516281128,6.785883616589511,1,True,0.0
2_002_20200810_203016(8),2,1band,reinspect,reinspect,0.719778835773468,9.504452774743934,1,True,0.0
2_002_20200810_203020(9),2,1band,reject,reject,0.7268690466880798,7.814105906036675,1,True,0.0
2_002_20200811_002929(3),2,1band,reinspect,reinspect,0.7085528373718262,8.591817776097306,1,True,0.0
2_002_20200811_002936(8),2,3band,reject,reject,0.7232663631439209,9.435472253110145,1,True,0.0
2_002_20200814_032826(3),2,1band,reject,reject,0.7259055972099304,10.896355359606321,1,True,0.0
2_002_20200814_032835(5),2,1band,reject,reject,0.7346727252006531,6.929179708691308,1,True,0.0
2_002_20200814_043103(6),2,1band,reject,reject,0.7309841513633728,9.15006484220702,1,True,0.0
2_002_20200814_043115(5),2,1band,reject,reject,0.7239441871643066,7.286740014038198,1,True,0.0
2_002_20200814_083411(8),2,1band,reinspect,reinspect,0.7154954075813293,7.4743130651161405,1,True,0.0
2_002_20200814_083414(7),2,1band,reinspect,reinspect,0.7196205258369446,8.059452311676411,1,True,0.0
2_002_20200814_123224(3),2,1band,reject,reject,0.7441847324371338,6.624296000844661,1,True,0.0
2_002_20200814_123228(8),2,1band,reject,reject,0.7267624735832214,7.646839740104993,1,True,0.0
2_002_20200814_163309(9),2,1band,reject,reject,0.7368751168251038,7.41227229048888,1,True,0.0
2_002_20200814_163312(9),2,1band,reinspect,reinspect,0.721035897731781,7.853620284037507,1,True,0.0
2_002_20200814_203248(3),2,1band,reject,reject,0.7271763682365417,7.230404098083133,1,True,0.0
2_002_20200814_203255(7),2,1band,reject,reject,0.726580798625946,7.829048420946197,1,True,0.0
2_002_20200815_003211(1),2,1band,reject,reject,0.7287918329238892,8.677578431596377,1,True,0.0
2_002_20200815_003217(4),2,1band,reject,reject,0.7313348054885864,7.473365980930717,1,True,0.0
2_002_20200818_123445(7),2,1band,reinspect,reinspect,0.7064297795295715,11.47019616841169,1,True,0.0
2_002_20200818_123452(1),2,1band,reject,reject,0.7395442128181458,7.73864744554092,1,True,0.0
2_002_20200818_163006(5),2,1band,reject,reject,0.7294480204582214,6.710284983726682,1,True,0.0
2_002_20200818_163014(5),2,1band,reject,reject,0.7386197447776794,10.414462551499952,1,True,0.0
2_002_20200818_203329(0),2,1band,reject,reject,0.7357486486434937,6.954506273258667,1,True,0.0
2_002_20200818_203333(4),2,1band,reject,reject,0.7334065437316895,7.153299522703813,1,True,0.0
2_002_20200819_003211(0),2,1band,reject,reject,0.7371625900268555,7.7970247148964305,1,True,0.0
2_002_20200819_003213(8),2,1band,reject,reject,0.7269622087478638,8.205393019033272,1,True,0.0
2_002_20200819_043343(8),2,1band,reject,reject,0.733330249786377,10.317584849092377,1,True,0.0
2_002_20200819_043346(8),2,1band,reject,reject,0.7259678840637207,7.818620635385405,1,True,0.0
2_002_20200819_083326(7),2,1band,reject,reject,0.7358823418617249,10.864947975115962,1,True,0.0
2_002_20200819_083328(5),2,1band,reject,reject,0.7358255982398987,6.77798483360655,1,True,0.0
2_002_20200819_124217(5),2,1band,reject,reject,0.7434649467468262,6.3751234251681,1,True,0.0
2_002_20200819_124225(2),2,1band,reject,reject,0.7295984029769897,8.952378664470137,1,True,0.0
2_002_20200819_162523(2),2,3band,reject,reject,0.7308214902877808,9.222372921248827,1,True,0.0
2_002_20200819_162527(8),2,1band,reinspect,reinspect,0.719658613204956,7.7485191521108785,1,True,0.0
2_002_20200821_150506(5),2,1band,reject,reject,0.7316842079162598,7.862055628065187,1,True,0.0
2_002_20200821_150510(6),2,1band,reject,reject,0.7371433973312378,7.384862309848326,1,True,0.0
2_002_20200821_163435(4),2,1band,reject,reject,0.7289605140686035,8.545007080205359,1,True,0.0
2_002_20200821_163441(6),2,1band,reject,reject,0.7234569787979126,11.169336800844793,1,True,0.0
2_002_20200821_203925(1),2,1band,reinspect,reinspect,0.7095445990562439,10.886851883221727,1,True,0.0
2_002_20200821_203927(9),2,1band,reject,reject,0.7243610620498657,8.520577174415816,1,True,0.0
2_002_20200826_023149(2),2,1band,reject,reject,0.7233812212944031,9.057229098955235,1,True,0.0
2_002_20200826_023154(4),2,3band,reject,reject,0.7337794899940491,11.559888066943754,1,True,0.0
2_002_20200826_043116(7),2,1band,reject,reject,0.7326237559318542,9.120241132360388,1,True,0.0
2_002_20200826_043121(1),2,1band,reject,reject,0.7241194844245911,9.687286031342857,1,True,0.0
2_002_20200826_123512(3),2,3band,reject,reject,0.7366726398468018,8.464014905304555,1,True,0.0
2_002_20200826_123515(1),2,1band,reject,reject,0.729127824306488,6.736285537199795,1,True,0.0
2_002_20200826_163123(8),2,1band,reject,reject,0.7458579540252686,8.078704996425365,1,True,0.0
2_002_20200826_163126(9),2,1band,reinspect,reinspect,0.7210099697113037,8.20815809710327,1,True,0.0
2_002_20200828_002838(9),2,1band,reinspect,reinspect,0.7115296125411987,9.029479872933802,1,True,0.0
2_002_20200828_002842(8),2,1band,reject,reject,0.7315976619720459,7.908438035583062,1,True,0.0
2_002_20200831_083537(6),2,3band,reinspect,reinspect,0.6811953783035278,9.292658578692164,1,True,0.0
2_002_20200831_083543(5),2,1band,reject,reject,0.7358685731887817,9.922947231650918,1,True,0.0
2_002_20200831_123129(1),2,1band,reject,reject,0.7443757057189941,7.928141452107717,1,True,0.0
2_002_20200831_123136(7),2,1band,reinspect,reinspect,0.7166777849197388,8.765866080317341,1,True,0.0
2_002_20200901_003145(6),2,1band,reinspect,reinspect,0.7185760736465454,7.854428681212213,1,True,0.0
2_002_20200901_083212(5),2,1band,reinspect,reinspect,0.7166947722434998,8.08292072658907,1,True,0.0
2_002_20200901_123055(9),2,3band,reinspect,reinspect,0.7191188335418701,7.327262457177058,1,True,0.0
2_002_20200901_191354(2),2,1band,reinspect,reinspect,0.7152369618415833,9.052568694081677,1,True,0.0
2_002_20200901_203328(4),2,3band,reinspect,reinspect,0.7202581763267517,8.278263526873953,1,True,0.0
2_002_20200901_203332(1),2,1band,reject,reject,0.7282110452651978,8.075054788670737,1,True,0.0
2_002_20200901_203335(1),2,1band,reject,reject,0.7244438529014587,7.818956912081729,1,True,0.0
2_002_20200901_203338(1),2,1band,reject,reject,0.7337222695350647,7.806304648168588,1,True,0.0
2_002_20200901_203341(0),2,1band,reject,reject,0.7275298833847046,7.407164557029901,1,True,0.0
2_002_20200901_203343(7),2,1band,reject,reject,0.7244409918785095,7.873814133575486,1,True,0.0
2_002_20200902_003149(5),2,1band,reinspect,reinspect,0.7103666067123413,9.063378467640504,1,True,0.0
2_002_20200902_003152(5),2,1band,reject,reject,0.7298299670219421,8.48700410325563,1,True,0.0
2_002_20200902_003155(5),2,1band,reinspect,reinspect,0.7089357376098633,8.973267916483879,1,True,0.0
2_002_20200902_003158(2),2,1band,reinspect,reinspect,0.721916675567627,7.811700337540233,1,True,0.0
2_002_20200902_003200(9),2,1band,reinspect,reinspect,0.7215357422828674,9.169189626947432,1,True,0.0
2_002_20200902_003203(7),2,1band,reinspect,reinspect,0.7175462245941162,8.00623936699222,1,True,0.0
2_002_20200902_043143(0),2,1band,reinspect,reinspect,0.7090322971343994,8.205919428987796,1,True,0.0
2_002_20200902_043145(9),2,1band,reinspect,reinspect,0.7179998159408569,8.763951747684025,1,True,0.0
2_002_20200902_043148(8),2,1band,reject,reject,0.7279229164123535,7.320880197371656,1,True,0.0
2_002_20200902_043151(7),2,1band,reinspect,reinspect,0.7134807705879211,8.81870479755409,1,True,0.0
2_002_20200902_043154(5),2,1band,reinspect,reinspect,0.7166666984558105,8.658377667753044,1,True,0.0
2_002_20200902_043157(3),2,1band,reinspect,reinspect,0.6998425126075745,8.45833948289726,1,True,0.0
2_002_20200902_082641(4),2,1band,reject,reject,0.7496618628501892,8.096849438052239,1,True,0.0
2_002_20200902_082645(7),2,1band,reject,reject,0.7469162344932556,8.112421512389691,1,True,0.0
2_002_20200902_082650(0),2,1band,reject,reject,0.7241776585578918,9.866116270302019,1,True,0.0
2_002_20200902_082654(4),2,1band,reject,reject,0.733116626739502,7.980716026707918,1,True,0.0
2_002_20200902_082658(4),2,1band,reject,reject,0.7273315787315369,8.460836334727206,1,True,0.0
2_002_20200902_082702(8),2,1band,reject,reject,0.728318452835083,7.725784226652001,1,True,0.0
2_002_20200904_230043(1),2,1band,reject,reject,0.7329684495925903,7.990191867437475,1,True,0.0
2_002_20200904_230047(0),2,1band,reject,reject,0.7237184643745422,8.372763026095491,1,True,0.0
2_002_20200904_230050(7),2,3band,reinspect,reinspect,0.7173378467559814,8.995820638323544,1,True,0.0
2_002_20200907_184832(7),2,1band,reinspect,reinspect,0.7207413911819458,7.907951212758779,1,True,0.0
2_002_20200907_184835(6),2,1band,reinspect,reinspect,0.7117578983306885,8.62817756547631,1,True,0.0
2_002_20200907_184838(9),2,1band,reject,reject,0.7343415021896362,8.34051095437566,1,True,0.0
2_002_20200907_184841(6),2,1band,reinspect,reinspect,0.7073997259140015,8.919689264375922,1,True,0.0
2_002_20200907_184844(1),2,1band,reject,reject,0.7330695986747742,9.184001600312204,1,True,0.0
2_002_20200907_184846(7),2,1band,reinspect,reinspect,0.7164844870567322,8.74578080454662,1,True,0.0
2_002_20200907_204436(3),2,3band,reinspect,reinspect,0.7191076874732971,9.45278261511424,1,True,0.0
2_002_20200907_204440(8),2,3band,reinspect,reinspect,0.7136415243148804,8.997227431728431,1,True,0.0
2_002_20200907_204445(2),2,1band,reinspect,reinspect,0.721653938293457,8.83696301338274,1,True,0.0
2_002_20200907_204449(9),2,1band,reinspect,reinspect,0.7197284698486328,9.458413010159067,1,True,0.0
2_002_20200907_204454(2),2,1band,reinspect,reinspect,0.7131199240684509,8.905258362371885,1,True,0.0
2_002_20200907_204458(7),2,1band,reject,reject,0.7415568828582764,7.844488363125292,1,True,0.0
2_002_20200908_003059(0),2,1band,reinspect,reinspect,0.7104101777076721,8.209146491938498,1,True,0.0
2_002_20200908_003103(2),2,1band,reject,reject,0.7319974899291992,8.030379498654218,1,True,0.0
2_002_20200908_003107(5),2,1band,reject,reject,0.7228584289550781,8.134636705128099,1,True,0.0
2_002_20200908_003111(0),2,1band,reinspect,reinspect,0.7125132083892822,8.652719477087384,1,True,0.0
2_002_20200908_003115(3),2,1band,reinspect,reinspect,0.7086331844329834,8.93695582708718,1,True,0.0
2_002_20200908_003119(9),2,1band,reinspect,reinspect,0.7104399800300598,8.118086267302147,1,True,0.0
2_002_20200908_043119(7),2,1band,reinspect,reinspect,0.7147027254104614,8.19396379677472,1,True,0.0
2_002_20200908_043124(3),2,1band,reject,reject,0.7342267632484436,7.841356274627272,1,True,0.0
2_002_20200908_043128(8),2,1band,reject,reject,0.7239381074905396,7.676854470612519,1,True,0.0
2_002_20200908_043133(4),2,3band,reinspect,reinspect,0.714786946773529,10.041165060023461,1,True,0.0
2_002_20200908_043137(8),2,3band,reinspect,reinspect,0.6770009994506836,10.685223584006291,1,True,0.0
2_002_20200908_043142(4),2,1band,reject,reject,0.7356507182121277,7.921789992136948,1,True,0.0
2_002_20200912_021355(2),2,1band,reject,reject,0.7301720380783081,8.547444944301255,1,True,0.0
2_002_20200912_021400(1),2,1band,reject,reject,0.7418015599250793,9.92886652601981,1,True,0.0
2_002_20200912_021403(1),2,1band,reject,reject,0.7269032001495361,10.275372570982768,1,True,0.0
2_002_20200912_021406(0),2,1band,reject,reject,0.741564929485321,8.022006247678409,1,True,0.0
2_002_20200912_021409(1),2,3band,reject,reject,0.7262417674064636,9.16916770432302,1,True,0.0
2_002_20200912_021412(4),2,1band,reject,reject,0.7260203957557678,7.525614621205281,1,True,0.0
2_002_20200912_043058(7),2,1band,reject,reject,0.733378529548645,7.5185132774333185,1,True,0.0
2_002_20200912_043103(1),2,3band,reinspect,reinspect,0.719982922077179,8.865829615226016,1,True,0.0
2_002_20200912_043107(6),2,1band,reject,reject,0.7275813221931458,7.874743785492631,1,True,0.0
2_002_20200912_043112(2),2,1band,reject,reject,0.727502703666687,8.60014954925288,1,True,0.0
2_002_20200912_043116(6),2,1band,reinspect,reinspect,0.7062171101570129,10.119491169847127,1,True,0.0
2_002_20200912_043121(1),2,1band,reinspect,reinspect,0.7130007147789001,8.252615729059556,1,True,0.0
2_002_20200912_122945(7),2,1band,reject,reject,0.7228958606719971,8.117731574215297,1,True,0.0
2_002_20200912_122948(3),2,1band,reject,reject,0.72902512550354,8.097676627921551,1,True,0.0
2_002_20200912_122951(2),2,1band,reject,reject,0.7270935773849487,8.137939868421629,1,True,0.0
2_002_20200912_122954(2),2,1band,reinspect,reinspect,0.7026536464691162,8.037540622605537,1,True,0.0
2_002_20200912_122957(0),2,1band,reject,reject,0.7407842874526978,7.929701354017375,1,True,0.0
2_002_20200912_122959(9),2,1band,reject,reject,0.7415146827697754,8.044804471188543,1,True,0.0
2_002_20200912_163155(6),2,1band,reinspect,reinspect,0.7039003968238831,8.272051179538769,1,True,0.0
2_002_20200912_163158(6),2,1band,reject,reject,0.7234369516372681,8.666040741405103,1,True,0.0
2_002_20200912_163201(5),2,1band,reinspect,reinspect,0.7157940864562988,8.000398970926993,1,True,0.0
2_002_20200912_163204(3),2,1band,reject,reject,0.7243760824203491,8.752637534340895,1,True,0.0
2_002_20200912_163207(3),2,1band,reinspect,reinspect,0.7153472900390625,8.722475618072137,1,True,0.0
2_002_20200912_163210(1),2,1band,reject,reject,0.7237249612808228,9.14777245044216,1,True,0.0
2_002_20200912_202615(6),2,1band,reject,reject,0.730513870716095,8.747237119940666,1,True,0.0
2_002_20200912_202620(0),2,1band,reject,reject,0.7327808737754822,8.528678311496575,1,True,0.0
2_002_20200912_202624(4),2,3band,reject,reject,0.7277920246124268,8.66227170319536,1,True,0.0
2_002_20200912_202629(0),2,1band,reject,reject,0.7319129705429077,8.311721327829186,1,True,0.0
2_002_20200912_202633(4),2,1band,reinspect,reinspect,0.7207534313201904,7.969324929255118,1,True,0.0
2_002_20200912_202637(9),2,1band,reject,reject,0.7267624735832214,7.583049338636681,1,True,0.0
2_002_20200914_082856(6),2,1band,reject,reject,0.7259649634361267,7.874917490881292,1,True,0.0
2_002_20200914_082900(7),2,1band,reject,reject,0.7266209721565247,7.76144459827279,1,True,0.0
2_002_20200914_082903(8),2,3band,reject,reject,0.7312988638877869,9.137808576509146,1,True,0.0
2_002_20200914_082906(7),2,1band,reject,reject,0.7285448312759399,8.196990056832206,1,True,0.0
2_002_20200914_082909(7),2,1band,reject,reject,0.7373864650726318,8.368296590407647,1,True,0.0
2_002_20200914_082913(3),2,1band,reject,reject,0.7230576276779175,8.057322166684049,1,True,0.0
2_002_20200914_123939(3),2,1band,reject,reject,0.7369304299354553,7.769358268451395,1,True,0.0
2_002_20200914_123943(9),2,1band,reject,reject,0.7232178449630737,7.641955647896266,1,True,0.0
2_002_20200914_123948(3),2,1band,reject,reject,0.7251843810081482,7.8128928376689375,1,True,0.0
2_002_20200914_123952(7),2,1band,reject,reject,0.7351523041725159,8.452817813610894,1,True,0.0
2_002_20200914_123957(3),2,1band,reject,reject,0.7409741282463074,8.408684254229264,1,True,0.0
2_002_20200914_124001(9),2,1band,reinspect,reinspect,0.7110281586647034,8.89562771606598,1,True,0.0
2_002_20200914_163059(4),2,1band,reinspect,reinspect,0.7173148393630981,9.966670518073133,1,True,0.0
2_002_20200914_163104(0),2,1band,reject,reject,0.7406538724899292,8.935797822159843,1,True,0.0
2_002_20200914_163108(5),2,1band,reinspect,reinspect,0.7091116309165955,8.269821300565129,1,True,0.0
2_002_20200914_163113(0),2,1band,reinspect,reinspect,0.7126625776290894,7.700566055988687,1,True,0.0
2_002_20200914_163117(5),2,1band,reinspect,reinspect,0.7035226225852966,8.477057212396259,1,True,0.0
2_002_20200914_163122(1),2,1band,reject,reject,0.7283169031143188,8.427478046299612,1,True,0.0
2_002_20200914_203029(2),2,1band,reinspect,reinspect,0.7120830416679382,8.92213133445189,1,True,0.0
2_002_20200914_203032(1),2,1band,reject,reject,0.7436736822128296,8.122030851152251,1,True,0.0
2_002_20200914_203035(2),2,1band,reject,reject,0.736208975315094,7.987730126253237,1,True,0.0
2_002_20200914_203038(1),2,1band,reject,reject,0.7317839860916138,7.7031094862574445,1,True,0.0
2_002_20200914_203041(1),2,1band,reinspect,reinspect,0.715801477432251,9.122727886243895,1,True,0.0
2_002_20200914_203045(7),2,1band,reinspect,reinspect,0.7187540531158447,7.921040026633135,1,True,0.0
2_002_20200915_003459(4),2,1band,reject,reject,0.7390686869621277,8.108054389535788,1,True,0.0
2_002_20200915_003502(0),2,3band,reinspect,reinspect,0.7211536765098572,7.393432648560955,1,True,0.0
2_002_20200915_003504(5),2,1band,reject,reject,0.7422159910202026,7.690541356975184,1,True,0.0
2_002_20200915_003507(2),2,3band,reject,reject,0.7366032600402832,7.866336151167484,1,True,0.0
2_002_20200915_003509(8),2,1band,reinspect,reinspect,0.7197990417480469,8.277046212950635,1,True,0.0
2_002_20200915_003512(4),2,1band,reject,reject,0.7448475956916809,8.002430490583874,1,True,0.0
2_002_20200915_043405(0),2,1band,reject,reject,0.7264562845230103,7.5682994622647755,1,True,0.0
2_002_20200915_043410(8),2,1band,reject,reject,0.734038770198822,7.909764314955932,1,True,0.0
2_002_20200915_043413(6),2,1band,reject,reject,0.7270464301109314,7.966848940295874,1,True,0.0
2_002_20200915_043416(5),2,1band,reinspect,reinspect,0.7134501338005066,8.015680721273132,1,True,0.0
2_002_20200915_043419(5),2,1band,reject,reject,0.726861298084259,8.367010340519386,1,True,0.0
2_002_20200915_043422(4),2,1band,reinspect,reinspect,0.7210302948951721,8.737098004843595,1,True,0.0
2_002_20200915_083044(8),2,1band,reinspect,reinspect,0.7218353152275085,9.085643121990708,1,True,0.0
2_002_20200915_083047(9),2,1band,reject,reject,0.724319338798523,10.430873941248496,1,True,0.0
2_002_20200915_083050(8),2,3band,reinspect,reinspect,0.6878448128700256,13.876705832183708,1,True,0.0
2_002_20200915_083053(9),2,1band,reinspect,reinspect,0.7190055847167969,7.310526225679745,1,True,0.0
2_002_20200915_083056(9),2,3band,reinspect,reinspect,0.7220677137374878,9.69904749575721,1,True,0.0
2_002_20200915_083059(9),2,1band,reject,reject,0.7233524322509766,8.03934187218883,1,True,0.0
2_002_20200915_123120(2),2,1band,reject,reject,0.7271085381507874,7.8672195062152195,1,True,0.0
2_002_20200915_123124(8),2,1band,reinspect,reinspect,0.7148434519767761,7.767964082817746,1,True,0.0
2_002_20200915_123129(4),2,1band,reinspect,reinspect,0.7201687693595886,8.815326730886651,1,True,0.0
2_002_20200915_123133(8),2,1band,reinspect,reinspect,0.706822395324707,9.75215885369291,1,True,0.0
2_002_20200915_123138(3),2,1band,reinspect,reinspect,0.7189469933509827,8.852151197247217,1,True,0.0
2_002_20200915_123142(8),2,1band,reinspect,reinspect,0.7103326320648193,8.965238968517497,1,True,0.0
2_002_20200915_163147(0),2,1band,reject,reject,0.7234739661216736,8.167605879056344,1,True,0.0
2_002_20200915_163150(3),2,1band,reject,reject,0.7468690276145935,7.9422375681748925,1,True,0.0
2_002_20200915_163153(6),2,1band,reject,reject,0.7353603839874268,8.095528650044308,1,True,0.0
2_002_20200915_163158(2),2,3band,reinspect,reinspect,0.7155154347419739,9.746547791046677,1,True,0.0
2_002_20200915_163204(1),2,1band,reject,reject,0.729000449180603,8.265346194952082,1,True,0.0
2_002_20200915_163207(2),2,1band,reinspect,reinspect,0.7214188575744629,9.344431653519981,1,True,0.0
2_002_20200915_203221(1),2,1band,reinspect,reinspect,0.7173739671707153,8.926366577627228,1,True,0.0
2_002_20200915_203224(0),2,1band,reject,reject,0.7481697797775269,8.39835869513429,1,True,0.0
2_002_20200915_203227(0),2,1band,reinspect,reinspect,0.7056937217712402,10.576145689217823,1,True,0.0
2_002_20200915_203230(0),2,1band,reinspect,reinspect,0.7175332307815552,14.982039827764623,1,True,0.0
2_002_20200915_203233(0),2,1band,reinspect,reinspect,0.7097678184509277,7.76724707687373,1,True,0.0
2_002_20200915_203236(0),2,3band,reinspect,reinspect,0.719307541847229,9.949547167313362,1,True,0.0
2_002_20200915_215738(0),2,1band,reinspect,reinspect,0.65790855884552,143.16906496074864,1,True,0.0
2_002_20200916_003108(4),2,1band,reject,reject,0.7330262064933777,8.084537283912294,1,True,0.0
2_002_20200916_003111(4),2,1band,reject,reject,0.7292875647544861,7.909125412247848,1,True,0.0
2_002_20200916_003114(5),2,1band,reinspect,reinspect,0.7070523500442505,7.829733645676825,1,True,0.0
2_002_20200916_003117(4),2,1band,reinspect,reinspect,0.7059317231178284,7.773209646667459,1,True,0.0
2_002_20200916_003120(4),2,1band,reject,reject,0.7252455949783325,7.862809617624773,1,True,0.0
2_002_20200916_003123(4),2,1band,reinspect,reinspect,0.7088887095451355,8.034714422138041,1,True,0.0
2_002_20200916_043144(0),2,1band,reject,reject,0.7325307130813599,7.740109418039968,1,True,0.0
2_002_20200916_043146(9),2,1band,reinspect,reinspect,0.7160772681236267,8.743156996426086,1,True,0.0
2_002_20200916_043150(0),2,1band,reinspect,reinspect,0.7146982550621033,7.96099512599366,1,True,0.0
2_002_20200916_043152(7),2,1band,reinspect,reinspect,0.7217782735824585,7.797544511986901,1,True,0.0
2_002_20200916_043155(6),2,1band,reinspect,reinspect,0.7130038142204285,8.886638196821822,1,True,0.0
2_002_20200916_043158(6),2,1band,reinspect,reinspect,0.6878610253334045,10.409629736140026,1,True,0.0
2_002_20200916_083057(9),2,1band,reject,reject,0.7268491983413696,9.027829270154959,1,True,0.0
2_002_20200916_083102(3),2,1band,reinspect,reinspect,0.7187774181365967,8.496378639338793,1,True,0.0
2_002_20200916_083106(8),2,1band,reject,reject,0.7299358248710632,7.838456977147007,1,True,0.0
2_002_20200916_083111(3),2,1band,reinspect,reinspect,0.7202491760253906,9.16276408497831,1,True,0.0
2_002_20200916_083115(8),2,3band,reject,reject,0.7259215712547302,9.26082525473305,1,True,0.0
2_002_20200916_083120(2),2,1band,reject,reject,0.7247735857963562,9.05369426545336,1,True,0.0
2_002_20200916_122640(9),2,1band,reject,reject,0.7348079085350037,8.20004624438767,1,True,0.0
2_002_20200916_122645(5),2,1band,reject,reject,0.7248890995979309,8.648788329075606,1,True,0.0
2_002_20200916_122650(1),2,1band,reject,reject,0.7323828935623169,7.63738136349381,1,True,0.0
2_002_20200916_122654(5),2,1band,reinspect,reinspect,0.7088652849197388,9.592837736624851,1,True,0.0
2_002_20200916_122659(0),2,1band,reinspect,reinspect,0.7037720084190369,11.831540034956229,1,True,0.0
2_002_20200916_122703(5),2,1band,reinspect,reinspect,0.718861997127533,8.712287762486202,1,True,0.0
2_002_20200916_203132(4),2,1band,reinspect,reinspect,0.7198781371116638,7.889627958069539,1,True,0.0
2_002_20200916_203136(3),2,1band,reject,reject,0.7345018982887268,7.882489798417931,1,True,0.0
2_002_20200916_203140(2),2,1band,reinspect,reinspect,0.7210625410079956,8.01992102934747,1,True,0.0
2_002_20200916_203144(3),2,1band,reject,reject,0.7314984202384949,7.8755434798142305,1,True,0.0
2_002_20200916_203148(2),2,1band,reject,reject,0.7321862578392029,8.27209787421209,1,True,0.0
2_002_20200916_203152(3),2,1band,reject,reject,0.7352373600006104,7.804035779559462,1,True,0.0
2_002_20200917_003224(9),2,1band,reinspect,reinspect,0.718578577041626,8.051020110965755,1,True,0.0
2_002_20200917_003228(7),2,1band,reject,reject,0.7226966023445129,7.923835676419342,1,True,0.0
2_002_20200917_003234(6),2,1band,reinspect,reinspect,0.7141774296760559,9.168531796056879,1,True,0.0
2_002_20200917_003238(7),2,1band,reinspect,reinspect,0.7067265510559082,8.862669654532052,1,True,0.0
2_002_20200917_003242(7),2,1band,reinspect,reinspect,0.7037230730056763,8.260150917569465,1,True,0.0
2_002_20200917_003246(7),2,1band,reinspect,reinspect,0.7084828615188599,8.952126865503002,1,True,0.0
2_002_20200917_043058(6),2,1band,reject,reject,0.7348621487617493,7.776183380568397,1,True,0.0
2_002_20200917_043102(6),2,1band,reinspect,reinspect,0.7035027146339417,8.941459953421198,1,True,0.0
2_002_20200917_043106(5),2,1band,reinspect,reinspect,0.7093234658241272,8.32659306344805,1,True,0.0
2_002_20200917_043110(7),2,1band,reinspect,reinspect,0.6935576796531677,10.340702309244975,1,True,0.0
2_002_20200917_043114(6),2,1band,reinspect,reinspect,0.7176436185836792,8.707152460332964,1,True,0.0
2_002_20200917_043118(5),2,1band,reject,reject,0.7245460748672485,9.473092480004228,1,True,0.0
2_002_20200917_083825(7),2,3band,reinspect,reinspect,0.7221598029136658,8.357778986214784,1,True,0.0
2_002_20200917_083829(7),2,1band,reject,reject,0.7310619354248047,7.938181821600833,1,True,0.0
2_002_20200917_083833(6),2,1band,reinspect,reinspect,0.714530348777771,7.753698987515614,1,True,0.0
2_002_20200917_083836(7),2,3band,reinspect,reinspect,0.7180948257446289,9.033210795763475,1,True,0.0
2_002_20200917_083840(1),2,1band,reinspect,reinspect,0.7133434414863586,9.073366599383874,1,True,0.0
2_002_20200917_083843(4),2,1band,reinspect,reinspect,0.7213599681854248,9.118932597277988,1,True,0.0
2_002_20200917_123114(9),2,1band,reject,reject,0.7294486165046692,9.076441662594101,1,True,0.0
2_002_20200917_123118(9),2,1band,reject,reject,0.7245649099349976,8.250091835482612,1,True,0.0
2_002_20200917_123122(9),2,1band,reject,reject,0.7243669033050537,9.130747880352475,1,True,0.0
2_002_20200917_123126(9),2,1band,reinspect,reinspect,0.7182446122169495,7.646477182833759,1,True,0.0
2_002_20200917_123130(9),2,1band,reject,reject,0.7232027649879456,8.470383002161949,1,True,0.0
2_002_20200917_123135(0),2,1band,reject,reject,0.7229230403900146,9.209603185982239,1,True,0.0
2_002_20200917_162827(5),2,1band,reinspect,reinspect,0.7127012610435486,9.052689806027676,1,True,0.0
2_002_20200917_162841(6),2,1band,reject,reject,0.7231786847114563,8.341734428240864,1,True,0.0
2_002_20200917_162845(6),2,1band,reinspect,reinspect,0.7127600312232971,9.17339118080351,1,True,0.0
2_002_20200917_162851(6),2,1band,reinspect,reinspect,0.7176011204719543,8.847213026863018,1,True,0.0
2_002_20200917_162855(9),2,3band,reinspect,reinspect,0.7152631878852844,8.481536142954674,1,True,0.0
2_002_20200917_162859(9),2,1band,reinspect,reinspect,0.7201555371284485,9.340735540187913,1,True,0.0
2_002_20200917_203038(6),2,1band,reject,reject,0.7404563426971436,8.153816328107421,1,True,0.0
2_002_20200917_203042(6),2,3band,reject,reject,0.7242568731307983,7.973506306239915,1,True,0.0
2_002_20200917_203046(7),2,1band,reject,reject,0.7233850359916687,9.068177713023552,1,True,0.0
2_002_20200917_203050(7),2,1band,reject,reject,0.7370962500572205,8.054789732706075,1,True,0.0
2_002_20200917_203054(5),2,1band,reinspect,reinspect,0.7187997698783875,7.9551309138921775,1,True,0.0
2_002_20200917_203058(6),2,1band,reject,reject,0.7332183122634888,7.920537901588477,1,True,0.0
2_002_20200918_003519(6),2,1band,reject,reject,0.7301419973373413,8.931003295799355,1,True,0.0
2_002_20200918_003523(4),2,1band,reinspect,reinspect,0.7053935527801514,8.702534178399048,1,True,0.0
2_002_20200918_003527(3),2,1band,reject,reject,0.7236120700836182,8.610801006100058,1,True,0.0
2_002_20200918_003531(2),2,1band,reinspect,reinspect,0.7154760360717773,7.907141407405974,1,True,0.0
2_002_20200918_003535(0),2,1band,reinspect,reinspect,0.7173687219619751,7.6915812472038905,1,True,0.0
2_002_20200918_003538(9),2,1band,reinspect,reinspect,0.7174791693687439,7.674932990692676,1,True,0.0
2_002_20200918_043323(0),2,1band,reinspect,reinspect,0.7187380194664001,8.726422653556085,1,True,0.0
2_002_20200918_043326(6),2,1band,reinspect,reinspect,0.7206332683563232,8.58494473403897,1,True,0.0
2_002_20200918_043330(5),2,1band,reject,reject,0.7229472398757935,8.599007386215627,1,True,0.0
2_002_20200918_043334(3),2,1band,reinspect,reinspect,0.7047016024589539,7.655262400768596,1,True,0.0
2_002_20200918_043338(2),2,1band,reject,reject,0.7322359681129456,7.920241013423725,1,True,0.0
2_002_20200918_043342(2),2,1band,reinspect,reinspect,0.7092949151992798,10.051672826728705,1,True,0.0
2_002_20200918_083026(0),2,1band,reinspect,reinspect,0.7216715812683105,7.925435819121977,1,True,0.0
2_002_20200918_083029(4),2,1band,reinspect,reinspect,0.7220839858055115,9.131439710030635,1,True,0.0
2_002_20200918_083033(4),2,3band,reject,reject,0.7310392260551453,8.067976529586922,1,True,0.0
2_002_20200918_083037(6),2,1band,reinspect,reinspect,0.7093884944915771,9.542947834695068,1,True,0.0
2_002_20200918_083041(4),2,1band,reject,reject,0.7342557907104492,8.0480161304201,1,True,0.0
2_002_20200918_083045(4),2,1band,reinspect,reinspect,0.7101304531097412,8.737034975545235,1,True,0.0
2_002_20200918_123100(6),2,1band,reinspect,reinspect,0.7108975052833557,7.60971758094587,1,True,0.0
2_002_20200918_123104(6),2,1band,reject,reject,0.7368962168693542,7.999477438458439,1,True,0.0
2_002_20200918_123108(7),2,1band,reinspect,reinspect,0.7099258899688721,8.106337245309549,1,True,0.0
2_002_20200918_123112(8),2,3band,reinspect,reinspect,0.7020329833030701,8.818394292255633,1,True,0.0
2_002_20200918_123116(5),2,3band,reinspect,reinspect,0.7204212546348572,9.936623054134522,1,True,0.0
2_002_20200918_123120(6),2,1band,reinspect,reinspect,0.7199863791465759,8.835264617259778,1,True,0.0
2_002_20200918_163058(9),2,1band,reinspect,reinspect,0.7113006711006165,8.609130369140612,1,True,0.0
2_002_20200918_163102(9),2,1band,reject,reject,0.728964626789093,8.22202861076197,1,True,0.0
2_002_20200918_163106(9),2,1band,reject,reject,0.7259687781333923,8.910050527103959,1,True,0.0
2_002_20200918_163110(9),2,1band,reject,reject,0.7285985946655273,9.020223523484205,1,True,0.0
2_002_20200918_163114(8),2,1band,reject,reject,0.7289723753929138,7.794210747462653,1,True,0.0
2_002_20200918_163118(7),2,1band,reject,reject,0.7415051460266113,8.090497801337353,1,True,0.0
2_002_20200921_111920(1),2,1band,reject,reject,0.7339465022087097,7.609808177385155,1,True,0.0
2_002_20200921_111923(3),2,1band,reject,reject,0.7274225354194641,9.406862942235433,1,True,0.0
2_002_20200921_111926(6),2,1band,reject,reject,0.7319930195808411,8.375359266193202,1,True,0.0
2_002_20200921_111930(0),2,1band,reinspect,reinspect,0.716651976108551,9.408259390843218,1,True,0.0
2_002_20200921_111933(1),2,1band,reinspect,reinspect,0.7217864394187927,9.755568098047792,1,True,0.0
2_002_20200921_111936(2),2,1band,reject,reject,0.7305058240890503,8.9079202219533,1,True,0.0
2_002_20200921_123149(8),2,1band,reinspect,reinspect,0.7142085433006287,7.824281196995205,1,True,0.0
2_002_20200921_123152(7),2,1band,reject,reject,0.7306329011917114,7.889448262655378,1,True,0.0
2_002_20200921_123155(7),2,1band,reject,reject,0.7313135266304016,8.328476196550438,1,True,0.0
2_002_20200921_123158(9),2,1band,reject,reject,0.7242645025253296,7.993337678039347,1,True,0.0
2_002_20200921_123201(8),2,1band,reject,reject,0.7310233116149902,7.7267249199273005,1,True,0.0
2_002_20200921_123207(6),2,1band,reject,reject,0.7402654886245728,8.21017355593371,1,True,0.0
2_002_20200921_163038(3),2,1band,reject,reject,0.728746235370636,9.541182401802514,1,True,0.0
2_002_20200921_163042(3),2,1band,reject,reject,0.7314642667770386,8.165660056864184,1,True,0.0
2_002_20200921_163045(4),2,1band,reject,reject,0.7321065664291382,8.321299730952752,1,True,0.0
2_002_20200921_163049(6),2,3band,reject,reject,0.7225887775421143,9.142906224426023,1,True,0.0
2_002_20200921_163052(5),2,1band,reject,reject,0.7377646565437317,7.8857746478389865,1,True,0.0
2_002_20200921_163055(5),2,1band,reject,reject,0.7298128604888916,7.541900378492471,1,True,0.0
2_002_20200921_202239(4),2,3band,reject,reject,0.7323889136314392,9.53779554817287,1,True,0.0
2_002_20200921_202244(0),2,1band,reinspect,reinspect,0.6956726908683777,9.140940469832538,1,True,0.0
2_002_20200921_202248(6),2,3band,reinspect,reinspect,0.705524742603302,13.579142324288467,1,True,0.0
2_002_20200921_202253(0),2,1band,reinspect,reinspect,0.7166549563407898,7.81615806758589,1,True,0.0
2_002_20200921_202257(4),2,1band,reject,reject,0.7411891222000122,8.14186732084153,1,True,0.0
2_002_20200921_202303(6),2,1band,reinspect,reinspect,0.7034879922866821,8.976345330987472,1,True,0.0
2_002_20200922_003106(0),2,3band,reject,reject,0.7248050570487976,7.680068940943273,1,True,0.0
2_002_20200922_003110(6),2,1band,reject,reject,0.7266900539398193,7.744102249370632,1,True,0.0
2_002_20200922_003115(1),2,3band,reinspect,reinspect,0.7161970734596252,7.9708616310044516,1,True,0.0
2_002_20200922_003119(6),2,3band,reinspect,reinspect,0.714364230632782,10.038197825634743,1,True,0.0
2_002_20200922_003124(2),2,1band,reject,reject,0.7406432032585144,7.9111086493873,1,True,0.0
2_002_20200922_003128(7),2,1band,reject,reject,0.7263733148574829,7.8464757937193275,1,True,0.0
2_002_20200922_043107(1),2,1band,reinspect,reinspect,0.7085287570953369,8.898206534304242,1,True,0.0
2_002_20200922_043111(6),2,1band,reinspect,reinspect,0.7165539860725403,7.912786349574606,1,True,0.0
2_002_20200922_043116(0),2,1band,reinspect,reinspect,0.7194055914878845,8.017166220730827,1,True,0.0
2_002_20200922_043120(5),2,3band,reject,reject,0.7267603278160095,8.021354309789581,1,True,0.0
2_002_20200922_043125(0),2,1band,reinspect,reinspect,0.7097916007041931,7.4830914430311335,1,True,0.0
2_002_20200922_043129(5),2,1band,reject,reject,0.7414219379425049,7.807976016289109,1,True,0.0
2_002_20200922_083741(5),2,1band,reject,reject,0.7368256449699402,7.804967596466825,1,True,0.0
2_002_20200922_083744(6),2,1band,reject,reject,0.7290253043174744,7.641326050042813,1,True,0.0
2_002_20200922_083747(7),2,1band,reinspect,reinspect,0.7180063724517822,8.11722713823757,1,True,0.0
2_002_20200922_083750(6),2,1band,reject,reject,0.7285708785057068,7.545142427488116,1,True,0.0
2_002_20200922_083753(5),2,1band,reject,reject,0.728388249874115,8.782387587063695,1,True,0.0
2_002_20200922_083756(6),2,1band,reinspect,reinspect,0.720869243144989,7.744957284175692,1,True,0.0
2_002_20200922_122726(9),2,1band,reinspect,reinspect,0.7102123498916626,8.833216483111986,1,True,0.0
2_002_20200922_122730(0),2,1band,reinspect,reinspect,0.699969470500946,10.082789727356696,1,True,0.0
2_002_20200922_122732(8),2,1band,reject,reject,0.7270683646202087,7.88214421619779,1,True,0.0
2_002_20200922_122737(2),2,1band,reinspect,reinspect,0.7081730961799622,9.195167743487467,1,True,0.0
2_002_20200922_122741(6),2,1band,reinspect,reinspect,0.6865036487579346,10.132253588734086,1,True,0.0
2_002_20200922_122746(0),2,1band,reject,reject,0.7378031015396118,7.715989604044363,1,True,0.0
2_002_20200922_163036(2),2,1band,reject,reject,0.7330504059791565,8.290260159275968,1,True,0.0
2_002_20200922_163039(5),2,1band,reject,reject,0.728025496006012,7.681661132017332,1,True,0.0
2_002_20200922_163043(6),2,1band,reinspect,reinspect,0.7027378678321838,8.198399435590595,1,True,0.0
2_002_20200922_163047(8),2,1band,reject,reject,0.722832441329956,8.77800931101795,1,True,0.0
2_002_20200922_163053(8),2,1band,reject,reject,0.7282654047012329,7.606675391864204,1,True,0.0
2_002_20200922_163059(7),2,1band,reject,reject,0.7361930012702942,7.886158724585391,1,True,0.0
3_001_20200624_162846(3),3,3band,reinspect,reinspect,0.6866341829299927,13.209514750651353,3,True,0.0
3_001_20200624_162850(9),3,3band,reinspect,reinspect,0.7061476707458496,18.329264236397048,3,True,0.0
3_001_20200629_123129(6),3,3band,reinspect,reinspect,0.6805585622787476,15.357398327684843,3,True,0.0
3_001_20200629_163728(4),3,3band,reinspect,reinspect,0.686744749546051,13.934555036304296,3,True,0.0
3_001_20200629_163732(9),3,3band,reinspect,reinspect,0.6733991503715515,7.841907144096762,3,True,0.0
3_001_20200629_163737(5),3,3band,reinspect,reinspect,0.6741920709609985,15.026060771496736,3,True,0.0
3_001_20200629_163741(9),3,3band,reinspect,reinspect,0.679786205291748,8.264479438193161,3,True,0.0
3_001_20200629_163746(6),3,3band,reinspect,reinspect,0.6770927906036377,15.00991084081813,3,True,0.0
3_001_20200629_163756(6),3,3band,reinspect,reinspect,0.685767412185669,15.095956822417067,3,True,0.0
3_001_20200629_202802(6),3,3band,reinspect,reinspect,0.6919262409210205,18.10513400166321,3,True,0.0
3_001_20200629_202807(1),3,3band,reinspect,reinspect,0.6826580166816711,15.00974154131429,3,True,0.0
3_001_20200629_202811(5),3,3band,reinspect,reinspect,0.6913703680038452,15.784142685810364,3,True,0.0
3_001_20200629_202816(1),3,3band,reinspect,reinspect,0.690357506275177,12.906600803869692,3,True,0.0
3_001_20200629_202820(6),3,3band,reinspect,reinspect,0.6944583058357239,15.684103775943093,2,True,0.0
3_001_20200629_202825(1),3,3band,reinspect,reinspect,0.6937664151191711,14.134544856863181,2,True,0.0
3_001_20200630_003006(2),3,3band,reinspect,reinspect,0.6869681477546692,15.39654125849391,3,True,0.0
3_001_20200630_003010(8),3,3band,reinspect,reinspect,0.6792231202125549,17.615916607729346,3,True,0.0
3_001_20200630_003015(1),3,3band,reinspect,reinspect,0.691545307636261,15.857037279568639,3,True,0.0
3_001_20200630_003019(7),3,3band,reinspect,reinspect,0.693941056728363,12.809254678090545,3,True,0.0
3_001_20200630_003024(2),3,3band,reinspect,reinspect,0.6842310428619385,13.940565052881784,3,True,0.0
3_001_20200630_003033(2),3,3band,reinspect,reinspect,0.6887643337249756,14.5269898359619,3,True,0.0
3_001_20200630_043339(8),3,3band,reinspect,reinspect,0.6973519325256348,14.101445420786032,3,True,0.0
3_001_20200630_043538(1),3,3band,reinspect,reinspect,0.6748719215393066,14.912154478184132,3,True,0.0
3_001_20200630_043544(2),3,3band,reinspect,reinspect,0.6863242983818054,15.372454349557085,3,True,0.0
3_001_20200630_043548(7),3,3band,reinspect,reinspect,0.7058365345001221,14.079356479727046,3,True,0.0
3_001_20200630_043600(9),3,3band,reinspect,reinspect,0.7090336680412292,15.356799183428704,3,True,0.0
3_001_20200630_043605(5),3,3band,reinspect,reinspect,0.6843594312667847,18.285318027067717,3,True,0.0
3_001_20200630_083235(6),3,3band,reinspect,reinspect,0.6742237210273743,15.907020645370862,3,True,0.0
3_001_20200630_083322(2),3,3band,reinspect,reinspect,0.6795960068702698,14.819014015334938,3,True,0.0
3_001_20200630_083331(2),3,3band,reinspect,reinspect,0.6891663074493408,15.011693295255137,3,True,0.0
3_001_20200630_083350(7),3,3band,reinspect,reinspect,0.700413167476654,14.548864465209595,3,True,0.0
3_001_20200630_083355(1),3,3band,reinspect,reinspect,0.6976054310798645,9.538044182191056,3,True,0.0
3_001_20200630_083405(7),3,3band,reinspect,reinspect,0.6820889711380005,14.630811536692288,3,True,0.0
3_001_20200630_123334(2),3,3band,reinspect,reinspect,0.6857103109359741,14.113188661083068,3,True,0.0
3_001_20200630_123338(7),3,3band,reinspect,reinspect,0.6980497241020203,14.381743731716394,3,True,0.0
3_001_20200630_123343(2),3,3band,reinspect,reinspect,0.7010821104049683,8.664254022207022,3,True,0.0
3_001_20200630_123347(6),3,3band,reinspect,reinspect,0.6768231391906738,15.044936819787868,3,True,0.0
3_001_20200630_123352(1),3,3band,reinspect,reinspect,0.6950973868370056,14.493758387602242,3,True,0.0
3_001_20200630_123423(6),3,3band,reinspect,reinspect,0.6845769286155701,14.904519320662784,3,True,0.0
3_001_20200630_123426(8),3,3band,reinspect,reinspect,0.7004647850990295,15.137640242229441,3,True,0.0
3_001_20200630_163111(8),3,3band,reinspect,reinspect,0.6437902450561523,15.261230092093435,3,True,0.0
3_001_20200630_163116(2),3,3band,reinspect,reinspect,0.6715277433395386,15.224220505223167,3,True,0.0
3_001_20200630_163120(7),3,3band,reinspect,reinspect,0.7103091478347778,14.30770155496423,3,True,0.0
3_001_20200630_163125(2),3,3band,reinspect,reinspect,0.7083605527877808,14.158397883480607,3,True,0.0
3_001_20200630_163129(8),3,3band,reinspect,reinspect,0.6989103555679321,14.447752424995084,3,True,0.0
3_001_20200630_163134(2),3,3band,reinspect,reinspect,0.7001979947090149,14.703080515542847,3,True,0.0
3_001_20200630_163147(8),3,3band,reinspect,reinspect,0.6678880453109741,14.5552576269136,3,True,0.0
3_001_20200630_203200(3),3,3band,reinspect,reinspect,0.6931406259536743,14.197586425382985,3,True,0.0
3_001_20200630_203205(0),3,3band,reinspect,reinspect,0.68963623046875,13.544303696284029,3,True,0.0
3_001_20200630_203209(3),3,3band,reinspect,reinspect,0.680543839931488,16.211232999706386,3,True,0.0
3_001_20200630_203213(8),3,3band,reinspect,reinspect,0.6981629133224487,14.582814127846303,3,True,0.0
3_001_20200630_203218(3),3,3band,reinspect,reinspect,0.704079270362854,13.892982700801232,3,True,0.0
3_001_20200630_203222(8),3,3band,reinspect,reinspect,0.7017787098884583,14.014513626372617,3,True,0.0
3_001_20200701_004132(8),3,3band,reinspect,reinspect,0.6905466318130493,14.517691560007895,3,True,0.0
3_001_20200701_004141(6),3,3band,reinspect,reinspect,0.6946885585784912,14.851671259893342,3,True,0.0
3_001_20200701_004146(2),3,3band,reinspect,reinspect,0.6873630285263062,14.181092290709126,3,True,0.0
3_001_20200701_004150(6),3,3band,reinspect,reinspect,0.6961060166358948,14.381216492751141,3,True,0.0
3_001_20200701_004155(1),3,3band,reinspect,reinspect,0.6801066398620605,13.077038290592505,3,True,0.0
3_001_20200701_004159(7),3,3band,reinspect,reinspect,0.6733576059341431,13.93426072719921,3,True,0.0
3_001_20200701_043236(2),3,3band,reinspect,reinspect,0.7077247500419617,16.37095884996989,3,True,0.0
3_001_20200701_043245(3),3,3band,reinspect,reinspect,0.6971667408943176,14.99786660753634,3,True,0.0
3_001_20200701_043249(7),3,3band,reinspect,reinspect,0.675395667552948,14.230996674938822,3,True,0.0
3_001_20200701_043258(7),3,3band,reinspect,reinspect,0.6982966661453247,15.409835615417114,3,True,0.0
3_001_20200701_043307(7),3,3band,reinspect,reinspect,0.6480786204338074,15.936369951008599,3,True,0.0
3_001_20200701_043312(4),3,3band,reinspect,reinspect,0.6795397400856018,19.014183270389815,3,True,0.0
3_001_20200701_083251(9),3,3band,reinspect,reinspect,0.6734256148338318,17.17236110805497,3,True,0.0
3_001_20200701_083256(5),3,3band,reinspect,reinspect,0.6988736391067505,18.72975246464051,3,True,0.0
3_001_20200701_083300(7),3,3band,reinspect,reinspect,0.7028566598892212,17.96137235667419,3,True,0.0
3_001_20200701_083309(8),3,3band,reinspect,reinspect,0.6851884126663208,19.938125634004887,3,True,0.0
3_001_20200701_083323(2),3,3band,reinspect,reinspect,0.6993147730827332,18.799501031739364,3,True,0.0
3_001_20200701_083327(8),3,3band,reinspect,reinspect,0.6932585835456848,16.15194925217843,3,True,0.0
3_001_20200701_123507(7),3,3band,reinspect,reinspect,0.6841795444488525,9.774979678951421,3,True,0.0
3_001_20200701_123511(0),3,3band,reinspect,reinspect,0.6817166805267334,16.17991528609304,3,True,0.0
3_001_20200701_123514(1),3,3band,reinspect,reinspect,0.6769571900367737,15.869684208872545,3,True,0.0
3_001_20200701_123517(3),3,3band,reinspect,reinspect,0.6945052742958069,15.051092610470425,3,True,0.0
3_001_20200701_123520(6),3,3band,reinspect,reinspect,0.6872509121894836,17.544739202665593,3,True,0.0
3_001_20200701_123523(9),3,3band,reinspect,reinspect,0.6853321194648743,14.205107726649166,3,True,0.0
3_001_20200701_163109(0),3,3band,reinspect,reinspect,0.6611165404319763,15.185561558238607,3,True,0.0
3_001_20200701_163112(8),3,3band,reinspect,reinspect,0.6978043913841248,12.276768051843343,3,True,0.0
3_001_20200701_163121(1),3,3band,reinspect,reinspect,0.7066611647605896,13.887527690238574,3,True,0.0
3_001_20200701_163140(2),3,3band,reinspect,reinspect,0.7072775363922119,14.979700841652267,3,True,0.0
3_001_20200701_163144(5),3,3band,reinspect,reinspect,0.5997157096862793,15.466829892042986,3,True,0.0
3_001_20200701_163202(1),3,3band,reinspect,reinspect,0.6676530241966248,15.363336649112743,3,True,0.0
3_001_20200701_203552(7),3,3band,reinspect,reinspect,0.6812761425971985,8.761926729308389,2,True,0.0
3_001_20200701_203557(3),3,3band,reinspect,reinspect,0.6966800689697266,10.419427850324297,3,True,0.0
3_001_20200701_203601(8),3,3band,reinspect,reinspect,0.6943342089653015,14.685799358019947,3,True,0.0
3_001_20200701_203606(3),3,3band,reinspect,reinspect,0.701593279838562,12.606099429850227,2,False,0.0
3_001_20200701_203610(7),3,3band,reinspect,reinspect,0.6754744648933411,13.30906924973245,2,False,0.0
3_001_20200701_203615(2),3,3band,reinspect,reinspect,0.6775248646736145,15.186347267377611,3,True,0.0
3_001_20200702_003135(7),3,3band,reinspect,reinspect,0.708261251449585,15.254218666256435,3,True,0.0
3_001_20200702_003140(4),3,3band,reinspect,reinspect,0.6982235908508301,13.924957785369374,3,True,0.0
3_001_20200702_003149(3),3,3band,reinspect,reinspect,0.6824253797531128,12.2249061264669,3,True,0.0
3_001_20200702_003154(0),3,3band,reinspect,reinspect,0.7036548852920532,8.77302332216139,3,True,0.0
3_001_20200702_003158(4),3,3band,reinspect,reinspect,0.6996315121650696,15.072182030714208,3,True,0.0
3_001_20200702_003203(1),3,3band,reinspect,reinspect,0.6818990707397461,17.01065125831671,3,True,0.0
3_001_20200702_043956(5),3,3band,reinspect,reinspect,0.6947344541549683,17.741453520350603,3,True,0.0
3_001_20200702_043959(8),3,3band,reinspect,reinspect,0.7122120261192322,8.658179599888031,3,True,0.0
3_001_20200702_044003(1),3,3band,reinspect,reinspect,0.6975544095039368,14.102270285626183,3,True,0.0
3_001_20200702_044006(3),3,3band,reinspect,reinspect,0.6676189303398132,15.16693518456064,3,True,0.0
3_001_20200702_044009(8),3,3band,reinspect,reinspect,0.6939293146133423,15.495048590174278,3,True,0.0
3_001_20200702_044013(2),3,3band,reinspect,reinspect,0.6774994134902954,15.08826516843399,3,True,0.0
3_001_20200706_083233(2),3,3band,reinspect,reinspect,0.6620564460754395,13.088883600820596,3,True,0.0
3_001_20200706_083236(5),3,3band,reinspect,reinspect,0.6916993260383606,13.411809487901666,3,True,0.0
3_001_20200706_083239(5),3,3band,reinspect,reinspect,0.6869507431983948,15.624849240964533,3,True,0.0
3_001_20200706_083242(3),3,3band,reinspect,reinspect,0.6892008185386658,11.077357792212323,3,True,0.0
3_001_20200706_083245(3),3,3band,reinspect,reinspect,0.6847430467605591,15.226605314043931,3,True,0.0
3_001_20200706_083248(4),3,3band,reinspect,reinspect,0.6959589123725891,15.852036100040618,3,True,0.0
3_001_20200706_123355(3),3,3band,reinspect,reinspect,0.6792861223220825,15.038293589124661,3,True,0.0
3_001_20200706_123359(3),3,3band,reinspect,reinspect,0.679682195186615,11.339467589464336,3,True,0.0
3_001_20200706_123411(3),3,3band,reinspect,reinspect,0.6900630593299866,14.893166401960343,3,True,0.0
3_001_20200706_123437(4),3,3band,reinspect,reinspect,0.670695424079895,15.338668644566948,3,False,0.0
3_001_20200706_123445(4),3,3band,reinspect,reinspect,0.7048562169075012,13.144577858555358,3,True,0.0
3_001_20200706_123449(4),3,3band,reinspect,reinspect,0.6869168877601624,14.422631484941455,3,True,0.0
3_001_20200706_163108(5),3,3band,reinspect,reinspect,0.6730135083198547,16.032774041683616,2,True,0.0
3_001_20200706_163112(5),3,3band,reinspect,reinspect,0.6934915781021118,11.505434351478016,2,True,0.0
3_001_20200706_163116(3),3,3band,reinspect,reinspect,0.6939918994903564,11.351027876183807,1,False,0.0
3_001_20200706_163120(5),3,3band,reinspect,reinspect,0.6721265912055969,12.72584820233349,2,False,0.0
3_001_20200706_163124(3),3,3band,reinspect,reinspect,0.6775130033493042,19.075482678532527,2,True,0.0
3_001_20200706_163134(3),3,3band,reinspect,reinspect,0.6763195395469666,12.758262332648604,2,False,0.0
3_001_20200706_203245(6),3,3band,reinspect,reinspect,0.6839876770973206,11.567547611420508,3,True,0.0
3_001_20200706_203309(2),3,3band,reinspect,reinspect,0.6750937104225159,13.886860390630211,3,True,0.0
3_001_20200706_203419(5),3,3band,reinspect,reinspect,0.6970489621162415,14.430368691717403,3,True,0.0
3_001_20200706_203456(7),3,3band,reinspect,reinspect,0.6939957141876221,11.66564354930279,3,True,0.0
3_001_20200706_203500(1),3,3band,reinspect,reinspect,0.6676657199859619,15.15647389276697,3,True,0.0
3_001_20200706_203520(0),3,3band,reinspect,reinspect,0.6903866529464722,11.418489934815923,3,True,0.0
3_001_20200707_003223(4),3,3band,reinspect,reinspect,0.6933401226997375,14.711496036858053,3,True,0.0
3_001_20200707_003233(9),3,3band,reinspect,reinspect,0.686595618724823,14.7419468499724,3,True,0.0
3_001_20200707_003256(1),3,3band,reinspect,reinspect,0.6831551194190979,14.966929603400315,3,True,0.0
3_001_20200707_003312(2),3,3band,reinspect,reinspect,0.684201180934906,11.187889568661474,3,True,0.0
3_001_20200707_003315(4),3,3band,reinspect,reinspect,0.6931795477867126,9.360190128788053,3,True,0.0
3_001_20200707_003402(5),3,3band,reinspect,reinspect,0.6848891973495483,15.056679921375714,3,True,0.0
3_001_20200707_043717(1),3,3band,reinspect,reinspect,0.6888366937637329,14.31308923036764,3,True,0.0
3_001_20200707_043827(5),3,3band,reinspect,reinspect,0.6926226615905762,14.55594512815824,3,True,0.0
3_001_20200707_043842(1),3,3band,reinspect,reinspect,0.6843150854110718,10.303228853739753,3,True,0.0
3_001_20200707_043856(6),3,3band,reinspect,reinspect,0.6876842975616455,15.181807409103463,3,True,0.0
3_001_20200707_043900(9),3,3band,reinspect,reinspect,0.6815436482429504,14.386965895207489,3,True,0.0
3_001_20200707_044035(7),3,3band,reinspect,reinspect,0.6812436580657959,14.490962761838329,3,True,0.0
3_001_20200707_083252(0),3,3band,reinspect,reinspect,0.7122464776039124,13.282444177196076,3,True,0.0
3_001_20200707_083254(7),3,3band,reinspect,reinspect,0.6880788207054138,13.091738040902737,2,True,0.0
3_001_20200707_083257(4),3,3band,reinspect,reinspect,0.6834679245948792,13.015009039614093,1,False,0.0
3_001_20200707_083259(9),3,3band,reinspect,reinspect,0.6768412590026855,18.65830278561563,3,True,0.0
3_001_20200707_083302(4),3,3band,reinspect,reinspect,0.6968536972999573,12.183243365461287,2,True,0.0
3_001_20200707_083305(1),3,3band,reinspect,reinspect,0.6983957290649414,11.928777997843474,3,True,0.0
3_001_20200707_123433(4),3,3band,reinspect,reinspect,0.6912083625793457,14.967151655577084,3,True,0.0
3_001_20200707_123441(2),3,3band,reinspect,reinspect,0.7040959596633911,10.990464136461068,3,True,0.0
3_001_20200707_123448(9),3,3band,reinspect,reinspect,0.6640860438346863,12.132186546521357,3,True,0.0
3_001_20200707_123557(9),3,3band,reinspect,reinspect,0.688951313495636,13.828388076163947,3,True,0.0
3_001_20200707_123605(6),3,3band,reinspect,reinspect,0.6809372305870056,13.267887275406085,3,True,0.0
3_001_20200707_123640(2),3,3band,reinspect,reinspect,0.6851390600204468,14.266540939939736,3,True,0.0
3_001_20200708_041209(1),3,3band,reinspect,reinspect,0.6665512919425964,17.86029710889941,3,True,0.0
3_001_20200708_041212(4),3,3band,reinspect,reinspect,0.7017687559127808,15.158203466613795,3,True,0.0
3_001_20200708_041219(0),3,3band,reinspect,reinspect,0.6928699016571045,14.3010001565796,3,True,0.0
3_001_20200708_041228(7),3,3band,reinspect,reinspect,0.6762921810150146,16.10159416702672,3,True,0.0
3_001_20200708_041231(7),3,3band,reinspect,reinspect,0.6932042837142944,14.761422471914177,3,True,0.0
3_001_20200708_093645(7),3,3band,reinspect,reinspect,0.6919556856155396,14.811439326851618,3,True,0.0
3_001_20200708_093653(4),3,3band,reinspect,reinspect,0.6720917224884033,10.384802710861347,3,True,0.0
3_001_20200708_093657(4),3,3band,reinspect,reinspect,0.6887726783752441,13.060058365049297,3,True,0.0
3_001_20200708_093703(5),3,3band,reinspect,reinspect,0.6813164949417114,14.781504695159912,3,True,0.0
3_001_20200708_093714(9),3,3band,reinspect,reinspect,0.680575966835022,13.097575602018651,3,True,0.0
3_001_20200708_093723(4),3,3band,reinspect,reinspect,0.6623659729957581,17.043080004671673,3,True,0.0
3_001_20200708_123604(8),3,3band,reinspect,reinspect,0.6728145480155945,11.811191780477175,3,True,0.0
3_001_20200708_123620(9),3,3band,reinspect,reinspect,0.701141893863678,12.33103748461651,3,True,0.0
3_001_20200708_123811(1),3,3band,reinspect,reinspect,0.6877803802490234,12.961052242546687,3,True,0.0
3_001_20200708_123855(3),3,3band,reinspect,reinspect,0.6848093867301941,11.799976870780092,3,True,0.0
3_001_20200708_123935(2),3,3band,reinspect,reinspect,0.7020257115364075,11.460428581956252,3,True,0.0
3_001_20200708_123946(1),3,3band,reinspect,reinspect,0.6581214070320129,15.62001657542427,3,True,0.0
3_001_20200708_163845(3),3,3band,reinspect,reinspect,0.6896398663520813,15.102479232204065,1,True,0.0
3_001_20200708_163848(2),3,3band,reinspect,reinspect,0.6978446245193481,15.51064944932452,2,True,0.0
3_001_20200708_163851(0),3,3band,reinspect,reinspect,0.7024951577186584,15.552542028788935,1,False,0.0
3_001_20200708_163853(5),3,3band,reinspect,reinspect,0.6837812662124634,17.25187638157656,2,True,0.0
3_001_20200708_163856(2),3,3band,reinspect,reinspect,0.6832435131072998,14.7278513770571,3,True,0.0
3_001_20200708_163858(9),3,3band,reinspect,reinspect,0.6717297434806824,11.392962561015946,3,True,0.0
3_001_20200708_203204(7),3,3band,reinspect,reinspect,0.6945568323135376,14.64841058385321,3,True,0.0
3_001_20200708_203208(3),3,3band,reinspect,reinspect,0.6889492869377136,15.341217548775116,3,True,0.0
3_001_20200708_203247(7),3,3band,reinspect,reinspect,0.6687530875205994,17.269445155460488,3,True,0.0
3_001_20200708_203804(5),3,3band,reinspect,reinspect,0.6813048720359802,14.761293361016419,3,True,0.0
3_001_20200708_203844(8),3,3band,reinspect,reinspect,0.6803725957870483,13.683678358896492,3,True,0.0
3_001_20200708_203917(6),3,3band,reinspect,reinspect,0.670074462890625,16.066035308048253,3,True,0.0
3_001_20200713_091052(5),3,3band,reinspect,reinspect,0.6839793920516968,15.21663404733176,3,True,0.0
3_001_20200713_091104(2),3,3band,reinspect,reinspect,0.6846792697906494,14.038731813154667,3,True,0.0
3_001_20200713_091113(2),3,3band,reinspect,reinspect,0.684799075126648,18.697216157567162,3,True,0.0
3_001_20200713_091125(7),3,3band,reinspect,reinspect,0.696708083152771,14.15463860320011,3,True,0.0
3_001_20200713_091129(5),3,3band,reinspect,reinspect,0.6863589882850647,15.214499684171885,3,True,0.0
3_001_20200713_091141(5),3,3band,reinspect,reinspect,0.6531755328178406,16.572064156460055,3,True,0.0
3_001_20200713_123019(3),3,3band,reinspect,reinspect,0.6630545258522034,14.460852902046593,3,True,0.0
3_001_20200713_123032(8),3,3band,reinspect,reinspect,0.6789783835411072,14.687982776004596,3,True,0.0
3_001_20200713_123043(4),3,3band,reinspect,reinspect,0.6890602707862854,11.65838269791565,3,True,0.0
3_001_20200713_123049(2),3,3band,reinspect,reinspect,0.6690502762794495,14.156974496733568,3,True,0.0
3_001_20200713_123108(0),3,3band,reinspect,reinspect,0.6963585615158081,14.863229030765307,3,True,0.0
3_001_20200713_123114(3),3,3band,reinspect,reinspect,0.6884571313858032,15.65402029537403,3,True,0.0
3_001_20200713_163743(9),3,3band,reinspect,reinspect,0.6894015669822693,11.512056779583649,3,True,0.0
3_001_20200713_163757(3),3,3band,reinspect,reinspect,0.6799622178077698,18.02457509919624,3,True,0.0
3_001_20200713_163904(8),3,3band,reinspect,reinspect,0.706483006477356,11.703511844868954,3,True,0.0
3_001_20200713_163925(9),3,3band,reinspect,reinspect,0.6971550583839417,14.297870685062033,3,True,0.0
3_001_20200713_163945(4),3,3band,reinspect,reinspect,0.6844830513000488,11.195039760391266,3,True,0.0
3_001_20200713_164009(3),3,3band,reinspect,reinspect,0.7108463048934937,14.83952462975408,3,True,0.0
3_001_20200713_202630(0),3,3band,reinspect,reinspect,0.6927573084831238,11.169521748547794,1,False,0.0
3_001_20200713_202634(5),3,3band,reinspect,reinspect,0.6883400082588196,16.948799226797842,3,True,0.0
3_001_20200713_202639(1),3,3band,reinspect,reinspect,0.6930601000785828,14.315721489931002,2,True,0.0
3_001_20200713_202643(6),3,3band,reinspect,reinspect,0.6978973150253296,17.538525850598155,2,True,0.0
3_001_20200713_202648(2),3,3band,reinspect,reinspect,0.6897594928741455,14.433816059393743,3,True,0.0
3_001_20200713_202652(6),3,3band,reinspect,reinspect,0.7063488960266113,14.889895941300734,3,True,0.0
3_001_20200714_003045(4),3,3band,reinspect,reinspect,0.6967290639877319,14.798594820606978,3,True,0.0
3_001_20200714_003052(4),3,3band,reinspect,reinspect,0.6944916844367981,15.751846949248808,3,True,0.0
3_001_20200714_003110(6),3,3band,reinspect,reinspect,0.7009649872779846,15.319449788743677,3,True,0.0
3_001_20200714_003118(1),3,3band,reinspect,reinspect,0.6827144622802734,15.327233310915657,3,True,0.0
3_001_20200714_003133(7),3,3band,reinspect,reinspect,0.6681378483772278,15.283019644166908,3,True,0.0
3_001_20200714_003137(8),3,3band,reinspect,reinspect,0.6939037442207336,11.286624585462823,3,True,0.0
3_001_20200714_042943(8),3,3band,reinspect,reinspect,0.7050253748893738,14.04025545189576,3,True,0.0
3_001_20200714_042948(4),3,3band,reinspect,reinspect,0.7063287496566772,13.226991005511803,3,True,0.0
3_001_20200714_042957(3),3,3band,reinspect,reinspect,0.688923180103302,15.350354099781399,3,True,0.0
3_001_20200714_043001(8),3,3band,reinspect,reinspect,0.6915229558944702,15.718876783470686,3,True,0.0
3_001_20200714_043006(2),3,3band,reinspect,reinspect,0.661803126335144,10.757073296107398,3,True,0.0
3_001_20200714_043010(8),3,3band,reinspect,reinspect,0.6940799355506897,14.239912954355285,3,True,0.0
3_001_20200714_084009(9),3,3band,reinspect,reinspect,0.6724027395248413,18.772992318434003,3,True,0.0
3_001_20200714_084013(3),3,3band,reinspect,reinspect,0.6888671517372131,14.970882730909997,3,True,0.0
3_001_20200714_084020(1),3,3band,reinspect,reinspect,0.6846627593040466,11.782731521230412,3,True,0.0
3_001_20200714_084027(0),3,3band,reinspect,reinspect,0.6908467411994934,18.222400428573454,3,True,0.0
3_001_20200714_084047(6),3,3band,reinspect,reinspect,0.6962419748306274,15.13545909476437,3,True,0.0
3_001_20200714_084106(0),3,3band,reinspect,reinspect,0.6985467672348022,13.886159046070588,3,True,0.0
3_001_20200714_123235(9),3,3band,reinspect,reinspect,0.7008478045463562,11.17640423541184,3,True,0.0
3_001_20200714_123240(4),3,3band,reinspect,reinspect,0.6660162806510925,15.60438150454423,3,True,0.0
3_001_20200714_123244(9),3,3band,reinspect,reinspect,0.6806448101997375,14.470875519866558,3,True,0.0
3_001_20200714_123249(5),3,3band,reinspect,reinspect,0.6812137365341187,14.374572271802155,3,True,0.0
3_001_20200714_123253(9),3,3band,reinspect,reinspect,0.6682976484298706,10.825239372431412,3,True,0.0
3_001_20200714_123258(4),3,3band,reinspect,reinspect,0.6795802116394043,14.022568803536888,3,True,0.0
3_001_20200714_163058(0),3,3band,reinspect,reinspect,0.6977977752685547,17.90266377014121,3,True,0.0
3_001_20200714_163100(9),3,3band,reinspect,reinspect,0.6766526699066162,15.363726520756957,3,True,0.0
3_001_20200714_163104(1),3,3band,reinspect,reinspect,0.6846572160720825,16.215645609542293,3,True,0.0
3_001_20200714_163107(2),3,3band,reinspect,reinspect,0.6801261305809021,14.845059889122878,3,True,0.0
3_001_20200714_163110(3),3,3band,reinspect,reinspect,0.6718365550041199,15.584923207631059,3,True,0.0
3_001_20200714_163113(3),3,3band,reinspect,reinspect,0.6952860951423645,17.2169793192598,3,True,0.0
3_001_20200714_225902(4),3,3band,reinspect,reinspect,0.6879559755325317,7.998285107489173,3,True,0.0
3_001_20200714_225906(4),3,3band,reinspect,reinspect,0.6798030138015747,13.757024734726505,3,True,0.0
3_001_20200714_225909(9),3,3band,reinspect,reinspect,0.6691032648086548,14.401557997292608,3,True,0.0
3_001_20200714_225913(0),3,3band,reinspect,reinspect,0.6975092887878418,13.09521273985871,3,True,0.0
3_001_20200714_225916(1),3,3band,reinspect,reinspect,0.6739624738693237,15.010598378871608,3,True,0.0
3_001_20200714_225919(2),3,3band,reinspect,reinspect,0.6882405281066895,13.518375651745036,3,True,0.0
3_001_20200715_002651(8),3,3band,reinspect,reinspect,0.7081369161605835,14.404644669242789,3,True,0.0
3_001_20200715_002656(3),3,3band,reinspect,reinspect,0.6963817477226257,15.37418185236816,3,True,0.0
3_001_20200715_002700(8),3,3band,reinspect,reinspect,0.6838386058807373,14.105896397901073,3,True,0.0
3_001_20200715_002705(1),3,3band,reinspect,reinspect,0.6963942050933838,12.716645709151654,3,True,0.0
3_001_20200715_002709(8),3,3band,reinspect,reinspect,0.6695720553398132,14.374175427773864,3,True,0.0
3_001_20200715_002714(2),3,3band,reinspect,reinspect,0.7116818428039551,12.824613209717029,3,True,0.0
3_001_20200715_042104(4),3,3band,reinspect,reinspect,0.6930787563323975,15.604804410872367,3,True,0.0
3_001_20200715_042108(8),3,3band,reinspect,reinspect,0.6691093444824219,14.012851131451063,3,True,0.0
3_001_20200715_042113(4),3,3band,reinspect,reinspect,0.7051087021827698,13.025435084896507,3,True,0.0
3_001_20200715_042118(0),3,3band,reinspect,reinspect,0.6813247799873352,15.34725848474304,3,True,0.0
3_001_20200715_042122(5),3,3band,reinspect,reinspect,0.6918010115623474,11.307333353732139,3,True,0.0
3_001_20200715_042127(0),3,3band,reinspect,reinspect,0.7014962434768677,14.991282952343013,3,True,0.0
3_001_20200715_083509(3),3,3band,reinspect,reinspect,0.6802101731300354,14.516644582085128,3,True,0.0
3_001_20200715_083513(8),3,3band,reinspect,reinspect,0.7074256539344788,11.498722582279774,3,True,0.0
3_001_20200715_083518(2),3,3band,reinspect,reinspect,0.6922765970230103,15.730362604295614,3,True,0.0
3_001_20200715_083522(7),3,3band,reinspect,reinspect,0.688464343547821,14.85794848845225,3,True,0.0
3_001_20200715_083527(3),3,3band,reinspect,reinspect,0.6910269856452942,12.686876537145054,3,True,0.0
3_001_20200715_083531(8),3,3band,reinspect,reinspect,0.6965565085411072,12.83704250269525,3,True,0.0
3_001_20200721_163828(2),3,1band,reinspect,reinspect,0.6532593369483948,14.860551663331519,1,True,0.0
3_001_20200721_163831(6),3,1band,pass,reinspect,0.5360297560691833,13.026286530262867,1,True,0.0
3_001_20200721_163835(0),3,1band,reinspect,reinspect,0.6075869798660278,14.606951408342281,1,True,0.0
3_001_20200721_163838(2),3,1band,reinspect,reinspect,0.560019314289093,11.69439949156786,1,True,0.0
3_001_20200721_163841(6),3,1band,pass,reinspect,0.4549591541290283,10.59347264476853,1,True,0.0
3_001_20200721_163845(0),3,1band,reinspect,reinspect,0.596346378326416,14.341523769674447,1,True,0.0
3_001_20200722_003342(7),3,1band,reinspect,reinspect,0.6775319576263428,14.963543405793471,1,True,0.0
3_001_20200722_003351(5),3,1band,reinspect,reinspect,0.6507737636566162,10.82777911282119,1,True,0.0
3_001_20200722_043531(1),3,1band,reinspect,reinspect,0.5740282535552979,11.286913241930327,1,True,0.0
3_001_20200722_043535(5),3,1band,reinspect,reinspect,0.6878153085708618,14.35689062975836,1,True,0.0
3_001_20200722_083525(2),3,1band,reinspect,reinspect,0.7004287838935852,14.557436592021903,1,True,0.0
3_001_20200722_083529(6),3,1band,reinspect,reinspect,0.671670138835907,11.980640757428441,1,True,0.0
3_001_20200722_131315(1),3,1band,pass,reinspect,0.5354364514350891,19.72241106604523,1,True,0.0
3_001_20200722_131319(5),3,1band,reinspect,reinspect,0.5765978097915649,12.297067303495613,1,True,0.0
3_001_20200722_163247(7),3,1band,pass,reinspect,0.5283463597297668,11.265607049194994,1,True,0.0
3_001_20200722_163255(2),3,1band,reinspect,reinspect,0.5884947776794434,16.40835505439924,1,True,0.0
3_001_20200723_003047(2),3,1band,reinspect,reinspect,0.6267775893211365,12.80680420885572,1,True,0.0
3_001_20200723_003051(9),3,1band,reinspect,reinspect,0.6497285962104797,14.368005436834109,1,True,0.0
3_001_20200723_043303(9),3,1band,reinspect,reinspect,0.6957356929779053,13.834039037038515,1,True,0.0
3_001_20200723_043308(5),3,1band,reinspect,reinspect,0.5850539207458496,12.260916979359973,1,True,0.0
3_001_20200723_082647(1),3,1band,reinspect,reinspect,0.604262113571167,11.569300368146903,1,True,0.0
3_001_20200723_082651(6),3,1band,reinspect,reinspect,0.6328878998756409,10.677648136917423,1,True,0.0
3_001_20200723_123426(4),3,1band,reinspect,reinspect,0.6102087497711182,18.06643276449951,1,True,0.0
3_001_20200723_123428(2),3,1band,reinspect,reinspect,0.6741788983345032,11.217761461870223,1,True,0.0
3_001_20200723_163233(0),3,1band,pass,reinspect,0.526016116142273,13.8252097846478,1,True,0.0
3_001_20200723_163243(6),3,1band,reinspect,reinspect,0.5885095000267029,11.146665935267556,1,True,0.0
3_001_20200723_203353(2),3,1band,reinspect,reinspect,0.7042969465255737,15.253204053557,1,True,0.0
3_001_20200723_203357(7),3,1band,pass,reinspect,0.4922178089618683,14.389932621771518,1,True,0.0
3_001_20200724_003201(1),3,1band,reinspect,reinspect,0.6364554762840271,14.828395618015247,1,True,0.0
3_001_20200724_003210(1),3,1band,reinspect,reinspect,0.6624770760536194,14.294638509467797,1,True,0.0
3_001_20200727_091913(0),3,1band,pass,reinspect,0.5392909049987793,11.300195312884174,1,True,0.0
3_001_20200727_091915(2),3,1band,reinspect,reinspect,0.577392041683197,14.562463370292003,1,True,0.0
3_001_20200727_123118(0),3,1band,reinspect,reinspect,0.6978433728218079,12.010189503554066,1,True,0.0
3_001_20200727_123121(5),3,1band,reinspect,reinspect,0.6910156011581421,16.306213351551232,1,True,0.0
3_001_20200727_163532(4),3,1band,reinspect,reinspect,0.6123554110527039,14.25718129429946,1,True,0.0
3_001_20200727_163538(3),3,1band,pass,reinspect,0.4965332150459289,16.10882750873652,1,True,0.0
3_001_20200810_085047(2),3,1band,reinspect,reinspect,0.6833181977272034,16.008349800727135,1,True,0.0
3_001_20200814_043345(8),3,1band,reinspect,reinspect,0.6415143013000488,16.19198625200595,1,True,0.0
3_001_20200818_123638(1),3,1band,reinspect,reinspect,0.6334819793701172,10.561924263102508,1,True,0.0
3_001_20200819_162727(9),3,1band,reinspect,reinspect,0.6165661215782166,15.829536768893057,1,True,0.0
3_001_20200831_123324(1),3,1band,reinspect,reinspect,0.6535733342170715,15.425490703951347,1,True,0.0
3_001_20200831_163330(7),3,1band,reinspect,reinspect,0.6772778630256653,15.616843739524667,1,True,0.0
3_001_20200831_163332(1),3,1band,reinspect,reinspect,0.6994088292121887,13.757213896936205,1,True,0.0
3_001_20200831_203249(0),3,1band,reinspect,reinspect,0.6443586349487305,9.707874883113497,1,True,0.0
3_001_20200831_203253(5),3,1band,pass,reinspect,0.5177000761032104,11.660822823278378,1,True,0.0
3_001_20200901_003429(1),3,1band,reinspect,reinspect,0.6406400203704834,10.056799861270548,1,True,0.0
3_001_20200901_003433(7),3,1band,reinspect,reinspect,0.6417686343193054,11.593758080932341,1,True,0.0
3_001_20200901_003438(1),3,1band,reinspect,reinspect,0.6702842116355896,10.607098358001405,1,True,0.0
3_001_20200901_003442(7),3,1band,pass,reinspect,0.5385714769363403,15.598514396305411,1,True,0.0
3_001_20200901_003447(1),3,1band,reinspect,reinspect,0.5571193695068359,9.86623078309046,1,True,0.0
3_001_20200901_003451(7),3,1band,reinspect,reinspect,0.6737751364707947,9.978922162595977,1,True,0.0
3_001_20200901_043410(8),3,1band,reinspect,reinspect,0.6296051144599915,11.04582020051134,1,True,0.0
3_001_20200901_043415(3),3,1band,reinspect,reinspect,0.6746023297309875,10.65185698891416,1,True,0.0
3_001_20200901_043419(9),3,1band,pass,reinspect,0.5285515785217285,10.696913234014644,1,True,0.0
3_001_20200901_043424(4),3,1band,reinspect,reinspect,0.6821591258049011,10.162362838552957,1,True,0.0
3_001_20200901_043428(8),3,1band,reinspect,reinspect,0.6782772541046143,9.110598815746162,1,True,0.0
3_001_20200901_043433(3),3,1band,reinspect,reinspect,0.6877977252006531,10.669505129938308,1,True,0.0
3_001_20200901_083346(7),3,1band,reinspect,reinspect,0.6676455736160278,13.725705813639035,1,True,0.0
3_001_20200901_083356(1),3,1band,reinspect,reinspect,0.6427167654037476,10.488148230017321,1,True,0.0
3_001_20200901_083422(0),3,1band,reinspect,reinspect,0.6868804097175598,10.450316020184035,1,True,0.0
3_001_20200901_083438(5),3,1band,reinspect,reinspect,0.654244601726532,12.370855017496098,1,True,0.0
3_001_20200901_083442(9),3,1band,reinspect,reinspect,0.6409400701522827,13.89860308306217,1,True,0.0
3_001_20200901_083502(5),3,1band,reinspect,reinspect,0.6739373207092285,13.707056459076368,1,True,0.0
3_001_20200901_123053(8),3,1band,reinspect,reinspect,0.6234758496284485,13.749652581603081,1,True,0.0
3_001_20200901_123056(9),3,1band,reinspect,reinspect,0.6953190565109253,14.115381808816828,1,True,0.0
3_001_20200901_123100(2),3,1band,reinspect,reinspect,0.663479208946228,13.689007434630135,1,True,0.0
3_001_20200901_123103(2),3,1band,reinspect,reinspect,0.5873129367828369,10.09720876569692,1,True,0.0
3_001_20200901_123106(4),3,3band,pass,reinspect,0.5515797734260559,16.168307468950186,1,True,0.0
3_001_20200901_123109(7),3,1band,pass,reinspect,0.5163744688034058,9.623845958594583,1,True,0.0
3_001_20200904_230425(6),3,1band,reinspect,reinspect,0.6919425129890442,16.23407465785665,1,True,0.0
3_001_20200904_230429(3),3,1band,reinspect,reinspect,0.6449865102767944,13.137819856646212,1,True,0.0
3_001_20200904_230433(1),3,1band,reinspect,reinspect,0.6513544321060181,14.458141241662505,1,True,0.0
3_001_20200904_230437(0),3,1band,reinspect,reinspect,0.6303789615631104,9.800232539807764,1,True,0.0
3_001_20200904_230440(7),3,3band,reinspect,reinspect,0.6176549792289734,11.981044826754488,1,True,0.0
3_001_20200904_230444(3),3,1band,reinspect,reinspect,0.6089901328086853,12.830501058689517,1,True,0.0
3_001_20200905_003911(9),3,1band,reinspect,reinspect,0.5997939705848694,11.388124994563494,1,True,0.0
3_001_20200905_003914(9),3,1band,reinspect,reinspect,0.6747773289680481,11.8827071721556,1,True,0.0
3_001_20200905_003918(2),3,1band,reinspect,reinspect,0.6620018482208252,15.280011928987081,1,True,0.0
3_001_20200905_003921(2),3,1band,reinspect,reinspect,0.5907090902328491,13.03551356823604,1,True,0.0
3_001_20200905_003924(3),3,1band,reinspect,reinspect,0.6818240284919739,12.462613511568849,1,True,0.0
3_001_20200905_003927(3),3,1band,pass,reinspect,0.502159833908081,12.646632833595541,1,True,0.0
3_001_20200905_043356(8),3,1band,reinspect,reinspect,0.653484582901001,19.348939110445702,1,True,0.0
3_001_20200905_043359(9),3,1band,reinspect,reinspect,0.6916581988334656,13.985705365390878,1,True,0.0
3_001_20200905_043402(9),3,1band,reinspect,reinspect,0.6034693717956543,13.79729270176701,1,True,0.0
3_001_20200905_043406(0),3,1band,reinspect,reinspect,0.5658508539199829,13.216913781085946,1,True,0.0
3_001_20200905_043409(3),3,1band,reinspect,reinspect,0.645000696182251,13.082123952504427,1,True,0.0
3_001_20200905_043412(3),3,1band,reinspect,reinspect,0.6813656091690063,14.381576160058728,1,True,0.0
3_001_20200905_083552(0),3,1band,reinspect,reinspect,0.6482337117195129,12.808731163413144,1,True,0.0
3_001_20200905_083555(2),3,1band,reinspect,reinspect,0.7043665051460266,10.72021480109247,1,True,0.0
3_001_20200905_083558(2),3,1band,reinspect,reinspect,0.6903784871101379,15.026035688817581,1,True,0.0
3_001_20200905_083603(0),3,1band,reinspect,reinspect,0.6493454575538635,13.491032464024661,1,True,0.0
3_001_20200905_083606(6),3,1band,reinspect,reinspect,0.700339674949646,13.596870083093094,1,True,0.0
3_001_20200905_083609(7),3,1band,reinspect,reinspect,0.6343389749526978,13.746848550703131,1,True,0.0
3_001_20200905_123258(6),3,1band,reinspect,reinspect,0.6458909511566162,18.293059028079007,1,True,0.0
3_001_20200905_123303(2),3,1band,reinspect,reinspect,0.6720356345176697,15.939016468621968,1,True,0.0
3_001_20200905_123307(6),3,1band,reinspect,reinspect,0.6939696073532104,16.199396542235675,1,True,0.0
3_001_20200905_123312(1),3,1band,reinspect,reinspect,0.5948016047477722,10.833706868885056,1,True,0.0
3_001_20200905_123316(6),3,1band,reinspect,reinspect,0.5636365413665771,10.504222448074676,1,True,0.0
3_001_20200905_123321(0),3,1band,reinspect,reinspect,0.6567240357398987,8.186453706638341,1,True,0.0
3_001_20200905_164117(6),3,1band,reinspect,reinspect,0.6294167637825012,12.697742090614671,1,True,0.0
3_001_20200905_164122(0),3,1band,reinspect,reinspect,0.6482328176498413,13.098904469709922,1,True,0.0
3_001_20200905_164126(5),3,1band,reinspect,reinspect,0.6001361608505249,10.864164371022767,1,True,0.0
3_001_20200905_164131(0),3,1band,reinspect,reinspect,0.6563664674758911,15.169784429078794,1,True,0.0
3_001_20200905_164135(4),3,1band,reinspect,reinspect,0.6957340240478516,15.875272892453646,1,True,0.0
3_001_20200905_164140(0),3,1band,reinspect,reinspect,0.7020724415779114,13.599276934632668,1,True,0.0
3_001_20200905_204255(4),3,1band,reinspect,reinspect,0.6780286431312561,13.587855254521495,1,True,0.0
3_001_20200905_204300(0),3,1band,reinspect,reinspect,0.6851865649223328,12.887716936476444,1,True,0.0
3_001_20200905_204304(5),3,1band,reinspect,reinspect,0.6968245506286621,13.964826523903987,1,True,0.0
3_001_20200905_204309(0),3,1band,reinspect,reinspect,0.6983904838562012,13.45743413112955,1,True,0.0
3_001_20200905_204313(4),3,1band,reinspect,reinspect,0.6605899333953857,14.74711924566721,1,True,0.0
3_001_20200905_204317(9),3,1band,reinspect,reinspect,0.6808204054832458,13.133042250458308,1,True,0.0
3_001_20200907_185040(2),3,1band,reinspect,reinspect,0.6262857913970947,14.356416763300404,1,True,0.0
3_001_20200907_185043(2),3,1band,reinspect,reinspect,0.6861916184425354,12.63111305583784,1,True,0.0
3_001_20200907_185046(1),3,1band,reinspect,reinspect,0.6117687225341797,19.991019995488763,1,True,0.0
3_001_20200907_185049(1),3,1band,reinspect,reinspect,0.5750654339790344,13.811542015465369,1,True,0.0
3_001_20200907_185052(1),3,1band,reinspect,reinspect,0.6537083387374878,19.147732170726954,1,True,0.0
3_001_20200907_185055(2),3,1band,reinspect,reinspect,0.6811721920967102,15.875128050905763,1,True,0.0
3_001_20200907_204437(0),3,3band,reinspect,reinspect,0.6455782651901245,13.47264944196679,1,True,0.0
3_001_20200907_204440(2),3,1band,reinspect,reinspect,0.6942545175552368,13.885462693842989,1,True,0.0
3_001_20200907_204443(2),3,1band,reinspect,reinspect,0.7151188254356384,14.273851457569062,1,True,0.0
3_001_20200907_204446(0),3,1band,reinspect,reinspect,0.6228413581848145,9.34345132267972,1,True,0.0
3_001_20200907_204448(8),3,1band,reinspect,reinspect,0.6511287093162537,10.21529422889369,1,True,0.0
3_001_20200907_204451(8),3,1band,reinspect,reinspect,0.7032830715179443,10.888227767131536,1,True,0.0
3_001_20200908_003050(8),3,1band,reinspect,reinspect,0.6198771595954895,12.044800051359582,1,True,0.0
3_001_20200908_003059(1),3,1band,pass,reinspect,0.5321388840675354,10.754117840512368,1,True,0.0
3_001_20200908_003103(1),3,1band,reinspect,reinspect,0.6918053030967712,16.19839569434783,1,True,0.0
3_001_20200908_003107(4),3,1band,reinspect,reinspect,0.6788786053657532,14.4452031100912,1,True,0.0
3_001_20200908_003111(1),3,1band,reinspect,reinspect,0.670885443687439,13.726733267923027,1,True,0.0
3_001_20200908_003115(2),3,1band,reinspect,reinspect,0.7056957483291626,12.664592942080526,1,True,0.0
3_001_20200908_043328(0),3,1band,reinspect,reinspect,0.6024987101554871,16.765315852503875,1,True,0.0
3_001_20200908_043332(2),3,1band,reinspect,reinspect,0.6428284645080566,12.180733927723509,1,True,0.0
3_001_20200908_043336(7),3,1band,reinspect,reinspect,0.6645360589027405,10.917155483805216,1,True,0.0
3_001_20200908_043341(4),3,1band,reinspect,reinspect,0.7003393173217773,14.533961701169083,1,True,0.0
3_001_20200908_043345(8),3,1band,reinspect,reinspect,0.7067285776138306,16.171539702751158,1,True,0.0
3_001_20200908_043350(5),3,1band,reinspect,reinspect,0.6065733432769775,13.626673386895177,1,True,0.0
3_001_20200912_021546(2),3,1band,reinspect,reinspect,0.6926482915878296,10.1963080604224,1,True,0.0
3_001_20200912_021549(3),3,1band,reinspect,reinspect,0.6223165392875671,10.062972889180491,1,True,0.0
3_001_20200912_021552(4),3,1band,reinspect,reinspect,0.6970776915550232,16.763491527567993,1,True,0.0
3_001_20200912_021555(0),3,1band,reinspect,reinspect,0.6875855326652527,13.517879845019232,1,True,0.0
3_001_20200912_021601(0),3,1band,reinspect,reinspect,0.6717023849487305,13.870336770470509,1,True,0.0
3_001_20200912_021604(3),3,1band,reinspect,reinspect,0.6178711652755737,13.102734707957932,1,True,0.0
3_001_20200912_043256(0),3,1band,reinspect,reinspect,0.6311023831367493,13.176025610684631,1,True,0.0
3_001_20200912_043259(2),3,1band,reinspect,reinspect,0.5996003150939941,13.560720523128104,1,True,0.0
3_001_20200912_043302(3),3,1band,reinspect,reinspect,0.6277921199798584,12.691159390398493,1,True,0.0
3_001_20200912_043304(9),3,3band,reinspect,reinspect,0.692367672920227,15.255762544825213,1,True,0.0
3_001_20200912_043307(9),3,1band,reinspect,reinspect,0.5942454934120178,12.602104304125465,1,True,0.0
3_001_20200912_043310(9),3,1band,reinspect,reinspect,0.6277074217796326,16.01182284897884,1,True,0.0
3_001_20200912_123123(1),3,1band,reinspect,reinspect,0.6317756175994873,9.954406489498023,1,True,0.0
3_001_20200912_123126(0),3,1band,reinspect,reinspect,0.6196647882461548,9.51419715085288,1,True,0.0
3_001_20200912_123129(3),3,1band,reinspect,reinspect,0.691415548324585,10.427133888168358,1,True,0.0
3_001_20200912_123132(4),3,1band,reinspect,reinspect,0.6741493940353394,9.624354398779671,1,True,0.0
3_001_20200912_123135(5),3,1band,pass,reinspect,0.5515189170837402,12.512755164098051,1,True,0.0
3_001_20200912_123138(5),3,1band,reinspect,reinspect,0.5605161190032959,9.994853674264911,1,True,0.0
3_001_20200912_163419(0),3,1band,reinspect,reinspect,0.6695342659950256,10.362981161994785,1,True,0.0
3_001_20200912_163423(5),3,1band,pass,reinspect,0.5537786483764648,9.787228733472018,1,True,0.0
3_001_20200912_163427(9),3,1band,reinspect,reinspect,0.6849674582481384,10.539893890203162,1,True,0.0
3_001_20200912_163432(2),3,1band,reinspect,reinspect,0.6843264698982239,10.429599638455095,1,True,0.0
3_001_20200912_163436(7),3,1band,reinspect,reinspect,0.6417151093482971,9.414846056063926,1,True,0.0
3_001_20200912_163441(0),3,1band,pass,reinspect,0.5411428809165955,10.434973550165104,1,True,0.0
3_001_20200912_202811(1),3,1band,reinspect,reinspect,0.5763224363327026,16.460838221201975,1,True,0.0
3_001_20200912_202815(6),3,1band,reinspect,reinspect,0.6694798469543457,9.760583238921413,1,True,0.0
3_001_20200912_202820(0),3,1band,reinspect,reinspect,0.6378574967384338,10.831721453656797,1,True,0.0
3_001_20200912_202824(6),3,1band,reinspect,reinspect,0.6143607497215271,13.290174385756814,1,True,0.0
3_001_20200912_202829(2),3,1band,reinspect,reinspect,0.6212285757064819,14.512663993265248,1,True,0.0
3_001_20200912_202833(7),3,1band,reinspect,reinspect,0.6684821844100952,16.745413315651202,1,True,0.0
3_001_20200914_083101(5),3,1band,reinspect,reinspect,0.6352401375770569,17.872373643229913,1,True,0.0
3_001_20200914_083105(1),3,1band,reinspect,reinspect,0.5978229641914368,17.93203838185233,1,True,0.0
3_001_20200914_083108(8),3,1band,reinspect,reinspect,0.6533448100090027,14.924951832808853,1,True,0.0
3_001_20200914_083111(5),3,1band,reinspect,reinspect,0.6033862829208374,15.8701056733207,1,True,0.0
3_001_20200914_083114(5),3,1band,reinspect,reinspect,0.60957932472229,15.822484035512822,1,True,0.0
3_001_20200914_083117(5),3,1band,reinspect,reinspect,0.6245120167732239,8.057504477078433,1,True,0.0
3_001_20200914_124151(5),3,1band,reinspect,reinspect,0.7056063413619995,8.737088210222812,1,True,0.0
3_001_20200914_124155(9),3,1band,reinspect,reinspect,0.6761955618858337,10.673137256591934,1,True,0.0
3_001_20200914_124200(5),3,1band,reinspect,reinspect,0.6588330864906311,10.549221826852538,1,True,0.0
3_001_20200914_124205(0),3,1band,reinspect,reinspect,0.643771231174469,14.099753833039788,1,True,0.0
3_001_20200914_124209(5),3,1band,reinspect,reinspect,0.6882331371307373,14.291798925350175,1,True,0.0
3_001_20200914_124214(0),3,1band,reinspect,reinspect,0.6507395505905151,13.25780008722724,1,True,0.0
3_001_20200914_163305(1),3,1band,reinspect,reinspect,0.6561399102210999,14.752760805114587,1,True,0.0
3_001_20200914_163315(7),3,1band,reinspect,reinspect,0.7015584111213684,13.834509761502988,1,True,0.0
3_001_20200914_163320(2),3,1band,reinspect,reinspect,0.6995545625686646,14.526538956083423,1,True,0.0
3_001_20200914_163324(7),3,1band,reinspect,reinspect,0.6581598520278931,9.687761992254497,1,True,0.0
3_001_20200914_163333(8),3,1band,reinspect,reinspect,0.6675133109092712,15.500033193534266,1,True,0.0
3_001_20200914_163338(3),3,1band,reinspect,reinspect,0.6876690983772278,10.734761554257393,1,True,0.0
3_001_20200914_203322(0),3,1band,reinspect,reinspect,0.6448190212249756,10.884583718054985,1,True,0.0
3_001_20200914_203326(4),3,1band,pass,reinspect,0.4864411056041717,9.835241450017842,1,True,0.0
3_001_20200914_203330(8),3,1band,pass,reinspect,0.528864324092865,10.267331835101041,1,True,0.0
3_001_20200914_203335(4),3,1band,reinspect,reinspect,0.6387578248977661,11.016506221476762,1,True,0.0
3_001_20200914_203340(0),3,1band,reinspect,reinspect,0.648870587348938,9.105298582881998,1,True,0.0
3_001_20200914_203344(4),3,1band,reinspect,reinspect,0.6750527024269104,10.925584694784257,1,True,0.0
3_001_20200915_003734(8),3,3band,reinspect,reinspect,0.6333476305007935,15.499478874659038,1,True,0.0
3_001_20200915_003737(5),3,1band,reinspect,reinspect,0.6291395425796509,11.582100721854086,1,True,0.0
3_001_20200915_003740(4),3,3band,reinspect,reinspect,0.6729799509048462,14.38687180490836,1,True,0.0
3_001_20200915_003743(5),3,1band,reinspect,reinspect,0.614290714263916,10.752285699073457,1,True,0.0
3_001_20200915_003746(5),3,1band,reinspect,reinspect,0.5566484928131104,14.947163551460072,1,True,0.0
3_001_20200915_003749(6),3,1band,reinspect,reinspect,0.5763069987297058,16.195773526409244,1,True,0.0
3_001_20200915_043556(4),3,1band,reinspect,reinspect,0.6528749465942383,10.910745323987854,1,True,0.0
3_001_20200915_043601(0),3,1band,reinspect,reinspect,0.6932910680770874,9.54278649212407,1,True,0.0
3_001_20200915_043605(3),3,1band,pass,reinspect,0.4734672605991363,9.098596170683287,1,True,0.0
3_001_20200915_043609(9),3,1band,reinspect,reinspect,0.6466049551963806,9.258801760878585,1,True,0.0
3_001_20200915_043614(4),3,1band,reinspect,reinspect,0.6498720049858093,10.532248303797388,1,True,0.0
3_001_20200915_043618(9),3,1band,reinspect,reinspect,0.6572368144989014,15.801510979125444,1,True,0.0
3_001_20200915_083241(0),3,3band,reinspect,reinspect,0.6634901165962219,10.024876188504457,1,True,0.0
3_001_20200915_083245(4),3,1band,reinspect,reinspect,0.6639428734779358,9.664395318973975,1,True,0.0
3_001_20200915_083250(0),3,1band,reinspect,reinspect,0.684849739074707,17.21553513230208,1,True,0.0
3_001_20200915_083254(5),3,1band,reinspect,reinspect,0.6405330896377563,13.728761593746048,1,True,0.0
3_001_20200915_083259(0),3,1band,reinspect,reinspect,0.6670515537261963,13.936034646531576,1,True,0.0
3_001_20200915_083303(4),3,1band,reinspect,reinspect,0.666179358959198,17.287631874579873,1,True,0.0
3_001_20200915_123359(7),3,1band,reinspect,reinspect,0.6002913117408752,10.7523245237357,1,True,0.0
3_001_20200915_123404(4),3,1band,reinspect,reinspect,0.6317165493965149,12.974154705932067,1,True,0.0
3_001_20200915_123409(0),3,1band,reinspect,reinspect,0.6566612720489502,15.839606626131916,1,True,0.0
3_001_20200915_123413(3),3,1band,reinspect,reinspect,0.6984242796897888,13.994144752887264,1,True,0.0
3_001_20200915_123417(9),3,1band,reinspect,reinspect,0.7020728588104248,13.780187287079578,1,True,0.0
3_001_20200915_123422(2),3,1band,reinspect,reinspect,0.7065757513046265,14.873785091885422,1,True,0.0
3_001_20200915_164139(8),3,1band,pass,reinspect,0.5161113739013672,9.365716573211438,1,True,0.0
3_001_20200915_164147(9),3,1band,reinspect,reinspect,0.5696759819984436,11.099655044790342,1,True,0.0
3_001_20200915_164151(3),3,1band,pass,reinspect,0.491856575012207,8.702943764958258,1,True,0.0
3_001_20200915_164155(7),3,1band,reinspect,reinspect,0.6766682863235474,13.453964966523044,1,True,0.0
3_001_20200915_164159(6),3,1band,reinspect,reinspect,0.6638551950454712,13.657343649023023,1,True,0.0
3_001_20200915_164202(8),3,1band,pass,reinspect,0.5374534726142883,16.372891196847856,1,True,0.0
3_001_20200915_203430(3),3,1band,reinspect,reinspect,0.5911466479301453,13.537384380188223,1,True,0.0
3_001_20200915_203446(9),3,1band,reinspect,reinspect,0.6808568835258484,15.975729561767047,1,True,0.0
3_001_20200915_203451(3),3,1band,reinspect,reinspect,0.6943342089653015,13.88031343464614,1,True,0.0
3_001_20200915_203455(9),3,1band,reinspect,reinspect,0.6410636901855469,13.739846020932044,1,True,0.0
3_001_20200915_203500(5),3,1band,reinspect,reinspect,0.6900063753128052,13.670136250241214,1,True,0.0
3_001_20200915_203504(9),3,1band,reinspect,reinspect,0.6776667237281799,17.08084409509363,1,True,0.0
3_001_20200916_003358(0),3,1band,pass,reinspect,0.5286415815353394,13.314914316176978,1,True,0.0
3_001_20200916_003402(5),3,1band,reinspect,reinspect,0.6681363582611084,13.160595196019903,1,True,0.0
3_001_20200916_003407(1),3,1band,reinspect,reinspect,0.6506860256195068,13.418483687437185,1,True,0.0
3_001_20200916_003411(6),3,1band,reinspect,reinspect,0.6240113973617554,13.7945559229479,1,True,0.0
3_001_20200916_003416(1),3,1band,reinspect,reinspect,0.6135730147361755,13.09982084866243,1,True,0.0
3_001_20200916_003420(6),3,1band,reinspect,reinspect,0.6065449118614197,14.00395889582244,1,True,0.0
3_001_20200916_043423(1),3,1band,reinspect,reinspect,0.6860098242759705,13.471269187289348,1,True,0.0
3_001_20200916_043427(7),3,1band,reinspect,reinspect,0.5967732071876526,13.259140031840149,1,True,0.0
3_001_20200916_043432(0),3,1band,reinspect,reinspect,0.6843860149383545,13.131419774954587,1,True,0.0
3_001_20200916_043436(2),3,1band,reinspect,reinspect,0.6165555119514465,13.767908345053623,1,True,0.0
3_001_20200916_043440(6),3,1band,reinspect,reinspect,0.6562104821205139,13.151602692415265,1,True,0.0
3_001_20200916_043445(1),3,1band,reinspect,reinspect,0.600024938583374,13.057752147886845,1,True,0.0
3_001_20200916_083309(1),3,1band,reinspect,reinspect,0.6568624973297119,13.319721608374548,1,True,0.0
3_001_20200916_083313(6),3,1band,pass,reinspect,0.5366314053535461,13.703003716289308,1,True,0.0
3_001_20200916_083318(0),3,1band,reinspect,reinspect,0.6293714046478271,13.893974391888326,1,True,0.0
3_001_20200916_083322(4),3,3band,reinspect,reinspect,0.6730412244796753,16.309197676227434,1,True,0.0
3_001_20200916_083327(0),3,1band,pass,reinspect,0.5407088398933411,9.492257139639754,1,True,0.0
3_001_20200916_083331(6),3,1band,reinspect,reinspect,0.6559787392616272,11.586538855135942,1,True,0.0
3_001_20200916_122859(1),3,1band,pass,reinspect,0.5430039763450623,12.211923737076724,1,True,0.0
3_001_20200916_122903(5),3,1band,reinspect,reinspect,0.5556391477584839,13.064118515278896,1,True,0.0
3_001_20200916_122908(1),3,1band,reinspect,reinspect,0.62237149477005,15.48751894323842,1,True,0.0
3_001_20200916_122912(6),3,1band,reinspect,reinspect,0.6162994503974915,13.973284221105464,1,True,0.0
3_001_20200916_122917(1),3,1band,reinspect,reinspect,0.5878832936286926,14.64193119087438,1,True,0.0
3_001_20200916_122921(6),3,1band,reinspect,reinspect,0.6608611345291138,14.869138134717979,1,True,0.0
3_001_20200917_003431(4),3,1band,reinspect,reinspect,0.6962028741836548,15.560343948656229,1,True,0.0
3_001_20200917_003434(7),3,1band,reinspect,reinspect,0.6134299635887146,13.520000276928016,1,True,0.0
3_001_20200917_003438(0),3,1band,reinspect,reinspect,0.6613991856575012,13.242771290726337,1,True,0.0
3_001_20200917_003441(4),3,1band,reinspect,reinspect,0.6861909627914429,13.540697665037312,1,True,0.0
3_001_20200917_003444(9),3,1band,reinspect,reinspect,0.7010670900344849,13.73772469334225,1,True,0.0
3_001_20200917_003448(2),3,1band,reinspect,reinspect,0.6181283593177795,13.596954155009872,1,True,0.0
3_001_20200917_084022(3),3,1band,reinspect,reinspect,0.6762236952781677,10.243766874299219,1,True,0.0
3_001_20200917_084025(3),3,1band,reinspect,reinspect,0.6493979692459106,9.724321795784665,1,True,0.0
3_001_20200917_084031(1),3,1band,reinspect,reinspect,0.6062033772468567,15.201576605654738,1,True,0.0
3_001_20200917_084034(2),3,1band,reinspect,reinspect,0.6466042995452881,17.279693919360245,1,True,0.0
3_001_20200917_084037(3),3,1band,reinspect,reinspect,0.6400518417358398,17.400500744660036,1,True,0.0
3_001_20200917_084040(4),3,1band,reinspect,reinspect,0.6990243196487427,13.480783327603948,1,True,0.0
3_001_20200917_123309(3),3,1band,reinspect,reinspect,0.6352962255477905,14.015399973705204,1,True,0.0
3_001_20200917_123313(1),3,1band,reinspect,reinspect,0.7012122273445129,15.067878666741425,1,True,0.0
3_001_20200917_123316(8),3,1band,reinspect,reinspect,0.6698850989341736,9.961240395436038,1,True,0.0
3_001_20200917_123325(3),3,1band,reinspect,reinspect,0.6832602024078369,14.38564216967434,1,True,0.0
3_001_20200917_123329(1),3,1band,reinspect,reinspect,0.621186375617981,10.228946909159134,1,True,0.0
3_001_20200917_123340(7),3,1band,reinspect,reinspect,0.5986130833625793,9.752427172885122,1,True,0.0
3_001_20200917_163039(1),3,1band,reinspect,reinspect,0.622905433177948,11.57379461784186,1,True,0.0
3_001_20200917_163043(0),3,1band,reinspect,reinspect,0.6676504611968994,15.760532463239786,1,True,0.0
3_001_20200917_163046(8),3,1band,reinspect,reinspect,0.6439732313156128,15.820272557545293,1,True,0.0
3_001_20200917_163049(9),3,1band,reinspect,reinspect,0.6468149423599243,14.331277625073648,1,True,0.0
3_001_20200917_163052(9),3,1band,reinspect,reinspect,0.5563376545906067,13.85770896344096,1,True,0.0
3_001_20200917_163109(2),3,1band,pass,reinspect,0.544780969619751,13.239993392722898,1,True,0.0
3_001_20200917_203305(3),3,1band,reinspect,reinspect,0.6697817444801331,10.218463139434773,1,True,0.0
3_001_20200917_203308(8),3,1band,pass,reinspect,0.5073930621147156,11.508004835277497,1,True,0.0
3_001_20200917_203312(3),3,1band,reinspect,reinspect,0.5810614228248596,15.335299865386043,1,True,0.0
3_001_20200917_203315(7),3,1band,reinspect,reinspect,0.6115686297416687,17.429982347358628,1,True,0.0
3_001_20200917_203322(3),3,1band,pass,reinspect,0.5484173893928528,10.60834470542034,1,True,0.0
3_001_20200917_203325(7),3,1band,pass,reinspect,0.5230098366737366,15.03142158207951,1,True,0.0
3_001_20200918_004019(6),3,1band,reinspect,reinspect,0.657503604888916,13.347993892299494,1,True,0.0
3_001_20200918_004022(5),3,1band,reinspect,reinspect,0.64295893907547,13.54374661521664,1,True,0.0
3_001_20200918_004025(8),3,1band,reinspect,reinspect,0.624197781085968,16.96028088830381,1,True,0.0
3_001_20200918_004029(0),3,1band,pass,reinspect,0.4465246200561523,13.299294723657011,1,True,0.0
3_001_20200918_004032(2),3,1band,reinspect,reinspect,0.693200409412384,21.879484912430765,1,True,0.0
3_001_20200918_004036(3),3,1band,reinspect,reinspect,0.7036057710647583,13.211503926297452,1,True,0.0
3_001_20200918_043556(8),3,1band,reinspect,reinspect,0.6684725284576416,13.78286678086569,1,True,0.0
3_001_20200918_043559(9),3,1band,reinspect,reinspect,0.6603633761405945,13.405902957384809,1,True,0.0
3_001_20200918_043602(9),3,1band,reinspect,reinspect,0.5855467319488525,14.215599003609226,1,True,0.0
3_001_20200918_043606(0),3,3band,reinspect,reinspect,0.7043033838272095,18.207541325390473,1,True,0.0
3_001_20200918_043609(2),3,1band,reinspect,reinspect,0.6597638130187988,14.679506070292792,1,True,0.0
3_001_20200918_043612(4),3,1band,reinspect,reinspect,0.6853142976760864,17.939637774789617,1,True,0.0
3_001_20200918_083036(8),3,1band,reinspect,reinspect,0.6589157581329346,16.723926963471897,1,True,0.0
3_001_20200918_083039(9),3,1band,reinspect,reinspect,0.6763999462127686,13.988579842831905,1,True,0.0
3_001_20200918_083042(8),3,1band,reinspect,reinspect,0.6673517823219299,13.256470895624867,1,True,0.0
3_001_20200918_083045(5),3,1band,reinspect,reinspect,0.5889597535133362,16.19815867628326,1,True,0.0
3_001_20200918_083048(5),3,1band,pass,reinspect,0.5498915910720825,13.806267575807238,1,True,0.0
3_001_20200918_083051(4),3,1band,pass,reinspect,0.4545096457004547,10.45658015165233,1,True,0.0
3_001_20200918_123033(2),3,1band,pass,reinspect,0.5339294075965881,9.17595856871031,1,True,0.0
3_001_20200918_123038(9),3,1band,reinspect,reinspect,0.5574130415916443,10.0757143583853,1,True,0.0
3_001_20200918_123042(8),3,1band,reinspect,reinspect,0.6398643851280212,10.933486266247566,1,True,0.0
3_001_20200918_123046(4),3,1band,reinspect,reinspect,0.6412330269813538,16.49728467673021,1,True,0.0
3_001_20200918_123050(1),3,1band,reinspect,reinspect,0.5997607707977295,13.649697083704455,1,True,0.0
3_001_20200918_123054(1),3,1band,reinspect,reinspect,0.696893036365509,14.049991698113201,1,True,0.0
3_001_20200918_163052(9),3,1band,reinspect,reinspect,0.6611719131469727,14.38247317786657,1,True,0.0
3_001_20200918_163056(2),3,1band,reinspect,reinspect,0.6666415333747864,14.449012826806227,1,True,0.0
3_001_20200918_163059(3),3,1band,reinspect,reinspect,0.6775525808334351,13.83644673233314,1,True,0.0
3_001_20200918_163104(4),3,1band,reinspect,reinspect,0.6672681570053101,10.318922659648694,1,True,0.0
3_001_20200918_163107(6),3,1band,pass,reinspect,0.4208510816097259,8.732947032316439,1,True,0.0
3_001_20200918_163110(8),3,1band,reinspect,reinspect,0.6547205448150635,18.59368444111986,1,True,0.0
3_001_20200921_112114(8),3,1band,reinspect,reinspect,0.6725837588310242,9.506823283858747,1,True,0.0
3_001_20200921_112118(0),3,1band,reinspect,reinspect,0.5700200200080872,10.094651099885615,1,True,0.0
3_001_20200921_112121(3),3,1band,pass,reinspect,0.5516120195388794,11.199519620142288,1,True,0.0
3_001_20200921_112127(9),3,3band,reinspect,reinspect,0.6683735251426697,14.76612312534454,1,True,0.0
3_001_20200921_112145(1),3,1band,reinspect,reinspect,0.5871601104736328,8.845462593383095,1,True,0.0
3_001_20200921_112148(7),3,1band,reinspect,reinspect,0.6918224096298218,11.351025314514535,1,True,0.0
3_001_20200921_123501(8),3,1band,reinspect,reinspect,0.6206916570663452,9.984585489896986,1,True,0.0
3_001_20200921_123506(3),3,1band,reinspect,reinspect,0.5580401420593262,10.110937455302173,1,True,0.0
3_001_20200921_123510(8),3,1band,reinspect,reinspect,0.5789494514465332,10.371733972452558,1,True,0.0
3_001_20200921_123515(3),3,1band,pass,reinspect,0.4616069793701172,7.588712328576112,1,True,0.0
3_001_20200921_123524(3),3,1band,reinspect,reinspect,0.5705791711807251,11.46280542539355,1,True,0.0
3_001_20200921_123528(7),3,1band,reinspect,reinspect,0.6322817206382751,8.910235637863956,1,True,0.0
3_001_20200921_163325(1),3,1band,reinspect,reinspect,0.6549001336097717,9.442686021368035,1,True,0.0
3_001_20200921_163329(4),3,1band,reinspect,reinspect,0.6074548959732056,15.482819797181003,1,True,0.0
3_001_20200921_163333(8),3,1band,reinspect,reinspect,0.6846615076065063,10.774292712623945,1,True,0.0
3_001_20200921_163338(1),3,1band,reinspect,reinspect,0.6470987796783447,15.138062422623774,1,True,0.0
3_001_20200921_163342(6),3,1band,reinspect,reinspect,0.6683209538459778,10.507879063429103,1,True,0.0
3_001_20200921_163346(9),3,1band,pass,reinspect,0.5478633046150208,10.706636353468339,1,True,0.0
3_001_20200921_202521(5),3,1band,reinspect,reinspect,0.682138204574585,12.400460124706624,1,True,0.0
3_001_20200921_202526(0),3,1band,reinspect,reinspect,0.6198848485946655,16.804497822616202,1,True,0.0
3_001_20200921_202530(4),3,1band,reinspect,reinspect,0.604618489742279,10.10219336963063,1,True,0.0
3_001_20200921_202534(9),3,1band,pass,reinspect,0.5006351470947266,13.767820083118858,1,True,0.0
3_001_20200921_202539(4),3,1band,reinspect,reinspect,0.6400678753852844,17.22184678807972,1,True,0.0
3_001_20200921_202547(2),3,1band,reinspect,reinspect,0.6845036149024963,17.11291570562374,1,True,0.0
3_001_20200922_003308(2),3,1band,reinspect,reinspect,0.6708492040634155,9.925314111364768,1,True,0.0
3_001_20200922_003312(7),3,1band,pass,reinspect,0.5362192392349243,11.372465402504181,1,True,0.0
3_001_20200922_003317(2),3,3band,reinspect,reinspect,0.6249357461929321,14.802268894491027,1,True,0.0
3_001_20200922_003321(7),3,1band,reinspect,reinspect,0.6590351462364197,13.24410789553667,1,True,0.0
3_001_20200922_003326(6),3,1band,reinspect,reinspect,0.6504859328269958,14.333167261409413,1,True,0.0
3_001_20200922_003330(7),3,1band,reinspect,reinspect,0.6403692364692688,15.30811136797455,1,True,0.0
3_001_20200922_043310(0),3,1band,reinspect,reinspect,0.6061995625495911,17.3227593551819,1,True,0.0
3_001_20200922_043314(4),3,1band,reinspect,reinspect,0.6733974814414978,14.569078853167065,1,True,0.0
3_001_20200922_043318(9),3,1band,reinspect,reinspect,0.6342570781707764,14.180678200953773,1,True,0.0
3_001_20200922_043323(4),3,3band,reinspect,reinspect,0.6313248872756958,10.31403969486251,1,True,0.0
3_001_20200922_043327(8),3,3band,reinspect,reinspect,0.6706055402755737,10.017801556831248,1,True,0.0
3_001_20200922_043332(5),3,3band,reinspect,reinspect,0.6378709673881531,11.661727491910515,1,True,0.0
3_001_20200922_084020(7),3,1band,reinspect,reinspect,0.6768355965614319,8.796524998387659,1,True,0.0
3_001_20200922_084025(1),3,1band,reinspect,reinspect,0.5717661380767822,9.693921014007838,1,True,0.0
3_001_20200922_084029(7),3,1band,reinspect,reinspect,0.6901680827140808,8.185573867653476,1,True,0.0
3_001_20200922_084034(2),3,1band,reinspect,reinspect,0.6087819337844849,15.017878569774604,1,True,0.0
3_001_20200922_084038(7),3,1band,pass,reinspect,0.5266361236572266,10.731825897695845,1,True,0.0
3_001_20200922_084043(2),3,1band,reinspect,reinspect,0.6218242049217224,7.898186169959717,1,True,0.0
3_001_20200922_122947(8),3,1band,reinspect,reinspect,0.647610604763031,13.42217832538001,1,True,0.0
3_001_20200922_122952(4),3,1band,reinspect,reinspect,0.6724463701248169,12.653399749444189,1,True,0.0
3_001_20200922_123001(2),3,1band,reinspect,reinspect,0.711532473564148,13.467114915929082,1,True,0.0
3_001_20200922_123005(5),3,1band,reinspect,reinspect,0.6367582082748413,13.140567167208157,1,True,0.0
3_001_20200922_123014(3),3,1band,reinspect,reinspect,0.6193953156471252,13.864628543770664,1,True,0.0
3_001_20200922_123018(6),3,1band,reinspect,reinspect,0.6249013543128967,13.75667386793143,1,True,0.0
3_001_20200922_163323(0),3,1band,pass,reinspect,0.5363405346870422,10.766317956434825,1,True,0.0
3_001_20200922_163326(0),3,1band,reinspect,reinspect,0.6851676106452942,9.761698762660409,1,True,0.0
3_001_20200922_163329(0),3,1band,reinspect,reinspect,0.6176325678825378,9.929558523258896,1,True,0.0
3_001_20200922_163338(3),3,1band,reinspect,reinspect,0.6772295236587524,16.34245619533512,1,True,0.0
