image_id,obj,match_score,max_iou,center_score,kind
1_002_20200622_203053(2),0,0.9998659342046291,0.7292157980591328,0.9998659342046291,band_end
1_002_20200622_203053(2),1,0.9999537216993694,0.5709482266850908,0.9999537216993694,interior
1_002_20200622_203053(2),2,0.9989415831117149,0.5747996614570944,0.9989415831117149,edge
1_002_20200622_203057(3),0,0.9999618506148833,0.6527872132041482,0.9999618506148833,band_end
1_002_20200622_203057(3),1,0.999871399111281,0.6822069072075159,0.999871399111281,interior
1_002_20200622_203057(3),2,0.9996503484818962,0.7015481491325155,0.9996503484818962,edge
1_002_20200622_203101(3),0,0.9997659875546369,0.5310364095869293,0.9997659875546369,band_end
1_002_20200622_203101(3),1,0.9999472032569854,0.5105007440173277,0.9999472032569854,interior
1_002_20200622_203101(3),2,0.9999626168456162,0.5322150967208291,0.9999626168456162,edge
1_002_20200622_203105(4),0,0.9998901743878124,0.7190055381593151,0.9998901743878124,band_end
1_002_20200622_203105(4),1,0.999864752603084,0.6450630856458547,0.999864752603084,interior
1_002_20200622_203105(4),2,0.999831501092765,0.7976998601372306,0.999831501092765,edge
1_002_20200622_203109(3),0,0.9998863787198757,0.6249433997990461,0.9998863787198757,band_end
1_002_20200622_203109(3),1,0.9999404112345185,0.6442539428853616,0.9999404112345185,interior
1_002_20200622_203109(3),2,0.9999630259870067,0.6501818477047233,0.9999630259870067,edge
1_002_20200622_203121(4),0,0.9998065304859919,0.6853393308787924,0.9998065304859919,band_end
1_002_20200622_203121(4),1,0.9999088641842921,0.6898235750176954,0.9999088641842921,interior
1_002_20200622_203121(4),2,0.9998147375981068,0.7185386147852063,0.9998147375981068,edge
1_002_20200623_003346(4),0,0.9999999903535591,0.8395760306778792,0.9999999903535591,band_end
1_002_20200623_003346(4),1,0.9999994670467387,0.6790802330979044,0.9999994670467387,interior
1_002_20200623_003346(4),2,0.9999997689808405,0.7575916229636012,0.9999997689808405,edge
1_002_20200623_003350(4),0,0.9999999921726447,0.6125231169432691,0.9999999921726447,band_end
1_002_20200623_003350(4),1,0.999999964581424,0.6246147591101886,0.999999964581424,interior
1_002_20200623_003350(4),2,0.9999997993013549,0.7023878659077224,0.9999997993013549,edge
1_002_20200623_003354(3),0,0.9999999884908165,0.8175382353053066,0.9999999884908165,band_end
1_002_20200623_003354(3),1,0.9999282389439595,0.8748618432997323,0.9999282389439595,interior
1_002_20200623_003354(3),2,0.9999999791474854,0.7509847491355506,0.9999999791474854,edge
1_002_20200623_003358(2),0,0.9999999101873603,0.5559242645813135,0.9999999101873603,band_end
1_002_20200623_003358(2),1,0.9999990610073646,0.5589961565731519,0.9999990610073646,interior
1_002_20200623_003358(2),2,0.0,0.4373195027047187,0.9999995725209463,edge
1_002_20200623_003402(2),0,0.9999999890614678,0.7073365642312008,0.9999999890614678,band_end
1_002_20200623_003402(2),1,0.9999999802630626,0.7448373393904278,0.9999999802630626,interior
1_002_20200623_003402(2),2,0.9999999347738433,0.8191752690703669,0.9999999347738433,edge
1_002_20200623_003410(2),0,0.0,0.0,0.0,band_end
1_002_20200623_003410(2),1,0.999999974819882,0.6717572969459005,0.999999974819882,interior
1_002_20200623_003410(2),2,0.999991280310434,0.7761298439762443,0.999991280310434,edge
1_002_20200623_043039(3),0,0.9999999923085058,0.8528889799594689,0.9999999923085058,band_end
1_002_20200623_043039(3),1,0.999999958455539,0.6935470599323291,0.999999958455539,interior
1_002_20200623_043039(3),2,0.9999953214318433,0.5419641311177914,0.9999953214318433,edge
1_002_20200623_043043(2),0,0.9999999675249077,0.7044928947023853,0.9999999675249077,band_end
1_002_20200623_043043(2),1,0.9999998098155378,0.711059744521469,0.9999998098155378,interior
1_002_20200623_043043(2),2,0.9999999973475384,0.7097909887589445,0.9999999973475384,edge
1_002_20200623_043047(2),0,0.9999999904865736,0.6357050391210863,0.9999999904865736,band_end
1_002_20200623_043047(2),1,0.9999996186820708,0.7453528876338978,0.9999996186820708,interior
1_002_20200623_043047(2),2,0.9999998992265317,0.6431943771844152,0.9999998992265317,edge
1_002_20200623_043051(3),0,0.99999996719098,0.8148797782078175,0.99999996719098,band_end
1_002_20200623_043051(3),1,0.9999999933805326,0.7840840299201686,0.9999999933805326,interior
1_002_20200623_043051(3),2,0.9999979695390501,0.808818107543985,0.9999979695390501,edge
1_002_20200623_043055(3),0,0.9999999097964208,0.6639471516046423,0.9999999097964208,band_end
1_002_20200623_043055(3),1,0.9999999207479514,0.6664287763581426,0.9999999207479514,interior
1_002_20200623_043055(3),2,0.9999905154352735,0.8032082999552278,0.9999905154352735,edge
1_002_20200623_043059(4),0,0.9999999940087281,0.8158269682801527,0.9999999940087281,band_end
1_002_20200623_043059(4),1,0.99999997034973,0.6893638108252268,0.99999997034973,interior
1_002_20200623_043059(4),2,0.9999893583022998,0.6151667393135081,0.9999893583022998,edge
1_002_20200623_082258(6),0,0.999999987587887,0.7024043432212873,0.999999987587887,band_end
1_002_20200623_082258(6),1,0.9999999742295218,0.7161435512570031,0.9999999742295218,interior
1_002_20200623_082258(6),2,0.9999999849309411,0.7828107600810205,0.9999999849309411,edge
1_002_20200623_082302(6),0,0.9999999889060306,0.6552030333067059,0.9999999889060306,band_end
1_002_20200623_082302(6),1,0.9999998171096006,0.6026322737632922,0.9999998171096006,interior
1_002_20200623_082302(6),2,0.9999998192548136,0.5490397972988047,0.9999998192548136,edge
1_002_20200623_082306(5),0,0.9999999869109477,0.8536138988340038,0.9999999869109477,band_end
1_002_20200623_082306(5),1,0.9999999110799608,0.663716346620603,0.9999999110799608,interior
1_002_20200623_082306(5),2,0.9999999111983383,0.6679983412266974,0.9999999111983383,edge
1_002_20200623_082310(6),0,0.9999999896110155,0.6699732027218073,0.9999999896110155,band_end
1_002_20200623_082310(6),1,0.9999999526939869,0.5274503397079412,0.9999999526939869,interior
1_002_20200623_082310(6),2,0.999999988143177,0.626381195405714,0.999999988143177,edge
1_002_20200623_082314(4),0,0.9999999477757869,0.5673956316973119,0.9999999477757869,band_end
1_002_20200623_082314(4),1,0.999999989884686,0.5510612087726839,0.999999989884686,interior
1_002_20200623_082314(4),2,0.9999999640082056,0.7774975762105265,0.9999999640082056,edge
1_002_20200623_082318(5),0,0.9999999874244673,0.7073400994084095,0.9999999874244673,band_end
1_002_20200623_082318(5),1,0.0,0.47375425977634744,0.9999999764747519,interior
1_002_20200623_082318(5),2,0.0,0.48986060845463913,0.999999979146202,edge
1_002_20200623_123032(7),0,0.9999999527188803,0.6732301827802369,0.9999999527188803,band_end
1_002_20200623_123032(7),1,0.9999998276603568,0.6169732791891198,0.9999998276603568,interior
1_002_20200623_123032(7),2,0.9999998822746453,0.7225155174910043,0.9999998822746453,edge
1_002_20200623_123036(5),0,0.9999999754985734,0.5299350731859779,0.9999999754985734,band_end
1_002_20200623_123036(5),1,0.9999999079533197,0.5865954557945683,0.9999999079533197,interior
1_002_20200623_123036(5),2,0.9999998013338954,0.8104221827711244,0.9999998013338954,edge
1_002_20200623_123040(5),0,0.9999999826374252,0.5728572560729459,0.9999999826374252,band_end
1_002_20200623_123040(5),1,0.9999979588933204,0.6895014949085093,0.9999979588933204,interior
1_002_20200623_123040(5),2,0.7581618211849996,0.7395929446600267,0.7581618211849996,edge
1_002_20200623_123044(3),0,0.9999999727653325,0.7356626294820592,0.9999999727653325,band_end
1_002_20200623_123044(3),1,0.9999999095655558,0.7538672750764778,0.9999999095655558,interior
1_002_20200623_123044(3),2,0.9999999482286439,0.7088507919610163,0.9999999482286439,edge
1_002_20200623_123048(4),0,0.9999999880608196,0.8768451609177511,0.9999999880608196,band_end
1_002_20200623_123048(4),1,0.9999995014100224,0.7423007205503867,0.9999995014100224,interior
1_002_20200623_123048(4),2,0.9999999793445091,0.7980073243385409,0.9999999793445091,edge
1_002_20200623_123052(5),0,0.9999999978813097,0.7160736826672355,0.9999999978813097,band_end
1_002_20200623_123052(5),1,0.9999998992006549,0.8591542976178695,0.9999998992006549,interior
1_002_20200623_123052(5),2,0.9999999694305821,0.8107031373934965,0.9999999694305821,edge
1_002_20200623_163039(5),0,0.9999999139611785,0.7228538213163487,0.9999999139611785,band_end
1_002_20200623_163039(5),1,0.9999999107925361,0.6599719197631877,0.9999999107925361,interior
1_002_20200623_163039(5),2,0.9999998273585875,0.704969819767511,0.9999998273585875,edge
1_002_20200623_163043(7),0,0.9999996591131547,0.5145351767787179,0.9999996591131547,band_end
1_002_20200623_163043(7),1,0.9999999778475188,0.7268832518180729,0.9999999778475188,interior
1_002_20200623_163043(7),2,0.9999991820552732,0.8384538260664024,0.9999991820552732,edge
1_002_20200623_163047(6),0,0.9999994615434844,0.584976588969637,0.9999994615434844,band_end
1_002_20200623_163047(6),1,0.9999997664708248,0.8051515891983254,0.9999997664708248,interior
1_002_20200623_163047(6),2,0.0,0.4355022213980134,0.9999999731710834,edge
1_002_20200623_163051(7),0,0.9999999868361646,0.8351923709635652,0.9999999868361646,band_end
1_002_20200623_163051(7),1,0.9999999173126086,0.6546506271604697,0.9999999173126086,interior
1_002_20200623_163051(7),2,0.9999964880888429,0.6503496927367307,0.9999964880888429,edge
1_002_20200623_163055(6),0,0.9999999923469379,0.6831855710507185,0.9999999923469379,band_end
1_002_20200623_163055(6),1,0.9999998205661764,0.6566574158146216,0.9999998205661764,interior
1_002_20200623_163055(6),2,0.9999999757464425,0.6830511453198896,0.9999999757464425,edge
1_002_20200623_163059(6),0,0.9999999895872497,0.7664449698531253,0.9999999895872497,band_end
1_002_20200623_163059(6),1,0.9999999662318009,0.7214728025451789,0.9999999662318009,interior
1_002_20200623_163059(6),2,0.9999999038699857,0.7030425711487281,0.9999999038699857,edge
1_002_20200623_203040(4),0,0.9999999864917644,0.691077298792662,0.9999999864917644,band_end
1_002_20200623_203040(4),1,0.0,0.3892041302992234,0.9999992585641067,interior
1_002_20200623_203040(4),2,0.9999998174422635,0.7726484841667836,0.9999998174422635,edge
1_002_20200623_203044(0),0,0.9999999417768858,0.5459702899079034,0.9999999417768858,band_end
1_002_20200623_203044(0),1,0.9999999734091582,0.5640345808789685,0.9999999734091582,interior
1_002_20200623_203044(0),2,0.9999998371608262,0.8544927470969141,0.9999998371608262,edge
1_002_20200623_203047(7),0,0.9999999815300836,0.5347166842310341,0.9999999815300836,band_end
1_002_20200623_203047(7),1,0.9999999866738853,0.628609844598621,0.9999999866738853,interior
1_002_20200623_203047(7),2,0.9999998733412916,0.5538068408262744,0.9999998733412916,edge
1_002_20200623_203051(2),0,0.9999999809419181,0.8092858400738123,0.9999999809419181,band_end
1_002_20200623_203051(2),1,0.9999999893427872,0.81216346038111,0.9999999893427872,interior
1_002_20200623_203051(2),2,0.9999999290026392,0.698063151953714,0.9999999290026392,edge
1_002_20200623_203054(7),0,0.9999999948233518,0.560002821712895,0.9999999948233518,band_end
1_002_20200623_203054(7),1,0.999999972109913,0.7418899055227025,0.999999972109913,interior
1_002_20200623_203054(7),2,0.9999998455562432,0.7049896858927256,0.9999998455562432,edge
1_002_20200623_203058(3),0,0.9999999797419519,0.6397458234751447,0.9999999797419519,band_end
1_002_20200623_203058(3),1,0.9999999443939078,0.71196543373605,0.9999999443939078,interior
1_002_20200623_203058(3),2,0.9999999423636194,0.8933908933806847,0.9999999423636194,edge
1_002_20200624_003107(0),0,0.9999917186767591,0.6233505293173776,0.9999917186767591,band_end
1_002_20200624_003107(0),1,0.9999888601041483,0.6429730859785514,0.9999888601041483,interior
1_002_20200624_003107(0),2,0.9993193297908876,0.7671819850825831,0.9993193297908876,edge
1_002_20200624_003111(0),0,0.9999902256855785,0.8974844406143819,0.9999902256855785,band_end
1_002_20200624_003111(0),1,0.999976189772287,0.7404424453793399,0.999976189772287,interior
1_002_20200624_003111(0),2,0.9998847010645833,0.7693348190488719,0.9998847010645833,edge
1_002_20200624_003115(1),0,0.9999966532071911,0.9560934336388555,0.9999966532071911,band_end
1_002_20200624_003115(1),1,0.9999966222343426,0.884558867481169,0.9999966222343426,interior
1_002_20200624_003115(1),2,0.9999749931704526,0.8890344292152382,0.9999749931704526,edge
1_002_20200624_003119(1),0,0.9999919085600913,0.6476199751602604,0.9999919085600913,band_end
1_002_20200624_003119(1),1,0.9999989790689865,0.6646628062706882,0.9999989790689865,interior
1_002_20200624_003119(1),2,0.9992493762658667,0.7093084969661988,0.9992493762658667,edge
1_002_20200624_003123(1),0,0.9999870490114617,0.6193841503114756,0.9999870490114617,band_end
1_002_20200624_003123(1),1,0.9998157013268328,0.6230672568780309,0.9998157013268328,interior
1_002_20200624_003123(1),2,0.9995313783926705,0.5594088374321581,0.9995313783926705,edge
1_002_20200624_003127(0),0,0.9999934232159938,0.8444641322654871,0.9999934232159938,band_end
1_002_20200624_003127(0),1,0.9999814365568213,0.7940589382777696,0.9999814365568213,interior
1_002_20200624_003127(0),2,0.9999731151966658,0.6260227128588417,0.9999731151966658,edge
1_002_20200624_043128(1),0,0.9999984788970062,0.7429752619551511,0.9999984788970062,band_end
1_002_20200624_043128(1),1,0.9999778360981502,0.6257074370330633,0.9999778360981502,interior
1_002_20200624_043128(1),2,0.9990330345798641,0.6030830208017054,0.9990330345798641,edge
1_002_20200624_043132(2),0,0.9999960115623163,0.7188453848800336,0.9999960115623163,band_end
1_002_20200624_043132(2),1,0.9999982103936546,0.7149295771406672,0.9999982103936546,interior
1_002_20200624_043132(2),2,0.9995940665236932,0.7690804895998042,0.9995940665236932,edge
1_002_20200624_043136(1),0,0.9999978851469153,0.6927045653499792,0.9999978851469153,band_end
1_002_20200624_043136(1),1,0.99999862871571,0.6390590972808127,0.99999862871571,interior
1_002_20200624_043136(1),2,0.9999529699852362,0.6554640084943391,0.9999529699852362,edge
1_002_20200624_043140(2),0,0.9999959556328558,0.6696884616007445,0.9999959556328558,band_end
1_002_20200624_043140(2),1,0.9999946372735782,0.7558994298872469,0.9999946372735782,interior
1_002_20200624_043140(2),2,0.9998541537429921,0.7354099710791726,0.9998541537429921,edge
1_002_20200624_043144(2),0,0.9999944399997579,0.686481728375794,0.9999944399997579,band_end
1_002_20200624_043144(2),1,0.99999883220663,0.7585682844422096,0.99999883220663,interior
1_002_20200624_043144(2),2,0.9999917660991072,0.6937929754004106,0.9999917660991072,edge
1_002_20200624_043148(1),0,0.9999972064780995,0.7990133592399908,0.9999972064780995,band_end
1_002_20200624_043148(1),1,0.9999287145157801,0.5913215162648212,0.9999287145157801,interior
1_002_20200624_043148(1),2,0.9949072034076057,0.754263671255047,0.9949072034076057,edge
1_002_20200624_083045(5),0,0.9999879613084166,0.5342346195254947,0.9999879613084166,band_end
1_002_20200624_083045(5),1,0.9999883940891177,0.7371460988542067,0.9999883940891177,interior
1_002_20200624_083045(5),2,0.9998085144569332,0.7401063924221306,0.9998085144569332,edge
1_002_20200624_083049(6),0,0.9999969942745032,0.6824740794551057,0.9999969942745032,band_end
1_002_20200624_083049(6),1,0.9999969979984306,0.6263051741017109,0.9999969979984306,interior
1_002_20200624_083049(6),2,0.9995675979506141,0.6564097236157365,0.9995675979506141,edge
1_002_20200624_083053(3),0,0.9999992182248915,0.7645432045298309,0.9999992182248915,band_end
1_002_20200624_083053(3),1,0.9999974125875811,0.7985535533892911,0.9999974125875811,interior
1_002_20200624_083053(3),2,0.9994206104374058,0.671707323699115,0.9994206104374058,edge
1_002_20200624_083057(4),0,0.999983620275382,0.7436539234038231,0.999983620275382,band_end
1_002_20200624_083057(4),1,0.9999754315318581,0.6561089144996975,0.9999754315318581,interior
1_002_20200624_083057(4),2,0.9999828213509347,0.7125344898665368,0.9999828213509347,edge
1_002_20200624_083101(4),0,0.9999963263481536,0.8307647892603788,0.9999963263481536,band_end
1_002_20200624_083101(4),1,0.9999933101219564,0.8433644328193725,0.9999933101219564,interior
1_002_20200624_083101(4),2,0.9997838190643216,0.8760947934945099,0.9997838190643216,edge
1_002_20200624_083105(5),0,0.9999858903902572,0.8634238708138332,0.9999858903902572,band_end
1_002_20200624_083105(5),1,0.9994955707017728,0.8115318028145628,0.9994955707017728,interior
1_002_20200624_083105(5),2,0.999008524849649,0.7971952326911178,0.999008524849649,edge
1_002_20200624_123122(6),0,0.9999959930247279,0.6954462096770915,0.9999959930247279,band_end
1_002_20200624_123122(6),1,0.9999960722971942,0.5830096561467575,0.9999960722971942,interior
1_002_20200624_123122(6),2,0.9999658331552689,0.7100804814363932,0.9999658331552689,edge
1_002_20200624_123126(4),0,0.0,0.4890871211867889,0.9984061334338193,band_end
1_002_20200624_123126(4),1,0.0,0.48755048331224154,0.9999698755632954,interior
1_002_20200624_123126(4),2,0.9999591478074363,0.7070895099891208,0.9999591478074363,edge
1_002_20200624_123129(9),0,0.9999983251915064,0.778653780357923,0.9999983251915064,band_end
1_002_20200624_123129(9),1,0.999994068845955,0.7604006277558111,0.999994068845955,interior
1_002_20200624_123129(9),2,0.9997307577455821,0.5402422869598457,0.9997307577455821,edge
1_002_20200624_123133(0),0,0.9999987695982879,0.547477781977746,0.9999987695982879,band_end
1_002_20200624_123133(0),1,0.9998386537174273,0.5358886076026691,0.9998386537174273,interior
1_002_20200624_123133(0),2,0.9999284817439015,0.5271133300382439,0.9999284817439015,edge
1_002_20200624_123136(5),0,0.9999950109037996,0.8828327409100809,0.9999950109037996,band_end
1_002_20200624_123136(5),1,0.999940231863669,0.8238053415445433,0.999940231863669,interior
1_002_20200624_123136(5),2,0.9991931482342233,0.7711967642575168,0.9991931482342233,edge
1_002_20200624_123143(7),0,0.9995813761576221,0.704185335114424,0.9995813761576221,band_end
1_002_20200624_123143(7),1,0.9999600809292756,0.811119215738652,0.9999600809292756,interior
1_002_20200624_123143(7),2,0.9997948476605673,0.6790770681792694,0.9997948476605673,edge
1_002_20200624_162522(0),0,0.9999970961396837,0.8303188820149682,0.9999970961396837,band_end
1_002_20200624_162522(0),1,0.9999945902054973,0.8737497776092377,0.9999945902054973,interior
1_002_20200624_162522(0),2,0.9999868912528705,0.8413432094852242,0.9999868912528705,edge
1_002_20200624_162527(8),0,0.9999952701957892,0.8577762153970718,0.9999952701957892,band_end
1_002_20200624_162527(8),1,0.9999196061469745,0.7652300401898323,0.9999196061469745,interior
1_002_20200624_162527(8),2,0.9980776276194329,0.6676710892356239,0.9980776276194329,edge
1_002_20200624_162531(7),0,0.9999975152452291,0.837325458026314,0.9999975152452291,band_end
1_002_20200624_162531(7),1,0.9999907060555924,0.7243240060113967,0.9999907060555924,interior
1_002_20200624_162531(7),2,0.9998921607730683,0.7727606051178689,0.9998921607730683,edge
1_002_20200624_162536(8),0,0.9999371403814373,0.7147677957079009,0.9999371403814373,band_end
1_002_20200624_162536(8),1,0.9999966477369211,0.7144875915171125,0.9999966477369211,interior
1_002_20200624_162536(8),2,0.9999750614373757,0.6053076649196946,0.9999750614373757,edge
1_002_20200624_162540(3),0,0.9996784907226107,0.6568626434869392,0.9996784907226107,band_end
1_002_20200624_162540(3),1,0.9999453370443662,0.5426512978118783,0.9999453370443662,interior
1_002_20200624_162540(3),2,0.9976210065455167,0.6079751599336021,0.9976210065455167,edge
1_002_20200624_162543(7),0,0.9998780691178524,0.7879352516117789,0.9998780691178524,band_end
1_002_20200624_162543(7),1,0.9999961248318722,0.5608867184900883,0.9999961248318722,interior
1_002_20200624_162543(7),2,0.9999521893394865,0.572363356579391,0.9999521893394865,edge
1_002_20200624_203003(9),0,0.9999977171981367,0.6151492680466834,0.9999977171981367,band_end
1_002_20200624_203003(9),1,0.9997079281198099,0.8212757838326922,0.9997079281198099,interior
1_002_20200624_203003(9),2,0.9999761614037078,0.5937728606387699,0.9999761614037078,edge
1_002_20200624_203012(9),0,0.9999958598910362,0.8678974780046931,0.9999958598910362,band_end
1_002_20200624_203012(9),1,0.9999880310048022,0.7024328846099736,0.9999880310048022,interior
1_002_20200624_203012(9),2,0.9994434055212514,0.7723273170708268,0.9994434055212514,edge
1_002_20200624_203017(4),0,0.999993077023956,0.6298251419357023,0.999993077023956,band_end
1_002_20200624_203017(4),1,0.9999441512834293,0.615499512653653,0.9999441512834293,interior
1_002_20200624_203017(4),2,0.0,0.43232627491546716,0.999379503118962,edge
1_002_20200624_203021(9),0,0.9999987349497353,0.6767965779395831,0.9999987349497353,band_end
1_002_20200624_203021(9),1,0.9995625869445606,0.7136062019673122,0.9995625869445606,interior
1_002_20200624_203021(9),2,0.9989549386377768,0.8353573463331668,0.9989549386377768,edge
1_002_20200624_203026(4),0,0.9999945142834619,0.7958577808130367,0.9999945142834619,band_end
1_002_20200624_203026(4),1,0.9999778561917958,0.8149020530053269,0.9999778561917958,interior
1_002_20200624_203026(4),2,0.9999436285049903,0.645631963608363,0.9999436285049903,edge
1_002_20200624_203044(4),0,0.9999986407367749,0.743772987115043,0.9999986407367749,band_end
1_002_20200624_203044(4),1,0.9999767977043245,0.6270684615392711,0.9999767977043245,interior
1_002_20200624_203044(4),2,0.9992517098624228,0.7167284630588173,0.9992517098624228,edge
1_002_20200625_003116(4),0,0.9999998405093674,0.720366916376158,0.9999998405093674,band_end
1_002_20200625_003116(4),1,0.9999999913330463,0.7672673399309545,0.9999999913330463,interior
1_002_20200625_003116(4),2,0.9999999977487732,0.7399299278031732,0.9999999977487732,edge
1_002_20200625_003120(7),0,0.0,0.4839681599506034,0.9999999209887851,band_end
1_002_20200625_003120(7),1,0.9999999945393068,0.5439496887041165,0.9999999945393068,interior
1_002_20200625_003120(7),2,0.9999999922801607,0.5124634579335572,0.9999999922801607,edge
1_002_20200625_003125(4),0,0.9999998587295842,0.7271549939204924,0.9999998587295842,band_end
1_002_20200625_003125(4),1,0.9999999633751118,0.6309867674231547,0.9999999633751118,interior
1_002_20200625_003125(4),2,0.9914803228349036,0.8951567623825754,0.9914803228349036,edge
1_002_20200625_003130(0),0,0.9999998665887095,0.7731668082763873,0.9999998665887095,band_end
1_002_20200625_003130(0),1,0.9999999750466546,0.7810399075642545,0.9999999750466546,interior
1_002_20200625_003130(0),2,0.9999999884783132,0.7632141630975599,0.9999999884783132,edge
1_002_20200625_003134(4),0,0.99999998236355,0.6969762690526097,0.99999998236355,band_end
1_002_20200625_003134(4),1,0.9999999555712962,0.705912790844654,0.9999999555712962,interior
1_002_20200625_003134(4),2,0.9999999936921993,0.7125278129325768,0.9999999936921993,edge
1_002_20200625_003139(0),0,0.9999999860237327,0.75546590980504,0.9999999860237327,band_end
1_002_20200625_003139(0),1,0.9999999839469653,0.8009410634305986,0.9999999839469653,interior
1_002_20200625_003139(0),2,0.9999999886978445,0.6375762122209234,0.9999999886978445,edge
1_002_20200625_042934(9),0,0.9999999842511644,0.6984078384610168,0.9999999842511644,band_end
1_002_20200625_042934(9),1,0.9999999788732259,0.7415574813911698,0.9999999788732259,interior
1_002_20200625_042934(9),2,0.9999999915371044,0.6938222644182792,0.9999999915371044,edge
1_002_20200625_042939(2),0,0.9999999851349584,0.7963911529916755,0.9999999851349584,band_end
1_002_20200625_042939(2),1,0.999999963138406,0.5943132812247249,0.999999963138406,interior
1_002_20200625_042939(2),2,0.9999999833394863,0.8200819921577618,0.9999999833394863,edge
1_002_20200625_042943(7),0,0.9999989624051678,0.7684947439085847,0.9999989624051678,band_end
1_002_20200625_042943(7),1,0.9999999858891901,0.7529666270170736,0.9999999858891901,interior
1_002_20200625_042943(7),2,0.9999999780008031,0.7235923490537708,0.9999999780008031,edge
1_002_20200625_042948(3),0,0.9999999385267897,0.7700973458147957,0.9999999385267897,band_end
1_002_20200625_042948(3),1,0.9999999809629131,0.7799801300409605,0.9999999809629131,interior
1_002_20200625_042948(3),2,0.9999999961760249,0.610201564534627,0.9999999961760249,edge
1_002_20200625_042952(8),0,0.9999999823702089,0.8375548100023136,0.9999999823702089,band_end
1_002_20200625_042952(8),1,0.9999999954536165,0.6775895189085648,0.9999999954536165,interior
1_002_20200625_042952(8),2,0.9999999921304513,0.8055847752477676,0.9999999921304513,edge
1_002_20200625_042957(3),0,0.9999999879380136,0.656120262246892,0.9999999879380136,band_end
1_002_20200625_042957(3),1,0.999999964091753,0.740850518476899,0.999999964091753,interior
1_002_20200625_042957(3),2,0.9999999910144829,0.8479060663092676,0.9999999910144829,edge
1_002_20200714_042641(8),0,0.9999997040161474,0.6235711643448678,0.9999997040161474,band_end
1_002_20200714_042641(8),1,0.9999995995642545,0.6028154413883878,0.9999995995642545,interior
1_002_20200714_042641(8),2,0.9999999939110249,0.6655630678777338,0.9999999939110249,edge
1_002_20200714_083054(2),0,0.9999999767528941,0.651516649973543,0.9999999767528941,band_end
1_002_20200714_083054(2),1,0.9999999896106587,0.7151092217213474,0.9999999896106587,interior
1_002_20200714_083054(2),2,0.9999999914689631,0.8560804754028969,0.9999999914689631,edge
1_002_20200714_083057(5),0,0.9999999828704323,0.5352463252857109,0.9999999828704323,band_end
1_002_20200714_083057(5),1,0.9999999891300463,0.5961547512071267,0.9999999891300463,interior
1_002_20200714_083057(5),2,0.9999999929688537,0.6289369943097268,0.9999999929688537,edge
1_002_20200714_083101(7),0,0.9999999856684529,0.7764157572892323,0.9999999856684529,band_end
1_002_20200714_083101(7),1,0.9999970445308337,0.7348727016737494,0.9999970445308337,interior
1_002_20200714_083101(7),2,0.9733435647969129,0.6900999998706236,0.9733435647969129,edge
1_002_20200714_083106(2),0,0.9999999903864357,0.7963937088809745,0.9999999903864357,band_end
1_002_20200714_083106(2),1,0.9999999891766386,0.7824324024634297,0.9999999891766386,interior
1_002_20200714_083106(2),2,0.9999963610296797,0.5891325104986892,0.9999963610296797,edge
1_002_20200714_083110(8),0,0.9999999874863553,0.7942725693553031,0.9999999874863553,band_end
1_002_20200714_083110(8),1,0.9999999607027499,0.6640659887283232,0.9999999607027499,interior
1_002_20200714_083110(8),2,0.9999999855477528,0.7732092346563575,0.9999999855477528,edge
1_002_20200714_083115(1),0,0.9999999732088394,0.7374666253049318,0.9999999732088394,band_end
1_002_20200714_083115(1),1,0.9999999740071155,0.673311643840421,0.9999999740071155,interior
1_002_20200714_083115(1),2,0.9999999927189593,0.7230757889129179,0.9999999927189593,edge
1_002_20200714_123109(8),0,0.9999999328316761,0.6034889760563447,0.9999999328316761,band_end
1_002_20200714_123109(8),1,0.9999995407475242,0.6692804066811802,0.9999995407475242,interior
1_002_20200714_123109(8),2,0.9999997332338842,0.7199282757969393,0.9999997332338842,edge
1_002_20200714_123113(1),0,0.9999999940351707,0.7347368063798274,0.9999999940351707,band_end
1_002_20200714_123113(1),1,0.9999999862194775,0.5612369322422102,0.9999999862194775,interior
1_002_20200714_123113(1),2,0.9999975934722143,0.6739839411069295,0.9999975934722143,edge
1_002_20200714_123117(3),0,0.9999999650090446,0.7318720732275272,0.9999999650090446,band_end
1_002_20200714_123117(3),1,0.9999989222781192,0.6740151360718845,0.9999989222781192,interior
1_002_20200714_123117(3),2,0.9999999960681232,0.7710538397981709,0.9999999960681232,edge
1_002_20200714_123120(4),0,0.9999999821789513,0.8229859892546635,0.9999999821789513,band_end
1_002_20200714_123120(4),1,0.9999999926439291,0.9235878529795152,0.9999999926439291,interior
1_002_20200714_123120(4),2,0.9999999891386978,0.795376164586587,0.9999999891386978,edge
1_002_20200714_123123(5),0,0.9999993667988437,0.722225650391697,0.9999993667988437,band_end
1_002_20200714_123123(5),1,0.9999996963492974,0.7694091437724424,0.9999996963492974,interior
1_002_20200714_123123(5),2,0.9999999146803,0.5998692522019095,0.9999999146803,edge
1_002_20200714_123126(4),0,0.9999999952295777,0.794286611016485,0.9999999952295777,band_end
1_002_20200714_123126(4),1,0.9999992847631525,0.7611971366998666,0.9999992847631525,interior
1_002_20200714_123126(4),2,0.9999999932338941,0.7899978300049892,0.9999999932338941,edge
1_002_20200714_163046(2),0,0.9999996049461517,0.6454210891448023,0.9999996049461517,band_end
1_002_20200714_163046(2),1,0.9999999909946841,0.7504182174273566,0.9999999909946841,interior
1_002_20200714_163046(2),2,0.9999952586171429,0.6724441232770983,0.9999952586171429,edge
1_002_20200714_163049(8),0,0.999999959660845,0.7326771514414547,0.999999959660845,band_end
1_002_20200714_163049(8),1,0.9999999826450173,0.6685076758519818,0.9999999826450173,interior
1_002_20200714_163049(8),2,0.9467237137801522,0.5938889084978615,0.9467237137801522,edge
1_002_20200714_163053(5),0,0.9999999885372522,0.8516855652424332,0.9999999885372522,band_end
1_002_20200714_163053(5),1,0.9999999435336834,0.7163914716207942,0.9999999435336834,interior
1_002_20200714_163053(5),2,0.9999999974021114,0.7326374424006011,0.9999999974021114,edge
1_002_20200714_163056(8),0,0.9999999486762456,0.7212865967583876,0.9999999486762456,band_end
1_002_20200714_163056(8),1,0.9999999798065609,0.7141436379330584,0.9999999798065609,interior
1_002_20200714_163056(8),2,0.9999969598983828,0.6968900142915643,0.9999969598983828,edge
1_002_20200714_163100(2),0,0.9999998265657187,0.6630270397095156,0.9999998265657187,band_end
1_002_20200714_163100(2),1,0.9547725795876294,0.8338459877082466,0.9547725795876294,interior
1_002_20200714_163100(2),2,0.999999984505558,0.8305233474461065,0.999999984505558,edge
1_002_20200714_163103(5),0,0.9999999455001344,0.634937141110584,0.9999999455001344,band_end
1_002_20200714_163103(5),1,0.999999988485131,0.8580270880522365,0.999999988485131,interior
1_002_20200714_163103(5),2,0.9999995974817831,0.678804403615852,0.9999995974817831,edge
1_002_20200714_225756(0),0,0.9999999927583207,0.7183962859872729,0.9999999927583207,band_end
1_002_20200714_225756(0),1,0.9999997958065541,0.7910187449212471,0.9999997958065541,interior
1_002_20200714_225756(0),2,0.9999999983639904,0.7177651703295808,0.9999999983639904,edge
1_002_20200714_225759(8),0,0.9999999913783796,0.893051372909798,0.9999999913783796,band_end
1_002_20200714_225759(8),1,0.9999991430895476,0.6281749760864297,0.9999991430895476,interior
1_002_20200714_225759(8),2,0.9999999893412864,0.7577897273613965,0.9999999893412864,edge
1_002_20200714_225803(3),0,0.9999999822031597,0.7528432475916802,0.9999999822031597,band_end
1_002_20200714_225803(3),1,0.9999999621729733,0.6705603715350212,0.9999999621729733,interior
1_002_20200714_225803(3),2,0.9999991965228646,0.7863076305466022,0.9999991965228646,edge
1_002_20200714_225807(3),0,0.9999998827028016,0.609293027098118,0.9999998827028016,band_end
1_002_20200714_225807(3),1,0.9999999744127894,0.7870671696196442,0.9999999744127894,interior
1_002_20200714_225807(3),2,0.9999999934186001,0.8112556209545277,0.9999999934186001,edge
1_002_20200714_225810(5),0,0.9999999182158361,0.6959630669418024,0.9999999182158361,band_end
1_002_20200714_225810(5),1,0.999999988914119,0.8336108151265481,0.999999988914119,interior
1_002_20200714_225810(5),2,0.999999910155832,0.8042939896872733,0.999999910155832,edge
1_002_20200714_225817(4),0,0.9999999617754861,0.7860617745264928,0.9999999617754861,band_end
1_002_20200714_225817(4),1,0.9999991613373641,0.7110263403738556,0.9999991613373641,interior
1_002_20200714_225817(4),2,0.999999966303031,0.6866979309792076,0.999999966303031,edge
1_002_20200905_123103(4),0,0.9999844062371901,0.6939754211894946,0.9999844062371901,band_end
1_002_20200905_123103(4),1,0.9999490594852573,0.7205117769951785,0.9999490594852573,interior
1_002_20200905_123103(4),2,0.9999382065477043,0.6402781205608069,0.9999382065477043,edge
1_002_20200905_123107(5),0,0.9999797077395938,0.8867815102939183,0.9999797077395938,band_end
1_002_20200905_123107(5),1,0.9999563951380829,0.8520413279190338,0.9999563951380829,interior
1_002_20200905_123107(5),2,0.999934271516588,0.814745628602903,0.999934271516588,edge
1_002_20200905_123111(6),0,0.9999063548435542,0.7317271016771809,0.9999063548435542,band_end
1_002_20200905_123111(6),1,0.9999426153626457,0.9066750001097658,0.9999426153626457,interior
1_002_20200905_123111(6),2,0.9998510489688436,0.8309476297611329,0.9998510489688436,edge
1_002_20200905_163920(4),0,0.9999218284214514,0.6870214887870437,0.9999218284214514,band_end
1_002_20200905_163920(4),1,0.9999498950979537,0.6355028195194579,0.9999498950979537,interior
1_002_20200905_163920(4),2,0.9999023362039708,0.6941983017887594,0.9999023362039708,edge
1_002_20200905_163924(2),0,0.9999944283733155,0.639573142284598,0.9999944283733155,band_end
1_002_20200905_163924(2),1,0.9999115958375845,0.717771031526897,0.9999115958375845,interior
1_002_20200905_163924(2),2,0.9993635812206262,0.6820310296445329,0.9993635812206262,edge
1_002_20200905_163928(3),0,0.999920365254198,0.7049063826279991,0.999920365254198,band_end
1_002_20200905_163928(3),1,0.999992172533795,0.7700314331398818,0.999992172533795,interior
1_002_20200905_163928(3),2,0.9999409033972491,0.7552021335593055,0.9999409033972491,edge
1_002_20200905_163932(3),0,0.9999589882469969,0.8258019658566165,0.9999589882469969,band_end
1_002_20200905_163932(3),1,0.9999584318505286,0.7863451528439612,0.9999584318505286,interior
1_002_20200905_163932(3),2,0.9999083199837268,0.807179377459288,0.9999083199837268,edge
1_002_20200905_163936(3),0,0.999934565391909,0.8529733382562962,0.999934565391909,band_end
1_002_20200905_163936(3),1,0.9999426829981413,0.8545555126392114,0.9999426829981413,interior
1_002_20200905_163936(3),2,0.9998946052408518,0.8393761002352716,0.9998946052408518,edge
1_002_20200905_163940(2),0,0.9998677098360064,0.559421007107113,0.9998677098360064,band_end
1_002_20200905_163940(2),1,0.9999796306430982,0.5368032874637477,0.9999796306430982,interior
1_002_20200905_163940(2),2,0.9999164131464467,0.6257336625383583,0.9999164131464467,edge
1_002_20200905_203836(3),0,0.9998603706287011,0.764749183624516,0.9998603706287011,band_end
1_002_20200905_203836(3),1,0.9997156790017712,0.78579832688401,0.9997156790017712,interior
1_002_20200905_203836(3),2,0.9999156651867381,0.7308873752570584,0.9999156651867381,edge
1_002_20200905_203840(3),0,0.9999199743238355,0.7010103990376213,0.9999199743238355,band_end
1_002_20200905_203840(3),1,0.9999290443830395,0.6673366064618297,0.9999290443830395,interior
1_002_20200905_203840(3),2,0.9998339854464052,0.7178675608856451,0.9998339854464052,edge
1_002_20200905_203844(2),0,0.9998473362600794,0.7564345832389593,0.9998473362600794,band_end
1_002_20200905_203844(2),1,0.9997741469399644,0.7770035899224408,0.9997741469399644,interior
1_002_20200905_203844(2),2,0.9995658491508813,0.7477679729955888,0.9995658491508813,edge
1_002_20200905_203848(4),0,0.999955293290114,0.7379177351187606,0.999955293290114,band_end
1_002_20200905_203848(4),1,0.999981087832685,0.7615071416440224,0.999981087832685,interior
1_002_20200905_203848(4),2,0.9988842655805757,0.7167451227059554,0.9988842655805757,edge
1_002_20200905_203856(3),0,0.9999881925183942,0.7297399623413293,0.9999881925183942,band_end
1_002_20200905_203856(3),1,0.9999684740778157,0.7376346882855923,0.9999684740778157,interior
1_002_20200905_203856(3),2,0.9999230152479868,0.7850617950101253,0.9999230152479868,edge
1_002_20200905_203900(3),0,0.9999139740939252,0.7136889094468725,0.9999139740939252,band_end
1_002_20200905_203900(3),1,0.9998287687548865,0.7817363154412312,0.9998287687548865,interior
1_002_20200905_203900(3),2,0.9947289830580498,0.7080832327971646,0.9947289830580498,edge
1_002_20200906_003059(0),0,0.9999999217719647,0.6383403106783224,0.9999999217719647,band_end
1_002_20200906_003059(0),1,0.9999999896846153,0.6217497598268373,0.9999999896846153,interior
1_002_20200906_003059(0),2,0.9913404033188151,0.6065481904949993,0.9913404033188151,edge
1_002_20200906_003114(8),0,0.9999999388760716,0.7671302160947904,0.9999999388760716,band_end
1_002_20200906_003114(8),1,0.999999973246759,0.7386607807738772,0.999999973246759,interior
1_002_20200906_003114(8),2,0.9999999793741858,0.7492851890033763,0.9999999793741858,edge
1_002_20200906_003118(7),0,0.9999999046395942,0.7452937294627543,0.9999999046395942,band_end
1_002_20200906_003118(7),1,0.999999987124009,0.715004186959333,0.999999987124009,interior
1_002_20200906_003118(7),2,0.9999999940598623,0.749023218633733,0.9999999940598623,edge
1_002_20200906_003122(7),0,0.9999999305235722,0.8318273133255976,0.9999999305235722,band_end
1_002_20200906_003122(7),1,0.999999995129415,0.8991808232838139,0.999999995129415,interior
1_002_20200906_003122(7),2,0.9999988238707119,0.895783204356759,0.9999988238707119,edge
1_002_20200906_003126(8),0,0.9999999391493305,0.7454988775708599,0.9999999391493305,band_end
1_002_20200906_003126(8),1,0.9999999911187701,0.7127049936230682,0.9999999911187701,interior
1_002_20200906_003126(8),2,0.999997745339789,0.670669534399058,0.999997745339789,edge
1_002_20200906_003132(7),0,0.9999999747009805,0.6333028631979896,0.9999999747009805,band_end
1_002_20200906_003132(7),1,0.9999999631033674,0.6251555340623699,0.9999999631033674,interior
1_002_20200906_003132(7),2,0.9999999964108393,0.6171321669833789,0.9999999964108393,edge
2_002_20200622_203136(3),0,0.9997514406378494,0.6124933609269348,0.9997514406378494,band_end
2_002_20200622_203136(3),1,0.0,0.4944156358512526,0.9991230991104384,interior
2_002_20200622_203136(3),2,0.9995143861626103,0.5082415374908399,0.9995143861626103,edge
2_002_20200622_203140(8),0,0.997583484215029,0.7212542759428334,0.997583484215029,band_end
2_002_20200622_203140(8),1,0.9999390962194267,0.643192331798037,0.9999390962194267,interior
2_002_20200622_203140(8),2,0.0019584467468725364,0.6345346574448908,0.0019584467468725364,edge
2_002_20200622_203145(3),0,0.9958968201425334,0.7860114474296213,0.9958968201425334,band_end
2_002_20200622_203145(3),1,0.23245924196389797,0.692385215121002,0.23245924196389797,interior
2_002_20200622_203145(3),2,0.9999438542597086,0.7038629318013806,0.9999438542597086,edge
2_002_20200622_203149(8),0,0.998281363462802,0.6995214502575235,0.998281363462802,band_end
2_002_20200622_203149(8),1,0.999952606120972,0.6513139978821374,0.999952606120972,interior
2_002_20200622_203149(8),2,0.9999670697674621,0.6999905459057142,0.9999670697674621,edge
2_002_20200622_203154(3),0,0.9997481089887801,0.588985367322433,0.9997481089887801,band_end
2_002_20200622_203154(3),1,0.9997999476760853,0.8716253319840956,0.9997999476760853,interior
2_002_20200622_203154(3),2,0.9999765730112907,0.6668986087749575,0.9999765730112907,edge
2_002_20200622_203158(8),0,0.9142350891384091,0.6455234281776779,0.9142350891384091,band_end
2_002_20200622_203158(8),1,0.9997314690916856,0.8180677402938453,0.9997314690916856,interior
2_002_20200622_203158(8),2,0.9999988942438288,0.725912551439777,0.9999988942438288,edge
2_002_20200623_003351(2),0,0.9995522596611447,0.8910984819270705,0.9995522596611447,band_end
2_002_20200623_003351(2),1,0.9985566566324916,0.9233943335844119,0.9985566566324916,interior
2_002_20200623_003351(2),2,0.9999999861277755,0.8964126471247851,0.9999999861277755,edge
2_002_20200623_003355(7),0,0.762876015971978,0.7950834591182339,0.762876015971978,band_end
2_002_20200623_003355(7),1,0.9999970795526548,0.8113085914177979,0.9999970795526548,interior
2_002_20200623_003355(7),2,0.9999999497604651,0.789711746024854,0.9999999497604651,edge
2_002_20200623_003400(2),0,0.9999520357263101,0.6122392382904676,0.9999520357263101,band_end
2_002_20200623_003400(2),1,0.9999999446299872,0.6481466188646108,0.9999999446299872,interior
2_002_20200623_003400(2),2,0.9806397118310912,0.8251508922105075,0.9806397118310912,edge
2_002_20200623_003404(7),0,0.5201902689363175,0.8296491912354793,0.5201902689363175,band_end
2_002_20200623_003404(7),1,0.9999998158401174,0.7431796310704103,0.9999998158401174,interior
2_002_20200623_003404(7),2,0.9999994706635851,0.7666733661279334,0.9999994706635851,edge
2_002_20200623_003409(2),0,0.9967126433718861,0.6087744310704672,0.9967126433718861,band_end
2_002_20200623_003409(2),1,0.999999932595338,0.6670093274400594,0.999999932595338,interior
2_002_20200623_003409(2),2,0.0,0.4933393668664054,0.975328445972194,edge
2_002_20200623_003413(7),0,0.9988527371045662,0.8625761574756448,0.9988527371045662,band_end
2_002_20200623_003413(7),1,0.9999999925147672,0.9075563259466056,0.9999999925147672,interior
2_002_20200623_003413(7),2,0.9859970821382366,0.7394091950075167,0.9859970821382366,edge
2_002_20200623_043056(0),0,0.9999958673894964,0.7299388513311541,0.9999958673894964,band_end
2_002_20200623_043056(0),1,0.9999999029202572,0.8809617373635765,0.9999999029202572,interior
2_002_20200623_043056(0),2,0.9862170831246282,0.7748704223485307,0.9862170831246282,edge
2_002_20200623_043100(6),0,0.9999990012370509,0.6783686653798521,0.9999990012370509,band_end
2_002_20200623_043100(6),1,0.9999251580081724,0.7853340896997318,0.9999251580081724,interior
2_002_20200623_043100(6),2,0.9999998914079486,0.6688038365382415,0.9999998914079486,edge
2_002_20200623_043105(0),0,0.9999995231496774,0.6869827589877733,0.9999995231496774,band_end
2_002_20200623_043105(0),1,0.999999968956831,0.6704960503903189,0.999999968956831,interior
2_002_20200623_043105(0),2,0.9999999905869333,0.6150295578937993,0.9999999905869333,edge
2_002_20200623_043109(4),0,0.0,0.4842082620708364,0.9972573134382264,band_end
2_002_20200623_043109(4),1,0.0,0.4875031428221983,0.9999999847762986,interior
2_002_20200623_043109(4),2,0.7034773703098114,0.7047620501847071,0.7034773703098114,edge
2_002_20200623_043115(4),0,0.9990610331501042,0.5079559020886203,0.9990610331501042,band_end
2_002_20200623_043115(4),1,0.999998884618885,0.7884430221983464,0.999998884618885,interior
2_002_20200623_043115(4),2,0.9999969445868749,0.6482469267487608,0.9999969445868749,edge
2_002_20200623_043120(0),0,0.9999986095597835,0.7104538494564604,0.9999986095597835,band_end
2_002_20200623_043120(0),1,0.9999998101412307,0.619511704251026,0.9999998101412307,interior
2_002_20200623_043120(0),2,0.9816141153746359,0.6881954133980835,0.9816141153746359,edge
2_002_20200623_082249(3),0,0.9466728497642978,0.5583048491124183,0.9466728497642978,band_end
2_002_20200623_082249(3),1,0.9999999389559078,0.6455982782468647,0.9999999389559078,interior
2_002_20200623_082249(3),2,0.9999999830811522,0.6610157611366649,0.9999999830811522,edge
2_002_20200623_082253(8),0,0.6902649778313411,0.7143271225644755,0.6902649778313411,band_end
2_002_20200623_082253(8),1,0.9999999496028199,0.6095713517930376,0.9999999496028199,interior
2_002_20200623_082253(8),2,0.9999994049065473,0.91840351588718,0.9999994049065473,edge
2_002_20200623_082258(4),0,0.9178356465592793,0.7064292511514085,0.9178356465592793,band_end
2_002_20200623_082258(4),1,0.9999999631262075,0.6614627048236141,0.9999999631262075,interior
2_002_20200623_082258(4),2,0.9999990972918951,0.7672723043513333,0.9999990972918951,edge
2_002_20200623_082302(7),0,0.9999803269097348,0.5470879880719033,0.9999803269097348,band_end
2_002_20200623_082302(7),1,0.9993738501152603,0.5445006369479094,0.9993738501152603,interior
2_002_20200623_082302(7),2,0.9999976807215909,0.5572323195534057,0.9999976807215909,edge
2_002_20200623_082307(2),0,0.9995298531314695,0.8576580967763346,0.9995298531314695,band_end
2_002_20200623_082307(2),1,0.9999999855700652,0.8990065801356742,0.9999999855700652,interior
2_002_20200623_082307(2),2,0.9828356622558231,0.7212822246610064,0.9828356622558231,edge
2_002_20200623_082311(8),0,0.999999014985793,0.5411622831155707,0.999999014985793,band_end
2_002_20200623_082311(8),1,0.9999999417606363,0.7520173234975028,0.9999999417606363,interior
2_002_20200623_082311(8),2,0.9999999483453244,0.7888190118057095,0.9999999483453244,edge
2_002_20200623_123042(0),0,0.9996068763085271,0.562084507926745,0.9996068763085271,band_end
2_002_20200623_123042(0),1,0.9999999611071904,0.6381286391420316,0.9999999611071904,interior
2_002_20200623_123042(0),2,0.9999999110726067,0.5809125050588978,0.9999999110726067,edge
2_002_20200623_123046(4),0,0.9662160635136989,0.7332298182583525,0.9662160635136989,band_end
2_002_20200623_123046(4),1,0.9996743872391194,0.6177605983094334,0.9996743872391194,interior
2_002_20200623_123046(4),2,0.9074170556412527,0.7619012373236372,0.9074170556412527,edge
2_002_20200623_123051(1),0,0.9999867118178538,0.7661791557936737,0.9999867118178538,band_end
2_002_20200623_123051(1),1,0.999999925806649,0.788363128851886,0.999999925806649,interior
2_002_20200623_123051(1),2,0.9808326775678423,0.9024983814269263,0.9808326775678423,edge
2_002_20200623_123055(5),0,0.9999980371972573,0.6109546730608005,0.9999980371972573,band_end
2_002_20200623_123055(5),1,0.9993870993253953,0.6807467120347351,0.9993870993253953,interior
2_002_20200623_123055(5),2,0.9735858060125944,0.638017069717799,0.9735858060125944,edge
2_002_20200623_123100(0),0,0.8728603226164858,0.6463342067085112,0.8728603226164858,band_end
2_002_20200623_123100(0),1,0.9999999671174757,0.7715790315098838,0.9999999671174757,interior
2_002_20200623_123100(0),2,0.9421169762471581,0.6409527456524896,0.9421169762471581,edge
2_002_20200623_123104(5),0,0.999050837481512,0.7210672003170894,0.999050837481512,band_end
2_002_20200623_123104(5),1,0.9999999843704352,0.8040065195039777,0.9999999843704352,interior
2_002_20200623_123104(5),2,0.9999999683945412,0.7483063551156882,0.9999999683945412,edge
2_002_20200623_163020(3),0,0.9974180820394231,0.7939006023611307,0.9974180820394231,band_end
2_002_20200623_163020(3),1,0.9992354811351639,0.8554655608420036,0.9992354811351639,interior
2_002_20200623_163020(3),2,0.9999999935097099,0.8905439907014766,0.9999999935097099,edge
2_002_20200623_163023(3),0,0.8214259347342941,0.5430123078304125,0.8214259347342941,band_end
2_002_20200623_163023(3),1,0.9999999798816912,0.6009929559139043,0.9999999798816912,interior
2_002_20200623_163023(3),2,0.9999999536378409,0.5095899963005314,0.9999999536378409,edge
2_002_20200623_163026(3),0,0.7809145245780115,0.6983123023483453,0.7809145245780115,band_end
2_002_20200623_163026(3),1,0.9999999751972859,0.6096311736395692,0.9999999751972859,interior
2_002_20200623_163026(3),2,0.9999998794513972,0.5688948867245127,0.9999998794513972,edge
2_002_20200623_163029(6),0,0.9447088753727085,0.7380693583933884,0.9447088753727085,band_end
2_002_20200623_163029(6),1,0.9999999711198735,0.8106151192012466,0.9999999711198735,interior
2_002_20200623_163029(6),2,0.9999999888588597,0.7378027648469005,0.9999999888588597,edge
2_002_20200623_163032(5),0,0.999904722991952,0.7991869502413377,0.999904722991952,band_end
2_002_20200623_163032(5),1,0.6249159503229089,0.7732382891546901,0.6249159503229089,interior
2_002_20200623_163032(5),2,0.0,0.47445152976596416,0.991125004869505,edge
2_002_20200623_163035(5),0,0.9930353098424621,0.6131771595862526,0.9930353098424621,band_end
2_002_20200623_163035(5),1,0.9999373815957079,0.6898878259694857,0.9999373815957079,interior
2_002_20200623_163035(5),2,0.9496299539327666,0.6012502268022566,0.9496299539327666,edge
2_002_20200623_203033(6),0,0.999861208852631,0.596769783427902,0.999861208852631,band_end
2_002_20200623_203033(6),1,0.13707113203287374,0.6247856191220491,0.13707113203287374,interior
2_002_20200623_203033(6),2,0.999998354462311,0.6447834323916484,0.999998354462311,edge
2_002_20200623_203038(0),0,0.9999999375065735,0.7325119160106666,0.9999999375065735,band_end
2_002_20200623_203038(0),1,0.9999999779849151,0.8066669106835691,0.9999999779849151,interior
2_002_20200623_203038(0),2,0.9999999876774456,0.7469290630966379,0.9999999876774456,edge
2_002_20200623_203042(5),0,0.9998115850594933,0.6142778380287778,0.9998115850594933,band_end
2_002_20200623_203042(5),1,0.7914813750720914,0.8217745104400458,0.7914813750720914,interior
2_002_20200623_203042(5),2,0.970321010214293,0.5731847285276489,0.970321010214293,edge
2_002_20200623_203047(0),0,0.9998604536040447,0.5804526478584946,0.9998604536040447,band_end
2_002_20200623_203047(0),1,0.9999999894700123,0.8046738142382112,0.9999999894700123,interior
2_002_20200623_203047(0),2,0.9999967662976751,0.664990547349874,0.9999967662976751,edge
2_002_20200623_203050(0),0,0.9996634869309876,0.8585566800044995,0.9996634869309876,band_end
2_002_20200623_203050(0),1,0.999999981530933,0.7427326892376399,0.999999981530933,interior
2_002_20200623_203050(0),2,0.9999999867934071,0.7789446952939924,0.9999999867934071,edge
2_002_20200623_203054(6),0,0.9999798879846009,0.735378524246795,0.9999798879846009,band_end
2_002_20200623_203054(6),1,0.9999999830691989,0.7441720099624963,0.9999999830691989,interior
2_002_20200623_203054(6),2,0.9999999987603232,0.7675429152839353,0.9999999987603232,edge
2_002_20200624_003115(6),0,0.9999776145403358,0.7446448973864129,0.9999776145403358,band_end
2_002_20200624_003115(6),1,0.9999905878331489,0.6708201367778364,0.9999905878331489,interior
2_002_20200624_003115(6),2,0.21864030170268564,0.6642615835734077,0.21864030170268564,edge
2_002_20200624_003118(6),0,0.999894636524551,0.7307994030201562,0.999894636524551,band_end
2_002_20200624_003118(6),1,0.9939371124948664,0.7981172174998098,0.9939371124948664,interior
2_002_20200624_003118(6),2,0.9996737623794482,0.7839973294197682,0.9996737623794482,edge
2_002_20200624_003123(0),0,0.9872772984566269,0.7643600093869555,0.9872772984566269,band_end
2_002_20200624_003123(0),1,0.999997551128835,0.8145347851480876,0.999997551128835,interior
2_002_20200624_003123(0),2,0.9999964113153837,0.8384463303158665,0.9999964113153837,edge
2_002_20200624_003127(5),0,0.9988381866523108,0.8116270248425497,0.9988381866523108,band_end
2_002_20200624_003127(5),1,0.9999528103259738,0.6636108440157555,0.9999528103259738,interior
2_002_20200624_003127(5),2,0.9999617643823936,0.5781871666694445,0.9999617643823936,edge
2_002_20200624_003132(0),0,0.9997296920650968,0.7649682429073883,0.9997296920650968,band_end
2_002_20200624_003132(0),1,0.99998328905506,0.707393662500043,0.99998328905506,interior
2_002_20200624_003132(0),2,0.9999343352591334,0.5138851833717176,0.9999343352591334,edge
2_002_20200624_003136(5),0,0.9993125565593386,0.6307880445769634,0.9993125565593386,band_end
2_002_20200624_003136(5),1,0.9999897030091783,0.519084752162959,0.9999897030091783,interior
2_002_20200624_003136(5),2,0.9978812040341384,0.6837603062191074,0.9978812040341384,edge
2_002_20200624_043136(9),0,0.9994989614553409,0.7740293934678681,0.9994989614553409,band_end
2_002_20200624_043136(9),1,0.9999937802102156,0.8103645458312734,0.9999937802102156,interior
2_002_20200624_043136(9),2,0.999745568551521,0.737147603797684,0.999745568551521,edge
2_002_20200624_043141(4),0,0.9999960588180036,0.666591353261493,0.9999960588180036,band_end
2_002_20200624_043141(4),1,0.9999989736798585,0.6162687547251083,0.9999989736798585,interior
2_002_20200624_043141(4),2,0.9999730792014061,0.7162765154643463,0.9999730792014061,edge
2_002_20200624_043145(8),0,0.9930070709013268,0.739364647819067,0.9930070709013268,band_end
2_002_20200624_043145(8),1,0.9999936359204668,0.7834052187761369,0.9999936359204668,interior
2_002_20200624_043145(8),2,0.9941572192689718,0.5344793319658888,0.9941572192689718,edge
2_002_20200624_043150(3),0,0.9998656154253214,0.6519554550446419,0.9998656154253214,band_end
2_002_20200624_043150(3),1,0.9999931746725275,0.7067395276665633,0.9999931746725275,interior
2_002_20200624_043150(3),2,0.9999396020589479,0.8025837145505138,0.9999396020589479,edge
2_002_20200624_043154(8),0,0.9999857852266553,0.7451206420168363,0.9999857852266553,band_end
2_002_20200624_043154(8),1,0.9999971302095908,0.7885222543688106,0.9999971302095908,interior
2_002_20200624_043154(8),2,0.9985445714067439,0.6555128884178816,0.9985445714067439,edge
2_002_20200624_043159(4),0,0.9993737542276742,0.6723486535371261,0.9993737542276742,band_end
2_002_20200624_043159(4),1,0.9999899919032653,0.7302412254906272,0.9999899919032653,interior
2_002_20200624_043159(4),2,0.9999317983623021,0.5905648159743522,0.9999317983623021,edge
2_002_20200624_083032(4),0,0.03116281583038821,0.8683903684554926,0.03116281583038821,band_end
2_002_20200624_083032(4),1,0.9999672320292461,0.7975211565154909,0.9999672320292461,interior
2_002_20200624_083032(4),2,0.9998762679909482,0.851682109128131,0.9998762679909482,edge
2_002_20200624_083036(9),0,0.9998045918254592,0.6407052957560586,0.9998045918254592,band_end
2_002_20200624_083036(9),1,0.9989854297530595,0.7494615014072308,0.9989854297530595,interior
2_002_20200624_083036(9),2,0.9902639198916553,0.5127090432993909,0.9902639198916553,edge
2_002_20200624_083041(3),0,0.9996321585904046,0.6555751078980553,0.9996321585904046,band_end
2_002_20200624_083041(3),1,0.9999724721987844,0.7847528953534001,0.9999724721987844,interior
2_002_20200624_083041(3),2,0.9973964640893533,0.7623909344882703,0.9973964640893533,edge
2_002_20200624_083045(8),0,0.9998912131076086,0.7422459577885324,0.9998912131076086,band_end
2_002_20200624_083045(8),1,0.030048884875787576,0.6895802661296561,0.030048884875787576,interior
2_002_20200624_083045(8),2,0.9994296858592001,0.6363407512468524,0.9994296858592001,edge
2_002_20200624_083050(4),0,0.9985518239673922,0.6878372603824288,0.9985518239673922,band_end
2_002_20200624_083050(4),1,0.9997991919251917,0.6941639683128262,0.9997991919251917,interior
2_002_20200624_083050(4),2,0.9989602873262559,0.6517995574753382,0.9989602873262559,edge
2_002_20200624_083054(9),0,0.999895792521588,0.6823465205392049,0.999895792521588,band_end
2_002_20200624_083054(9),1,0.9999957009718933,0.8831801765399987,0.9999957009718933,interior
2_002_20200624_083054(9),2,0.999967092022368,0.7941002129835713,0.999967092022368,edge
2_002_20200624_123144(0),0,0.0,0.4190820285426356,0.99824582000252,band_end
2_002_20200624_123144(0),1,0.9872468513731804,0.6665297596294655,0.9872468513731804,interior
2_002_20200624_123144(0),2,0.9996350116468392,0.7690932054543664,0.9996350116468392,edge
2_002_20200624_123148(2),0,0.9994036808021974,0.7825901940565008,0.9994036808021974,band_end
2_002_20200624_123148(2),1,0.9999097605133552,0.7968212756846955,0.9999097605133552,interior
2_002_20200624_123148(2),2,0.9912504217213872,0.6942291844447935,0.9912504217213872,edge
2_002_20200624_123152(7),0,0.9999270739452186,0.650744719367152,0.9999270739452186,band_end
2_002_20200624_123152(7),1,0.9998658170245761,0.5986930973750272,0.9998658170245761,interior
2_002_20200624_123152(7),2,0.9999561927991435,0.6134765476140778,0.9999561927991435,edge
2_002_20200624_123157(4),0,0.9996450843072864,0.828373903012137,0.9996450843072864,band_end
2_002_20200624_123157(4),1,0.9996984463356476,0.9450184709231911,0.9996984463356476,interior
2_002_20200624_123157(4),2,0.9999781450971903,0.8927101699156696,0.9999781450971903,edge
2_002_20200624_123201(7),0,0.9994774770900539,0.6254102290463808,0.9994774770900539,band_end
2_002_20200624_123201(7),1,0.999994385382587,0.7261209409962637,0.999994385382587,interior
2_002_20200624_123201(7),2,0.9999692851438189,0.557909477325111,0.9999692851438189,edge
2_002_20200624_123206(2),0,0.9999494225932941,0.7969150463266201,0.9999494225932941,band_end
2_002_20200624_123206(2),1,0.9999131061799666,0.7011239408245189,0.9999131061799666,interior
2_002_20200624_123206(2),2,0.9978076064389428,0.538555385835108,0.9978076064389428,edge
2_002_20200624_162708(9),0,0.9997606060966042,0.7860342929615263,0.9997606060966042,band_end
2_002_20200624_162708(9),1,0.9987523177373255,0.8418886347496489,0.9987523177373255,interior
2_002_20200624_162708(9),2,0.9992170118185417,0.7938142836205601,0.9992170118185417,edge
2_002_20200624_162713(4),0,0.002833280062108647,0.7931716988961621,0.002833280062108647,band_end
2_002_20200624_162713(4),1,0.6826265179570719,0.7054457229087931,0.6826265179570719,interior
2_002_20200624_162713(4),2,0.9950141101477107,0.6120608894925319,0.9950141101477107,edge
2_002_20200624_162717(9),0,0.9997386468211568,0.6926941298837651,0.9997386468211568,band_end
2_002_20200624_162717(9),1,0.9992804675468051,0.63275095847972,0.9992804675468051,interior
2_002_20200624_162717(9),2,0.999535363714496,0.6772493406187561,0.999535363714496,edge
2_002_20200624_162722(4),0,0.9996626308419981,0.8612216891044338,0.9996626308419981,band_end
2_002_20200624_162722(4),1,0.9999885913488935,0.6585793240006008,0.9999885913488935,interior
2_002_20200624_162722(4),2,0.9987453796690468,0.6463660711246004,0.9987453796690468,edge
2_002_20200624_203111(4),0,0.99979924386455,0.6910174911654374,0.99979924386455,band_end
2_002_20200624_203111(4),1,0.9999812823897929,0.8350077882447657,0.9999812823897929,interior
2_002_20200624_203111(4),2,0.9999287575949326,0.6910663766660419,0.9999287575949326,edge
2_002_20200624_203114(3),0,0.031444209345500906,0.5569415404192402,0.031444209345500906,band_end
2_002_20200624_203114(3),1,0.9999979644725165,0.720803337754317,0.9999979644725165,interior
2_002_20200624_203114(3),2,0.995846507392022,0.64015909826899,0.995846507392022,edge
2_002_20200624_203117(3),0,0.9984780935954892,0.8407945697276774,0.9984780935954892,band_end
2_002_20200624_203117(3),1,0.9999965322509058,0.70289691381352,0.9999965322509058,interior
2_002_20200624_203117(3),2,0.999376152852909,0.7306236371684439,0.999376152852909,edge
2_002_20200624_203120(3),0,0.03324478432437333,0.5983653887578662,0.03324478432437333,band_end
2_002_20200624_203120(3),1,0.9758636217828424,0.6691130068191044,0.9758636217828424,interior
2_002_20200624_203120(3),2,0.9997034007220028,0.686896205492962,0.9997034007220028,edge
2_002_20200624_203123(3),0,0.999968177252339,0.8351724644762817,0.999968177252339,band_end
2_002_20200624_203123(3),1,0.9999471254903789,0.8193828853719698,0.9999471254903789,interior
2_002_20200624_203123(3),2,0.9999178258975532,0.8345373545090754,0.9999178258975532,edge
2_002_20200624_203126(3),0,0.9946350004107777,0.6257703962066249,0.9946350004107777,band_end
2_002_20200624_203126(3),1,0.9999959538200843,0.7051312485507328,0.9999959538200843,interior
2_002_20200624_203126(3),2,0.998127048536717,0.8099989595550245,0.998127048536717,edge
2_002_20200625_003352(9),0,0.9327590813352912,0.735414937951233,0.9327590813352912,band_end
2_002_20200625_003352(9),1,0.9999350779063768,0.6788064453009401,0.9999350779063768,interior
2_002_20200625_003352(9),2,0.9999993612083661,0.6708741111610137,0.9999993612083661,edge
2_002_20200625_003357(4),0,0.9999996147613027,0.8372902717977296,0.9999996147613027,band_end
2_002_20200625_003357(4),1,0.9999979685955024,0.6296468217762914,0.9999979685955024,interior
2_002_20200625_003357(4),2,0.9999999082736153,0.6697521734344867,0.9999999082736153,edge
2_002_20200625_003401(8),0,0.9109858797595731,0.8359717811807217,0.9109858797595731,band_end
2_002_20200625_003401(8),1,0.9999880346156704,0.8042662324367421,0.9999880346156704,interior
2_002_20200625_003401(8),2,0.9999999901279563,0.807487100276556,0.9999999901279563,edge
2_002_20200625_003406(3),0,0.9998901140607754,0.7329011897556236,0.9998901140607754,band_end
2_002_20200625_003406(3),1,0.9999999727490835,0.7562101127130367,0.9999999727490835,interior
2_002_20200625_003406(3),2,0.9931520011532473,0.6107353371465578,0.9931520011532473,edge
2_002_20200625_003410(8),0,0.932816843668704,0.8113035888518673,0.932816843668704,band_end
2_002_20200625_003410(8),1,0.9999997899287331,0.7875679556816245,0.9999997899287331,interior
2_002_20200625_003410(8),2,0.9999895431007204,0.8200734801493117,0.9999895431007204,edge
2_002_20200625_003415(4),0,0.9999983669956187,0.7635913031306498,0.9999983669956187,band_end
2_002_20200625_003415(4),1,0.999999783561947,0.7573105320270206,0.999999783561947,interior
2_002_20200625_003415(4),2,0.9940351481712467,0.7545406247231945,0.9940351481712467,edge
2_002_20200831_163149(1),0,0.998243434106439,0.5811165043709053,0.998243434106439,band_end
2_002_20200831_163149(1),1,0.0,0.4774205079886215,0.9999292919251265,interior
2_002_20200831_163149(1),2,0.9991350399709455,0.5526158775009895,0.9991350399709455,edge
2_002_20200831_163150(6),0,0.9992906132220735,0.8972622047563783,0.9992906132220735,band_end
2_002_20200831_163150(6),1,0.9999397949358986,0.9153107590485369,0.9999397949358986,interior
2_002_20200831_163150(6),2,0.9996638490528825,0.7381496312820202,0.9996638490528825,edge
2_002_20200831_203101(4),0,0.9999390548087317,0.6914242146133377,0.9999390548087317,band_end
2_002_20200831_203101(4),1,0.9999720801888826,0.6459475721756017,0.9999720801888826,interior
2_002_20200831_203101(4),2,0.9985409667128212,0.6246321330474519,0.9985409667128212,edge
2_002_20200831_203105(9),0,0.9999357267265984,0.5991898130284264,0.9999357267265984,band_end
2_002_20200831_203105(9),1,0.9999659871089446,0.6729495188788636,0.9999659871089446,interior
2_002_20200831_203105(9),2,0.9999930432228408,0.7338899722801742,0.9999930432228408,edge
2_002_20200904_230054(2),0,0.8902144661898828,0.9114386841348501,0.8902144661898828,band_end
2_002_20200904_230054(2),1,0.9999785957571606,0.8293326816690687,0.9999785957571606,interior
2_002_20200904_230054(2),2,0.9976054280070616,0.7802419677857959,0.9976054280070616,edge
2_002_20200904_230057(6),0,0.9978770126104165,0.7506210577695528,0.9978770126104165,band_end
2_002_20200904_230057(6),1,0.9999277378196337,0.7972353154169941,0.9999277378196337,interior
2_002_20200904_230057(6),2,0.9996519020622512,0.6708437714030645,0.9996519020622512,edge
2_002_20200904_230105(4),0,0.9989141007103124,0.7048913625653223,0.9989141007103124,band_end
2_002_20200904_230105(4),1,0.9958548891789759,0.6705049095179002,0.9958548891789759,interior
2_002_20200904_230105(4),2,0.0040659309822595555,0.6106661349702255,0.0040659309822595555,edge
2_002_20200905_003315(2),0,0.9983575134170423,0.7475802840783357,0.9983575134170423,band_end
2_002_20200905_003315(2),1,0.9999773704970739,0.7736175568037089,0.9999773704970739,interior
2_002_20200905_003315(2),2,0.998525230542526,0.6694886895753177,0.998525230542526,edge
2_002_20200905_003319(2),0,0.996740315397499,0.7405922993714211,0.996740315397499,band_end
2_002_20200905_003319(2),1,0.9998281989432054,0.7396421579155926,0.9998281989432054,interior
2_002_20200905_003319(2),2,0.999918304717465,0.7631671293700062,0.999918304717465,edge
2_002_20200905_003323(3),0,0.9979270641980996,0.7056085111931053,0.9979270641980996,band_end
2_002_20200905_003323(3),1,0.9998661212023373,0.8033264367653953,0.9998661212023373,interior
2_002_20200905_003323(3),2,0.999154775740329,0.6687285318059326,0.999154775740329,edge
2_002_20200905_003327(3),0,0.9994772267799981,0.9320255723694956,0.9994772267799981,band_end
2_002_20200905_003327(3),1,0.999798904171081,0.8383046453527909,0.999798904171081,interior
2_002_20200905_003327(3),2,0.9999597889863198,0.8391198712657196,0.9999597889863198,edge
2_002_20200905_003331(2),0,0.9975893095821474,0.6285689373579527,0.9975893095821474,band_end
2_002_20200905_003331(2),1,0.9999674327678736,0.7092517769814328,0.9999674327678736,interior
2_002_20200905_003331(2),2,0.9998952720091426,0.6770530879444396,0.9998952720091426,edge
2_002_20200905_003335(3),0,0.9995880240637552,0.771508359102863,0.9995880240637552,band_end
2_002_20200905_003335(3),1,0.9999592090824666,0.7883307769917856,0.9999592090824666,interior
2_002_20200905_003335(3),2,0.9999802278923617,0.7552211123622374,0.9999802278923617,edge
2_002_20200905_043156(0),0,0.9987257404086747,0.7638009779735938,0.9987257404086747,band_end
2_002_20200905_043156(0),1,0.9999175042104793,0.6834858832328882,0.9999175042104793,interior
2_002_20200905_043156(0),2,0.9996198303369105,0.5658891364799239,0.9996198303369105,edge
2_002_20200905_043200(0),0,0.9999027873919731,0.782639847123209,0.9999027873919731,band_end
2_002_20200905_043200(0),1,0.9999721287500966,0.7903035981697053,0.9999721287500966,interior
2_002_20200905_043200(0),2,0.9976083536000145,0.7798723937523321,0.9976083536000145,edge
2_002_20200905_043204(0),0,0.9999700882223541,0.7571444258857526,0.9999700882223541,band_end
2_002_20200905_043204(0),1,0.9998879517749366,0.7753643563854039,0.9998879517749366,interior
2_002_20200905_043204(0),2,0.9992664652629237,0.6978743577496039,0.9992664652629237,edge
2_002_20200905_043208(0),0,0.9994453571209595,0.6228783803251233,0.9994453571209595,band_end
2_002_20200905_043208(0),1,0.9999522148810933,0.6667206233366219,0.9999522148810933,interior
2_002_20200905_043208(0),2,0.9977276339015355,0.6085837834186415,0.9977276339015355,edge
2_002_20200905_043212(1),0,0.9999224665705893,0.6170615505592361,0.9999224665705893,band_end
2_002_20200905_043212(1),1,0.9999448667537248,0.6424986814314209,0.9999448667537248,interior
2_002_20200905_043212(1),2,0.9996385132318022,0.684694555221678,0.9996385132318022,edge
2_002_20200905_043216(0),0,0.99952088382065,0.8618749348714342,0.99952088382065,band_end
2_002_20200905_043216(0),1,0.9999748116515339,0.932620876429741,0.9999748116515339,interior
2_002_20200905_043216(0),2,0.9997328681774744,0.727439999934575,0.9997328681774744,edge
2_002_20200905_083407(3),0,0.9991858056222341,0.7300814227355246,0.9991858056222341,band_end
2_002_20200905_083407(3),1,0.9998329384169059,0.6977384577174179,0.9998329384169059,interior
2_002_20200905_083407(3),2,0.999090100283611,0.7620815071554231,0.999090100283611,edge
2_002_20200905_083410(5),0,0.9989994579624825,0.8982475257007866,0.9989994579624825,band_end
2_002_20200905_083410(5),1,0.9998731171090671,0.8603752884202553,0.9998731171090671,interior
2_002_20200905_083410(5),2,0.9994855886575043,0.8197688886658359,0.9994855886575043,edge
2_002_20200905_083413(6),0,0.9991004192875057,0.6429135959102987,0.9991004192875057,band_end
2_002_20200905_083413(6),1,0.9999881475369188,0.6113345450844,0.9999881475369188,interior
2_002_20200905_083413(6),2,0.9999699298054912,0.5572884150586365,0.9999699298054912,edge
2_002_20200905_083416(3),0,0.9965222323786341,0.7072483793864739,0.9965222323786341,band_end
2_002_20200905_083416(3),1,0.9998487130610293,0.6229711173851487,0.9998487130610293,interior
2_002_20200905_083416(3),2,0.9998547799397002,0.7520537953570215,0.9998547799397002,edge
2_002_20200905_083419(3),0,0.9999538044375763,0.6398314128030266,0.9999538044375763,band_end
2_002_20200905_083419(3),1,0.9999923499317783,0.6186114885682615,0.9999923499317783,interior
2_002_20200905_083419(3),2,0.9999955916065084,0.6029806833895778,0.9999955916065084,edge
2_002_20200905_083422(4),0,0.9999317564597505,0.8233533000029435,0.9999317564597505,band_end
2_002_20200905_083422(4),1,0.9999723951416676,0.8202036650427008,0.9999723951416676,interior
2_002_20200905_083422(4),2,0.9992387501710437,0.7842178757512203,0.9992387501710437,edge
2_002_20200905_123055(0),0,0.998650728154028,0.5301994022766446,0.998650728154028,band_end
2_002_20200905_123055(0),1,0.9994277561799515,0.5827785903959073,0.9994277561799515,interior
2_002_20200905_123055(0),2,0.9959313874153155,0.6686877764941973,0.9959313874153155,edge
2_002_20200905_123058(4),0,0.9896361438438341,0.617369197105624,0.9896361438438341,band_end
2_002_20200905_123058(4),1,0.999977352767886,0.6299798961597296,0.999977352767886,interior
2_002_20200905_123058(4),2,0.0016828545354879874,0.6292626715163256,0.0016828545354879874,edge
2_002_20200905_123102(0),0,0.9993747670958452,0.6101129751440831,0.9993747670958452,band_end
2_002_20200905_123102(0),1,0.9999672581671081,0.5945009778949698,0.9999672581671081,interior
2_002_20200905_123102(0),2,0.9998734905957515,0.5948532820240476,0.9998734905957515,edge
2_002_20200905_123105(0),0,0.9997970808568177,0.6628938749257498,0.9997970808568177,band_end
2_002_20200905_123105(0),1,0.9999375217159524,0.6904225540183603,0.9999375217159524,interior
2_002_20200905_123105(0),2,0.999978982784419,0.6982830295871904,0.999978982784419,edge
2_002_20200905_123108(4),0,0.9984781500351129,0.8721323772372653,0.9984781500351129,band_end
2_002_20200905_123108(4),1,0.999965881063081,0.7547380264397646,0.999965881063081,interior
2_002_20200905_123108(4),2,0.9999642861949474,0.8448546886084598,0.9999642861949474,edge
2_002_20200905_123112(0),0,0.9975008226878398,0.7249132719533269,0.9975008226878398,band_end
2_002_20200905_123112(0),1,0.9999652109157824,0.6770739980651475,0.9999652109157824,interior
2_002_20200905_123112(0),2,0.9998997241987604,0.7001702239754735,0.9998997241987604,edge
2_002_20200905_163922(9),0,0.9986766614682627,0.6423365794311371,0.9986766614682627,band_end
2_002_20200905_163922(9),1,0.9999711956587881,0.5606767867431205,0.9999711956587881,interior
2_002_20200905_163922(9),2,0.9997298769771863,0.5285537680833989,0.9997298769771863,edge
2_002_20200905_163926(4),0,0.9992387334749544,0.7825940563443987,0.9992387334749544,band_end
2_002_20200905_163926(4),1,0.9998165531704339,0.6967267804642603,0.9998165531704339,interior
2_002_20200905_163926(4),2,0.9999967730318992,0.6479880591947595,0.9999967730318992,edge
2_002_20200905_163929(7),0,0.9984309584322637,0.6169862533693034,0.9984309584322637,band_end
2_002_20200905_163929(7),1,0.9998492777801167,0.6671526765982189,0.9998492777801167,interior
2_002_20200905_163929(7),2,0.9998126887346548,0.6597047083652563,0.9998126887346548,edge
2_002_20200905_163932(9),0,0.9993569336406181,0.8308711356793363,0.9993569336406181,band_end
2_002_20200905_163932(9),1,0.9999153910202512,0.8146393316695802,0.9999153910202512,interior
2_002_20200905_163932(9),2,0.998868053354066,0.7525579126348096,0.998868053354066,edge
2_002_20200905_163936(2),0,0.9994230858307118,0.8105697627674912,0.9994230858307118,band_end
2_002_20200905_163936(2),1,0.9999181518145454,0.9001895291397194,0.9999181518145454,interior
2_002_20200905_163936(2),2,0.9985923665036355,0.7445286892640256,0.9985923665036355,edge
2_002_20200905_163939(7),0,0.9994528391479132,0.6700406298062788,0.9994528391479132,band_end
2_002_20200905_163939(7),1,0.9999855678175307,0.6851253570946815,0.9999855678175307,interior
2_002_20200905_163939(7),2,0.9998089803098641,0.6047741048123824,0.9998089803098641,edge
2_002_20200905_204033(3),0,0.006065300005018681,0.6378426571626745,0.006065300005018681,band_end
2_002_20200905_204033(3),1,0.9999561141104624,0.6661717740196192,0.9999561141104624,interior
2_002_20200905_204033(3),2,0.9999262691887927,0.594584537356739,0.9999262691887927,edge
2_002_20200905_204039(5),0,0.9990977841856528,0.9105056334609744,0.9990977841856528,band_end
2_002_20200905_204039(5),1,0.9999615314881809,0.8710946894801601,0.9999615314881809,interior
2_002_20200905_204039(5),2,0.9999894491904617,0.8415622833245354,0.9999894491904617,edge
2_002_20200905_204042(9),0,0.999545962156882,0.5529736173794014,0.999545962156882,band_end
2_002_20200905_204042(9),1,0.0,0.49737732746067886,0.9994813698558332,interior
2_002_20200905_204042(9),2,0.999611711968405,0.5327353384891319,0.999611711968405,edge
2_002_20200905_204046(0),0,0.9999261361737679,0.6416318468733238,0.9999261361737679,band_end
2_002_20200905_204046(0),1,0.9998839658564183,0.6991288818056021,0.9998839658564183,interior
2_002_20200905_204046(0),2,0.999990695986024,0.6287832902587281,0.999990695986024,edge
2_002_20200905_204049(1),0,0.9985216404427671,0.6394732160525958,0.9985216404427671,band_end
2_002_20200905_204049(1),1,0.999712189628423,0.635486145410923,0.999712189628423,interior
2_002_20200905_204049(1),2,0.9964889307831987,0.6129300873316987,0.9964889307831987,edge
2_002_20200905_204052(3),0,0.9995490761963306,0.7433496410660649,0.9995490761963306,band_end
2_002_20200905_204052(3),1,0.9999550588758916,0.7112286683055967,0.9999550588758916,interior
2_002_20200905_204052(3),2,0.9998851084388098,0.6620606173712775,0.9998851084388098,edge
2_002_20200906_003114(0),0,0.9999719460753537,0.8016664982879456,0.9999719460753537,band_end
2_002_20200906_003114(0),1,0.9999999642432431,0.8660946532596595,0.9999999642432431,interior
2_002_20200906_003114(0),2,0.9999999782573081,0.828913891053159,0.9999999782573081,edge
2_002_20200906_003117(3),0,0.99365165718665,0.5932104250728085,0.99365165718665,band_end
2_002_20200906_003117(3),1,0.9999995995084509,0.7120084891450383,0.9999995995084509,interior
2_002_20200906_003117(3),2,0.999999936510386,0.7438528603919313,0.999999936510386,edge
2_002_20200906_003120(8),0,0.9999054824351556,0.8319045924068168,0.9999054824351556,band_end
2_002_20200906_003120(8),1,0.9999997156001316,0.7842319257286813,0.9999997156001316,interior
2_002_20200906_003120(8),2,0.9999999278629693,0.791986888018764,0.9999999278629693,edge
2_002_20200906_003124(0),0,0.9997336320743864,0.7181151330736512,0.9997336320743864,band_end
2_002_20200906_003124(0),1,0.9999999665347283,0.7634920437708814,0.9999999665347283,interior
2_002_20200906_003124(0),2,0.9999999935909201,0.7803759453438197,0.9999999935909201,edge
2_002_20200906_003127(3),0,0.9998602156474091,0.7407774420092464,0.9998602156474091,band_end
2_002_20200906_003127(3),1,0.9999998282007425,0.6543401234929702,0.9999998282007425,interior
2_002_20200906_003127(3),2,0.9999892489699823,0.639435515153439,0.9999892489699823,edge
2_002_20200906_003130(7),0,0.9999933735192649,0.934651853241867,0.9999933735192649,band_end
2_002_20200906_003130(7),1,0.9999999529175998,0.8375018587420692,0.9999999529175998,interior
2_002_20200906_003130(7),2,0.9999925091964991,0.8836084618175697,0.9999925091964991,edge
3_001_20200622_203305(8),0,0.9997636298628253,0.6952584846092619,0.9997636298628253,band_end
3_001_20200622_203305(8),1,0.0,0.3976096278813734,0.9958491921156104,interior
3_001_20200622_203305(8),2,0.0,0.44090462223207666,0.9999521442561489,edge
3_001_20200622_203309(1),0,0.9931658083414469,0.6722294765162299,0.9931658083414469,band_end
3_001_20200622_203309(1),1,0.9998791375265551,0.5780705339884286,0.9998791375265551,interior
3_001_20200622_203309(1),2,0.9997973700369707,0.6244410715695029,0.9997973700369707,edge
3_001_20200622_203312(6),0,0.9997962224247406,0.8970519333333788,0.9997962224247406,band_end
3_001_20200622_203312(6),1,0.9999546348592815,0.7696218625445678,0.9999546348592815,interior
3_001_20200622_203312(6),2,0.9999742959583086,0.8068931068439922,0.9999742959583086,edge
3_001_20200622_203316(0),0,0.0,0.446438947460289,0.9998646625246004,band_end
3_001_20200622_203316(0),1,0.0,0.49354543656638694,0.9999179270585804,interior
3_001_20200622_203316(0),2,0.9999651341089518,0.7924199990617509,0.9999651341089518,edge
3_001_20200622_203319(4),0,0.9999750021014571,0.7778227254170427,0.9999750021014571,band_end
3_001_20200622_203319(4),1,0.999922165929248,0.6946454273683094,0.999922165929248,interior
3_001_20200622_203319(4),2,0.9998365821158628,0.6465852448188896,0.9998365821158628,edge
3_001_20200622_203330(3),0,0.9997429852001036,0.7187745469770555,0.9997429852001036,band_end
3_001_20200622_203330(3),1,0.9999596910910907,0.5162797077994157,0.9999596910910907,interior
3_001_20200622_203330(3),2,0.9957492014708961,0.5638193039701741,0.9957492014708961,edge
3_001_20200623_003516(8),0,0.9999999080912425,0.760315185097903,0.9999999080912425,band_end
3_001_20200623_003516(8),1,0.9999999209959962,0.7310127859175419,0.9999999209959962,interior
3_001_20200623_003516(8),2,0.9999997327128697,0.6984493940702905,0.9999997327128697,edge
3_001_20200623_003520(5),0,0.9999999731412483,0.7211488895417887,0.9999999731412483,band_end
3_001_20200623_003520(5),1,0.9999999590880674,0.7477247354050817,0.9999999590880674,interior
3_001_20200623_003520(5),2,0.9999997558479913,0.7615270707002697,0.9999997558479913,edge
3_001_20200623_003524(0),0,0.9999999113850567,0.722718499587792,0.9999999113850567,band_end
3_001_20200623_003524(0),1,0.9999999437147679,0.6105205793046652,0.9999999437147679,interior
3_001_20200623_003524(0),2,0.9999999752958398,0.8697009863276282,0.9999999752958398,edge
3_001_20200623_003529(0),0,0.9999996754941549,0.7320758162120923,0.9999996754941549,band_end
3_001_20200623_003529(0),1,0.9999999540778371,0.8723378188604759,0.9999999540778371,interior
3_001_20200623_003529(0),2,0.6794377925147771,0.8254374669568331,0.6794377925147771,edge
3_001_20200623_003532(5),0,0.9999994088695286,0.8021175167067397,0.9999994088695286,band_end
3_001_20200623_003532(5),1,0.9999921335223446,0.7263987203843997,0.9999921335223446,interior
3_001_20200623_003532(5),2,0.9999999772374454,0.5072966354199954,0.9999999772374454,edge
3_001_20200623_003536(0),0,0.9999992726664725,0.5997144740350027,0.9999992726664725,band_end
3_001_20200623_003536(0),1,0.9999999747266395,0.5910023297185032,0.9999999747266395,interior
3_001_20200623_003536(0),2,0.483082886016477,0.6375817138223286,0.483082886016477,edge
3_001_20200623_043227(1),0,0.999999729870587,0.7960489433179825,0.999999729870587,band_end
3_001_20200623_043227(1),1,0.9999999364585517,0.732221125855487,0.9999999364585517,interior
3_001_20200623_043227(1),2,0.5016527057011254,0.6412290876827619,0.5016527057011254,edge
3_001_20200623_043231(6),0,0.9999997787853457,0.7150956347437499,0.9999997787853457,band_end
3_001_20200623_043231(6),1,0.9999999776686634,0.6134968821355468,0.9999999776686634,interior
3_001_20200623_043231(6),2,0.9999998188773008,0.7514833937152485,0.9999998188773008,edge
3_001_20200623_043236(1),0,0.9999998487448729,0.7326008553544852,0.9999998487448729,band_end
3_001_20200623_043236(1),1,0.9999996292390858,0.6867809727953008,0.9999996292390858,interior
3_001_20200623_043236(1),2,0.9999999696133355,0.5557524824436636,0.9999999696133355,edge
3_001_20200623_043240(6),0,0.9999999229548534,0.63134351483374,0.9999999229548534,band_end
3_001_20200623_043240(6),1,0.9999983645139582,0.7376873669498781,0.9999983645139582,interior
3_001_20200623_043240(6),2,0.9999994808606772,0.6833084449688399,0.9999994808606772,edge
3_001_20200623_043245(2),0,0.9999998174799536,0.6868981649215321,0.9999998174799536,band_end
3_001_20200623_043245(2),1,0.9999999861983664,0.8957567491469757,0.9999999861983664,interior
3_001_20200623_043245(2),2,0.9999999923296811,0.6066034329449083,0.9999999923296811,edge
3_001_20200623_043249(6),0,0.9999996016904557,0.589121519372845,0.9999996016904557,band_end
3_001_20200623_043249(6),1,0.9999998935534282,0.6973438633901291,0.9999998935534282,interior
3_001_20200623_043249(6),2,0.46925407927809853,0.6577552618733373,0.46925407927809853,edge
3_001_20200623_082407(9),0,0.9999999532073589,0.7086693950141184,0.9999999532073589,band_end
3_001_20200623_082407(9),1,0.9999999132655519,0.5916569226842153,0.9999999132655519,interior
3_001_20200623_082407(9),2,0.9999999804993337,0.6067141697217953,0.9999999804993337,edge
3_001_20200623_082411(0),0,0.9999999102064848,0.7442264307170713,0.9999999102064848,band_end
3_001_20200623_082411(0),1,0.9999998846565228,0.7918076603315622,0.9999998846565228,interior
3_001_20200623_082411(0),2,0.9999999279122357,0.8140899363312175,0.9999999279122357,edge
3_001_20200623_082414(1),0,0.0,0.47168824411941146,0.9999999685437727,band_end
3_001_20200623_082414(1),1,0.9999999513799943,0.6201697371708619,0.9999999513799943,interior
3_001_20200623_082414(1),2,0.9999999760681116,0.6849833517779383,0.9999999760681116,edge
3_001_20200623_082416(7),0,0.9999999509491371,0.7798336729362364,0.9999999509491371,band_end
3_001_20200623_082416(7),1,0.9999997588105445,0.639641934615823,0.9999997588105445,interior
3_001_20200623_082416(7),2,0.0,0.4509918313427142,0.9151615674915048,edge
3_001_20200623_082419(6),0,0.9999996755307032,0.7527412421278037,0.9999996755307032,band_end
3_001_20200623_082419(6),1,0.9999999775088316,0.8142909988512511,0.9999999775088316,interior
3_001_20200623_082419(6),2,0.9999997267562863,0.6623948502646658,0.9999997267562863,edge
3_001_20200623_082422(5),0,0.9999997875673217,0.6974259439388572,0.9999997875673217,band_end
3_001_20200623_082422(5),1,0.9999999493724595,0.7753386489105725,0.9999999493724595,interior
3_001_20200623_082422(5),2,0.9999996124462484,0.724101855047605,0.9999996124462484,edge
3_001_20200623_123214(3),0,0.9999999736035763,0.6646790451887098,0.9999999736035763,band_end
3_001_20200623_123214(3),1,0.9999999469505337,0.6729502637313849,0.9999999469505337,interior
3_001_20200623_123214(3),2,0.9999996900031207,0.6426692860327354,0.9999996900031207,edge
3_001_20200623_123223(3),0,0.999999664608414,0.7395491188467461,0.999999664608414,band_end
3_001_20200623_123223(3),1,0.9999999680672943,0.7391529892475056,0.9999999680672943,interior
3_001_20200623_123223(3),2,0.9999997783538186,0.5687505881030015,0.9999997783538186,edge
3_001_20200623_123232(3),0,0.9999998075016465,0.5160911581874474,0.9999998075016465,band_end
3_001_20200623_123232(3),1,0.9999999739863619,0.5876087383880543,0.9999999739863619,interior
3_001_20200623_123232(3),2,0.9999999131018642,0.6879330020232479,0.9999999131018642,edge
3_001_20200623_123236(9),0,0.999999341500273,0.7566484911498045,0.999999341500273,band_end
3_001_20200623_123236(9),1,0.9999997570926554,0.5572588901564367,0.9999997570926554,interior
3_001_20200623_123236(9),2,0.9999999565913839,0.723187450783649,0.9999999565913839,edge
3_001_20200623_123241(3),0,0.9999994569194358,0.7108148440284098,0.9999994569194358,band_end
3_001_20200623_123241(3),1,0.9999998745068146,0.6910029680808459,0.9999998745068146,interior
3_001_20200623_123241(3),2,0.9999933616846463,0.7597208705801549,0.9999933616846463,edge
3_001_20200623_123245(8),0,0.9999998776335924,0.616304035063383,0.9999998776335924,band_end
3_001_20200623_123245(8),1,0.9999998723036604,0.7512536304230669,0.9999998723036604,interior
3_001_20200623_123245(8),2,0.9999999213251018,0.7193002517083714,0.9999999213251018,edge
3_001_20200623_163159(5),0,0.999999858085504,0.6482560242564905,0.999999858085504,band_end
3_001_20200623_163159(5),1,0.9999999224203135,0.6512018632375385,0.9999999224203135,interior
3_001_20200623_163159(5),2,0.9999999327926289,0.7808131363728694,0.9999999327926289,edge
3_001_20200623_163209(3),0,0.9999999127607745,0.69958815872332,0.9999999127607745,band_end
3_001_20200623_163209(3),1,0.9999992071359285,0.5995822299851041,0.9999992071359285,interior
3_001_20200623_163209(3),2,0.9949072889944874,0.62223871601585,0.9949072889944874,edge
3_001_20200623_163212(9),0,0.9999996448992254,0.6998172304377539,0.9999996448992254,band_end
3_001_20200623_163212(9),1,0.99999990975438,0.6780001137125163,0.99999990975438,interior
3_001_20200623_163212(9),2,0.972717197212567,0.7936297953860291,0.972717197212567,edge
3_001_20200623_163216(2),0,0.9999999496736304,0.5637690323660248,0.9999999496736304,band_end
3_001_20200623_163216(2),1,0.9999999895806618,0.677016768903509,0.9999999895806618,interior
3_001_20200623_163216(2),2,0.9999999660093593,0.8650610619321379,0.9999999660093593,edge
3_001_20200623_163219(5),0,0.9999998614552951,0.6793971222038659,0.9999998614552951,band_end
3_001_20200623_163219(5),1,0.9999999747226007,0.7099627341390836,0.9999999747226007,interior
3_001_20200623_163219(5),2,0.9999999967764142,0.757575499467631,0.9999999967764142,edge
3_001_20200623_163222(9),0,0.999999896165564,0.6939933993948673,0.999999896165564,band_end
3_001_20200623_163222(9),1,0.9999998479799077,0.7810736554193584,0.9999998479799077,interior
3_001_20200623_163222(9),2,0.9999998825528114,0.7568027638753705,0.9999998825528114,edge
3_001_20200623_203217(4),0,0.9999997352973328,0.6000874868750592,0.9999997352973328,band_end
3_001_20200623_203217(4),1,0.9999999770240141,0.6147776654947855,0.9999999770240141,interior
3_001_20200623_203217(4),2,0.9999999802070008,0.8773054808175723,0.9999999802070008,edge
3_001_20200623_203222(0),0,0.9999999856918738,0.6973845257784567,0.9999999856918738,band_end
3_001_20200623_203222(0),1,0.9999999732631462,0.6167048140759208,0.9999999732631462,interior
3_001_20200623_203222(0),2,0.9999997697943416,0.6389124824161347,0.9999997697943416,edge
3_001_20200623_203226(3),0,0.9999999370952974,0.8482464849670054,0.9999999370952974,band_end
3_001_20200623_203226(3),1,0.9999998186449546,0.6981578035876609,0.9999998186449546,interior
3_001_20200623_203226(3),2,0.9999989038519362,0.7290257866940705,0.9999989038519362,edge
3_001_20200623_203230(9),0,0.999999849124651,0.7362357999207193,0.999999849124651,band_end
3_001_20200623_203230(9),1,0.9999999883060563,0.6321797479961594,0.9999999883060563,interior
3_001_20200623_203230(9),2,0.9999999842651641,0.6686960322261682,0.9999999842651641,edge
3_001_20200623_203235(3),0,0.9999999344197644,0.7394775602628442,0.9999999344197644,band_end
3_001_20200623_203235(3),1,0.9999999694719395,0.7065714145082842,0.9999999694719395,interior
3_001_20200623_203235(3),2,0.9999998280854623,0.819961834936732,0.9999998280854623,edge
3_001_20200623_203247(5),0,0.9999995055481044,0.5532204862593447,0.9999995055481044,band_end
3_001_20200623_203247(5),1,0.9999999831725598,0.7050067626918706,0.9999999831725598,interior
3_001_20200623_203247(5),2,0.9999998228461205,0.6096778105073808,0.9999998228461205,edge
3_001_20200624_003240(4),0,0.9999179971524054,0.7002622158198193,0.9999179971524054,band_end
3_001_20200624_003240(4),1,0.9723264386331775,0.7642455292013973,0.9723264386331775,interior
3_001_20200624_003240(4),2,0.9993434923876758,0.7378146724756912,0.9993434923876758,edge
3_001_20200624_003244(2),0,0.9999974906935486,0.8668600370214835,0.9999974906935486,band_end
3_001_20200624_003244(2),1,0.9999788224740588,0.6323197356194553,0.9999788224740588,interior
3_001_20200624_003244(2),2,0.9999616875138874,0.6849309127792746,0.9999616875138874,edge
3_001_20200624_003247(7),0,0.9999885620048302,0.5307173650143121,0.9999885620048302,band_end
3_001_20200624_003247(7),1,0.9999992607299827,0.5057011739303463,0.9999992607299827,interior
3_001_20200624_003247(7),2,0.9976591505623387,0.5269873915518392,0.9976591505623387,edge
3_001_20200624_003251(1),0,0.9999631400075251,0.7890063185980057,0.9999631400075251,band_end
3_001_20200624_003251(1),1,0.9999740472612384,0.7964550139009647,0.9999740472612384,interior
3_001_20200624_003251(1),2,0.999818094979875,0.8092466373500804,0.999818094979875,edge
3_001_20200624_003254(3),0,0.999999465948821,0.7426806332151249,0.999999465948821,band_end
3_001_20200624_003254(3),1,0.9997924029554549,0.7480938846772276,0.9997924029554549,interior
3_001_20200624_003254(3),2,0.9999971382798569,0.6221046916296056,0.9999971382798569,edge
3_001_20200624_003303(5),0,0.9999932973224354,0.5124745038233359,0.9999932973224354,band_end
3_001_20200624_003303(5),1,0.9999995455473889,0.5225756304520197,0.9999995455473889,interior
3_001_20200624_003303(5),2,0.9991998879985006,0.6279952203827638,0.9991998879985006,edge
3_001_20200624_043315(2),0,0.9994420879308493,0.8341732772807872,0.9994420879308493,band_end
3_001_20200624_043315(2),1,0.9999918805611633,0.7532568113076654,0.9999918805611633,interior
3_001_20200624_043315(2),2,0.9974942666446703,0.8244703499689634,0.9974942666446703,edge
3_001_20200624_043324(2),0,0.9999822581619802,0.7379122507755962,0.9999822581619802,band_end
3_001_20200624_043324(2),1,0.9999934520195533,0.7340167990534228,0.9999934520195533,interior
3_001_20200624_043324(2),2,0.9999960352174869,0.5649914257918586,0.9999960352174869,edge
3_001_20200624_043328(7),0,0.9999992489251378,0.5901800341119338,0.9999992489251378,band_end
3_001_20200624_043328(7),1,0.9999990022590767,0.7115151490446668,0.9999990022590767,interior
3_001_20200624_043328(7),2,0.9997324485316866,0.579252345934695,0.9997324485316866,edge
3_001_20200624_043333(2),0,0.9999992796436188,0.5448034220868626,0.9999992796436188,band_end
3_001_20200624_043333(2),1,0.9993114500210404,0.544969269699062,0.9993114500210404,interior
3_001_20200624_043333(2),2,0.9999887526821113,0.5938848837038169,0.9999887526821113,edge
3_001_20200624_043337(8),0,0.999997590050408,0.693544828260152,0.999997590050408,band_end
3_001_20200624_043337(8),1,0.9999971181678285,0.5631693800238772,0.9999971181678285,interior
3_001_20200624_043337(8),2,0.9981718485516324,0.5675599991485297,0.9981718485516324,edge
3_001_20200624_043349(7),0,0.9999990908846643,0.8455524928735725,0.9999990908846643,band_end
3_001_20200624_043349(7),1,0.999996074945259,0.5390466581245791,0.999996074945259,interior
3_001_20200624_043349(7),2,0.9997081120160043,0.5363909145294666,0.9997081120160043,edge
3_001_20200624_083150(7),0,0.9999990239923482,0.5849519548232212,0.9999990239923482,band_end
3_001_20200624_083150(7),1,0.9999073300581366,0.6032309207728979,0.9999073300581366,interior
3_001_20200624_083150(7),2,0.9977618870617585,0.6486368594099774,0.9977618870617585,edge
3_001_20200624_083153(8),0,0.9999986924774774,0.7097348769058698,0.9999986924774774,band_end
3_001_20200624_083153(8),1,0.9999967056655077,0.7619795822182575,0.9999967056655077,interior
3_001_20200624_083153(8),2,0.9997561121580677,0.7340807180028897,0.9997561121580677,edge
3_001_20200624_083156(9),0,0.9999981338404114,0.6513763309776762,0.9999981338404114,band_end
3_001_20200624_083156(9),1,0.9999992909252665,0.6748868072305899,0.9999992909252665,interior
3_001_20200624_083156(9),2,0.9998663847718734,0.5618574768166201,0.9998663847718734,edge
3_001_20200624_083159(6),0,0.999972512618049,0.6685013092755597,0.999972512618049,band_end
3_001_20200624_083159(6),1,0.9999948870231161,0.7334275204037092,0.9999948870231161,interior
3_001_20200624_083159(6),2,0.9994724152547387,0.6805580813280464,0.9994724152547387,edge
3_001_20200624_083202(6),0,0.0,0.24601808838576175,0.9984980384491039,band_end
3_001_20200624_083202(6),1,0.0,0.3225975937760573,0.9999987228883557,interior
3_001_20200624_083202(6),2,0.9997516726966473,0.6653203666500117,0.9997516726966473,edge
3_001_20200624_083205(7),0,0.9999982555891093,0.567772630733027,0.9999982555891093,band_end
3_001_20200624_083205(7),1,0.9999971390092391,0.5714049693968861,0.9999971390092391,interior
3_001_20200624_083205(7),2,0.9985799323136862,0.6755342771145753,0.9985799323136862,edge
3_001_20200624_123313(4),0,0.9999982992102615,0.5430571190972869,0.9999982992102615,band_end
3_001_20200624_123313(4),1,0.9999894596624791,0.5939615219206114,0.9999894596624791,interior
3_001_20200624_123313(4),2,0.9951945127495432,0.5860759818638557,0.9951945127495432,edge
3_001_20200624_123317(8),0,0.9998312987046418,0.5338151103911064,0.9998312987046418,band_end
3_001_20200624_123317(8),1,0.9999830204742985,0.6706486692687591,0.9999830204742985,interior
3_001_20200624_123317(8),2,0.9986912535093316,0.6636708984774911,0.9986912535093316,edge
3_001_20200624_123322(3),0,0.9999896143708251,0.6130813624567669,0.9999896143708251,band_end
3_001_20200624_123322(3),1,0.9999965223543479,0.5872255556964873,0.9999965223543479,interior
3_001_20200624_123322(3),2,0.9998432528404064,0.7249810017565431,0.9998432528404064,edge
3_001_20200624_123326(6),0,0.9990805287917218,0.6572053851737047,0.9990805287917218,band_end
3_001_20200624_123326(6),1,0.998045753464263,0.7114944040945348,0.998045753464263,interior
3_001_20200624_123326(6),2,0.9997785380458277,0.6995085343836579,0.9997785380458277,edge
3_001_20200624_123331(2),0,0.9999774656224765,0.5780254319925522,0.9999774656224765,band_end
3_001_20200624_123331(2),1,0.999765294233295,0.8367349792023427,0.999765294233295,interior
3_001_20200624_123331(2),2,0.9984414698702941,0.6560422906093599,0.9984414698702941,edge
3_001_20200624_123335(6),0,0.9999967652127273,0.6283847584348491,0.9999967652127273,band_end
3_001_20200624_123335(6),1,0.9999994195082161,0.6629551547253831,0.9999994195082161,interior
3_001_20200624_123335(6),2,0.9997764657814522,0.6376510072680462,0.9997764657814522,edge
3_001_20200624_162816(3),0,0.9994134443933139,0.5280963809099474,0.9994134443933139,band_end
3_001_20200624_162816(3),1,0.9999943786717774,0.5603061179759408,0.9999943786717774,interior
3_001_20200624_162816(3),2,0.9998643888361437,0.5529186808651254,0.9998643888361437,edge
3_001_20200624_162821(2),0,0.999999553661505,0.7506595760112897,0.999999553661505,band_end
3_001_20200624_162821(2),1,0.9999820901426786,0.7424995117572055,0.9999820901426786,interior
3_001_20200624_162821(2),2,0.9983921898491855,0.6041444273469089,0.9983921898491855,edge
3_001_20200624_162831(2),0,0.999987440634611,0.683094185284293,0.999987440634611,band_end
3_001_20200624_162831(2),1,0.9999969432159673,0.530636890691901,0.9999969432159673,interior
3_001_20200624_162831(2),2,0.9920085886409202,0.6330239464722811,0.9920085886409202,edge
3_001_20200624_162835(8),0,0.9999682263865877,0.5846344248761886,0.9999682263865877,band_end
3_001_20200624_162835(8),1,0.9999376103674512,0.7909567517801162,0.9999376103674512,interior
3_001_20200624_162835(8),2,0.9976453767042244,0.5783023580955454,0.9976453767042244,edge
3_001_20200624_203149(7),0,0.9999969353187632,0.6641339292329987,0.9999969353187632,band_end
3_001_20200624_203149(7),1,0.9999955893329667,0.6186693805770361,0.9999955893329667,interior
3_001_20200624_203149(7),2,0.9999080941065743,0.6000349660360192,0.9999080941065743,edge
3_001_20200624_203154(3),0,0.9996115582100882,0.8176023990453853,0.9996115582100882,band_end
3_001_20200624_203154(3),1,0.9999972623426839,0.6667293931154098,0.9999972623426839,interior
3_001_20200624_203154(3),2,0.9997007639660164,0.637759406474144,0.9997007639660164,edge
3_001_20200624_203203(1),0,0.9999320151194365,0.7735682588167065,0.9999320151194365,band_end
3_001_20200624_203203(1),1,0.9995982586812452,0.7555180951232433,0.9995982586812452,interior
3_001_20200624_203203(1),2,0.9997498532587321,0.8349993969078401,0.9997498532587321,edge
3_001_20200624_203207(8),0,0.9999993650054413,0.6287404413265516,0.9999993650054413,band_end
3_001_20200624_203207(8),1,0.9999962620913522,0.7201724334202686,0.9999962620913522,interior
3_001_20200624_203207(8),2,0.9989821011954579,0.6238086427131332,0.9989821011954579,edge
3_001_20200624_203212(2),0,0.9999966118835134,0.7807442589898983,0.9999966118835134,band_end
3_001_20200624_203212(2),1,0.9999847877644746,0.6620803619133053,0.9999847877644746,interior
3_001_20200624_203212(2),2,0.9987501869631311,0.5965546484536444,0.9987501869631311,edge
3_001_20200624_203225(8),0,0.9986240508909962,0.6104288014562387,0.9986240508909962,band_end
3_001_20200624_203225(8),1,0.9999940651158105,0.6610885266604402,0.9999940651158105,interior
3_001_20200624_203225(8),2,0.9993396793254516,0.549731626128942,0.9993396793254516,edge
3_001_20200625_003507(0),0,0.9999954067949511,0.7356232154155505,0.9999954067949511,band_end
3_001_20200625_003507(0),1,0.9999999702150313,0.7494731157565346,0.9999999702150313,interior
3_001_20200625_003507(0),2,0.9960407958009138,0.7326167882407053,0.9960407958009138,edge
3_001_20200625_003511(4),0,0.9999988898409405,0.679697973861755,0.9999988898409405,band_end
3_001_20200625_003511(4),1,0.9999999455793235,0.6963911758293022,0.9999999455793235,interior
3_001_20200625_003511(4),2,0.9999999708833065,0.6371003178938146,0.9999999708833065,edge
3_001_20200625_003515(9),0,0.9999896278328212,0.7850196887607078,0.9999896278328212,band_end
3_001_20200625_003515(9),1,0.9999995450758288,0.6341731503230117,0.9999995450758288,interior
3_001_20200625_003515(9),2,0.9999999630169611,0.7897672901202969,0.9999999630169611,edge
3_001_20200625_003520(4),0,0.9999638655599242,0.6008515558402131,0.9999638655599242,band_end
3_001_20200625_003520(4),1,0.9999971752672367,0.7450273476740488,0.9999971752672367,interior
3_001_20200625_003520(4),2,0.9999908361327539,0.639692834617325,0.9999908361327539,edge
3_001_20200625_003524(9),0,0.9999959656841187,0.7814290137348517,0.9999959656841187,band_end
3_001_20200625_003524(9),1,0.9999998476006345,0.6096722062981972,0.9999998476006345,interior
3_001_20200625_003524(9),2,0.9999999293243368,0.6530456563533217,0.9999999293243368,edge
3_001_20200625_003529(2),0,0.9999858470882954,0.7355915639431719,0.9999858470882954,band_end
3_001_20200625_003529(2),1,0.9999999513526671,0.7881956097976724,0.9999999513526671,interior
3_001_20200625_003529(2),2,0.9999999664210544,0.6615510848686899,0.9999999664210544,edge
3_001_20200625_043323(7),0,0.99999255667933,0.6082107117227566,0.99999255667933,band_end
3_001_20200625_043323(7),1,0.9999999599105827,0.7596184662523302,0.9999999599105827,interior
3_001_20200625_043323(7),2,0.9999999863627285,0.7331255080507736,0.9999999863627285,edge
3_001_20200625_043328(3),0,0.9999979457416679,0.6935628238677375,0.9999979457416679,band_end
3_001_20200625_043328(3),1,0.9999994710854536,0.7591253503986717,0.9999994710854536,interior
3_001_20200625_043328(3),2,0.9999998975526426,0.6784153502165948,0.9999998975526426,edge
3_001_20200625_043337(3),0,0.9999879585997381,0.7851076239865535,0.9999879585997381,band_end
3_001_20200625_043337(3),1,0.9999999600854292,0.5758834360943467,0.9999999600854292,interior
3_001_20200625_043337(3),2,0.9999999506036852,0.933222950525236,0.9999999506036852,edge
3_001_20200625_043341(7),0,0.9999036716811394,0.7274021350809676,0.9999036716811394,band_end
3_001_20200625_043341(7),1,0.999999953354902,0.8501162595593683,0.999999953354902,interior
3_001_20200625_043341(7),2,0.9999999584174613,0.8267405386444017,0.9999999584174613,edge
3_001_20200625_043346(2),0,0.9999986840635615,0.6000412307683846,0.9999986840635615,band_end
3_001_20200625_043346(2),1,0.9999998655569396,0.6554913794214727,0.9999998655569396,interior
3_001_20200625_043346(2),2,0.9973668798161625,0.6585588538378109,0.9973668798161625,edge
3_001_20200625_043359(8),0,0.9999981837677894,0.6059549144258364,0.9999981837677894,band_end
3_001_20200625_043359(8),1,0.9999993883968578,0.6714986056061875,0.9999993883968578,interior
3_001_20200625_043359(8),2,0.9999990929718932,0.7780459626677018,0.9999990929718932,edge
3_001_20200727_204954(7),0,0.9999987293191482,0.5288182576934877,0.9999987293191482,band_end
3_001_20200727_204954(7),1,0.9999999633642997,0.5628786450208167,0.9999999633642997,interior
3_001_20200727_204954(7),2,0.9999950938342613,0.5285258470875643,0.9999950938342613,edge
3_001_20200727_204958(2),0,0.0,0.3914275210465757,0.9999998837896131,band_end
3_001_20200727_204958(2),1,0.0,0.37076829284717355,0.9999999574196334,interior
3_001_20200727_204958(2),2,0.0,0.3729974774499101,0.9999998573381387,edge
3_001_20200728_014351(3),0,0.9999996371858166,0.5897685606942286,0.9999996371858166,band_end
3_001_20200728_014351(3),1,0.9999999764677313,0.6297394456402301,0.9999999764677313,interior
3_001_20200728_014351(3),2,0.9999999872175444,0.6040551940538317,0.9999999872175444,edge
3_001_20200728_014355(2),0,0.9999994193616185,0.5595064877335436,0.9999994193616185,band_end
3_001_20200728_014355(2),1,0.9999999239080737,0.5486637752312763,0.9999999239080737,interior
3_001_20200728_014355(2),2,0.9999999659260077,0.5441217160702589,0.9999999659260077,edge
3_001_20200728_043138(3),0,0.99999884408437,0.7206454673710876,0.99999884408437,band_end
3_001_20200728_043138(3),1,0.9999996015390431,0.8234384097247611,0.9999996015390431,interior
3_001_20200728_043138(3),2,0.9999999757025327,0.8428796201276444,0.9999999757025327,edge
3_001_20200728_043141(5),0,0.9999985752553107,0.5397268563461495,0.9999985752553107,band_end
3_001_20200728_043141(5),1,0.9999999720365972,0.5516613899316313,0.9999999720365972,interior
3_001_20200728_043141(5),2,0.9999999594109933,0.5977198734921548,0.9999999594109933,edge
3_001_20200728_083108(2),0,0.9999885200788454,0.6176203922019827,0.9999885200788454,band_end
3_001_20200728_083108(2),1,0.9999999459118873,0.6583030031579674,0.9999999459118873,interior
3_001_20200728_083108(2),2,0.9999999898294437,0.6048061345364177,0.9999999898294437,edge
3_001_20200728_083116(1),0,0.0,0.4472127249196681,0.9999990508683854,band_end
3_001_20200728_083116(1),1,0.9999999141343627,0.5129037771965945,0.9999999141343627,interior
3_001_20200728_083116(1),2,0.0,0.4908513935246283,0.9781272338909486,edge
3_001_20200728_123129(2),0,0.9999996655048391,0.5163821272439264,0.9999996655048391,band_end
3_001_20200728_123129(2),1,0.9999999593964443,0.5381755472169423,0.9999999593964443,interior
3_001_20200728_123129(2),2,0.0,0.49383191675176624,0.9999964975617337,edge
3_001_20200728_123132(4),0,0.9999991811709689,0.6347295885670814,0.9999991811709689,band_end
3_001_20200728_123132(4),1,0.9999998797439842,0.6024944580060987,0.9999998797439842,interior
3_001_20200728_123132(4),2,0.9999916441425544,0.6334607553189591,0.9999916441425544,edge
3_001_20200728_163910(5),0,0.9999990440086677,0.6876227543039974,0.9999990440086677,band_end
3_001_20200728_163910(5),1,0.9999995306711142,0.6413684386853488,0.9999995306711142,interior
3_001_20200728_163910(5),2,0.9999999078618984,0.6845499787277757,0.9999999078618984,edge
3_001_20200728_163913(6),0,0.999603539206447,0.774842642512285,0.999603539206447,band_end
3_001_20200728_163913(6),1,0.999999875352066,0.7651160451978515,0.999999875352066,interior
3_001_20200728_163913(6),2,0.9999999642906517,0.7204199883797521,0.9999999642906517,edge
3_001_20200810_085043(8),0,0.9999996414101386,0.6722694897822173,0.9999996414101386,band_end
3_001_20200810_085043(8),1,0.9999999840645306,0.6503965772583257,0.9999999840645306,interior
3_001_20200810_085043(8),2,0.9999999472195781,0.6835907021438736,0.9999999472195781,edge
3_001_20200810_123047(8),0,0.9999995159896138,0.5539820169558184,0.9999995159896138,band_end
3_001_20200810_123047(8),1,0.0,0.466670952960913,0.9999982556008564,interior
3_001_20200810_123047(8),2,0.9999989997941522,0.546299382466835,0.9999989997941522,edge
3_001_20200810_123051(3),0,0.9999986365311532,0.6438594282144092,0.9999986365311532,band_end
3_001_20200810_123051(3),1,0.9999999607205323,0.6384411254285902,0.9999999607205323,interior
3_001_20200810_123051(3),2,0.9999999859674169,0.6107807273783644,0.9999999859674169,edge
3_001_20200810_163112(8),0,0.9999990304854176,0.7634166542827611,0.9999990304854176,band_end
3_001_20200810_163112(8),1,0.9999999718318541,0.6392565307059681,0.9999999718318541,interior
3_001_20200810_163112(8),2,0.9999999037963153,0.7029591978112161,0.9999999037963153,edge
3_001_20200810_163116(0),0,0.9999994719983031,0.5852688851033241,0.9999994719983031,band_end
3_001_20200810_163116(0),1,0.9999999756732963,0.5886824870129208,0.9999999756732963,interior
3_001_20200810_163116(0),2,0.9999978574341954,0.5924896433316515,0.9999978574341954,edge
3_001_20200810_203208(7),0,0.999999346583591,0.6324159776046704,0.999999346583591,band_end
3_001_20200810_203208(7),1,0.999999973457939,0.5691630649453466,0.999999973457939,interior
3_001_20200810_203208(7),2,0.9999999176034787,0.5718972814193909,0.9999999176034787,edge
3_001_20200810_203212(6),0,0.9999792151557741,0.7971863546632525,0.9999792151557741,band_end
3_001_20200810_203212(6),1,0.9999999497936799,0.8395644230886882,0.9999999497936799,interior
3_001_20200810_203212(6),2,0.9999999207404143,0.8357989480424299,0.9999999207404143,edge
3_001_20200811_003323(2),0,0.999894784184768,0.6618292692918664,0.999894784184768,band_end
3_001_20200811_003323(2),1,0.9997819969566741,0.7486687937722776,0.9997819969566741,interior
3_001_20200811_003323(2),2,0.9974865495784744,0.661000425203531,0.9974865495784744,edge
3_001_20200811_003327(0),0,0.9998911302130616,0.6425729092749679,0.9998911302130616,band_end
3_001_20200811_003327(0),1,0.9998759374684649,0.6606391451025129,0.9998759374684649,interior
3_001_20200811_003327(0),2,0.9974604045187627,0.5571317566455233,0.9974604045187627,edge
3_001_20200811_043037(3),0,0.9999969683060913,0.698636253167997,0.9999969683060913,band_end
3_001_20200811_043037(3),1,0.9999425783853828,0.7120831188484206,0.9999425783853828,interior
3_001_20200811_043037(3),2,0.999867592464062,0.6954807119914005,0.999867592464062,edge
3_001_20200811_043041(6),0,0.9992160011639706,0.8273176863328658,0.9992160011639706,band_end
3_001_20200811_043041(6),1,0.9999427606397604,0.7049981183950759,0.9999427606397604,interior
3_001_20200811_043041(6),2,0.997756052496784,0.7639280827644995,0.997756052496784,edge
3_001_20200815_003438(6),0,0.9998448613357217,0.8078588814720399,0.9998448613357217,band_end
3_001_20200815_003438(6),1,0.9998976971446886,0.7187187119697557,0.9998976971446886,interior
3_001_20200815_003438(6),2,0.9990072940705013,0.7293933114038578,0.9990072940705013,edge
3_001_20200815_003529(0),0,0.9997932074830101,0.7013709500267655,0.9997932074830101,band_end
3_001_20200815_003529(0),1,0.9999653582827311,0.7249467537627823,0.9999653582827311,interior
3_001_20200815_003529(0),2,0.9998826083062813,0.7289454350854939,0.9998826083062813,edge
3_001_20200819_003039(4),0,0.9998950333091977,0.8573651585849376,0.9998950333091977,band_end
3_001_20200819_003039(4),1,0.9979154654527567,0.7921841666385242,0.9979154654527567,interior
3_001_20200819_003039(4),2,0.999621179908406,0.8538909300577892,0.999621179908406,edge
3_001_20200819_003044(1),0,0.9992897195428512,0.5288911909203372,0.9992897195428512,band_end
3_001_20200819_003044(1),1,0.0,0.4690539255003914,0.999889124045632,interior
3_001_20200819_003044(1),2,0.0,0.4609932262331027,0.996485655555063,edge
3_001_20200819_043209(9),0,0.9994820808297618,0.6490556028257651,0.9994820808297618,band_end
3_001_20200819_043209(9),1,0.9998966937886201,0.6868529837409755,0.9998966937886201,interior
3_001_20200819_043209(9),2,0.9996887719278263,0.7038394721008309,0.9996887719278263,edge
3_001_20200819_043216(0),0,0.9995164927225992,0.8515619552885909,0.9995164927225992,band_end
3_001_20200819_043216(0),1,0.9999777232317255,0.7822939238954485,0.9999777232317255,interior
3_001_20200819_043216(0),2,0.9999086755548022,0.7765892430730076,0.9999086755548022,edge
3_001_20200819_083353(5),0,0.9998587338243737,0.7266947333176939,0.9998587338243737,band_end
3_001_20200819_083353(5),1,0.9998329098297786,0.7563760833325744,0.9998329098297786,interior
3_001_20200819_083353(5),2,0.9994367743903242,0.6915826565006982,0.9994367743903242,edge
3_001_20200819_083401(0),0,0.999860387807266,0.7225029213229242,0.999860387807266,band_end
3_001_20200819_083401(0),1,0.9999523955574511,0.7201628825960698,0.9999523955574511,interior
3_001_20200819_083401(0),2,0.9963446766876594,0.7115989116416949,0.9963446766876594,edge
3_001_20200819_124414(0),0,0.0,0.3725277833954503,0.9997222099210499,band_end
3_001_20200819_124414(0),1,0.0,0.45163549857305735,0.999910515838675,interior
3_001_20200819_124414(0),2,0.0,0.48229879372552475,0.9986800475632107,edge
3_001_20200819_124415(9),0,0.9998098313300797,0.5509544033630271,0.9998098313300797,band_end
3_001_20200819_124415(9),1,0.999682608082538,0.5400668132290282,0.999682608082538,interior
3_001_20200819_124415(9),2,0.9999368008167858,0.6373621102550266,0.9999368008167858,edge
3_001_20200819_162723(4),0,0.9999710395143344,0.5452128599545886,0.9999710395143344,band_end
3_001_20200819_162723(4),1,0.9999502738105943,0.5511104303073344,0.9999502738105943,interior
3_001_20200819_162723(4),2,0.9990690661552564,0.5496771155467495,0.9990690661552564,edge
3_001_20200826_023328(3),0,0.9999997622126923,0.5367411656517762,0.9999997622126923,band_end
3_001_20200826_023328(3),1,0.9999999364083993,0.5218916547176753,0.9999999364083993,interior
3_001_20200826_023328(3),2,0.0,0.49507011080801033,0.9999976111795902,edge
3_001_20200826_023332(5),0,0.999999096725147,0.753150961975093,0.999999096725147,band_end
3_001_20200826_023332(5),1,0.9999999701433131,0.6751424297310288,0.9999999701433131,interior
3_001_20200826_023332(5),2,0.9999999776915702,0.7700829622785474,0.9999999776915702,edge
3_001_20200826_043252(8),0,0.9999995802769156,0.7674548345644944,0.9999995802769156,band_end
3_001_20200826_043252(8),1,0.9999999509894444,0.8038127417743267,0.9999999509894444,interior
3_001_20200826_043252(8),2,0.9999999843284186,0.724332767964406,0.9999999843284186,edge
3_001_20200826_043255(8),0,0.9999757295260602,0.7689625745487974,0.9999757295260602,band_end
3_001_20200826_043255(8),1,0.9999997205331771,0.8418243619113781,0.9999997205331771,interior
3_001_20200826_043255(8),2,0.9999999806050025,0.845803638193027,0.9999999806050025,edge
3_001_20200826_123711(3),0,0.0,0.4977934240341061,0.9999993898896108,band_end
3_001_20200826_123711(3),1,0.999999947133226,0.5509731422401631,0.999999947133226,interior
3_001_20200826_123711(3),2,0.9999999495930375,0.5147647600616118,0.9999999495930375,edge
3_001_20200826_123714(5),0,0.9999982740396824,0.6647903563861165,0.9999982740396824,band_end
3_001_20200826_123714(5),1,0.9999999759721981,0.6928590217483496,0.9999999759721981,interior
3_001_20200826_123714(5),2,0.9999999435205061,0.6559900803033208,0.9999999435205061,edge
3_001_20200831_083711(6),0,0.9998618162922269,0.6673568739813138,0.9998618162922269,band_end
3_001_20200831_083711(6),1,0.9998875892579823,0.6904630320249255,0.9998875892579823,interior
3_001_20200831_083711(6),2,0.9998604704437001,0.6829814577894479,0.9998604704437001,edge
3_001_20200831_083714(8),0,0.999832934372696,0.9334926323112822,0.999832934372696,band_end
3_001_20200831_083714(8),1,0.9999439580110255,0.8851415883204512,0.9999439580110255,interior
3_001_20200831_083714(8),2,0.9962341664550065,0.9153562959464158,0.9962341664550065,edge
3_001_20200831_123316(5),0,0.9998395511793068,0.7348387807849225,0.9998395511793068,band_end
3_001_20200831_123316(5),1,0.9999235124039603,0.6817786539187652,0.9999235124039603,interior
3_001_20200831_123316(5),2,0.9998275244541474,0.5545890798397244,0.9998275244541474,edge
3_001_20200922_163332(2),0,0.9999984501176494,0.5148644262345609,0.9999984501176494,band_end
3_001_20200922_163332(2),1,0.9999998893127247,0.5319191775684194,0.9999998893127247,interior
3_001_20200922_163332(2),2,0.9999996565175259,0.5356278932114458,0.9999996565175259,edge
3_001_20200922_163335(3),0,0.999998967826849,0.6539653442620283,0.999998967826849,band_end
3_001_20200922_163335(3),1,0.9999995987514385,0.6035195233363255,0.9999995987514385,interior
3_001_20200922_163335(3),2,0.8921760962716119,0.6319260394957837,0.8921760962716119,edge
