image_id,obj,match_score,max_iou,center_score,kind
1_002_20200622_203053(2),0,0.602705180644989,0.7310163222819903,0.602705180644989,band_end
1_002_20200622_203053(2),1,0.563977062702179,0.5066332284804885,0.563977062702179,interior
1_002_20200622_203053(2),2,0.6083157658576965,0.6146190594036317,0.6083157658576965,edge
1_002_20200622_203057(3),0,0.007074747234582901,0.5823709446815938,0.6250375509262085,band_end
1_002_20200622_203057(3),1,0.5549955368041992,0.6894000158655688,0.5549955368041992,interior
1_002_20200622_203057(3),2,0.6445836424827576,0.7898258895484815,0.6445836424827576,edge
1_002_20200622_203101(3),0,0.0,0.481925220769659,0.5939730405807495,band_end
1_002_20200622_203101(3),1,0.6077240109443665,0.6146380983806644,0.6077240109443665,interior
1_002_20200622_203101(3),2,0.5899717807769775,0.571947824285602,0.5899717807769775,edge
1_002_20200622_203105(4),0,0.6207779049873352,0.6431702512283629,0.6207779049873352,band_end
1_002_20200622_203105(4),1,0.579973042011261,0.7023966832924676,0.579973042011261,interior
1_002_20200622_203105(4),2,0.5731306672096252,0.7639289001864575,0.5731306672096252,edge
1_002_20200622_203109(3),0,0.6579271554946899,0.655751645525004,0.6579271554946899,band_end
1_002_20200622_203109(3),1,0.5772336721420288,0.6499303937232159,0.5772336721420288,interior
1_002_20200622_203109(3),2,0.5466052889823914,0.6883950270134627,0.5466052889823914,edge
1_002_20200622_203121(4),0,0.6026057600975037,0.5502473796285497,0.6026057600975037,band_end
1_002_20200622_203121(4),1,0.530254602432251,0.5951425121127006,0.530254602432251,interior
1_002_20200622_203121(4),2,0.6006652116775513,0.6258440627954391,0.6006652116775513,edge
1_002_20200623_003346(4),0,0.629750669002533,0.7459908195007113,0.629750669002533,band_end
1_002_20200623_003346(4),1,0.5949710011482239,0.6380326663199254,0.5949710011482239,interior
1_002_20200623_003346(4),2,0.611067533493042,0.8031457716288666,0.611067533493042,edge
1_002_20200623_003350(4),0,0.6247232556343079,0.6597363410762427,0.6247232556343079,band_end
1_002_20200623_003350(4),1,0.6086781620979309,0.6514596128268761,0.6086781620979309,interior
1_002_20200623_003350(4),2,0.6390241384506226,0.630329921301859,0.6390241384506226,edge
1_002_20200623_003354(3),0,0.6157646775245667,0.6924072612821988,0.6157646775245667,band_end
1_002_20200623_003354(3),1,0.592256486415863,0.7463338007612248,0.592256486415863,interior
1_002_20200623_003354(3),2,0.6220266819000244,0.659624529513013,0.6220266819000244,edge
1_002_20200623_003358(2),0,0.603848934173584,0.6414373969206487,0.603848934173584,band_end
1_002_20200623_003358(2),1,0.6466526389122009,0.6365837528208995,0.6466526389122009,interior
1_002_20200623_003358(2),2,0.6460922956466675,0.61333760790471,0.6460922956466675,edge
1_002_20200623_003402(2),0,0.6193116307258606,0.713744471579859,0.6193116307258606,band_end
1_002_20200623_003402(2),1,0.6341395378112793,0.7951492003454793,0.6341395378112793,interior
1_002_20200623_003402(2),2,0.5834247469902039,0.7205704495390733,0.5834247469902039,edge
1_002_20200623_003410(2),0,0.6326310038566589,0.6743514531466231,0.6326310038566589,band_end
1_002_20200623_003410(2),1,0.6112433075904846,0.6225910552012224,0.6112433075904846,interior
1_002_20200623_003410(2),2,0.6445364356040955,0.7252099626702674,0.6445364356040955,edge
1_002_20200623_043039(3),0,0.6035143733024597,0.8569082730350174,0.6035143733024597,band_end
1_002_20200623_043039(3),1,0.6530483365058899,0.827129010887884,0.6530483365058899,interior
1_002_20200623_043039(3),2,0.6279316544532776,0.5505307270750814,0.6279316544532776,edge
1_002_20200623_043043(2),0,0.6202551126480103,0.7441817525681745,0.6202551126480103,band_end
1_002_20200623_043043(2),1,0.6501191854476929,0.7431918578487807,0.6501191854476929,interior
1_002_20200623_043043(2),2,0.6392961144447327,0.6432315393327158,0.6392961144447327,edge
1_002_20200623_043047(2),0,0.0,0.438563128656013,0.651002049446106,band_end
1_002_20200623_043047(2),1,0.6234694123268127,0.6760014400975998,0.6234694123268127,interior
1_002_20200623_043047(2),2,0.6226807236671448,0.6389872174326845,0.6226807236671448,edge
1_002_20200623_043051(3),0,0.6235544681549072,0.7322926725027066,0.6235544681549072,band_end
1_002_20200623_043051(3),1,0.6317171454429626,0.8293356576163058,0.6317171454429626,interior
1_002_20200623_043051(3),2,0.6146337985992432,0.7625305963059267,0.6146337985992432,edge
1_002_20200623_043055(3),0,0.0,0.4794129667538287,0.6624243259429932,band_end
1_002_20200623_043055(3),1,0.615273118019104,0.753925401745681,0.615273118019104,interior
1_002_20200623_043055(3),2,0.5695508718490601,0.5611834238627962,0.5695508718490601,edge
1_002_20200623_043059(4),0,0.6246342062950134,0.7468884165907353,0.6246342062950134,band_end
1_002_20200623_043059(4),1,0.6268662810325623,0.6898085110704415,0.6268662810325623,interior
1_002_20200623_043059(4),2,0.5983301401138306,0.6541395536623895,0.5983301401138306,edge
1_002_20200623_082258(6),0,0.6176910996437073,0.6284309271936271,0.6176910996437073,band_end
1_002_20200623_082258(6),1,0.6675248146057129,0.5999831736095328,0.6675248146057129,interior
1_002_20200623_082258(6),2,0.5797504186630249,0.7251064802314093,0.5797504186630249,edge
1_002_20200623_082302(6),0,0.5741152763366699,0.7711833837979132,0.5741152763366699,band_end
1_002_20200623_082302(6),1,0.6543189883232117,0.5632129880995702,0.6543189883232117,interior
1_002_20200623_082302(6),2,0.5834627151489258,0.6494167236210612,0.5834627151489258,edge
1_002_20200623_082306(5),0,0.6052615642547607,0.667788320699199,0.6052615642547607,band_end
1_002_20200623_082306(5),1,0.611231803894043,0.6992587190217561,0.611231803894043,interior
1_002_20200623_082306(5),2,0.6415127515792847,0.7708838425637442,0.6415127515792847,edge
1_002_20200623_082310(6),0,0.657403290271759,0.672418612980029,0.657403290271759,band_end
1_002_20200623_082310(6),1,0.6028692722320557,0.60410671654743,0.6028692722320557,interior
1_002_20200623_082310(6),2,0.5979653000831604,0.6781801408960219,0.5979653000831604,edge
1_002_20200623_082314(4),0,0.0,0.492984343914546,0.6358892917633057,band_end
1_002_20200623_082314(4),1,0.6450979709625244,0.5413997027842238,0.6450979709625244,interior
1_002_20200623_082314(4),2,0.5905989408493042,0.605797108274199,0.5905989408493042,edge
1_002_20200623_082318(5),0,0.6267147064208984,0.7324769115123582,0.6267147064208984,band_end
1_002_20200623_082318(5),1,0.649742841720581,0.5009306381919237,0.649742841720581,interior
1_002_20200623_082318(5),2,0.001377249020151794,0.5294921899802583,0.6233628988265991,edge
1_002_20200623_123032(7),0,0.6330179572105408,0.6294372596091817,0.6330179572105408,band_end
1_002_20200623_123032(7),1,0.637251079082489,0.5787600591808187,0.637251079082489,interior
1_002_20200623_123032(7),2,0.6601948142051697,0.6537964056928077,0.6601948142051697,edge
1_002_20200623_123036(5),0,0.6354278326034546,0.6180820613783121,0.6354278326034546,band_end
1_002_20200623_123036(5),1,0.6348466873168945,0.6495673773782561,0.6348466873168945,interior
1_002_20200623_123036(5),2,0.6230582594871521,0.8335083808595815,0.6230582594871521,edge
1_002_20200623_123040(5),0,0.603263795375824,0.5869868323687111,0.603263795375824,band_end
1_002_20200623_123040(5),1,0.6070200800895691,0.628965074651664,0.6070200800895691,interior
1_002_20200623_123040(5),2,0.615756094455719,0.6796035181167803,0.615756094455719,edge
1_002_20200623_123044(3),0,0.6455104947090149,0.7059110831135356,0.6455104947090149,band_end
1_002_20200623_123044(3),1,0.58228600025177,0.5926723244388676,0.58228600025177,interior
1_002_20200623_123044(3),2,0.5508092045783997,0.6005480708533629,0.5508092045783997,edge
1_002_20200623_123048(4),0,0.6094752550125122,0.74161616591317,0.6094752550125122,band_end
1_002_20200623_123048(4),1,0.6360887885093689,0.6205832688642915,0.6360887885093689,interior
1_002_20200623_123048(4),2,0.5629943013191223,0.7613414989281728,0.5629943013191223,edge
1_002_20200623_123052(5),0,0.5787884593009949,0.7726051222869312,0.5787884593009949,band_end
1_002_20200623_123052(5),1,0.6143521666526794,0.8631543525917725,0.6143521666526794,interior
1_002_20200623_123052(5),2,0.6165952086448669,0.756286044141926,0.6165952086448669,edge
1_002_20200623_163039(5),0,0.6069623231887817,0.7629014881802955,0.6069623231887817,band_end
1_002_20200623_163039(5),1,0.6415776014328003,0.5952951363677594,0.6415776014328003,interior
1_002_20200623_163039(5),2,0.5739210844039917,0.6687085694540428,0.5739210844039917,edge
1_002_20200623_163043(7),0,0.6287996172904968,0.5906282565193308,0.6287996172904968,band_end
1_002_20200623_163043(7),1,0.6255578398704529,0.7380659896903595,0.6255578398704529,interior
1_002_20200623_163043(7),2,0.5984901189804077,0.8856497534773454,0.5984901189804077,edge
1_002_20200623_163047(6),0,0.5711124539375305,0.6514306730939684,0.5711124539375305,band_end
1_002_20200623_163047(6),1,0.6165627241134644,0.79706899562647,0.6165627241134644,interior
1_002_20200623_163047(6),2,0.5178202390670776,0.5485555263624983,0.5178202390670776,edge
1_002_20200623_163051(7),0,0.6308726668357849,0.7625756708698331,0.6308726668357849,band_end
1_002_20200623_163051(7),1,0.6347008347511292,0.615775098855124,0.6347008347511292,interior
1_002_20200623_163051(7),2,0.6162201762199402,0.5911042948864792,0.6162201762199402,edge
1_002_20200623_163055(6),0,0.637229323387146,0.5865485173521321,0.637229323387146,band_end
1_002_20200623_163055(6),1,0.6024351119995117,0.5590088831527744,0.6024351119995117,interior
1_002_20200623_163055(6),2,0.5978530049324036,0.7535065306483129,0.5978530049324036,edge
1_002_20200623_163059(6),0,0.6123268604278564,0.7834909487653953,0.6123268604278564,band_end
1_002_20200623_163059(6),1,0.6246981024742126,0.6145856814290752,0.6246981024742126,interior
1_002_20200623_163059(6),2,0.6350359916687012,0.7778743145388799,0.6350359916687012,edge
1_002_20200623_203040(4),0,0.0,0.49245851114823364,0.6245609521865845,band_end
1_002_20200623_203040(4),1,0.5796987414360046,0.5365811139950076,0.5796987414360046,interior
1_002_20200623_203040(4),2,0.5484707951545715,0.7981732443071264,0.5484707951545715,edge
1_002_20200623_203044(0),0,0.0,0.4387466982096466,0.6018732786178589,band_end
1_002_20200623_203044(0),1,0.0,0.49184788869986645,0.6401895880699158,interior
1_002_20200623_203044(0),2,0.630731999874115,0.6876998625730506,0.630731999874115,edge
1_002_20200623_203047(7),0,0.6409778594970703,0.662816117905818,0.6409778594970703,band_end
1_002_20200623_203047(7),1,0.5619516372680664,0.6816557794872444,0.5619516372680664,interior
1_002_20200623_203047(7),2,0.6029982566833496,0.7196082013853711,0.6029982566833496,edge
1_002_20200623_203051(2),0,0.5648177862167358,0.676049729897639,0.5648177862167358,band_end
1_002_20200623_203051(2),1,0.608812689781189,0.7125197040538838,0.608812689781189,interior
1_002_20200623_203051(2),2,0.6292331218719482,0.7780421799869796,0.6292331218719482,edge
1_002_20200623_203054(7),0,0.6524509191513062,0.527469709471335,0.6524509191513062,band_end
1_002_20200623_203054(7),1,0.6809768080711365,0.6867218979806281,0.6809768080711365,interior
1_002_20200623_203054(7),2,0.595781683921814,0.5913788100963464,0.595781683921814,edge
1_002_20200623_203058(3),0,0.5914182662963867,0.5983206419095138,0.5914182662963867,band_end
1_002_20200623_203058(3),1,0.5813553333282471,0.6169613319138686,0.5813553333282471,interior
1_002_20200623_203058(3),2,0.6200303435325623,0.7352155559850949,0.6200303435325623,edge
1_002_20200624_003107(0),0,0.618087112903595,0.7157846654028547,0.618087112903595,band_end
1_002_20200624_003107(0),1,0.6539729237556458,0.7052027367454655,0.6539729237556458,interior
1_002_20200624_003107(0),2,0.659900426864624,0.7697691450355866,0.659900426864624,edge
1_002_20200624_003111(0),0,0.6450162529945374,0.8407471899914177,0.6450162529945374,band_end
1_002_20200624_003111(0),1,0.6475011706352234,0.7293100291608767,0.6475011706352234,interior
1_002_20200624_003111(0),2,0.6694719195365906,0.7813998383458841,0.6694719195365906,edge
1_002_20200624_003115(1),0,0.6518487930297852,0.8674682944237285,0.6518487930297852,band_end
1_002_20200624_003115(1),1,0.7309480309486389,0.8684719552041731,0.7309480309486389,interior
1_002_20200624_003115(1),2,0.6645632386207581,0.8814892221629693,0.6645632386207581,edge
1_002_20200624_003119(1),0,0.6229541301727295,0.7736960181701047,0.6229541301727295,band_end
1_002_20200624_003119(1),1,0.6362543702125549,0.7432149164674721,0.6362543702125549,interior
1_002_20200624_003119(1),2,0.7031217217445374,0.8128361249007845,0.7031217217445374,edge
1_002_20200624_003123(1),0,0.6246042251586914,0.622168210842182,0.6246042251586914,band_end
1_002_20200624_003123(1),1,0.6567137241363525,0.6322701345703559,0.6567137241363525,interior
1_002_20200624_003123(1),2,0.6595419645309448,0.6471698402234157,0.6595419645309448,edge
1_002_20200624_003127(0),0,0.6400092244148254,0.7890343391677103,0.6400092244148254,band_end
1_002_20200624_003127(0),1,0.652449369430542,0.8145947884171036,0.652449369430542,interior
1_002_20200624_003127(0),2,0.6560092568397522,0.6712336036051068,0.6560092568397522,edge
1_002_20200624_043128(1),0,0.7034608125686646,0.7410633587444551,0.7034608125686646,band_end
1_002_20200624_043128(1),1,0.6468482613563538,0.6371971434123245,0.6468482613563538,interior
1_002_20200624_043128(1),2,0.661560595035553,0.700934547274908,0.661560595035553,edge
1_002_20200624_043132(2),0,0.712854266166687,0.6986547724467053,0.712854266166687,band_end
1_002_20200624_043132(2),1,0.708217978477478,0.7386944291643555,0.708217978477478,interior
1_002_20200624_043132(2),2,0.6505514979362488,0.7364872564713507,0.6505514979362488,edge
1_002_20200624_043136(1),0,0.7218567132949829,0.680735365398043,0.7218567132949829,band_end
1_002_20200624_043136(1),1,0.6498600244522095,0.6488593841902873,0.6498600244522095,interior
1_002_20200624_043136(1),2,0.6953895092010498,0.6307016238605203,0.6953895092010498,edge
1_002_20200624_043140(2),0,0.6383365988731384,0.6026468886993825,0.6383365988731384,band_end
1_002_20200624_043140(2),1,0.6566249132156372,0.6449815101654234,0.6566249132156372,interior
1_002_20200624_043140(2),2,0.6737533807754517,0.6878117585970068,0.6737533807754517,edge
1_002_20200624_043144(2),0,0.6779851317405701,0.6726972155923787,0.6779851317405701,band_end
1_002_20200624_043144(2),1,0.6676737070083618,0.7411804119636582,0.6676737070083618,interior
1_002_20200624_043144(2),2,0.7430356740951538,0.6415584445112255,0.7430356740951538,edge
1_002_20200624_043148(1),0,0.7202000617980957,0.8396579121070069,0.7202000617980957,band_end
1_002_20200624_043148(1),1,0.678666889667511,0.6970180128718919,0.678666889667511,interior
1_002_20200624_043148(1),2,0.7330520749092102,0.7738409081427643,0.7330520749092102,edge
1_002_20200624_083045(5),0,0.6498101949691772,0.6155223506761811,0.6498101949691772,band_end
1_002_20200624_083045(5),1,0.6626956462860107,0.6874864432397518,0.6626956462860107,interior
1_002_20200624_083045(5),2,0.7298040390014648,0.6822526889069886,0.7298040390014648,edge
1_002_20200624_083049(6),0,0.7069644331932068,0.7051240965326243,0.7069644331932068,band_end
1_002_20200624_083049(6),1,0.6863974928855896,0.5828421516643083,0.6863974928855896,interior
1_002_20200624_083049(6),2,0.6737402677536011,0.7558086196966199,0.6737402677536011,edge
1_002_20200624_083053(3),0,0.6163544654846191,0.802907317742362,0.6163544654846191,band_end
1_002_20200624_083053(3),1,0.6678161025047302,0.8063859225391095,0.6678161025047302,interior
1_002_20200624_083053(3),2,0.6505300998687744,0.8294802729941098,0.6505300998687744,edge
1_002_20200624_083057(4),0,0.613459050655365,0.5789868448628113,0.613459050655365,band_end
1_002_20200624_083057(4),1,0.6992409825325012,0.6455436047490815,0.6992409825325012,interior
1_002_20200624_083057(4),2,0.7083686590194702,0.670764266822549,0.7083686590194702,edge
1_002_20200624_083101(4),0,0.6374269723892212,0.863094254744654,0.6374269723892212,band_end
1_002_20200624_083101(4),1,0.6778989434242249,0.7811147583648562,0.6778989434242249,interior
1_002_20200624_083101(4),2,0.6546998023986816,0.762019780024437,0.6546998023986816,edge
1_002_20200624_083105(5),0,0.6821885704994202,0.7107935164561533,0.6821885704994202,band_end
1_002_20200624_083105(5),1,0.6476696133613586,0.8222636181484696,0.6476696133613586,interior
1_002_20200624_083105(5),2,0.6659092307090759,0.8085152879017838,0.6659092307090759,edge
1_002_20200624_123122(6),0,0.6070142388343811,0.7199136857097453,0.6070142388343811,band_end
1_002_20200624_123122(6),1,0.7030470371246338,0.6313087496098577,0.7030470371246338,interior
1_002_20200624_123122(6),2,0.6709563732147217,0.6770796230699332,0.6709563732147217,edge
1_002_20200624_123126(4),0,0.707007884979248,0.5531666488214784,0.707007884979248,band_end
1_002_20200624_123126(4),1,0.7020484209060669,0.52565782529586,0.7020484209060669,interior
1_002_20200624_123126(4),2,0.6679441928863525,0.6828531566167518,0.6679441928863525,edge
1_002_20200624_123129(9),0,0.6198081970214844,0.765657319708395,0.6198081970214844,band_end
1_002_20200624_123129(9),1,0.6669803261756897,0.8236967162484203,0.6669803261756897,interior
1_002_20200624_123129(9),2,0.6685915589332581,0.6780102333886893,0.6685915589332581,edge
1_002_20200624_123133(0),0,0.6452420949935913,0.6421338777663342,0.6452420949935913,band_end
1_002_20200624_123133(0),1,0.6730849146842957,0.6986241155306784,0.6730849146842957,interior
1_002_20200624_123133(0),2,0.6560522317886353,0.5896563111411667,0.6560522317886353,edge
1_002_20200624_123136(5),0,0.6567209362983704,0.685935308028526,0.6567209362983704,band_end
1_002_20200624_123136(5),1,0.6652746796607971,0.7734033005662685,0.6652746796607971,interior
1_002_20200624_123136(5),2,0.6786975860595703,0.9239018620386223,0.6786975860595703,edge
1_002_20200624_123143(7),0,0.6359149217605591,0.6524947674025179,0.6359149217605591,band_end
1_002_20200624_123143(7),1,0.7062730193138123,0.6067629807861522,0.7062730193138123,interior
1_002_20200624_123143(7),2,0.6147451400756836,0.7133645362220715,0.6147451400756836,edge
1_002_20200624_162522(0),0,0.6609672904014587,0.8150986164853953,0.6609672904014587,band_end
1_002_20200624_162522(0),1,0.6730058789253235,0.8396012517363137,0.6730058789253235,interior
1_002_20200624_162522(0),2,0.7147727608680725,0.8468804499664738,0.7147727608680725,edge
1_002_20200624_162527(8),0,0.6271361112594604,0.808875806979954,0.6271361112594604,band_end
1_002_20200624_162527(8),1,0.640128493309021,0.8217866693324032,0.640128493309021,interior
1_002_20200624_162527(8),2,0.653651237487793,0.7123661234052043,0.653651237487793,edge
1_002_20200624_162531(7),0,0.7003805637359619,0.704625685319927,0.7003805637359619,band_end
1_002_20200624_162531(7),1,0.66732257604599,0.6837112688380148,0.66732257604599,interior
1_002_20200624_162531(7),2,0.6715429425239563,0.7087788345815677,0.6715429425239563,edge
1_002_20200624_162536(8),0,0.6629555821418762,0.6873905936439403,0.6629555821418762,band_end
1_002_20200624_162536(8),1,0.6835725903511047,0.7389994215893056,0.6835725903511047,interior
1_002_20200624_162536(8),2,0.6426413059234619,0.5726255758292745,0.6426413059234619,edge
1_002_20200624_162540(3),0,0.6671833992004395,0.6010354422344436,0.6671833992004395,band_end
1_002_20200624_162540(3),1,0.0,0.49757966422475874,0.6633157730102539,interior
1_002_20200624_162540(3),2,0.655165433883667,0.7256135647657543,0.655165433883667,edge
1_002_20200624_162543(7),0,0.6679871082305908,0.6592937525516996,0.6679871082305908,band_end
1_002_20200624_162543(7),1,0.612364649772644,0.5423142658758231,0.612364649772644,interior
1_002_20200624_162543(7),2,0.6378043293952942,0.5357830946644148,0.6378043293952942,edge
1_002_20200624_203003(9),0,0.6537724733352661,0.594026431402502,0.6537724733352661,band_end
1_002_20200624_203003(9),1,0.6475897431373596,0.6775289289088864,0.6475897431373596,interior
1_002_20200624_203003(9),2,0.7286341786384583,0.6279453611835697,0.7286341786384583,edge
1_002_20200624_203012(9),0,0.7043656706809998,0.8141027955198661,0.7043656706809998,band_end
1_002_20200624_203012(9),1,0.6812186241149902,0.6663215760818937,0.6812186241149902,interior
1_002_20200624_203012(9),2,0.7038856148719788,0.7118279404795613,0.7038856148719788,edge
1_002_20200624_203017(4),0,0.6175005435943604,0.6018581686093556,0.6175005435943604,band_end
1_002_20200624_203017(4),1,0.6654417514801025,0.6768610323852846,0.6654417514801025,interior
1_002_20200624_203017(4),2,0.0,0.4510577714608699,0.688460111618042,edge
1_002_20200624_203021(9),0,0.6540414094924927,0.7136078092210555,0.6540414094924927,band_end
1_002_20200624_203021(9),1,0.6565718650817871,0.7306005142422186,0.6565718650817871,interior
1_002_20200624_203021(9),2,0.6601150035858154,0.7306903427094221,0.6601150035858154,edge
1_002_20200624_203026(4),0,0.6845881938934326,0.7320919635298196,0.6845881938934326,band_end
1_002_20200624_203026(4),1,0.6809067726135254,0.7814137788791353,0.6809067726135254,interior
1_002_20200624_203026(4),2,0.6829575896263123,0.6033606332365031,0.6829575896263123,edge
1_002_20200624_203044(4),0,0.6394148468971252,0.6731378138166824,0.6394148468971252,band_end
1_002_20200624_203044(4),1,0.6559481024742126,0.6125604091061567,0.6559481024742126,interior
1_002_20200624_203044(4),2,0.6778759956359863,0.580817275630334,0.6778759956359863,edge
1_002_20200625_003116(4),0,0.597673237323761,0.7048475425491326,0.597673237323761,band_end
1_002_20200625_003116(4),1,0.57474285364151,0.7267509321809115,0.57474285364151,interior
1_002_20200625_003116(4),2,0.6051577925682068,0.7254250969471582,0.6051577925682068,edge
1_002_20200625_003120(7),0,0.0,0.4753228259858637,0.6281216144561768,band_end
1_002_20200625_003120(7),1,0.5692923665046692,0.50991274455151,0.5692923665046692,interior
1_002_20200625_003120(7),2,0.6068350672721863,0.5163666954031214,0.6068350672721863,edge
1_002_20200625_003125(4),0,0.6085026860237122,0.641222187324962,0.6085026860237122,band_end
1_002_20200625_003125(4),1,0.5430094003677368,0.7737454362954437,0.5430094003677368,interior
1_002_20200625_003125(4),2,0.5168073177337646,0.71151308069016,0.5168073177337646,edge
1_002_20200625_003130(0),0,0.6143872141838074,0.7881109591826428,0.6143872141838074,band_end
1_002_20200625_003130(0),1,0.5899976491928101,0.8816283561788941,0.5899976491928101,interior
1_002_20200625_003130(0),2,0.5963869094848633,0.8149669551063552,0.5963869094848633,edge
1_002_20200625_003134(4),0,0.5715046525001526,0.6525580565101619,0.5715046525001526,band_end
1_002_20200625_003134(4),1,0.5539293885231018,0.7403679993003607,0.5539293885231018,interior
1_002_20200625_003134(4),2,0.5794589519500732,0.6516600360854474,0.5794589519500732,edge
1_002_20200625_003139(0),0,0.5649266839027405,0.7385475423599968,0.5649266839027405,band_end
1_002_20200625_003139(0),1,0.5839910507202148,0.8612029546695501,0.5839910507202148,interior
1_002_20200625_003139(0),2,0.575387179851532,0.6653859969552869,0.575387179851532,edge
1_002_20200625_042934(9),0,0.6353411078453064,0.7414382989520122,0.6353411078453064,band_end
1_002_20200625_042934(9),1,0.6122580170631409,0.7412951469427357,0.6122580170631409,interior
1_002_20200625_042934(9),2,0.568099319934845,0.6896472035882178,0.568099319934845,edge
1_002_20200625_042939(2),0,0.6483864784240723,0.8401762353628874,0.6483864784240723,band_end
1_002_20200625_042939(2),1,0.5396130084991455,0.6665772729549075,0.5396130084991455,interior
1_002_20200625_042939(2),2,0.5457546710968018,0.8308210238645949,0.5457546710968018,edge
1_002_20200625_042943(7),0,0.6096267104148865,0.6559012318585999,0.6096267104148865,band_end
1_002_20200625_042943(7),1,0.5440046191215515,0.7204912916371291,0.5440046191215515,interior
1_002_20200625_042943(7),2,0.5287790298461914,0.6106201231107943,0.5287790298461914,edge
1_002_20200625_042948(3),0,0.6289047598838806,0.7748800373041668,0.6289047598838806,band_end
1_002_20200625_042948(3),1,0.6036766767501831,0.74236795655127,0.6036766767501831,interior
1_002_20200625_042948(3),2,0.6239450573921204,0.5740793030592543,0.6239450573921204,edge
1_002_20200625_042952(8),0,0.6317582726478577,0.9015888733707397,0.6317582726478577,band_end
1_002_20200625_042952(8),1,0.59400475025177,0.6048872439529408,0.59400475025177,interior
1_002_20200625_042952(8),2,0.5666038393974304,0.7997433296407622,0.5666038393974304,edge
1_002_20200625_042957(3),0,0.61765056848526,0.598661250925178,0.61765056848526,band_end
1_002_20200625_042957(3),1,0.5367083549499512,0.6617015261283005,0.5367083549499512,interior
1_002_20200625_042957(3),2,0.5326246619224548,0.7031458144366537,0.5326246619224548,edge
1_002_20200714_042641(8),0,0.0,0.4701750716502169,0.6422752737998962,band_end
1_002_20200714_042641(8),1,0.5438922643661499,0.5808106835254214,0.5438922643661499,interior
1_002_20200714_042641(8),2,0.5820063948631287,0.7566792494460092,0.5820063948631287,edge
1_002_20200714_083054(2),0,0.5687946677207947,0.5363364689641225,0.5687946677207947,band_end
1_002_20200714_083054(2),1,0.5466325879096985,0.7071972492625835,0.5466325879096985,interior
1_002_20200714_083054(2),2,0.6074872016906738,0.7124789208892709,0.6074872016906738,edge
1_002_20200714_083057(5),0,0.0,0.4858141763210143,0.5591899156570435,band_end
1_002_20200714_083057(5),1,0.5266669988632202,0.5464159046079741,0.5266669988632202,interior
1_002_20200714_083057(5),2,0.6090284585952759,0.5630722037115553,0.6090284585952759,edge
1_002_20200714_083101(7),0,0.6062204241752625,0.7276306156771226,0.6062204241752625,band_end
1_002_20200714_083101(7),1,0.6164903044700623,0.6263997678955396,0.6164903044700623,interior
1_002_20200714_083101(7),2,0.5619160532951355,0.6019248347730684,0.5619160532951355,edge
1_002_20200714_083106(2),0,0.6162055134773254,0.8275783575383591,0.6162055134773254,band_end
1_002_20200714_083106(2),1,0.582257866859436,0.748718145291413,0.582257866859436,interior
1_002_20200714_083106(2),2,0.5829751491546631,0.5270626161952348,0.5829751491546631,edge
1_002_20200714_083110(8),0,0.614937961101532,0.7316240301255046,0.614937961101532,band_end
1_002_20200714_083110(8),1,0.654830276966095,0.6270302901861218,0.654830276966095,interior
1_002_20200714_083110(8),2,0.6076866984367371,0.7574135593298758,0.6076866984367371,edge
1_002_20200714_083115(1),0,0.5810299515724182,0.5646817891650554,0.5810299515724182,band_end
1_002_20200714_083115(1),1,0.5086691379547119,0.529726766157861,0.5086691379547119,interior
1_002_20200714_083115(1),2,0.5323290228843689,0.7023848742902568,0.5323290228843689,edge
1_002_20200714_123109(8),0,0.6155920624732971,0.7385797588811711,0.6155920624732971,band_end
1_002_20200714_123109(8),1,0.536762535572052,0.7234152680280521,0.536762535572052,interior
1_002_20200714_123109(8),2,0.5542916655540466,0.7458342890569092,0.5542916655540466,edge
1_002_20200714_123113(1),0,0.6245949268341064,0.7046671396462906,0.6245949268341064,band_end
1_002_20200714_123113(1),1,0.5574829578399658,0.6292095150410654,0.5574829578399658,interior
1_002_20200714_123113(1),2,0.5504132509231567,0.6879327243110688,0.5504132509231567,edge
1_002_20200714_123117(3),0,0.5937285423278809,0.6735296812474728,0.5937285423278809,band_end
1_002_20200714_123117(3),1,0.5354203581809998,0.6176567289657179,0.5354203581809998,interior
1_002_20200714_123117(3),2,0.5636066794395447,0.7768360234107414,0.5636066794395447,edge
1_002_20200714_123120(4),0,0.5646214485168457,0.76812934420439,0.5646214485168457,band_end
1_002_20200714_123120(4),1,0.5168731808662415,0.8105340141369225,0.5168731808662415,interior
1_002_20200714_123120(4),2,0.5521396994590759,0.6580494528731791,0.5521396994590759,edge
1_002_20200714_123123(5),0,0.6089257597923279,0.6664345660180615,0.6089257597923279,band_end
1_002_20200714_123123(5),1,0.598989725112915,0.7234550345639437,0.598989725112915,interior
1_002_20200714_123123(5),2,0.6318966150283813,0.7466666166479977,0.6318966150283813,edge
1_002_20200714_123126(4),0,0.5893456935882568,0.7809570104605568,0.5893456935882568,band_end
1_002_20200714_123126(4),1,0.5302811861038208,0.8166476382045005,0.5302811861038208,interior
1_002_20200714_123126(4),2,0.5569605231285095,0.7831933278759342,0.5569605231285095,edge
1_002_20200714_163046(2),0,0.5913647413253784,0.5500656729191542,0.5913647413253784,band_end
1_002_20200714_163046(2),1,0.5959091186523438,0.807491856837713,0.5959091186523438,interior
1_002_20200714_163046(2),2,0.548296332359314,0.7077729801236734,0.548296332359314,edge
1_002_20200714_163049(8),0,0.5671632289886475,0.5428620874701074,0.5671632289886475,band_end
1_002_20200714_163049(8),1,0.545366644859314,0.5906663143789771,0.545366644859314,interior
1_002_20200714_163049(8),2,0.5741778612136841,0.6439412275776368,0.5741778612136841,edge
1_002_20200714_163053(5),0,0.6524085998535156,0.7123773528982332,0.6524085998535156,band_end
1_002_20200714_163053(5),1,0.577522873878479,0.6529805382526029,0.577522873878479,interior
1_002_20200714_163053(5),2,0.5672935843467712,0.7419042898286018,0.5672935843467712,edge
1_002_20200714_163056(8),0,0.5303857922554016,0.5680451730096882,0.5303857922554016,band_end
1_002_20200714_163056(8),1,0.6060730218887329,0.7439883511979133,0.6060730218887329,interior
1_002_20200714_163056(8),2,0.565009593963623,0.6495091743774205,0.565009593963623,edge
1_002_20200714_163100(2),0,0.5999873280525208,0.5038031224887369,0.5999873280525208,band_end
1_002_20200714_163100(2),1,0.5269301533699036,0.784047392158327,0.5269301533699036,interior
1_002_20200714_163100(2),2,0.5564233064651489,0.770222836094695,0.5564233064651489,edge
1_002_20200714_163103(5),0,0.5312663316726685,0.7192891034596588,0.5312663316726685,band_end
1_002_20200714_163103(5),1,0.6262120008468628,0.7549016676248155,0.6262120008468628,interior
1_002_20200714_163103(5),2,0.6284959316253662,0.719978961988818,0.6284959316253662,edge
1_002_20200714_225756(0),0,0.5957651734352112,0.7755442075449949,0.5957651734352112,band_end
1_002_20200714_225756(0),1,0.5525896549224854,0.73346649797652,0.5525896549224854,interior
1_002_20200714_225756(0),2,0.5608968138694763,0.7289223916723085,0.5608968138694763,edge
1_002_20200714_225759(8),0,0.5388065576553345,0.7416600304271123,0.5388065576553345,band_end
1_002_20200714_225759(8),1,0.5156384110450745,0.6223267770433538,0.5156384110450745,interior
1_002_20200714_225759(8),2,0.529030442237854,0.6194107803124249,0.529030442237854,edge
1_002_20200714_225803(3),0,0.5719093680381775,0.7582797047876568,0.5719093680381775,band_end
1_002_20200714_225803(3),1,0.5521774291992188,0.5434288444275029,0.5521774291992188,interior
1_002_20200714_225803(3),2,0.6724033951759338,0.6802585565529614,0.6724033951759338,edge
1_002_20200714_225807(3),0,0.0,0.49472058219453974,0.620174765586853,band_end
1_002_20200714_225807(3),1,0.5777233839035034,0.6870172061802199,0.5777233839035034,interior
1_002_20200714_225807(3),2,0.5433715581893921,0.789568600210165,0.5433715581893921,edge
1_002_20200714_225810(5),0,0.5953484773635864,0.7233507945632707,0.5953484773635864,band_end
1_002_20200714_225810(5),1,0.5685292482376099,0.8889081536284453,0.5685292482376099,interior
1_002_20200714_225810(5),2,0.5915423631668091,0.7714765718276173,0.5915423631668091,edge
1_002_20200714_225817(4),0,0.5475003123283386,0.7011958314600265,0.5475003123283386,band_end
1_002_20200714_225817(4),1,0.5034109354019165,0.677318372335284,0.5034109354019165,interior
1_002_20200714_225817(4),2,0.5446182489395142,0.7427790879184387,0.5446182489395142,edge
1_002_20200905_123103(4),0,0.5883164405822754,0.7529348043626118,0.5883164405822754,band_end
1_002_20200905_123103(4),1,0.5214473605155945,0.6879835517210562,0.5214473605155945,interior
1_002_20200905_123103(4),2,0.5479831099510193,0.7485520037707027,0.5479831099510193,edge
1_002_20200905_123107(5),0,0.5883194208145142,0.6076413977213881,0.5883194208145142,band_end
1_002_20200905_123107(5),1,0.5842270851135254,0.6642462830429643,0.5842270851135254,interior
1_002_20200905_123107(5),2,0.5337144136428833,0.7480219492545902,0.5337144136428833,edge
1_002_20200905_123111(6),0,0.625621497631073,0.7359569327769181,0.625621497631073,band_end
1_002_20200905_123111(6),1,0.5967226028442383,0.7888494648557919,0.5967226028442383,interior
1_002_20200905_123111(6),2,0.5656545758247375,0.832423426875506,0.5656545758247375,edge
1_002_20200905_163920(4),0,0.5752531886100769,0.6926479645793012,0.5752531886100769,band_end
1_002_20200905_163920(4),1,0.5914412140846252,0.7162173663147781,0.5914412140846252,interior
1_002_20200905_163920(4),2,0.5835008025169373,0.6983200159156929,0.5835008025169373,edge
1_002_20200905_163924(2),0,0.5933499932289124,0.7091275115071991,0.5933499932289124,band_end
1_002_20200905_163924(2),1,0.5947046279907227,0.7461897483370776,0.5947046279907227,interior
1_002_20200905_163924(2),2,0.6448268294334412,0.7574694664582403,0.6448268294334412,edge
1_002_20200905_163928(3),0,0.6072215437889099,0.7259613730363127,0.6072215437889099,band_end
1_002_20200905_163928(3),1,0.5750179290771484,0.8262425188375644,0.5750179290771484,interior
1_002_20200905_163928(3),2,0.5941568613052368,0.7741995567493608,0.5941568613052368,edge
1_002_20200905_163932(3),0,0.6341826319694519,0.7587363322963938,0.6341826319694519,band_end
1_002_20200905_163932(3),1,0.5691869854927063,0.743527220954032,0.5691869854927063,interior
1_002_20200905_163932(3),2,0.5659710764884949,0.7863963541729997,0.5659710764884949,edge
1_002_20200905_163936(3),0,0.6313919425010681,0.8156583298507074,0.6313919425010681,band_end
1_002_20200905_163936(3),1,0.589231550693512,0.7969512490795293,0.589231550693512,interior
1_002_20200905_163936(3),2,0.6050247550010681,0.6980573858856224,0.6050247550010681,edge
1_002_20200905_163940(2),0,0.5795249938964844,0.7997078392072581,0.5795249938964844,band_end
1_002_20200905_163940(2),1,0.5767391920089722,0.6079149022404132,0.5767391920089722,interior
1_002_20200905_163940(2),2,0.5549273490905762,0.7642874304282399,0.5549273490905762,edge
1_002_20200905_203836(3),0,0.5786042809486389,0.6866634182087922,0.5786042809486389,band_end
1_002_20200905_203836(3),1,0.5810509920120239,0.6457918143971529,0.5810509920120239,interior
1_002_20200905_203836(3),2,0.5496121644973755,0.6703510083087797,0.5496121644973755,edge
1_002_20200905_203840(3),0,0.5977432727813721,0.7879602637739829,0.5977432727813721,band_end
1_002_20200905_203840(3),1,0.5516200065612793,0.8390331881687223,0.5516200065612793,interior
1_002_20200905_203840(3),2,0.5527531504631042,0.883874308783561,0.5527531504631042,edge
1_002_20200905_203844(2),0,0.5820614695549011,0.5594888060999507,0.5820614695549011,band_end
1_002_20200905_203844(2),1,0.5686601400375366,0.572112226819952,0.5686601400375366,interior
1_002_20200905_203844(2),2,0.5840362310409546,0.6029759610284152,0.5840362310409546,edge
1_002_20200905_203848(4),0,0.6108110547065735,0.7001607897191757,0.6108110547065735,band_end
1_002_20200905_203848(4),1,0.5654222965240479,0.8263907086588913,0.5654222965240479,interior
1_002_20200905_203848(4),2,0.6237311959266663,0.8591163382865489,0.6237311959266663,edge
1_002_20200905_203856(3),0,0.0,0.47648160935851247,0.6362286806106567,band_end
1_002_20200905_203856(3),1,0.5867291688919067,0.5738365512307255,0.5867291688919067,interior
1_002_20200905_203856(3),2,0.6308709979057312,0.6410599794953289,0.6308709979057312,edge
1_002_20200905_203900(3),0,0.5816704034805298,0.760776122010106,0.5816704034805298,band_end
1_002_20200905_203900(3),1,0.5609992742538452,0.8299077041861084,0.5609992742538452,interior
1_002_20200905_203900(3),2,0.5338807106018066,0.789034105327695,0.5338807106018066,edge
1_002_20200906_003059(0),0,0.696143388748169,0.7183881435556344,0.696143388748169,band_end
1_002_20200906_003059(0),1,0.6246135234832764,0.664888747250912,0.6246135234832764,interior
1_002_20200906_003059(0),2,0.6076438426971436,0.6594676353021788,0.6076438426971436,edge
1_002_20200906_003114(8),0,0.6565042734146118,0.6936916657815078,0.6565042734146118,band_end
1_002_20200906_003114(8),1,0.6880143284797668,0.6485984093194727,0.6880143284797668,interior
1_002_20200906_003114(8),2,0.6359667778015137,0.6718515016058428,0.6359667778015137,edge
1_002_20200906_003118(7),0,0.6713774800300598,0.8611152606387826,0.6713774800300598,band_end
1_002_20200906_003118(7),1,0.634665846824646,0.803271800677874,0.634665846824646,interior
1_002_20200906_003118(7),2,0.6683417558670044,0.8314855102305607,0.6683417558670044,edge
1_002_20200906_003122(7),0,0.6903351545333862,0.734261989969685,0.6903351545333862,band_end
1_002_20200906_003122(7),1,0.6463262438774109,0.7805312404311346,0.6463262438774109,interior
1_002_20200906_003122(7),2,0.6391525864601135,0.7440083009323669,0.6391525864601135,edge
1_002_20200906_003126(8),0,0.6662728190422058,0.7061807698085967,0.6662728190422058,band_end
1_002_20200906_003126(8),1,0.6444963812828064,0.6259028173401783,0.6444963812828064,interior
1_002_20200906_003126(8),2,0.6837687492370605,0.6846887132860022,0.6837687492370605,edge
1_002_20200906_003132(7),0,0.6405611038208008,0.5456424954187441,0.6405611038208008,band_end
1_002_20200906_003132(7),1,0.6685540676116943,0.6652568331535597,0.6685540676116943,interior
1_002_20200906_003132(7),2,0.6910196542739868,0.5400408428244265,0.6910196542739868,edge
2_002_20200622_203136(3),0,0.7042842507362366,0.7667478693874328,0.7042842507362366,band_end
2_002_20200622_203136(3),1,0.6600018739700317,0.5445147951421867,0.6600018739700317,interior
2_002_20200622_203136(3),2,0.5686482787132263,0.5231238858915475,0.5686482787132263,edge
2_002_20200622_203140(8),0,0.6495530009269714,0.7414099444062091,0.6495530009269714,band_end
2_002_20200622_203140(8),1,0.6653428673744202,0.7613985479200402,0.6653428673744202,interior
2_002_20200622_203140(8),2,0.6507939696311951,0.6845105493699877,0.6507939696311951,edge
2_002_20200622_203145(3),0,0.6238979697227478,0.7248125703988153,0.6238979697227478,band_end
2_002_20200622_203145(3),1,0.6800582408905029,0.821913149418698,0.6800582408905029,interior
2_002_20200622_203145(3),2,0.6310783624649048,0.6491218879681899,0.6310783624649048,edge
2_002_20200622_203149(8),0,0.7064488530158997,0.684018647546602,0.7064488530158997,band_end
2_002_20200622_203149(8),1,0.5958214402198792,0.5913219311189829,0.5958214402198792,interior
2_002_20200622_203149(8),2,0.6479922533035278,0.8192889505903627,0.6479922533035278,edge
2_002_20200622_203154(3),0,0.6662395596504211,0.5934850023056373,0.6662395596504211,band_end
2_002_20200622_203154(3),1,0.6599630117416382,0.7108088600461699,0.6599630117416382,interior
2_002_20200622_203154(3),2,0.6779614090919495,0.6249784408206822,0.6779614090919495,edge
2_002_20200622_203158(8),0,0.7387080788612366,0.7966109222118966,0.7387080788612366,band_end
2_002_20200622_203158(8),1,0.6510222554206848,0.8474930426582012,0.6510222554206848,interior
2_002_20200622_203158(8),2,0.6448361873626709,0.7926543300609427,0.6448361873626709,edge
2_002_20200623_003351(2),0,0.7270771861076355,0.9557542792613716,0.7270771861076355,band_end
2_002_20200623_003351(2),1,0.728941023349762,0.8889962616394528,0.728941023349762,interior
2_002_20200623_003351(2),2,0.6992592811584473,0.8875136649197358,0.6992592811584473,edge
2_002_20200623_003355(7),0,0.6721680164337158,0.7895806269211852,0.6721680164337158,band_end
2_002_20200623_003355(7),1,0.6469780206680298,0.728186334751403,0.6469780206680298,interior
2_002_20200623_003355(7),2,0.6571890115737915,0.7043262058056065,0.6571890115737915,edge
2_002_20200623_003400(2),0,0.7298222184181213,0.6012730371434284,0.7298222184181213,band_end
2_002_20200623_003400(2),1,0.649585485458374,0.7186924845100389,0.649585485458374,interior
2_002_20200623_003400(2),2,0.6765953898429871,0.7503481618115238,0.6765953898429871,edge
2_002_20200623_003404(7),0,0.6605218648910522,0.7747698648472424,0.6605218648910522,band_end
2_002_20200623_003404(7),1,0.6916681528091431,0.7116304713089812,0.6916681528091431,interior
2_002_20200623_003404(7),2,0.6705037355422974,0.743274347252952,0.6705037355422974,edge
2_002_20200623_003409(2),0,0.7221375107765198,0.599595842850552,0.7221375107765198,band_end
2_002_20200623_003409(2),1,0.6678357720375061,0.6297032932267109,0.6678357720375061,interior
2_002_20200623_003409(2),2,0.6653627157211304,0.5156638155131665,0.6653627157211304,edge
2_002_20200623_003413(7),0,0.6695049405097961,0.8292679605457914,0.6695049405097961,band_end
2_002_20200623_003413(7),1,0.6550270318984985,0.7231585427473016,0.6550270318984985,interior
2_002_20200623_003413(7),2,0.657709538936615,0.7742818755272523,0.657709538936615,edge
2_002_20200623_043056(0),0,0.6564815640449524,0.7569580745937988,0.6564815640449524,band_end
2_002_20200623_043056(0),1,0.68780916929245,0.7937316116011459,0.68780916929245,interior
2_002_20200623_043056(0),2,0.6514528393745422,0.7479948914432338,0.6514528393745422,edge
2_002_20200623_043100(6),0,0.6313904523849487,0.6803761812674439,0.6313904523849487,band_end
2_002_20200623_043100(6),1,0.6791647672653198,0.8117515902630201,0.6791647672653198,interior
2_002_20200623_043100(6),2,0.6761152744293213,0.7396724849550821,0.6761152744293213,edge
2_002_20200623_043105(0),0,0.6392564177513123,0.7326015834356077,0.6392564177513123,band_end
2_002_20200623_043105(0),1,0.659279465675354,0.7224986388984925,0.659279465675354,interior
2_002_20200623_043105(0),2,0.6699135899543762,0.7654310517514554,0.6699135899543762,edge
2_002_20200623_043109(4),0,0.676227331161499,0.5373773377228197,0.676227331161499,band_end
2_002_20200623_043109(4),1,0.6644954085350037,0.5251192623442189,0.6644954085350037,interior
2_002_20200623_043109(4),2,0.6068738102912903,0.6744999937539014,0.6068738102912903,edge
2_002_20200623_043115(4),0,0.0,0.4671519436081397,0.6606239080429077,band_end
2_002_20200623_043115(4),1,0.6931174397468567,0.8071393266793871,0.6931174397468567,interior
2_002_20200623_043115(4),2,0.6802990436553955,0.7195895890860213,0.6802990436553955,edge
2_002_20200623_043120(0),0,0.6278516054153442,0.7171613515830779,0.6278516054153442,band_end
2_002_20200623_043120(0),1,0.6790531277656555,0.6525025414675413,0.6790531277656555,interior
2_002_20200623_043120(0),2,0.6714649200439453,0.793244031565152,0.6714649200439453,edge
2_002_20200623_082249(3),0,0.6356215476989746,0.550188776392671,0.6356215476989746,band_end
2_002_20200623_082249(3),1,0.6706398129463196,0.6366671665275048,0.6706398129463196,interior
2_002_20200623_082249(3),2,0.6321951746940613,0.5530179516331662,0.6321951746940613,edge
2_002_20200623_082253(8),0,0.695387601852417,0.6378949317535272,0.695387601852417,band_end
2_002_20200623_082253(8),1,0.6868070960044861,0.5536361914438506,0.6868070960044861,interior
2_002_20200623_082253(8),2,0.6310895085334778,0.7413778017767132,0.6310895085334778,edge
2_002_20200623_082258(4),0,0.7011745572090149,0.7847556009154998,0.7011745572090149,band_end
2_002_20200623_082258(4),1,0.6801559329032898,0.5900215550442423,0.6801559329032898,interior
2_002_20200623_082258(4),2,0.6486591100692749,0.6575219629078426,0.6486591100692749,edge
2_002_20200623_082302(7),0,0.7116149067878723,0.513560529525057,0.7116149067878723,band_end
2_002_20200623_082302(7),1,0.6824748516082764,0.5505864467850321,0.6824748516082764,interior
2_002_20200623_082302(7),2,0.6677024960517883,0.5510392559083227,0.6677024960517883,edge
2_002_20200623_082307(2),0,0.6813734173774719,0.8286400266369874,0.6813734173774719,band_end
2_002_20200623_082307(2),1,0.6693146824836731,0.8219435230707242,0.6693146824836731,interior
2_002_20200623_082307(2),2,0.6678915023803711,0.6975529717833634,0.6678915023803711,edge
2_002_20200623_082311(8),0,0.7085175514221191,0.6305243236157173,0.7085175514221191,band_end
2_002_20200623_082311(8),1,0.6724534630775452,0.8353232686661076,0.6724534630775452,interior
2_002_20200623_082311(8),2,0.6715001463890076,0.8406037251157936,0.6715001463890076,edge
2_002_20200623_123042(0),0,0.0,0.4750675604414336,0.6734442710876465,band_end
2_002_20200623_123042(0),1,0.6822656989097595,0.6540529074279928,0.6822656989097595,interior
2_002_20200623_123042(0),2,0.0,0.4814351970763071,0.6334350109100342,edge
2_002_20200623_123046(4),0,0.6529684066772461,0.8151567958059818,0.6529684066772461,band_end
2_002_20200623_123046(4),1,0.6146681904792786,0.698560680209898,0.6146681904792786,interior
2_002_20200623_123046(4),2,0.7120950222015381,0.7155850819736098,0.7120950222015381,edge
2_002_20200623_123051(1),0,0.6643754839897156,0.7265308815985918,0.6643754839897156,band_end
2_002_20200623_123051(1),1,0.6572670936584473,0.8575044152038207,0.6572670936584473,interior
2_002_20200623_123051(1),2,0.6309717297554016,0.6961606814399023,0.6309717297554016,edge
2_002_20200623_123055(5),0,0.7035688757896423,0.6363015328193083,0.7035688757896423,band_end
2_002_20200623_123055(5),1,0.7000516057014465,0.7545971326129072,0.7000516057014465,interior
2_002_20200623_123055(5),2,0.6570496559143066,0.6525565114661385,0.6570496559143066,edge
2_002_20200623_123100(0),0,0.6789237260818481,0.8082022109922609,0.6789237260818481,band_end
2_002_20200623_123100(0),1,0.6806275248527527,0.7282366974676523,0.6806275248527527,interior
2_002_20200623_123100(0),2,0.6534590125083923,0.7209358333738638,0.6534590125083923,edge
2_002_20200623_123104(5),0,0.6273506879806519,0.7699031338272595,0.6273506879806519,band_end
2_002_20200623_123104(5),1,0.7164210081100464,0.6700167991218194,0.7164210081100464,interior
2_002_20200623_123104(5),2,0.6981750726699829,0.6572409016432329,0.6981750726699829,edge
2_002_20200623_163020(3),0,0.7283011674880981,0.8262419393784994,0.7283011674880981,band_end
2_002_20200623_163020(3),1,0.6423521637916565,0.8379703916458712,0.6423521637916565,interior
2_002_20200623_163020(3),2,0.6692666411399841,0.8953282353102655,0.6692666411399841,edge
2_002_20200623_163023(3),0,0.6120826005935669,0.5499156754840875,0.6120826005935669,band_end
2_002_20200623_163023(3),1,0.6507948637008667,0.678681315595491,0.6507948637008667,interior
2_002_20200623_163023(3),2,0.7006118893623352,0.6512408707704809,0.7006118893623352,edge
2_002_20200623_163026(3),0,0.6278502941131592,0.5540976833019938,0.6278502941131592,band_end
2_002_20200623_163026(3),1,0.6799532175064087,0.6534637451791218,0.6799532175064087,interior
2_002_20200623_163026(3),2,0.6715085506439209,0.6767351774907283,0.6715085506439209,edge
2_002_20200623_163029(6),0,0.6367580890655518,0.785211843689726,0.6367580890655518,band_end
2_002_20200623_163029(6),1,0.6654127240180969,0.7818262295871022,0.6654127240180969,interior
2_002_20200623_163029(6),2,0.7338659763336182,0.706006421149402,0.7338659763336182,edge
2_002_20200623_163032(5),0,0.6966109275817871,0.7605669349294759,0.6966109275817871,band_end
2_002_20200623_163032(5),1,0.6690569519996643,0.7729068908943515,0.6690569519996643,interior
2_002_20200623_163032(5),2,0.0,0.452552434814941,0.6630730628967285,edge
2_002_20200623_163035(5),0,0.7148749232292175,0.7231784159974748,0.7148749232292175,band_end
2_002_20200623_163035(5),1,0.6639878153800964,0.7015297739650413,0.6639878153800964,interior
2_002_20200623_163035(5),2,0.7018759250640869,0.6409405658935918,0.7018759250640869,edge
2_002_20200623_203033(6),0,0.6916350722312927,0.7297253081143782,0.6916350722312927,band_end
2_002_20200623_203033(6),1,0.6693320870399475,0.8008630659229222,0.6693320870399475,interior
2_002_20200623_203033(6),2,0.697023332118988,0.7637688428595928,0.697023332118988,edge
2_002_20200623_203038(0),0,0.7715857028961182,0.842140122120861,0.7715857028961182,band_end
2_002_20200623_203038(0),1,0.6416860818862915,0.7160466500677366,0.6416860818862915,interior
2_002_20200623_203038(0),2,0.6751678586006165,0.8136642770013939,0.6751678586006165,edge
2_002_20200623_203042(5),0,0.7061160206794739,0.6009672386235478,0.7061160206794739,band_end
2_002_20200623_203042(5),1,0.654590368270874,0.7442346780119071,0.654590368270874,interior
2_002_20200623_203042(5),2,0.6638075113296509,0.7169384595921964,0.6638075113296509,edge
2_002_20200623_203047(0),0,0.7061980962753296,0.6326564794614391,0.7061980962753296,band_end
2_002_20200623_203047(0),1,0.6637560725212097,0.8063472065089891,0.6637560725212097,interior
2_002_20200623_203047(0),2,0.7005627751350403,0.8136419321211421,0.7005627751350403,edge
2_002_20200623_203050(0),0,0.6621469855308533,0.8938314534560141,0.6621469855308533,band_end
2_002_20200623_203050(0),1,0.6901501417160034,0.7613273610437782,0.6901501417160034,interior
2_002_20200623_203050(0),2,0.6633194088935852,0.8358167427754726,0.6633194088935852,edge
2_002_20200623_203054(6),0,0.6764461994171143,0.761320972249495,0.6764461994171143,band_end
2_002_20200623_203054(6),1,0.6787343621253967,0.7559663848848261,0.6787343621253967,interior
2_002_20200623_203054(6),2,0.6788817048072815,0.689222915008312,0.6788817048072815,edge
2_002_20200624_003115(6),0,0.6520355939865112,0.7785670711467938,0.6520355939865112,band_end
2_002_20200624_003115(6),1,0.6047850251197815,0.668842205811308,0.6047850251197815,interior
2_002_20200624_003115(6),2,0.6368708610534668,0.8590886235152456,0.6368708610534668,edge
2_002_20200624_003118(6),0,0.5775600671768188,0.7834136760350272,0.5775600671768188,band_end
2_002_20200624_003118(6),1,0.6091760993003845,0.7979125025935712,0.6091760993003845,interior
2_002_20200624_003118(6),2,0.6175521016120911,0.7906826722322977,0.6175521016120911,edge
2_002_20200624_003123(0),0,0.5902483463287354,0.7328805177128132,0.5902483463287354,band_end
2_002_20200624_003123(0),1,0.6463273763656616,0.8216516577376523,0.6463273763656616,interior
2_002_20200624_003123(0),2,0.6739770174026489,0.7972819432479903,0.6739770174026489,edge
2_002_20200624_003127(5),0,0.6199206113815308,0.7202398941297258,0.6199206113815308,band_end
2_002_20200624_003127(5),1,0.5696707963943481,0.7272769569403675,0.5696707963943481,interior
2_002_20200624_003127(5),2,0.6474028825759888,0.6045180998704524,0.6474028825759888,edge
2_002_20200624_003132(0),0,0.6735870242118835,0.6964556187103073,0.6735870242118835,band_end
2_002_20200624_003132(0),1,0.6862937211990356,0.7695490798418817,0.6862937211990356,interior
2_002_20200624_003132(0),2,0.6663475036621094,0.5965922304471211,0.6663475036621094,edge
2_002_20200624_003136(5),0,0.6773080229759216,0.8691126563578122,0.6773080229759216,band_end
2_002_20200624_003136(5),1,0.6293905377388,0.8917816270953639,0.6293905377388,interior
2_002_20200624_003136(5),2,0.5990419983863831,0.6292041193179265,0.5990419983863831,edge
2_002_20200624_043136(9),0,0.6322430372238159,0.734181048395559,0.6322430372238159,band_end
2_002_20200624_043136(9),1,0.6465075612068176,0.9199491577043248,0.6465075612068176,interior
2_002_20200624_043136(9),2,0.6717804074287415,0.7882488387127259,0.6717804074287415,edge
2_002_20200624_043141(4),0,0.6362040042877197,0.7527708351976876,0.6362040042877197,band_end
2_002_20200624_043141(4),1,0.6384565234184265,0.8037111159961222,0.6384565234184265,interior
2_002_20200624_043141(4),2,0.6468892097473145,0.761241601335582,0.6468892097473145,edge
2_002_20200624_043145(8),0,0.6218606233596802,0.7619338865769232,0.6218606233596802,band_end
2_002_20200624_043145(8),1,0.6364099979400635,0.8319653504293617,0.6364099979400635,interior
2_002_20200624_043145(8),2,0.6999589800834656,0.7615543626367783,0.6999589800834656,edge
2_002_20200624_043150(3),0,0.6345731616020203,0.7557518726646473,0.6345731616020203,band_end
2_002_20200624_043150(3),1,0.6439403891563416,0.7395254383379122,0.6439403891563416,interior
2_002_20200624_043150(3),2,0.6739861369132996,0.8048441943582189,0.6739861369132996,edge
2_002_20200624_043154(8),0,0.6652049422264099,0.6984662762738097,0.6652049422264099,band_end
2_002_20200624_043154(8),1,0.6885192394256592,0.7591581446799359,0.6885192394256592,interior
2_002_20200624_043154(8),2,0.6316325664520264,0.7658799508200688,0.6316325664520264,edge
2_002_20200624_043159(4),0,0.6318191289901733,0.6684150038309555,0.6318191289901733,band_end
2_002_20200624_043159(4),1,0.6227657198905945,0.6572026127624371,0.6227657198905945,interior
2_002_20200624_043159(4),2,0.6465244293212891,0.6816663329501581,0.6465244293212891,edge
2_002_20200624_083032(4),0,0.6441184282302856,0.7847827108650486,0.6441184282302856,band_end
2_002_20200624_083032(4),1,0.6497734785079956,0.8026135931655304,0.6497734785079956,interior
2_002_20200624_083032(4),2,0.5668357014656067,0.7540676700873324,0.5668357014656067,edge
2_002_20200624_083036(9),0,0.5828253626823425,0.6401882845896922,0.5828253626823425,band_end
2_002_20200624_083036(9),1,0.6220752596855164,0.8255717807729188,0.6220752596855164,interior
2_002_20200624_083036(9),2,0.6254101991653442,0.6594799862144545,0.6254101991653442,edge
2_002_20200624_083041(3),0,0.644141674041748,0.6332719156181441,0.644141674041748,band_end
2_002_20200624_083041(3),1,0.694174587726593,0.7900793109708514,0.694174587726593,interior
2_002_20200624_083041(3),2,0.6034671664237976,0.6880868081859313,0.6034671664237976,edge
2_002_20200624_083045(8),0,0.6175583600997925,0.7268620115605396,0.6175583600997925,band_end
2_002_20200624_083045(8),1,0.6561740636825562,0.7257790492275388,0.6561740636825562,interior
2_002_20200624_083045(8),2,0.42921924591064453,0.7010740806811117,0.42921924591064453,edge
2_002_20200624_083050(4),0,0.5397240519523621,0.7730181400418686,0.5397240519523621,band_end
2_002_20200624_083050(4),1,0.6172479391098022,0.8154526378966375,0.6172479391098022,interior
2_002_20200624_083050(4),2,0.694032609462738,0.7368828518929053,0.694032609462738,edge
2_002_20200624_083054(9),0,0.5760817527770996,0.6207663259466013,0.5760817527770996,band_end
2_002_20200624_083054(9),1,0.6971938610076904,0.8592906681834132,0.6971938610076904,interior
2_002_20200624_083054(9),2,0.6056479215621948,0.8014439419400597,0.6056479215621948,edge
2_002_20200624_123144(0),0,0.5780349969863892,0.7857544189345962,0.5780349969863892,band_end
2_002_20200624_123144(0),1,0.6724245548248291,0.6706999669256931,0.6724245548248291,interior
2_002_20200624_123144(0),2,0.7176400423049927,0.7946552995311601,0.7176400423049927,edge
2_002_20200624_123148(2),0,0.6444355249404907,0.7619803757298622,0.6444355249404907,band_end
2_002_20200624_123148(2),1,0.5904734134674072,0.7147722714880453,0.5904734134674072,interior
2_002_20200624_123148(2),2,0.5749542713165283,0.7441593594341154,0.5749542713165283,edge
2_002_20200624_123152(7),0,0.6248218417167664,0.6475324617695832,0.6248218417167664,band_end
2_002_20200624_123152(7),1,0.6314954161643982,0.5954607295623398,0.6314954161643982,interior
2_002_20200624_123152(7),2,0.640624463558197,0.6636195422765991,0.640624463558197,edge
2_002_20200624_123157(4),0,0.6230497360229492,0.7875854909088634,0.6230497360229492,band_end
2_002_20200624_123157(4),1,0.7048248648643494,0.7751636839113852,0.7048248648643494,interior
2_002_20200624_123157(4),2,0.6533236503601074,0.8453731269744987,0.6533236503601074,edge
2_002_20200624_123201(7),0,0.6131190061569214,0.7126841373636222,0.6131190061569214,band_end
2_002_20200624_123201(7),1,0.5927247405052185,0.750319929721412,0.5927247405052185,interior
2_002_20200624_123201(7),2,0.6621336340904236,0.5252581570187661,0.6621336340904236,edge
2_002_20200624_123206(2),0,0.6722542643547058,0.6922336516320786,0.6722542643547058,band_end
2_002_20200624_123206(2),1,0.624774158000946,0.6862243966260283,0.624774158000946,interior
2_002_20200624_123206(2),2,0.6617674827575684,0.7459601773593221,0.6617674827575684,edge
2_002_20200624_162708(9),0,0.5599014163017273,0.8289757703264777,0.5599014163017273,band_end
2_002_20200624_162708(9),1,0.6154708862304688,0.897536543221088,0.6154708862304688,interior
2_002_20200624_162708(9),2,0.5928228497505188,0.8261643727828026,0.5928228497505188,edge
2_002_20200624_162713(4),0,0.6060506701469421,0.7340788723844119,0.6060506701469421,band_end
2_002_20200624_162713(4),1,0.6310692429542542,0.7576575588574853,0.6310692429542542,interior
2_002_20200624_162713(4),2,0.6232028007507324,0.7702844563112666,0.6232028007507324,edge
2_002_20200624_162717(9),0,0.7095843553543091,0.7877413964885702,0.7095843553543091,band_end
2_002_20200624_162717(9),1,0.6374163627624512,0.7236693941564227,0.6374163627624512,interior
2_002_20200624_162717(9),2,0.6276766061782837,0.8107757490487022,0.6276766061782837,edge
2_002_20200624_162722(4),0,0.6096518635749817,0.8182506304473431,0.6096518635749817,band_end
2_002_20200624_162722(4),1,0.7032721638679504,0.6922772695183755,0.7032721638679504,interior
2_002_20200624_162722(4),2,0.6632043719291687,0.7095007738457472,0.6632043719291687,edge
2_002_20200624_203111(4),0,0.611070454120636,0.7136129020892509,0.611070454120636,band_end
2_002_20200624_203111(4),1,0.7341521978378296,0.7506286051232091,0.7341521978378296,interior
2_002_20200624_203111(4),2,0.6430367827415466,0.7031910175540509,0.6430367827415466,edge
2_002_20200624_203114(3),0,0.6323227286338806,0.6804824959734194,0.6323227286338806,band_end
2_002_20200624_203114(3),1,0.6724192500114441,0.7331796369573952,0.6724192500114441,interior
2_002_20200624_203114(3),2,0.6378262639045715,0.7105391844268354,0.6378262639045715,edge
2_002_20200624_203117(3),0,0.6107743978500366,0.8147579132193075,0.6107743978500366,band_end
2_002_20200624_203117(3),1,0.6768835186958313,0.6771997636887472,0.6768835186958313,interior
2_002_20200624_203117(3),2,0.6447156667709351,0.8294277594404437,0.6447156667709351,edge
2_002_20200624_203120(3),0,0.6826862096786499,0.63956333069002,0.6826862096786499,band_end
2_002_20200624_203120(3),1,0.6398961544036865,0.6810370280587565,0.6398961544036865,interior
2_002_20200624_203120(3),2,0.6101470589637756,0.7452004667218057,0.6101470589637756,edge
2_002_20200624_203123(3),0,0.617816150188446,0.702028367788062,0.617816150188446,band_end
2_002_20200624_203123(3),1,0.6463619470596313,0.8118070069791147,0.6463619470596313,interior
2_002_20200624_203123(3),2,0.6664925217628479,0.7226373280413663,0.6664925217628479,edge
2_002_20200624_203126(3),0,0.7082632780075073,0.7375252207772091,0.7082632780075073,band_end
2_002_20200624_203126(3),1,0.6908129453659058,0.7750604461769515,0.6908129453659058,interior
2_002_20200624_203126(3),2,0.6531295776367188,0.6718542704430337,0.6531295776367188,edge
2_002_20200625_003352(9),0,0.688355565071106,0.6946199557402618,0.688355565071106,band_end
2_002_20200625_003352(9),1,0.7097641825675964,0.7399318512264944,0.7097641825675964,interior
2_002_20200625_003352(9),2,0.4806564152240753,0.6260586530451281,0.4806564152240753,edge
2_002_20200625_003357(4),0,0.6944839358329773,0.7046903773449562,0.6944839358329773,band_end
2_002_20200625_003357(4),1,0.6554933190345764,0.7272537442246663,0.6554933190345764,interior
2_002_20200625_003357(4),2,0.6840581893920898,0.6264102868748469,0.6840581893920898,edge
2_002_20200625_003401(8),0,0.7146062254905701,0.8121595183006767,0.7146062254905701,band_end
2_002_20200625_003401(8),1,0.6426135301589966,0.7220987092859508,0.6426135301589966,interior
2_002_20200625_003401(8),2,0.6776202321052551,0.6944786152666422,0.6776202321052551,edge
2_002_20200625_003406(3),0,0.6597893834114075,0.6391882089198392,0.6597893834114075,band_end
2_002_20200625_003406(3),1,0.6442923545837402,0.7254102387998393,0.6442923545837402,interior
2_002_20200625_003406(3),2,0.6293233633041382,0.6293237674237976,0.6293233633041382,edge
2_002_20200625_003410(8),0,0.6260044574737549,0.7297710264306381,0.6260044574737549,band_end
2_002_20200625_003410(8),1,0.6911848783493042,0.8069959644549373,0.6911848783493042,interior
2_002_20200625_003410(8),2,0.6885548830032349,0.8125932959302091,0.6885548830032349,edge
2_002_20200625_003415(4),0,0.6916419267654419,0.7225580746152077,0.6916419267654419,band_end
2_002_20200625_003415(4),1,0.6558802723884583,0.5973474719239944,0.6558802723884583,interior
2_002_20200625_003415(4),2,0.6561856269836426,0.7599689599324958,0.6561856269836426,edge
2_002_20200831_163149(1),0,0.7229044437408447,0.5312028231092683,0.7229044437408447,band_end
2_002_20200831_163149(1),1,0.0,0.476336341139211,0.6618755459785461,interior
2_002_20200831_163149(1),2,0.0,0.49982303820339014,0.6534180045127869,edge
2_002_20200831_163150(6),0,0.6771409511566162,0.9072482187727049,0.6771409511566162,band_end
2_002_20200831_163150(6),1,0.616182804107666,0.9226518049882814,0.616182804107666,interior
2_002_20200831_163150(6),2,0.7152814865112305,0.8759056691743968,0.7152814865112305,edge
2_002_20200831_203101(4),0,0.6494543552398682,0.7799548485559518,0.6494543552398682,band_end
2_002_20200831_203101(4),1,0.6103922128677368,0.7284223833186769,0.6103922128677368,interior
2_002_20200831_203101(4),2,0.5753661394119263,0.8302273496703259,0.5753661394119263,edge
2_002_20200831_203105(9),0,0.6625687479972839,0.6345732755682825,0.6625687479972839,band_end
2_002_20200831_203105(9),1,0.6361480355262756,0.6886072719439191,0.6361480355262756,interior
2_002_20200831_203105(9),2,0.6563575863838196,0.7123134848583624,0.6563575863838196,edge
2_002_20200904_230054(2),0,0.6812548637390137,0.8069561615450468,0.6812548637390137,band_end
2_002_20200904_230054(2),1,0.6801494359970093,0.8036462233297611,0.6801494359970093,interior
2_002_20200904_230054(2),2,0.6255771517753601,0.7548138045936807,0.6255771517753601,edge
2_002_20200904_230057(6),0,0.6406759023666382,0.6960583190162641,0.6406759023666382,band_end
2_002_20200904_230057(6),1,0.6520780324935913,0.8165298400864218,0.6520780324935913,interior
2_002_20200904_230057(6),2,0.6856393814086914,0.7660726949541466,0.6856393814086914,edge
2_002_20200904_230105(4),0,0.6672589182853699,0.6677089162707206,0.6672589182853699,band_end
2_002_20200904_230105(4),1,0.6877295970916748,0.6937672240703199,0.6877295970916748,interior
2_002_20200904_230105(4),2,0.7032211422920227,0.7105685812843079,0.7032211422920227,edge
2_002_20200905_003315(2),0,0.6773234009742737,0.8207216724441156,0.6773234009742737,band_end
2_002_20200905_003315(2),1,0.6460241675376892,0.8466179439449317,0.6460241675376892,interior
2_002_20200905_003315(2),2,0.648329496383667,0.8311142819313079,0.648329496383667,edge
2_002_20200905_003319(2),0,0.6366191506385803,0.6882359724992693,0.6366191506385803,band_end
2_002_20200905_003319(2),1,0.6071075201034546,0.7680959613729236,0.6071075201034546,interior
2_002_20200905_003319(2),2,0.6337764263153076,0.7806544307141492,0.6337764263153076,edge
2_002_20200905_003323(3),0,0.6803611516952515,0.8110278382641568,0.6803611516952515,band_end
2_002_20200905_003323(3),1,0.6451042890548706,0.8805378334374315,0.6451042890548706,interior
2_002_20200905_003323(3),2,0.6423512101173401,0.8711106566354176,0.6423512101173401,edge
2_002_20200905_003327(3),0,0.6577935218811035,0.8580133374761139,0.6577935218811035,band_end
2_002_20200905_003327(3),1,0.6347334384918213,0.831894273937138,0.6347334384918213,interior
2_002_20200905_003327(3),2,0.6469191312789917,0.8334006168551372,0.6469191312789917,edge
2_002_20200905_003331(2),0,0.6760815382003784,0.745762183693445,0.6760815382003784,band_end
2_002_20200905_003331(2),1,0.6304829120635986,0.747412117852766,0.6304829120635986,interior
2_002_20200905_003331(2),2,0.651118278503418,0.6924331943555239,0.651118278503418,edge
2_002_20200905_003335(3),0,0.6692219376564026,0.8734291081879474,0.6692219376564026,band_end
2_002_20200905_003335(3),1,0.6699974536895752,0.8843616787734699,0.6699974536895752,interior
2_002_20200905_003335(3),2,0.6708369255065918,0.8440921226030307,0.6708369255065918,edge
2_002_20200905_043156(0),0,0.7281297445297241,0.6749471869553945,0.7281297445297241,band_end
2_002_20200905_043156(0),1,0.617901623249054,0.75208205501456,0.617901623249054,interior
2_002_20200905_043156(0),2,0.6042749881744385,0.7398038489872054,0.6042749881744385,edge
2_002_20200905_043200(0),0,0.6521451473236084,0.6116719037048655,0.6521451473236084,band_end
2_002_20200905_043200(0),1,0.6378695964813232,0.6739874694471372,0.6378695964813232,interior
2_002_20200905_043200(0),2,0.6705729961395264,0.7223957742498281,0.6705729961395264,edge
2_002_20200905_043204(0),0,0.6435307264328003,0.6789098900379774,0.6435307264328003,band_end
2_002_20200905_043204(0),1,0.6333595514297485,0.750465498226681,0.6333595514297485,interior
2_002_20200905_043204(0),2,0.7396849989891052,0.7778676505868047,0.7396849989891052,edge
2_002_20200905_043208(0),0,0.6306495666503906,0.5805347016720893,0.6306495666503906,band_end
2_002_20200905_043208(0),1,0.6421739459037781,0.6367077536175615,0.6421739459037781,interior
2_002_20200905_043208(0),2,0.6283689737319946,0.6281145168903852,0.6283689737319946,edge
2_002_20200905_043212(1),0,0.7361335158348083,0.5580694004973108,0.7361335158348083,band_end
2_002_20200905_043212(1),1,0.660640299320221,0.59683210489994,0.660640299320221,interior
2_002_20200905_043212(1),2,0.6761462688446045,0.6257059850135016,0.6761462688446045,edge
2_002_20200905_043216(0),0,0.6417703032493591,0.8225265480759517,0.6417703032493591,band_end
2_002_20200905_043216(0),1,0.6563571691513062,0.7900376233049184,0.6563571691513062,interior
2_002_20200905_043216(0),2,0.6316198706626892,0.769014621251922,0.6316198706626892,edge
2_002_20200905_083407(3),0,0.6764485836029053,0.6809667867782969,0.6764485836029053,band_end
2_002_20200905_083407(3),1,0.6602622270584106,0.7257807222889642,0.6602622270584106,interior
2_002_20200905_083407(3),2,0.683481752872467,0.7397037875040305,0.683481752872467,edge
2_002_20200905_083410(5),0,0.7212544083595276,0.8567280611646337,0.7212544083595276,band_end
2_002_20200905_083410(5),1,0.6773220896720886,0.8224675148828156,0.6773220896720886,interior
2_002_20200905_083410(5),2,0.669366180896759,0.8051760019420884,0.669366180896759,edge
2_002_20200905_083413(6),0,0.6764476299285889,0.5056453095732505,0.6764476299285889,band_end
2_002_20200905_083413(6),1,0.6774347424507141,0.5093316666966347,0.6774347424507141,interior
2_002_20200905_083413(6),2,0.5940361022949219,0.5912578970963998,0.5940361022949219,edge
2_002_20200905_083416(3),0,0.6377531290054321,0.618956570416602,0.6377531290054321,band_end
2_002_20200905_083416(3),1,0.6907556653022766,0.6695730121602135,0.6907556653022766,interior
2_002_20200905_083416(3),2,0.6700713038444519,0.6964887641721896,0.6700713038444519,edge
2_002_20200905_083419(3),0,0.6403814554214478,0.6241114397284058,0.6403814554214478,band_end
2_002_20200905_083419(3),1,0.6383868455886841,0.6757180790456143,0.6383868455886841,interior
2_002_20200905_083419(3),2,0.6836639642715454,0.6837750553189592,0.6836639642715454,edge
2_002_20200905_083422(4),0,0.6326990127563477,0.8714002645732081,0.6326990127563477,band_end
2_002_20200905_083422(4),1,0.6393287181854248,0.8857762241385362,0.6393287181854248,interior
2_002_20200905_083422(4),2,0.682502806186676,0.8277030752745507,0.682502806186676,edge
2_002_20200905_123055(0),0,0.0,0.4803233340309807,0.6496474742889404,band_end
2_002_20200905_123055(0),1,0.652865469455719,0.5445164061479806,0.652865469455719,interior
2_002_20200905_123055(0),2,0.6525062322616577,0.5266294620426007,0.6525062322616577,edge
2_002_20200905_123058(4),0,0.6260198354721069,0.6456944425545836,0.6260198354721069,band_end
2_002_20200905_123058(4),1,0.6558424234390259,0.7226856443553101,0.6558424234390259,interior
2_002_20200905_123058(4),2,0.6895819306373596,0.5785492386180462,0.6895819306373596,edge
2_002_20200905_123102(0),0,0.6948188543319702,0.5337620622114381,0.6948188543319702,band_end
2_002_20200905_123102(0),1,0.616611659526825,0.6342759558747205,0.616611659526825,interior
2_002_20200905_123102(0),2,0.6252840757369995,0.5616166525240506,0.6252840757369995,edge
2_002_20200905_123105(0),0,0.6211236715316772,0.6979271962710101,0.6211236715316772,band_end
2_002_20200905_123105(0),1,0.6254974007606506,0.6971428249390912,0.6254974007606506,interior
2_002_20200905_123105(0),2,0.63323575258255,0.6886705217528484,0.63323575258255,edge
2_002_20200905_123108(4),0,0.6616777777671814,0.7826719493588018,0.6616777777671814,band_end
2_002_20200905_123108(4),1,0.6712244153022766,0.7569054405894818,0.6712244153022766,interior
2_002_20200905_123108(4),2,0.6354661583900452,0.7929067338174418,0.6354661583900452,edge
2_002_20200905_123112(0),0,0.6386282444000244,0.6317133558604006,0.6386282444000244,band_end
2_002_20200905_123112(0),1,0.6178179979324341,0.7421252799228589,0.6178179979324341,interior
2_002_20200905_123112(0),2,0.6250157356262207,0.7539001194502575,0.6250157356262207,edge
2_002_20200905_163922(9),0,0.6381266713142395,0.5880899068298286,0.6381266713142395,band_end
2_002_20200905_163922(9),1,0.6314630508422852,0.5947693330114239,0.6314630508422852,interior
2_002_20200905_163922(9),2,0.6470666527748108,0.5937755214678211,0.6470666527748108,edge
2_002_20200905_163926(4),0,0.6414258480072021,0.7931585560581281,0.6414258480072021,band_end
2_002_20200905_163926(4),1,0.6576868295669556,0.8018015624114481,0.6576868295669556,interior
2_002_20200905_163926(4),2,0.60277259349823,0.7280320689770688,0.60277259349823,edge
2_002_20200905_163929(7),0,0.6393481492996216,0.6602184387254183,0.6393481492996216,band_end
2_002_20200905_163929(7),1,0.6282546520233154,0.6917816772322318,0.6282546520233154,interior
2_002_20200905_163929(7),2,0.662930428981781,0.759665526252845,0.662930428981781,edge
2_002_20200905_163932(9),0,0.6664029955863953,0.8446808001504416,0.6664029955863953,band_end
2_002_20200905_163932(9),1,0.637558102607727,0.8454725338955574,0.637558102607727,interior
2_002_20200905_163932(9),2,0.7439980506896973,0.844662594352559,0.7439980506896973,edge
2_002_20200905_163936(2),0,0.6815907955169678,0.8145432887046848,0.6815907955169678,band_end
2_002_20200905_163936(2),1,0.6472504734992981,0.8632559413544845,0.6472504734992981,interior
2_002_20200905_163936(2),2,0.6296314597129822,0.8978666279232752,0.6296314597129822,edge
2_002_20200905_163939(7),0,0.6561931371688843,0.6130124188972356,0.6561931371688843,band_end
2_002_20200905_163939(7),1,0.6613410115242004,0.6489591503062627,0.6613410115242004,interior
2_002_20200905_163939(7),2,0.6790088415145874,0.6343574510145756,0.6790088415145874,edge
2_002_20200905_204033(3),0,0.6230165362358093,0.7139818382314159,0.6230165362358093,band_end
2_002_20200905_204033(3),1,0.6573355197906494,0.6893848167137092,0.6573355197906494,interior
2_002_20200905_204033(3),2,0.6575613617897034,0.7189629425999319,0.6575613617897034,edge
2_002_20200905_204039(5),0,0.6704000234603882,0.8830149285070149,0.6704000234603882,band_end
2_002_20200905_204039(5),1,0.6078109741210938,0.8524839300967985,0.6078109741210938,interior
2_002_20200905_204039(5),2,0.6764116287231445,0.8435561573401461,0.6764116287231445,edge
2_002_20200905_204042(9),0,0.6890795826911926,0.550178735999571,0.6890795826911926,band_end
2_002_20200905_204042(9),1,0.6078524589538574,0.5382658731742018,0.6078524589538574,interior
2_002_20200905_204042(9),2,0.6342784762382507,0.6750170800561256,0.6342784762382507,edge
2_002_20200905_204046(0),0,0.6683857440948486,0.5880894474574121,0.6683857440948486,band_end
2_002_20200905_204046(0),1,0.6347092986106873,0.6860704651480177,0.6347092986106873,interior
2_002_20200905_204046(0),2,0.6567361950874329,0.6942436796375301,0.6567361950874329,edge
2_002_20200905_204049(1),0,0.6330465078353882,0.5274817699300538,0.6330465078353882,band_end
2_002_20200905_204049(1),1,0.6362648010253906,0.5301370420936969,0.6362648010253906,interior
2_002_20200905_204049(1),2,0.6567635536193848,0.5293492545131524,0.6567635536193848,edge
2_002_20200905_204052(3),0,0.6444154977798462,0.5671764791292936,0.6444154977798462,band_end
2_002_20200905_204052(3),1,0.6267328858375549,0.6154981962507864,0.6267328858375549,interior
2_002_20200905_204052(3),2,0.6494855284690857,0.666785190839198,0.6494855284690857,edge
2_002_20200906_003114(0),0,0.6926750540733337,0.7442125119849043,0.6926750540733337,band_end
2_002_20200906_003114(0),1,0.6353549361228943,0.7703837244430346,0.6353549361228943,interior
2_002_20200906_003114(0),2,0.6351375579833984,0.7847267359498337,0.6351375579833984,edge
2_002_20200906_003117(3),0,0.6589174270629883,0.5864830945678942,0.6589174270629883,band_end
2_002_20200906_003117(3),1,0.6403416991233826,0.6259491367011585,0.6403416991233826,interior
2_002_20200906_003117(3),2,0.6619573831558228,0.6423727133570151,0.6619573831558228,edge
2_002_20200906_003120(8),0,0.6629356741905212,0.7221006448123443,0.6629356741905212,band_end
2_002_20200906_003120(8),1,0.6351177096366882,0.7631297078248312,0.6351177096366882,interior
2_002_20200906_003120(8),2,0.6351088285446167,0.8086889466301268,0.6351088285446167,edge
2_002_20200906_003124(0),0,0.7041527032852173,0.7106336343621904,0.7041527032852173,band_end
2_002_20200906_003124(0),1,0.6229648590087891,0.6887318898538991,0.6229648590087891,interior
2_002_20200906_003124(0),2,0.6000949144363403,0.6937852815605288,0.6000949144363403,edge
2_002_20200906_003127(3),0,0.6828675866127014,0.7174010646323636,0.6828675866127014,band_end
2_002_20200906_003127(3),1,0.6593203544616699,0.7371922297318523,0.6593203544616699,interior
2_002_20200906_003127(3),2,0.6678072810173035,0.7477566446511175,0.6678072810173035,edge
2_002_20200906_003130(7),0,0.7199648022651672,0.8335385242455382,0.7199648022651672,band_end
2_002_20200906_003130(7),1,0.663467288017273,0.7396314309187644,0.663467288017273,interior
2_002_20200906_003130(7),2,0.7402604222297668,0.7488730324433137,0.7402604222297668,edge
3_001_20200622_203305(8),0,0.6410649418830872,0.741838951970663,0.6410649418830872,band_end
3_001_20200622_203305(8),1,0.5844799280166626,0.5154920981150891,0.5844799280166626,interior
3_001_20200622_203305(8),2,0.593798816204071,0.5698525459023203,0.593798816204071,edge
3_001_20200622_203309(1),0,0.5467004776000977,0.6034214173555418,0.5467004776000977,band_end
3_001_20200622_203309(1),1,0.6278386116027832,0.5723326215786446,0.6278386116027832,interior
3_001_20200622_203309(1),2,0.5812373757362366,0.7138472884710021,0.5812373757362366,edge
3_001_20200622_203312(6),0,0.629112958908081,0.8520395989287357,0.629112958908081,band_end
3_001_20200622_203312(6),1,0.6329956650733948,0.8182666733248859,0.6329956650733948,interior
3_001_20200622_203312(6),2,0.5991489887237549,0.799732420150059,0.5991489887237549,edge
3_001_20200622_203316(0),0,0.0,0.4931355851993544,0.6418067216873169,band_end
3_001_20200622_203316(0),1,0.0,0.47326201035583393,0.622637927532196,interior
3_001_20200622_203316(0),2,0.5854573845863342,0.7766374786468613,0.5854573845863342,edge
3_001_20200622_203319(4),0,0.6399573683738708,0.7192356567586564,0.6399573683738708,band_end
3_001_20200622_203319(4),1,0.5996363759040833,0.7251794643262801,0.5996363759040833,interior
3_001_20200622_203319(4),2,0.6562057137489319,0.628366509552539,0.6562057137489319,edge
3_001_20200622_203330(3),0,0.6515470147132874,0.789076159027301,0.6515470147132874,band_end
3_001_20200622_203330(3),1,0.6217867136001587,0.6015397087475899,0.6217867136001587,interior
3_001_20200622_203330(3),2,0.6447715163230896,0.5938135117715294,0.6447715163230896,edge
3_001_20200623_003516(8),0,0.6145515441894531,0.787231166613748,0.6145515441894531,band_end
3_001_20200623_003516(8),1,0.6758236289024353,0.8477780174179367,0.6758236289024353,interior
3_001_20200623_003516(8),2,0.6308321356773376,0.8404757746003569,0.6308321356773376,edge
3_001_20200623_003520(5),0,0.6597646474838257,0.6844457012512258,0.6597646474838257,band_end
3_001_20200623_003520(5),1,0.6558583378791809,0.8104535656051837,0.6558583378791809,interior
3_001_20200623_003520(5),2,0.639224112033844,0.7406068262084158,0.639224112033844,edge
3_001_20200623_003524(0),0,0.6643229722976685,0.6781021960041246,0.6643229722976685,band_end
3_001_20200623_003524(0),1,0.6404643058776855,0.7617221316870522,0.6404643058776855,interior
3_001_20200623_003524(0),2,0.6347377896308899,0.6882559901704552,0.6347377896308899,edge
3_001_20200623_003529(0),0,0.5996960401535034,0.786068609421358,0.5996960401535034,band_end
3_001_20200623_003529(0),1,0.6233409643173218,0.8737371664023613,0.6233409643173218,interior
3_001_20200623_003529(0),2,0.6183212399482727,0.9452026653877581,0.6183212399482727,edge
3_001_20200623_003532(5),0,0.6509154438972473,0.7493002675785011,0.6509154438972473,band_end
3_001_20200623_003532(5),1,0.6545404195785522,0.704988692605408,0.6545404195785522,interior
3_001_20200623_003532(5),2,0.5610315203666687,0.6172856382022501,0.5610315203666687,edge
3_001_20200623_003536(0),0,0.6852529644966125,0.6039650807746284,0.6852529644966125,band_end
3_001_20200623_003536(0),1,0.5792242884635925,0.5641443737316623,0.5792242884635925,interior
3_001_20200623_003536(0),2,0.5973117351531982,0.6245712435537435,0.5973117351531982,edge
3_001_20200623_043227(1),0,0.6059385538101196,0.7685861875900125,0.6059385538101196,band_end
3_001_20200623_043227(1),1,0.6345242857933044,0.6915325531736016,0.6345242857933044,interior
3_001_20200623_043227(1),2,0.610170304775238,0.7004457915181806,0.610170304775238,edge
3_001_20200623_043231(6),0,0.6187456250190735,0.8582784004359031,0.6187456250190735,band_end
3_001_20200623_043231(6),1,0.5649620294570923,0.7325433834729851,0.5649620294570923,interior
3_001_20200623_043231(6),2,0.655392587184906,0.8395859641052138,0.655392587184906,edge
3_001_20200623_043236(1),0,0.6278016567230225,0.8781756046353171,0.6278016567230225,band_end
3_001_20200623_043236(1),1,0.609581470489502,0.770797810196219,0.609581470489502,interior
3_001_20200623_043236(1),2,0.6404196619987488,0.6277400345532791,0.6404196619987488,edge
3_001_20200623_043240(6),0,0.6395756602287292,0.7361411525774721,0.6395756602287292,band_end
3_001_20200623_043240(6),1,0.6441516876220703,0.7556759846468144,0.6441516876220703,interior
3_001_20200623_043240(6),2,0.6599612236022949,0.8748530726893778,0.6599612236022949,edge
3_001_20200623_043245(2),0,0.637683629989624,0.8111640630146844,0.637683629989624,band_end
3_001_20200623_043245(2),1,0.6364314556121826,0.8445212108741212,0.6364314556121826,interior
3_001_20200623_043245(2),2,0.6116825938224792,0.6021677365003175,0.6116825938224792,edge
3_001_20200623_043249(6),0,0.6340441107749939,0.58919009733332,0.6340441107749939,band_end
3_001_20200623_043249(6),1,0.6313841938972473,0.6661125542568056,0.6313841938972473,interior
3_001_20200623_043249(6),2,0.6401665210723877,0.7694196954360115,0.6401665210723877,edge
3_001_20200623_082407(9),0,0.6169854998588562,0.753722287702178,0.6169854998588562,band_end
3_001_20200623_082407(9),1,0.611251711845398,0.6031527600258813,0.611251711845398,interior
3_001_20200623_082407(9),2,0.6652995944023132,0.6308274095719681,0.6652995944023132,edge
3_001_20200623_082411(0),0,0.6362426280975342,0.7479096133866802,0.6362426280975342,band_end
3_001_20200623_082411(0),1,0.6326113343238831,0.7430775631178687,0.6326113343238831,interior
3_001_20200623_082411(0),2,0.628962516784668,0.8438942038532409,0.628962516784668,edge
3_001_20200623_082414(1),0,0.0,0.4677305750499537,0.6406847238540649,band_end
3_001_20200623_082414(1),1,0.6561506390571594,0.6350207009104353,0.6561506390571594,interior
3_001_20200623_082414(1),2,0.6788627505302429,0.6425160471579349,0.6788627505302429,edge
3_001_20200623_082416(7),0,0.6231806874275208,0.7598868645268303,0.6231806874275208,band_end
3_001_20200623_082416(7),1,0.6447204947471619,0.5650423269205117,0.6447204947471619,interior
3_001_20200623_082416(7),2,0.0,0.43854274344722566,0.6112030148506165,edge
3_001_20200623_082419(6),0,0.6205971240997314,0.7334703426652568,0.6205971240997314,band_end
3_001_20200623_082419(6),1,0.588068962097168,0.8052906045077729,0.588068962097168,interior
3_001_20200623_082419(6),2,0.5920896530151367,0.7122118769192047,0.5920896530151367,edge
3_001_20200623_082422(5),0,0.688132643699646,0.6650739989323728,0.688132643699646,band_end
3_001_20200623_082422(5),1,0.5911906957626343,0.7618065422606257,0.5911906957626343,interior
3_001_20200623_082422(5),2,0.605459451675415,0.7135472117544401,0.605459451675415,edge
3_001_20200623_123214(3),0,0.6102392673492432,0.6115516256807034,0.6102392673492432,band_end
3_001_20200623_123214(3),1,0.604136049747467,0.6350051067934172,0.604136049747467,interior
3_001_20200623_123214(3),2,0.6362928152084351,0.6092822411323964,0.6362928152084351,edge
3_001_20200623_123223(3),0,0.6108701229095459,0.758090206119355,0.6108701229095459,band_end
3_001_20200623_123223(3),1,0.6303139925003052,0.7383014150305415,0.6303139925003052,interior
3_001_20200623_123223(3),2,0.5862584710121155,0.5365022768298964,0.5862584710121155,edge
3_001_20200623_123232(3),0,0.6617449522018433,0.6329978053981044,0.6617449522018433,band_end
3_001_20200623_123232(3),1,0.5995481014251709,0.7416504034254439,0.5995481014251709,interior
3_001_20200623_123232(3),2,0.6044814586639404,0.699633828416638,0.6044814586639404,edge
3_001_20200623_123236(9),0,0.6403365731239319,0.6741852933002573,0.6403365731239319,band_end
3_001_20200623_123236(9),1,0.6101062893867493,0.5582501214783826,0.6101062893867493,interior
3_001_20200623_123236(9),2,0.6058490872383118,0.6792497935311371,0.6058490872383118,edge
3_001_20200623_123241(3),0,0.6156107783317566,0.7290715623156747,0.6156107783317566,band_end
3_001_20200623_123241(3),1,0.6050423383712769,0.7419554224967599,0.6050423383712769,interior
3_001_20200623_123241(3),2,0.6114053726196289,0.7338248439951212,0.6114053726196289,edge
3_001_20200623_123245(8),0,0.6593495607376099,0.6403244775968062,0.6593495607376099,band_end
3_001_20200623_123245(8),1,0.6284547448158264,0.8056436919889797,0.6284547448158264,interior
3_001_20200623_123245(8),2,0.6152118444442749,0.6922350513872868,0.6152118444442749,edge
3_001_20200623_163159(5),0,0.6333120465278625,0.6446631133997645,0.6333120465278625,band_end
3_001_20200623_163159(5),1,0.631499171257019,0.5154392695153028,0.631499171257019,interior
3_001_20200623_163159(5),2,0.5950198769569397,0.6028754533514259,0.5950198769569397,edge
3_001_20200623_163209(3),0,0.5841174125671387,0.6444123027136638,0.5841174125671387,band_end
3_001_20200623_163209(3),1,0.0,0.48984120527256003,0.6297733187675476,interior
3_001_20200623_163209(3),2,0.5821027159690857,0.5003688194902217,0.5821027159690857,edge
3_001_20200623_163212(9),0,0.637255072593689,0.796571610324649,0.637255072593689,band_end
3_001_20200623_163212(9),1,0.6212846040725708,0.7905354182129147,0.6212846040725708,interior
3_001_20200623_163212(9),2,0.5772160291671753,0.7637826589290236,0.5772160291671753,edge
3_001_20200623_163216(2),0,0.6444403529167175,0.7003002749383449,0.6444403529167175,band_end
3_001_20200623_163216(2),1,0.6458215713500977,0.7624299041525157,0.6458215713500977,interior
3_001_20200623_163216(2),2,0.6613292098045349,0.7193465461744225,0.6613292098045349,edge
3_001_20200623_163219(5),0,0.6053633093833923,0.7201318529005671,0.6053633093833923,band_end
3_001_20200623_163219(5),1,0.6336590051651001,0.7743200614525495,0.6336590051651001,interior
3_001_20200623_163219(5),2,0.6467642784118652,0.778492739843712,0.6467642784118652,edge
3_001_20200623_163222(9),0,0.6506741046905518,0.7276918231920483,0.6506741046905518,band_end
3_001_20200623_163222(9),1,0.6415719389915466,0.8130228205457245,0.6415719389915466,interior
3_001_20200623_163222(9),2,0.6117004752159119,0.7737896564600756,0.6117004752159119,edge
3_001_20200623_203217(4),0,0.6343668103218079,0.6325368299875627,0.6343668103218079,band_end
3_001_20200623_203217(4),1,0.6321609020233154,0.6049170327287268,0.6321609020233154,interior
3_001_20200623_203217(4),2,0.644405722618103,0.6916520045581585,0.644405722618103,edge
3_001_20200623_203222(0),0,0.6278355717658997,0.6766096663625835,0.6278355717658997,band_end
3_001_20200623_203222(0),1,0.6760018467903137,0.680599915387011,0.6760018467903137,interior
3_001_20200623_203222(0),2,0.6054683923721313,0.6866776104540909,0.6054683923721313,edge
3_001_20200623_203226(3),0,0.6445886492729187,0.6632644048589091,0.6445886492729187,band_end
3_001_20200623_203226(3),1,0.5941305756568909,0.6903053651149399,0.5941305756568909,interior
3_001_20200623_203226(3),2,0.6423701643943787,0.8062741742375529,0.6423701643943787,edge
3_001_20200623_203230(9),0,0.661149263381958,0.6502352656727013,0.661149263381958,band_end
3_001_20200623_203230(9),1,0.6136298179626465,0.7201004868038331,0.6136298179626465,interior
3_001_20200623_203230(9),2,0.5990090370178223,0.7697550485488729,0.5990090370178223,edge
3_001_20200623_203235(3),0,0.6655759215354919,0.7008579397990968,0.6655759215354919,band_end
3_001_20200623_203235(3),1,0.6435738205909729,0.7240326117198119,0.6435738205909729,interior
3_001_20200623_203235(3),2,0.6529371738433838,0.7097360438888872,0.6529371738433838,edge
3_001_20200623_203247(5),0,0.6203656792640686,0.6187613894115203,0.6203656792640686,band_end
3_001_20200623_203247(5),1,0.5817083716392517,0.600996394514852,0.5817083716392517,interior
3_001_20200623_203247(5),2,0.6245991587638855,0.7152470545646707,0.6245991587638855,edge
3_001_20200624_003240(4),0,0.6159077286720276,0.7068938894627913,0.6159077286720276,band_end
3_001_20200624_003240(4),1,0.6108654737472534,0.753974628392566,0.6108654737472534,interior
3_001_20200624_003240(4),2,0.6343882083892822,0.7238105367213907,0.6343882083892822,edge
3_001_20200624_003244(2),0,0.600142240524292,0.771344058537999,0.600142240524292,band_end
3_001_20200624_003244(2),1,0.6656873226165771,0.6318893689637605,0.6656873226165771,interior
3_001_20200624_003244(2),2,0.6446934342384338,0.5734502561977612,0.6446934342384338,edge
3_001_20200624_003247(7),0,0.0,0.45268639477767925,0.6057513952255249,band_end
3_001_20200624_003247(7),1,0.0016057909233495593,0.6691347827432433,0.6759465932846069,interior
3_001_20200624_003247(7),2,0.0,0.4743951275540053,0.5856186151504517,edge
3_001_20200624_003251(1),0,0.6032775044441223,0.7838114336246313,0.6032775044441223,band_end
3_001_20200624_003251(1),1,0.6384353041648865,0.7824685020634552,0.6384353041648865,interior
3_001_20200624_003251(1),2,0.6753398180007935,0.665426342714844,0.6753398180007935,edge
3_001_20200624_003254(3),0,0.6531867384910583,0.7614722581476342,0.6531867384910583,band_end
3_001_20200624_003254(3),1,0.5987421274185181,0.7076737059072464,0.5987421274185181,interior
3_001_20200624_003254(3),2,0.672073245048523,0.5876446320533952,0.672073245048523,edge
3_001_20200624_003303(5),0,0.0,0.4081248256158741,0.6030306220054626,band_end
3_001_20200624_003303(5),1,0.004600280895829201,0.5187516692206654,0.6589637398719788,interior
3_001_20200624_003303(5),2,0.6545450687408447,0.6027119250269607,0.6545450687408447,edge
3_001_20200624_043315(2),0,0.6098360419273376,0.7443480663574659,0.6098360419273376,band_end
3_001_20200624_043315(2),1,0.6563178896903992,0.7054524273396685,0.6563178896903992,interior
3_001_20200624_043315(2),2,0.6354047656059265,0.749006683484484,0.6354047656059265,edge
3_001_20200624_043324(2),0,0.5119965076446533,0.6101411197035678,0.5119965076446533,band_end
3_001_20200624_043324(2),1,0.6438876986503601,0.7715433468516191,0.6438876986503601,interior
3_001_20200624_043324(2),2,0.6446191072463989,0.5474011395087776,0.6446191072463989,edge
3_001_20200624_043328(7),0,0.6242070198059082,0.5828467178279432,0.6242070198059082,band_end
3_001_20200624_043328(7),1,0.6582508683204651,0.5408248987765266,0.6582508683204651,interior
3_001_20200624_043328(7),2,0.0,0.4763991526150812,0.635736346244812,edge
3_001_20200624_043333(2),0,0.0,0.46582837483352596,0.6214397549629211,band_end
3_001_20200624_043333(2),1,0.0,0.4464549597430278,0.6588085293769836,interior
3_001_20200624_043333(2),2,0.6755889654159546,0.5372379214646151,0.6755889654159546,edge
3_001_20200624_043337(8),0,0.6206671595573425,0.5894884718249419,0.6206671595573425,band_end
3_001_20200624_043337(8),1,0.0,0.48859805199115824,0.6666855216026306,interior
3_001_20200624_043337(8),2,0.7140299677848816,0.5081749475405862,0.7140299677848816,edge
3_001_20200624_043349(7),0,0.6413537859916687,0.7028644380727738,0.6413537859916687,band_end
3_001_20200624_043349(7),1,0.7085624933242798,0.5182813238227807,0.7085624933242798,interior
3_001_20200624_043349(7),2,0.0030499263666570187,0.6003099419807808,0.6611233949661255,edge
3_001_20200624_083150(7),0,0.6870077252388,0.5946622206471287,0.6870077252388,band_end
3_001_20200624_083150(7),1,0.6019214987754822,0.6013270678563355,0.6019214987754822,interior
3_001_20200624_083150(7),2,0.6437607407569885,0.5780209501050582,0.6437607407569885,edge
3_001_20200624_083153(8),0,0.621782660484314,0.629761158232833,0.621782660484314,band_end
3_001_20200624_083153(8),1,0.6720299124717712,0.6573020379065406,0.6720299124717712,interior
3_001_20200624_083153(8),2,0.6241631507873535,0.5651353809107504,0.6241631507873535,edge
3_001_20200624_083156(9),0,0.6919882297515869,0.5853217670637497,0.6919882297515869,band_end
3_001_20200624_083156(9),1,0.6694143414497375,0.5141539732692764,0.6694143414497375,interior
3_001_20200624_083156(9),2,0.00878878217190504,0.6286937982664239,0.647997260093689,edge
3_001_20200624_083159(6),0,0.652723491191864,0.5655956042657121,0.652723491191864,band_end
3_001_20200624_083159(6),1,0.6459883451461792,0.562188903844639,0.6459883451461792,interior
3_001_20200624_083159(6),2,0.5946083068847656,0.579718385528277,0.5946083068847656,edge
3_001_20200624_083202(6),0,0.0,0.2697320987470448,0.5462380051612854,band_end
3_001_20200624_083202(6),1,0.0,0.27485312161346276,0.6924038529396057,interior
3_001_20200624_083202(6),2,0.6184428334236145,0.5892833665299874,0.6184428334236145,edge
3_001_20200624_083205(7),0,0.0016760077560320497,0.6028633132056498,0.682758092880249,band_end
3_001_20200624_083205(7),1,0.6777274012565613,0.5534195992182575,0.6777274012565613,interior
3_001_20200624_083205(7),2,0.6150816679000854,0.7183772444846054,0.6150816679000854,edge
3_001_20200624_123313(4),0,0.0,0.4975425393816314,0.6256588101387024,band_end
3_001_20200624_123313(4),1,0.6797197461128235,0.6021261197714401,0.6797197461128235,interior
3_001_20200624_123313(4),2,0.6101992726325989,0.5609742164852102,0.6101992726325989,edge
3_001_20200624_123317(8),0,0.0023956571239978075,0.7778603405733989,0.5800597667694092,band_end
3_001_20200624_123317(8),1,0.6885522603988647,0.6611564184927218,0.6885522603988647,interior
3_001_20200624_123317(8),2,0.6718782782554626,0.5521226932586697,0.6718782782554626,edge
3_001_20200624_123322(3),0,0.00224920897744596,0.5882977350743853,0.5937486290931702,band_end
3_001_20200624_123322(3),1,0.0,0.49141907139918267,0.6369867324829102,interior
3_001_20200624_123322(3),2,0.5918831825256348,0.5930981271786198,0.5918831825256348,edge
3_001_20200624_123326(6),0,0.4220527410507202,0.5638857293812619,0.4220527410507202,band_end
3_001_20200624_123326(6),1,0.7014868259429932,0.6145263636761703,0.7014868259429932,interior
3_001_20200624_123326(6),2,0.6231644749641418,0.5767931253800083,0.6231644749641418,edge
3_001_20200624_123331(2),0,0.0032200682908296585,0.6151836012823005,0.5225715637207031,band_end
3_001_20200624_123331(2),1,0.641054093837738,0.683270835176809,0.641054093837738,interior
3_001_20200624_123331(2),2,0.0,0.4330174428920738,0.6313909888267517,edge
3_001_20200624_123335(6),0,0.6536999344825745,0.5265633495852983,0.6536999344825745,band_end
3_001_20200624_123335(6),1,0.6402832269668579,0.6438276222130179,0.6402832269668579,interior
3_001_20200624_123335(6),2,0.0015882266452535987,0.7337081323907424,0.6089222431182861,edge
3_001_20200624_162816(3),0,0.6113100647926331,0.6007318522436146,0.6113100647926331,band_end
3_001_20200624_162816(3),1,0.0,0.4676983960380312,0.6924671530723572,interior
3_001_20200624_162816(3),2,0.6793429851531982,0.5058501896603654,0.6793429851531982,edge
3_001_20200624_162821(2),0,0.5555145740509033,0.7264723799504962,0.5555145740509033,band_end
3_001_20200624_162821(2),1,0.6427667737007141,0.6765735331088065,0.6427667737007141,interior
3_001_20200624_162821(2),2,0.6254189610481262,0.6885084434487889,0.6254189610481262,edge
3_001_20200624_162831(2),0,0.620875895023346,0.5694626449646117,0.620875895023346,band_end
3_001_20200624_162831(2),1,0.0038793692365288734,0.5004832063402448,0.6668426990509033,interior
3_001_20200624_162831(2),2,0.5808824300765991,0.5493867338832038,0.5808824300765991,edge
3_001_20200624_162835(8),0,0.5989122986793518,0.5726827797875274,0.5989122986793518,band_end
3_001_20200624_162835(8),1,0.6344915628433228,0.6873214017610006,0.6344915628433228,interior
3_001_20200624_162835(8),2,0.6879414319992065,0.6980369893400665,0.6879414319992065,edge
3_001_20200624_203149(7),0,0.5153085589408875,0.6007907067004838,0.5153085589408875,band_end
3_001_20200624_203149(7),1,0.6409747004508972,0.6748218980639573,0.6409747004508972,interior
3_001_20200624_203149(7),2,0.6625806093215942,0.5635773812626271,0.6625806093215942,edge
3_001_20200624_203154(3),0,0.648472011089325,0.7338002818114646,0.648472011089325,band_end
3_001_20200624_203154(3),1,0.6487053632736206,0.5724844574528422,0.6487053632736206,interior
3_001_20200624_203154(3),2,0.6751419901847839,0.6077256857979868,0.6751419901847839,edge
3_001_20200624_203203(1),0,0.6085798740386963,0.565105410763523,0.6085798740386963,band_end
3_001_20200624_203203(1),1,0.5793569684028625,0.6712204406041992,0.5793569684028625,interior
3_001_20200624_203203(1),2,0.6203768253326416,0.7657674099448033,0.6203768253326416,edge
3_001_20200624_203207(8),0,0.6988651156425476,0.6362623981069024,0.6988651156425476,band_end
3_001_20200624_203207(8),1,0.619853138923645,0.7249263668254344,0.619853138923645,interior
3_001_20200624_203207(8),2,0.6722682118415833,0.6917911999438223,0.6722682118415833,edge
3_001_20200624_203212(2),0,0.61013263463974,0.8130904006282322,0.61013263463974,band_end
3_001_20200624_203212(2),1,0.6393173336982727,0.707368530376479,0.6393173336982727,interior
3_001_20200624_203212(2),2,0.6669723391532898,0.6616728602509189,0.6669723391532898,edge
3_001_20200624_203225(8),0,0.6182399392127991,0.5806387762060318,0.6182399392127991,band_end
3_001_20200624_203225(8),1,0.6416642069816589,0.5529799179354372,0.6416642069816589,interior
3_001_20200624_203225(8),2,0.6422773003578186,0.6084957187690818,0.6422773003578186,edge
3_001_20200625_003507(0),0,0.6373773813247681,0.8548563320225531,0.6373773813247681,band_end
3_001_20200625_003507(0),1,0.6433126926422119,0.6884171148612106,0.6433126926422119,interior
3_001_20200625_003507(0),2,0.5849959850311279,0.7957708398004868,0.5849959850311279,edge
3_001_20200625_003511(4),0,0.6585526466369629,0.6027036061023768,0.6585526466369629,band_end
3_001_20200625_003511(4),1,0.6607393622398376,0.7152330498086783,0.6607393622398376,interior
3_001_20200625_003511(4),2,0.6465492248535156,0.7218526449145315,0.6465492248535156,edge
3_001_20200625_003515(9),0,0.6629931926727295,0.7352787385706842,0.6629931926727295,band_end
3_001_20200625_003515(9),1,0.6662216782569885,0.6411493208893511,0.6662216782569885,interior
3_001_20200625_003515(9),2,0.6445866227149963,0.7308258372573898,0.6445866227149963,edge
3_001_20200625_003520(4),0,0.6188006401062012,0.6241450815375305,0.6188006401062012,band_end
3_001_20200625_003520(4),1,0.6583382487297058,0.7433969679033098,0.6583382487297058,interior
3_001_20200625_003520(4),2,0.6957228779792786,0.7309861818869138,0.6957228779792786,edge
3_001_20200625_003524(9),0,0.6685982942581177,0.6804729394577839,0.6685982942581177,band_end
3_001_20200625_003524(9),1,0.6534659266471863,0.6507395170139774,0.6534659266471863,interior
3_001_20200625_003524(9),2,0.6329402327537537,0.6995894057639773,0.6329402327537537,edge
3_001_20200625_003529(2),0,0.6540166139602661,0.7614871166707194,0.6540166139602661,band_end
3_001_20200625_003529(2),1,0.6434939503669739,0.7552996797305812,0.6434939503669739,interior
3_001_20200625_003529(2),2,0.5924185514450073,0.6843555305893045,0.5924185514450073,edge
3_001_20200625_043323(7),0,0.6596580743789673,0.6979636913513331,0.6596580743789673,band_end
3_001_20200625_043323(7),1,0.5983650088310242,0.8136597965762986,0.5983650088310242,interior
3_001_20200625_043323(7),2,0.5957571268081665,0.8064663799410133,0.5957571268081665,edge
3_001_20200625_043328(3),0,0.6183909177780151,0.7351805955804879,0.6183909177780151,band_end
3_001_20200625_043328(3),1,0.6950732469558716,0.6588927330385953,0.6950732469558716,interior
3_001_20200625_043328(3),2,0.641854465007782,0.7005119884056601,0.641854465007782,edge
3_001_20200625_043337(3),0,0.63932204246521,0.6917410325526832,0.63932204246521,band_end
3_001_20200625_043337(3),1,0.6800802946090698,0.5602942805393486,0.6800802946090698,interior
3_001_20200625_043337(3),2,0.6480887532234192,0.7899438025853762,0.6480887532234192,edge
3_001_20200625_043341(7),0,0.632931649684906,0.7567886963299693,0.632931649684906,band_end
3_001_20200625_043341(7),1,0.6352440714836121,0.8123004460219003,0.6352440714836121,interior
3_001_20200625_043341(7),2,0.641483724117279,0.8164692167306892,0.641483724117279,edge
3_001_20200625_043346(2),0,0.6096956133842468,0.6311951230517091,0.6096956133842468,band_end
3_001_20200625_043346(2),1,0.6245430111885071,0.6431004925500116,0.6245430111885071,interior
3_001_20200625_043346(2),2,0.6033526062965393,0.6243028297420633,0.6033526062965393,edge
3_001_20200625_043359(8),0,0.6321948170661926,0.6463358574931385,0.6321948170661926,band_end
3_001_20200625_043359(8),1,0.6588446497917175,0.6637599785301987,0.6588446497917175,interior
3_001_20200625_043359(8),2,0.6780692338943481,0.7985232185155152,0.6780692338943481,edge
3_001_20200727_204954(7),0,0.631338357925415,0.5123451810512526,0.631338357925415,band_end
3_001_20200727_204954(7),1,0.5589540600776672,0.6091565298647289,0.5589540600776672,interior
3_001_20200727_204954(7),2,0.6023505330085754,0.6778521941071799,0.6023505330085754,edge
3_001_20200727_204958(2),0,0.6534214615821838,0.5129979918449331,0.6534214615821838,band_end
3_001_20200727_204958(2),1,0.0013884023064747453,0.5030286060491721,0.6552902460098267,interior
3_001_20200727_204958(2),2,0.006927836686372757,0.5263447281100948,0.5661765336990356,edge
3_001_20200728_014351(3),0,0.6727579832077026,0.6340308245106582,0.6727579832077026,band_end
3_001_20200728_014351(3),1,0.5974966287612915,0.6795956265269595,0.5974966287612915,interior
3_001_20200728_014351(3),2,0.6021314859390259,0.7394866754692928,0.6021314859390259,edge
3_001_20200728_014355(2),0,0.6106868982315063,0.6388281776871084,0.6106868982315063,band_end
3_001_20200728_014355(2),1,0.5471307039260864,0.6157110084229228,0.5471307039260864,interior
3_001_20200728_014355(2),2,0.6069422364234924,0.7174132421027223,0.6069422364234924,edge
3_001_20200728_043138(3),0,0.6517385840415955,0.7985812504987486,0.6517385840415955,band_end
3_001_20200728_043138(3),1,0.6738393306732178,0.786485866833136,0.6738393306732178,interior
3_001_20200728_043138(3),2,0.6081816554069519,0.9178560403555315,0.6081816554069519,edge
3_001_20200728_043141(5),0,0.5731543898582458,0.719462860200886,0.5731543898582458,band_end
3_001_20200728_043141(5),1,0.6025611162185669,0.8165458803750568,0.6025611162185669,interior
3_001_20200728_043141(5),2,0.6105779409408569,0.7844066282468405,0.6105779409408569,edge
3_001_20200728_083108(2),0,0.6230751872062683,0.7954644530390186,0.6230751872062683,band_end
3_001_20200728_083108(2),1,0.6158616542816162,0.7948996083441675,0.6158616542816162,interior
3_001_20200728_083108(2),2,0.6181569695472717,0.6727260932030342,0.6181569695472717,edge
3_001_20200728_083116(1),0,0.6256417036056519,0.6526418775609467,0.6256417036056519,band_end
3_001_20200728_083116(1),1,0.5906630754470825,0.6440747489500747,0.5906630754470825,interior
3_001_20200728_083116(1),2,0.6116272807121277,0.668105859885508,0.6116272807121277,edge
3_001_20200728_123129(2),0,0.6543428897857666,0.7248600773429333,0.6543428897857666,band_end
3_001_20200728_123129(2),1,0.6299363374710083,0.6405186112981246,0.6299363374710083,interior
3_001_20200728_123129(2),2,0.6184717416763306,0.6929520423072856,0.6184717416763306,edge
3_001_20200728_123132(4),0,0.6641825437545776,0.7525965785505689,0.6641825437545776,band_end
3_001_20200728_123132(4),1,0.6517803072929382,0.7861308669775421,0.6517803072929382,interior
3_001_20200728_123132(4),2,0.5941762924194336,0.7193273713539443,0.5941762924194336,edge
3_001_20200728_163910(5),0,0.622902512550354,0.7222633572638782,0.622902512550354,band_end
3_001_20200728_163910(5),1,0.6268049478530884,0.7411172502927611,0.6268049478530884,interior
3_001_20200728_163910(5),2,0.6112997531890869,0.685717066989276,0.6112997531890869,edge
3_001_20200728_163913(6),0,0.6139045357704163,0.7318532858664093,0.6139045357704163,band_end
3_001_20200728_163913(6),1,0.6174284815788269,0.7483212263939142,0.6174284815788269,interior
3_001_20200728_163913(6),2,0.5632694363594055,0.7947622496193373,0.5632694363594055,edge
3_001_20200810_085043(8),0,0.5493048429489136,0.8015538205444266,0.5493048429489136,band_end
3_001_20200810_085043(8),1,0.6772217750549316,0.7501278652521186,0.6772217750549316,interior
3_001_20200810_085043(8),2,0.5954204797744751,0.7611466723840608,0.5954204797744751,edge
3_001_20200810_123047(8),0,0.6260119676589966,0.6503238076588289,0.6260119676589966,band_end
3_001_20200810_123047(8),1,0.6298920512199402,0.7289024777569302,0.6298920512199402,interior
3_001_20200810_123047(8),2,0.5944370031356812,0.7207049981279283,0.5944370031356812,edge
3_001_20200810_123051(3),0,0.6157469153404236,0.8378196154302544,0.6157469153404236,band_end
3_001_20200810_123051(3),1,0.6446478366851807,0.7979455838060705,0.6446478366851807,interior
3_001_20200810_123051(3),2,0.5635657906532288,0.8359608063171629,0.5635657906532288,edge
3_001_20200810_163112(8),0,0.6374149918556213,0.7392218463105518,0.6374149918556213,band_end
3_001_20200810_163112(8),1,0.6825742125511169,0.682916556085859,0.6825742125511169,interior
3_001_20200810_163112(8),2,0.6193239688873291,0.7262373073147489,0.6193239688873291,edge
3_001_20200810_163116(0),0,0.6436758637428284,0.7417407220853821,0.6436758637428284,band_end
3_001_20200810_163116(0),1,0.6853618025779724,0.8087571261399604,0.6853618025779724,interior
3_001_20200810_163116(0),2,0.6850937008857727,0.5776246359895094,0.6850937008857727,edge
3_001_20200810_203208(7),0,0.6457419991493225,0.6555231170146155,0.6457419991493225,band_end
3_001_20200810_203208(7),1,0.5831557512283325,0.7003276927690419,0.5831557512283325,interior
3_001_20200810_203208(7),2,0.6384539604187012,0.591617960740154,0.6384539604187012,edge
3_001_20200810_203212(6),0,0.5764269232749939,0.7026185234978745,0.5764269232749939,band_end
3_001_20200810_203212(6),1,0.6106407046318054,0.6437202722833806,0.6106407046318054,interior
3_001_20200810_203212(6),2,0.6415557265281677,0.6826657173223794,0.6415557265281677,edge
3_001_20200811_003323(2),0,0.5201815366744995,0.6973984971733039,0.5201815366744995,band_end
3_001_20200811_003323(2),1,0.6157878637313843,0.6641358375782147,0.6157878637313843,interior
3_001_20200811_003323(2),2,0.5870358347892761,0.6851575351578908,0.5870358347892761,edge
3_001_20200811_003327(0),0,0.5728840827941895,0.6286408487531051,0.5728840827941895,band_end
3_001_20200811_003327(0),1,0.5755202174186707,0.7930307123465671,0.5755202174186707,interior
3_001_20200811_003327(0),2,0.5815234184265137,0.7700918286074471,0.5815234184265137,edge
3_001_20200811_043037(3),0,0.48111221194267273,0.8674968247689042,0.48111221194267273,band_end
3_001_20200811_043037(3),1,0.5160484910011292,0.7849559621753761,0.5160484910011292,interior
3_001_20200811_043037(3),2,0.5888999700546265,0.8590341783590801,0.5888999700546265,edge
3_001_20200811_043041(6),0,0.5464110374450684,0.7252736762564745,0.5464110374450684,band_end
3_001_20200811_043041(6),1,0.5071935653686523,0.6463347246569949,0.5071935653686523,interior
3_001_20200811_043041(6),2,0.5610447525978088,0.7098554954121975,0.5610447525978088,edge
3_001_20200815_003438(6),0,0.6457551121711731,0.8006289520123897,0.6457551121711731,band_end
3_001_20200815_003438(6),1,0.5741667151451111,0.8084411046745165,0.5741667151451111,interior
3_001_20200815_003438(6),2,0.60908442735672,0.8578580728911815,0.60908442735672,edge
3_001_20200815_003529(0),0,0.6339362263679504,0.6422911167591742,0.6339362263679504,band_end
3_001_20200815_003529(0),1,0.6482226252555847,0.6653533060631728,0.6482226252555847,interior
3_001_20200815_003529(0),2,0.6227902770042419,0.6856696099389936,0.6227902770042419,edge
3_001_20200819_003039(4),0,0.5746961236000061,0.6822860143147409,0.5746961236000061,band_end
3_001_20200819_003039(4),1,0.6020768284797668,0.5972082830463122,0.6020768284797668,interior
3_001_20200819_003039(4),2,0.6536443829536438,0.6875815978273749,0.6536443829536438,edge
3_001_20200819_003044(1),0,0.5789535045623779,0.5965581839996933,0.5789535045623779,band_end
3_001_20200819_003044(1),1,0.5987281799316406,0.6519975193718723,0.5987281799316406,interior
3_001_20200819_003044(1),2,0.621423602104187,0.6149268753495895,0.621423602104187,edge
3_001_20200819_043209(9),0,0.4928254187107086,0.6640364291034859,0.4928254187107086,band_end
3_001_20200819_043209(9),1,0.44706034660339355,0.6249826834004905,0.44706034660339355,interior
3_001_20200819_043209(9),2,0.5923464298248291,0.6651264237549626,0.5923464298248291,edge
3_001_20200819_043216(0),0,0.5734014511108398,0.7153036495169043,0.5734014511108398,band_end
3_001_20200819_043216(0),1,0.6095075011253357,0.705616443374362,0.6095075011253357,interior
3_001_20200819_043216(0),2,0.5917763710021973,0.7549445460516702,0.5917763710021973,edge
3_001_20200819_083353(5),0,0.5589268207550049,0.7450902771656226,0.5589268207550049,band_end
3_001_20200819_083353(5),1,0.6047488451004028,0.5821118826128352,0.6047488451004028,interior
3_001_20200819_083353(5),2,0.5811615586280823,0.667984877921203,0.5811615586280823,edge
3_001_20200819_083401(0),0,0.7009376883506775,0.5621127122516422,0.7009376883506775,band_end
3_001_20200819_083401(0),1,0.6834258437156677,0.6336164172130935,0.6834258437156677,interior
3_001_20200819_083401(0),2,0.6174125075340271,0.6179512037801983,0.6174125075340271,edge
3_001_20200819_124414(0),0,0.0,0.4176431339578973,0.4568498730659485,band_end
3_001_20200819_124414(0),1,0.0,0.48544982848670315,0.554260790348053,interior
3_001_20200819_124414(0),2,0.012033388949930668,0.5625894797398878,0.6184167265892029,edge
3_001_20200819_124415(9),0,0.5763517022132874,0.765105899311241,0.5763517022132874,band_end
3_001_20200819_124415(9),1,0.590459406375885,0.8106715165067938,0.590459406375885,interior
3_001_20200819_124415(9),2,0.5764540433883667,0.7700734770042902,0.5764540433883667,edge
3_001_20200819_162723(4),0,0.5898412466049194,0.6131177973713073,0.5898412466049194,band_end
3_001_20200819_162723(4),1,0.6141080260276794,0.5882778077906736,0.6141080260276794,interior
3_001_20200819_162723(4),2,0.5881000757217407,0.5826807390005113,0.5881000757217407,edge
3_001_20200826_023328(3),0,0.0,0.4907341636136888,0.6301119327545166,band_end
3_001_20200826_023328(3),1,0.0011847938876599073,0.704247591948915,0.6449694633483887,interior
3_001_20200826_023328(3),2,0.0,0.47109309397245447,0.6679203510284424,edge
3_001_20200826_023332(5),0,0.6538291573524475,0.8340654261308706,0.6538291573524475,band_end
3_001_20200826_023332(5),1,0.6056395769119263,0.7685080048847225,0.6056395769119263,interior
3_001_20200826_023332(5),2,0.6305771470069885,0.78334082800397,0.6305771470069885,edge
3_001_20200826_043252(8),0,0.6492877006530762,0.7714341497922691,0.6492877006530762,band_end
3_001_20200826_043252(8),1,0.637990415096283,0.8032049775472369,0.637990415096283,interior
3_001_20200826_043252(8),2,0.6068204045295715,0.7979659501729376,0.6068204045295715,edge
3_001_20200826_043255(8),0,0.46195483207702637,0.6987557105215577,0.46195483207702637,band_end
3_001_20200826_043255(8),1,0.6366162300109863,0.6984553881338798,0.6366162300109863,interior
3_001_20200826_043255(8),2,0.602022647857666,0.8172739063221444,0.602022647857666,edge
3_001_20200826_123711(3),0,0.5930899977684021,0.5910201864017873,0.5930899977684021,band_end
3_001_20200826_123711(3),1,0.6232174634933472,0.7569166827329387,0.6232174634933472,interior
3_001_20200826_123711(3),2,0.6121923923492432,0.7105048060388428,0.6121923923492432,edge
3_001_20200826_123714(5),0,0.6225554347038269,0.6935000739830441,0.6225554347038269,band_end
3_001_20200826_123714(5),1,0.6202985644340515,0.727373427504915,0.6202985644340515,interior
3_001_20200826_123714(5),2,0.6085699200630188,0.6611532579286558,0.6085699200630188,edge
3_001_20200831_083711(6),0,0.6346137523651123,0.5259882089763736,0.6346137523651123,band_end
3_001_20200831_083711(6),1,0.6055244207382202,0.5534674616427535,0.6055244207382202,interior
3_001_20200831_083711(6),2,0.6377530097961426,0.5772004532479468,0.6377530097961426,edge
3_001_20200831_083714(8),0,0.5931370258331299,0.6113238864196225,0.5931370258331299,band_end
3_001_20200831_083714(8),1,0.5776459574699402,0.6196626253516354,0.5776459574699402,interior
3_001_20200831_083714(8),2,0.5975901484489441,0.682760932100698,0.5975901484489441,edge
3_001_20200831_123316(5),0,0.6122093200683594,0.6702434977098399,0.6122093200683594,band_end
3_001_20200831_123316(5),1,0.637972891330719,0.6093129113183132,0.637972891330719,interior
3_001_20200831_123316(5),2,0.6402484178543091,0.5955735634278186,0.6402484178543091,edge
3_001_20200922_163332(2),0,0.6455128788948059,0.6499258847589072,0.6455128788948059,band_end
3_001_20200922_163332(2),1,0.6882099509239197,0.6999584947787355,0.6882099509239197,interior
3_001_20200922_163332(2),2,0.6274204850196838,0.656119635008495,0.6274204850196838,edge
3_001_20200922_163335(3),0,0.6624904870986938,0.78630028857436,0.6624904870986938,band_end
3_001_20200922_163335(3),1,0.612331748008728,0.756172349934157,0.612331748008728,interior
3_001_20200922_163335(3),2,0.5496795177459717,0.6940559684450065,0.5496795177459717,edge
