image_id,obj,match_score,max_iou,center_score,kind
1_002_20200622_203053(2),0,0.6928470134735107,0.8006621476746479,0.6928470134735107,band_end
1_002_20200622_203053(2),1,0.6744013428688049,0.5408022498910222,0.6744013428688049,interior
1_002_20200622_203053(2),2,0.6893513798713684,0.5829402044324545,0.6893513798713684,edge
1_002_20200622_203057(3),0,0.6903569102287292,0.6307144106205999,0.6903569102287292,band_end
1_002_20200622_203057(3),1,0.6866182088851929,0.7023969120588017,0.6866182088851929,interior
1_002_20200622_203057(3),2,0.6850540637969971,0.7141357865494344,0.6850540637969971,edge
1_002_20200622_203101(3),0,0.7008308172225952,0.5210941057132762,0.7008308172225952,band_end
1_002_20200622_203101(3),1,0.690030038356781,0.5641233447776075,0.690030038356781,interior
1_002_20200622_203101(3),2,0.6887436509132385,0.5692750124197709,0.6887436509132385,edge
1_002_20200622_203105(4),0,0.6954719424247742,0.8132398341583043,0.6954719424247742,band_end
1_002_20200622_203105(4),1,0.6861718893051147,0.6789074109179855,0.6861718893051147,interior
1_002_20200622_203105(4),2,0.652434766292572,0.8218664771058535,0.652434766292572,edge
1_002_20200622_203109(3),0,0.6922686696052551,0.6638483119865228,0.6922686696052551,band_end
1_002_20200622_203109(3),1,0.6779412627220154,0.6592755516210849,0.6779412627220154,interior
1_002_20200622_203109(3),2,0.6807030439376831,0.7874514228210016,0.6807030439376831,edge
1_002_20200622_203121(4),0,0.6870518326759338,0.6468293558142248,0.6870518326759338,band_end
1_002_20200622_203121(4),1,0.679738461971283,0.5851177110453136,0.679738461971283,interior
1_002_20200622_203121(4),2,0.6658238172531128,0.6694614596059546,0.6658238172531128,edge
1_002_20200623_003346(4),0,0.72751784324646,0.8263380184103153,0.72751784324646,band_end
1_002_20200623_003346(4),1,0.7013324499130249,0.6317455548219821,0.7013324499130249,interior
1_002_20200623_003346(4),2,0.6858313083648682,0.8456511343900123,0.6858313083648682,edge
1_002_20200623_003350(4),0,0.7200331091880798,0.6872641413261883,0.7200331091880798,band_end
1_002_20200623_003350(4),1,0.6903224587440491,0.7360311515103481,0.6903224587440491,interior
1_002_20200623_003350(4),2,0.6784020662307739,0.7264182551379305,0.6784020662307739,edge
1_002_20200623_003354(3),0,0.6947985291481018,0.7516129684839741,0.6947985291481018,band_end
1_002_20200623_003354(3),1,0.6949880123138428,0.8087710432857735,0.6949880123138428,interior
1_002_20200623_003354(3),2,0.6927177309989929,0.7593744997458055,0.6927177309989929,edge
1_002_20200623_003358(2),0,0.7167215347290039,0.6566919855621459,0.7167215347290039,band_end
1_002_20200623_003358(2),1,0.6903605461120605,0.6447402649851417,0.6903605461120605,interior
1_002_20200623_003358(2),2,0.7109076380729675,0.5810180247744394,0.7109076380729675,edge
1_002_20200623_003402(2),0,0.7151138186454773,0.6896049045075795,0.7151138186454773,band_end
1_002_20200623_003402(2),1,0.6962323188781738,0.7563807513858972,0.6962323188781738,interior
1_002_20200623_003402(2),2,0.6893254518508911,0.7933554283575712,0.6893254518508911,edge
1_002_20200623_003410(2),0,0.6792811155319214,0.7132995291115302,0.6792811155319214,band_end
1_002_20200623_003410(2),1,0.7105363011360168,0.7585302576357826,0.7105363011360168,interior
1_002_20200623_003410(2),2,0.7163411378860474,0.774809915884953,0.7163411378860474,edge
1_002_20200623_043039(3),0,0.6958604454994202,0.8581307234553539,0.6958604454994202,band_end
1_002_20200623_043039(3),1,0.6927164793014526,0.7671935058764056,0.6927164793014526,interior
1_002_20200623_043039(3),2,0.705003023147583,0.5399680245976187,0.705003023147583,edge
1_002_20200623_043043(2),0,0.6585680246353149,0.6357264662198796,0.6585680246353149,band_end
1_002_20200623_043043(2),1,0.7194390892982483,0.6994318806932918,0.7194390892982483,interior
1_002_20200623_043043(2),2,0.7122886776924133,0.717788979562298,0.7122886776924133,edge
1_002_20200623_043047(2),0,0.7261672019958496,0.605965626292901,0.7261672019958496,band_end
1_002_20200623_043047(2),1,0.6983669996261597,0.7244449939759307,0.6983669996261597,interior
1_002_20200623_043047(2),2,0.701900839805603,0.6751671225980465,0.701900839805603,edge
1_002_20200623_043051(3),0,0.7000013589859009,0.7164340481002566,0.7000013589859009,band_end
1_002_20200623_043051(3),1,0.6991543173789978,0.7174495135744413,0.6991543173789978,interior
1_002_20200623_043051(3),2,0.6991202235221863,0.7238294785898743,0.6991202235221863,edge
1_002_20200623_043055(3),0,0.6911218762397766,0.6221807194860409,0.6911218762397766,band_end
1_002_20200623_043055(3),1,0.709941029548645,0.755221925896858,0.709941029548645,interior
1_002_20200623_043055(3),2,0.682497501373291,0.7001257127522462,0.682497501373291,edge
1_002_20200623_043059(4),0,0.6805965304374695,0.8479498203990985,0.6805965304374695,band_end
1_002_20200623_043059(4),1,0.6777310967445374,0.6197368838455505,0.6777310967445374,interior
1_002_20200623_043059(4),2,0.6680612564086914,0.6001716990334293,0.6680612564086914,edge
1_002_20200623_082258(6),0,0.7260966897010803,0.7208563663166595,0.7260966897010803,band_end
1_002_20200623_082258(6),1,0.7057459950447083,0.716566682427699,0.7057459950447083,interior
1_002_20200623_082258(6),2,0.672480046749115,0.7121520185613646,0.672480046749115,edge
1_002_20200623_082302(6),0,0.7189338803291321,0.67580826110045,0.7189338803291321,band_end
1_002_20200623_082302(6),1,0.7295445799827576,0.7234705650824744,0.7295445799827576,interior
1_002_20200623_082302(6),2,0.715117871761322,0.7248179218904797,0.715117871761322,edge
1_002_20200623_082306(5),0,0.7161662578582764,0.7230012627923839,0.7161662578582764,band_end
1_002_20200623_082306(5),1,0.7167077660560608,0.7937077836845592,0.7167077660560608,interior
1_002_20200623_082306(5),2,0.6991970539093018,0.745385581631425,0.6991970539093018,edge
1_002_20200623_082310(6),0,0.6622136831283569,0.5090395978527124,0.6622136831283569,band_end
1_002_20200623_082310(6),1,0.6832128763198853,0.618726341469138,0.6832128763198853,interior
1_002_20200623_082310(6),2,0.7022826671600342,0.6438897677161672,0.7022826671600342,edge
1_002_20200623_082314(4),0,0.7118630409240723,0.6403161861964769,0.7118630409240723,band_end
1_002_20200623_082314(4),1,0.6954204440116882,0.6644036351255282,0.6954204440116882,interior
1_002_20200623_082314(4),2,0.7093616127967834,0.7242998116178014,0.7093616127967834,edge
1_002_20200623_082318(5),0,0.7139793634414673,0.6990011523991345,0.7139793634414673,band_end
1_002_20200623_082318(5),1,0.7093953490257263,0.5598526105317766,0.7093953490257263,interior
1_002_20200623_082318(5),2,0.0,0.4883084035124529,0.7075501084327698,edge
1_002_20200623_123032(7),0,0.6817911267280579,0.6782275019163038,0.6817911267280579,band_end
1_002_20200623_123032(7),1,0.6629006862640381,0.6721952778123715,0.6629006862640381,interior
1_002_20200623_123032(7),2,0.7175400853157043,0.6792605756351994,0.7175400853157043,edge
1_002_20200623_123036(5),0,0.7155911326408386,0.6763386162254533,0.7155911326408386,band_end
1_002_20200623_123036(5),1,0.7042944431304932,0.7255047145924521,0.7042944431304932,interior
1_002_20200623_123036(5),2,0.6586006283760071,0.8728848246518902,0.6586006283760071,edge
1_002_20200623_123040(5),0,0.694568932056427,0.669260248174536,0.694568932056427,band_end
1_002_20200623_123040(5),1,0.6874808073043823,0.7650483998822047,0.6874808073043823,interior
1_002_20200623_123040(5),2,0.7126796245574951,0.7406942268066837,0.7126796245574951,edge
1_002_20200623_123044(3),0,0.6816282272338867,0.8355770963968583,0.6816282272338867,band_end
1_002_20200623_123044(3),1,0.6800342202186584,0.7010010323151262,0.6800342202186584,interior
1_002_20200623_123044(3),2,0.7004085183143616,0.6735954832161458,0.7004085183143616,edge
1_002_20200623_123048(4),0,0.7041698694229126,0.8512978950448572,0.7041698694229126,band_end
1_002_20200623_123048(4),1,0.6890100240707397,0.7522373166943127,0.6890100240707397,interior
1_002_20200623_123048(4),2,0.6858428120613098,0.756538391456392,0.6858428120613098,edge
1_002_20200623_123052(5),0,0.6995786428451538,0.7776334199896885,0.6995786428451538,band_end
1_002_20200623_123052(5),1,0.6988702416419983,0.904793030669625,0.6988702416419983,interior
1_002_20200623_123052(5),2,0.7174076437950134,0.761673486736126,0.7174076437950134,edge
1_002_20200623_163039(5),0,0.6855568885803223,0.692560931998057,0.6855568885803223,band_end
1_002_20200623_163039(5),1,0.6906173825263977,0.6553181651987607,0.6906173825263977,interior
1_002_20200623_163039(5),2,0.6975682973861694,0.6990269570434247,0.6975682973861694,edge
1_002_20200623_163043(7),0,0.695572555065155,0.5590248804347059,0.695572555065155,band_end
1_002_20200623_163043(7),1,0.7018628120422363,0.760006256419714,0.7018628120422363,interior
1_002_20200623_163043(7),2,0.7030664682388306,0.8560636158861207,0.7030664682388306,edge
1_002_20200623_163047(6),0,0.6907600164413452,0.6338269287897167,0.6907600164413452,band_end
1_002_20200623_163047(6),1,0.7002770900726318,0.7544914910155865,0.7002770900726318,interior
1_002_20200623_163047(6),2,0.6784153580665588,0.5074759927242573,0.6784153580665588,edge
1_002_20200623_163051(7),0,0.7260839939117432,0.7186864397891776,0.7260839939117432,band_end
1_002_20200623_163051(7),1,0.7114275693893433,0.6433806573117039,0.7114275693893433,interior
1_002_20200623_163051(7),2,0.7095015048980713,0.6478289228694039,0.7095015048980713,edge
1_002_20200623_163055(6),0,0.7339637279510498,0.7449979091060792,0.7339637279510498,band_end
1_002_20200623_163055(6),1,0.6532070636749268,0.6305212490620176,0.6532070636749268,interior
1_002_20200623_163055(6),2,0.6815498471260071,0.7404040749941365,0.6815498471260071,edge
1_002_20200623_163059(6),0,0.7245528697967529,0.7530299586485704,0.7245528697967529,band_end
1_002_20200623_163059(6),1,0.702831506729126,0.7164151646863571,0.702831506729126,interior
1_002_20200623_163059(6),2,0.6864979267120361,0.7717042620211627,0.6864979267120361,edge
1_002_20200623_203040(4),0,0.6920232176780701,0.7157122789662205,0.6920232176780701,band_end
1_002_20200623_203040(4),1,0.7103016972541809,0.5208420544622767,0.7103016972541809,interior
1_002_20200623_203040(4),2,0.6952073574066162,0.7932171162463362,0.6952073574066162,edge
1_002_20200623_203044(0),0,0.6734899282455444,0.5455883470734663,0.6734899282455444,band_end
1_002_20200623_203044(0),1,0.6773070693016052,0.5180219822391509,0.6773070693016052,interior
1_002_20200623_203044(0),2,0.6969583034515381,0.8006054185574052,0.6969583034515381,edge
1_002_20200623_203047(7),0,0.7214463949203491,0.5310329890637763,0.7214463949203491,band_end
1_002_20200623_203047(7),1,0.6955202221870422,0.6084127208249749,0.6955202221870422,interior
1_002_20200623_203047(7),2,0.6790288090705872,0.605200938045693,0.6790288090705872,edge
1_002_20200623_203051(2),0,0.7103484272956848,0.853071202313627,0.7103484272956848,band_end
1_002_20200623_203051(2),1,0.718360960483551,0.8565513468656328,0.718360960483551,interior
1_002_20200623_203051(2),2,0.7138763070106506,0.7142649372854523,0.7138763070106506,edge
1_002_20200623_203054(7),0,0.7252336144447327,0.6297797589427044,0.7252336144447327,band_end
1_002_20200623_203054(7),1,0.6972382068634033,0.7583626014381905,0.6972382068634033,interior
1_002_20200623_203054(7),2,0.7046178579330444,0.7288281810939169,0.7046178579330444,edge
1_002_20200623_203058(3),0,0.7136815190315247,0.5710382000857246,0.7136815190315247,band_end
1_002_20200623_203058(3),1,0.6954729557037354,0.5957472859571378,0.6954729557037354,interior
1_002_20200623_203058(3),2,0.6960862874984741,0.8320036388230972,0.6960862874984741,edge
1_002_20200624_003107(0),0,0.619834303855896,0.7054542746499587,0.619834303855896,band_end
1_002_20200624_003107(0),1,0.5815492272377014,0.730307946515847,0.5815492272377014,interior
1_002_20200624_003107(0),2,0.6371811628341675,0.7390069867978375,0.6371811628341675,edge
1_002_20200624_003111(0),0,0.6706453561782837,0.6844345205135465,0.6706453561782837,band_end
1_002_20200624_003111(0),1,0.6542713642120361,0.7450445416918634,0.6542713642120361,interior
1_002_20200624_003111(0),2,0.6328567266464233,0.777251596284976,0.6328567266464233,edge
1_002_20200624_003115(1),0,0.6590291261672974,0.7081251946437075,0.6590291261672974,band_end
1_002_20200624_003115(1),1,0.6121814250946045,0.7906788333819398,0.6121814250946045,interior
1_002_20200624_003115(1),2,0.6430799961090088,0.869237827268784,0.6430799961090088,edge
1_002_20200624_003119(1),0,0.6262718439102173,0.6711044425012166,0.6262718439102173,band_end
1_002_20200624_003119(1),1,0.6597449779510498,0.6774976939229947,0.6597449779510498,interior
1_002_20200624_003119(1),2,0.6309854984283447,0.7243364559172034,0.6309854984283447,edge
1_002_20200624_003123(1),0,0.6245133876800537,0.6340038338806042,0.6245133876800537,band_end
1_002_20200624_003123(1),1,0.67798912525177,0.5801744405567,0.67798912525177,interior
1_002_20200624_003123(1),2,0.6291567087173462,0.7017249555700624,0.6291567087173462,edge
1_002_20200624_003127(0),0,0.6392466425895691,0.7263045959871356,0.6392466425895691,band_end
1_002_20200624_003127(0),1,0.6302329301834106,0.8340295422469715,0.6302329301834106,interior
1_002_20200624_003127(0),2,0.5920764803886414,0.69675934103628,0.5920764803886414,edge
1_002_20200624_043128(1),0,0.6722900867462158,0.6060172789950367,0.6722900867462158,band_end
1_002_20200624_043128(1),1,0.6227558851242065,0.7696044097658646,0.6227558851242065,interior
1_002_20200624_043128(1),2,0.6169053316116333,0.7076165782562424,0.6169053316116333,edge
1_002_20200624_043132(2),0,0.6427741646766663,0.5722480788618203,0.6427741646766663,band_end
1_002_20200624_043132(2),1,0.5833398699760437,0.7302477442033308,0.5833398699760437,interior
1_002_20200624_043132(2),2,0.6719799041748047,0.7393471707215908,0.6719799041748047,edge
1_002_20200624_043136(1),0,0.6681962013244629,0.5558768979706122,0.6681962013244629,band_end
1_002_20200624_043136(1),1,0.5786516666412354,0.6664085828853419,0.5786516666412354,interior
1_002_20200624_043136(1),2,0.6050406694412231,0.5929504854576463,0.6050406694412231,edge
1_002_20200624_043140(2),0,0.664696991443634,0.5613978129169819,0.664696991443634,band_end
1_002_20200624_043140(2),1,0.6223564147949219,0.6424608594625844,0.6223564147949219,interior
1_002_20200624_043140(2),2,0.6196470260620117,0.5414078395834555,0.6196470260620117,edge
1_002_20200624_043144(2),0,0.647212028503418,0.6929263740362948,0.647212028503418,band_end
1_002_20200624_043144(2),1,0.6204488277435303,0.7349898260475055,0.6204488277435303,interior
1_002_20200624_043144(2),2,0.0,0.4802710552903205,0.6193634867668152,edge
1_002_20200624_043148(1),0,0.649829089641571,0.6679472340077103,0.649829089641571,band_end
1_002_20200624_043148(1),1,0.6391021609306335,0.6635903649417961,0.6391021609306335,interior
1_002_20200624_043148(1),2,0.6092528104782104,0.6832749745407513,0.6092528104782104,edge
1_002_20200624_083045(5),0,0.6321971416473389,0.5084057388308671,0.6321971416473389,band_end
1_002_20200624_083045(5),1,0.6408326625823975,0.7291140599110377,0.6408326625823975,interior
1_002_20200624_083045(5),2,0.6143304705619812,0.7416650054060231,0.6143304705619812,edge
1_002_20200624_083049(6),0,0.668983519077301,0.7139330121841276,0.668983519077301,band_end
1_002_20200624_083049(6),1,0.628278911113739,0.6172696433383735,0.628278911113739,interior
1_002_20200624_083049(6),2,0.5848138332366943,0.7837231652254346,0.5848138332366943,edge
1_002_20200624_083053(3),0,0.6537251472473145,0.7250869115392407,0.6537251472473145,band_end
1_002_20200624_083053(3),1,0.6196089386940002,0.8239778047459458,0.6196089386940002,interior
1_002_20200624_083053(3),2,0.6536495685577393,0.808876487923424,0.6536495685577393,edge
1_002_20200624_083057(4),0,0.0,0.48675132762512935,0.6481473445892334,band_end
1_002_20200624_083057(4),1,0.6256265044212341,0.5457147519391758,0.6256265044212341,interior
1_002_20200624_083057(4),2,0.6152133941650391,0.7579387014678064,0.6152133941650391,edge
1_002_20200624_083101(4),0,0.6508782505989075,0.7096741187990447,0.6508782505989075,band_end
1_002_20200624_083101(4),1,0.6403805017471313,0.7882427819750175,0.6403805017471313,interior
1_002_20200624_083101(4),2,0.6091869473457336,0.7590678035754975,0.6091869473457336,edge
1_002_20200624_083105(5),0,0.618070662021637,0.6760166812573335,0.618070662021637,band_end
1_002_20200624_083105(5),1,0.6155602931976318,0.8177352588467063,0.6155602931976318,interior
1_002_20200624_083105(5),2,0.6221377849578857,0.8005283070008935,0.6221377849578857,edge
1_002_20200624_123122(6),0,0.6826237440109253,0.6887073693291771,0.6826237440109253,band_end
1_002_20200624_123122(6),1,0.610835075378418,0.6423767339489878,0.610835075378418,interior
1_002_20200624_123122(6),2,0.5973474383354187,0.7008130426006874,0.5973474383354187,edge
1_002_20200624_123126(4),0,0.6513981819152832,0.5443134907255819,0.6513981819152832,band_end
1_002_20200624_123126(4),1,0.6227565407752991,0.5281942318817137,0.6227565407752991,interior
1_002_20200624_123126(4),2,0.6466509103775024,0.6549242347497212,0.6466509103775024,edge
1_002_20200624_123129(9),0,0.6517325043678284,0.5398973290271879,0.6517325043678284,band_end
1_002_20200624_123129(9),1,0.5957143306732178,0.7061033174045975,0.5957143306732178,interior
1_002_20200624_123129(9),2,0.5960447192192078,0.6477361788360548,0.5960447192192078,edge
1_002_20200624_123133(0),0,0.6410118341445923,0.6068627884181568,0.6410118341445923,band_end
1_002_20200624_123133(0),1,0.6445256471633911,0.7056412731488254,0.6445256471633911,interior
1_002_20200624_123133(0),2,0.6071751713752747,0.6503634464119573,0.6071751713752747,edge
1_002_20200624_123136(5),0,0.6401498317718506,0.6930278642562988,0.6401498317718506,band_end
1_002_20200624_123136(5),1,0.6176763772964478,0.715886173873312,0.6176763772964478,interior
1_002_20200624_123136(5),2,0.6363853216171265,0.9279605962647761,0.6363853216171265,edge
1_002_20200624_123143(7),0,0.6518835425376892,0.5222436575385917,0.6518835425376892,band_end
1_002_20200624_123143(7),1,0.6338394284248352,0.6587572769727558,0.6338394284248352,interior
1_002_20200624_123143(7),2,0.6259140968322754,0.6980735519900929,0.6259140968322754,edge
1_002_20200624_162522(0),0,0.6214078068733215,0.8578391389753721,0.6214078068733215,band_end
1_002_20200624_162522(0),1,0.6343770027160645,0.7577942119823956,0.6343770027160645,interior
1_002_20200624_162522(0),2,0.6149169206619263,0.7895181521208433,0.6149169206619263,edge
1_002_20200624_162527(8),0,0.6632058024406433,0.6692243584712341,0.6632058024406433,band_end
1_002_20200624_162527(8),1,0.599572479724884,0.6558087143147957,0.599572479724884,interior
1_002_20200624_162527(8),2,0.6791207194328308,0.7673796092231477,0.6791207194328308,edge
1_002_20200624_162531(7),0,0.6440784335136414,0.6460903680533778,0.6440784335136414,band_end
1_002_20200624_162531(7),1,0.6179184913635254,0.6575472951533659,0.6179184913635254,interior
1_002_20200624_162531(7),2,0.6735515594482422,0.6497810421901509,0.6735515594482422,edge
1_002_20200624_162536(8),0,0.6889026761054993,0.5718915579776771,0.6889026761054993,band_end
1_002_20200624_162536(8),1,0.6305445432662964,0.795490839440348,0.6305445432662964,interior
1_002_20200624_162536(8),2,0.613585352897644,0.6559333419750419,0.613585352897644,edge
1_002_20200624_162540(3),0,0.610680103302002,0.635401219257321,0.610680103302002,band_end
1_002_20200624_162540(3),1,0.0,0.4850574526353739,0.6362937688827515,interior
1_002_20200624_162540(3),2,0.6126434206962585,0.7350149075322957,0.6126434206962585,edge
1_002_20200624_162543(7),0,0.6545323133468628,0.5357159381637666,0.6545323133468628,band_end
1_002_20200624_162543(7),1,0.6115821599960327,0.5103532346688691,0.6115821599960327,interior
1_002_20200624_162543(7),2,0.0,0.4308950322024016,0.6697705984115601,edge
1_002_20200624_203003(9),0,0.6436218023300171,0.602414030651562,0.6436218023300171,band_end
1_002_20200624_203003(9),1,0.645222544670105,0.5405999765112752,0.645222544670105,interior
1_002_20200624_203003(9),2,0.6083483695983887,0.6276000162901839,0.6083483695983887,edge
1_002_20200624_203012(9),0,0.6680128574371338,0.7983233457552675,0.6680128574371338,band_end
1_002_20200624_203012(9),1,0.6160920262336731,0.6634945490975441,0.6160920262336731,interior
1_002_20200624_203012(9),2,0.6586025953292847,0.6992572622204368,0.6586025953292847,edge
1_002_20200624_203017(4),0,0.6594989895820618,0.581844199889587,0.6594989895820618,band_end
1_002_20200624_203017(4),1,0.6231226325035095,0.6643428384090785,0.6231226325035095,interior
1_002_20200624_203017(4),2,0.0,0.43648221124635245,0.6338313221931458,edge
1_002_20200624_203021(9),0,0.6676576137542725,0.6601484015349101,0.6676576137542725,band_end
1_002_20200624_203021(9),1,0.63594651222229,0.7755257046781481,0.63594651222229,interior
1_002_20200624_203021(9),2,0.6143263578414917,0.6906525054015219,0.6143263578414917,edge
1_002_20200624_203026(4),0,0.6797399520874023,0.5897672342730708,0.6797399520874023,band_end
1_002_20200624_203026(4),1,0.5838142037391663,0.7796746668097062,0.5838142037391663,interior
1_002_20200624_203026(4),2,0.6015176773071289,0.7403227322246633,0.6015176773071289,edge
1_002_20200624_203044(4),0,0.6700373888015747,0.7515592202730477,0.6700373888015747,band_end
1_002_20200624_203044(4),1,0.6164156198501587,0.5991823389810177,0.6164156198501587,interior
1_002_20200624_203044(4),2,0.612359344959259,0.6320850196142218,0.612359344959259,edge
1_002_20200625_003116(4),0,0.6331032514572144,0.7353969013827709,0.6331032514572144,band_end
1_002_20200625_003116(4),1,0.6552373766899109,0.6566313703634697,0.6552373766899109,interior
1_002_20200625_003116(4),2,0.6482793688774109,0.7363878995414072,0.6482793688774109,edge
1_002_20200625_003120(7),0,0.0,0.464512773415109,0.6810804009437561,band_end
1_002_20200625_003120(7),1,0.0,0.4926428208460233,0.6053685545921326,interior
1_002_20200625_003120(7),2,0.6141770482063293,0.5211137224263935,0.6141770482063293,edge
1_002_20200625_003125(4),0,0.6620613932609558,0.5786438845438749,0.6620613932609558,band_end
1_002_20200625_003125(4),1,0.6306647658348083,0.6544899141373621,0.6306647658348083,interior
1_002_20200625_003125(4),2,0.6241257190704346,0.639073174246933,0.6241257190704346,edge
1_002_20200625_003130(0),0,0.6506109833717346,0.7497320223289231,0.6506109833717346,band_end
1_002_20200625_003130(0),1,0.6491165161132812,0.8220397552244202,0.6491165161132812,interior
1_002_20200625_003130(0),2,0.5984663963317871,0.7643781802841326,0.5984663963317871,edge
1_002_20200625_003134(4),0,0.6412991285324097,0.6379602397753371,0.6412991285324097,band_end
1_002_20200625_003134(4),1,0.6135988235473633,0.693491635239815,0.6135988235473633,interior
1_002_20200625_003134(4),2,0.6135072708129883,0.6535098834070847,0.6135072708129883,edge
1_002_20200625_003139(0),0,0.6400415301322937,0.6963138078343357,0.6400415301322937,band_end
1_002_20200625_003139(0),1,0.6192284822463989,0.7936381540119085,0.6192284822463989,interior
1_002_20200625_003139(0),2,0.6606382131576538,0.6755539958776696,0.6606382131576538,edge
1_002_20200625_042934(9),0,0.6529607176780701,0.7069327047327534,0.6529607176780701,band_end
1_002_20200625_042934(9),1,0.6551192998886108,0.6863942179273171,0.6551192998886108,interior
1_002_20200625_042934(9),2,0.5990586876869202,0.6296690722292458,0.5990586876869202,edge
1_002_20200625_042939(2),0,0.6578121781349182,0.7754233922576532,0.6578121781349182,band_end
1_002_20200625_042939(2),1,0.6219255924224854,0.5649416158616207,0.6219255924224854,interior
1_002_20200625_042939(2),2,0.6167183518409729,0.7426524338938267,0.6167183518409729,edge
1_002_20200625_042943(7),0,0.6444650888442993,0.6028767295473203,0.6444650888442993,band_end
1_002_20200625_042943(7),1,0.6307238340377808,0.6046009286937184,0.6307238340377808,interior
1_002_20200625_042943(7),2,0.649461567401886,0.6551501540832418,0.649461567401886,edge
1_002_20200625_042948(3),0,0.6346264481544495,0.8381903108673495,0.6346264481544495,band_end
1_002_20200625_042948(3),1,0.6303409934043884,0.8465398984645661,0.6303409934043884,interior
1_002_20200625_042948(3),2,0.627239465713501,0.5701658833374696,0.627239465713501,edge
1_002_20200625_042952(8),0,0.6497952342033386,0.9121426281485218,0.6497952342033386,band_end
1_002_20200625_042952(8),1,0.6218360662460327,0.633235017938617,0.6218360662460327,interior
1_002_20200625_042952(8),2,0.6115856766700745,0.8781235193988929,0.6115856766700745,edge
1_002_20200625_042957(3),0,0.6449423432350159,0.5915391470904424,0.6449423432350159,band_end
1_002_20200625_042957(3),1,0.6046818494796753,0.5975296165094227,0.6046818494796753,interior
1_002_20200625_042957(3),2,0.6070394515991211,0.6860534294248333,0.6070394515991211,edge
1_002_20200714_042641(8),0,0.0,0.45607226644271354,0.6670517325401306,band_end
1_002_20200714_042641(8),1,0.6153271794319153,0.5109537362566242,0.6153271794319153,interior
1_002_20200714_042641(8),2,0.6032639145851135,0.60927876351293,0.6032639145851135,edge
1_002_20200714_083054(2),0,0.6369302272796631,0.5076063192909015,0.6369302272796631,band_end
1_002_20200714_083054(2),1,0.6129872798919678,0.6898529279085972,0.6129872798919678,interior
1_002_20200714_083054(2),2,0.626258373260498,0.7139622033836778,0.626258373260498,edge
1_002_20200714_083057(5),0,0.0,0.47567140704763905,0.6484339833259583,band_end
1_002_20200714_083057(5),1,0.6224396228790283,0.5409403576180675,0.6224396228790283,interior
1_002_20200714_083057(5),2,0.6366856098175049,0.5306937490603184,0.6366856098175049,edge
1_002_20200714_083101(7),0,0.6589334011077881,0.6849982673198354,0.6589334011077881,band_end
1_002_20200714_083101(7),1,0.6425275206565857,0.5798026325005916,0.6425275206565857,interior
1_002_20200714_083101(7),2,0.6098108291625977,0.5788413772963087,0.6098108291625977,edge
1_002_20200714_083106(2),0,0.6296961307525635,0.7676879447042078,0.6296961307525635,band_end
1_002_20200714_083106(2),1,0.6265426874160767,0.8437882520796981,0.6265426874160767,interior
1_002_20200714_083106(2),2,0.6412738561630249,0.5241722771770808,0.6412738561630249,edge
1_002_20200714_083110(8),0,0.6294625997543335,0.7677889988402871,0.6294625997543335,band_end
1_002_20200714_083110(8),1,0.6214116811752319,0.5922834587682585,0.6214116811752319,interior
1_002_20200714_083110(8),2,0.6620030999183655,0.7969877789607195,0.6620030999183655,edge
1_002_20200714_083115(1),0,0.6253170371055603,0.5315384433589714,0.6253170371055603,band_end
1_002_20200714_083115(1),1,0.6307939887046814,0.5598780120029636,0.6307939887046814,interior
1_002_20200714_083115(1),2,0.6024268865585327,0.5412284056779226,0.6024268865585327,edge
1_002_20200714_123109(8),0,0.6376420259475708,0.5344168493754899,0.6376420259475708,band_end
1_002_20200714_123109(8),1,0.6298128366470337,0.7526556677225664,0.6298128366470337,interior
1_002_20200714_123109(8),2,0.6389270424842834,0.7568772899026202,0.6389270424842834,edge
1_002_20200714_123113(1),0,0.6667345762252808,0.7387822328120979,0.6667345762252808,band_end
1_002_20200714_123113(1),1,0.6199313402175903,0.603558580267613,0.6199313402175903,interior
1_002_20200714_123113(1),2,0.6272026896476746,0.6952899764069884,0.6272026896476746,edge
1_002_20200714_123117(3),0,0.6387342810630798,0.681205233415574,0.6387342810630798,band_end
1_002_20200714_123117(3),1,0.5981377363204956,0.5750057974607822,0.5981377363204956,interior
1_002_20200714_123117(3),2,0.6253172159194946,0.7933914267409851,0.6253172159194946,edge
1_002_20200714_123120(4),0,0.6409361362457275,0.7708031201888643,0.6409361362457275,band_end
1_002_20200714_123120(4),1,0.6235306859016418,0.8032374818622089,0.6235306859016418,interior
1_002_20200714_123120(4),2,0.6254569292068481,0.7099909912186343,0.6254569292068481,edge
1_002_20200714_123123(5),0,0.6629367470741272,0.6359292551345782,0.6629367470741272,band_end
1_002_20200714_123123(5),1,0.6669714450836182,0.7176513269390651,0.6669714450836182,interior
1_002_20200714_123123(5),2,0.6179290413856506,0.6156170087991125,0.6179290413856506,edge
1_002_20200714_123126(4),0,0.6076172590255737,0.7469079557599293,0.6076172590255737,band_end
1_002_20200714_123126(4),1,0.6229668259620667,0.7850045155009462,0.6229668259620667,interior
1_002_20200714_123126(4),2,0.6275084018707275,0.7535901304191459,0.6275084018707275,edge
1_002_20200714_163046(2),0,0.6532796025276184,0.5695640913787748,0.6532796025276184,band_end
1_002_20200714_163046(2),1,0.6435546278953552,0.8379723077095964,0.6435546278953552,interior
1_002_20200714_163046(2),2,0.6404399871826172,0.7957427905149888,0.6404399871826172,edge
1_002_20200714_163049(8),0,0.6650641560554504,0.5390715471975392,0.6650641560554504,band_end
1_002_20200714_163049(8),1,0.635082483291626,0.6085511256642889,0.635082483291626,interior
1_002_20200714_163049(8),2,0.63816237449646,0.624413655755016,0.63816237449646,edge
1_002_20200714_163053(5),0,0.635847806930542,0.6954333540738135,0.635847806930542,band_end
1_002_20200714_163053(5),1,0.6255583167076111,0.6680415956960696,0.6255583167076111,interior
1_002_20200714_163053(5),2,0.666164755821228,0.7460357946404096,0.666164755821228,edge
1_002_20200714_163056(8),0,0.6391769647598267,0.616668779682368,0.6391769647598267,band_end
1_002_20200714_163056(8),1,0.6334966421127319,0.8025231699252294,0.6334966421127319,interior
1_002_20200714_163056(8),2,0.662754476070404,0.611457513878122,0.662754476070404,edge
1_002_20200714_163100(2),0,0.0,0.4751793992738065,0.6531063914299011,band_end
1_002_20200714_163100(2),1,0.6211150288581848,0.7088602372854597,0.6211150288581848,interior
1_002_20200714_163100(2),2,0.626215934753418,0.7264736668554314,0.626215934753418,edge
1_002_20200714_163103(5),0,0.6341050863265991,0.5632609811137195,0.6341050863265991,band_end
1_002_20200714_163103(5),1,0.6379066705703735,0.7366260211438594,0.6379066705703735,interior
1_002_20200714_163103(5),2,0.6114696860313416,0.5875778294840918,0.6114696860313416,edge
1_002_20200714_225756(0),0,0.6563016772270203,0.7609049192142043,0.6563016772270203,band_end
1_002_20200714_225756(0),1,0.6405003666877747,0.7228651397014947,0.6405003666877747,interior
1_002_20200714_225756(0),2,0.6115534901618958,0.7337393492655316,0.6115534901618958,edge
1_002_20200714_225759(8),0,0.6507588028907776,0.6559198640090369,0.6507588028907776,band_end
1_002_20200714_225759(8),1,0.6199688911437988,0.6180332584802759,0.6199688911437988,interior
1_002_20200714_225759(8),2,0.6389518976211548,0.618051902915373,0.6389518976211548,edge
1_002_20200714_225803(3),0,0.6399995684623718,0.6991242290117831,0.6399995684623718,band_end
1_002_20200714_225803(3),1,0.6215012073516846,0.5163740600250996,0.6215012073516846,interior
1_002_20200714_225803(3),2,0.6381800174713135,0.7000425203792717,0.6381800174713135,edge
1_002_20200714_225807(3),0,0.0,0.48695403932715664,0.6301925778388977,band_end
1_002_20200714_225807(3),1,0.6486587524414062,0.6517562204273417,0.6486587524414062,interior
1_002_20200714_225807(3),2,0.6589498519897461,0.6874964114370334,0.6589498519897461,edge
1_002_20200714_225810(5),0,0.6378896832466125,0.662970444784508,0.6378896832466125,band_end
1_002_20200714_225810(5),1,0.6426357626914978,0.828765592711545,0.6426357626914978,interior
1_002_20200714_225810(5),2,0.6292401552200317,0.7763243319913267,0.6292401552200317,edge
1_002_20200714_225817(4),0,0.6459720730781555,0.6996681947511988,0.6459720730781555,band_end
1_002_20200714_225817(4),1,0.5751150250434875,0.719726684410125,0.5751150250434875,interior
1_002_20200714_225817(4),2,0.6133023500442505,0.7520332979718564,0.6133023500442505,edge
1_002_20200905_123103(4),0,0.6893613338470459,0.651511758615291,0.6893613338470459,band_end
1_002_20200905_123103(4),1,0.6606550812721252,0.6045529032577981,0.6606550812721252,interior
1_002_20200905_123103(4),2,0.6736677885055542,0.7091684369465653,0.6736677885055542,edge
1_002_20200905_123107(5),0,0.6738109588623047,0.5981051161864095,0.6738109588623047,band_end
1_002_20200905_123107(5),1,0.6651442646980286,0.6681602401835279,0.6651442646980286,interior
1_002_20200905_123107(5),2,0.6889954805374146,0.6828311066889331,0.6889954805374146,edge
1_002_20200905_123111(6),0,0.6947864294052124,0.6808045922865067,0.6947864294052124,band_end
1_002_20200905_123111(6),1,0.6711202263832092,0.7594969418935344,0.6711202263832092,interior
1_002_20200905_123111(6),2,0.670803964138031,0.7657639821402681,0.670803964138031,edge
1_002_20200905_163920(4),0,0.6820374727249146,0.6195400610559113,0.6820374727249146,band_end
1_002_20200905_163920(4),1,0.6837145090103149,0.6191296941743891,0.6837145090103149,interior
1_002_20200905_163920(4),2,0.6756496429443359,0.602348509084822,0.6756496429443359,edge
1_002_20200905_163924(2),0,0.6941899657249451,0.7157227223709132,0.6941899657249451,band_end
1_002_20200905_163924(2),1,0.6670324206352234,0.7247993995307777,0.6670324206352234,interior
1_002_20200905_163924(2),2,0.7095478773117065,0.7509324934683738,0.7095478773117065,edge
1_002_20200905_163928(3),0,0.704215407371521,0.6558363783062484,0.704215407371521,band_end
1_002_20200905_163928(3),1,0.6763266324996948,0.696033896922002,0.6763266324996948,interior
1_002_20200905_163928(3),2,0.6978108286857605,0.705031541362483,0.6978108286857605,edge
1_002_20200905_163932(3),0,0.6882705688476562,0.7041050016734516,0.6882705688476562,band_end
1_002_20200905_163932(3),1,0.6850781440734863,0.7475884897749538,0.6850781440734863,interior
1_002_20200905_163932(3),2,0.6759873032569885,0.7250174220752679,0.6759873032569885,edge
1_002_20200905_163936(3),0,0.694128155708313,0.8010190862485677,0.694128155708313,band_end
1_002_20200905_163936(3),1,0.6887269020080566,0.8420428911851471,0.6887269020080566,interior
1_002_20200905_163936(3),2,0.7022178173065186,0.7326623400163583,0.7022178173065186,edge
1_002_20200905_163940(2),0,0.6930020451545715,0.8036571800908422,0.6930020451545715,band_end
1_002_20200905_163940(2),1,0.699476420879364,0.7791704591946549,0.699476420879364,interior
1_002_20200905_163940(2),2,0.705122172832489,0.8524100717214481,0.705122172832489,edge
1_002_20200905_203836(3),0,0.6784605383872986,0.6491371798872324,0.6784605383872986,band_end
1_002_20200905_203836(3),1,0.6801199316978455,0.6705501760123448,0.6801199316978455,interior
1_002_20200905_203836(3),2,0.6594535708427429,0.7490373217254428,0.6594535708427429,edge
1_002_20200905_203840(3),0,0.6774992346763611,0.858291096576828,0.6774992346763611,band_end
1_002_20200905_203840(3),1,0.6856276392936707,0.7693485177438246,0.6856276392936707,interior
1_002_20200905_203840(3),2,0.6668771505355835,0.7834190832439557,0.6668771505355835,edge
1_002_20200905_203844(2),0,0.7046132683753967,0.5911314351966326,0.7046132683753967,band_end
1_002_20200905_203844(2),1,0.6924350261688232,0.577576074450118,0.6924350261688232,interior
1_002_20200905_203844(2),2,0.6840530037879944,0.6165596209037051,0.6840530037879944,edge
1_002_20200905_203848(4),0,0.7053808569908142,0.8156133433027813,0.7053808569908142,band_end
1_002_20200905_203848(4),1,0.6717157959938049,0.7715445656397162,0.6717157959938049,interior
1_002_20200905_203848(4),2,0.6830149292945862,0.7812053064505259,0.6830149292945862,edge
1_002_20200905_203856(3),0,0.0,0.4776449151503817,0.7132642865180969,band_end
1_002_20200905_203856(3),1,0.6820983290672302,0.5670703322892947,0.6820983290672302,interior
1_002_20200905_203856(3),2,0.6872379779815674,0.6248667686649787,0.6872379779815674,edge
1_002_20200905_203900(3),0,0.6770932078361511,0.7647211053052139,0.6770932078361511,band_end
1_002_20200905_203900(3),1,0.6820554733276367,0.7647720376157762,0.6820554733276367,interior
1_002_20200905_203900(3),2,0.6981310844421387,0.8098208635562055,0.6981310844421387,edge
1_002_20200906_003059(0),0,0.6626378893852234,0.707685038347528,0.6626378893852234,band_end
1_002_20200906_003059(0),1,0.6281115412712097,0.6383068730957544,0.6281115412712097,interior
1_002_20200906_003059(0),2,0.6360366344451904,0.6531267907612427,0.6360366344451904,edge
1_002_20200906_003114(8),0,0.653552234172821,0.6170842251353246,0.653552234172821,band_end
1_002_20200906_003114(8),1,0.6425647735595703,0.6105015103144215,0.6425647735595703,interior
1_002_20200906_003114(8),2,0.6376089453697205,0.603302646035924,0.6376089453697205,edge
1_002_20200906_003118(7),0,0.6645638942718506,0.8015296760739491,0.6645638942718506,band_end
1_002_20200906_003118(7),1,0.6585406064987183,0.839321214201794,0.6585406064987183,interior
1_002_20200906_003118(7),2,0.6414747834205627,0.8445151416681371,0.6414747834205627,edge
1_002_20200906_003122(7),0,0.6371491551399231,0.689878257023705,0.6371491551399231,band_end
1_002_20200906_003122(7),1,0.6511768102645874,0.7954231304975515,0.6511768102645874,interior
1_002_20200906_003122(7),2,0.6486924290657043,0.765281172147344,0.6486924290657043,edge
1_002_20200906_003126(8),0,0.6568717360496521,0.7510462156459907,0.6568717360496521,band_end
1_002_20200906_003126(8),1,0.6493508815765381,0.7111859707298899,0.6493508815765381,interior
1_002_20200906_003126(8),2,0.6249634623527527,0.7342646629086362,0.6249634623527527,edge
1_002_20200906_003132(7),0,0.6944289803504944,0.5946583201600996,0.6944289803504944,band_end
1_002_20200906_003132(7),1,0.626322865486145,0.5574432690811795,0.626322865486145,interior
1_002_20200906_003132(7),2,0.6489685773849487,0.589272726996717,0.6489685773849487,edge
2_002_20200622_203136(3),0,0.7014427185058594,0.7433552577849345,0.7014427185058594,band_end
2_002_20200622_203136(3),1,0.6731509566307068,0.5375415467315003,0.6731509566307068,interior
2_002_20200622_203136(3),2,0.6776525378227234,0.5696228586593844,0.6776525378227234,edge
2_002_20200622_203140(8),0,0.6768234968185425,0.7422538850313196,0.6768234968185425,band_end
2_002_20200622_203140(8),1,0.6414304971694946,0.7824646660648179,0.6414304971694946,interior
2_002_20200622_203140(8),2,0.7122290134429932,0.7215874698678297,0.7122290134429932,edge
2_002_20200622_203145(3),0,0.6776465177536011,0.765795295839654,0.6776465177536011,band_end
2_002_20200622_203145(3),1,0.6854884624481201,0.9030961151761379,0.6854884624481201,interior
2_002_20200622_203145(3),2,0.6536927819252014,0.6603598456325788,0.6536927819252014,edge
2_002_20200622_203149(8),0,0.6811093688011169,0.6859868515502907,0.6811093688011169,band_end
2_002_20200622_203149(8),1,0.6824770569801331,0.5947107254685954,0.6824770569801331,interior
2_002_20200622_203149(8),2,0.678569495677948,0.7192691368664218,0.678569495677948,edge
2_002_20200622_203154(3),0,0.6808964610099792,0.5368741874257849,0.6808964610099792,band_end
2_002_20200622_203154(3),1,0.6732261180877686,0.7702448308202055,0.6732261180877686,interior
2_002_20200622_203154(3),2,0.6805502772331238,0.5833004884960521,0.6805502772331238,edge
2_002_20200622_203158(8),0,0.7108222246170044,0.8249383403389322,0.7108222246170044,band_end
2_002_20200622_203158(8),1,0.6537719964981079,0.8374669054667546,0.6537719964981079,interior
2_002_20200622_203158(8),2,0.6907868981361389,0.7591874474934102,0.6907868981361389,edge
2_002_20200623_003351(2),0,0.7294459939002991,0.9179605041446693,0.7294459939002991,band_end
2_002_20200623_003351(2),1,0.69392991065979,0.8732182394363046,0.69392991065979,interior
2_002_20200623_003351(2),2,0.6994629502296448,0.9816074898297763,0.6994629502296448,edge
2_002_20200623_003355(7),0,0.6715797781944275,0.792310765815752,0.6715797781944275,band_end
2_002_20200623_003355(7),1,0.6982203722000122,0.7997941208496334,0.6982203722000122,interior
2_002_20200623_003355(7),2,0.6942241191864014,0.7530273062757276,0.6942241191864014,edge
2_002_20200623_003400(2),0,0.7397062182426453,0.618520223446316,0.7397062182426453,band_end
2_002_20200623_003400(2),1,0.7059966921806335,0.6628312252488162,0.7059966921806335,interior
2_002_20200623_003400(2),2,0.7121747136116028,0.6663838687290927,0.7121747136116028,edge
2_002_20200623_003404(7),0,0.7033451795578003,0.8228661974851582,0.7033451795578003,band_end
2_002_20200623_003404(7),1,0.6935199499130249,0.7969495751271466,0.6935199499130249,interior
2_002_20200623_003404(7),2,0.7288346290588379,0.7980883640816749,0.7288346290588379,edge
2_002_20200623_003409(2),0,0.7269431352615356,0.6730595383023847,0.7269431352615356,band_end
2_002_20200623_003409(2),1,0.7012990713119507,0.6722245108388746,0.7012990713119507,interior
2_002_20200623_003409(2),2,0.7147408127784729,0.5306655316353874,0.7147408127784729,edge
2_002_20200623_003413(7),0,0.6990369558334351,0.8715617169634363,0.6990369558334351,band_end
2_002_20200623_003413(7),1,0.6675670742988586,0.758165343909446,0.6675670742988586,interior
2_002_20200623_003413(7),2,0.7144860625267029,0.772247163194337,0.7144860625267029,edge
2_002_20200623_043056(0),0,0.733185350894928,0.7773231096240008,0.733185350894928,band_end
2_002_20200623_043056(0),1,0.7019882798194885,0.8079725542539535,0.7019882798194885,interior
2_002_20200623_043056(0),2,0.683210015296936,0.7729319692419172,0.683210015296936,edge
2_002_20200623_043100(6),0,0.707489013671875,0.6951515461726394,0.707489013671875,band_end
2_002_20200623_043100(6),1,0.6900826692581177,0.856239479051557,0.6900826692581177,interior
2_002_20200623_043100(6),2,0.6892978549003601,0.6931895192872571,0.6892978549003601,edge
2_002_20200623_043105(0),0,0.718813955783844,0.6954802762490151,0.718813955783844,band_end
2_002_20200623_043105(0),1,0.7124441862106323,0.7296639912970808,0.7124441862106323,interior
2_002_20200623_043105(0),2,0.7080361843109131,0.625569229098651,0.7080361843109131,edge
2_002_20200623_043109(4),0,0.7318423390388489,0.5373779204093022,0.7318423390388489,band_end
2_002_20200623_043109(4),1,0.6888023018836975,0.5671668983463067,0.6888023018836975,interior
2_002_20200623_043109(4),2,0.6653771996498108,0.7423804062030706,0.6653771996498108,edge
2_002_20200623_043115(4),0,0.0,0.48134288089722393,0.6939244270324707,band_end
2_002_20200623_043115(4),1,0.7166739106178284,0.7603655259316053,0.7166739106178284,interior
2_002_20200623_043115(4),2,0.6748499870300293,0.7328110460333219,0.6748499870300293,edge
2_002_20200623_043120(0),0,0.7395304441452026,0.7598139195838738,0.7395304441452026,band_end
2_002_20200623_043120(0),1,0.7100364565849304,0.6435811828754884,0.7100364565849304,interior
2_002_20200623_043120(0),2,0.7066188454627991,0.7645765950919814,0.7066188454627991,edge
2_002_20200623_082249(3),0,0.7158821821212769,0.5752318686217813,0.7158821821212769,band_end
2_002_20200623_082249(3),1,0.7263611555099487,0.6354021692684564,0.7263611555099487,interior
2_002_20200623_082249(3),2,0.7085961103439331,0.6029162018438113,0.7085961103439331,edge
2_002_20200623_082253(8),0,0.7286644577980042,0.7282924384837509,0.7286644577980042,band_end
2_002_20200623_082253(8),1,0.6931087374687195,0.5514096253771439,0.6931087374687195,interior
2_002_20200623_082253(8),2,0.7162293195724487,0.7394219768299828,0.7162293195724487,edge
2_002_20200623_082258(4),0,0.727744996547699,0.6892724932689688,0.727744996547699,band_end
2_002_20200623_082258(4),1,0.704646646976471,0.676094585287383,0.704646646976471,interior
2_002_20200623_082258(4),2,0.7030577659606934,0.7336989744410732,0.7030577659606934,edge
2_002_20200623_082302(7),0,0.7240455746650696,0.5149094539956763,0.7240455746650696,band_end
2_002_20200623_082302(7),1,0.7248563766479492,0.5456255706356397,0.7248563766479492,interior
2_002_20200623_082302(7),2,0.70008385181427,0.5507922243591112,0.70008385181427,edge
2_002_20200623_082307(2),0,0.7455994486808777,0.8116409828671031,0.7455994486808777,band_end
2_002_20200623_082307(2),1,0.7221264839172363,0.8316355909181672,0.7221264839172363,interior
2_002_20200623_082307(2),2,0.7132399082183838,0.6905641311249282,0.7132399082183838,edge
2_002_20200623_082311(8),0,0.6919569373130798,0.6190771435526432,0.6919569373130798,band_end
2_002_20200623_082311(8),1,0.7236416339874268,0.7257773710769628,0.7236416339874268,interior
2_002_20200623_082311(8),2,0.7055832147598267,0.7272355887345963,0.7055832147598267,edge
2_002_20200623_123042(0),0,0.7116963267326355,0.602377779344888,0.7116963267326355,band_end
2_002_20200623_123042(0),1,0.7271427512168884,0.7508125286000271,0.7271427512168884,interior
2_002_20200623_123042(0),2,0.7327494621276855,0.5404407487645394,0.7327494621276855,edge
2_002_20200623_123046(4),0,0.7432653307914734,0.8018833262289,0.7432653307914734,band_end
2_002_20200623_123046(4),1,0.6975479125976562,0.6407277091082045,0.6975479125976562,interior
2_002_20200623_123046(4),2,0.7146912217140198,0.7814713752380305,0.7146912217140198,edge
2_002_20200623_123051(1),0,0.6980776786804199,0.7926667300687934,0.6980776786804199,band_end
2_002_20200623_123051(1),1,0.7012372016906738,0.8596023594233857,0.7012372016906738,interior
2_002_20200623_123051(1),2,0.7116493582725525,0.7356765237610406,0.7116493582725525,edge
2_002_20200623_123055(5),0,0.7300938963890076,0.609157954359106,0.7300938963890076,band_end
2_002_20200623_123055(5),1,0.7194374799728394,0.7159729444121452,0.7194374799728394,interior
2_002_20200623_123055(5),2,0.7181764841079712,0.6238708089323997,0.7181764841079712,edge
2_002_20200623_123100(0),0,0.7301367521286011,0.7703456618261706,0.7301367521286011,band_end
2_002_20200623_123100(0),1,0.7038562297821045,0.718828647183735,0.7038562297821045,interior
2_002_20200623_123100(0),2,0.7090216875076294,0.8008913365211757,0.7090216875076294,edge
2_002_20200623_123104(5),0,0.7138590216636658,0.8280617141107641,0.7138590216636658,band_end
2_002_20200623_123104(5),1,0.6942014098167419,0.7802232160910835,0.6942014098167419,interior
2_002_20200623_123104(5),2,0.7181023955345154,0.7571447285171643,0.7181023955345154,edge
2_002_20200623_163020(3),0,0.7387506365776062,0.8497077631326171,0.7387506365776062,band_end
2_002_20200623_163020(3),1,0.6926482915878296,0.863531071978097,0.6926482915878296,interior
2_002_20200623_163020(3),2,0.7097681760787964,0.8378586880165653,0.7097681760787964,edge
2_002_20200623_163023(3),0,0.6732105612754822,0.6759165991593834,0.6732105612754822,band_end
2_002_20200623_163023(3),1,0.7301846742630005,0.6297577927597682,0.7301846742630005,interior
2_002_20200623_163023(3),2,0.7021709680557251,0.6570436786024063,0.7021709680557251,edge
2_002_20200623_163026(3),0,0.7167519330978394,0.6323496533524511,0.7167519330978394,band_end
2_002_20200623_163026(3),1,0.7053099274635315,0.6544147189246526,0.7053099274635315,interior
2_002_20200623_163026(3),2,0.703628420829773,0.6672097105556705,0.703628420829773,edge
2_002_20200623_163029(6),0,0.7057061791419983,0.7436320487950974,0.7057061791419983,band_end
2_002_20200623_163029(6),1,0.7305127382278442,0.7413304537386183,0.7305127382278442,interior
2_002_20200623_163029(6),2,0.7073864936828613,0.7491248652569855,0.7073864936828613,edge
2_002_20200623_163032(5),0,0.7131402492523193,0.7467212307392977,0.7131402492523193,band_end
2_002_20200623_163032(5),1,0.7080140709877014,0.6819659823643117,0.7080140709877014,interior
2_002_20200623_163032(5),2,0.7083059549331665,0.5088199691867425,0.7083059549331665,edge
2_002_20200623_163035(5),0,0.7247093915939331,0.6350364107832097,0.7247093915939331,band_end
2_002_20200623_163035(5),1,0.6921262145042419,0.6910166746579598,0.6921262145042419,interior
2_002_20200623_163035(5),2,0.6977599859237671,0.6722717087215603,0.6977599859237671,edge
2_002_20200623_203033(6),0,0.7124062776565552,0.6647843674393744,0.7124062776565552,band_end
2_002_20200623_203033(6),1,0.6848806142807007,0.7317845267243683,0.6848806142807007,interior
2_002_20200623_203033(6),2,0.7003042697906494,0.7726494954518652,0.7003042697906494,edge
2_002_20200623_203038(0),0,0.6923357248306274,0.7913417803691459,0.6923357248306274,band_end
2_002_20200623_203038(0),1,0.6909762620925903,0.8715836545544257,0.6909762620925903,interior
2_002_20200623_203038(0),2,0.7066787481307983,0.8244097331713861,0.7066787481307983,edge
2_002_20200623_203042(5),0,0.736611008644104,0.605289868285208,0.736611008644104,band_end
2_002_20200623_203042(5),1,0.7224065661430359,0.7954857397700773,0.7224065661430359,interior
2_002_20200623_203042(5),2,0.6945548057556152,0.7392823013890749,0.6945548057556152,edge
2_002_20200623_203047(0),0,0.7374358177185059,0.6130507276242857,0.7374358177185059,band_end
2_002_20200623_203047(0),1,0.7337004542350769,0.7389821340835834,0.7337004542350769,interior
2_002_20200623_203047(0),2,0.7109564542770386,0.846549478271152,0.7109564542770386,edge
2_002_20200623_203050(0),0,0.7115346789360046,0.7160307354700053,0.7115346789360046,band_end
2_002_20200623_203050(0),1,0.7075456380844116,0.7363375163561929,0.7075456380844116,interior
2_002_20200623_203050(0),2,0.7102957963943481,0.7651561690015815,0.7102957963943481,edge
2_002_20200623_203054(6),0,0.7307280898094177,0.7799867620615574,0.7307280898094177,band_end
2_002_20200623_203054(6),1,0.7167627811431885,0.7226026742814942,0.7167627811431885,interior
2_002_20200623_203054(6),2,0.6811531186103821,0.7100731805942087,0.6811531186103821,edge
2_002_20200624_003115(6),0,0.6655396223068237,0.8211808666369229,0.6655396223068237,band_end
2_002_20200624_003115(6),1,0.6330335736274719,0.7031439564951885,0.6330335736274719,interior
2_002_20200624_003115(6),2,0.657862663269043,0.7230701720705511,0.657862663269043,edge
2_002_20200624_003118(6),0,0.6648331880569458,0.8037579584699072,0.6648331880569458,band_end
2_002_20200624_003118(6),1,0.6404376029968262,0.7656472010356892,0.6404376029968262,interior
2_002_20200624_003118(6),2,0.6628802418708801,0.7767210574335573,0.6628802418708801,edge
2_002_20200624_003123(0),0,0.6722003221511841,0.6847797996657685,0.6722003221511841,band_end
2_002_20200624_003123(0),1,0.6122149229049683,0.7975594212783488,0.6122149229049683,interior
2_002_20200624_003123(0),2,0.6067818999290466,0.7512278854838368,0.6067818999290466,edge
2_002_20200624_003127(5),0,0.7032942175865173,0.6132613571023581,0.7032942175865173,band_end
2_002_20200624_003127(5),1,0.659514844417572,0.6714540049075507,0.659514844417572,interior
2_002_20200624_003127(5),2,0.6462167501449585,0.616927047511851,0.6462167501449585,edge
2_002_20200624_003132(0),0,0.6750507950782776,0.6262458417977997,0.6750507950782776,band_end
2_002_20200624_003132(0),1,0.616254985332489,0.731111778546628,0.616254985332489,interior
2_002_20200624_003132(0),2,0.6575953364372253,0.6930428453390796,0.6575953364372253,edge
2_002_20200624_003136(5),0,0.002781032118946314,0.6783619122016554,0.6709313988685608,band_end
2_002_20200624_003136(5),1,0.6356659531593323,0.7647676487600481,0.6356659531593323,interior
2_002_20200624_003136(5),2,0.6252842545509338,0.6353751069038861,0.6252842545509338,edge
2_002_20200624_043136(9),0,0.6528788805007935,0.8106854732008134,0.6528788805007935,band_end
2_002_20200624_043136(9),1,0.6047619581222534,0.8485075312286265,0.6047619581222534,interior
2_002_20200624_043136(9),2,0.6493686437606812,0.7865250391003183,0.6493686437606812,edge
2_002_20200624_043141(4),0,0.6566999554634094,0.6884633396546562,0.6566999554634094,band_end
2_002_20200624_043141(4),1,0.6072015166282654,0.764285055327731,0.6072015166282654,interior
2_002_20200624_043141(4),2,0.656658411026001,0.6986069342756713,0.656658411026001,edge
2_002_20200624_043145(8),0,0.6811992526054382,0.7706744879910735,0.6811992526054382,band_end
2_002_20200624_043145(8),1,0.6167120337486267,0.8503984855266846,0.6167120337486267,interior
2_002_20200624_043145(8),2,0.6795536279678345,0.6844307294302122,0.6795536279678345,edge
2_002_20200624_043150(3),0,0.6779549717903137,0.5281398022463981,0.6779549717903137,band_end
2_002_20200624_043150(3),1,0.6424099206924438,0.7224594549597467,0.6424099206924438,interior
2_002_20200624_043150(3),2,0.6155721545219421,0.8747568501519261,0.6155721545219421,edge
2_002_20200624_043154(8),0,0.6706901788711548,0.7298470673747137,0.6706901788711548,band_end
2_002_20200624_043154(8),1,0.6696750521659851,0.7228432470101605,0.6696750521659851,interior
2_002_20200624_043154(8),2,0.6028677225112915,0.8073134005807675,0.6028677225112915,edge
2_002_20200624_043159(4),0,0.6720616817474365,0.5980032479149087,0.6720616817474365,band_end
2_002_20200624_043159(4),1,0.6580570340156555,0.6543871985585635,0.6580570340156555,interior
2_002_20200624_043159(4),2,0.6137958765029907,0.6995438234375628,0.6137958765029907,edge
2_002_20200624_083032(4),0,0.6588817238807678,0.7007776047131804,0.6588817238807678,band_end
2_002_20200624_083032(4),1,0.6308205127716064,0.7887349132464648,0.6308205127716064,interior
2_002_20200624_083032(4),2,0.6853823661804199,0.7444792591438739,0.6853823661804199,edge
2_002_20200624_083036(9),0,0.655629575252533,0.6762965524959395,0.655629575252533,band_end
2_002_20200624_083036(9),1,0.6694220304489136,0.6935286092639246,0.6694220304489136,interior
2_002_20200624_083036(9),2,0.6262722015380859,0.6687500445410223,0.6262722015380859,edge
2_002_20200624_083041(3),0,0.6502224206924438,0.6817292308453157,0.6502224206924438,band_end
2_002_20200624_083041(3),1,0.6439633965492249,0.7863859061305358,0.6439633965492249,interior
2_002_20200624_083041(3),2,0.6531590819358826,0.7420473381251602,0.6531590819358826,edge
2_002_20200624_083045(8),0,0.6997271180152893,0.652244113168587,0.6997271180152893,band_end
2_002_20200624_083045(8),1,0.6411755681037903,0.7228459214809566,0.6411755681037903,interior
2_002_20200624_083045(8),2,0.6676967740058899,0.6739148670759947,0.6676967740058899,edge
2_002_20200624_083050(4),0,0.6582918167114258,0.8270426753324503,0.6582918167114258,band_end
2_002_20200624_083050(4),1,0.6371328830718994,0.7538616030653744,0.6371328830718994,interior
2_002_20200624_083050(4),2,0.6696642637252808,0.8730138465643433,0.6696642637252808,edge
2_002_20200624_083054(9),0,0.6939153671264648,0.6454780543395537,0.6939153671264648,band_end
2_002_20200624_083054(9),1,0.6481553912162781,0.7387857594183317,0.6481553912162781,interior
2_002_20200624_083054(9),2,0.6266652941703796,0.8130765995282715,0.6266652941703796,edge
2_002_20200624_123144(0),0,0.6382499933242798,0.8478725677274885,0.6382499933242798,band_end
2_002_20200624_123144(0),1,0.6489725112915039,0.846596844278606,0.6489725112915039,interior
2_002_20200624_123144(0),2,0.6973775625228882,0.5994575651362538,0.6973775625228882,edge
2_002_20200624_123148(2),0,0.648223876953125,0.855444524114829,0.648223876953125,band_end
2_002_20200624_123148(2),1,0.6613032817840576,0.691557081720112,0.6613032817840576,interior
2_002_20200624_123148(2),2,0.6753984093666077,0.7579733903782967,0.6753984093666077,edge
2_002_20200624_123152(7),0,0.7009310126304626,0.6727960541618294,0.7009310126304626,band_end
2_002_20200624_123152(7),1,0.6825346946716309,0.6188183600755958,0.6825346946716309,interior
2_002_20200624_123152(7),2,0.6287323236465454,0.6006762028549549,0.6287323236465454,edge
2_002_20200624_123157(4),0,0.6669039130210876,0.7799428931207472,0.6669039130210876,band_end
2_002_20200624_123157(4),1,0.6446470618247986,0.7889260180017426,0.6446470618247986,interior
2_002_20200624_123157(4),2,0.6255488991737366,0.8873348033533592,0.6255488991737366,edge
2_002_20200624_123201(7),0,0.6641206741333008,0.6014980402960336,0.6641206741333008,band_end
2_002_20200624_123201(7),1,0.6830252408981323,0.679300679958542,0.6830252408981323,interior
2_002_20200624_123201(7),2,0.6237573623657227,0.5304580558301017,0.6237573623657227,edge
2_002_20200624_123206(2),0,0.6807745695114136,0.6679994742079253,0.6807745695114136,band_end
2_002_20200624_123206(2),1,0.6123895049095154,0.6858390693780558,0.6123895049095154,interior
2_002_20200624_123206(2),2,0.6664513945579529,0.6821298690526922,0.6664513945579529,edge
2_002_20200624_162708(9),0,0.6652923226356506,0.7937850973855126,0.6652923226356506,band_end
2_002_20200624_162708(9),1,0.6647463440895081,0.8570568765551457,0.6647463440895081,interior
2_002_20200624_162708(9),2,0.6571721434593201,0.7500863024028823,0.6571721434593201,edge
2_002_20200624_162713(4),0,0.6681369543075562,0.7556223020646763,0.6681369543075562,band_end
2_002_20200624_162713(4),1,0.6895673871040344,0.7388861444441012,0.6895673871040344,interior
2_002_20200624_162713(4),2,0.6407023668289185,0.6619789662989698,0.6407023668289185,edge
2_002_20200624_162717(9),0,0.6822686791419983,0.6264637989853892,0.6822686791419983,band_end
2_002_20200624_162717(9),1,0.666667640209198,0.7846459405593578,0.666667640209198,interior
2_002_20200624_162717(9),2,0.6386834979057312,0.703822468433891,0.6386834979057312,edge
2_002_20200624_162722(4),0,0.671875,0.7425825951934761,0.671875,band_end
2_002_20200624_162722(4),1,0.6297211050987244,0.6657633852937859,0.6297211050987244,interior
2_002_20200624_162722(4),2,0.6101693511009216,0.7754768460103837,0.6101693511009216,edge
2_002_20200624_203111(4),0,0.6687813997268677,0.7338972938991942,0.6687813997268677,band_end
2_002_20200624_203111(4),1,0.6627227663993835,0.7571124690814003,0.6627227663993835,interior
2_002_20200624_203111(4),2,0.6214510798454285,0.7561288319243379,0.6214510798454285,edge
2_002_20200624_203114(3),0,0.6753379702568054,0.6761194319929552,0.6753379702568054,band_end
2_002_20200624_203114(3),1,0.6459583044052124,0.7557551953512586,0.6459583044052124,interior
2_002_20200624_203114(3),2,0.649070680141449,0.728941768069996,0.649070680141449,edge
2_002_20200624_203117(3),0,0.7113472819328308,0.7435713433357386,0.7113472819328308,band_end
2_002_20200624_203117(3),1,0.655970573425293,0.7329568197722368,0.655970573425293,interior
2_002_20200624_203117(3),2,0.6137528419494629,0.7623742725604659,0.6137528419494629,edge
2_002_20200624_203120(3),0,0.6873517036437988,0.721698473138323,0.6873517036437988,band_end
2_002_20200624_203120(3),1,0.6572465300559998,0.7506563225017354,0.6572465300559998,interior
2_002_20200624_203120(3),2,0.6390935778617859,0.7083845989745846,0.6390935778617859,edge
2_002_20200624_203123(3),0,0.6673831343650818,0.800103296433289,0.6673831343650818,band_end
2_002_20200624_203123(3),1,0.6374961733818054,0.7213972773252718,0.6374961733818054,interior
2_002_20200624_203123(3),2,0.6605445742607117,0.7436148324261673,0.6605445742607117,edge
2_002_20200624_203126(3),0,0.6854621171951294,0.7234085418961128,0.6854621171951294,band_end
2_002_20200624_203126(3),1,0.6488227844238281,0.7095262502982783,0.6488227844238281,interior
2_002_20200624_203126(3),2,0.6766186356544495,0.7380218131407784,0.6766186356544495,edge
2_002_20200625_003352(9),0,0.6729209423065186,0.7330118926526098,0.6729209423065186,band_end
2_002_20200625_003352(9),1,0.6815879344940186,0.7457995953405354,0.6815879344940186,interior
2_002_20200625_003352(9),2,0.6705536842346191,0.6166372002922557,0.6705536842346191,edge
2_002_20200625_003357(4),0,0.6718537211418152,0.6658431264951526,0.6718537211418152,band_end
2_002_20200625_003357(4),1,0.6817851662635803,0.6828406343217429,0.6817851662635803,interior
2_002_20200625_003357(4),2,0.6813308000564575,0.6834897851201466,0.6813308000564575,edge
2_002_20200625_003401(8),0,0.6662805676460266,0.8765514517026815,0.6662805676460266,band_end
2_002_20200625_003401(8),1,0.6760635375976562,0.7183396303883498,0.6760635375976562,interior
2_002_20200625_003401(8),2,0.6381920576095581,0.7043891280364065,0.6381920576095581,edge
2_002_20200625_003406(3),0,0.6602791547775269,0.617389027748921,0.6602791547775269,band_end
2_002_20200625_003406(3),1,0.6789005994796753,0.6931302123123549,0.6789005994796753,interior
2_002_20200625_003406(3),2,0.656432032585144,0.6351262810702729,0.656432032585144,edge
2_002_20200625_003410(8),0,0.6735332012176514,0.6974378143162036,0.6735332012176514,band_end
2_002_20200625_003410(8),1,0.6423439383506775,0.7885922164182863,0.6423439383506775,interior
2_002_20200625_003410(8),2,0.6651223301887512,0.7956265618951972,0.6651223301887512,edge
2_002_20200625_003415(4),0,0.6820687651634216,0.703246620378199,0.6820687651634216,band_end
2_002_20200625_003415(4),1,0.6384280920028687,0.6580967849764571,0.6384280920028687,interior
2_002_20200625_003415(4),2,0.647315502166748,0.7484134481653615,0.647315502166748,edge
2_002_20200831_163149(1),0,0.7060413956642151,0.5492132923259195,0.7060413956642151,band_end
2_002_20200831_163149(1),1,0.6742624640464783,0.5229879695742568,0.6742624640464783,interior
2_002_20200831_163149(1),2,0.0,0.45204440001682156,0.6947107911109924,edge
2_002_20200831_163150(6),0,0.7052839398384094,0.8450517634193334,0.7052839398384094,band_end
2_002_20200831_163150(6),1,0.7051854133605957,0.8762923604941019,0.7051854133605957,interior
2_002_20200831_163150(6),2,0.6977571249008179,0.903496069778605,0.6977571249008179,edge
2_002_20200831_203101(4),0,0.6914963126182556,0.6751049207094096,0.6914963126182556,band_end
2_002_20200831_203101(4),1,0.6817683577537537,0.6112447035570929,0.6817683577537537,interior
2_002_20200831_203101(4),2,0.6854608654975891,0.6759374472557834,0.6854608654975891,edge
2_002_20200831_203105(9),0,0.6841315031051636,0.6215669875585161,0.6841315031051636,band_end
2_002_20200831_203105(9),1,0.6987835168838501,0.6631225706733912,0.6987835168838501,interior
2_002_20200831_203105(9),2,0.6733070611953735,0.6435924549161803,0.6733070611953735,edge
2_002_20200904_230054(2),0,0.699951708316803,0.7677922746452899,0.699951708316803,band_end
2_002_20200904_230054(2),1,0.6754276752471924,0.7770153054495874,0.6754276752471924,interior
2_002_20200904_230054(2),2,0.6700890064239502,0.8211031553118021,0.6700890064239502,edge
2_002_20200904_230057(6),0,0.6918548941612244,0.7812401721099911,0.6918548941612244,band_end
2_002_20200904_230057(6),1,0.6912606954574585,0.813134217787955,0.6912606954574585,interior
2_002_20200904_230057(6),2,0.6930708289146423,0.6657214757041411,0.6930708289146423,edge
2_002_20200904_230105(4),0,0.6811139583587646,0.715701797823653,0.6811139583587646,band_end
2_002_20200904_230105(4),1,0.6846047043800354,0.7340252770668954,0.6846047043800354,interior
2_002_20200904_230105(4),2,0.6421029567718506,0.7621651886536921,0.6421029567718506,edge
2_002_20200905_003315(2),0,0.685289204120636,0.7558616058348876,0.685289204120636,band_end
2_002_20200905_003315(2),1,0.6852980256080627,0.7062196407961865,0.6852980256080627,interior
2_002_20200905_003315(2),2,0.6816138029098511,0.771704311550641,0.6816138029098511,edge
2_002_20200905_003319(2),0,0.6827906370162964,0.7232125293139586,0.6827906370162964,band_end
2_002_20200905_003319(2),1,0.6824381947517395,0.7838193794223556,0.6824381947517395,interior
2_002_20200905_003319(2),2,0.7038053870201111,0.6772857943653013,0.7038053870201111,edge
2_002_20200905_003323(3),0,0.6865705847740173,0.7973569214542375,0.6865705847740173,band_end
2_002_20200905_003323(3),1,0.686926543712616,0.7689459576252723,0.686926543712616,interior
2_002_20200905_003323(3),2,0.6607399582862854,0.7913435840771507,0.6607399582862854,edge
2_002_20200905_003327(3),0,0.6928189992904663,0.8922972105334018,0.6928189992904663,band_end
2_002_20200905_003327(3),1,0.6851789355278015,0.9249147843023235,0.6851789355278015,interior
2_002_20200905_003327(3),2,0.6936060786247253,0.7707414984399641,0.6936060786247253,edge
2_002_20200905_003331(2),0,0.6936940550804138,0.7422925414821345,0.6936940550804138,band_end
2_002_20200905_003331(2),1,0.6847301125526428,0.8855297736864598,0.6847301125526428,interior
2_002_20200905_003331(2),2,0.6655030846595764,0.6198058350803517,0.6655030846595764,edge
2_002_20200905_003335(3),0,0.6796271204948425,0.893160709832389,0.6796271204948425,band_end
2_002_20200905_003335(3),1,0.6838317513465881,0.8101795801752699,0.6838317513465881,interior
2_002_20200905_003335(3),2,0.6777969598770142,0.7931548544039555,0.6777969598770142,edge
2_002_20200905_043156(0),0,0.6903385519981384,0.6879437606333201,0.6903385519981384,band_end
2_002_20200905_043156(0),1,0.7142846584320068,0.7738945799811268,0.7142846584320068,interior
2_002_20200905_043156(0),2,0.6414149403572083,0.7337682501297742,0.6414149403572083,edge
2_002_20200905_043200(0),0,0.6966440081596375,0.5903095887496729,0.6966440081596375,band_end
2_002_20200905_043200(0),1,0.6827666759490967,0.6376321337497609,0.6827666759490967,interior
2_002_20200905_043200(0),2,0.6923442482948303,0.5811142014358732,0.6923442482948303,edge
2_002_20200905_043204(0),0,0.6951064467430115,0.7312482514938765,0.6951064467430115,band_end
2_002_20200905_043204(0),1,0.7048617005348206,0.7907491223138582,0.7048617005348206,interior
2_002_20200905_043204(0),2,0.6974273920059204,0.7650405918797203,0.6974273920059204,edge
2_002_20200905_043208(0),0,0.6784045696258545,0.581696922270839,0.6784045696258545,band_end
2_002_20200905_043208(0),1,0.6884863972663879,0.6740486465529476,0.6884863972663879,interior
2_002_20200905_043208(0),2,0.6844694018363953,0.6033456308002931,0.6844694018363953,edge
2_002_20200905_043212(1),0,0.6735077500343323,0.5627414143192963,0.6735077500343323,band_end
2_002_20200905_043212(1),1,0.6672254204750061,0.5643597786891303,0.6672254204750061,interior
2_002_20200905_043212(1),2,0.6897882223129272,0.5654271956232817,0.6897882223129272,edge
2_002_20200905_043216(0),0,0.6900883316993713,0.8698369694507768,0.6900883316993713,band_end
2_002_20200905_043216(0),1,0.6746586561203003,0.885235641969966,0.6746586561203003,interior
2_002_20200905_043216(0),2,0.6861698031425476,0.8526298663246089,0.6861698031425476,edge
2_002_20200905_083407(3),0,0.70441734790802,0.7845108058191509,0.70441734790802,band_end
2_002_20200905_083407(3),1,0.6840935945510864,0.7689588929752146,0.6840935945510864,interior
2_002_20200905_083407(3),2,0.6868067383766174,0.7361574591286391,0.6868067383766174,edge
2_002_20200905_083410(5),0,0.6748612523078918,0.9050211976744951,0.6748612523078918,band_end
2_002_20200905_083410(5),1,0.6960299611091614,0.8508156020571683,0.6960299611091614,interior
2_002_20200905_083410(5),2,0.6464898586273193,0.7276929841241035,0.6464898586273193,edge
2_002_20200905_083413(6),0,0.6781948208808899,0.54279715532937,0.6781948208808899,band_end
2_002_20200905_083413(6),1,0.686784565448761,0.514574145594024,0.686784565448761,interior
2_002_20200905_083413(6),2,0.7067552208900452,0.5840045270786578,0.7067552208900452,edge
2_002_20200905_083416(3),0,0.6843505501747131,0.691112478622477,0.6843505501747131,band_end
2_002_20200905_083416(3),1,0.6756181120872498,0.6771420061805841,0.6756181120872498,interior
2_002_20200905_083416(3),2,0.6882509589195251,0.8166720359232423,0.6882509589195251,edge
2_002_20200905_083419(3),0,0.6918445229530334,0.5864452957671376,0.6918445229530334,band_end
2_002_20200905_083419(3),1,0.7000948786735535,0.6974418808381115,0.7000948786735535,interior
2_002_20200905_083419(3),2,0.697823703289032,0.6469244667889945,0.697823703289032,edge
2_002_20200905_083422(4),0,0.6980818510055542,0.8822309069310628,0.6980818510055542,band_end
2_002_20200905_083422(4),1,0.6903336644172668,0.8807328456108848,0.6903336644172668,interior
2_002_20200905_083422(4),2,0.7102075219154358,0.8999490571523218,0.7102075219154358,edge
2_002_20200905_123055(0),0,0.7028418779373169,0.5501819306123329,0.7028418779373169,band_end
2_002_20200905_123055(0),1,0.6861593723297119,0.6731539946488672,0.6861593723297119,interior
2_002_20200905_123055(0),2,0.6877666115760803,0.6270101095531264,0.6877666115760803,edge
2_002_20200905_123058(4),0,0.6950282454490662,0.6739069822766984,0.6950282454490662,band_end
2_002_20200905_123058(4),1,0.6990951895713806,0.7243768714771573,0.6990951895713806,interior
2_002_20200905_123058(4),2,0.6905344128608704,0.5492630008805612,0.6905344128608704,edge
2_002_20200905_123102(0),0,0.7074148058891296,0.508023885575481,0.7074148058891296,band_end
2_002_20200905_123102(0),1,0.6603702306747437,0.5846683249683094,0.6603702306747437,interior
2_002_20200905_123102(0),2,0.6441529393196106,0.5025541054775183,0.6441529393196106,edge
2_002_20200905_123105(0),0,0.6896553635597229,0.6938342144207927,0.6896553635597229,band_end
2_002_20200905_123105(0),1,0.6781870722770691,0.6850379921142415,0.6781870722770691,interior
2_002_20200905_123105(0),2,0.6717431545257568,0.6561428201220816,0.6717431545257568,edge
2_002_20200905_123108(4),0,0.675866961479187,0.7977487541884327,0.675866961479187,band_end
2_002_20200905_123108(4),1,0.6983336806297302,0.7507978231607829,0.6983336806297302,interior
2_002_20200905_123108(4),2,0.6692337393760681,0.8089758093908543,0.6692337393760681,edge
2_002_20200905_123112(0),0,0.7020211815834045,0.7504220634783964,0.7020211815834045,band_end
2_002_20200905_123112(0),1,0.69528728723526,0.7180536552171896,0.69528728723526,interior
2_002_20200905_123112(0),2,0.679811954498291,0.6566904120646787,0.679811954498291,edge
2_002_20200905_163922(9),0,0.6837066411972046,0.5879041507737448,0.6837066411972046,band_end
2_002_20200905_163922(9),1,0.6852083802223206,0.5692405953839997,0.6852083802223206,interior
2_002_20200905_163922(9),2,0.6945653557777405,0.6261511366361555,0.6945653557777405,edge
2_002_20200905_163926(4),0,0.7193830609321594,0.6913132209130355,0.7193830609321594,band_end
2_002_20200905_163926(4),1,0.7042725682258606,0.7034999857919111,0.7042725682258606,interior
2_002_20200905_163926(4),2,0.6643827557563782,0.7017329794743773,0.6643827557563782,edge
2_002_20200905_163929(7),0,0.6752336025238037,0.621997461533674,0.6752336025238037,band_end
2_002_20200905_163929(7),1,0.6887915134429932,0.6824115676596368,0.6887915134429932,interior
2_002_20200905_163929(7),2,0.6972182393074036,0.769682514436918,0.6972182393074036,edge
2_002_20200905_163932(9),0,0.679384171962738,0.8719073289497858,0.679384171962738,band_end
2_002_20200905_163932(9),1,0.6856804490089417,0.8498928527745516,0.6856804490089417,interior
2_002_20200905_163932(9),2,0.6916468739509583,0.7771849199502121,0.6916468739509583,edge
2_002_20200905_163936(2),0,0.7065897583961487,0.7968924511991755,0.7065897583961487,band_end
2_002_20200905_163936(2),1,0.6807845234870911,0.7578365765137794,0.6807845234870911,interior
2_002_20200905_163936(2),2,0.6676413416862488,0.8266415739222669,0.6676413416862488,edge
2_002_20200905_163939(7),0,0.685721755027771,0.6240662576108854,0.685721755027771,band_end
2_002_20200905_163939(7),1,0.6548753380775452,0.6873719913463968,0.6548753380775452,interior
2_002_20200905_163939(7),2,0.6490465998649597,0.6202792650907611,0.6490465998649597,edge
2_002_20200905_204033(3),0,0.7061423659324646,0.6627482438028792,0.7061423659324646,band_end
2_002_20200905_204033(3),1,0.6777052879333496,0.6549321161278605,0.6777052879333496,interior
2_002_20200905_204033(3),2,0.6731224656105042,0.6126348207889584,0.6731224656105042,edge
2_002_20200905_204039(5),0,0.6796103715896606,0.9037718424300185,0.6796103715896606,band_end
2_002_20200905_204039(5),1,0.6940017938613892,0.8743476755979853,0.6940017938613892,interior
2_002_20200905_204039(5),2,0.6991099715232849,0.8563686709102336,0.6991099715232849,edge
2_002_20200905_204042(9),0,0.6834279298782349,0.6116748937569028,0.6834279298782349,band_end
2_002_20200905_204042(9),1,0.6817128658294678,0.7316389236873347,0.6817128658294678,interior
2_002_20200905_204042(9),2,0.6689298748970032,0.6546226186027161,0.6689298748970032,edge
2_002_20200905_204046(0),0,0.7041696906089783,0.6211158742326802,0.7041696906089783,band_end
2_002_20200905_204046(0),1,0.6659808158874512,0.6960378524824544,0.6659808158874512,interior
2_002_20200905_204046(0),2,0.680468738079071,0.6809124700756141,0.680468738079071,edge
2_002_20200905_204049(1),0,0.6879881620407104,0.5806120923533726,0.6879881620407104,band_end
2_002_20200905_204049(1),1,0.6853414177894592,0.5880582798713121,0.6853414177894592,interior
2_002_20200905_204049(1),2,0.6831631660461426,0.5492490488700038,0.6831631660461426,edge
2_002_20200905_204052(3),0,0.6879366040229797,0.5552786649822713,0.6879366040229797,band_end
2_002_20200905_204052(3),1,0.6904441714286804,0.587793399226927,0.6904441714286804,interior
2_002_20200905_204052(3),2,0.6936113834381104,0.6136056013123093,0.6936113834381104,edge
2_002_20200906_003114(0),0,0.6865171790122986,0.6685081296670685,0.6865171790122986,band_end
2_002_20200906_003114(0),1,0.6548945307731628,0.8024923884842904,0.6548945307731628,interior
2_002_20200906_003114(0),2,0.616080641746521,0.7522925619419256,0.616080641746521,edge
2_002_20200906_003117(3),0,0.6639587879180908,0.5776633354468431,0.6639587879180908,band_end
2_002_20200906_003117(3),1,0.6731289029121399,0.8613858583869652,0.6731289029121399,interior
2_002_20200906_003117(3),2,0.6611534953117371,0.6479475433256574,0.6611534953117371,edge
2_002_20200906_003120(8),0,0.655170738697052,0.7464859349522301,0.655170738697052,band_end
2_002_20200906_003120(8),1,0.6720009446144104,0.7819416388934265,0.6720009446144104,interior
2_002_20200906_003120(8),2,0.6232545971870422,0.8337664464721569,0.6232545971870422,edge
2_002_20200906_003124(0),0,0.6756728291511536,0.7013451845392994,0.6756728291511536,band_end
2_002_20200906_003124(0),1,0.6443127393722534,0.6920383286381951,0.6443127393722534,interior
2_002_20200906_003124(0),2,0.6518307328224182,0.6823060171662971,0.6518307328224182,edge
2_002_20200906_003127(3),0,0.6564066410064697,0.7352830112732347,0.6564066410064697,band_end
2_002_20200906_003127(3),1,0.6675381064414978,0.760616435345474,0.6675381064414978,interior
2_002_20200906_003127(3),2,0.6465632915496826,0.7358741650319826,0.6465632915496826,edge
2_002_20200906_003130(7),0,0.6732755899429321,0.7799007290773105,0.6732755899429321,band_end
2_002_20200906_003130(7),1,0.6623131036758423,0.7649105191343306,0.6623131036758423,interior
2_002_20200906_003130(7),2,0.6263080835342407,0.754839470084571,0.6263080835342407,edge
3_001_20200622_203305(8),0,0.6725879907608032,0.6927269158634854,0.6725879907608032,band_end
3_001_20200622_203305(8),1,0.0,0.4733399547346644,0.6996036171913147,interior
3_001_20200622_203305(8),2,0.6765954494476318,0.5424090706561088,0.6765954494476318,edge
3_001_20200622_203309(1),0,0.6368451118469238,0.5690845991140543,0.6368451118469238,band_end
3_001_20200622_203309(1),1,0.6687980890274048,0.5877605726162178,0.6687980890274048,interior
3_001_20200622_203309(1),2,0.6592661738395691,0.7602921885498671,0.6592661738395691,edge
3_001_20200622_203312(6),0,0.6559980511665344,0.8875353041625779,0.6559980511665344,band_end
3_001_20200622_203312(6),1,0.6830541491508484,0.8200348894723268,0.6830541491508484,interior
3_001_20200622_203312(6),2,0.6253464818000793,0.7267148495957083,0.6253464818000793,edge
3_001_20200622_203316(0),0,0.0,0.4954695383286335,0.6878796219825745,band_end
3_001_20200622_203316(0),1,0.0,0.43656050426287984,0.616962194442749,interior
3_001_20200622_203316(0),2,0.6713942289352417,0.7538181413155922,0.6713942289352417,edge
3_001_20200622_203319(4),0,0.6602929830551147,0.7484994832798861,0.6602929830551147,band_end
3_001_20200622_203319(4),1,0.6717671155929565,0.6829810871656867,0.6717671155929565,interior
3_001_20200622_203319(4),2,0.6363471150398254,0.6594588044836809,0.6363471150398254,edge
3_001_20200622_203330(3),0,0.6661645174026489,0.7957860646640256,0.6661645174026489,band_end
3_001_20200622_203330(3),1,0.6462313532829285,0.5916103375520712,0.6462313532829285,interior
3_001_20200622_203330(3),2,0.7100792527198792,0.5577196076741441,0.7100792527198792,edge
3_001_20200623_003516(8),0,0.6794607639312744,0.7944254813780548,0.6794607639312744,band_end
3_001_20200623_003516(8),1,0.6785909533500671,0.7687106581183595,0.6785909533500671,interior
3_001_20200623_003516(8),2,0.6972440481185913,0.8129799061440416,0.6972440481185913,edge
3_001_20200623_003520(5),0,0.7002788186073303,0.7508980009815915,0.7002788186073303,band_end
3_001_20200623_003520(5),1,0.6869778037071228,0.7908806030160798,0.6869778037071228,interior
3_001_20200623_003520(5),2,0.6991406679153442,0.7294586810309532,0.6991406679153442,edge
3_001_20200623_003524(0),0,0.6732097268104553,0.705999456764671,0.6732097268104553,band_end
3_001_20200623_003524(0),1,0.6543045043945312,0.7483807879698081,0.6543045043945312,interior
3_001_20200623_003524(0),2,0.6898388266563416,0.8040257024523357,0.6898388266563416,edge
3_001_20200623_003529(0),0,0.6798080205917358,0.8170045096836598,0.6798080205917358,band_end
3_001_20200623_003529(0),1,0.6525015830993652,0.9162515098254804,0.6525015830993652,interior
3_001_20200623_003529(0),2,0.6805337071418762,0.8920624270316202,0.6805337071418762,edge
3_001_20200623_003532(5),0,0.6846747398376465,0.7523770724278578,0.6846747398376465,band_end
3_001_20200623_003532(5),1,0.6635392904281616,0.7749517893055305,0.6635392904281616,interior
3_001_20200623_003532(5),2,0.6979528069496155,0.5477126469503937,0.6979528069496155,edge
3_001_20200623_003536(0),0,0.6809638142585754,0.5595170927241517,0.6809638142585754,band_end
3_001_20200623_003536(0),1,0.661138117313385,0.5228178938194149,0.661138117313385,interior
3_001_20200623_003536(0),2,0.6944194436073303,0.6710239412138532,0.6944194436073303,edge
3_001_20200623_043227(1),0,0.6850519776344299,0.7860009498122478,0.6850519776344299,band_end
3_001_20200623_043227(1),1,0.6877643465995789,0.7140659351823662,0.6877643465995789,interior
3_001_20200623_043227(1),2,0.6853249669075012,0.7375752436563974,0.6853249669075012,edge
3_001_20200623_043231(6),0,0.6622382402420044,0.8381635745516209,0.6622382402420044,band_end
3_001_20200623_043231(6),1,0.6438746452331543,0.672294427274145,0.6438746452331543,interior
3_001_20200623_043231(6),2,0.6552384495735168,0.7669478234233128,0.6552384495735168,edge
3_001_20200623_043236(1),0,0.7001917362213135,0.7599624912088244,0.7001917362213135,band_end
3_001_20200623_043236(1),1,0.692586362361908,0.7513763283655844,0.692586362361908,interior
3_001_20200623_043236(1),2,0.6591018438339233,0.5897070175698536,0.6591018438339233,edge
3_001_20200623_043240(6),0,0.6534589529037476,0.6927647928921831,0.6534589529037476,band_end
3_001_20200623_043240(6),1,0.6811332106590271,0.7869558488746474,0.6811332106590271,interior
3_001_20200623_043240(6),2,0.689415693283081,0.7271063430253104,0.689415693283081,edge
3_001_20200623_043245(2),0,0.6888354420661926,0.7961875846642407,0.6888354420661926,band_end
3_001_20200623_043245(2),1,0.6802844405174255,0.8723717164868393,0.6802844405174255,interior
3_001_20200623_043245(2),2,0.7043434381484985,0.5933687484906186,0.7043434381484985,edge
3_001_20200623_043249(6),0,0.6688500642776489,0.6071406780379579,0.6688500642776489,band_end
3_001_20200623_043249(6),1,0.6317993402481079,0.6944285689713487,0.6317993402481079,interior
3_001_20200623_043249(6),2,0.6426657438278198,0.7391973133224456,0.6426657438278198,edge
3_001_20200623_082407(9),0,0.6701722741127014,0.7749168867331014,0.6701722741127014,band_end
3_001_20200623_082407(9),1,0.6776121258735657,0.612790293804561,0.6776121258735657,interior
3_001_20200623_082407(9),2,0.6944206953048706,0.6069563892646906,0.6944206953048706,edge
3_001_20200623_082411(0),0,0.6516056060791016,0.734474167973603,0.6516056060791016,band_end
3_001_20200623_082411(0),1,0.6745904088020325,0.7359311597747039,0.6745904088020325,interior
3_001_20200623_082411(0),2,0.6823846697807312,0.8184247894219028,0.6823846697807312,edge
3_001_20200623_082414(1),0,0.6778612732887268,0.5377540467597668,0.6778612732887268,band_end
3_001_20200623_082414(1),1,0.6844008564949036,0.632499352627822,0.6844008564949036,interior
3_001_20200623_082414(1),2,0.6902600526809692,0.7097154832837492,0.6902600526809692,edge
3_001_20200623_082416(7),0,0.6723585724830627,0.8399859412245354,0.6723585724830627,band_end
3_001_20200623_082416(7),1,0.5878848433494568,0.7024583012021136,0.5878848433494568,interior
3_001_20200623_082416(7),2,0.6832017302513123,0.6547648284199732,0.6832017302513123,edge
3_001_20200623_082419(6),0,0.6739653944969177,0.7027529405074107,0.6739653944969177,band_end
3_001_20200623_082419(6),1,0.6754713654518127,0.7075443421805621,0.6754713654518127,interior
3_001_20200623_082419(6),2,0.6210036873817444,0.681155871161108,0.6210036873817444,edge
3_001_20200623_082422(5),0,0.6266607046127319,0.6563664434708668,0.6266607046127319,band_end
3_001_20200623_082422(5),1,0.7031638026237488,0.745086912023671,0.7031638026237488,interior
3_001_20200623_082422(5),2,0.6545594930648804,0.6874672357712296,0.6545594930648804,edge
3_001_20200623_123214(3),0,0.6071296334266663,0.71150607933327,0.6071296334266663,band_end
3_001_20200623_123214(3),1,0.6679248809814453,0.695282808427569,0.6679248809814453,interior
3_001_20200623_123214(3),2,0.6075809597969055,0.6954354011102236,0.6075809597969055,edge
3_001_20200623_123223(3),0,0.6408090591430664,0.6164637059406359,0.6408090591430664,band_end
3_001_20200623_123223(3),1,0.6739099025726318,0.6184705175014639,0.6739099025726318,interior
3_001_20200623_123223(3),2,0.6927181482315063,0.6457176596911495,0.6927181482315063,edge
3_001_20200623_123232(3),0,0.6640056371688843,0.664246967742589,0.6640056371688843,band_end
3_001_20200623_123232(3),1,0.6671258807182312,0.6911455549925439,0.6671258807182312,interior
3_001_20200623_123232(3),2,0.6690073609352112,0.684849874367221,0.6690073609352112,edge
3_001_20200623_123236(9),0,0.6932113766670227,0.6748016493477985,0.6932113766670227,band_end
3_001_20200623_123236(9),1,0.6595094203948975,0.5452531794385778,0.6595094203948975,interior
3_001_20200623_123236(9),2,0.6562134623527527,0.6415119970084763,0.6562134623527527,edge
3_001_20200623_123241(3),0,0.6934096813201904,0.734756883023933,0.6934096813201904,band_end
3_001_20200623_123241(3),1,0.6898688673973083,0.7458888597117758,0.6898688673973083,interior
3_001_20200623_123241(3),2,0.6443437933921814,0.7177823610176384,0.6443437933921814,edge
3_001_20200623_123245(8),0,0.6781631112098694,0.7141865841907903,0.6781631112098694,band_end
3_001_20200623_123245(8),1,0.6753944158554077,0.7586505453111634,0.6753944158554077,interior
3_001_20200623_123245(8),2,0.7070891261100769,0.6685744391177509,0.7070891261100769,edge
3_001_20200623_163159(5),0,0.6385304927825928,0.6173703511525335,0.6385304927825928,band_end
3_001_20200623_163159(5),1,0.0,0.49372348930199633,0.6863638758659363,interior
3_001_20200623_163159(5),2,0.691469669342041,0.6568342383717762,0.691469669342041,edge
3_001_20200623_163209(3),0,0.6870384812355042,0.568450237113392,0.6870384812355042,band_end
3_001_20200623_163209(3),1,0.6632905602455139,0.5523986333176463,0.6632905602455139,interior
3_001_20200623_163209(3),2,0.6776384115219116,0.6363401743242653,0.6776384115219116,edge
3_001_20200623_163212(9),0,0.7005741596221924,0.8912079550301121,0.7005741596221924,band_end
3_001_20200623_163212(9),1,0.6317991018295288,0.8579758322034462,0.6317991018295288,interior
3_001_20200623_163212(9),2,0.6682837009429932,0.8388658051768612,0.6682837009429932,edge
3_001_20200623_163216(2),0,0.66810142993927,0.6786450198567207,0.66810142993927,band_end
3_001_20200623_163216(2),1,0.6294792294502258,0.7851655588233464,0.6294792294502258,interior
3_001_20200623_163216(2),2,0.6870786547660828,0.8295854879698159,0.6870786547660828,edge
3_001_20200623_163219(5),0,0.6775131821632385,0.676285140023379,0.6775131821632385,band_end
3_001_20200623_163219(5),1,0.6813357472419739,0.797646016776213,0.6813357472419739,interior
3_001_20200623_163219(5),2,0.6811615824699402,0.8360800862050622,0.6811615824699402,edge
3_001_20200623_163222(9),0,0.6613806486129761,0.746417016775845,0.6613806486129761,band_end
3_001_20200623_163222(9),1,0.6733943223953247,0.7802636024490965,0.6733943223953247,interior
3_001_20200623_163222(9),2,0.6916915774345398,0.7949305523192425,0.6916915774345398,edge
3_001_20200623_203217(4),0,0.688830554485321,0.5968330970456375,0.688830554485321,band_end
3_001_20200623_203217(4),1,0.6886675953865051,0.5583473823510112,0.6886675953865051,interior
3_001_20200623_203217(4),2,0.6562612056732178,0.7647961628954805,0.6562612056732178,edge
3_001_20200623_203222(0),0,0.6753423810005188,0.7114933081006726,0.6753423810005188,band_end
3_001_20200623_203222(0),1,0.6850934028625488,0.6518553754306418,0.6850934028625488,interior
3_001_20200623_203222(0),2,0.7001984119415283,0.6517494596308814,0.7001984119415283,edge
3_001_20200623_203226(3),0,0.7009519934654236,0.7601653914085266,0.7009519934654236,band_end
3_001_20200623_203226(3),1,0.5650201439857483,0.6709015815120324,0.5650201439857483,interior
3_001_20200623_203226(3),2,0.6892159581184387,0.7482100685640257,0.6892159581184387,edge
3_001_20200623_203230(9),0,0.679731011390686,0.6458655327787978,0.679731011390686,band_end
3_001_20200623_203230(9),1,0.6446376442909241,0.6492714271521525,0.6446376442909241,interior
3_001_20200623_203230(9),2,0.6484397053718567,0.6486540691626852,0.6484397053718567,edge
3_001_20200623_203235(3),0,0.6719666719436646,0.6579223864203461,0.6719666719436646,band_end
3_001_20200623_203235(3),1,0.6801614761352539,0.6899140409090229,0.6801614761352539,interior
3_001_20200623_203235(3),2,0.6810184717178345,0.7095151389503976,0.6810184717178345,edge
3_001_20200623_203247(5),0,0.0,0.4897950633079745,0.6585392951965332,band_end
3_001_20200623_203247(5),1,0.6216813325881958,0.5389149209077281,0.6216813325881958,interior
3_001_20200623_203247(5),2,0.6892951726913452,0.5779647860908881,0.6892951726913452,edge
3_001_20200624_003240(4),0,0.7086833119392395,0.7239500235340257,0.7086833119392395,band_end
3_001_20200624_003240(4),1,0.6581913828849792,0.7267586310635569,0.6581913828849792,interior
3_001_20200624_003240(4),2,0.6252613663673401,0.7574638916109925,0.6252613663673401,edge
3_001_20200624_003244(2),0,0.6445791125297546,0.6229136912420822,0.6445791125297546,band_end
3_001_20200624_003244(2),1,0.62734454870224,0.5707097924477518,0.62734454870224,interior
3_001_20200624_003244(2),2,0.6896570324897766,0.5527511444291491,0.6896570324897766,edge
3_001_20200624_003247(7),0,0.0,0.4138129744096099,0.6761525273323059,band_end
3_001_20200624_003247(7),1,0.0,0.47668754030019045,0.705126941204071,interior
3_001_20200624_003247(7),2,0.0,0.45064666091163924,0.692234992980957,edge
3_001_20200624_003251(1),0,0.7204018831253052,0.69066368863042,0.7204018831253052,band_end
3_001_20200624_003251(1),1,0.6881965398788452,0.6988203922907511,0.6881965398788452,interior
3_001_20200624_003251(1),2,0.6588609218597412,0.6962111786930922,0.6588609218597412,edge
3_001_20200624_003254(3),0,0.7161542177200317,0.7177111229820717,0.7161542177200317,band_end
3_001_20200624_003254(3),1,0.6144123077392578,0.6437146738171577,0.6144123077392578,interior
3_001_20200624_003254(3),2,0.6974674463272095,0.5155192953534424,0.6974674463272095,edge
3_001_20200624_003303(5),0,0.0,0.3802364520892939,0.7292969226837158,band_end
3_001_20200624_003303(5),1,0.7095933556556702,0.5088184397725855,0.7095933556556702,interior
3_001_20200624_003303(5),2,0.0,0.46206577743093175,0.748498260974884,edge
3_001_20200624_043315(2),0,0.7266785502433777,0.7691329061799945,0.7266785502433777,band_end
3_001_20200624_043315(2),1,0.6458055973052979,0.7292593851900444,0.6458055973052979,interior
3_001_20200624_043315(2),2,0.6695659160614014,0.8260539598285268,0.6695659160614014,edge
3_001_20200624_043324(2),0,0.6772480607032776,0.662424037232995,0.6772480607032776,band_end
3_001_20200624_043324(2),1,0.682195246219635,0.7481084453531673,0.682195246219635,interior
3_001_20200624_043324(2),2,0.0014071413315832615,0.5335825992609026,0.6875692009925842,edge
3_001_20200624_043328(7),0,0.6330105066299438,0.5989663834500821,0.6330105066299438,band_end
3_001_20200624_043328(7),1,0.6171178817749023,0.5716272041058311,0.6171178817749023,interior
3_001_20200624_043328(7),2,0.0,0.4220685234919251,0.6697832345962524,edge
3_001_20200624_043333(2),0,0.0,0.4910399092871147,0.6372532248497009,band_end
3_001_20200624_043333(2),1,0.0,0.458717847110713,0.6695218682289124,interior
3_001_20200624_043333(2),2,0.6805650591850281,0.549444191587659,0.6805650591850281,edge
3_001_20200624_043337(8),0,0.7339354157447815,0.5461166171090943,0.7339354157447815,band_end
3_001_20200624_043337(8),1,0.0,0.43426837236620486,0.7011041045188904,interior
3_001_20200624_043337(8),2,0.0,0.44033180619589984,0.7547816038131714,edge
3_001_20200624_043349(7),0,0.6974582076072693,0.6318523401809027,0.6974582076072693,band_end
3_001_20200624_043349(7),1,0.6651421785354614,0.5072053134166968,0.6651421785354614,interior
3_001_20200624_043349(7),2,0.0,0.4424855523217137,0.6918575167655945,edge
3_001_20200624_083150(7),0,0.6074696779251099,0.6019537969033035,0.6074696779251099,band_end
3_001_20200624_083150(7),1,0.6944054961204529,0.5072842215175205,0.6944054961204529,interior
3_001_20200624_083150(7),2,0.6805249452590942,0.5038431272062376,0.6805249452590942,edge
3_001_20200624_083153(8),0,0.6292901635169983,0.5795713971857174,0.6292901635169983,band_end
3_001_20200624_083153(8),1,0.638954758644104,0.6030532729937769,0.638954758644104,interior
3_001_20200624_083153(8),2,0.7023157477378845,0.5654048504164586,0.7023157477378845,edge
3_001_20200624_083156(9),0,0.6714528799057007,0.6013766104367644,0.6714528799057007,band_end
3_001_20200624_083156(9),1,0.6983852982521057,0.5232486095434675,0.6983852982521057,interior
3_001_20200624_083156(9),2,0.0,0.4858945783926174,0.6841074228286743,edge
3_001_20200624_083159(6),0,0.0,0.4765314699283668,0.5526067018508911,band_end
3_001_20200624_083159(6),1,0.6394872069358826,0.549876300584791,0.6394872069358826,interior
3_001_20200624_083159(6),2,0.0,0.4870964247671949,0.7326695919036865,edge
3_001_20200624_083202(6),0,0.0,0.37382999568556746,0.7212386131286621,band_end
3_001_20200624_083202(6),1,0.0,0.25154335631855895,0.6079139113426208,interior
3_001_20200624_083202(6),2,0.5209818482398987,0.5027728689213594,0.5209818482398987,edge
3_001_20200624_083205(7),0,0.6609154939651489,0.5001742008973059,0.6609154939651489,band_end
3_001_20200624_083205(7),1,0.7379240989685059,0.5102458964741113,0.7379240989685059,interior
3_001_20200624_083205(7),2,0.6194733381271362,0.5193058538122797,0.6194733381271362,edge
3_001_20200624_123313(4),0,0.0,0.45085354633612523,0.6830316185951233,band_end
3_001_20200624_123313(4),1,0.0,0.4784114174276063,0.6191072463989258,interior
3_001_20200624_123313(4),2,0.0,0.4550797433370636,0.736948549747467,edge
3_001_20200624_123317(8),0,0.0,0.48132444126050344,0.7170228958129883,band_end
3_001_20200624_123317(8),1,0.69588702917099,0.5044731975178278,0.69588702917099,interior
3_001_20200624_123317(8),2,0.7319115996360779,0.5392969355231062,0.7319115996360779,edge
3_001_20200624_123322(3),0,0.7216334939002991,0.5035175478218922,0.7216334939002991,band_end
3_001_20200624_123322(3),1,0.0,0.398463931324451,0.6186191439628601,interior
3_001_20200624_123322(3),2,0.0,0.4784869238073767,0.6985931992530823,edge
3_001_20200624_123326(6),0,0.7250537276268005,0.5188751097022555,0.7250537276268005,band_end
3_001_20200624_123326(6),1,0.7089687585830688,0.6749461716570373,0.7089687585830688,interior
3_001_20200624_123326(6),2,0.7360123991966248,0.6030607970768387,0.7360123991966248,edge
3_001_20200624_123331(2),0,0.0028213420882821083,0.6179005384961437,0.7166861295700073,band_end
3_001_20200624_123331(2),1,0.6620380878448486,0.6744660021088619,0.6620380878448486,interior
3_001_20200624_123331(2),2,0.002734047593548894,0.564451408968137,0.6197986602783203,edge
3_001_20200624_123335(6),0,0.6758897304534912,0.553831456116833,0.6758897304534912,band_end
3_001_20200624_123335(6),1,0.6627156734466553,0.7534397717718224,0.6627156734466553,interior
3_001_20200624_123335(6),2,0.6139752864837646,0.5007266885555249,0.6139752864837646,edge
3_001_20200624_162816(3),0,0.0,0.4466669654211728,0.6862913966178894,band_end
3_001_20200624_162816(3),1,0.0,0.3748304065084085,0.5423548817634583,interior
3_001_20200624_162816(3),2,0.0,0.49737365312951926,0.6581357717514038,edge
3_001_20200624_162821(2),0,0.571993887424469,0.7209321607103102,0.571993887424469,band_end
3_001_20200624_162821(2),1,0.7065340280532837,0.5711211856806233,0.7065340280532837,interior
3_001_20200624_162821(2),2,0.6099472641944885,0.725518310708659,0.6099472641944885,edge
3_001_20200624_162831(2),0,0.7345264554023743,0.5683555408904795,0.7345264554023743,band_end
3_001_20200624_162831(2),1,0.006718465592712164,0.563348105731642,0.6264398097991943,interior
3_001_20200624_162831(2),2,0.6488999724388123,0.5043626644420287,0.6488999724388123,edge
3_001_20200624_162835(8),0,0.6263542175292969,0.5162526684361486,0.6263542175292969,band_end
3_001_20200624_162835(8),1,0.7060372829437256,0.6917156576154839,0.7060372829437256,interior
3_001_20200624_162835(8),2,0.7331820130348206,0.5794658100698094,0.7331820130348206,edge
3_001_20200624_203149(7),0,0.7059802412986755,0.5533494587769606,0.7059802412986755,band_end
3_001_20200624_203149(7),1,0.7095064520835876,0.5786372239885974,0.7095064520835876,interior
3_001_20200624_203149(7),2,0.6818995475769043,0.5672859762053712,0.6818995475769043,edge
3_001_20200624_203154(3),0,0.6969559192657471,0.6607812005658071,0.6969559192657471,band_end
3_001_20200624_203154(3),1,0.627700686454773,0.641650682717625,0.627700686454773,interior
3_001_20200624_203154(3),2,0.7402306795120239,0.5817685819619088,0.7402306795120239,edge
3_001_20200624_203203(1),0,0.6649006009101868,0.5618430296557823,0.6649006009101868,band_end
3_001_20200624_203203(1),1,0.7082074284553528,0.5962543512418211,0.7082074284553528,interior
3_001_20200624_203203(1),2,0.738375186920166,0.77136571583752,0.738375186920166,edge
3_001_20200624_203207(8),0,0.7079227566719055,0.6431573055087872,0.7079227566719055,band_end
3_001_20200624_203207(8),1,0.7204627394676208,0.6799031352275264,0.7204627394676208,interior
3_001_20200624_203207(8),2,0.7297317981719971,0.7377410575871556,0.7297317981719971,edge
3_001_20200624_203212(2),0,0.7407971024513245,0.7801391333218196,0.7407971024513245,band_end
3_001_20200624_203212(2),1,0.7334792613983154,0.7026205832135409,0.7334792613983154,interior
3_001_20200624_203212(2),2,0.6869778037071228,0.6017932386725904,0.6869778037071228,edge
3_001_20200624_203225(8),0,0.6957268118858337,0.6168926366453983,0.6957268118858337,band_end
3_001_20200624_203225(8),1,0.6663984060287476,0.6173057595688605,0.6663984060287476,interior
3_001_20200624_203225(8),2,0.6104719638824463,0.5728091102474347,0.6104719638824463,edge
3_001_20200625_003507(0),0,0.6508883833885193,0.860030577184355,0.6508883833885193,band_end
3_001_20200625_003507(0),1,0.6508663296699524,0.7051704133572706,0.6508663296699524,interior
3_001_20200625_003507(0),2,0.662825882434845,0.8459378902923285,0.662825882434845,edge
3_001_20200625_003511(4),0,0.6701828241348267,0.6445551337091776,0.6701828241348267,band_end
3_001_20200625_003511(4),1,0.5887265205383301,0.7661038763084936,0.5887265205383301,interior
3_001_20200625_003511(4),2,0.6573096513748169,0.732261776318984,0.6573096513748169,edge
3_001_20200625_003515(9),0,0.6481310129165649,0.6707224856686587,0.6481310129165649,band_end
3_001_20200625_003515(9),1,0.6407737135887146,0.7682834931135419,0.6407737135887146,interior
3_001_20200625_003515(9),2,0.6822211146354675,0.7191472313080269,0.6822211146354675,edge
3_001_20200625_003520(4),0,0.6717076301574707,0.6303072112600726,0.6717076301574707,band_end
3_001_20200625_003520(4),1,0.6613998413085938,0.7425695269681379,0.6613998413085938,interior
3_001_20200625_003520(4),2,0.6660996079444885,0.7093127600888284,0.6660996079444885,edge
3_001_20200625_003524(9),0,0.6922240257263184,0.6763372841728297,0.6922240257263184,band_end
3_001_20200625_003524(9),1,0.6759578585624695,0.7082898744687318,0.6759578585624695,interior
3_001_20200625_003524(9),2,0.6172652840614319,0.6711265693544463,0.6172652840614319,edge
3_001_20200625_003529(2),0,0.6519584059715271,0.6702250517805198,0.6519584059715271,band_end
3_001_20200625_003529(2),1,0.640897274017334,0.7318573828783393,0.640897274017334,interior
3_001_20200625_003529(2),2,0.6254189014434814,0.7018772310523823,0.6254189014434814,edge
3_001_20200625_043323(7),0,0.6904822587966919,0.699335720114311,0.6904822587966919,band_end
3_001_20200625_043323(7),1,0.6025497317314148,0.9136468663140314,0.6025497317314148,interior
3_001_20200625_043323(7),2,0.6781939268112183,0.818656247830837,0.6781939268112183,edge
3_001_20200625_043328(3),0,0.6737357378005981,0.8057782224431675,0.6737357378005981,band_end
3_001_20200625_043328(3),1,0.683326780796051,0.6607061102665888,0.683326780796051,interior
3_001_20200625_043328(3),2,0.6517872214317322,0.7099222603617965,0.6517872214317322,edge
3_001_20200625_043337(3),0,0.6723882555961609,0.7157409739183609,0.6723882555961609,band_end
3_001_20200625_043337(3),1,0.6416721343994141,0.5789789348889475,0.6416721343994141,interior
3_001_20200625_043337(3),2,0.6595152616500854,0.8032036858787652,0.6595152616500854,edge
3_001_20200625_043341(7),0,0.6958681344985962,0.7642453441165225,0.6958681344985962,band_end
3_001_20200625_043341(7),1,0.6690858006477356,0.8350060982544334,0.6690858006477356,interior
3_001_20200625_043341(7),2,0.6620731353759766,0.7760683488073895,0.6620731353759766,edge
3_001_20200625_043346(2),0,0.6668277978897095,0.7139605087291422,0.6668277978897095,band_end
3_001_20200625_043346(2),1,0.6344192028045654,0.6945148790583722,0.6344192028045654,interior
3_001_20200625_043346(2),2,0.6356450915336609,0.6438913379220017,0.6356450915336609,edge
3_001_20200625_043359(8),0,0.6602545380592346,0.6420166278589053,0.6602545380592346,band_end
3_001_20200625_043359(8),1,0.6569581627845764,0.6571841669527689,0.6569581627845764,interior
3_001_20200625_043359(8),2,0.6442541480064392,0.7918394808785681,0.6442541480064392,edge
3_001_20200727_204954(7),0,0.0,0.4721361401858875,0.6367196440696716,band_end
3_001_20200727_204954(7),1,0.6567431688308716,0.6034060305737007,0.6567431688308716,interior
3_001_20200727_204954(7),2,0.6235718727111816,0.5927256267286404,0.6235718727111816,edge
3_001_20200727_204958(2),0,0.0,0.4580981523517453,0.6838643550872803,band_end
3_001_20200727_204958(2),1,0.0,0.44921985363287326,0.6739559769630432,interior
3_001_20200727_204958(2),2,0.0,0.43973164359638856,0.6258397102355957,edge
3_001_20200728_014351(3),0,0.6729925274848938,0.623755250750916,0.6729925274848938,band_end
3_001_20200728_014351(3),1,0.6599845290184021,0.6751757602024477,0.6599845290184021,interior
3_001_20200728_014351(3),2,0.5763172507286072,0.6972839405244825,0.5763172507286072,edge
3_001_20200728_014355(2),0,0.6618799567222595,0.6344055516328537,0.6618799567222595,band_end
3_001_20200728_014355(2),1,0.5942734479904175,0.5925762438411113,0.5942734479904175,interior
3_001_20200728_014355(2),2,0.6118525266647339,0.6721119142958771,0.6118525266647339,edge
3_001_20200728_043138(3),0,0.591182291507721,0.7504746054759847,0.591182291507721,band_end
3_001_20200728_043138(3),1,0.645902693271637,0.8272119006303849,0.645902693271637,interior
3_001_20200728_043138(3),2,0.6218910217285156,0.9447657494646046,0.6218910217285156,edge
3_001_20200728_043141(5),0,0.6631998419761658,0.8103123718953558,0.6631998419761658,band_end
3_001_20200728_043141(5),1,0.5619938373565674,0.7601682265222665,0.5619938373565674,interior
3_001_20200728_043141(5),2,0.6790481805801392,0.7290253520674823,0.6790481805801392,edge
3_001_20200728_083108(2),0,0.689835786819458,0.7617161301878841,0.689835786819458,band_end
3_001_20200728_083108(2),1,0.592852771282196,0.7222032918846145,0.592852771282196,interior
3_001_20200728_083108(2),2,0.66977858543396,0.7659694048465067,0.66977858543396,edge
3_001_20200728_083116(1),0,0.5721645951271057,0.6023831317396017,0.5721645951271057,band_end
3_001_20200728_083116(1),1,0.6061105728149414,0.6259138962038686,0.6061105728149414,interior
3_001_20200728_083116(1),2,0.5908634662628174,0.6453939895767373,0.5908634662628174,edge
3_001_20200728_123129(2),0,0.639752984046936,0.6803158463537854,0.639752984046936,band_end
3_001_20200728_123129(2),1,0.5941562652587891,0.6138198392784033,0.5941562652587891,interior
3_001_20200728_123129(2),2,0.657917320728302,0.599063732169172,0.657917320728302,edge
3_001_20200728_123132(4),0,0.5945894122123718,0.7311228067399015,0.5945894122123718,band_end
3_001_20200728_123132(4),1,0.6675474047660828,0.7633307263036169,0.6675474047660828,interior
3_001_20200728_123132(4),2,0.6072158217430115,0.7942206180813418,0.6072158217430115,edge
3_001_20200728_163910(5),0,0.5636864304542542,0.7080046629426763,0.5636864304542542,band_end
3_001_20200728_163910(5),1,0.6420060992240906,0.7301382083217897,0.6420060992240906,interior
3_001_20200728_163910(5),2,0.6706769466400146,0.6856905189884215,0.6706769466400146,edge
3_001_20200728_163913(6),0,0.6597004532814026,0.7093994305840359,0.6597004532814026,band_end
3_001_20200728_163913(6),1,0.612278163433075,0.8093901029956388,0.612278163433075,interior
3_001_20200728_163913(6),2,0.5384131073951721,0.8238261147279098,0.5384131073951721,edge
3_001_20200810_085043(8),0,0.6667254567146301,0.8049212754082139,0.6667254567146301,band_end
3_001_20200810_085043(8),1,0.6902365684509277,0.7800606277157986,0.6902365684509277,interior
3_001_20200810_085043(8),2,0.6140713095664978,0.7949423688905567,0.6140713095664978,edge
3_001_20200810_123047(8),0,0.6856371164321899,0.6511935954752215,0.6856371164321899,band_end
3_001_20200810_123047(8),1,0.6393378973007202,0.6891077856068804,0.6393378973007202,interior
3_001_20200810_123047(8),2,0.6101681590080261,0.6574001788968303,0.6101681590080261,edge
3_001_20200810_123051(3),0,0.6282446384429932,0.8061783289089756,0.6282446384429932,band_end
3_001_20200810_123051(3),1,0.5752410888671875,0.8365338984895819,0.5752410888671875,interior
3_001_20200810_123051(3),2,0.5952988862991333,0.8117830946011891,0.5952988862991333,edge
3_001_20200810_163112(8),0,0.7022122740745544,0.7832357098471714,0.7022122740745544,band_end
3_001_20200810_163112(8),1,0.6836707592010498,0.7160238245194649,0.6836707592010498,interior
3_001_20200810_163112(8),2,0.5511447191238403,0.7437544783804275,0.5511447191238403,edge
3_001_20200810_163116(0),0,0.6497388482093811,0.5320783057750097,0.6497388482093811,band_end
3_001_20200810_163116(0),1,0.6778571009635925,0.5677174316484109,0.6778571009635925,interior
3_001_20200810_163116(0),2,0.6511601209640503,0.5539494023610417,0.6511601209640503,edge
3_001_20200810_203208(7),0,0.6646535992622375,0.6580321068065653,0.6646535992622375,band_end
3_001_20200810_203208(7),1,0.6726593375205994,0.6134402362762499,0.6726593375205994,interior
3_001_20200810_203208(7),2,0.5317772626876831,0.639459006205694,0.5317772626876831,edge
3_001_20200810_203212(6),0,0.6742111444473267,0.6682532894691187,0.6742111444473267,band_end
3_001_20200810_203212(6),1,0.5810031890869141,0.6705423145377565,0.5810031890869141,interior
3_001_20200810_203212(6),2,0.5859391093254089,0.7135494357983893,0.5859391093254089,edge
3_001_20200811_003323(2),0,0.5718432068824768,0.725461836952793,0.5718432068824768,band_end
3_001_20200811_003323(2),1,0.6929121613502502,0.7387490391721047,0.6929121613502502,interior
3_001_20200811_003323(2),2,0.6702726483345032,0.7575714395553057,0.6702726483345032,edge
3_001_20200811_003327(0),0,0.6578320860862732,0.621545120991857,0.6578320860862732,band_end
3_001_20200811_003327(0),1,0.5909465551376343,0.7474891710418163,0.5909465551376343,interior
3_001_20200811_003327(0),2,0.5087735652923584,0.7337926686442424,0.5087735652923584,edge
3_001_20200811_043037(3),0,0.6945151090621948,0.8508595859123624,0.6945151090621948,band_end
3_001_20200811_043037(3),1,0.6525381207466125,0.8758192308192686,0.6525381207466125,interior
3_001_20200811_043037(3),2,0.6614854335784912,0.9108795228630284,0.6614854335784912,edge
3_001_20200811_043041(6),0,0.6890520453453064,0.7978001056720446,0.6890520453453064,band_end
3_001_20200811_043041(6),1,0.5842293500900269,0.679980210337574,0.5842293500900269,interior
3_001_20200811_043041(6),2,0.6281031966209412,0.7451157054752611,0.6281031966209412,edge
3_001_20200815_003438(6),0,0.62818443775177,0.8277278874177209,0.62818443775177,band_end
3_001_20200815_003438(6),1,0.6979015469551086,0.8036269538050459,0.6979015469551086,interior
3_001_20200815_003438(6),2,0.6247870922088623,0.7992184583467147,0.6247870922088623,edge
3_001_20200815_003529(0),0,0.5714641809463501,0.6568723465072485,0.5714641809463501,band_end
3_001_20200815_003529(0),1,0.6451393961906433,0.6220155656218491,0.6451393961906433,interior
3_001_20200815_003529(0),2,0.688673734664917,0.6547044624458577,0.688673734664917,edge
3_001_20200819_003039(4),0,0.6923972964286804,0.7356340618700868,0.6923972964286804,band_end
3_001_20200819_003039(4),1,0.6463885307312012,0.6984860174421577,0.6463885307312012,interior
3_001_20200819_003039(4),2,0.6988714337348938,0.7209250292657182,0.6988714337348938,edge
3_001_20200819_003044(1),0,0.694180428981781,0.6682579755903204,0.694180428981781,band_end
3_001_20200819_003044(1),1,0.5465138554573059,0.725809236554201,0.5465138554573059,interior
3_001_20200819_003044(1),2,0.7136291265487671,0.6925015543714482,0.7136291265487671,edge
3_001_20200819_043209(9),0,0.48157405853271484,0.6257809517824884,0.48157405853271484,band_end
3_001_20200819_043209(9),1,0.6455402970314026,0.6977716113552531,0.6455402970314026,interior
3_001_20200819_043209(9),2,0.6425312757492065,0.7010071818070783,0.6425312757492065,edge
3_001_20200819_043216(0),0,0.689692497253418,0.8667030641145167,0.689692497253418,band_end
3_001_20200819_043216(0),1,0.6271931529045105,0.711292144790583,0.6271931529045105,interior
3_001_20200819_043216(0),2,0.7011586427688599,0.7419260574215665,0.7011586427688599,edge
3_001_20200819_083353(5),0,0.685825526714325,0.6240339635015352,0.685825526714325,band_end
3_001_20200819_083353(5),1,0.6302352547645569,0.5998686637693822,0.6302352547645569,interior
3_001_20200819_083353(5),2,0.6650879383087158,0.5845843565690233,0.6650879383087158,edge
3_001_20200819_083401(0),0,0.625004768371582,0.5842378890181397,0.625004768371582,band_end
3_001_20200819_083401(0),1,0.5785077214241028,0.6283019498072895,0.5785077214241028,interior
3_001_20200819_083401(0),2,0.6392611861228943,0.5829636739014022,0.6392611861228943,edge
3_001_20200819_124414(0),0,0.0,0.38667146068459435,0.6218399405479431,band_end
3_001_20200819_124414(0),1,0.5916765332221985,0.5062523904273649,0.5916765332221985,interior
3_001_20200819_124414(0),2,0.61821448802948,0.5580565656316432,0.61821448802948,edge
3_001_20200819_124415(9),0,0.6659789085388184,0.7945895222355399,0.6659789085388184,band_end
3_001_20200819_124415(9),1,0.6241888403892517,0.79831228657465,0.6241888403892517,interior
3_001_20200819_124415(9),2,0.5969871282577515,0.708144766986924,0.5969871282577515,edge
3_001_20200819_162723(4),0,0.672645092010498,0.5678871202479712,0.672645092010498,band_end
3_001_20200819_162723(4),1,0.6238491535186768,0.6185910003236245,0.6238491535186768,interior
3_001_20200819_162723(4),2,0.7116916179656982,0.5594420650804898,0.7116916179656982,edge
3_001_20200826_023328(3),0,0.6320784091949463,0.5140338960265693,0.6320784091949463,band_end
3_001_20200826_023328(3),1,0.0,0.4441859092281425,0.6180409789085388,interior
3_001_20200826_023328(3),2,0.0,0.45371561583858194,0.5948744416236877,edge
3_001_20200826_023332(5),0,0.6743250489234924,0.8669806157791519,0.6743250489234924,band_end
3_001_20200826_023332(5),1,0.6031660437583923,0.8112999535773849,0.6031660437583923,interior
3_001_20200826_023332(5),2,0.6624135375022888,0.7985662115314052,0.6624135375022888,edge
3_001_20200826_043252(8),0,0.5981120467185974,0.8039146497215299,0.5981120467185974,band_end
3_001_20200826_043252(8),1,0.5686690807342529,0.8143604238887606,0.5686690807342529,interior
3_001_20200826_043252(8),2,0.6112186312675476,0.8214840341989293,0.6112186312675476,edge
3_001_20200826_043255(8),0,0.4805239140987396,0.551034434888744,0.4805239140987396,band_end
3_001_20200826_043255(8),1,0.6662001013755798,0.7228055499080155,0.6662001013755798,interior
3_001_20200826_043255(8),2,0.6342493295669556,0.7717845220219512,0.6342493295669556,edge
3_001_20200826_123711(3),0,0.6366586685180664,0.5263017984663225,0.6366586685180664,band_end
3_001_20200826_123711(3),1,0.5307283401489258,0.6960011348309905,0.5307283401489258,interior
3_001_20200826_123711(3),2,0.5878285765647888,0.6737161574207958,0.5878285765647888,edge
3_001_20200826_123714(5),0,0.6406588554382324,0.7561767671153569,0.6406588554382324,band_end
3_001_20200826_123714(5),1,0.6694745421409607,0.7092063616251578,0.6694745421409607,interior
3_001_20200826_123714(5),2,0.6715136766433716,0.726554449658436,0.6715136766433716,edge
3_001_20200831_083711(6),0,0.7223191261291504,0.7355075448229775,0.7223191261291504,band_end
3_001_20200831_083711(6),1,0.6090197563171387,0.7432847497948509,0.6090197563171387,interior
3_001_20200831_083711(6),2,0.7013516426086426,0.5698553935214395,0.7013516426086426,edge
3_001_20200831_083714(8),0,0.664553701877594,0.6653336184666468,0.664553701877594,band_end
3_001_20200831_083714(8),1,0.6768683791160583,0.7138895925420982,0.6768683791160583,interior
3_001_20200831_083714(8),2,0.7103410959243774,0.6546467775001358,0.7103410959243774,edge
3_001_20200831_123316(5),0,0.6194517612457275,0.6673035495862192,0.6194517612457275,band_end
3_001_20200831_123316(5),1,0.6743701696395874,0.646859701770498,0.6743701696395874,interior
3_001_20200831_123316(5),2,0.7320199012756348,0.6247220652160873,0.7320199012756348,edge
3_001_20200922_163332(2),0,0.5736390948295593,0.6770816753669746,0.5736390948295593,band_end
3_001_20200922_163332(2),1,0.6988644003868103,0.7003792549903478,0.6988644003868103,interior
3_001_20200922_163332(2),2,0.6495080590248108,0.6733181208078094,0.6495080590248108,edge
3_001_20200922_163335(3),0,0.6810252666473389,0.7595988589271306,0.6810252666473389,band_end
3_001_20200922_163335(3),1,0.5857315063476562,0.7576090847781252,0.5857315063476562,interior
3_001_20200922_163335(3),2,0.6031392812728882,0.748562924189783,0.6031392812728882,edge
