image_id,obj,match_score,max_iou,center_score,kind
1_002_20200622_203053(2),0,0.9999996320312712,0.7598700694726549,0.9999996320312712,band_end
1_002_20200622_203053(2),1,0.9999998896668005,0.5938769473232882,0.9999998896668005,interior
1_002_20200622_203053(2),2,0.9999993724840196,0.5720131180995411,0.9999993724840196,edge
1_002_20200622_203057(3),0,0.9999498549802955,0.632744626301033,0.9999498549802955,band_end
1_002_20200622_203057(3),1,0.9999992703675337,0.6570194494413379,0.9999992703675337,interior
1_002_20200622_203057(3),2,0.999999469229715,0.673128144069764,0.999999469229715,edge
1_002_20200622_203101(3),0,0.9999997132215718,0.5394917286101595,0.9999997132215718,band_end
1_002_20200622_203101(3),1,0.0,0.4980525703975422,0.9999998226653045,interior
1_002_20200622_203101(3),2,0.9999997884721622,0.5377716829010842,0.9999997884721622,edge
1_002_20200622_203105(4),0,0.9999998321566415,0.7136682713193924,0.9999998321566415,band_end
1_002_20200622_203105(4),1,0.9999997276794481,0.6582398406987588,0.9999997276794481,interior
1_002_20200622_203105(4),2,0.9999999582315238,0.7405864512225758,0.9999999582315238,edge
1_002_20200622_203109(3),0,0.9999997190058573,0.6564202863744056,0.9999997190058573,band_end
1_002_20200622_203109(3),1,0.999999853887771,0.628207415700542,0.999999853887771,interior
1_002_20200622_203109(3),2,0.9999998449447257,0.7078486829644515,0.9999998449447257,edge
1_002_20200622_203121(4),0,0.9999998357822794,0.6981997587720875,0.9999998357822794,band_end
1_002_20200622_203121(4),1,0.9999997622943507,0.7368631666816853,0.9999997622943507,interior
1_002_20200622_203121(4),2,0.9999998984676349,0.7143755623982845,0.9999998984676349,edge
1_002_20200623_003346(4),0,0.9999999992246809,0.8731826765340331,0.9999999992246809,band_end
1_002_20200623_003346(4),1,0.9999998809149515,0.6678684164937794,0.9999998809149515,interior
1_002_20200623_003346(4),2,0.9999999772619702,0.754908619176723,0.9999999772619702,edge
1_002_20200623_003350(4),0,0.9999999993876214,0.6272682934667527,0.9999999993876214,band_end
1_002_20200623_003350(4),1,0.9999999859259028,0.6239712403297456,0.9999999859259028,interior
1_002_20200623_003350(4),2,0.9999999787707949,0.7461359141216738,0.9999999787707949,edge
1_002_20200623_003354(3),0,0.9999999859171131,0.7577920167399624,0.9999999859171131,band_end
1_002_20200623_003354(3),1,0.9999921032124267,0.8162974960308627,0.9999921032124267,interior
1_002_20200623_003354(3),2,0.9999999770763627,0.748704146042187,0.9999999770763627,edge
1_002_20200623_003358(2),0,0.9999999942104814,0.6083270080485165,0.9999999942104814,band_end
1_002_20200623_003358(2),1,0.9999999585088477,0.5435312784764493,0.9999999585088477,interior
1_002_20200623_003358(2),2,0.0,0.4891678740154538,0.9999999867393732,edge
1_002_20200623_003402(2),0,0.9999999890222798,0.7195653712443474,0.9999999890222798,band_end
1_002_20200623_003402(2),1,0.9999999989931074,0.7773292606234442,0.9999999989931074,interior
1_002_20200623_003402(2),2,0.9999999943037354,0.8097751984099203,0.9999999943037354,edge
1_002_20200623_003410(2),0,0.0,0.0,0.0,band_end
1_002_20200623_003410(2),1,0.9999999859239503,0.7420643654227268,0.9999999859239503,interior
1_002_20200623_003410(2),2,0.9999818976000695,0.7857521991826355,0.9999818976000695,edge
1_002_20200623_043039(3),0,0.9999999960980146,0.795960460270395,0.9999999960980146,band_end
1_002_20200623_043039(3),1,0.9999999904373768,0.7097874286133177,0.9999999904373768,interior
1_002_20200623_043039(3),2,0.9999947243692064,0.5103842283055339,0.9999947243692064,edge
1_002_20200623_043043(2),0,0.9999999970845419,0.6690515870224906,0.9999999970845419,band_end
1_002_20200623_043043(2),1,0.9999948881904744,0.739153344713467,0.9999948881904744,interior
1_002_20200623_043043(2),2,0.999999997117851,0.6490763783275912,0.999999997117851,edge
1_002_20200623_043047(2),0,0.99999998941853,0.6275527042605242,0.99999998941853,band_end
1_002_20200623_043047(2),1,0.9999999420867465,0.7065906156084781,0.9999999420867465,interior
1_002_20200623_043047(2),2,0.9999999967339415,0.6447680094621638,0.9999999967339415,edge
1_002_20200623_043051(3),0,0.9999999980855128,0.7285652647647898,0.9999999980855128,band_end
1_002_20200623_043051(3),1,0.9999999997271105,0.7629036014196104,0.9999999997271105,interior
1_002_20200623_043051(3),2,0.9999946851797649,0.715391376358792,0.9999946851797649,edge
1_002_20200623_043055(3),0,0.9999999950624572,0.6109272849193722,0.9999999950624572,band_end
1_002_20200623_043055(3),1,0.9999999946038873,0.6565900671575773,0.9999999946038873,interior
1_002_20200623_043055(3),2,0.9999760112101777,0.7376889660634054,0.9999760112101777,edge
1_002_20200623_043059(4),0,0.9999999992848878,0.8530714951210508,0.9999999992848878,band_end
1_002_20200623_043059(4),1,0.9999999670949826,0.6795803699515084,0.9999999670949826,interior
1_002_20200623_043059(4),2,0.9999650128633648,0.6766728007691978,0.9999650128633648,edge
1_002_20200623_082258(6),0,0.9999999833426083,0.6861797551491035,0.9999999833426083,band_end
1_002_20200623_082258(6),1,0.9999999954195546,0.7492332715694195,0.9999999954195546,interior
1_002_20200623_082258(6),2,0.9999999941450419,0.7464851331220798,0.9999999941450419,edge
1_002_20200623_082302(6),0,0.9999999965853348,0.6490998158952936,0.9999999965853348,band_end
1_002_20200623_082302(6),1,0.9999999815057342,0.6032742846023025,0.9999999815057342,interior
1_002_20200623_082302(6),2,0.9999999647723118,0.5213608934506588,0.9999999647723118,edge
1_002_20200623_082306(5),0,0.9999999973842517,0.8433100461758739,0.9999999973842517,band_end
1_002_20200623_082306(5),1,0.999999995623404,0.6135558922355201,0.999999995623404,interior
1_002_20200623_082306(5),2,0.9999999713279172,0.7886069649975679,0.9999999713279172,edge
1_002_20200623_082310(6),0,0.9999999986247243,0.6482908777938775,0.9999999986247243,band_end
1_002_20200623_082310(6),1,0.9999999964709037,0.522272746001495,0.9999999964709037,interior
1_002_20200623_082310(6),2,0.9999999938624267,0.723326825718581,0.9999999938624267,edge
1_002_20200623_082314(4),0,0.9999999938790325,0.5825844000709275,0.9999999938790325,band_end
1_002_20200623_082314(4),1,0.9999999993588642,0.6048359630622143,0.9999999993588642,interior
1_002_20200623_082314(4),2,0.9999999848704033,0.7771014008309944,0.9999999848704033,edge
1_002_20200623_082318(5),0,0.9999999979555516,0.72775686546683,0.9999999979555516,band_end
1_002_20200623_082318(5),1,0.0,0.4570649396322566,0.9999999982705889,interior
1_002_20200623_082318(5),2,0.9999999915496854,0.5192783954957103,0.9999999915496854,edge
1_002_20200623_123032(7),0,0.9999999975416434,0.6456859621483776,0.9999999975416434,band_end
1_002_20200623_123032(7),1,0.9999999968278204,0.5673659686351323,0.9999999968278204,interior
1_002_20200623_123032(7),2,0.9999999979748382,0.7172200433632395,0.9999999979748382,edge
1_002_20200623_123036(5),0,0.9999999916753007,0.5718088737605278,0.9999999916753007,band_end
1_002_20200623_123036(5),1,0.9999999858501267,0.5825663857870833,0.9999999858501267,interior
1_002_20200623_123036(5),2,0.99999996862384,0.8557147544241706,0.99999996862384,edge
1_002_20200623_123040(5),0,0.9999999970368487,0.5733626839278416,0.9999999970368487,band_end
1_002_20200623_123040(5),1,0.999999848800093,0.7017299904611207,0.999999848800093,interior
1_002_20200623_123040(5),2,0.327075361390231,0.6996680716023718,0.327075361390231,edge
1_002_20200623_123044(3),0,0.9999999532891648,0.7095814899142845,0.9999999532891648,band_end
1_002_20200623_123044(3),1,0.9999999616626182,0.684250053693949,0.9999999616626182,interior
1_002_20200623_123044(3),2,0.9999999845852068,0.7645289531417581,0.9999999845852068,edge
1_002_20200623_123048(4),0,0.9999999869788823,0.8824931474031877,0.9999999869788823,band_end
1_002_20200623_123048(4),1,0.999999988218189,0.690483067265653,0.999999988218189,interior
1_002_20200623_123048(4),2,0.9999999958261618,0.7560624130613356,0.9999999958261618,edge
1_002_20200623_123052(5),0,0.9999999995374054,0.8195504883905457,0.9999999995374054,band_end
1_002_20200623_123052(5),1,0.9999999938237571,0.8989883838819326,0.9999999938237571,interior
1_002_20200623_123052(5),2,0.999999997578858,0.7909043342370492,0.999999997578858,edge
1_002_20200623_163039(5),0,0.9999999865393483,0.6790646046654536,0.9999999865393483,band_end
1_002_20200623_163039(5),1,0.9999999901729576,0.6949277455257894,0.9999999901729576,interior
1_002_20200623_163039(5),2,0.9999999842104819,0.687810032989488,0.9999999842104819,edge
1_002_20200623_163043(7),0,0.0,0.4845715682847654,0.9999999481423156,band_end
1_002_20200623_163043(7),1,0.999999998995883,0.7495241949275211,0.999999998995883,interior
1_002_20200623_163043(7),2,0.999999926670291,0.8735311297520394,0.999999926670291,edge
1_002_20200623_163047(6),0,0.9999999837634563,0.5458298180930923,0.9999999837634563,band_end
1_002_20200623_163047(6),1,0.9999999729442813,0.8614615976398976,0.9999999729442813,interior
1_002_20200623_163047(6),2,0.9999999966688526,0.5188601607608169,0.9999999966688526,edge
1_002_20200623_163051(7),0,0.9999999265672935,0.7936286520430066,0.9999999265672935,band_end
1_002_20200623_163051(7),1,0.9999999958286145,0.6457183558010751,0.9999999958286145,interior
1_002_20200623_163051(7),2,0.9999960728466057,0.6295036828631873,0.9999960728466057,edge
1_002_20200623_163055(6),0,0.9999999993206252,0.6361323476967711,0.9999999993206252,band_end
1_002_20200623_163055(6),1,0.9999999925509719,0.6304351380225288,0.9999999925509719,interior
1_002_20200623_163055(6),2,0.9999999936904056,0.6563687803414096,0.9999999936904056,edge
1_002_20200623_163059(6),0,0.9999999862288838,0.7666948218159311,0.9999999862288838,band_end
1_002_20200623_163059(6),1,0.9999999526281604,0.7027335800633698,0.9999999526281604,interior
1_002_20200623_163059(6),2,0.9999999818580941,0.7298569751853883,0.9999999818580941,edge
1_002_20200623_203040(4),0,0.999999998714113,0.6749167392734072,0.999999998714113,band_end
1_002_20200623_203040(4),1,0.0,0.400711208619713,0.9999998654139489,interior
1_002_20200623_203040(4),2,0.9999996977768161,0.7234289507162324,0.9999996977768161,edge
1_002_20200623_203044(0),0,0.9999999964827049,0.5652792325047331,0.9999999964827049,band_end
1_002_20200623_203044(0),1,0.9999999966937114,0.5905623644023476,0.9999999966937114,interior
1_002_20200623_203044(0),2,0.9999999726920877,0.7547940326159115,0.9999999726920877,edge
1_002_20200623_203047(7),0,0.9999999864286784,0.5656988685233879,0.9999999864286784,band_end
1_002_20200623_203047(7),1,0.9999999997336182,0.6390773321056283,0.9999999997336182,interior
1_002_20200623_203047(7),2,0.9999999967708821,0.5581356665552037,0.9999999967708821,edge
1_002_20200623_203051(2),0,0.999999986933721,0.8048893069595855,0.999999986933721,band_end
1_002_20200623_203051(2),1,0.999999998779284,0.7878576008690725,0.999999998779284,interior
1_002_20200623_203051(2),2,0.9999999967754398,0.652409680661213,0.9999999967754398,edge
1_002_20200623_203054(7),0,0.999999995703666,0.5818143253998354,0.999999995703666,band_end
1_002_20200623_203054(7),1,0.9999999465910017,0.7603658732794387,0.9999999465910017,interior
1_002_20200623_203054(7),2,0.9999999840184521,0.7363639563772086,0.9999999840184521,edge
1_002_20200623_203058(3),0,0.9999999813103614,0.6573754676971817,0.9999999813103614,band_end
1_002_20200623_203058(3),1,0.9999999819380324,0.7165086097457878,0.9999999819380324,interior
1_002_20200623_203058(3),2,0.9999999966935962,0.8960473471947773,0.9999999966935962,edge
1_002_20200624_003107(0),0,0.9999999999418152,0.6317791874755829,0.9999999999418152,band_end
1_002_20200624_003107(0),1,0.9999999999802784,0.682059104408526,0.9999999999802784,interior
1_002_20200624_003107(0),2,0.9999999970100595,0.8075347502204983,0.9999999970100595,edge
1_002_20200624_003111(0),0,0.9999999999130986,0.8748085398758505,0.9999999999130986,band_end
1_002_20200624_003111(0),1,0.9999999999047935,0.7746277923161541,0.9999999999047935,interior
1_002_20200624_003111(0),2,0.9999999914415275,0.7697934789637113,0.9999999914415275,edge
1_002_20200624_003115(1),0,0.9999999999005289,0.8868364599335318,0.9999999999005289,band_end
1_002_20200624_003115(1),1,0.9999999999632059,0.8720892223359061,0.9999999999632059,interior
1_002_20200624_003115(1),2,0.9999999994248883,0.8094217405508145,0.9999999994248883,edge
1_002_20200624_003119(1),0,0.9999999999123996,0.6868321584726059,0.9999999999123996,band_end
1_002_20200624_003119(1),1,0.9999999999443023,0.6758043669581559,0.9999999999443023,interior
1_002_20200624_003119(1),2,0.9999991073821194,0.7181386393842442,0.9999991073821194,edge
1_002_20200624_003123(1),0,0.9999999999467912,0.5956144522283153,0.9999999999467912,band_end
1_002_20200624_003123(1),1,0.9999999813657193,0.6203730395005801,0.9999999813657193,interior
1_002_20200624_003123(1),2,0.9999999903181361,0.533978824365348,0.9999999903181361,edge
1_002_20200624_003127(0),0,0.9999999998441516,0.7408672125829897,0.9999999998441516,band_end
1_002_20200624_003127(0),1,0.9999999994393489,0.7787505744341545,0.9999999994393489,interior
1_002_20200624_003127(0),2,0.9999999999494373,0.6245404155062484,0.9999999999494373,edge
1_002_20200624_043128(1),0,0.9999999993781385,0.7425939526409756,0.9999999993781385,band_end
1_002_20200624_043128(1),1,0.9999999998008755,0.6050598138929052,0.9999999998008755,interior
1_002_20200624_043128(1),2,0.9999999955832766,0.6417077205454921,0.9999999955832766,edge
1_002_20200624_043132(2),0,0.9999999997786551,0.7176356525288128,0.9999999997786551,band_end
1_002_20200624_043132(2),1,0.999999999970659,0.7165459326562708,0.999999999970659,interior
1_002_20200624_043132(2),2,0.9999999990227002,0.7116412681892079,0.9999999990227002,edge
1_002_20200624_043136(1),0,0.9999999993811652,0.6607162040303041,0.9999999993811652,band_end
1_002_20200624_043136(1),1,0.9999999999591942,0.6681713287397949,0.9999999999591942,interior
1_002_20200624_043136(1),2,0.9999999998627638,0.6635378105849334,0.9999999998627638,edge
1_002_20200624_043140(2),0,0.9999999999470268,0.6996480783611622,0.9999999999470268,band_end
1_002_20200624_043140(2),1,0.9999993955757266,0.7948828311027614,0.9999993955757266,interior
1_002_20200624_043140(2),2,0.9999985026429586,0.683348956781798,0.9999985026429586,edge
1_002_20200624_043144(2),0,0.9999999999180706,0.6999835990849334,0.9999999999180706,band_end
1_002_20200624_043144(2),1,0.9999999993907236,0.7633710597163774,0.9999999993907236,interior
1_002_20200624_043144(2),2,0.9999999991591852,0.6301888610128867,0.9999999991591852,edge
1_002_20200624_043148(1),0,0.9999999999460973,0.7964979459675382,0.9999999999460973,band_end
1_002_20200624_043148(1),1,0.999999999474025,0.6428588013815476,0.999999999474025,interior
1_002_20200624_043148(1),2,0.9994989204597998,0.7606750904644721,0.9994989204597998,edge
1_002_20200624_083045(5),0,0.9999999997899798,0.5303450656483158,0.9999999997899798,band_end
1_002_20200624_083045(5),1,0.9999999996874334,0.6835585120114837,0.9999999996874334,interior
1_002_20200624_083045(5),2,0.9999877865217544,0.7264485215320573,0.9999877865217544,edge
1_002_20200624_083049(6),0,0.9999997875934663,0.658486641166832,0.9999997875934663,band_end
1_002_20200624_083049(6),1,0.9999977735562154,0.6294099764756499,0.9999977735562154,interior
1_002_20200624_083049(6),2,0.9999999895746005,0.6812154228688478,0.9999999895746005,edge
1_002_20200624_083053(3),0,0.9999999999723259,0.787898090643879,0.9999999999723259,band_end
1_002_20200624_083053(3),1,0.9999999999366849,0.8067306841954366,0.9999999999366849,interior
1_002_20200624_083053(3),2,0.9999999995121704,0.7069910368336709,0.9999999995121704,edge
1_002_20200624_083057(4),0,0.9999851914930552,0.7265823008487899,0.9999851914930552,band_end
1_002_20200624_083057(4),1,0.9999999998420896,0.7117994057816553,0.9999999998420896,interior
1_002_20200624_083057(4),2,0.9999999996777171,0.691406296629825,0.9999999996777171,edge
1_002_20200624_083101(4),0,0.9999937743720421,0.8550091780598882,0.9999937743720421,band_end
1_002_20200624_083101(4),1,0.9999999998442621,0.8368207259309619,0.9999999998442621,interior
1_002_20200624_083101(4),2,0.9999999997713722,0.9147235466219038,0.9999999997713722,edge
1_002_20200624_083105(5),0,0.9999999973714202,0.8242481375299291,0.9999999973714202,band_end
1_002_20200624_083105(5),1,0.9999763952077796,0.8536188740090733,0.9999763952077796,interior
1_002_20200624_083105(5),2,0.999998977713625,0.8130507926430294,0.999998977713625,edge
1_002_20200624_123122(6),0,0.9999999999177589,0.7614834925596318,0.9999999999177589,band_end
1_002_20200624_123122(6),1,0.9999999997611231,0.6095968622406465,0.9999999997611231,interior
1_002_20200624_123122(6),2,0.999999999759335,0.7534458139287024,0.999999999759335,edge
1_002_20200624_123126(4),0,0.0,0.4699175203412081,0.9997215310820826,band_end
1_002_20200624_123126(4),1,0.9999999999172426,0.5412625860181661,0.9999999999172426,interior
1_002_20200624_123126(4),2,0.9999999996493516,0.7177470185370513,0.9999999996493516,edge
1_002_20200624_123129(9),0,0.999999999994547,0.8008137463013315,0.999999999994547,band_end
1_002_20200624_123129(9),1,0.9999999995061306,0.7810428486665886,0.9999999995061306,interior
1_002_20200624_123129(9),2,0.999999986699275,0.5913576102001743,0.999999986699275,edge
1_002_20200624_123133(0),0,0.9999999991381932,0.524062749019463,0.9999999991381932,band_end
1_002_20200624_123133(0),1,0.9999992401199657,0.5505553544170478,0.9999992401199657,interior
1_002_20200624_123133(0),2,0.99999999621904,0.572301903557921,0.99999999621904,edge
1_002_20200624_123136(5),0,0.9999994451804634,0.8540774558166522,0.9999994451804634,band_end
1_002_20200624_123136(5),1,0.9999999998516893,0.82493599992276,0.9999999998516893,interior
1_002_20200624_123136(5),2,0.9999999994829294,0.828878630339845,0.9999999994829294,edge
1_002_20200624_123143(7),0,0.9999534733689297,0.6751284060273062,0.9999534733689297,band_end
1_002_20200624_123143(7),1,0.9999999993832023,0.7616364232001654,0.9999999993832023,interior
1_002_20200624_123143(7),2,0.9999999996075097,0.659866227662389,0.9999999996075097,edge
1_002_20200624_162522(0),0,0.9999999999482181,0.8341316570724517,0.9999999999482181,band_end
1_002_20200624_162522(0),1,0.9999999999224618,0.8672618051024374,0.9999999999224618,interior
1_002_20200624_162522(0),2,0.9999999996584432,0.8108300579833592,0.9999999996584432,edge
1_002_20200624_162527(8),0,0.9999999996992992,0.8837418648388989,0.9999999996992992,band_end
1_002_20200624_162527(8),1,0.9999999996715101,0.7852520731262351,0.9999999996715101,interior
1_002_20200624_162527(8),2,0.999999998700148,0.8179255347303832,0.999999998700148,edge
1_002_20200624_162531(7),0,0.9999999998816034,0.7741671097911306,0.9999999998816034,band_end
1_002_20200624_162531(7),1,0.9999999939133677,0.7174885051282214,0.9999999939133677,interior
1_002_20200624_162531(7),2,0.9999999877722524,0.7570999286388573,0.9999999877722524,edge
1_002_20200624_162536(8),0,0.9999243870443708,0.7592006172882659,0.9999243870443708,band_end
1_002_20200624_162536(8),1,0.9999999999092664,0.7510413137457539,0.9999999999092664,interior
1_002_20200624_162536(8),2,0.999999999604809,0.5711979844327201,0.999999999604809,edge
1_002_20200624_162540(3),0,0.9998351749180182,0.6690707733716278,0.9998351749180182,band_end
1_002_20200624_162540(3),1,0.9999999998496663,0.510059114235375,0.9999999998496663,interior
1_002_20200624_162540(3),2,0.9999997487097699,0.6432427208819732,0.9999997487097699,edge
1_002_20200624_162543(7),0,0.9999792247874536,0.770653985525087,0.9999792247874536,band_end
1_002_20200624_162543(7),1,0.9999999992453308,0.5286799893054344,0.9999999992453308,interior
1_002_20200624_162543(7),2,0.999999999240806,0.5662609950690162,0.999999999240806,edge
1_002_20200624_203003(9),0,0.999999999496779,0.6150142719512305,0.999999999496779,band_end
1_002_20200624_203003(9),1,0.9999810508537823,0.8459727550516977,0.9999810508537823,interior
1_002_20200624_203003(9),2,0.9999999997090108,0.59413082762593,0.9999999997090108,edge
1_002_20200624_203012(9),0,0.9999999998236238,0.8298947389888008,0.9999999998236238,band_end
1_002_20200624_203012(9),1,0.9999991004466587,0.6613746422826706,0.9999991004466587,interior
1_002_20200624_203012(9),2,0.9999349982703947,0.8077920150209028,0.9999349982703947,edge
1_002_20200624_203017(4),0,0.9999992745048655,0.598503279312083,0.9999992745048655,band_end
1_002_20200624_203017(4),1,0.9999999992836337,0.5734892633691495,0.9999999992836337,interior
1_002_20200624_203017(4),2,0.0,0.46264892550207637,0.9999999996332589,edge
1_002_20200624_203021(9),0,0.9999999999515874,0.6995284006520008,0.9999999999515874,band_end
1_002_20200624_203021(9),1,0.9999978377936898,0.6616285034616178,0.9999978377936898,interior
1_002_20200624_203021(9),2,0.9999999234507039,0.8408196118829601,0.9999999234507039,edge
1_002_20200624_203026(4),0,0.9999999999495228,0.8025420056059589,0.9999999999495228,band_end
1_002_20200624_203026(4),1,0.9999999999741018,0.8014905885356464,0.9999999999741018,interior
1_002_20200624_203026(4),2,0.9999999997808304,0.6205571946098127,0.9999999997808304,edge
1_002_20200624_203044(4),0,0.9999999999486189,0.6502956740301615,0.9999999999486189,band_end
1_002_20200624_203044(4),1,0.9999999999855593,0.6348374940453451,0.9999999999855593,interior
1_002_20200624_203044(4),2,0.9999999935912083,0.7058968589565479,0.9999999935912083,edge
1_002_20200625_003116(4),0,0.9999997707647618,0.7352250741323868,0.9999997707647618,band_end
1_002_20200625_003116(4),1,0.999999278989607,0.7622512567754529,0.999999278989607,interior
1_002_20200625_003116(4),2,0.9999995235471623,0.812064515094849,0.9999995235471623,edge
1_002_20200625_003120(7),0,0.0,0.47296384875994757,0.9999988150351397,band_end
1_002_20200625_003120(7),1,0.9999998892310499,0.5450453233195794,0.9999998892310499,interior
1_002_20200625_003120(7),2,0.9999996724728157,0.5485241783990188,0.9999996724728157,edge
1_002_20200625_003125(4),0,0.9999968397304155,0.6803164300900463,0.9999968397304155,band_end
1_002_20200625_003125(4),1,0.9999974355053934,0.663708147940591,0.9999974355053934,interior
1_002_20200625_003125(4),2,0.9999978476460946,0.8251685648174433,0.9999978476460946,edge
1_002_20200625_003130(0),0,0.9999978479063291,0.7309989955005256,0.9999978479063291,band_end
1_002_20200625_003130(0),1,0.9999999103864692,0.7746649264001018,0.9999999103864692,interior
1_002_20200625_003130(0),2,0.9999983257172932,0.7763166292051281,0.9999983257172932,edge
1_002_20200625_003134(4),0,0.9999998835858663,0.7302712000669289,0.9999998835858663,band_end
1_002_20200625_003134(4),1,0.9999974849826073,0.6817456681565446,0.9999974849826073,interior
1_002_20200625_003134(4),2,0.9999999231019244,0.7030251048345955,0.9999999231019244,edge
1_002_20200625_003139(0),0,0.9999998419672701,0.7380285840364441,0.9999998419672701,band_end
1_002_20200625_003139(0),1,0.9999999439881573,0.7783737533243502,0.9999999439881573,interior
1_002_20200625_003139(0),2,0.9999999425436019,0.6568659730057318,0.9999999425436019,edge
1_002_20200625_042934(9),0,0.9999970372338046,0.6950251795705835,0.9999970372338046,band_end
1_002_20200625_042934(9),1,0.9999995473478884,0.7634191914626124,0.9999995473478884,interior
1_002_20200625_042934(9),2,0.9999998753706743,0.7590650484215477,0.9999998753706743,edge
1_002_20200625_042939(2),0,0.9999995875502741,0.7680131452597894,0.9999995875502741,band_end
1_002_20200625_042939(2),1,0.9999992670540941,0.5896132595775126,0.9999992670540941,interior
1_002_20200625_042939(2),2,0.9999995760742505,0.782216087885945,0.9999995760742505,edge
1_002_20200625_042943(7),0,0.9999993314507754,0.7921903280059931,0.9999993314507754,band_end
1_002_20200625_042943(7),1,0.9999998492551373,0.7392534879261131,0.9999998492551373,interior
1_002_20200625_042943(7),2,0.9999999516869252,0.7597728830472493,0.9999999516869252,edge
1_002_20200625_042948(3),0,0.9999998697983877,0.760033975910679,0.9999998697983877,band_end
1_002_20200625_042948(3),1,0.999999671996148,0.7434199894324549,0.999999671996148,interior
1_002_20200625_042948(3),2,0.9999999620156536,0.623144932834939,0.9999999620156536,edge
1_002_20200625_042952(8),0,0.9999984895255676,0.815890314494189,0.9999984895255676,band_end
1_002_20200625_042952(8),1,0.9999998954104422,0.6034136577779953,0.9999998954104422,interior
1_002_20200625_042952(8),2,0.9999996385789051,0.8363453526002271,0.9999996385789051,edge
1_002_20200625_042957(3),0,0.9999998644536897,0.7139986135509327,0.9999998644536897,band_end
1_002_20200625_042957(3),1,0.9999999313335517,0.7218563525032856,0.9999999313335517,interior
1_002_20200625_042957(3),2,0.9999997094711848,0.8529936111719243,0.9999997094711848,edge
1_002_20200714_042641(8),0,0.9999991528040703,0.6107718144389888,0.9999991528040703,band_end
1_002_20200714_042641(8),1,0.9999993477241029,0.6634160016320791,0.9999993477241029,interior
1_002_20200714_042641(8),2,0.9999998331221348,0.704433000825023,0.9999998331221348,edge
1_002_20200714_083054(2),0,0.9999999038638355,0.6467805177227092,0.9999999038638355,band_end
1_002_20200714_083054(2),1,0.9999995316243031,0.6791145739225957,0.9999995316243031,interior
1_002_20200714_083054(2),2,0.9999998892586603,0.838755068588502,0.9999998892586603,edge
1_002_20200714_083057(5),0,0.9999996781966763,0.5502255115367977,0.9999996781966763,band_end
1_002_20200714_083057(5),1,0.9999998222494831,0.6185750655865424,0.9999998222494831,interior
1_002_20200714_083057(5),2,0.9999999779769511,0.5687013715287862,0.9999999779769511,edge
1_002_20200714_083101(7),0,0.9999999218695138,0.8237865080535137,0.9999999218695138,band_end
1_002_20200714_083101(7),1,0.9998071775278564,0.6502773080906303,0.9998071775278564,interior
1_002_20200714_083101(7),2,0.9999955491792576,0.6643848622465869,0.9999955491792576,edge
1_002_20200714_083106(2),0,0.9999997314678297,0.7524160753798201,0.9999997314678297,band_end
1_002_20200714_083106(2),1,0.9999999692638143,0.7801795997176828,0.9999999692638143,interior
1_002_20200714_083106(2),2,0.9999805238317971,0.5527139576712892,0.9999805238317971,edge
1_002_20200714_083110(8),0,0.9999992170859698,0.8055982197794291,0.9999992170859698,band_end
1_002_20200714_083110(8),1,0.9999996633539278,0.6432279973322972,0.9999996633539278,interior
1_002_20200714_083110(8),2,0.9999999237233839,0.705305360955058,0.9999999237233839,edge
1_002_20200714_083115(1),0,0.9999998635769554,0.6983285685642188,0.9999998635769554,band_end
1_002_20200714_083115(1),1,0.9999998956891962,0.6427087167488945,0.9999998956891962,interior
1_002_20200714_083115(1),2,0.9999998436379911,0.721637640691612,0.9999998436379911,edge
1_002_20200714_123109(8),0,0.999999893990747,0.5963902308567812,0.999999893990747,band_end
1_002_20200714_123109(8),1,0.9999996040101862,0.7371615382639473,0.9999996040101862,interior
1_002_20200714_123109(8),2,0.999995998961733,0.7117748820666151,0.999995998961733,edge
1_002_20200714_123113(1),0,0.9999998423960985,0.7570002120216166,0.9999998423960985,band_end
1_002_20200714_123113(1),1,0.9999999135332159,0.5776362603868301,0.9999999135332159,interior
1_002_20200714_123113(1),2,0.9990765123832286,0.647101596716942,0.9990765123832286,edge
1_002_20200714_123117(3),0,0.9999998899110646,0.8233626153916073,0.9999998899110646,band_end
1_002_20200714_123117(3),1,0.9999962512197684,0.6631443689641867,0.9999962512197684,interior
1_002_20200714_123117(3),2,0.9999996057429203,0.7475197389939718,0.9999996057429203,edge
1_002_20200714_123120(4),0,0.9999997059950069,0.7693333192630027,0.9999997059950069,band_end
1_002_20200714_123120(4),1,0.9999999605359025,0.8929617551196669,0.9999999605359025,interior
1_002_20200714_123120(4),2,0.9999970948267362,0.7920892804288349,0.9999970948267362,edge
1_002_20200714_123123(5),0,0.9999989079193985,0.7205375312202026,0.9999989079193985,band_end
1_002_20200714_123123(5),1,0.9999988122029368,0.7210067362393092,0.9999988122029368,interior
1_002_20200714_123123(5),2,0.9999993921091159,0.6613013917309958,0.9999993921091159,edge
1_002_20200714_123126(4),0,0.9999999635700338,0.6625621007079716,0.9999999635700338,band_end
1_002_20200714_123126(4),1,0.9999990097890927,0.7869725944043391,0.9999990097890927,interior
1_002_20200714_123126(4),2,0.9999999162299867,0.7426013437955494,0.9999999162299867,edge
1_002_20200714_163046(2),0,0.9999991694864724,0.6802147004300518,0.9999991694864724,band_end
1_002_20200714_163046(2),1,0.9999999383511153,0.7628380778136082,0.9999999383511153,interior
1_002_20200714_163046(2),2,0.9999795946806305,0.8065881381203277,0.9999795946806305,edge
1_002_20200714_163049(8),0,0.9999994513094286,0.7371665682443245,0.9999994513094286,band_end
1_002_20200714_163049(8),1,0.9999975348910802,0.6354128736354311,0.9999975348910802,interior
1_002_20200714_163049(8),2,0.9999985082883486,0.6238901810022277,0.9999985082883486,edge
1_002_20200714_163053(5),0,0.9999995594060228,0.7524571231993035,0.9999995594060228,band_end
1_002_20200714_163053(5),1,0.9999995631061968,0.7555704691239185,0.9999995631061968,interior
1_002_20200714_163053(5),2,0.9999999132858357,0.7408867898633844,0.9999999132858357,edge
1_002_20200714_163056(8),0,0.9999971888408191,0.758984599940725,0.9999971888408191,band_end
1_002_20200714_163056(8),1,0.9999999333447729,0.6616272545898805,0.9999999333447729,interior
1_002_20200714_163056(8),2,0.9999920390708099,0.7246492270630225,0.9999920390708099,edge
1_002_20200714_163100(2),0,0.9999994365533227,0.6652625352610901,0.9999994365533227,band_end
1_002_20200714_163100(2),1,0.9999989564902099,0.7821143436627854,0.9999989564902099,interior
1_002_20200714_163100(2),2,0.9999999325154211,0.8725696137285969,0.9999999325154211,edge
1_002_20200714_163103(5),0,0.9999966655238447,0.6516302270013801,0.9999966655238447,band_end
1_002_20200714_163103(5),1,0.9999999854661137,0.835501741885323,0.9999999854661137,interior
1_002_20200714_163103(5),2,0.9999773284983877,0.6668020967793589,0.9999773284983877,edge
1_002_20200714_225756(0),0,0.9999994081690852,0.7162835466728431,0.9999994081690852,band_end
1_002_20200714_225756(0),1,0.999988877314395,0.8052567652949076,0.999988877314395,interior
1_002_20200714_225756(0),2,0.9999996863993013,0.7052820834520794,0.9999996863993013,edge
1_002_20200714_225759(8),0,0.9999998062231661,0.8706314440150166,0.9999998062231661,band_end
1_002_20200714_225759(8),1,0.9999993555147159,0.6885961386080413,0.9999993555147159,interior
1_002_20200714_225759(8),2,0.9999999481909947,0.7538613423898227,0.9999999481909947,edge
1_002_20200714_225803(3),0,0.9999994579874016,0.7410214764220854,0.9999994579874016,band_end
1_002_20200714_225803(3),1,0.9999998064649639,0.676596779030899,0.9999998064649639,interior
1_002_20200714_225803(3),2,0.9999959830859032,0.8215889368124318,0.9999959830859032,edge
1_002_20200714_225807(3),0,0.9999997462040395,0.5972780043650417,0.9999997462040395,band_end
1_002_20200714_225807(3),1,0.9999999046959893,0.7578507007037435,0.9999999046959893,interior
1_002_20200714_225807(3),2,0.9999999610278807,0.8104000589945348,0.9999999610278807,edge
1_002_20200714_225810(5),0,0.9999997266740911,0.7280799585596558,0.9999997266740911,band_end
1_002_20200714_225810(5),1,0.9999998300917614,0.748472290494934,0.9999998300917614,interior
1_002_20200714_225810(5),2,0.99999757439644,0.8559791724064119,0.99999757439644,edge
1_002_20200714_225817(4),0,0.9999997983103854,0.749331900425459,0.9999997983103854,band_end
1_002_20200714_225817(4),1,0.9999940960848551,0.7731198528464706,0.9999940960848551,interior
1_002_20200714_225817(4),2,0.9999978785186675,0.7215089840686122,0.9999978785186675,edge
1_002_20200905_123103(4),0,0.9999999106833637,0.6312675696335256,0.9999999106833637,band_end
1_002_20200905_123103(4),1,0.9999995883453678,0.7214003732738715,0.9999995883453678,interior
1_002_20200905_123103(4),2,0.9999999290350973,0.6766097731276037,0.9999999290350973,edge
1_002_20200905_123107(5),0,0.999999910591413,0.9239555686642851,0.999999910591413,band_end
1_002_20200905_123107(5),1,0.9999998820408035,0.7888705013948872,0.9999998820408035,interior
1_002_20200905_123107(5),2,0.9999992069494378,0.7822331020958894,0.9999992069494378,edge
1_002_20200905_123111(6),0,0.9999993571281524,0.7609842919814925,0.9999993571281524,band_end
1_002_20200905_123111(6),1,0.999999854597033,0.8862113662606724,0.999999854597033,interior
1_002_20200905_123111(6),2,0.9999988717383728,0.898013714601811,0.9999988717383728,edge
1_002_20200905_163920(4),0,0.9999999460831477,0.6941914882302403,0.9999999460831477,band_end
1_002_20200905_163920(4),1,0.99999968062575,0.6648671972401984,0.99999968062575,interior
1_002_20200905_163920(4),2,0.9999992544778773,0.7453452396506048,0.9999992544778773,edge
1_002_20200905_163924(2),0,0.9999998402835351,0.6464102018435817,0.9999998402835351,band_end
1_002_20200905_163924(2),1,0.9999998560378868,0.7074544266308185,0.9999998560378868,interior
1_002_20200905_163924(2),2,0.9999997286425976,0.6803964544627391,0.9999997286425976,edge
1_002_20200905_163928(3),0,0.9999998710133151,0.6897670313095724,0.9999998710133151,band_end
1_002_20200905_163928(3),1,0.9999999241678528,0.7455959299075497,0.9999999241678528,interior
1_002_20200905_163928(3),2,0.999999719071793,0.6985008764761785,0.999999719071793,edge
1_002_20200905_163932(3),0,0.999999917934962,0.8029351720159124,0.999999917934962,band_end
1_002_20200905_163932(3),1,0.9999998803922748,0.7929216743146961,0.9999998803922748,interior
1_002_20200905_163932(3),2,0.9999998178255757,0.8651464701625824,0.9999998178255757,edge
1_002_20200905_163936(3),0,0.9999997082512045,0.8495875108409053,0.9999997082512045,band_end
1_002_20200905_163936(3),1,0.99999968881784,0.8047238262342229,0.99999968881784,interior
1_002_20200905_163936(3),2,0.9999996202941558,0.808516692094536,0.9999996202941558,edge
1_002_20200905_163940(2),0,0.9999996034913745,0.5760570143067761,0.9999996034913745,band_end
1_002_20200905_163940(2),1,0.9999998954085579,0.5512512245943099,0.9999998954085579,interior
1_002_20200905_163940(2),2,0.9999996439337291,0.5993027003947147,0.9999996439337291,edge
1_002_20200905_203836(3),0,0.9999648736163712,0.7689951480659998,0.9999648736163712,band_end
1_002_20200905_203836(3),1,0.9999996676196475,0.7664207682371259,0.9999996676196475,interior
1_002_20200905_203836(3),2,0.9999987006518042,0.7355228846086653,0.9999987006518042,edge
1_002_20200905_203840(3),0,0.9999997842646052,0.7436465913963581,0.9999997842646052,band_end
1_002_20200905_203840(3),1,0.9999998597042005,0.690750098272891,0.9999998597042005,interior
1_002_20200905_203840(3),2,0.9999992149810434,0.7036060103275273,0.9999992149810434,edge
1_002_20200905_203844(2),0,0.9999995766074073,0.7419294314163088,0.9999995766074073,band_end
1_002_20200905_203844(2),1,0.9999993715741456,0.7832128959119824,0.9999993715741456,interior
1_002_20200905_203844(2),2,0.9999998035486084,0.78774433122958,0.9999998035486084,edge
1_002_20200905_203848(4),0,0.9999895007731725,0.7572788887294075,0.9999895007731725,band_end
1_002_20200905_203848(4),1,0.999999907018839,0.735207135395646,0.999999907018839,interior
1_002_20200905_203848(4),2,0.9999996422223646,0.7231049416864181,0.9999996422223646,edge
1_002_20200905_203856(3),0,0.9999933112741912,0.7516155857404072,0.9999933112741912,band_end
1_002_20200905_203856(3),1,0.9999998671134264,0.738145273663202,0.9999998671134264,interior
1_002_20200905_203856(3),2,0.9999998662159651,0.7894825285697713,0.9999998662159651,edge
1_002_20200905_203900(3),0,0.9999996219342678,0.7411773300018629,0.9999996219342678,band_end
1_002_20200905_203900(3),1,0.9999997045709212,0.7874185408951614,0.9999997045709212,interior
1_002_20200905_203900(3),2,0.9999997949092164,0.7212664912026774,0.9999997949092164,edge
1_002_20200906_003059(0),0,0.9999999435559354,0.6414400433007146,0.9999999435559354,band_end
1_002_20200906_003059(0),1,0.9999999980194176,0.6496797193730353,0.9999999980194176,interior
1_002_20200906_003059(0),2,0.9999998663942055,0.6093157773079231,0.9999998663942055,edge
1_002_20200906_003114(8),0,0.9999998637216586,0.7560464161439915,0.9999998637216586,band_end
1_002_20200906_003114(8),1,0.9999998708328854,0.7881540799530421,0.9999998708328854,interior
1_002_20200906_003114(8),2,0.9999996777637782,0.7546738893665677,0.9999996777637782,edge
1_002_20200906_003118(7),0,0.9999999315749248,0.772908563841697,0.9999999315749248,band_end
1_002_20200906_003118(7),1,0.9999999838568769,0.75533483414857,0.9999999838568769,interior
1_002_20200906_003118(7),2,0.9999999063041326,0.7215800703938422,0.9999999063041326,edge
1_002_20200906_003122(7),0,0.9999998113297862,0.763385260871662,0.9999998113297862,band_end
1_002_20200906_003122(7),1,0.9999999848704044,0.8459623139779627,0.9999999848704044,interior
1_002_20200906_003122(7),2,0.9999944858047516,0.8543112244088955,0.9999944858047516,edge
1_002_20200906_003126(8),0,0.9999999158161219,0.7586824914346352,0.9999999158161219,band_end
1_002_20200906_003126(8),1,0.9999999318522379,0.7047788197887596,0.9999999318522379,interior
1_002_20200906_003126(8),2,0.9999905325349184,0.7508938522595244,0.9999905325349184,edge
1_002_20200906_003132(7),0,0.9999984256008738,0.6089545115990787,0.9999984256008738,band_end
1_002_20200906_003132(7),1,0.9999999498638553,0.6464168237652204,0.9999999498638553,interior
1_002_20200906_003132(7),2,0.9999999796661212,0.6003571872638093,0.9999999796661212,edge
2_002_20200622_203136(3),0,0.9999908168053824,0.6410126198067627,0.9999908168053824,band_end
2_002_20200622_203136(3),1,0.0,0.49532195998138046,0.982083083932898,interior
2_002_20200622_203136(3),2,0.0,0.43433861713316013,0.9753684952114496,edge
2_002_20200622_203140(8),0,0.9998028683773328,0.7682763127262799,0.9998028683773328,band_end
2_002_20200622_203140(8),1,0.9999996861685839,0.640498018825645,0.9999996861685839,interior
2_002_20200622_203140(8),2,0.9257784876429884,0.6243005762517205,0.9257784876429884,edge
2_002_20200622_203145(3),0,0.9831122106508581,0.696215624072316,0.9831122106508581,band_end
2_002_20200622_203145(3),1,0.0518506913674545,0.6441769855278836,0.0518506913674545,interior
2_002_20200622_203145(3),2,0.9999998824957261,0.7123665244074586,0.9999998824957261,edge
2_002_20200622_203149(8),0,0.9999413047455576,0.7299315411600192,0.9999413047455576,band_end
2_002_20200622_203149(8),1,0.9999995396265894,0.65242525181808,0.9999995396265894,interior
2_002_20200622_203149(8),2,0.9649678438270134,0.7893432645462741,0.9649678438270134,edge
2_002_20200622_203154(3),0,0.9999389009079507,0.6271766029523135,0.9999389009079507,band_end
2_002_20200622_203154(3),1,0.9999226634145633,0.7988100243701046,0.9999226634145633,interior
2_002_20200622_203154(3),2,0.999999994076695,0.6669330023670009,0.999999994076695,edge
2_002_20200622_203158(8),0,0.9693970351894274,0.6493300870152429,0.9693970351894274,band_end
2_002_20200622_203158(8),1,0.9997300878933418,0.8308599630699811,0.9997300878933418,interior
2_002_20200622_203158(8),2,0.9956473257315696,0.7384440184602963,0.9956473257315696,edge
2_002_20200623_003351(2),0,0.9997109613232478,0.829222401719067,0.9997109613232478,band_end
2_002_20200623_003351(2),1,0.9998104599106445,0.8883119987135747,0.9998104599106445,interior
2_002_20200623_003351(2),2,0.9999999864235658,0.9370002988176122,0.9999999864235658,edge
2_002_20200623_003355(7),0,0.002062959031297639,0.804817834102181,0.002062959031297639,band_end
2_002_20200623_003355(7),1,0.9999999841335183,0.8156974389923788,0.9999999841335183,interior
2_002_20200623_003355(7),2,0.9999999978896483,0.7879187565358644,0.9999999978896483,edge
2_002_20200623_003400(2),0,0.999990551419098,0.5794257107718457,0.999990551419098,band_end
2_002_20200623_003400(2),1,0.9999999990074684,0.6321229746161912,0.9999999990074684,interior
2_002_20200623_003400(2),2,0.9894113405667637,0.8151018883154323,0.9894113405667637,edge
2_002_20200623_003404(7),0,0.0,0.0,0.0,band_end
2_002_20200623_003404(7),1,0.999999980215498,0.769186250866776,0.999999980215498,interior
2_002_20200623_003404(7),2,0.9999990349236841,0.7717397882872218,0.9999990349236841,edge
2_002_20200623_003409(2),0,0.9991835377371795,0.6183229544627021,0.9991835377371795,band_end
2_002_20200623_003409(2),1,0.9999999952848266,0.6923940433843347,0.9999999952848266,interior
2_002_20200623_003409(2),2,0.9186295082950839,0.5138981464168434,0.9186295082950839,edge
2_002_20200623_003413(7),0,0.9995264354668997,0.8804366104069705,0.9995264354668997,band_end
2_002_20200623_003413(7),1,0.9999999997205775,0.863428045829816,0.9999999997205775,interior
2_002_20200623_003413(7),2,0.9513429746149096,0.764187751746273,0.9513429746149096,edge
2_002_20200623_043056(0),0,0.9999748105588365,0.7082121565431974,0.9999748105588365,band_end
2_002_20200623_043056(0),1,0.999999996869279,0.8538572093809607,0.999999996869279,interior
2_002_20200623_043056(0),2,0.9271289583788388,0.7405590191516151,0.9271289583788388,edge
2_002_20200623_043100(6),0,0.9999893790361297,0.7115614578275316,0.9999893790361297,band_end
2_002_20200623_043100(6),1,0.9999701416248373,0.7934561928073918,0.9999701416248373,interior
2_002_20200623_043100(6),2,0.999999984778356,0.671886055323392,0.999999984778356,edge
2_002_20200623_043105(0),0,0.9999887208296092,0.7054001623384822,0.9999887208296092,band_end
2_002_20200623_043105(0),1,0.9999999993121709,0.6568760927791815,0.9999999993121709,interior
2_002_20200623_043105(0),2,0.9999999965149513,0.6607765038993348,0.9999999965149513,edge
2_002_20200623_043109(4),0,0.0,0.48786319653475496,0.9993359203706197,band_end
2_002_20200623_043109(4),1,0.0,0.4857336567524671,0.9999999977726941,interior
2_002_20200623_043109(4),2,0.3679790784961871,0.7403819539951122,0.3679790784961871,edge
2_002_20200623_043115(4),0,0.9984699823301969,0.5237935143089014,0.9984699823301969,band_end
2_002_20200623_043115(4),1,0.9999999552686583,0.7637383355339077,0.9999999552686583,interior
2_002_20200623_043115(4),2,0.9999379464979854,0.5815544425926715,0.9999379464979854,edge
2_002_20200623_043120(0),0,0.9999780293814723,0.6481891332695365,0.9999780293814723,band_end
2_002_20200623_043120(0),1,0.9999999926313927,0.6020465776880429,0.9999999926313927,interior
2_002_20200623_043120(0),2,0.9806561456805184,0.6571270574700269,0.9806561456805184,edge
2_002_20200623_082249(3),0,0.9986782780292881,0.5642791336921239,0.9986782780292881,band_end
2_002_20200623_082249(3),1,0.9999999991984254,0.6861157092835953,0.9999999991984254,interior
2_002_20200623_082249(3),2,0.9999999972140945,0.6666636727629177,0.9999999972140945,edge
2_002_20200623_082253(8),0,0.47840997917723455,0.7282474702322278,0.47840997917723455,band_end
2_002_20200623_082253(8),1,0.999999997435973,0.6121867637683971,0.999999997435973,interior
2_002_20200623_082253(8),2,0.9999899216997397,0.9096139888116901,0.9999899216997397,edge
2_002_20200623_082258(4),0,0.979676506876442,0.7419406650092837,0.979676506876442,band_end
2_002_20200623_082258(4),1,0.9999999972942926,0.6559811399105211,0.9999999972942926,interior
2_002_20200623_082258(4),2,0.999971673330449,0.7580636427878477,0.999971673330449,edge
2_002_20200623_082302(7),0,0.9999869474249345,0.5603915463899571,0.9999869474249345,band_end
2_002_20200623_082302(7),1,0.9997628250479467,0.5548059175517812,0.9997628250479467,interior
2_002_20200623_082302(7),2,0.9999824339345262,0.5311550420762073,0.9999824339345262,edge
2_002_20200623_082307(2),0,0.9999551749253034,0.9117479272912243,0.9999551749253034,band_end
2_002_20200623_082307(2),1,0.9999999988133239,0.8282201824443957,0.9999999988133239,interior
2_002_20200623_082307(2),2,0.9467069771393165,0.655337680050435,0.9467069771393165,edge
2_002_20200623_082311(8),0,0.0,0.484429745653107,0.9999980776971698,band_end
2_002_20200623_082311(8),1,0.9999999979011833,0.7122004133192048,0.9999999979011833,interior
2_002_20200623_082311(8),2,0.9999999834784301,0.8085421507795607,0.9999999834784301,edge
2_002_20200623_123042(0),0,0.9997894926800326,0.5564113433723941,0.9997894926800326,band_end
2_002_20200623_123042(0),1,0.9999999981684333,0.6157409924902943,0.9999999981684333,interior
2_002_20200623_123042(0),2,0.9999999681885937,0.5439633161094971,0.9999999681885937,edge
2_002_20200623_123046(4),0,0.18387446550532557,0.7812131461775407,0.18387446550532557,band_end
2_002_20200623_123046(4),1,0.9995795137293932,0.6420888991371861,0.9995795137293932,interior
2_002_20200623_123046(4),2,0.5906672970163963,0.8335948247759493,0.5906672970163963,edge
2_002_20200623_123051(1),0,0.99999808711541,0.8353237358374994,0.99999808711541,band_end
2_002_20200623_123051(1),1,0.9999999977362874,0.7037415031089563,0.9999999977362874,interior
2_002_20200623_123051(1),2,0.9754048020444822,0.9092430128557426,0.9754048020444822,edge
2_002_20200623_123055(5),0,0.999997800999847,0.600188428446256,0.999997800999847,band_end
2_002_20200623_123055(5),1,0.9983756108637352,0.6900865078693835,0.9983756108637352,interior
2_002_20200623_123055(5),2,0.870045634546862,0.6664791194382467,0.870045634546862,edge
2_002_20200623_123100(0),0,0.3604259865099309,0.6536704596787528,0.3604259865099309,band_end
2_002_20200623_123100(0),1,0.9999999984946168,0.7916986889872091,0.9999999984946168,interior
2_002_20200623_123100(0),2,0.7970821410427813,0.6282019039911414,0.7970821410427813,edge
2_002_20200623_123104(5),0,0.9999057645266158,0.7105805087760262,0.9999057645266158,band_end
2_002_20200623_123104(5),1,0.9999999990003283,0.7802993775897147,0.9999999990003283,interior
2_002_20200623_123104(5),2,0.9999999818722004,0.6828838924480991,0.9999999818722004,edge
2_002_20200623_163020(3),0,0.9985056744126918,0.8247658767085706,0.9985056744126918,band_end
2_002_20200623_163020(3),1,0.9999374054189322,0.720745586936248,0.9999374054189322,interior
2_002_20200623_163020(3),2,0.999999986619521,0.8521983047665131,0.999999986619521,edge
2_002_20200623_163023(3),0,0.0013299674815520307,0.5728643085083099,0.0013299674815520307,band_end
2_002_20200623_163023(3),1,0.9999999990056931,0.5553314892323608,0.9999999990056931,interior
2_002_20200623_163023(3),2,0.9999999911326599,0.544051901514915,0.9999999911326599,edge
2_002_20200623_163026(3),0,0.6140543285318227,0.5129045365065997,0.6140543285318227,band_end
2_002_20200623_163026(3),1,0.9999999987871224,0.6160726876070675,0.9999999987871224,interior
2_002_20200623_163026(3),2,0.9999999752483983,0.5897144517991932,0.9999999752483983,edge
2_002_20200623_163029(6),0,0.7443760366478364,0.7200348078116375,0.7443760366478364,band_end
2_002_20200623_163029(6),1,0.9999999980500687,0.7828616239033467,0.9999999980500687,interior
2_002_20200623_163029(6),2,0.9999999981763339,0.736694532901043,0.9999999981763339,edge
2_002_20200623_163032(5),0,0.9998328417064428,0.8253038650872497,0.9998328417064428,band_end
2_002_20200623_163032(5),1,0.04700308911017816,0.7899402438536289,0.04700308911017816,interior
2_002_20200623_163032(5),2,0.996021299241578,0.5300283793252586,0.996021299241578,edge
2_002_20200623_163035(5),0,0.9995291255909999,0.6283592174905894,0.9995291255909999,band_end
2_002_20200623_163035(5),1,0.9998475928387365,0.7224304637894633,0.9998475928387365,interior
2_002_20200623_163035(5),2,0.6708797154502089,0.627448039640453,0.6708797154502089,edge
2_002_20200623_203033(6),0,0.9994839448046139,0.6435554669292013,0.9994839448046139,band_end
2_002_20200623_203033(6),1,0.01951942467866897,0.6211659003555411,0.01951942467866897,interior
2_002_20200623_203033(6),2,0.9999614222048248,0.6184444994226838,0.9999614222048248,edge
2_002_20200623_203038(0),0,0.9999999926092287,0.7700082078658279,0.9999999926092287,band_end
2_002_20200623_203038(0),1,0.9999999981790082,0.7898013010531223,0.9999999981790082,interior
2_002_20200623_203038(0),2,0.9999999947568121,0.7063273233765726,0.9999999947568121,edge
2_002_20200623_203042(5),0,0.9992821782116564,0.6037266330987012,0.9992821782116564,band_end
2_002_20200623_203042(5),1,0.9424327537122327,0.7630698659642728,0.9424327537122327,interior
2_002_20200623_203042(5),2,0.9713213820641057,0.6205542016422293,0.9713213820641057,edge
2_002_20200623_203047(0),0,0.9996654440636703,0.549970456621489,0.9996654440636703,band_end
2_002_20200623_203047(0),1,0.9999999996325413,0.7837155671774474,0.9999999996325413,interior
2_002_20200623_203047(0),2,0.9999998379035501,0.5415220963416395,0.9999998379035501,edge
2_002_20200623_203050(0),0,0.9999659546263026,0.863666609890004,0.9999659546263026,band_end
2_002_20200623_203050(0),1,0.9999999989141672,0.7077231581206105,0.9999999989141672,interior
2_002_20200623_203050(0),2,0.9999999955541499,0.8069124479064445,0.9999999955541499,edge
2_002_20200623_203054(6),0,0.9999886212380792,0.7234768084443545,0.9999886212380792,band_end
2_002_20200623_203054(6),1,0.9999999987589459,0.7591772019285158,0.9999999987589459,interior
2_002_20200623_203054(6),2,0.9999999991697319,0.7576555198149948,0.9999999991697319,edge
2_002_20200624_003115(6),0,0.9999998715652544,0.7502441463027527,0.9999998715652544,band_end
2_002_20200624_003115(6),1,0.9999999998907081,0.6573241020978232,0.9999999998907081,interior
2_002_20200624_003115(6),2,0.5931233654785766,0.7122859474709482,0.5931233654785766,edge
2_002_20200624_003118(6),0,0.9999886696896091,0.722598710804879,0.9999886696896091,band_end
2_002_20200624_003118(6),1,0.9580376200711723,0.7899423761792602,0.9580376200711723,interior
2_002_20200624_003118(6),2,0.9991709977501575,0.7963045035352871,0.9991709977501575,edge
2_002_20200624_003123(0),0,0.9998809003330624,0.6657945157496247,0.9998809003330624,band_end
2_002_20200624_003123(0),1,0.9999999999851477,0.8372202372152123,0.9999999999851477,interior
2_002_20200624_003123(0),2,0.9999999998894582,0.7636288040069203,0.9999999998894582,edge
2_002_20200624_003127(5),0,0.9999733057579234,0.7848326169776357,0.9999733057579234,band_end
2_002_20200624_003127(5),1,0.9999849014421278,0.6740343128098939,0.9999849014421278,interior
2_002_20200624_003127(5),2,0.9999999978785605,0.6013216013663452,0.9999999978785605,edge
2_002_20200624_003132(0),0,0.9999435500079088,0.6810116945651825,0.9999435500079088,band_end
2_002_20200624_003132(0),1,0.9999999994240416,0.7000450087987383,0.9999999994240416,interior
2_002_20200624_003132(0),2,0.999999999767101,0.5119850069836699,0.999999999767101,edge
2_002_20200624_003136(5),0,0.9977097550047063,0.6188670146183761,0.9977097550047063,band_end
2_002_20200624_003136(5),1,0.9999999998650086,0.5438065497406394,0.9999999998650086,interior
2_002_20200624_003136(5),2,0.9999997634671314,0.7288023942539523,0.9999997634671314,edge
2_002_20200624_043136(9),0,0.9998250835408422,0.7876306294972781,0.9998250835408422,band_end
2_002_20200624_043136(9),1,0.9999999999496452,0.8139870231026081,0.9999999999496452,interior
2_002_20200624_043136(9),2,0.9999999992714947,0.7315427908042116,0.9999999992714947,edge
2_002_20200624_043141(4),0,0.9999999846801038,0.6117638249442637,0.9999999846801038,band_end
2_002_20200624_043141(4),1,0.9999999999749805,0.5858747416010487,0.9999999999749805,interior
2_002_20200624_043141(4),2,0.9999999997647244,0.7176677261503309,0.9999999997647244,edge
2_002_20200624_043145(8),0,0.9998030894190091,0.6232666482339863,0.9998030894190091,band_end
2_002_20200624_043145(8),1,0.9999999998730262,0.779621041919841,0.9999999998730262,interior
2_002_20200624_043145(8),2,0.941961412284637,0.6346208851165955,0.941961412284637,edge
2_002_20200624_043150(3),0,0.9999981824486247,0.6516465725365467,0.9999981824486247,band_end
2_002_20200624_043150(3),1,0.9999993670795526,0.6947350768300136,0.9999993670795526,interior
2_002_20200624_043150(3),2,0.9999999951046046,0.7574649102206333,0.9999999951046046,edge
2_002_20200624_043154(8),0,0.9999938970013826,0.7211045542317557,0.9999938970013826,band_end
2_002_20200624_043154(8),1,0.9999999999282441,0.7996091961131344,0.9999999999282441,interior
2_002_20200624_043154(8),2,0.6880889082844679,0.6347244832976844,0.6880889082844679,edge
2_002_20200624_043159(4),0,0.9999698671283305,0.6624477334291293,0.9999698671283305,band_end
2_002_20200624_043159(4),1,0.9999999987383255,0.7107764250158289,0.9999999987383255,interior
2_002_20200624_043159(4),2,0.999999978141243,0.6515407425116109,0.999999978141243,edge
2_002_20200624_083032(4),0,0.047969783423775766,0.855475039701611,0.047969783423775766,band_end
2_002_20200624_083032(4),1,0.9999899582148173,0.7545590343114981,0.9999899582148173,interior
2_002_20200624_083032(4),2,0.9999175631758891,0.7269421226457508,0.9999175631758891,edge
2_002_20200624_083036(9),0,0.9796483571127372,0.6390583504264825,0.9796483571127372,band_end
2_002_20200624_083036(9),1,0.9953506624693468,0.8011981813313432,0.9953506624693468,interior
2_002_20200624_083036(9),2,0.12841866303196656,0.5470790397183932,0.12841866303196656,edge
2_002_20200624_083041(3),0,0.9999877724892604,0.657316981988044,0.9999877724892604,band_end
2_002_20200624_083041(3),1,0.9997187170062629,0.8161805671321699,0.9997187170062629,interior
2_002_20200624_083041(3),2,0.29484655105866014,0.6951099779398173,0.29484655105866014,edge
2_002_20200624_083045(8),0,0.9999778827140793,0.8021571912723782,0.9999778827140793,band_end
2_002_20200624_083045(8),1,0.023274589293415967,0.7080550037045671,0.023274589293415967,interior
2_002_20200624_083045(8),2,0.9997648408603828,0.6266702636443429,0.9997648408603828,edge
2_002_20200624_083050(4),0,0.999521152593247,0.740187952711717,0.999521152593247,band_end
2_002_20200624_083050(4),1,0.9999991741805497,0.7835217448845988,0.9999991741805497,interior
2_002_20200624_083050(4),2,0.961583428411486,0.7287225678967006,0.961583428411486,edge
2_002_20200624_083054(9),0,0.9991970668208643,0.6620866889108209,0.9991970668208643,band_end
2_002_20200624_083054(9),1,0.9999938827340733,0.8825422426493562,0.9999938827340733,interior
2_002_20200624_083054(9),2,0.9999999990614912,0.7781909258185218,0.9999999990614912,edge
2_002_20200624_123144(0),0,0.0,0.42849069584822325,0.46121831346750863,band_end
2_002_20200624_123144(0),1,0.9999730458154658,0.6866321487376242,0.9999730458154658,interior
2_002_20200624_123144(0),2,0.9998760817119807,0.8041044518917844,0.9998760817119807,edge
2_002_20200624_123148(2),0,0.998711828477605,0.8164787660250027,0.998711828477605,band_end
2_002_20200624_123148(2),1,0.9999862832621962,0.8067114234027651,0.9999862832621962,interior
2_002_20200624_123148(2),2,0.9728323384135322,0.747478194957768,0.9728323384135322,edge
2_002_20200624_123152(7),0,0.9999816436478529,0.6460087583185358,0.9999816436478529,band_end
2_002_20200624_123152(7),1,0.9999718507229884,0.5807455799628036,0.9999718507229884,interior
2_002_20200624_123152(7),2,0.9999999987307895,0.6917812064141342,0.9999999987307895,edge
2_002_20200624_123157(4),0,0.9999999978676044,0.8437747688980408,0.9999999978676044,band_end
2_002_20200624_123157(4),1,0.9996917503684138,0.9076064431207532,0.9996917503684138,interior
2_002_20200624_123157(4),2,0.9999999951471077,0.8908683258129341,0.9999999951471077,edge
2_002_20200624_123201(7),0,0.9999887139875131,0.6429552000820219,0.9999887139875131,band_end
2_002_20200624_123201(7),1,0.9999991506865357,0.7689822150592416,0.9999991506865357,interior
2_002_20200624_123201(7),2,0.9999999999288716,0.596904547351891,0.9999999999288716,edge
2_002_20200624_123206(2),0,0.9999900419725913,0.8097591283788728,0.9999900419725913,band_end
2_002_20200624_123206(2),1,0.9998257480784168,0.7113500877211405,0.9998257480784168,interior
2_002_20200624_123206(2),2,0.9999999973656517,0.6257906182134567,0.9999999973656517,edge
2_002_20200624_162708(9),0,0.9999821868033668,0.7619703224749301,0.9999821868033668,band_end
2_002_20200624_162708(9),1,0.9999265927469818,0.8071215837897793,0.9999265927469818,interior
2_002_20200624_162708(9),2,0.2655727992887063,0.7407925601051326,0.2655727992887063,edge
2_002_20200624_162713(4),0,0.10416802160083449,0.7470517259276196,0.10416802160083449,band_end
2_002_20200624_162713(4),1,0.9998737665757034,0.6390366606773251,0.9998737665757034,interior
2_002_20200624_162713(4),2,0.9999995443920615,0.5690515815219261,0.9999995443920615,edge
2_002_20200624_162717(9),0,0.9999933925415349,0.7111374680717967,0.9999933925415349,band_end
2_002_20200624_162717(9),1,0.9983563730082096,0.6631433241579788,0.9983563730082096,interior
2_002_20200624_162717(9),2,0.999999932785233,0.6156268046977744,0.999999932785233,edge
2_002_20200624_162722(4),0,0.9999682698940889,0.8520968371532265,0.9999682698940889,band_end
2_002_20200624_162722(4),1,0.9999999999060338,0.690116054855825,0.9999999999060338,interior
2_002_20200624_162722(4),2,0.7354136248958176,0.6008980922938039,0.7354136248958176,edge
2_002_20200624_203111(4),0,0.9999790459551072,0.6850180376713532,0.9999790459551072,band_end
2_002_20200624_203111(4),1,0.999999999884182,0.7776065627745263,0.999999999884182,interior
2_002_20200624_203111(4),2,0.9999979364432069,0.7216226987652029,0.9999979364432069,edge
2_002_20200624_203114(3),0,0.8464759497042964,0.7029843861481466,0.8464759497042964,band_end
2_002_20200624_203114(3),1,0.9999995150333054,0.6337821149454805,0.9999995150333054,interior
2_002_20200624_203114(3),2,0.9881274181597601,0.696796027430511,0.9881274181597601,edge
2_002_20200624_203117(3),0,0.9920653252208724,0.8289765326719774,0.9920653252208724,band_end
2_002_20200624_203117(3),1,0.9999999998979399,0.694544989158791,0.9999999998979399,interior
2_002_20200624_203117(3),2,0.9999983287052129,0.772524990983688,0.9999983287052129,edge
2_002_20200624_203120(3),0,0.9821890106560882,0.6211559880952473,0.9821890106560882,band_end
2_002_20200624_203120(3),1,0.9290748604328298,0.627890488746621,0.9290748604328298,interior
2_002_20200624_203120(3),2,0.9994417935883629,0.6989753097169974,0.9994417935883629,edge
2_002_20200624_203123(3),0,0.9999930618058113,0.7812039799882303,0.9999930618058113,band_end
2_002_20200624_203123(3),1,0.9999717561081235,0.8584413998809409,0.9999717561081235,interior
2_002_20200624_203123(3),2,0.9999999851047043,0.7833429005793383,0.9999999851047043,edge
2_002_20200624_203126(3),0,0.9322046815945493,0.5941601248425054,0.9322046815945493,band_end
2_002_20200624_203126(3),1,0.9999974691742439,0.7625210271364861,0.9999974691742439,interior
2_002_20200624_203126(3),2,0.9992709421439885,0.723552479342153,0.9992709421439885,edge
2_002_20200625_003352(9),0,0.99994371053202,0.7310543991593039,0.99994371053202,band_end
2_002_20200625_003352(9),1,0.9999916056463954,0.6924506308253624,0.9999916056463954,interior
2_002_20200625_003352(9),2,0.9999987548249211,0.7337273054838913,0.9999987548249211,edge
2_002_20200625_003357(4),0,0.9998412365420584,0.8270588657160418,0.9998412365420584,band_end
2_002_20200625_003357(4),1,0.9999982634192365,0.6524501837325251,0.9999982634192365,interior
2_002_20200625_003357(4),2,0.9999999302923208,0.6153658554457677,0.9999999302923208,edge
2_002_20200625_003401(8),0,0.9999152892245193,0.8470198041425856,0.9999152892245193,band_end
2_002_20200625_003401(8),1,0.999999957377862,0.8410173539676112,0.999999957377862,interior
2_002_20200625_003401(8),2,0.9999999132898025,0.7463216261647291,0.9999999132898025,edge
2_002_20200625_003406(3),0,0.9999471493094034,0.685521544236054,0.9999471493094034,band_end
2_002_20200625_003406(3),1,0.99999981512528,0.796423430586513,0.99999981512528,interior
2_002_20200625_003406(3),2,0.7192431127957343,0.6251173071593946,0.7192431127957343,edge
2_002_20200625_003410(8),0,0.9936157099114743,0.7770726802515134,0.9936157099114743,band_end
2_002_20200625_003410(8),1,0.9999999220492951,0.7798787075391429,0.9999999220492951,interior
2_002_20200625_003410(8),2,0.9999408680821614,0.82001793252402,0.9999408680821614,edge
2_002_20200625_003415(4),0,0.9999999927468712,0.7307345082981062,0.9999999927468712,band_end
2_002_20200625_003415(4),1,0.9999999540234582,0.7414772848529798,0.9999999540234582,interior
2_002_20200625_003415(4),2,0.9931377296094513,0.752003018309972,0.9931377296094513,edge
2_002_20200831_163149(1),0,0.9999716201375,0.5184786215729945,0.9999716201375,band_end
2_002_20200831_163149(1),1,0.9999996418125694,0.5309203630645906,0.9999996418125694,interior
2_002_20200831_163149(1),2,0.9999999693775536,0.5773477348497513,0.9999999693775536,edge
2_002_20200831_163150(6),0,0.9999703731619568,0.9214631961880645,0.9999703731619568,band_end
2_002_20200831_163150(6),1,0.9999994529239875,0.8464974770255975,0.9999994529239875,interior
2_002_20200831_163150(6),2,0.9647901335849495,0.8058891677190402,0.9647901335849495,edge
2_002_20200831_203101(4),0,0.99999980869239,0.6713031697133952,0.99999980869239,band_end
2_002_20200831_203101(4),1,0.9999997391698964,0.6837878447763814,0.9999997391698964,interior
2_002_20200831_203101(4),2,0.9360530559275693,0.6551425787777424,0.9360530559275693,edge
2_002_20200831_203105(9),0,0.9999997476382818,0.6216279736946919,0.9999997476382818,band_end
2_002_20200831_203105(9),1,0.9999995627525335,0.6638802704254612,0.9999995627525335,interior
2_002_20200831_203105(9),2,0.9959680614334081,0.676404436131491,0.9959680614334081,edge
2_002_20200904_230054(2),0,0.9306915699862802,0.7929902157144626,0.9306915699862802,band_end
2_002_20200904_230054(2),1,0.99999973576193,0.7952355496006647,0.99999973576193,interior
2_002_20200904_230054(2),2,0.9999999669303388,0.9057476486163423,0.9999999669303388,edge
2_002_20200904_230057(6),0,0.9998081853969509,0.725468168135878,0.9998081853969509,band_end
2_002_20200904_230057(6),1,0.9999996652759268,0.7322874894324891,0.9999996652759268,interior
2_002_20200904_230057(6),2,0.9999999861108446,0.6887379856814613,0.9999999861108446,edge
2_002_20200904_230105(4),0,0.9999032145075936,0.7033782646963017,0.9999032145075936,band_end
2_002_20200904_230105(4),1,0.9999837350361206,0.6787109344087042,0.9999837350361206,interior
2_002_20200904_230105(4),2,0.9917947642320756,0.6754291561929806,0.9917947642320756,edge
2_002_20200905_003315(2),0,0.9999999732584075,0.7469703353585373,0.9999999732584075,band_end
2_002_20200905_003315(2),1,0.999999906277759,0.770688950080515,0.999999906277759,interior
2_002_20200905_003315(2),2,0.9999999732336105,0.7008749492084703,0.9999999732336105,edge
2_002_20200905_003319(2),0,0.999930855477281,0.7131542368983154,0.999930855477281,band_end
2_002_20200905_003319(2),1,0.9999996508105635,0.7627800541003324,0.9999996508105635,interior
2_002_20200905_003319(2),2,0.9999997893068722,0.7345406996672019,0.9999997893068722,edge
2_002_20200905_003323(3),0,0.9999689059510868,0.7310564066657556,0.9999689059510868,band_end
2_002_20200905_003323(3),1,0.9999994178533276,0.8130202527330873,0.9999994178533276,interior
2_002_20200905_003323(3),2,0.9999999478731938,0.6723042886219955,0.9999999478731938,edge
2_002_20200905_003327(3),0,0.9999740132949365,0.9012266857954822,0.9999740132949365,band_end
2_002_20200905_003327(3),1,0.9999994598467357,0.8683259186381382,0.9999994598467357,interior
2_002_20200905_003327(3),2,0.9999997651876188,0.8668407201512602,0.9999997651876188,edge
2_002_20200905_003331(2),0,0.9999683140455311,0.691349156792569,0.9999683140455311,band_end
2_002_20200905_003331(2),1,0.999999799903904,0.710049075039728,0.999999799903904,interior
2_002_20200905_003331(2),2,0.9999998735734834,0.6250322805950619,0.9999998735734834,edge
2_002_20200905_003335(3),0,0.9999923293157496,0.7642226351672308,0.9999923293157496,band_end
2_002_20200905_003335(3),1,0.9999998651671345,0.7533504259308765,0.9999998651671345,interior
2_002_20200905_003335(3),2,0.9999999921055281,0.800661034093258,0.9999999921055281,edge
2_002_20200905_043156(0),0,0.9999378562202123,0.7605086328258266,0.9999378562202123,band_end
2_002_20200905_043156(0),1,0.9999545909269231,0.7452163324207024,0.9999545909269231,interior
2_002_20200905_043156(0),2,0.988983761389434,0.6364037125406264,0.988983761389434,edge
2_002_20200905_043200(0),0,0.9999997769660138,0.8004140886990562,0.9999997769660138,band_end
2_002_20200905_043200(0),1,0.9999989548834642,0.7977283434813637,0.9999989548834642,interior
2_002_20200905_043200(0),2,0.9999999711542255,0.779134277580757,0.9999999711542255,edge
2_002_20200905_043204(0),0,0.999998929441937,0.7295906824809394,0.999998929441937,band_end
2_002_20200905_043204(0),1,0.9999999598151587,0.7598217972541405,0.9999999598151587,interior
2_002_20200905_043204(0),2,0.9999999653137278,0.6378646860356082,0.9999999653137278,edge
2_002_20200905_043208(0),0,0.9999744294342736,0.6152367558370346,0.9999744294342736,band_end
2_002_20200905_043208(0),1,0.9999998913127952,0.6236370503743521,0.9999998913127952,interior
2_002_20200905_043208(0),2,0.9325196689204444,0.6572695262128107,0.9325196689204444,edge
2_002_20200905_043212(1),0,0.9999999082838571,0.6383429514804612,0.9999999082838571,band_end
2_002_20200905_043212(1),1,0.9999997694313968,0.6143673172470475,0.9999997694313968,interior
2_002_20200905_043212(1),2,0.9999999046021015,0.6725207238716938,0.9999999046021015,edge
2_002_20200905_043216(0),0,0.9999880470790578,0.7904541098311234,0.9999880470790578,band_end
2_002_20200905_043216(0),1,0.9999998789266222,0.8804002682975615,0.9999998789266222,interior
2_002_20200905_043216(0),2,0.9999998809847108,0.7347739053392744,0.9999998809847108,edge
2_002_20200905_083407(3),0,0.9999378320518231,0.6678048096123779,0.9999378320518231,band_end
2_002_20200905_083407(3),1,0.9999993047264182,0.7399628856945063,0.9999993047264182,interior
2_002_20200905_083407(3),2,0.9999999916835159,0.7526463734430799,0.9999999916835159,edge
2_002_20200905_083410(5),0,0.9999433288243968,0.9198418108021197,0.9999433288243968,band_end
2_002_20200905_083410(5),1,0.9999997558086641,0.8549389715637628,0.9999997558086641,interior
2_002_20200905_083410(5),2,0.9999999688942199,0.8012638493057972,0.9999999688942199,edge
2_002_20200905_083413(6),0,0.9996429778074977,0.6287835591340146,0.9996429778074977,band_end
2_002_20200905_083413(6),1,0.999999915026721,0.5932885711900098,0.999999915026721,interior
2_002_20200905_083413(6),2,0.0,0.4722248066247871,0.9816419238887953,edge
2_002_20200905_083416(3),0,0.9999208830003262,0.6409518545809452,0.9999208830003262,band_end
2_002_20200905_083416(3),1,0.9999649248489595,0.6538730249139424,0.9999649248489595,interior
2_002_20200905_083416(3),2,0.9999999319225192,0.6898279333561838,0.9999999319225192,edge
2_002_20200905_083419(3),0,0.9999968964891097,0.6607927245666141,0.9999968964891097,band_end
2_002_20200905_083419(3),1,0.9999999618435279,0.6043445964658815,0.9999999618435279,interior
2_002_20200905_083419(3),2,0.9999999820314559,0.6831182434420915,0.9999999820314559,edge
2_002_20200905_083422(4),0,0.9999998273121679,0.8775667747511956,0.9999998273121679,band_end
2_002_20200905_083422(4),1,0.9999996509315798,0.8316850567504613,0.9999996509315798,interior
2_002_20200905_083422(4),2,0.9999999692395055,0.8118489789484361,0.9999999692395055,edge
2_002_20200905_123055(0),0,0.9998626936184246,0.5183971041772246,0.9998626936184246,band_end
2_002_20200905_123055(0),1,0.9999951454550833,0.6695162350057546,0.9999951454550833,interior
2_002_20200905_123055(0),2,0.9999999753980174,0.5900698289975798,0.9999999753980174,edge
2_002_20200905_123058(4),0,0.9999458880382092,0.6158555946621949,0.9999458880382092,band_end
2_002_20200905_123058(4),1,0.9999999288694339,0.6434837575238929,0.9999999288694339,interior
2_002_20200905_123058(4),2,0.9452271740951191,0.7064313556702534,0.9452271740951191,edge
2_002_20200905_123102(0),0,0.9999710635064027,0.5535297786029453,0.9999710635064027,band_end
2_002_20200905_123102(0),1,0.9999998687859423,0.5856058422480789,0.9999998687859423,interior
2_002_20200905_123102(0),2,0.9999997371113412,0.6337581490261027,0.9999997371113412,edge
2_002_20200905_123105(0),0,0.9999038140080353,0.6487289490006137,0.9999038140080353,band_end
2_002_20200905_123105(0),1,0.9999995931188853,0.6721366401650286,0.9999995931188853,interior
2_002_20200905_123105(0),2,0.9999999909085825,0.7013471603401411,0.9999999909085825,edge
2_002_20200905_123108(4),0,0.9999221320449286,0.8566966702988641,0.9999221320449286,band_end
2_002_20200905_123108(4),1,0.9999998438098929,0.75362185705593,0.9999998438098929,interior
2_002_20200905_123108(4),2,0.9813557817975409,0.8390917983886516,0.9813557817975409,edge
2_002_20200905_123112(0),0,0.9998177634917219,0.6966700864272692,0.9998177634917219,band_end
2_002_20200905_123112(0),1,0.9999998645892564,0.7031786991327764,0.9999998645892564,interior
2_002_20200905_123112(0),2,0.9999993789304344,0.6733350573999426,0.9999993789304344,edge
2_002_20200905_163922(9),0,0.9999526518462095,0.6370274285156551,0.9999526518462095,band_end
2_002_20200905_163922(9),1,0.9999998656576526,0.646666809985137,0.9999998656576526,interior
2_002_20200905_163922(9),2,0.9839470749774057,0.6078008402193104,0.9839470749774057,edge
2_002_20200905_163926(4),0,0.9999742311234121,0.7040172338503793,0.9999742311234121,band_end
2_002_20200905_163926(4),1,0.9999994952503702,0.6900932039106132,0.9999994952503702,interior
2_002_20200905_163926(4),2,0.9999999977945495,0.651170811815166,0.9999999977945495,edge
2_002_20200905_163929(7),0,0.999999983254603,0.6419535579984044,0.999999983254603,band_end
2_002_20200905_163929(7),1,0.997617570602982,0.7154710694651669,0.997617570602982,interior
2_002_20200905_163929(7),2,0.9999999440585288,0.6721768871468303,0.9999999440585288,edge
2_002_20200905_163932(9),0,0.9999751958160604,0.8457682985093108,0.9999751958160604,band_end
2_002_20200905_163932(9),1,0.999999833473505,0.8272572640981877,0.999999833473505,interior
2_002_20200905_163932(9),2,0.988876110293611,0.7430812896586904,0.988876110293611,edge
2_002_20200905_163936(2),0,0.9999838057943379,0.8301609866624813,0.9999838057943379,band_end
2_002_20200905_163936(2),1,0.9999996792359872,0.8479449846343086,0.9999996792359872,interior
2_002_20200905_163936(2),2,0.9999999079182154,0.7616104570563593,0.9999999079182154,edge
2_002_20200905_163939(7),0,0.9999661238531945,0.62689341540108,0.9999661238531945,band_end
2_002_20200905_163939(7),1,0.9999854598269858,0.6830954263710607,0.9999854598269858,interior
2_002_20200905_163939(7),2,0.9999999759448966,0.6809971348686645,0.9999999759448966,edge
2_002_20200905_204033(3),0,0.9637597280131524,0.6201216963323565,0.9637597280131524,band_end
2_002_20200905_204033(3),1,0.9999995711787346,0.658961668145236,0.9999995711787346,interior
2_002_20200905_204033(3),2,0.9999999894458612,0.5981234032959803,0.9999999894458612,edge
2_002_20200905_204039(5),0,0.9999777405647813,0.8403242498779723,0.9999777405647813,band_end
2_002_20200905_204039(5),1,0.999999881815991,0.8889308433899727,0.999999881815991,interior
2_002_20200905_204039(5),2,0.9999999710973078,0.8417242805161541,0.9999999710973078,edge
2_002_20200905_204042(9),0,0.9998777627366714,0.5359139700844544,0.9998777627366714,band_end
2_002_20200905_204042(9),1,0.9999973286223451,0.537743620858557,0.9999973286223451,interior
2_002_20200905_204042(9),2,0.9999999613666003,0.5460851102285201,0.9999999613666003,edge
2_002_20200905_204046(0),0,0.9999743302638668,0.6681456891849632,0.9999743302638668,band_end
2_002_20200905_204046(0),1,0.9999991855239226,0.6935484524031073,0.9999991855239226,interior
2_002_20200905_204046(0),2,0.9999999853659591,0.7042834807442211,0.9999999853659591,edge
2_002_20200905_204049(1),0,0.9999999889190626,0.6161538663293152,0.9999999889190626,band_end
2_002_20200905_204049(1),1,0.9999768265578239,0.6377499545188821,0.9999768265578239,interior
2_002_20200905_204049(1),2,0.9999999635142176,0.5592244207811596,0.9999999635142176,edge
2_002_20200905_204052(3),0,0.9999830114553439,0.6569584426947003,0.9999830114553439,band_end
2_002_20200905_204052(3),1,0.9999999036286922,0.6022607107521936,0.9999999036286922,interior
2_002_20200905_204052(3),2,0.9999999484130344,0.6519219334157793,0.9999999484130344,edge
2_002_20200906_003114(0),0,0.9999995769270562,0.8048534523289205,0.9999995769270562,band_end
2_002_20200906_003114(0),1,0.9999999252861915,0.8507828203591904,0.9999999252861915,interior
2_002_20200906_003114(0),2,0.9999999220656614,0.8214830215502258,0.9999999220656614,edge
2_002_20200906_003117(3),0,0.9999700586217223,0.6251350096951839,0.9999700586217223,band_end
2_002_20200906_003117(3),1,0.9999998870704047,0.6951199546852168,0.9999998870704047,interior
2_002_20200906_003117(3),2,0.9999997670190334,0.7310229844313332,0.9999997670190334,edge
2_002_20200906_003120(8),0,0.999999988792437,0.7836288889629243,0.999999988792437,band_end
2_002_20200906_003120(8),1,0.9999998812179741,0.7481574168441163,0.9999998812179741,interior
2_002_20200906_003120(8),2,0.9999995652134374,0.7871963623570638,0.9999995652134374,edge
2_002_20200906_003124(0),0,0.9999900870106944,0.7962720155795714,0.9999900870106944,band_end
2_002_20200906_003124(0),1,0.9999996842213628,0.7607613895962014,0.9999996842213628,interior
2_002_20200906_003124(0),2,0.999999737836948,0.6621455380319734,0.999999737836948,edge
2_002_20200906_003127(3),0,0.9999999944623987,0.7491255844903763,0.9999999944623987,band_end
2_002_20200906_003127(3),1,0.999999860949293,0.6794409524599258,0.999999860949293,interior
2_002_20200906_003127(3),2,0.9999697709241445,0.7044449800796747,0.9999697709241445,edge
2_002_20200906_003130(7),0,0.9999999851172725,0.8959789493880358,0.9999999851172725,band_end
2_002_20200906_003130(7),1,0.9999997183429431,0.800831823031154,0.9999997183429431,interior
2_002_20200906_003130(7),2,0.9999719073991596,0.8303501600201921,0.9999719073991596,edge
3_001_20200622_203305(8),0,0.9999985523090394,0.7421497362821164,0.9999985523090394,band_end
3_001_20200622_203305(8),1,0.0,0.42799507998452846,0.9999999545414143,interior
3_001_20200622_203305(8),2,0.0,0.4796337377829589,0.9999999085791021,edge
3_001_20200622_203309(1),0,0.9972918658091606,0.666571570140847,0.9972918658091606,band_end
3_001_20200622_203309(1),1,0.9999996919670583,0.6228609902516096,0.9999996919670583,interior
3_001_20200622_203309(1),2,0.9111834520852606,0.6215309092750625,0.9111834520852606,edge
3_001_20200622_203312(6),0,0.9996888545895884,0.9097674186590007,0.9996888545895884,band_end
3_001_20200622_203312(6),1,0.9999995155165253,0.813541429026463,0.9999995155165253,interior
3_001_20200622_203312(6),2,0.9999999814647672,0.8271619257550042,0.9999999814647672,edge
3_001_20200622_203316(0),0,0.0,0.43035551664242694,0.9999980254720114,band_end
3_001_20200622_203316(0),1,0.0,0.4651381654925661,0.9999998163488657,interior
3_001_20200622_203316(0),2,0.9999999125199691,0.8130940988238917,0.9999999125199691,edge
3_001_20200622_203319(4),0,0.9999993022467045,0.7861466308531284,0.9999993022467045,band_end
3_001_20200622_203319(4),1,0.9999997164670691,0.6622916623847348,0.9999997164670691,interior
3_001_20200622_203319(4),2,0.9999994428300396,0.6052354670299415,0.9999994428300396,edge
3_001_20200622_203330(3),0,0.9999979070287845,0.7370564136368101,0.9999979070287845,band_end
3_001_20200622_203330(3),1,0.9999998455292177,0.5229453747277392,0.9999998455292177,interior
3_001_20200622_203330(3),2,0.9999999764870776,0.5554403583750002,0.9999999764870776,edge
3_001_20200623_003516(8),0,0.999999982047887,0.7924584351255235,0.999999982047887,band_end
3_001_20200623_003516(8),1,0.9999999946322176,0.7332013692004793,0.9999999946322176,interior
3_001_20200623_003516(8),2,0.9999990057006708,0.7653652700427689,0.9999990057006708,edge
3_001_20200623_003520(5),0,0.999999997660119,0.7035314796626732,0.999999997660119,band_end
3_001_20200623_003520(5),1,0.9999999974876914,0.7442364525845006,0.9999999974876914,interior
3_001_20200623_003520(5),2,0.9999999744880341,0.7490798192955449,0.9999999744880341,edge
3_001_20200623_003524(0),0,0.9999999974356302,0.817184496070529,0.9999999974356302,band_end
3_001_20200623_003524(0),1,0.9999999787283409,0.6143388986966379,0.9999999787283409,interior
3_001_20200623_003524(0),2,0.9999999965201447,0.8538745329445936,0.9999999965201447,edge
3_001_20200623_003529(0),0,0.9999999897790804,0.7337879759163294,0.9999999897790804,band_end
3_001_20200623_003529(0),1,0.999999992144346,0.784400758074923,0.999999992144346,interior
3_001_20200623_003529(0),2,0.27375549237374486,0.8399081472190999,0.27375549237374486,edge
3_001_20200623_003532(5),0,0.9999996785126596,0.859542241734027,0.9999996785126596,band_end
3_001_20200623_003532(5),1,0.9999997295207405,0.7661428819013146,0.9999997295207405,interior
3_001_20200623_003532(5),2,0.0,0.48890985046594415,0.9999999831496215,edge
3_001_20200623_003536(0),0,0.9999994953654407,0.579983761545521,0.9999994953654407,band_end
3_001_20200623_003536(0),1,0.9999999967695405,0.6728411780077869,0.9999999967695405,interior
3_001_20200623_003536(0),2,0.1196890109308323,0.6389122173724475,0.1196890109308323,edge
3_001_20200623_043227(1),0,0.9999999976224017,0.7858393279833941,0.9999999976224017,band_end
3_001_20200623_043227(1),1,0.9999999951471361,0.7150629894445828,0.9999999951471361,interior
3_001_20200623_043227(1),2,0.4673463836733323,0.6659202276052998,0.4673463836733323,edge
3_001_20200623_043231(6),0,0.9999999975783815,0.7086795416981139,0.9999999975783815,band_end
3_001_20200623_043231(6),1,0.9999999953172645,0.6672300181093296,0.9999999953172645,interior
3_001_20200623_043231(6),2,0.9999999461053386,0.7805437728143994,0.9999999461053386,edge
3_001_20200623_043236(1),0,0.9999999936574404,0.7685234311272415,0.9999999936574404,band_end
3_001_20200623_043236(1),1,0.9999999892215293,0.6823656197820209,0.9999999892215293,interior
3_001_20200623_043236(1),2,0.9999999969141857,0.5197351764641708,0.9999999969141857,edge
3_001_20200623_043240(6),0,0.9999999976369083,0.6759673205362253,0.9999999976369083,band_end
3_001_20200623_043240(6),1,0.9999995770722744,0.6800092754908343,0.9999995770722744,interior
3_001_20200623_043240(6),2,0.9999997259191139,0.6518955938675064,0.9999997259191139,edge
3_001_20200623_043245(2),0,0.9999999957531462,0.6205525240269126,0.9999999957531462,band_end
3_001_20200623_043245(2),1,0.9999999944845221,0.8340443125782396,0.9999999944845221,interior
3_001_20200623_043245(2),2,0.9999999946894371,0.5991699846073315,0.9999999946894371,edge
3_001_20200623_043249(6),0,0.9999999968626294,0.6077540846511561,0.9999999968626294,band_end
3_001_20200623_043249(6),1,0.9999999609846018,0.6835246835301357,0.9999999609846018,interior
3_001_20200623_043249(6),2,0.9999997989706688,0.6871155568862749,0.9999997989706688,edge
3_001_20200623_082407(9),0,0.9999999995306765,0.6720061742386285,0.9999999995306765,band_end
3_001_20200623_082407(9),1,0.9999999930215036,0.6243637332024554,0.9999999930215036,interior
3_001_20200623_082407(9),2,0.9999998511077839,0.5834518397183767,0.9999998511077839,edge
3_001_20200623_082411(0),0,0.9999999962442325,0.655239756769811,0.9999999962442325,band_end
3_001_20200623_082411(0),1,0.9999999923528265,0.7742816152453432,0.9999999923528265,interior
3_001_20200623_082411(0),2,0.9999999871292079,0.867851596501043,0.9999999871292079,edge
3_001_20200623_082414(1),0,0.0,0.4566388214024683,0.9999999982635586,band_end
3_001_20200623_082414(1),1,0.9999999871764426,0.676263670458873,0.9999999871764426,interior
3_001_20200623_082414(1),2,0.9999999946792695,0.6718534098205843,0.9999999946792695,edge
3_001_20200623_082416(7),0,0.9999999974462581,0.6727210287982787,0.9999999974462581,band_end
3_001_20200623_082416(7),1,0.9999999928855261,0.5940942949914207,0.9999999928855261,interior
3_001_20200623_082416(7),2,0.0,0.454607652673527,0.6066942882239732,edge
3_001_20200623_082419(6),0,0.9999999974649252,0.7535513178909998,0.9999999974649252,band_end
3_001_20200623_082419(6),1,0.9999999913073189,0.779500241264014,0.9999999913073189,interior
3_001_20200623_082419(6),2,0.9999999879984999,0.6791362888276233,0.9999999879984999,edge
3_001_20200623_082422(5),0,0.9999999955271455,0.6515731672908013,0.9999999955271455,band_end
3_001_20200623_082422(5),1,0.9999999892804269,0.7627587838028741,0.9999999892804269,interior
3_001_20200623_082422(5),2,0.9999998876979432,0.712096100609174,0.9999998876979432,edge
3_001_20200623_123214(3),0,0.9999999887154941,0.620760260189944,0.9999999887154941,band_end
3_001_20200623_123214(3),1,0.9999999909882468,0.6435471163571279,0.9999999909882468,interior
3_001_20200623_123214(3),2,0.999999805964859,0.6342534655942432,0.999999805964859,edge
3_001_20200623_123223(3),0,0.999999997875411,0.7549036208947341,0.999999997875411,band_end
3_001_20200623_123223(3),1,0.9999999962941948,0.7434064524369776,0.9999999962941948,interior
3_001_20200623_123223(3),2,0.9999999707573262,0.524304506258782,0.9999999707573262,edge
3_001_20200623_123232(3),0,0.9999999844306346,0.5465588101979606,0.9999999844306346,band_end
3_001_20200623_123232(3),1,0.9999999979787071,0.6311691755878727,0.9999999979787071,interior
3_001_20200623_123232(3),2,0.9999999882865668,0.6803368177109983,0.9999999882865668,edge
3_001_20200623_123236(9),0,0.9999999882775309,0.7334575782753388,0.9999999882775309,band_end
3_001_20200623_123236(9),1,0.9999999720467404,0.5895967590791534,0.9999999720467404,interior
3_001_20200623_123236(9),2,0.9999999638611516,0.721916049309643,0.9999999638611516,edge
3_001_20200623_123241(3),0,0.9999999961696011,0.7033272757572381,0.9999999961696011,band_end
3_001_20200623_123241(3),1,0.9999999766096671,0.7552940177564355,0.9999999766096671,interior
3_001_20200623_123241(3),2,0.9999986446152528,0.7650265268122751,0.9999986446152528,edge
3_001_20200623_123245(8),0,0.9999999981786154,0.6157402388693773,0.9999999981786154,band_end
3_001_20200623_123245(8),1,0.99999988931795,0.7843666954638461,0.99999988931795,interior
3_001_20200623_123245(8),2,0.9999998727239836,0.6731833387022763,0.9999998727239836,edge
3_001_20200623_163159(5),0,0.9999999934209642,0.6400385568243646,0.9999999934209642,band_end
3_001_20200623_163159(5),1,0.9999999985634684,0.6569406850357817,0.9999999985634684,interior
3_001_20200623_163159(5),2,0.9999999870534619,0.7243155456868767,0.9999999870534619,edge
3_001_20200623_163209(3),0,0.9999999932360466,0.6544034676445492,0.9999999932360466,band_end
3_001_20200623_163209(3),1,0.9999999451331053,0.6450868991483505,0.9999999451331053,interior
3_001_20200623_163209(3),2,0.9884177306364845,0.6514371103076844,0.9884177306364845,edge
3_001_20200623_163212(9),0,0.999999990107559,0.7125606344740317,0.999999990107559,band_end
3_001_20200623_163212(9),1,0.9999999895818931,0.7176008626918887,0.9999999895818931,interior
3_001_20200623_163212(9),2,0.8448791136566698,0.7946620680307049,0.8448791136566698,edge
3_001_20200623_163216(2),0,0.9999999982944243,0.6128714254842799,0.9999999982944243,band_end
3_001_20200623_163216(2),1,0.999999997700235,0.8056490014053154,0.999999997700235,interior
3_001_20200623_163216(2),2,0.9999999343131468,0.8606543236816524,0.9999999343131468,edge
3_001_20200623_163219(5),0,0.9999999969488278,0.6594409602018334,0.9999999969488278,band_end
3_001_20200623_163219(5),1,0.9999999986477883,0.7020075762688737,0.9999999986477883,interior
3_001_20200623_163219(5),2,0.9999999993899658,0.7349740331453928,0.9999999993899658,edge
3_001_20200623_163222(9),0,0.9999999958070052,0.7617940124825778,0.9999999958070052,band_end
3_001_20200623_163222(9),1,0.9999998903586882,0.7650460905095312,0.9999998903586882,interior
3_001_20200623_163222(9),2,0.9999999734189271,0.7205903929820697,0.9999999734189271,edge
3_001_20200623_203217(4),0,0.9999999988721344,0.6136471917544323,0.9999999988721344,band_end
3_001_20200623_203217(4),1,0.9999999973809692,0.6476765188668905,0.9999999973809692,interior
3_001_20200623_203217(4),2,0.9999999920929984,0.8761650671505746,0.9999999920929984,edge
3_001_20200623_203222(0),0,0.999999995243859,0.6397055596214499,0.999999995243859,band_end
3_001_20200623_203222(0),1,0.9999999987644153,0.6206431626026168,0.9999999987644153,interior
3_001_20200623_203222(0),2,0.9999999145224392,0.6134923651283805,0.9999999145224392,edge
3_001_20200623_203226(3),0,0.9999999873965412,0.8090209776117359,0.9999999873965412,band_end
3_001_20200623_203226(3),1,0.9999999960306869,0.6734062921722251,0.9999999960306869,interior
3_001_20200623_203226(3),2,0.9999999736648222,0.7361828405314769,0.9999999736648222,edge
3_001_20200623_203230(9),0,0.999999996199818,0.7186621325921814,0.999999996199818,band_end
3_001_20200623_203230(9),1,0.9999999985068644,0.5807810700059507,0.9999999985068644,interior
3_001_20200623_203230(9),2,0.99999999820404,0.6039756979426676,0.99999999820404,edge
3_001_20200623_203235(3),0,0.9999999985736696,0.8007634691078159,0.9999999985736696,band_end
3_001_20200623_203235(3),1,0.9999999971341202,0.7376041369977692,0.9999999971341202,interior
3_001_20200623_203235(3),2,0.9999998815577091,0.8561407565792304,0.9999998815577091,edge
3_001_20200623_203247(5),0,0.9999999891762429,0.5871591466102962,0.9999999891762429,band_end
3_001_20200623_203247(5),1,0.9999999984897017,0.7049743613994635,0.9999999984897017,interior
3_001_20200623_203247(5),2,0.9999999621189194,0.5714968001660717,0.9999999621189194,edge
3_001_20200624_003240(4),0,0.9999986134895682,0.7279209192359967,0.9999986134895682,band_end
3_001_20200624_003240(4),1,0.9999991103274123,0.7312170464889619,0.9999991103274123,interior
3_001_20200624_003240(4),2,0.9999999756562191,0.6905841460019859,0.9999999756562191,edge
3_001_20200624_003244(2),0,0.9999829527334962,0.8329319134870559,0.9999829527334962,band_end
3_001_20200624_003244(2),1,0.9999961716417242,0.6452191377216772,0.9999961716417242,interior
3_001_20200624_003244(2),2,0.999999997052246,0.6062905128963282,0.999999997052246,edge
3_001_20200624_003247(7),0,0.0,0.45836334527072164,0.9999988261955355,band_end
3_001_20200624_003247(7),1,0.999999999847121,0.5261098130479376,0.999999999847121,interior
3_001_20200624_003247(7),2,0.9999998735388385,0.5258080402597374,0.9999998735388385,edge
3_001_20200624_003251(1),0,0.9999999951265239,0.8501369216115313,0.9999999951265239,band_end
3_001_20200624_003251(1),1,0.9999999985840928,0.8410342107996681,0.9999999985840928,interior
3_001_20200624_003251(1),2,0.9999996872471967,0.8199761036441147,0.9999996872471967,edge
3_001_20200624_003254(3),0,0.9999999996462108,0.7045593516200948,0.9999999996462108,band_end
3_001_20200624_003254(3),1,0.9999999438762288,0.7531132108888112,0.9999999438762288,interior
3_001_20200624_003254(3),2,0.9999999997080082,0.5980138392613361,0.9999999997080082,edge
3_001_20200624_003303(5),0,0.9999999995429014,0.5045121798871354,0.9999999995429014,band_end
3_001_20200624_003303(5),1,0.9999988360055714,0.5846341754528407,0.9999988360055714,interior
3_001_20200624_003303(5),2,0.9628122842992194,0.621478763853423,0.9628122842992194,edge
3_001_20200624_043315(2),0,0.998142599843777,0.8182283626360437,0.998142599843777,band_end
3_001_20200624_043315(2),1,0.9999999998231865,0.8087099573422044,0.9999999998231865,interior
3_001_20200624_043315(2),2,0.8530896193282886,0.8177032998453532,0.8530896193282886,edge
3_001_20200624_043324(2),0,0.9999999970043165,0.7506876743374424,0.9999999970043165,band_end
3_001_20200624_043324(2),1,0.9999999998666029,0.7426621998453399,0.9999999998666029,interior
3_001_20200624_043324(2),2,0.9999999998326494,0.5227990987656069,0.9999999998326494,edge
3_001_20200624_043328(7),0,0.9999999998384546,0.6085224190938932,0.9999999998384546,band_end
3_001_20200624_043328(7),1,0.9999999999650395,0.6836891291288517,0.9999999999650395,interior
3_001_20200624_043328(7),2,0.0,0.4977569416465107,0.9999999966333928,edge
3_001_20200624_043333(2),0,0.9999999974876104,0.5567875376108342,0.9999999974876104,band_end
3_001_20200624_043333(2),1,0.9979770431302349,0.5744481191062305,0.9979770431302349,interior
3_001_20200624_043333(2),2,0.999999997825842,0.6582840722553782,0.999999997825842,edge
3_001_20200624_043337(8),0,0.9999999990341362,0.6911438965449506,0.9999999990341362,band_end
3_001_20200624_043337(8),1,0.9999999998805322,0.6280224457047052,0.9999999998805322,interior
3_001_20200624_043337(8),2,0.9999594359374278,0.5665784906643545,0.9999594359374278,edge
3_001_20200624_043349(7),0,0.9999998622542136,0.7412954281882094,0.9999998622542136,band_end
3_001_20200624_043349(7),1,0.9999999997663611,0.5448369776012487,0.9999999997663611,interior
3_001_20200624_043349(7),2,0.9999999915529579,0.5401104256760744,0.9999999915529579,edge
3_001_20200624_083150(7),0,0.9999998238806947,0.5715449042825038,0.9999998238806947,band_end
3_001_20200624_083150(7),1,0.9999735571264258,0.6548504243076466,0.9999735571264258,interior
3_001_20200624_083150(7),2,0.9999999993890771,0.6272045403437658,0.9999999993890771,edge
3_001_20200624_083153(8),0,0.9999999992217539,0.740695404785682,0.9999999992217539,band_end
3_001_20200624_083153(8),1,0.9999999998913516,0.7520365086074805,0.9999999998913516,interior
3_001_20200624_083153(8),2,0.9999999997010482,0.7220435773335323,0.9999999997010482,edge
3_001_20200624_083156(9),0,0.9999999996096616,0.6676178179156028,0.9999999996096616,band_end
3_001_20200624_083156(9),1,0.9999993883246578,0.6694625651384444,0.9999993883246578,interior
3_001_20200624_083156(9),2,0.9999999986732582,0.5762678865784387,0.9999999986732582,edge
3_001_20200624_083159(6),0,0.9999334213342971,0.647730261175604,0.9999334213342971,band_end
3_001_20200624_083159(6),1,0.999999999855774,0.7410653857660184,0.999999999855774,interior
3_001_20200624_083159(6),2,0.3617021409879356,0.6869391689956801,0.3617021409879356,edge
3_001_20200624_083202(6),0,0.0,0.2458891977430757,0.9985402254452829,band_end
3_001_20200624_083202(6),1,0.0,0.30983003933674375,0.9999981332069393,interior
3_001_20200624_083202(6),2,0.9999994918623261,0.6681006078437324,0.9999994918623261,edge
3_001_20200624_083205(7),0,0.9999999996895603,0.5886957594941831,0.9999999996895603,band_end
3_001_20200624_083205(7),1,0.9999999999782543,0.6123736892651418,0.9999999999782543,interior
3_001_20200624_083205(7),2,0.9999999982896142,0.6768898727458696,0.9999999982896142,edge
3_001_20200624_123313(4),0,0.9999999998988682,0.5953386252044298,0.9999999998988682,band_end
3_001_20200624_123313(4),1,0.999999999651161,0.5526525295433086,0.999999999651161,interior
3_001_20200624_123313(4),2,0.039173345218686144,0.6164781420272817,0.039173345218686144,edge
3_001_20200624_123317(8),0,0.9999605740323657,0.5874789572414449,0.9999605740323657,band_end
3_001_20200624_123317(8),1,0.9999999991521245,0.7154821664570666,0.9999999991521245,interior
3_001_20200624_123317(8),2,0.9999999913799517,0.6515354202971477,0.9999999913799517,edge
3_001_20200624_123322(3),0,0.999997247240993,0.6289826352430428,0.999997247240993,band_end
3_001_20200624_123322(3),1,0.9999999998855271,0.6099341246373415,0.9999999998855271,interior
3_001_20200624_123322(3),2,0.9999999994673288,0.6900177064167659,0.9999999994673288,edge
3_001_20200624_123326(6),0,0.999868140223829,0.7140784143151279,0.999868140223829,band_end
3_001_20200624_123326(6),1,0.9996789069717669,0.7927680902761398,0.9996789069717669,interior
3_001_20200624_123326(6),2,0.9999993345183981,0.7528573662357646,0.9999993345183981,edge
3_001_20200624_123331(2),0,0.9999999991510082,0.587548838801295,0.9999999991510082,band_end
3_001_20200624_123331(2),1,0.99999974550831,0.8069165295283339,0.99999974550831,interior
3_001_20200624_123331(2),2,0.9999999738866552,0.6561822936553127,0.9999999738866552,edge
3_001_20200624_123335(6),0,0.9999999996137297,0.6424028488755246,0.9999999996137297,band_end
3_001_20200624_123335(6),1,0.9999999998621452,0.6539485315281869,0.9999999998621452,interior
3_001_20200624_123335(6),2,0.9999999795367909,0.6572674608127235,0.9999999795367909,edge
3_001_20200624_162816(3),0,0.9999904520998235,0.5724021936277218,0.9999904520998235,band_end
3_001_20200624_162816(3),1,0.9999999998614448,0.5429207944080279,0.9999999998614448,interior
3_001_20200624_162816(3),2,0.999999996156443,0.5732908024578656,0.999999996156443,edge
3_001_20200624_162821(2),0,0.999998778325318,0.7900209520497202,0.999998778325318,band_end
3_001_20200624_162821(2),1,0.9999999985662549,0.684665510435057,0.9999999985662549,interior
3_001_20200624_162821(2),2,0.7179738431159658,0.7214058172948413,0.7179738431159658,edge
3_001_20200624_162831(2),0,0.9999991673342655,0.7269345712803505,0.9999991673342655,band_end
3_001_20200624_162831(2),1,0.9999999998451348,0.5201925950110793,0.9999999998451348,interior
3_001_20200624_162831(2),2,0.9999993787439749,0.612205156047541,0.9999993787439749,edge
3_001_20200624_162835(8),0,0.9999898083549741,0.634190777527154,0.9999898083549741,band_end
3_001_20200624_162835(8),1,0.9999999992309219,0.8219583622962277,0.9999999992309219,interior
3_001_20200624_162835(8),2,0.9998732416379135,0.6161802103929551,0.9998732416379135,edge
3_001_20200624_203149(7),0,0.9999999990896491,0.6200120407146801,0.9999999990896491,band_end
3_001_20200624_203149(7),1,0.9999999997391926,0.5960484145362844,0.9999999997391926,interior
3_001_20200624_203149(7),2,0.9999999991700648,0.5855708843548634,0.9999999991700648,edge
3_001_20200624_203154(3),0,0.9999861457336201,0.8102549889233205,0.9999861457336201,band_end
3_001_20200624_203154(3),1,0.9999999994536952,0.6373364156905024,0.9999999994536952,interior
3_001_20200624_203154(3),2,0.9999999970090687,0.572553054943462,0.9999999970090687,edge
3_001_20200624_203203(1),0,0.9999983485514866,0.7821294172024311,0.9999983485514866,band_end
3_001_20200624_203203(1),1,0.9985658049325397,0.733503832623251,0.9985658049325397,interior
3_001_20200624_203203(1),2,0.9999999999427147,0.8808907282912912,0.9999999999427147,edge
3_001_20200624_203207(8),0,0.9999999990092814,0.6094488057618823,0.9999999990092814,band_end
3_001_20200624_203207(8),1,0.9999999995225088,0.7250524013570455,0.9999999995225088,interior
3_001_20200624_203207(8),2,0.9999999847530361,0.593841213166057,0.9999999847530361,edge
3_001_20200624_203212(2),0,0.9999993918364113,0.7937110860642089,0.9999993918364113,band_end
3_001_20200624_203212(2),1,0.9999999996143436,0.7152801680367309,0.9999999996143436,interior
3_001_20200624_203212(2),2,0.9992195510189883,0.58316483274955,0.9992195510189883,edge
3_001_20200624_203225(8),0,0.9996975858704543,0.5868178664220852,0.9996975858704543,band_end
3_001_20200624_203225(8),1,0.9999999993520448,0.6649520960714433,0.9999999993520448,interior
3_001_20200624_203225(8),2,0.9999999909408529,0.5425643547070081,0.9999999909408529,edge
3_001_20200625_003507(0),0,0.9999999811799357,0.8253334438760797,0.9999999811799357,band_end
3_001_20200625_003507(0),1,0.999999334369723,0.7235150983464949,0.999999334369723,interior
3_001_20200625_003507(0),2,0.6828609096345282,0.7281260589029936,0.6828609096345282,edge
3_001_20200625_003511(4),0,0.9998942510164172,0.6980307440482435,0.9998942510164172,band_end
3_001_20200625_003511(4),1,0.999999622363592,0.6548307159330591,0.999999622363592,interior
3_001_20200625_003511(4),2,0.9999996291063263,0.596995946238239,0.9999996291063263,edge
3_001_20200625_003515(9),0,0.9999996753572068,0.7874154307973367,0.9999996753572068,band_end
3_001_20200625_003515(9),1,0.999996468472483,0.6304875032784497,0.999996468472483,interior
3_001_20200625_003515(9),2,0.9999995147349886,0.7256949562565363,0.9999995147349886,edge
3_001_20200625_003520(4),0,0.9999999585764968,0.6386231642983505,0.9999999585764968,band_end
3_001_20200625_003520(4),1,0.9999999521352155,0.756526830214578,0.9999999521352155,interior
3_001_20200625_003520(4),2,0.9998114521501981,0.6433850839238546,0.9998114521501981,edge
3_001_20200625_003524(9),0,0.9999999512451682,0.7705512852604695,0.9999999512451682,band_end
3_001_20200625_003524(9),1,0.9999970743365528,0.597652036407086,0.9999970743365528,interior
3_001_20200625_003524(9),2,0.9999938676490894,0.6037443806779225,0.9999938676490894,edge
3_001_20200625_003529(2),0,0.9999997764440707,0.7546342464323712,0.9999997764440707,band_end
3_001_20200625_003529(2),1,0.9999976885793934,0.7909418048085173,0.9999976885793934,interior
3_001_20200625_003529(2),2,0.999998226823841,0.6782524268718221,0.999998226823841,edge
3_001_20200625_043323(7),0,0.9999997692402536,0.6217703867802216,0.9999997692402536,band_end
3_001_20200625_043323(7),1,0.9999996648280431,0.7120210699923095,0.9999996648280431,interior
3_001_20200625_043323(7),2,0.9999999704710025,0.7588162813486583,0.9999999704710025,edge
3_001_20200625_043328(3),0,0.9999993765227942,0.6720869176176054,0.9999993765227942,band_end
3_001_20200625_043328(3),1,0.9999978828719747,0.7297802592956358,0.9999978828719747,interior
3_001_20200625_043328(3),2,0.9999969890731791,0.6861227212879537,0.9999969890731791,edge
3_001_20200625_043337(3),0,0.9999997599516849,0.7964283205080686,0.9999997599516849,band_end
3_001_20200625_043337(3),1,0.9999998260943421,0.5633786305273756,0.9999998260943421,interior
3_001_20200625_043337(3),2,0.999998886795928,0.9062241059671194,0.999998886795928,edge
3_001_20200625_043341(7),0,0.99999925898881,0.7380602757667962,0.99999925898881,band_end
3_001_20200625_043341(7),1,0.9999982136299329,0.7716101757881852,0.9999982136299329,interior
3_001_20200625_043341(7),2,0.9999964182509821,0.8249064070496945,0.9999964182509821,edge
3_001_20200625_043346(2),0,0.9999998880250577,0.6063120061626778,0.9999998880250577,band_end
3_001_20200625_043346(2),1,0.9999995698251832,0.66816088728743,0.9999995698251832,interior
3_001_20200625_043346(2),2,0.9670147265170466,0.6713099332602901,0.9670147265170466,edge
3_001_20200625_043359(8),0,0.999999720836731,0.598782636205777,0.999999720836731,band_end
3_001_20200625_043359(8),1,0.9999996864935644,0.6512401660371553,0.9999996864935644,interior
3_001_20200625_043359(8),2,0.9999458411233254,0.7977616328802557,0.9999458411233254,edge
3_001_20200727_204954(7),0,0.9999992142105822,0.5500159010652858,0.9999992142105822,band_end
3_001_20200727_204954(7),1,0.999999365814536,0.5346737237901349,0.999999365814536,interior
3_001_20200727_204954(7),2,0.9999571523904908,0.528619570717831,0.9999571523904908,edge
3_001_20200727_204958(2),0,0.0,0.3920905385053018,0.9999999161442653,band_end
3_001_20200727_204958(2),1,0.0,0.38647013467828895,0.9999992554048625,interior
3_001_20200727_204958(2),2,0.0,0.3511145028650548,0.9999894230431596,edge
3_001_20200728_014351(3),0,0.9999998443303553,0.5808555628298215,0.9999998443303553,band_end
3_001_20200728_014351(3),1,0.9999996509443162,0.6377185134062351,0.9999996509443162,interior
3_001_20200728_014351(3),2,0.9999997029031819,0.5907451582200832,0.9999997029031819,edge
3_001_20200728_014355(2),0,0.9999995466645278,0.5306494765280773,0.9999995466645278,band_end
3_001_20200728_014355(2),1,0.9999992760462925,0.5605033003236028,0.9999992760462925,interior
3_001_20200728_014355(2),2,0.9999993849596048,0.5749568876706322,0.9999993849596048,edge
3_001_20200728_043138(3),0,0.9999994941882591,0.7244658761625079,0.9999994941882591,band_end
3_001_20200728_043138(3),1,0.9999991105466437,0.7527312346504074,0.9999991105466437,interior
3_001_20200728_043138(3),2,0.9999985610048862,0.804400326228617,0.9999985610048862,edge
3_001_20200728_043141(5),0,0.999999818810964,0.5406869101541141,0.999999818810964,band_end
3_001_20200728_043141(5),1,0.9999998015774604,0.549391894846087,0.9999998015774604,interior
3_001_20200728_043141(5),2,0.9999995407456517,0.5845942390641652,0.9999995407456517,edge
3_001_20200728_083108(2),0,0.9999997121418747,0.6025460891526132,0.9999997121418747,band_end
3_001_20200728_083108(2),1,0.9999962258606145,0.6603431556162453,0.9999962258606145,interior
3_001_20200728_083108(2),2,0.9999999538851928,0.5870486979872342,0.9999999538851928,edge
3_001_20200728_083116(1),0,0.0,0.4541790939047772,0.999978750858873,band_end
3_001_20200728_083116(1),1,0.9999994337522686,0.5485141738377313,0.9999994337522686,interior
3_001_20200728_083116(1),2,0.07038879343915909,0.5401864179342931,0.07038879343915909,edge
3_001_20200728_123129(2),0,0.0,0.49881742587977784,0.9999997238404451,band_end
3_001_20200728_123129(2),1,0.9999924256255311,0.5865448289579756,0.9999924256255311,interior
3_001_20200728_123129(2),2,0.0,0.4296113390479189,0.9999262499376183,edge
3_001_20200728_123132(4),0,0.9999996861598633,0.6461043663745568,0.9999996861598633,band_end
3_001_20200728_123132(4),1,0.9999983386566615,0.5683480127089076,0.9999983386566615,interior
3_001_20200728_123132(4),2,0.9999654963142632,0.6541244556687451,0.9999654963142632,edge
3_001_20200728_163910(5),0,0.9999986655790166,0.6522053423782151,0.9999986655790166,band_end
3_001_20200728_163910(5),1,0.9999987062331158,0.6859612325761381,0.9999987062331158,interior
3_001_20200728_163910(5),2,0.9999989892734845,0.6740234225927592,0.9999989892734845,edge
3_001_20200728_163913(6),0,0.9999924507770929,0.7806017956661003,0.9999924507770929,band_end
3_001_20200728_163913(6),1,0.9999972430724565,0.7252854128216789,0.9999972430724565,interior
3_001_20200728_163913(6),2,0.9999977271489413,0.7435282635643065,0.9999977271489413,edge
3_001_20200810_085043(8),0,0.9999998863749631,0.7405028778916893,0.9999998863749631,band_end
3_001_20200810_085043(8),1,0.9999992091699813,0.6136233437331661,0.9999992091699813,interior
3_001_20200810_085043(8),2,0.9999982621238215,0.687212320771246,0.9999982621238215,edge
3_001_20200810_123047(8),0,0.9999997698633972,0.5310672885965744,0.9999997698633972,band_end
3_001_20200810_123047(8),1,0.0,0.4649494621117639,0.9999974409018402,interior
3_001_20200810_123047(8),2,0.9999634881601163,0.6120494503250394,0.9999634881601163,edge
3_001_20200810_123051(3),0,0.999999956100038,0.6677654028893196,0.999999956100038,band_end
3_001_20200810_123051(3),1,0.999999731188668,0.6943221778761005,0.999999731188668,interior
3_001_20200810_123051(3),2,0.9999991709570518,0.6120527729044839,0.9999991709570518,edge
3_001_20200810_163112(8),0,0.9999997233231601,0.7643776656970782,0.9999997233231601,band_end
3_001_20200810_163112(8),1,0.9999990263703753,0.6252624948975282,0.9999990263703753,interior
3_001_20200810_163112(8),2,0.9999953324204216,0.7392649466611696,0.9999953324204216,edge
3_001_20200810_163116(0),0,0.9999998141118168,0.5656689575267685,0.9999998141118168,band_end
3_001_20200810_163116(0),1,0.9999982205694504,0.5881168377475225,0.9999982205694504,interior
3_001_20200810_163116(0),2,0.9998884606443325,0.6037031536663656,0.9998884606443325,edge
3_001_20200810_203208(7),0,0.9999997939789647,0.5941907744071705,0.9999997939789647,band_end
3_001_20200810_203208(7),1,0.9999996155610634,0.592313802734331,0.9999996155610634,interior
3_001_20200810_203208(7),2,0.9999976085057902,0.6653726214466072,0.9999976085057902,edge
3_001_20200810_203212(6),0,0.9999998835832777,0.7639644012496168,0.9999998835832777,band_end
3_001_20200810_203212(6),1,0.9999967472033223,0.8798134049877585,0.9999967472033223,interior
3_001_20200810_203212(6),2,0.9999982391832744,0.8038712317737431,0.9999982391832744,edge
3_001_20200811_003323(2),0,0.9999561114375046,0.6548858461052294,0.9999561114375046,band_end
3_001_20200811_003323(2),1,0.9999995960587849,0.7205095749637639,0.9999995960587849,interior
3_001_20200811_003323(2),2,0.9999980367975131,0.6907851957007741,0.9999980367975131,edge
3_001_20200811_003327(0),0,0.9999997277105641,0.6353649880498193,0.9999997277105641,band_end
3_001_20200811_003327(0),1,0.9999998931020312,0.6761416057401937,0.9999998931020312,interior
3_001_20200811_003327(0),2,0.9999995893167611,0.5580934055133873,0.9999995893167611,edge
3_001_20200811_043037(3),0,0.999999220705375,0.7734178336057682,0.999999220705375,band_end
3_001_20200811_043037(3),1,0.9999998466359934,0.7612886904353751,0.9999998466359934,interior
3_001_20200811_043037(3),2,0.9999991638273862,0.665678900607561,0.9999991638273862,edge
3_001_20200811_043041(6),0,0.8122184627700944,0.7272441167124457,0.8122184627700944,band_end
3_001_20200811_043041(6),1,0.9999997370903874,0.8367316363489945,0.9999997370903874,interior
3_001_20200811_043041(6),2,0.9999997103859019,0.832990186047872,0.9999997103859019,edge
3_001_20200815_003438(6),0,0.9999997960165533,0.7340984616546972,0.9999997960165533,band_end
3_001_20200815_003438(6),1,0.9999997904544267,0.7460371528683098,0.9999997904544267,interior
3_001_20200815_003438(6),2,0.9999999068420857,0.6975311739227563,0.9999999068420857,edge
3_001_20200815_003529(0),0,0.9999996552740573,0.7524996203579631,0.9999996552740573,band_end
3_001_20200815_003529(0),1,0.9999995961444509,0.7563804126181917,0.9999995961444509,interior
3_001_20200815_003529(0),2,0.9999999063216941,0.705631683941738,0.9999999063216941,edge
3_001_20200819_003039(4),0,0.9999993238614788,0.8452330082549129,0.9999993238614788,band_end
3_001_20200819_003039(4),1,0.9999989795355662,0.7620435689577645,0.9999989795355662,interior
3_001_20200819_003039(4),2,0.999999787441899,0.8220176886395214,0.999999787441899,edge
3_001_20200819_003044(1),0,0.9999992392853287,0.5209722699027265,0.9999992392853287,band_end
3_001_20200819_003044(1),1,0.9999989828910769,0.5141886338650585,0.9999989828910769,interior
3_001_20200819_003044(1),2,0.0,0.43242654487500215,0.9999998907391132,edge
3_001_20200819_043209(9),0,0.9999977720472866,0.7357088771291469,0.9999977720472866,band_end
3_001_20200819_043209(9),1,0.9999994382871529,0.7057476308496841,0.9999994382871529,interior
3_001_20200819_043209(9),2,0.9999994984065319,0.7139864799418165,0.9999994984065319,edge
3_001_20200819_043216(0),0,0.9999987101352494,0.823367407340025,0.9999987101352494,band_end
3_001_20200819_043216(0),1,0.9999997280652111,0.7668063516648544,0.9999997280652111,interior
3_001_20200819_043216(0),2,0.9999998913234225,0.7907038335643661,0.9999998913234225,edge
3_001_20200819_083353(5),0,0.9999998421188775,0.7058010259785784,0.9999998421188775,band_end
3_001_20200819_083353(5),1,0.999998544901176,0.7479558762961636,0.999998544901176,interior
3_001_20200819_083353(5),2,0.9999980933957324,0.6855957800333501,0.9999980933957324,edge
3_001_20200819_083401(0),0,0.9999995376835619,0.7198991360571687,0.9999995376835619,band_end
3_001_20200819_083401(0),1,0.9999991783756972,0.6775621324093348,0.9999991783756972,interior
3_001_20200819_083401(0),2,0.9999979187430166,0.7873404904087308,0.9999979187430166,edge
3_001_20200819_124414(0),0,0.0,0.3955299927182413,0.9999986994991212,band_end
3_001_20200819_124414(0),1,0.0,0.423834368447613,0.9999995678284326,interior
3_001_20200819_124414(0),2,0.0,0.47263511420728294,0.9999996381085092,edge
3_001_20200819_124415(9),0,0.9999993406737238,0.5435186765933347,0.9999993406737238,band_end
3_001_20200819_124415(9),1,0.9999992818808242,0.5367434152777402,0.9999992818808242,interior
3_001_20200819_124415(9),2,0.9999998321213053,0.6215635064028229,0.9999998321213053,edge
3_001_20200819_162723(4),0,0.0,0.4875098060183076,0.999999931067238,band_end
3_001_20200819_162723(4),1,0.9999998260734824,0.5832199935626201,0.9999998260734824,interior
3_001_20200819_162723(4),2,0.9999990883239345,0.5703058604180119,0.9999990883239345,edge
3_001_20200826_023328(3),0,0.9999988094635791,0.5591752742883592,0.9999988094635791,band_end
3_001_20200826_023328(3),1,0.0,0.4940286592073505,0.9999992540371117,interior
3_001_20200826_023328(3),2,0.0,0.4579865491652668,0.999971758593349,edge
3_001_20200826_023332(5),0,0.9999998381999144,0.7484103303894449,0.9999998381999144,band_end
3_001_20200826_023332(5),1,0.9999996022665382,0.6879665808853463,0.9999996022665382,interior
3_001_20200826_023332(5),2,0.9999995373187749,0.7821378752845051,0.9999995373187749,edge
3_001_20200826_043252(8),0,0.9999999020076709,0.7638234025604224,0.9999999020076709,band_end
3_001_20200826_043252(8),1,0.9999985115498126,0.8364590283024349,0.9999985115498126,interior
3_001_20200826_043252(8),2,0.999998968067765,0.7691087765385177,0.999998968067765,edge
3_001_20200826_043255(8),0,0.9999992709030037,0.7896495741535947,0.9999992709030037,band_end
3_001_20200826_043255(8),1,0.9999990791505373,0.857443372014803,0.9999990791505373,interior
3_001_20200826_043255(8),2,0.9999996578868511,0.8270872948425976,0.9999996578868511,edge
3_001_20200826_123711(3),0,0.9999999369563541,0.5081317896690392,0.9999999369563541,band_end
3_001_20200826_123711(3),1,0.9999993844623297,0.5749237495115912,0.9999993844623297,interior
3_001_20200826_123711(3),2,0.9999990859320036,0.5604958891642676,0.9999990859320036,edge
3_001_20200826_123714(5),0,0.9999972605281288,0.6744025179212068,0.9999972605281288,band_end
3_001_20200826_123714(5),1,0.9999991693324711,0.6864342344155538,0.9999991693324711,interior
3_001_20200826_123714(5),2,0.9999987564024253,0.7046194503252844,0.9999987564024253,edge
3_001_20200831_083711(6),0,0.9999977379965795,0.6865012919807868,0.9999977379965795,band_end
3_001_20200831_083711(6),1,0.999999595063079,0.6492857500602137,0.999999595063079,interior
3_001_20200831_083711(6),2,0.9999998666614056,0.5852791551483493,0.9999998666614056,edge
3_001_20200831_083714(8),0,0.9999996061142818,0.8963872160691617,0.9999996061142818,band_end
3_001_20200831_083714(8),1,0.9999989577396743,0.831173048637039,0.9999989577396743,interior
3_001_20200831_083714(8),2,0.9999997322727956,0.8781536831490568,0.9999997322727956,edge
3_001_20200831_123316(5),0,0.9999674041561253,0.7209093929370844,0.9999674041561253,band_end
3_001_20200831_123316(5),1,0.9999998396926203,0.6604325994157678,0.9999998396926203,interior
3_001_20200831_123316(5),2,0.9999999043834764,0.5702238962995851,0.9999999043834764,edge
3_001_20200922_163332(2),0,0.9999999854661921,0.5447431395906471,0.9999999854661921,band_end
3_001_20200922_163332(2),1,0.9999975222251084,0.5851302738316807,0.9999975222251084,interior
3_001_20200922_163332(2),2,0.9999983356025859,0.5203884850630568,0.9999983356025859,edge
3_001_20200922_163335(3),0,0.9999999091899612,0.7186859004953614,0.9999999091899612,band_end
3_001_20200922_163335(3),1,0.9999992881708251,0.6325635973557578,0.9999992881708251,interior
3_001_20200922_163335(3),2,0.37646262029383054,0.652104413906194,0.37646262029383054,edge
