image_id,obj,match_score,max_iou,center_score,kind
1_002_20200622_203053(2),0,0.6999500393867493,0.8312266385917317,0.6999500393867493,band_end
1_002_20200622_203053(2),1,0.6904953718185425,0.5374719382489008,0.6904953718185425,interior
1_002_20200622_203053(2),2,0.6922638416290283,0.6114916661112225,0.6922638416290283,edge
1_002_20200622_203057(3),0,0.6986172795295715,0.6153991503305967,0.6986172795295715,band_end
1_002_20200622_203057(3),1,0.7071068286895752,0.6990744286793341,0.7071068286895752,interior
1_002_20200622_203057(3),2,0.7060781121253967,0.730275947517855,0.7060781121253967,edge
1_002_20200622_203101(3),0,0.6925362944602966,0.5277976577763878,0.6925362944602966,band_end
1_002_20200622_203101(3),1,0.6892869472503662,0.5404767573066953,0.6892869472503662,interior
1_002_20200622_203101(3),2,0.7115303874015808,0.5049080888499349,0.7115303874015808,edge
1_002_20200622_203105(4),0,0.7161744236946106,0.8247946322125851,0.7161744236946106,band_end
1_002_20200622_203105(4),1,0.6973366737365723,0.6954065248094501,0.6973366737365723,interior
1_002_20200622_203105(4),2,0.6915166974067688,0.8226055946678508,0.6915166974067688,edge
1_002_20200622_203109(3),0,0.7087025046348572,0.6691802752555108,0.7087025046348572,band_end
1_002_20200622_203109(3),1,0.7023453712463379,0.6634717317593316,0.7023453712463379,interior
1_002_20200622_203109(3),2,0.6876099109649658,0.7552722090763659,0.6876099109649658,edge
1_002_20200622_203121(4),0,0.7066231369972229,0.6539693619186293,0.7066231369972229,band_end
1_002_20200622_203121(4),1,0.6859380602836609,0.6287855707729856,0.6859380602836609,interior
1_002_20200622_203121(4),2,0.6939707398414612,0.7163757827024292,0.6939707398414612,edge
1_002_20200623_003346(4),0,0.7055728435516357,0.8071138463811847,0.7055728435516357,band_end
1_002_20200623_003346(4),1,0.7022634148597717,0.636820650912246,0.7022634148597717,interior
1_002_20200623_003346(4),2,0.6967959403991699,0.8346329813996171,0.6967959403991699,edge
1_002_20200623_003350(4),0,0.7005787491798401,0.680590158951545,0.7005787491798401,band_end
1_002_20200623_003350(4),1,0.6843733787536621,0.7637830791088042,0.6843733787536621,interior
1_002_20200623_003350(4),2,0.6897277235984802,0.625829214897433,0.6897277235984802,edge
1_002_20200623_003354(3),0,0.692894458770752,0.7492457309683042,0.692894458770752,band_end
1_002_20200623_003354(3),1,0.7011128067970276,0.8689356058461213,0.7011128067970276,interior
1_002_20200623_003354(3),2,0.6850724220275879,0.7508719520217154,0.6850724220275879,edge
1_002_20200623_003358(2),0,0.6977216005325317,0.6450522724186885,0.6977216005325317,band_end
1_002_20200623_003358(2),1,0.6976678967475891,0.6392056318138397,0.6976678967475891,interior
1_002_20200623_003358(2),2,0.6993869543075562,0.5893047726564264,0.6993869543075562,edge
1_002_20200623_003402(2),0,0.7033787965774536,0.7156635800104953,0.7033787965774536,band_end
1_002_20200623_003402(2),1,0.7113967537879944,0.7655043799116922,0.7113967537879944,interior
1_002_20200623_003402(2),2,0.6931154727935791,0.8006329987183191,0.6931154727935791,edge
1_002_20200623_003410(2),0,0.6917282342910767,0.7357722445759609,0.6917282342910767,band_end
1_002_20200623_003410(2),1,0.698219358921051,0.8133067782937414,0.698219358921051,interior
1_002_20200623_003410(2),2,0.7097634673118591,0.8178439375037282,0.7097634673118591,edge
1_002_20200623_043039(3),0,0.6827749609947205,0.8545372131894923,0.6827749609947205,band_end
1_002_20200623_043039(3),1,0.687501072883606,0.7804384613746397,0.687501072883606,interior
1_002_20200623_043039(3),2,0.7136287093162537,0.5351402941379453,0.7136287093162537,edge
1_002_20200623_043043(2),0,0.6679744124412537,0.6426318212512787,0.6679744124412537,band_end
1_002_20200623_043043(2),1,0.7140002846717834,0.6981146879797934,0.7140002846717834,interior
1_002_20200623_043043(2),2,0.7124054431915283,0.7273952986827229,0.7124054431915283,edge
1_002_20200623_043047(2),0,0.7029357552528381,0.5944625057930716,0.7029357552528381,band_end
1_002_20200623_043047(2),1,0.7003391981124878,0.6662318139229775,0.7003391981124878,interior
1_002_20200623_043047(2),2,0.717814564704895,0.6402514934635983,0.717814564704895,edge
1_002_20200623_043051(3),0,0.6962826251983643,0.7226441253072164,0.6962826251983643,band_end
1_002_20200623_043051(3),1,0.7008077502250671,0.734663038036838,0.7008077502250671,interior
1_002_20200623_043051(3),2,0.7102140188217163,0.7367998287522031,0.7102140188217163,edge
1_002_20200623_043055(3),0,0.6810531616210938,0.6573278369226093,0.6810531616210938,band_end
1_002_20200623_043055(3),1,0.7110303640365601,0.7495969045711676,0.7110303640365601,interior
1_002_20200623_043055(3),2,0.7018186450004578,0.7422678680550189,0.7018186450004578,edge
1_002_20200623_043059(4),0,0.6661505699157715,0.8712101389477694,0.6661505699157715,band_end
1_002_20200623_043059(4),1,0.6807650327682495,0.6356980998477841,0.6807650327682495,interior
1_002_20200623_043059(4),2,0.6925185918807983,0.6383874954190105,0.6925185918807983,edge
1_002_20200623_082258(6),0,0.7070720791816711,0.7214730979014288,0.7070720791816711,band_end
1_002_20200623_082258(6),1,0.699644923210144,0.6939672075881007,0.699644923210144,interior
1_002_20200623_082258(6),2,0.6962651610374451,0.6968572695844804,0.6962651610374451,edge
1_002_20200623_082302(6),0,0.6836499571800232,0.7196381578179047,0.6836499571800232,band_end
1_002_20200623_082302(6),1,0.7138593196868896,0.7964192377227076,0.7138593196868896,interior
1_002_20200623_082302(6),2,0.697667121887207,0.77677928297576,0.697667121887207,edge
1_002_20200623_082306(5),0,0.704117476940155,0.7196922409460371,0.704117476940155,band_end
1_002_20200623_082306(5),1,0.7135083079338074,0.7903730433300616,0.7135083079338074,interior
1_002_20200623_082306(5),2,0.7187615036964417,0.7514522465538295,0.7187615036964417,edge
1_002_20200623_082310(6),0,0.6940823793411255,0.6074765061902472,0.6940823793411255,band_end
1_002_20200623_082310(6),1,0.6759942173957825,0.583027186298454,0.6759942173957825,interior
1_002_20200623_082310(6),2,0.7111918926239014,0.7160782565971223,0.7111918926239014,edge
1_002_20200623_082314(4),0,0.7028868794441223,0.593051820110948,0.7028868794441223,band_end
1_002_20200623_082314(4),1,0.6922240257263184,0.6030287442604595,0.6922240257263184,interior
1_002_20200623_082314(4),2,0.721699059009552,0.7136943017377103,0.721699059009552,edge
1_002_20200623_082318(5),0,0.6937974691390991,0.7094715705511756,0.6937974691390991,band_end
1_002_20200623_082318(5),1,0.7102306485176086,0.5449374474822335,0.7102306485176086,interior
1_002_20200623_082318(5),2,0.0,0.4829837344430991,0.7294365763664246,edge
1_002_20200623_123032(7),0,0.6790041923522949,0.6702214054936428,0.6790041923522949,band_end
1_002_20200623_123032(7),1,0.6913827657699585,0.6270041481841245,0.6913827657699585,interior
1_002_20200623_123032(7),2,0.7251046299934387,0.6804772225120281,0.7251046299934387,edge
1_002_20200623_123036(5),0,0.7101349234580994,0.6698169216454286,0.7101349234580994,band_end
1_002_20200623_123036(5),1,0.703416645526886,0.6799835446005471,0.703416645526886,interior
1_002_20200623_123036(5),2,0.69135981798172,0.9146257007263194,0.69135981798172,edge
1_002_20200623_123040(5),0,0.7141112685203552,0.661223665510656,0.7141112685203552,band_end
1_002_20200623_123040(5),1,0.7064411044120789,0.7452132342786429,0.7064411044120789,interior
1_002_20200623_123040(5),2,0.7226943373680115,0.7508258923421975,0.7226943373680115,edge
1_002_20200623_123044(3),0,0.6859562397003174,0.8080021889016727,0.6859562397003174,band_end
1_002_20200623_123044(3),1,0.6702361702919006,0.6807594788416353,0.6702361702919006,interior
1_002_20200623_123044(3),2,0.7144404053688049,0.6730290859816588,0.7144404053688049,edge
1_002_20200623_123048(4),0,0.7062606811523438,0.8280549406828447,0.7062606811523438,band_end
1_002_20200623_123048(4),1,0.6931196451187134,0.7313527705064331,0.6931196451187134,interior
1_002_20200623_123048(4),2,0.6873109340667725,0.7618418879777781,0.6873109340667725,edge
1_002_20200623_123052(5),0,0.688609778881073,0.8342690381906168,0.688609778881073,band_end
1_002_20200623_123052(5),1,0.7031120657920837,0.8865445970492564,0.7031120657920837,interior
1_002_20200623_123052(5),2,0.7165406942367554,0.7728585341122384,0.7165406942367554,edge
1_002_20200623_163039(5),0,0.6769477725028992,0.6503303671945543,0.6769477725028992,band_end
1_002_20200623_163039(5),1,0.68752521276474,0.6767897573851522,0.68752521276474,interior
1_002_20200623_163039(5),2,0.6930582523345947,0.6915102958265456,0.6930582523345947,edge
1_002_20200623_163043(7),0,0.6627136468887329,0.5537329061657765,0.6627136468887329,band_end
1_002_20200623_163043(7),1,0.6960220336914062,0.7155722727850495,0.6960220336914062,interior
1_002_20200623_163043(7),2,0.7232112288475037,0.8517512218481346,0.7232112288475037,edge
1_002_20200623_163047(6),0,0.681982696056366,0.6804582358417504,0.681982696056366,band_end
1_002_20200623_163047(6),1,0.7022733092308044,0.8193221514423689,0.7022733092308044,interior
1_002_20200623_163047(6),2,0.0,0.493190218844714,0.7110307216644287,edge
1_002_20200623_163051(7),0,0.7109156250953674,0.7406934512179627,0.7109156250953674,band_end
1_002_20200623_163051(7),1,0.7179355621337891,0.6538478928335888,0.7179355621337891,interior
1_002_20200623_163051(7),2,0.7271345257759094,0.658195982547557,0.7271345257759094,edge
1_002_20200623_163055(6),0,0.717758297920227,0.7572384476283082,0.717758297920227,band_end
1_002_20200623_163055(6),1,0.674330472946167,0.6701490193115639,0.674330472946167,interior
1_002_20200623_163055(6),2,0.6695922017097473,0.7452594467651079,0.6695922017097473,edge
1_002_20200623_163059(6),0,0.7064256072044373,0.745702986761685,0.7064256072044373,band_end
1_002_20200623_163059(6),1,0.6865469217300415,0.713563366435869,0.6865469217300415,interior
1_002_20200623_163059(6),2,0.6897740960121155,0.7556535627015497,0.6897740960121155,edge
1_002_20200623_203040(4),0,0.693535327911377,0.6836054817618739,0.693535327911377,band_end
1_002_20200623_203040(4),1,0.0,0.4702966564881417,0.6814014315605164,interior
1_002_20200623_203040(4),2,0.695201575756073,0.8185644290692725,0.695201575756073,edge
1_002_20200623_203044(0),0,0.6702731847763062,0.5463202907915273,0.6702731847763062,band_end
1_002_20200623_203044(0),1,0.689689040184021,0.7501110388604323,0.689689040184021,interior
1_002_20200623_203044(0),2,0.7094523906707764,0.810261326253766,0.7094523906707764,edge
1_002_20200623_203047(7),0,0.7105346322059631,0.5441473902880081,0.7105346322059631,band_end
1_002_20200623_203047(7),1,0.7007512450218201,0.60067676217302,0.7007512450218201,interior
1_002_20200623_203047(7),2,0.6918851137161255,0.6092599528147274,0.6918851137161255,edge
1_002_20200623_203051(2),0,0.699205219745636,0.8233331294373413,0.699205219745636,band_end
1_002_20200623_203051(2),1,0.7077940702438354,0.8545588980071491,0.7077940702438354,interior
1_002_20200623_203051(2),2,0.6668359041213989,0.7256114718385724,0.6668359041213989,edge
1_002_20200623_203054(7),0,0.7049788236618042,0.591163352045357,0.7049788236618042,band_end
1_002_20200623_203054(7),1,0.6871508955955505,0.7384690740173413,0.6871508955955505,interior
1_002_20200623_203054(7),2,0.7006991505622864,0.6649793826498857,0.7006991505622864,edge
1_002_20200623_203058(3),0,0.6787726283073425,0.5701783356796399,0.6787726283073425,band_end
1_002_20200623_203058(3),1,0.6712473034858704,0.5422710481837082,0.6712473034858704,interior
1_002_20200623_203058(3),2,0.6802573800086975,0.7972498531614158,0.6802573800086975,edge
1_002_20200624_003107(0),0,0.6968971490859985,0.7222380535299824,0.6968971490859985,band_end
1_002_20200624_003107(0),1,0.6822077035903931,0.7022454154970719,0.6822077035903931,interior
1_002_20200624_003107(0),2,0.7092303037643433,0.7286356507541921,0.7092303037643433,edge
1_002_20200624_003111(0),0,0.7210283279418945,0.8262590428384635,0.7210283279418945,band_end
1_002_20200624_003111(0),1,0.7151597738265991,0.7576372230920608,0.7151597738265991,interior
1_002_20200624_003111(0),2,0.7277142405509949,0.8487844555287984,0.7277142405509949,edge
1_002_20200624_003115(1),0,0.7057936787605286,0.8617527010520855,0.7057936787605286,band_end
1_002_20200624_003115(1),1,0.7076634168624878,0.8642669980465733,0.7076634168624878,interior
1_002_20200624_003115(1),2,0.7076302170753479,0.8613619746022433,0.7076302170753479,edge
1_002_20200624_003119(1),0,0.6761063933372498,0.7960952360229133,0.6761063933372498,band_end
1_002_20200624_003119(1),1,0.7058329582214355,0.7594568468537618,0.7058329582214355,interior
1_002_20200624_003119(1),2,0.7121610641479492,0.8626310044067752,0.7121610641479492,edge
1_002_20200624_003123(1),0,0.6990671753883362,0.6169875529997074,0.6990671753883362,band_end
1_002_20200624_003123(1),1,0.7221251130104065,0.6170408399816935,0.7221251130104065,interior
1_002_20200624_003123(1),2,0.7078027725219727,0.660490575002856,0.7078027725219727,edge
1_002_20200624_003127(0),0,0.6834977865219116,0.8358235458391264,0.6834977865219116,band_end
1_002_20200624_003127(0),1,0.6908625364303589,0.8470524797915667,0.6908625364303589,interior
1_002_20200624_003127(0),2,0.6849071383476257,0.6671188496692603,0.6849071383476257,edge
1_002_20200624_043128(1),0,0.7123787999153137,0.6972425008825509,0.7123787999153137,band_end
1_002_20200624_043128(1),1,0.7042685151100159,0.6631099743855873,0.7042685151100159,interior
1_002_20200624_043128(1),2,0.6943777203559875,0.6879037682012252,0.6943777203559875,edge
1_002_20200624_043132(2),0,0.701111912727356,0.7409420295740035,0.701111912727356,band_end
1_002_20200624_043132(2),1,0.6979665756225586,0.7393204058147613,0.6979665756225586,interior
1_002_20200624_043132(2),2,0.717056930065155,0.7153451751311634,0.717056930065155,edge
1_002_20200624_043136(1),0,0.7166581153869629,0.6655226713417012,0.7166581153869629,band_end
1_002_20200624_043136(1),1,0.6854990720748901,0.6611157777707894,0.6854990720748901,interior
1_002_20200624_043136(1),2,0.7120492458343506,0.61689242891846,0.7120492458343506,edge
1_002_20200624_043140(2),0,0.6862106323242188,0.6622780640437095,0.6862106323242188,band_end
1_002_20200624_043140(2),1,0.6942466497421265,0.6078658534507094,0.6942466497421265,interior
1_002_20200624_043140(2),2,0.712386429309845,0.6504844481421984,0.712386429309845,edge
1_002_20200624_043144(2),0,0.7109864354133606,0.7272647671279526,0.7109864354133606,band_end
1_002_20200624_043144(2),1,0.702592670917511,0.7543763294832584,0.702592670917511,interior
1_002_20200624_043144(2),2,0.7029383778572083,0.6466228210439396,0.7029383778572083,edge
1_002_20200624_043148(1),0,0.7161273956298828,0.8170427599705212,0.7161273956298828,band_end
1_002_20200624_043148(1),1,0.7030569911003113,0.6656497149645404,0.7030569911003113,interior
1_002_20200624_043148(1),2,0.7046231031417847,0.7642030493288462,0.7046231031417847,edge
1_002_20200624_083045(5),0,0.6909226775169373,0.5859646302649718,0.6909226775169373,band_end
1_002_20200624_083045(5),1,0.7043917179107666,0.7114382500137483,0.7043917179107666,interior
1_002_20200624_083045(5),2,0.7125583291053772,0.6975865304878904,0.7125583291053772,edge
1_002_20200624_083049(6),0,0.7041322588920593,0.7504248571629624,0.7041322588920593,band_end
1_002_20200624_083049(6),1,0.7013546824455261,0.8552190724077795,0.7013546824455261,interior
1_002_20200624_083049(6),2,0.697643518447876,0.7602165394958037,0.697643518447876,edge
1_002_20200624_083053(3),0,0.6940634846687317,0.8270437872342036,0.6940634846687317,band_end
1_002_20200624_083053(3),1,0.7023327350616455,0.8283934048610218,0.7023327350616455,interior
1_002_20200624_083053(3),2,0.731661319732666,0.7691010131457401,0.731661319732666,edge
1_002_20200624_083057(4),0,0.6870743036270142,0.5421764249913394,0.6870743036270142,band_end
1_002_20200624_083057(4),1,0.7185233235359192,0.6283029724603002,0.7185233235359192,interior
1_002_20200624_083057(4),2,0.7061150074005127,0.707940843334815,0.7061150074005127,edge
1_002_20200624_083101(4),0,0.6828774809837341,0.8802795131010585,0.6828774809837341,band_end
1_002_20200624_083101(4),1,0.717009961605072,0.7569607565441432,0.717009961605072,interior
1_002_20200624_083101(4),2,0.70357745885849,0.7944696447593076,0.70357745885849,edge
1_002_20200624_083105(5),0,0.6889907121658325,0.7331326876603813,0.6889907121658325,band_end
1_002_20200624_083105(5),1,0.6674090027809143,0.7980140467854531,0.6674090027809143,interior
1_002_20200624_083105(5),2,0.6992900967597961,0.8741041311916171,0.6992900967597961,edge
1_002_20200624_123122(6),0,0.7141158580780029,0.7179203547539748,0.7141158580780029,band_end
1_002_20200624_123122(6),1,0.717086136341095,0.6774262293606917,0.717086136341095,interior
1_002_20200624_123122(6),2,0.7149161696434021,0.687644586391774,0.7149161696434021,edge
1_002_20200624_123126(4),0,0.699274480342865,0.5418783893793823,0.699274480342865,band_end
1_002_20200624_123126(4),1,0.7039428353309631,0.538274150262974,0.7039428353309631,interior
1_002_20200624_123126(4),2,0.7116371393203735,0.6892587685541223,0.7116371393203735,edge
1_002_20200624_123129(9),0,0.6863831281661987,0.744507645943721,0.6863831281661987,band_end
1_002_20200624_123129(9),1,0.6577089428901672,0.8304656293901022,0.6577089428901672,interior
1_002_20200624_123129(9),2,0.6896723508834839,0.6779287866229868,0.6896723508834839,edge
1_002_20200624_123133(0),0,0.6759809851646423,0.6187664070152077,0.6759809851646423,band_end
1_002_20200624_123133(0),1,0.6906313896179199,0.7225878999789943,0.6906313896179199,interior
1_002_20200624_123133(0),2,0.7150732278823853,0.5762303409388867,0.7150732278823853,edge
1_002_20200624_123136(5),0,0.6708065867424011,0.6952034683817606,0.6708065867424011,band_end
1_002_20200624_123136(5),1,0.7119781970977783,0.7064401992757655,0.7119781970977783,interior
1_002_20200624_123136(5),2,0.7207015752792358,0.8483595431931369,0.7207015752792358,edge
1_002_20200624_123143(7),0,0.6834183931350708,0.6524293949971327,0.6834183931350708,band_end
1_002_20200624_123143(7),1,0.7020431160926819,0.6834437574450435,0.7020431160926819,interior
1_002_20200624_123143(7),2,0.719098687171936,0.7071952665732677,0.719098687171936,edge
1_002_20200624_162522(0),0,0.7015318870544434,0.8422869618048499,0.7015318870544434,band_end
1_002_20200624_162522(0),1,0.688983678817749,0.8804825250957062,0.688983678817749,interior
1_002_20200624_162522(0),2,0.7184833884239197,0.8052837658446986,0.7184833884239197,edge
1_002_20200624_162527(8),0,0.666142463684082,0.7711812149205813,0.666142463684082,band_end
1_002_20200624_162527(8),1,0.6921104192733765,0.8054010635174337,0.6921104192733765,interior
1_002_20200624_162527(8),2,0.7330353856086731,0.8069344970079596,0.7330353856086731,edge
1_002_20200624_162531(7),0,0.6958985924720764,0.7240926045674534,0.6958985924720764,band_end
1_002_20200624_162531(7),1,0.7024182677268982,0.7019738320489192,0.7024182677268982,interior
1_002_20200624_162531(7),2,0.7216276526451111,0.732939581282285,0.7216276526451111,edge
1_002_20200624_162536(8),0,0.7256479859352112,0.7154156736327029,0.7256479859352112,band_end
1_002_20200624_162536(8),1,0.6832787394523621,0.7623282314233095,0.6832787394523621,interior
1_002_20200624_162536(8),2,0.7033450603485107,0.6100958196365157,0.7033450603485107,edge
1_002_20200624_162540(3),0,0.6779396533966064,0.6283062350883328,0.6779396533966064,band_end
1_002_20200624_162540(3),1,0.0,0.48856433314292436,0.7163019180297852,interior
1_002_20200624_162540(3),2,0.7174866795539856,0.761614829843104,0.7174866795539856,edge
1_002_20200624_162543(7),0,0.6680900454521179,0.5417129017723104,0.6680900454521179,band_end
1_002_20200624_162543(7),1,0.6728147864341736,0.526273905072065,0.6728147864341736,interior
1_002_20200624_162543(7),2,0.0,0.4819308485214909,0.7172965407371521,edge
1_002_20200624_203003(9),0,0.7000883221626282,0.6435820498270914,0.7000883221626282,band_end
1_002_20200624_203003(9),1,0.6753698587417603,0.647983567427016,0.6753698587417603,interior
1_002_20200624_203003(9),2,0.7178139686584473,0.7033061653232033,0.7178139686584473,edge
1_002_20200624_203012(9),0,0.6908204555511475,0.6977756307926029,0.6908204555511475,band_end
1_002_20200624_203012(9),1,0.6838445663452148,0.6681011104490608,0.6838445663452148,interior
1_002_20200624_203012(9),2,0.7011192440986633,0.7397477010334159,0.7011192440986633,edge
1_002_20200624_203017(4),0,0.7127928137779236,0.6345037166296985,0.7127928137779236,band_end
1_002_20200624_203017(4),1,0.6841567754745483,0.6855093922326582,0.6841567754745483,interior
1_002_20200624_203017(4),2,0.0,0.47967688176190887,0.7189409136772156,edge
1_002_20200624_203021(9),0,0.6991707682609558,0.8889149087930743,0.6991707682609558,band_end
1_002_20200624_203021(9),1,0.6876742839813232,0.7656807437953022,0.6876742839813232,interior
1_002_20200624_203021(9),2,0.6946861743927002,0.6476554653886706,0.6946861743927002,edge
1_002_20200624_203026(4),0,0.686223030090332,0.7622684550882692,0.686223030090332,band_end
1_002_20200624_203026(4),1,0.6603268384933472,0.8146156591952326,0.6603268384933472,interior
1_002_20200624_203026(4),2,0.6780614256858826,0.6111053094257336,0.6780614256858826,edge
1_002_20200624_203044(4),0,0.6581311225891113,0.6689390315093583,0.6581311225891113,band_end
1_002_20200624_203044(4),1,0.6777678728103638,0.6003763634779032,0.6777678728103638,interior
1_002_20200624_203044(4),2,0.6982985734939575,0.5788688502956761,0.6982985734939575,edge
1_002_20200625_003116(4),0,0.6155909299850464,0.6534581678977913,0.6155909299850464,band_end
1_002_20200625_003116(4),1,0.5956108570098877,0.6739216376636328,0.5956108570098877,interior
1_002_20200625_003116(4),2,0.6126661896705627,0.799070104269555,0.6126661896705627,edge
1_002_20200625_003120(7),0,0.0,0.42977983543885984,0.634767472743988,band_end
1_002_20200625_003120(7),1,0.5971667766571045,0.5684245992116564,0.5971667766571045,interior
1_002_20200625_003120(7),2,0.5951616168022156,0.5134904011978175,0.5951616168022156,edge
1_002_20200625_003125(4),0,0.6345980763435364,0.7697103021025841,0.6345980763435364,band_end
1_002_20200625_003125(4),1,0.5997406840324402,0.7549781233072281,0.5997406840324402,interior
1_002_20200625_003125(4),2,0.6117414236068726,0.6967666486561057,0.6117414236068726,edge
1_002_20200625_003130(0),0,0.6272300481796265,0.733066348336507,0.6272300481796265,band_end
1_002_20200625_003130(0),1,0.5938407182693481,0.8313805019859042,0.5938407182693481,interior
1_002_20200625_003130(0),2,0.581988513469696,0.8025860421473519,0.581988513469696,edge
1_002_20200625_003134(4),0,0.6403719782829285,0.6076268244434505,0.6403719782829285,band_end
1_002_20200625_003134(4),1,0.5852142572402954,0.7470341652127294,0.5852142572402954,interior
1_002_20200625_003134(4),2,0.6024057865142822,0.6442200976761279,0.6024057865142822,edge
1_002_20200625_003139(0),0,0.5812332630157471,0.7224396745692931,0.5812332630157471,band_end
1_002_20200625_003139(0),1,0.6209147572517395,0.8683417404631995,0.6209147572517395,interior
1_002_20200625_003139(0),2,0.6201580166816711,0.6730939829702105,0.6201580166816711,edge
1_002_20200625_042934(9),0,0.6467509269714355,0.7031717347618109,0.6467509269714355,band_end
1_002_20200625_042934(9),1,0.6218942403793335,0.7404466297754079,0.6218942403793335,interior
1_002_20200625_042934(9),2,0.5998115539550781,0.685050114395052,0.5998115539550781,edge
1_002_20200625_042939(2),0,0.6171921491622925,0.7893114150796083,0.6171921491622925,band_end
1_002_20200625_042939(2),1,0.627992570400238,0.5870957453259669,0.627992570400238,interior
1_002_20200625_042939(2),2,0.6159113049507141,0.8270074504139957,0.6159113049507141,edge
1_002_20200625_042943(7),0,0.6358506083488464,0.6565906090461351,0.6358506083488464,band_end
1_002_20200625_042943(7),1,0.6051491498947144,0.6685281704770653,0.6051491498947144,interior
1_002_20200625_042943(7),2,0.6202457547187805,0.6089933391843603,0.6202457547187805,edge
1_002_20200625_042948(3),0,0.6064366698265076,0.7352552782549342,0.6064366698265076,band_end
1_002_20200625_042948(3),1,0.6270427703857422,0.7730614874774717,0.6270427703857422,interior
1_002_20200625_042948(3),2,0.6144967675209045,0.5890447472940831,0.6144967675209045,edge
1_002_20200625_042952(8),0,0.625320553779602,0.78790556849077,0.625320553779602,band_end
1_002_20200625_042952(8),1,0.6387061476707458,0.6453498526945833,0.6387061476707458,interior
1_002_20200625_042952(8),2,0.6425579190254211,0.8994725736256055,0.6425579190254211,edge
1_002_20200625_042957(3),0,0.6324091553688049,0.7888667919111877,0.6324091553688049,band_end
1_002_20200625_042957(3),1,0.586399495601654,0.6939191898505442,0.586399495601654,interior
1_002_20200625_042957(3),2,0.618213415145874,0.7837141805348897,0.618213415145874,edge
1_002_20200714_042641(8),0,0.0012871724320575595,0.6821464303079087,0.6341408491134644,band_end
1_002_20200714_042641(8),1,0.6014838814735413,0.5066458834540989,0.6014838814735413,interior
1_002_20200714_042641(8),2,0.6028585433959961,0.6575154388805139,0.6028585433959961,edge
1_002_20200714_083054(2),0,0.0014794116141274571,0.58529255432916,0.6216252446174622,band_end
1_002_20200714_083054(2),1,0.5966026782989502,0.7172318445661295,0.5966026782989502,interior
1_002_20200714_083054(2),2,0.6188774108886719,0.6701039771832373,0.6188774108886719,edge
1_002_20200714_083057(5),0,0.0,0.4360975409377979,0.6247768998146057,band_end
1_002_20200714_083057(5),1,0.6163413524627686,0.5393520996677275,0.6163413524627686,interior
1_002_20200714_083057(5),2,0.6064563393592834,0.5677737524696224,0.6064563393592834,edge
1_002_20200714_083101(7),0,0.5947983860969543,0.6722870614033281,0.5947983860969543,band_end
1_002_20200714_083101(7),1,0.6103066802024841,0.5681986473670202,0.6103066802024841,interior
1_002_20200714_083101(7),2,0.6407833099365234,0.5535725787106047,0.6407833099365234,edge
1_002_20200714_083106(2),0,0.6132826805114746,0.7401653464207139,0.6132826805114746,band_end
1_002_20200714_083106(2),1,0.6102808117866516,0.803603145743263,0.6102808117866516,interior
1_002_20200714_083106(2),2,0.0,0.4965839432492516,0.6106892228126526,edge
1_002_20200714_083110(8),0,0.6106379628181458,0.7522367282539288,0.6106379628181458,band_end
1_002_20200714_083110(8),1,0.593422532081604,0.6266152363997076,0.593422532081604,interior
1_002_20200714_083110(8),2,0.637217104434967,0.7628425136621279,0.637217104434967,edge
1_002_20200714_083115(1),0,0.6161019802093506,0.6358234608787804,0.6161019802093506,band_end
1_002_20200714_083115(1),1,0.5855756998062134,0.5443392860578566,0.5855756998062134,interior
1_002_20200714_083115(1),2,0.5989477634429932,0.5701616925574643,0.5989477634429932,edge
1_002_20200714_123109(8),0,0.0,0.4959204434563189,0.6184842586517334,band_end
1_002_20200714_123109(8),1,0.6004742383956909,0.765346207704457,0.6004742383956909,interior
1_002_20200714_123109(8),2,0.6259421110153198,0.760363247582361,0.6259421110153198,edge
1_002_20200714_123113(1),0,0.609632134437561,0.6666868254800757,0.609632134437561,band_end
1_002_20200714_123113(1),1,0.6151100993156433,0.6273004310384996,0.6151100993156433,interior
1_002_20200714_123113(1),2,0.598322331905365,0.7212953054123141,0.598322331905365,edge
1_002_20200714_123117(3),0,0.6228489279747009,0.7015888409164102,0.6228489279747009,band_end
1_002_20200714_123117(3),1,0.5774813890457153,0.6252734111036294,0.5774813890457153,interior
1_002_20200714_123117(3),2,0.6162379384040833,0.7343133172145128,0.6162379384040833,edge
1_002_20200714_123120(4),0,0.581583559513092,0.7199279711795401,0.581583559513092,band_end
1_002_20200714_123120(4),1,0.6159129738807678,0.8218408555573262,0.6159129738807678,interior
1_002_20200714_123120(4),2,0.6046037673950195,0.7090487208847315,0.6046037673950195,edge
1_002_20200714_123123(5),0,0.6263297200202942,0.6518801527690347,0.6263297200202942,band_end
1_002_20200714_123123(5),1,0.658153772354126,0.7392083778963392,0.658153772354126,interior
1_002_20200714_123123(5),2,0.610366940498352,0.623535096597469,0.610366940498352,edge
1_002_20200714_123126(4),0,0.5914084911346436,0.7618332414577405,0.5914084911346436,band_end
1_002_20200714_123126(4),1,0.5994737148284912,0.7986645824564395,0.5994737148284912,interior
1_002_20200714_123126(4),2,0.5918335318565369,0.7444588901365291,0.5918335318565369,edge
1_002_20200714_163046(2),0,0.581287145614624,0.6983631122768247,0.581287145614624,band_end
1_002_20200714_163046(2),1,0.6288635730743408,0.7836660037476767,0.6288635730743408,interior
1_002_20200714_163046(2),2,0.616716206073761,0.7763135100197461,0.616716206073761,edge
1_002_20200714_163049(8),0,0.6272662878036499,0.5334516677735834,0.6272662878036499,band_end
1_002_20200714_163049(8),1,0.5865082144737244,0.6064277075985891,0.5865082144737244,interior
1_002_20200714_163049(8),2,0.664541482925415,0.625688381517985,0.664541482925415,edge
1_002_20200714_163053(5),0,0.6367748379707336,0.660688572368004,0.6367748379707336,band_end
1_002_20200714_163053(5),1,0.6413052678108215,0.6101854894215741,0.6413052678108215,interior
1_002_20200714_163053(5),2,0.625866711139679,0.7509771487754981,0.625866711139679,edge
1_002_20200714_163056(8),0,0.5802180171012878,0.6612851163785468,0.5802180171012878,band_end
1_002_20200714_163056(8),1,0.612278163433075,0.7808054950097219,0.612278163433075,interior
1_002_20200714_163056(8),2,0.6617687940597534,0.7782600403883055,0.6617687940597534,edge
1_002_20200714_163100(2),0,0.0,0.4985929594235287,0.6059051752090454,band_end
1_002_20200714_163100(2),1,0.644676923751831,0.7396288749630676,0.644676923751831,interior
1_002_20200714_163100(2),2,0.6000712513923645,0.7231512903401568,0.6000712513923645,edge
1_002_20200714_163103(5),0,0.6080935597419739,0.5273058777054309,0.6080935597419739,band_end
1_002_20200714_163103(5),1,0.6351252198219299,0.7552661462547373,0.6351252198219299,interior
1_002_20200714_163103(5),2,0.6225287914276123,0.6544867698246933,0.6225287914276123,edge
1_002_20200714_225756(0),0,0.6056203246116638,0.7637489906423942,0.6056203246116638,band_end
1_002_20200714_225756(0),1,0.5889151692390442,0.7013501880979743,0.5889151692390442,interior
1_002_20200714_225756(0),2,0.5917214155197144,0.7285521422860456,0.5917214155197144,edge
1_002_20200714_225759(8),0,0.6067734360694885,0.6726666506848715,0.6067734360694885,band_end
1_002_20200714_225759(8),1,0.5827119946479797,0.578819893253917,0.5827119946479797,interior
1_002_20200714_225759(8),2,0.5900864601135254,0.6147686932831042,0.5900864601135254,edge
1_002_20200714_225803(3),0,0.6130905151367188,0.6593179279042325,0.6130905151367188,band_end
1_002_20200714_225803(3),1,0.6129447221755981,0.5747473551567563,0.6129447221755981,interior
1_002_20200714_225803(3),2,0.6365194320678711,0.7011531023990402,0.6365194320678711,edge
1_002_20200714_225807(3),0,0.0,0.4728296364892489,0.598881721496582,band_end
1_002_20200714_225807(3),1,0.6340445876121521,0.6552356242176353,0.6340445876121521,interior
1_002_20200714_225807(3),2,0.5972973108291626,0.7343872987230529,0.5972973108291626,edge
1_002_20200714_225810(5),0,0.600216269493103,0.7144380176431885,0.600216269493103,band_end
1_002_20200714_225810(5),1,0.5962608456611633,0.8463286373353822,0.5962608456611633,interior
1_002_20200714_225810(5),2,0.6234583258628845,0.7833770234991518,0.6234583258628845,edge
1_002_20200714_225817(4),0,0.6161769032478333,0.6492541400711078,0.6161769032478333,band_end
1_002_20200714_225817(4),1,0.5472508072853088,0.7333800076351812,0.5472508072853088,interior
1_002_20200714_225817(4),2,0.5808162689208984,0.7397543644564079,0.5808162689208984,edge
1_002_20200905_123103(4),0,0.686447262763977,0.6578035155932108,0.686447262763977,band_end
1_002_20200905_123103(4),1,0.6934596300125122,0.6754767709268671,0.6934596300125122,interior
1_002_20200905_123103(4),2,0.6812653541564941,0.7748046546961573,0.6812653541564941,edge
1_002_20200905_123107(5),0,0.683755099773407,0.5773974745746024,0.683755099773407,band_end
1_002_20200905_123107(5),1,0.6867231130599976,0.6503588912116053,0.6867231130599976,interior
1_002_20200905_123107(5),2,0.7005451917648315,0.6673703830844412,0.7005451917648315,edge
1_002_20200905_123111(6),0,0.682362973690033,0.6943158627680269,0.682362973690033,band_end
1_002_20200905_123111(6),1,0.6989554762840271,0.7528735365868114,0.6989554762840271,interior
1_002_20200905_123111(6),2,0.682218611240387,0.7733630620976025,0.682218611240387,edge
1_002_20200905_163920(4),0,0.6829633116722107,0.646678921497222,0.6829633116722107,band_end
1_002_20200905_163920(4),1,0.7013739943504333,0.63007292255948,0.7013739943504333,interior
1_002_20200905_163920(4),2,0.6848212480545044,0.6424106130679644,0.6848212480545044,edge
1_002_20200905_163924(2),0,0.6901455521583557,0.7439211859902436,0.6901455521583557,band_end
1_002_20200905_163924(2),1,0.6808187961578369,0.705619679302621,0.6808187961578369,interior
1_002_20200905_163924(2),2,0.7111123204231262,0.775286657329271,0.7111123204231262,edge
1_002_20200905_163928(3),0,0.7086710333824158,0.707980274019631,0.7086710333824158,band_end
1_002_20200905_163928(3),1,0.69266277551651,0.7305857082615922,0.69266277551651,interior
1_002_20200905_163928(3),2,0.6919324994087219,0.6921893652709163,0.6919324994087219,edge
1_002_20200905_163932(3),0,0.7059785723686218,0.7221051990170964,0.7059785723686218,band_end
1_002_20200905_163932(3),1,0.7029499411582947,0.7202538668382721,0.7029499411582947,interior
1_002_20200905_163932(3),2,0.6818948984146118,0.7180707165741629,0.6818948984146118,edge
1_002_20200905_163936(3),0,0.6852593421936035,0.7947507212550426,0.6852593421936035,band_end
1_002_20200905_163936(3),1,0.6965006589889526,0.8148166278119472,0.6965006589889526,interior
1_002_20200905_163936(3),2,0.6919566988945007,0.7059790558030363,0.6919566988945007,edge
1_002_20200905_163940(2),0,0.6827089190483093,0.7600029280268078,0.6827089190483093,band_end
1_002_20200905_163940(2),1,0.7068203687667847,0.7505904081739313,0.7068203687667847,interior
1_002_20200905_163940(2),2,0.6905874013900757,0.8297880146450937,0.6905874013900757,edge
1_002_20200905_203836(3),0,0.691512942314148,0.6605235517263851,0.691512942314148,band_end
1_002_20200905_203836(3),1,0.706540584564209,0.6639282868581883,0.706540584564209,interior
1_002_20200905_203836(3),2,0.7153602838516235,0.7224770334547946,0.7153602838516235,edge
1_002_20200905_203840(3),0,0.6838183403015137,0.8845231011733155,0.6838183403015137,band_end
1_002_20200905_203840(3),1,0.707522988319397,0.758695760526927,0.707522988319397,interior
1_002_20200905_203840(3),2,0.7015494108200073,0.7458505657534137,0.7015494108200073,edge
1_002_20200905_203844(2),0,0.7150134444236755,0.5575732762672988,0.7150134444236755,band_end
1_002_20200905_203844(2),1,0.7073090076446533,0.5998048800103892,0.7073090076446533,interior
1_002_20200905_203844(2),2,0.7028355002403259,0.6021392734025627,0.7028355002403259,edge
1_002_20200905_203848(4),0,0.6961952447891235,0.7788878560066224,0.6961952447891235,band_end
1_002_20200905_203848(4),1,0.7019925713539124,0.7670888955080637,0.7019925713539124,interior
1_002_20200905_203848(4),2,0.6688785552978516,0.7740236063293238,0.6688785552978516,edge
1_002_20200905_203856(3),0,0.0,0.47215450893142996,0.7051090598106384,band_end
1_002_20200905_203856(3),1,0.7024364471435547,0.5803808724012948,0.7024364471435547,interior
1_002_20200905_203856(3),2,0.6985939741134644,0.6187513435792272,0.6985939741134644,edge
1_002_20200905_203900(3),0,0.6821247935295105,0.7331191530037258,0.6821247935295105,band_end
1_002_20200905_203900(3),1,0.700589120388031,0.7898201407716535,0.700589120388031,interior
1_002_20200905_203900(3),2,0.7109633684158325,0.7789473406659047,0.7109633684158325,edge
1_002_20200906_003059(0),0,0.723139762878418,0.6795274509116979,0.723139762878418,band_end
1_002_20200906_003059(0),1,0.6979955434799194,0.6677763027271957,0.6979955434799194,interior
1_002_20200906_003059(0),2,0.723812460899353,0.6166202109166301,0.723812460899353,edge
1_002_20200906_003114(8),0,0.7208437323570251,0.7348160650883672,0.7208437323570251,band_end
1_002_20200906_003114(8),1,0.7316104769706726,0.6759507461169171,0.7316104769706726,interior
1_002_20200906_003114(8),2,0.6942272782325745,0.7217760190875764,0.6942272782325745,edge
1_002_20200906_003118(7),0,0.7553467154502869,0.8340743248075196,0.7553467154502869,band_end
1_002_20200906_003118(7),1,0.7067635655403137,0.7954807134305288,0.7067635655403137,interior
1_002_20200906_003118(7),2,0.6931735277175903,0.8342985569780426,0.6931735277175903,edge
1_002_20200906_003122(7),0,0.713252067565918,0.7326081328504114,0.713252067565918,band_end
1_002_20200906_003122(7),1,0.713664710521698,0.789839448024202,0.713664710521698,interior
1_002_20200906_003122(7),2,0.7083961963653564,0.7637514408188576,0.7083961963653564,edge
1_002_20200906_003126(8),0,0.7297551035881042,0.7047432413283717,0.7297551035881042,band_end
1_002_20200906_003126(8),1,0.6965540051460266,0.6486497057046616,0.6965540051460266,interior
1_002_20200906_003126(8),2,0.6797174215316772,0.6604295210835404,0.6797174215316772,edge
1_002_20200906_003132(7),0,0.7506051063537598,0.5060944172223457,0.7506051063537598,band_end
1_002_20200906_003132(7),1,0.684840202331543,0.5576654753709445,0.684840202331543,interior
1_002_20200906_003132(7),2,0.6898869872093201,0.5577057526434211,0.6898869872093201,edge
2_002_20200622_203136(3),0,0.6879713535308838,0.7289622481093629,0.6879713535308838,band_end
2_002_20200622_203136(3),1,0.6522947549819946,0.5399986276460322,0.6522947549819946,interior
2_002_20200622_203136(3),2,0.6483436822891235,0.580655648594209,0.6483436822891235,edge
2_002_20200622_203140(8),0,0.701899528503418,0.7121240330264854,0.701899528503418,band_end
2_002_20200622_203140(8),1,0.6554158926010132,0.7609492456294366,0.6554158926010132,interior
2_002_20200622_203140(8),2,0.7098178863525391,0.6938306848738588,0.7098178863525391,edge
2_002_20200622_203145(3),0,0.6757557392120361,0.809865568715419,0.6757557392120361,band_end
2_002_20200622_203145(3),1,0.6717415452003479,0.8511090726057535,0.6717415452003479,interior
2_002_20200622_203145(3),2,0.6556180715560913,0.7207722558739367,0.6556180715560913,edge
2_002_20200622_203149(8),0,0.6686563491821289,0.7087723716984458,0.6686563491821289,band_end
2_002_20200622_203149(8),1,0.6631923913955688,0.6253309075936525,0.6631923913955688,interior
2_002_20200622_203149(8),2,0.6835840940475464,0.6863505990003119,0.6835840940475464,edge
2_002_20200622_203154(3),0,0.6937097311019897,0.5386345264164352,0.6937097311019897,band_end
2_002_20200622_203154(3),1,0.670377790927887,0.7591620221300804,0.670377790927887,interior
2_002_20200622_203154(3),2,0.6856573820114136,0.5820733876407701,0.6856573820114136,edge
2_002_20200622_203158(8),0,0.7013928294181824,0.7864788847096861,0.7013928294181824,band_end
2_002_20200622_203158(8),1,0.6448819041252136,0.8267392656102306,0.6448819041252136,interior
2_002_20200622_203158(8),2,0.7071195244789124,0.73231938813938,0.7071195244789124,edge
2_002_20200623_003351(2),0,0.7310050129890442,0.8884680855341933,0.7310050129890442,band_end
2_002_20200623_003351(2),1,0.6845733523368835,0.936740347163066,0.6845733523368835,interior
2_002_20200623_003351(2),2,0.6735416054725647,0.9167037562712189,0.6735416054725647,edge
2_002_20200623_003355(7),0,0.7348208427429199,0.8215960625213754,0.7348208427429199,band_end
2_002_20200623_003355(7),1,0.7116664052009583,0.7448833190032003,0.7116664052009583,interior
2_002_20200623_003355(7),2,0.6965762972831726,0.7358134686215226,0.6965762972831726,edge
2_002_20200623_003400(2),0,0.7321130037307739,0.5624882065636028,0.7321130037307739,band_end
2_002_20200623_003400(2),1,0.6980322003364563,0.6483208374529155,0.6980322003364563,interior
2_002_20200623_003400(2),2,0.6911100149154663,0.6931351765917564,0.6911100149154663,edge
2_002_20200623_003404(7),0,0.7094373106956482,0.7558249853169049,0.7094373106956482,band_end
2_002_20200623_003404(7),1,0.6798228621482849,0.8354120289964,0.6798228621482849,interior
2_002_20200623_003404(7),2,0.7207465767860413,0.7651714567852858,0.7207465767860413,edge
2_002_20200623_003409(2),0,0.7069302797317505,0.6230105557646741,0.7069302797317505,band_end
2_002_20200623_003409(2),1,0.6982170939445496,0.7221016145639239,0.6982170939445496,interior
2_002_20200623_003409(2),2,0.0,0.4645544633384323,0.6894804239273071,edge
2_002_20200623_003413(7),0,0.7026042342185974,0.8640838518811643,0.7026042342185974,band_end
2_002_20200623_003413(7),1,0.66112220287323,0.8647195974758634,0.66112220287323,interior
2_002_20200623_003413(7),2,0.7072077393531799,0.7638173544226999,0.7072077393531799,edge
2_002_20200623_043056(0),0,0.7379211783409119,0.8166949680486207,0.7379211783409119,band_end
2_002_20200623_043056(0),1,0.6878317594528198,0.8200913698657337,0.6878317594528198,interior
2_002_20200623_043056(0),2,0.6610978245735168,0.7449020075933469,0.6610978245735168,edge
2_002_20200623_043100(6),0,0.689416766166687,0.7050645293153558,0.689416766166687,band_end
2_002_20200623_043100(6),1,0.6799716949462891,0.818151601890649,0.6799716949462891,interior
2_002_20200623_043100(6),2,0.6836255788803101,0.7067426461292439,0.6836255788803101,edge
2_002_20200623_043105(0),0,0.7186588048934937,0.699233523915467,0.7186588048934937,band_end
2_002_20200623_043105(0),1,0.7038371562957764,0.7393421705240723,0.7038371562957764,interior
2_002_20200623_043105(0),2,0.689215362071991,0.7111855236132845,0.689215362071991,edge
2_002_20200623_043109(4),0,0.7308589220046997,0.5340748030610039,0.7308589220046997,band_end
2_002_20200623_043109(4),1,0.6860666871070862,0.6980667409069462,0.6860666871070862,interior
2_002_20200623_043109(4),2,0.6916365623474121,0.7562825517650723,0.6916365623474121,edge
2_002_20200623_043115(4),0,0.0,0.46220969349315677,0.7064856290817261,band_end
2_002_20200623_043115(4),1,0.6857128739356995,0.7875844177352948,0.6857128739356995,interior
2_002_20200623_043115(4),2,0.6895425915718079,0.6903525517538772,0.6895425915718079,edge
2_002_20200623_043120(0),0,0.7307708859443665,0.7318896440384728,0.7307708859443665,band_end
2_002_20200623_043120(0),1,0.7014384269714355,0.6471114506640526,0.7014384269714355,interior
2_002_20200623_043120(0),2,0.6762367486953735,0.8443270266102886,0.6762367486953735,edge
2_002_20200623_082249(3),0,0.6862820386886597,0.5621694984636204,0.6862820386886597,band_end
2_002_20200623_082249(3),1,0.723895251750946,0.5557679783960339,0.723895251750946,interior
2_002_20200623_082249(3),2,0.7131353616714478,0.6460283950297936,0.7131353616714478,edge
2_002_20200623_082253(8),0,0.7260874509811401,0.7097854537232934,0.7260874509811401,band_end
2_002_20200623_082253(8),1,0.6969166994094849,0.6429427033491245,0.6969166994094849,interior
2_002_20200623_082253(8),2,0.7208955883979797,0.8062387183129835,0.7208955883979797,edge
2_002_20200623_082258(4),0,0.7330890893936157,0.7017367528121181,0.7330890893936157,band_end
2_002_20200623_082258(4),1,0.7026185393333435,0.6906295991811495,0.7026185393333435,interior
2_002_20200623_082258(4),2,0.722400963306427,0.7566724357584971,0.722400963306427,edge
2_002_20200623_082302(7),0,0.7154155969619751,0.519275367364925,0.7154155969619751,band_end
2_002_20200623_082302(7),1,0.7359473705291748,0.5302404620457757,0.7359473705291748,interior
2_002_20200623_082302(7),2,0.6977663040161133,0.552791478788099,0.6977663040161133,edge
2_002_20200623_082307(2),0,0.728622317314148,0.8291241030832047,0.728622317314148,band_end
2_002_20200623_082307(2),1,0.6950210928916931,0.8015339550346127,0.6950210928916931,interior
2_002_20200623_082307(2),2,0.7069265246391296,0.72967031189344,0.7069265246391296,edge
2_002_20200623_082311(8),0,0.6938066482543945,0.6303095072197666,0.6938066482543945,band_end
2_002_20200623_082311(8),1,0.7212880253791809,0.7032325471787212,0.7212880253791809,interior
2_002_20200623_082311(8),2,0.7050144076347351,0.7335147907704558,0.7050144076347351,edge
2_002_20200623_123042(0),0,0.7055433392524719,0.5777768295536889,0.7055433392524719,band_end
2_002_20200623_123042(0),1,0.71696537733078,0.8143680994072231,0.71696537733078,interior
2_002_20200623_123042(0),2,0.7229585647583008,0.6260995661243601,0.7229585647583008,edge
2_002_20200623_123046(4),0,0.7060115337371826,0.7971651095990112,0.7060115337371826,band_end
2_002_20200623_123046(4),1,0.7025786638259888,0.6017570908561872,0.7025786638259888,interior
2_002_20200623_123046(4),2,0.7082046866416931,0.7669324487533908,0.7082046866416931,edge
2_002_20200623_123051(1),0,0.6940550208091736,0.7963586473541165,0.6940550208091736,band_end
2_002_20200623_123051(1),1,0.6947299242019653,0.8642019935756583,0.6947299242019653,interior
2_002_20200623_123051(1),2,0.7213307023048401,0.7314840696326979,0.7213307023048401,edge
2_002_20200623_123055(5),0,0.7167834639549255,0.6265871466605626,0.7167834639549255,band_end
2_002_20200623_123055(5),1,0.7276785373687744,0.6883509984265251,0.7276785373687744,interior
2_002_20200623_123055(5),2,0.7221797704696655,0.6614555379917693,0.7221797704696655,edge
2_002_20200623_123100(0),0,0.7111155986785889,0.8128589170972838,0.7111155986785889,band_end
2_002_20200623_123100(0),1,0.6983495354652405,0.730312705925887,0.6983495354652405,interior
2_002_20200623_123100(0),2,0.693798303604126,0.700588092711803,0.693798303604126,edge
2_002_20200623_123104(5),0,0.6907974481582642,0.816341037324567,0.6907974481582642,band_end
2_002_20200623_123104(5),1,0.664122462272644,0.7406430153357065,0.664122462272644,interior
2_002_20200623_123104(5),2,0.6651248931884766,0.6709907570472554,0.6651248931884766,edge
2_002_20200623_163020(3),0,0.7370045781135559,0.8634545496026323,0.7370045781135559,band_end
2_002_20200623_163020(3),1,0.7017838954925537,0.8326094653663481,0.7017838954925537,interior
2_002_20200623_163020(3),2,0.6987338066101074,0.7935855524432422,0.6987338066101074,edge
2_002_20200623_163023(3),0,0.7011193037033081,0.6387419294408702,0.7011193037033081,band_end
2_002_20200623_163023(3),1,0.7296672463417053,0.6100051066553354,0.7296672463417053,interior
2_002_20200623_163023(3),2,0.7003220915794373,0.6203421271332512,0.7003220915794373,edge
2_002_20200623_163026(3),0,0.6958181858062744,0.806434031742508,0.6958181858062744,band_end
2_002_20200623_163026(3),1,0.6881200075149536,0.6750578846734127,0.6881200075149536,interior
2_002_20200623_163026(3),2,0.6844353675842285,0.6699888346624968,0.6844353675842285,edge
2_002_20200623_163029(6),0,0.6855460405349731,0.7926785096207786,0.6855460405349731,band_end
2_002_20200623_163029(6),1,0.7209578156471252,0.7724306312325195,0.7209578156471252,interior
2_002_20200623_163029(6),2,0.6943005323410034,0.7493711112135606,0.6943005323410034,edge
2_002_20200623_163032(5),0,0.6993684768676758,0.7545416111007273,0.6993684768676758,band_end
2_002_20200623_163032(5),1,0.7075977921485901,0.7082482480499582,0.7075977921485901,interior
2_002_20200623_163032(5),2,0.0,0.49573719509455466,0.6570380926132202,edge
2_002_20200623_163035(5),0,0.707543671131134,0.6274547058453784,0.707543671131134,band_end
2_002_20200623_163035(5),1,0.6817805171012878,0.6554495066811225,0.6817805171012878,interior
2_002_20200623_163035(5),2,0.6623859405517578,0.6593850693580108,0.6623859405517578,edge
2_002_20200623_203033(6),0,0.6989560723304749,0.7002026626436196,0.6989560723304749,band_end
2_002_20200623_203033(6),1,0.67811518907547,0.6688169378820541,0.67811518907547,interior
2_002_20200623_203033(6),2,0.7212027311325073,0.7052230883966244,0.7212027311325073,edge
2_002_20200623_203038(0),0,0.6956949830055237,0.7752535303933935,0.6956949830055237,band_end
2_002_20200623_203038(0),1,0.663635790348053,0.8656997715807906,0.663635790348053,interior
2_002_20200623_203038(0),2,0.7116095423698425,0.8343696298564791,0.7116095423698425,edge
2_002_20200623_203042(5),0,0.7279356718063354,0.6262145155214316,0.7279356718063354,band_end
2_002_20200623_203042(5),1,0.7037858963012695,0.7515534457810964,0.7037858963012695,interior
2_002_20200623_203042(5),2,0.6727671027183533,0.7452498163772023,0.6727671027183533,edge
2_002_20200623_203047(0),0,0.7132712006568909,0.6302819702371713,0.7132712006568909,band_end
2_002_20200623_203047(0),1,0.7237992882728577,0.7574865177932434,0.7237992882728577,interior
2_002_20200623_203047(0),2,0.7347610592842102,0.782499576495991,0.7347610592842102,edge
2_002_20200623_203050(0),0,0.6932603120803833,0.7880751664199068,0.6932603120803833,band_end
2_002_20200623_203050(0),1,0.678582489490509,0.7867513865877795,0.678582489490509,interior
2_002_20200623_203050(0),2,0.701356053352356,0.8396105298281408,0.701356053352356,edge
2_002_20200623_203054(6),0,0.7185454964637756,0.7697494090568524,0.7185454964637756,band_end
2_002_20200623_203054(6),1,0.7121579647064209,0.7506363027894283,0.7121579647064209,interior
2_002_20200623_203054(6),2,0.692603349685669,0.7320943951317879,0.692603349685669,edge
2_002_20200624_003115(6),0,0.6664390563964844,0.7657312839183197,0.6664390563964844,band_end
2_002_20200624_003115(6),1,0.659292459487915,0.6995104548301013,0.659292459487915,interior
2_002_20200624_003115(6),2,0.6633665561676025,0.8044627299682104,0.6633665561676025,edge
2_002_20200624_003118(6),0,0.6537597179412842,0.7168289947379181,0.6537597179412842,band_end
2_002_20200624_003118(6),1,0.6794442534446716,0.7702748600826858,0.6794442534446716,interior
2_002_20200624_003118(6),2,0.6960038542747498,0.7389365995496807,0.6960038542747498,edge
2_002_20200624_003123(0),0,0.6754412055015564,0.7318333063098102,0.6754412055015564,band_end
2_002_20200624_003123(0),1,0.6546979546546936,0.8346334838506067,0.6546979546546936,interior
2_002_20200624_003123(0),2,0.6472692489624023,0.8491345484833249,0.6472692489624023,edge
2_002_20200624_003127(5),0,0.6931872367858887,0.7457848789389788,0.6931872367858887,band_end
2_002_20200624_003127(5),1,0.6786530613899231,0.7131516923659363,0.6786530613899231,interior
2_002_20200624_003127(5),2,0.6930405497550964,0.6499035264898282,0.6930405497550964,edge
2_002_20200624_003132(0),0,0.6548206806182861,0.7226861448788819,0.6548206806182861,band_end
2_002_20200624_003132(0),1,0.6393724679946899,0.7831721077442398,0.6393724679946899,interior
2_002_20200624_003132(0),2,0.6724164485931396,0.5587014895117813,0.6724164485931396,edge
2_002_20200624_003136(5),0,0.6664104461669922,0.8173750340620698,0.6664104461669922,band_end
2_002_20200624_003136(5),1,0.6636739373207092,0.5839692112945375,0.6636739373207092,interior
2_002_20200624_003136(5),2,0.6711233258247375,0.62440787626549,0.6711233258247375,edge
2_002_20200624_043136(9),0,0.6330848336219788,0.8053486812027442,0.6330848336219788,band_end
2_002_20200624_043136(9),1,0.6332810521125793,0.8565080920057554,0.6332810521125793,interior
2_002_20200624_043136(9),2,0.6908837556838989,0.8034987563156857,0.6908837556838989,edge
2_002_20200624_043141(4),0,0.6606876254081726,0.6926988103191432,0.6606876254081726,band_end
2_002_20200624_043141(4),1,0.638525664806366,0.711688440255933,0.638525664806366,interior
2_002_20200624_043141(4),2,0.6848382949829102,0.6730613194691154,0.6848382949829102,edge
2_002_20200624_043145(8),0,0.6636677980422974,0.6691638850362179,0.6636677980422974,band_end
2_002_20200624_043145(8),1,0.6490285992622375,0.8382893409402171,0.6490285992622375,interior
2_002_20200624_043145(8),2,0.6947746276855469,0.7082266545240532,0.6947746276855469,edge
2_002_20200624_043150(3),0,0.6698082089424133,0.6378939972663891,0.6698082089424133,band_end
2_002_20200624_043150(3),1,0.6731462478637695,0.7110124149648038,0.6731462478637695,interior
2_002_20200624_043150(3),2,0.6383572816848755,0.8625376971064668,0.6383572816848755,edge
2_002_20200624_043154(8),0,0.6812995076179504,0.7494861075452711,0.6812995076179504,band_end
2_002_20200624_043154(8),1,0.6574828028678894,0.7708721208877655,0.6574828028678894,interior
2_002_20200624_043154(8),2,0.6291469931602478,0.7480814004687625,0.6291469931602478,edge
2_002_20200624_043159(4),0,0.6607080698013306,0.6431469737266753,0.6607080698013306,band_end
2_002_20200624_043159(4),1,0.677121102809906,0.6605146867816293,0.677121102809906,interior
2_002_20200624_043159(4),2,0.655064046382904,0.6549091655169974,0.655064046382904,edge
2_002_20200624_083032(4),0,0.6626923680305481,0.7477054701608111,0.6626923680305481,band_end
2_002_20200624_083032(4),1,0.6495670676231384,0.8584630920816698,0.6495670676231384,interior
2_002_20200624_083032(4),2,0.6602714657783508,0.7590307231098371,0.6602714657783508,edge
2_002_20200624_083036(9),0,0.6551462411880493,0.674082368328639,0.6551462411880493,band_end
2_002_20200624_083036(9),1,0.6495418548583984,0.8227076185898264,0.6495418548583984,interior
2_002_20200624_083036(9),2,0.6654989719390869,0.6155142887101658,0.6654989719390869,edge
2_002_20200624_083041(3),0,0.6739662289619446,0.585604464635877,0.6739662289619446,band_end
2_002_20200624_083041(3),1,0.6616994142532349,0.8191524469797851,0.6616994142532349,interior
2_002_20200624_083041(3),2,0.647794783115387,0.7284351387058033,0.647794783115387,edge
2_002_20200624_083045(8),0,0.690083920955658,0.7489656787217818,0.690083920955658,band_end
2_002_20200624_083045(8),1,0.6950845718383789,0.7729226723918577,0.6950845718383789,interior
2_002_20200624_083045(8),2,0.6619994640350342,0.6198901373969817,0.6619994640350342,edge
2_002_20200624_083050(4),0,0.662429690361023,0.775265441016901,0.662429690361023,band_end
2_002_20200624_083050(4),1,0.647284984588623,0.8185725388979326,0.647284984588623,interior
2_002_20200624_083050(4),2,0.6482574343681335,0.9273167835764028,0.6482574343681335,edge
2_002_20200624_083054(9),0,0.6989982724189758,0.6800337627904823,0.6989982724189758,band_end
2_002_20200624_083054(9),1,0.7002349495887756,0.8981739974132161,0.7002349495887756,interior
2_002_20200624_083054(9),2,0.7041991949081421,0.6910627751846611,0.7041991949081421,edge
2_002_20200624_123144(0),0,0.6636167764663696,0.7815726775369413,0.6636167764663696,band_end
2_002_20200624_123144(0),1,0.6646416187286377,0.6224574295715947,0.6646416187286377,interior
2_002_20200624_123144(0),2,0.6763067841529846,0.6684206744190305,0.6763067841529846,edge
2_002_20200624_123148(2),0,0.6536915898323059,0.7411196297669614,0.6536915898323059,band_end
2_002_20200624_123148(2),1,0.7004932165145874,0.6717789074151448,0.7004932165145874,interior
2_002_20200624_123148(2),2,0.6825978755950928,0.7637458465490813,0.6825978755950928,edge
2_002_20200624_123152(7),0,0.6828120350837708,0.6636437136251059,0.6828120350837708,band_end
2_002_20200624_123152(7),1,0.6985601782798767,0.6051686732584449,0.6985601782798767,interior
2_002_20200624_123152(7),2,0.6891738772392273,0.6548630047890167,0.6891738772392273,edge
2_002_20200624_123157(4),0,0.7047805190086365,0.7414201389364509,0.7047805190086365,band_end
2_002_20200624_123157(4),1,0.6822107434272766,0.7648218718919256,0.6822107434272766,interior
2_002_20200624_123157(4),2,0.6766929030418396,0.8583205736199901,0.6766929030418396,edge
2_002_20200624_123201(7),0,0.6545534729957581,0.7802273169119247,0.6545534729957581,band_end
2_002_20200624_123201(7),1,0.6746501326560974,0.7904402827780469,0.6746501326560974,interior
2_002_20200624_123201(7),2,0.6762691736221313,0.5836259368062356,0.6762691736221313,edge
2_002_20200624_123206(2),0,0.6647759079933167,0.7362768497119334,0.6647759079933167,band_end
2_002_20200624_123206(2),1,0.6670496463775635,0.7216666352103128,0.6670496463775635,interior
2_002_20200624_123206(2),2,0.6709821224212646,0.7620917577041615,0.6709821224212646,edge
2_002_20200624_162708(9),0,0.6689608097076416,0.8252117656205677,0.6689608097076416,band_end
2_002_20200624_162708(9),1,0.6848136782646179,0.9330761684456579,0.6848136782646179,interior
2_002_20200624_162708(9),2,0.6490078568458557,0.8452219322389185,0.6490078568458557,edge
2_002_20200624_162713(4),0,0.6801091432571411,0.7311237814684617,0.6801091432571411,band_end
2_002_20200624_162713(4),1,0.6953480243682861,0.7400943794165358,0.6953480243682861,interior
2_002_20200624_162713(4),2,0.6586746573448181,0.7597782684443483,0.6586746573448181,edge
2_002_20200624_162717(9),0,0.6629087328910828,0.7593129280571854,0.6629087328910828,band_end
2_002_20200624_162717(9),1,0.6859354376792908,0.7906235061504092,0.6859354376792908,interior
2_002_20200624_162717(9),2,0.679284393787384,0.7810315969841415,0.679284393787384,edge
2_002_20200624_162722(4),0,0.6413471698760986,0.8348635300939979,0.6413471698760986,band_end
2_002_20200624_162722(4),1,0.6592716574668884,0.678446319790707,0.6592716574668884,interior
2_002_20200624_162722(4),2,0.671094536781311,0.6974958575606188,0.671094536781311,edge
2_002_20200624_203111(4),0,0.6781225204467773,0.7023755719435314,0.6781225204467773,band_end
2_002_20200624_203111(4),1,0.6391927003860474,0.7844449917955155,0.6391927003860474,interior
2_002_20200624_203111(4),2,0.6408073902130127,0.7444929086671234,0.6408073902130127,edge
2_002_20200624_203114(3),0,0.6739089488983154,0.6900019939201548,0.6739089488983154,band_end
2_002_20200624_203114(3),1,0.6889520883560181,0.7868127537286054,0.6889520883560181,interior
2_002_20200624_203114(3),2,0.7000280022621155,0.7210155715052817,0.7000280022621155,edge
2_002_20200624_203117(3),0,0.6892094016075134,0.787130199177365,0.6892094016075134,band_end
2_002_20200624_203117(3),1,0.6863405704498291,0.6832981324065908,0.6863405704498291,interior
2_002_20200624_203117(3),2,0.6460386514663696,0.7675701580000809,0.6460386514663696,edge
2_002_20200624_203120(3),0,0.6838034391403198,0.6028653807045058,0.6838034391403198,band_end
2_002_20200624_203120(3),1,0.6724863648414612,0.6776219874989367,0.6724863648414612,interior
2_002_20200624_203120(3),2,0.6821421980857849,0.7110493107570862,0.6821421980857849,edge
2_002_20200624_203123(3),0,0.7136769890785217,0.7801535119080212,0.7136769890785217,band_end
2_002_20200624_203123(3),1,0.6784812808036804,0.7910137303107331,0.6784812808036804,interior
2_002_20200624_203123(3),2,0.6905441880226135,0.6688954550243745,0.6905441880226135,edge
2_002_20200624_203126(3),0,0.6727651953697205,0.7106204960258299,0.6727651953697205,band_end
2_002_20200624_203126(3),1,0.6916210651397705,0.7311949725800654,0.6916210651397705,interior
2_002_20200624_203126(3),2,0.6709411144256592,0.7667114757312427,0.6709411144256592,edge
2_002_20200625_003352(9),0,0.6762079000473022,0.701297877619702,0.6762079000473022,band_end
2_002_20200625_003352(9),1,0.6712135076522827,0.6790135144003956,0.6712135076522827,interior
2_002_20200625_003352(9),2,0.685539186000824,0.5884704115383123,0.685539186000824,edge
2_002_20200625_003357(4),0,0.6745808124542236,0.6383621898407177,0.6745808124542236,band_end
2_002_20200625_003357(4),1,0.6830788254737854,0.5932754116785169,0.6830788254737854,interior
2_002_20200625_003357(4),2,0.6852962374687195,0.5677878395861298,0.6852962374687195,edge
2_002_20200625_003401(8),0,0.6881116032600403,0.8526438283314356,0.6881116032600403,band_end
2_002_20200625_003401(8),1,0.6622940897941589,0.6306996695687969,0.6622940897941589,interior
2_002_20200625_003401(8),2,0.629957914352417,0.6540389580843315,0.629957914352417,edge
2_002_20200625_003406(3),0,0.6809366345405579,0.5781626627196047,0.6809366345405579,band_end
2_002_20200625_003406(3),1,0.6778716444969177,0.6659102277544066,0.6778716444969177,interior
2_002_20200625_003406(3),2,0.6418167948722839,0.583284259625532,0.6418167948722839,edge
2_002_20200625_003410(8),0,0.6703072786331177,0.6833414028957183,0.6703072786331177,band_end
2_002_20200625_003410(8),1,0.641623318195343,0.7292235286765568,0.641623318195343,interior
2_002_20200625_003410(8),2,0.6581994295120239,0.7337307146368599,0.6581994295120239,edge
2_002_20200625_003415(4),0,0.6732921004295349,0.6204587206323077,0.6732921004295349,band_end
2_002_20200625_003415(4),1,0.6448533535003662,0.6215869687573362,0.6448533535003662,interior
2_002_20200625_003415(4),2,0.6793559789657593,0.6912886625477581,0.6793559789657593,edge
2_002_20200831_163149(1),0,0.7110129594802856,0.592054988268237,0.7110129594802856,band_end
2_002_20200831_163149(1),1,0.6601535677909851,0.5093085120762675,0.6601535677909851,interior
2_002_20200831_163149(1),2,0.0,0.4986502582752096,0.7018745541572571,edge
2_002_20200831_163150(6),0,0.7061750888824463,0.9337528799322791,0.7061750888824463,band_end
2_002_20200831_163150(6),1,0.6893589496612549,0.8898896932936584,0.6893589496612549,interior
2_002_20200831_163150(6),2,0.6978848576545715,0.9356162284447995,0.6978848576545715,edge
2_002_20200831_203101(4),0,0.679556131362915,0.8038593566653639,0.679556131362915,band_end
2_002_20200831_203101(4),1,0.6810939908027649,0.7519948500254141,0.6810939908027649,interior
2_002_20200831_203101(4),2,0.6888492703437805,0.735994267997428,0.6888492703437805,edge
2_002_20200831_203105(9),0,0.6736627817153931,0.6131730658951661,0.6736627817153931,band_end
2_002_20200831_203105(9),1,0.6821222901344299,0.6555329607077242,0.6821222901344299,interior
2_002_20200831_203105(9),2,0.6796332001686096,0.6428383326070912,0.6796332001686096,edge
2_002_20200904_230054(2),0,0.6996368169784546,0.7790315584642884,0.6996368169784546,band_end
2_002_20200904_230054(2),1,0.6745666265487671,0.8372752650988633,0.6745666265487671,interior
2_002_20200904_230054(2),2,0.6781582832336426,0.8453847854252121,0.6781582832336426,edge
2_002_20200904_230057(6),0,0.6841164231300354,0.7965983103314697,0.6841164231300354,band_end
2_002_20200904_230057(6),1,0.66987144947052,0.8599126408996467,0.66987144947052,interior
2_002_20200904_230057(6),2,0.6812450885772705,0.7633321285714076,0.6812450885772705,edge
2_002_20200904_230105(4),0,0.6700999736785889,0.7120772662385388,0.6700999736785889,band_end
2_002_20200904_230105(4),1,0.6713442802429199,0.6998871474274564,0.6713442802429199,interior
2_002_20200904_230105(4),2,0.6945367455482483,0.730422110050152,0.6945367455482483,edge
2_002_20200905_003315(2),0,0.6993363499641418,0.7788908622930861,0.6993363499641418,band_end
2_002_20200905_003315(2),1,0.6760222911834717,0.696951173077292,0.6760222911834717,interior
2_002_20200905_003315(2),2,0.6714102029800415,0.7871391021777578,0.6714102029800415,edge
2_002_20200905_003319(2),0,0.6954438090324402,0.7599621854595234,0.6954438090324402,band_end
2_002_20200905_003319(2),1,0.6605917811393738,0.8522210796602588,0.6605917811393738,interior
2_002_20200905_003319(2),2,0.6989521384239197,0.7880863128940822,0.6989521384239197,edge
2_002_20200905_003323(3),0,0.6840526461601257,0.779593687940973,0.6840526461601257,band_end
2_002_20200905_003323(3),1,0.6770374178886414,0.7845142279682185,0.6770374178886414,interior
2_002_20200905_003323(3),2,0.6628959774971008,0.7898983234543303,0.6628959774971008,edge
2_002_20200905_003327(3),0,0.6941111087799072,0.8678569243003516,0.6941111087799072,band_end
2_002_20200905_003327(3),1,0.662060022354126,0.9035369108385546,0.662060022354126,interior
2_002_20200905_003327(3),2,0.6833481192588806,0.8667768699107863,0.6833481192588806,edge
2_002_20200905_003331(2),0,0.7030693292617798,0.7780293750743288,0.7030693292617798,band_end
2_002_20200905_003331(2),1,0.6889564990997314,0.8365575947434299,0.6889564990997314,interior
2_002_20200905_003331(2),2,0.6671997308731079,0.728418982756628,0.6671997308731079,edge
2_002_20200905_003335(3),0,0.6664785146713257,0.8591095037025824,0.6664785146713257,band_end
2_002_20200905_003335(3),1,0.6894212365150452,0.8392359905515595,0.6894212365150452,interior
2_002_20200905_003335(3),2,0.6776465773582458,0.8027707746971412,0.6776465773582458,edge
2_002_20200905_043156(0),0,0.6812849044799805,0.6946726499340711,0.6812849044799805,band_end
2_002_20200905_043156(0),1,0.6859468221664429,0.7299797465657661,0.6859468221664429,interior
2_002_20200905_043156(0),2,0.6781762838363647,0.7237046435093164,0.6781762838363647,edge
2_002_20200905_043200(0),0,0.6996906399726868,0.6977613945550841,0.6996906399726868,band_end
2_002_20200905_043200(0),1,0.675146222114563,0.7179855399288744,0.675146222114563,interior
2_002_20200905_043200(0),2,0.6983920931816101,0.6700271147439336,0.6983920931816101,edge
2_002_20200905_043204(0),0,0.6973789930343628,0.7951185823319574,0.6973789930343628,band_end
2_002_20200905_043204(0),1,0.6919264197349548,0.8098456517723948,0.6919264197349548,interior
2_002_20200905_043204(0),2,0.6775695085525513,0.789813585584797,0.6775695085525513,edge
2_002_20200905_043208(0),0,0.662443995475769,0.5934856444671441,0.662443995475769,band_end
2_002_20200905_043208(0),1,0.6728287935256958,0.6762199384085408,0.6728287935256958,interior
2_002_20200905_043208(0),2,0.698270320892334,0.6275981933864547,0.698270320892334,edge
2_002_20200905_043212(1),0,0.6813263297080994,0.6027969006647965,0.6813263297080994,band_end
2_002_20200905_043212(1),1,0.6893219351768494,0.6102687992448733,0.6893219351768494,interior
2_002_20200905_043212(1),2,0.6890859603881836,0.6371698048714569,0.6890859603881836,edge
2_002_20200905_043216(0),0,0.6917744278907776,0.9176726489426807,0.6917744278907776,band_end
2_002_20200905_043216(0),1,0.6673327088356018,0.8771101793148145,0.6673327088356018,interior
2_002_20200905_043216(0),2,0.676489531993866,0.8728157190063893,0.676489531993866,edge
2_002_20200905_083407(3),0,0.6876750588417053,0.7763460360561538,0.6876750588417053,band_end
2_002_20200905_083407(3),1,0.6664648652076721,0.768497895803789,0.6664648652076721,interior
2_002_20200905_083407(3),2,0.6736916899681091,0.755633461661297,0.6736916899681091,edge
2_002_20200905_083410(5),0,0.670649528503418,0.8956741100613705,0.670649528503418,band_end
2_002_20200905_083410(5),1,0.6955885887145996,0.8263278678504304,0.6955885887145996,interior
2_002_20200905_083410(5),2,0.6527910828590393,0.8124287396886898,0.6527910828590393,edge
2_002_20200905_083413(6),0,0.656949520111084,0.5846901418086944,0.656949520111084,band_end
2_002_20200905_083413(6),1,0.6905437707901001,0.6323456125441269,0.6905437707901001,interior
2_002_20200905_083413(6),2,0.7115869522094727,0.6116458025619863,0.7115869522094727,edge
2_002_20200905_083416(3),0,0.6938719153404236,0.7704482860973734,0.6938719153404236,band_end
2_002_20200905_083416(3),1,0.6689151525497437,0.7559121031006159,0.6689151525497437,interior
2_002_20200905_083416(3),2,0.6916981935501099,0.8123889728115223,0.6916981935501099,edge
2_002_20200905_083419(3),0,0.6772337555885315,0.6308152785358384,0.6772337555885315,band_end
2_002_20200905_083419(3),1,0.6840613484382629,0.6805597809616616,0.6840613484382629,interior
2_002_20200905_083419(3),2,0.701478898525238,0.6450297638108553,0.701478898525238,edge
2_002_20200905_083422(4),0,0.6991452574729919,0.8266576055267995,0.6991452574729919,band_end
2_002_20200905_083422(4),1,0.6695557236671448,0.8463114555823575,0.6695557236671448,interior
2_002_20200905_083422(4),2,0.7037805318832397,0.8873036336680232,0.7037805318832397,edge
2_002_20200905_123055(0),0,0.684486985206604,0.5238601574401246,0.684486985206604,band_end
2_002_20200905_123055(0),1,0.6770033240318298,0.6386332249898002,0.6770033240318298,interior
2_002_20200905_123055(0),2,0.6675850749015808,0.5616691900946394,0.6675850749015808,edge
2_002_20200905_123058(4),0,0.6623368859291077,0.657453975202237,0.6623368859291077,band_end
2_002_20200905_123058(4),1,0.6938717365264893,0.7167450187548834,0.6938717365264893,interior
2_002_20200905_123058(4),2,0.6956498622894287,0.6873075684314005,0.6956498622894287,edge
2_002_20200905_123102(0),0,0.7018874287605286,0.6131088021875697,0.7018874287605286,band_end
2_002_20200905_123102(0),1,0.6629140377044678,0.6649684422171044,0.6629140377044678,interior
2_002_20200905_123102(0),2,0.6484283208847046,0.5942271544274543,0.6484283208847046,edge
2_002_20200905_123105(0),0,0.6695148944854736,0.7016779642796429,0.6695148944854736,band_end
2_002_20200905_123105(0),1,0.6598765850067139,0.6761632407923306,0.6598765850067139,interior
2_002_20200905_123105(0),2,0.6515947580337524,0.6765787614468212,0.6515947580337524,edge
2_002_20200905_123108(4),0,0.6867678165435791,0.7913079019227206,0.6867678165435791,band_end
2_002_20200905_123108(4),1,0.6803220510482788,0.7813101613703339,0.6803220510482788,interior
2_002_20200905_123108(4),2,0.6830384135246277,0.7910541170711569,0.6830384135246277,edge
2_002_20200905_123112(0),0,0.6861972212791443,0.6829287213520281,0.6861972212791443,band_end
2_002_20200905_123112(0),1,0.6648543477058411,0.7371036441390886,0.6648543477058411,interior
2_002_20200905_123112(0),2,0.6782165169715881,0.753615415723681,0.6782165169715881,edge
2_002_20200905_163922(9),0,0.6827352046966553,0.5905980356258443,0.6827352046966553,band_end
2_002_20200905_163922(9),1,0.67243891954422,0.5787053193911925,0.67243891954422,interior
2_002_20200905_163922(9),2,0.7065523266792297,0.614760637316471,0.7065523266792297,edge
2_002_20200905_163926(4),0,0.7039322853088379,0.8415478405069926,0.7039322853088379,band_end
2_002_20200905_163926(4),1,0.6813862919807434,0.820677600615211,0.6813862919807434,interior
2_002_20200905_163926(4),2,0.6550644040107727,0.7771870302169589,0.6550644040107727,edge
2_002_20200905_163929(7),0,0.6501198410987854,0.6575927364865153,0.6501198410987854,band_end
2_002_20200905_163929(7),1,0.6820406317710876,0.7201169002378063,0.6820406317710876,interior
2_002_20200905_163929(7),2,0.7064791917800903,0.7887117228004512,0.7064791917800903,edge
2_002_20200905_163932(9),0,0.670013964176178,0.8732573143356162,0.670013964176178,band_end
2_002_20200905_163932(9),1,0.6868257522583008,0.8485499199912238,0.6868257522583008,interior
2_002_20200905_163932(9),2,0.7031076550483704,0.8435476112356792,0.7031076550483704,edge
2_002_20200905_163936(2),0,0.6827647686004639,0.8569922866780233,0.6827647686004639,band_end
2_002_20200905_163936(2),1,0.6823932528495789,0.8557040665111891,0.6823932528495789,interior
2_002_20200905_163936(2),2,0.6830607056617737,0.8332150428874789,0.6830607056617737,edge
2_002_20200905_163939(7),0,0.6851500868797302,0.6280559507564263,0.6851500868797302,band_end
2_002_20200905_163939(7),1,0.6615661978721619,0.723806511823339,0.6615661978721619,interior
2_002_20200905_163939(7),2,0.6652523279190063,0.7127906626708809,0.6652523279190063,edge
2_002_20200905_204033(3),0,0.7002750039100647,0.6634055287858136,0.7002750039100647,band_end
2_002_20200905_204033(3),1,0.6634619832038879,0.6963553776747552,0.6634619832038879,interior
2_002_20200905_204033(3),2,0.6895664930343628,0.6244657755927795,0.6895664930343628,edge
2_002_20200905_204039(5),0,0.6712607145309448,0.9174337167110387,0.6712607145309448,band_end
2_002_20200905_204039(5),1,0.6604666709899902,0.8518422949446913,0.6604666709899902,interior
2_002_20200905_204039(5),2,0.6924652457237244,0.8295913858762836,0.6924652457237244,edge
2_002_20200905_204042(9),0,0.7049804329872131,0.6473429438179512,0.7049804329872131,band_end
2_002_20200905_204042(9),1,0.6936952471733093,0.731492075062944,0.6936952471733093,interior
2_002_20200905_204042(9),2,0.6776909828186035,0.6770592293766257,0.6776909828186035,edge
2_002_20200905_204046(0),0,0.7031475305557251,0.6806787496739756,0.7031475305557251,band_end
2_002_20200905_204046(0),1,0.6576586365699768,0.7169565425625967,0.6576586365699768,interior
2_002_20200905_204046(0),2,0.6808626651763916,0.7173387729877081,0.6808626651763916,edge
2_002_20200905_204049(1),0,0.6738300919532776,0.588143161783432,0.6738300919532776,band_end
2_002_20200905_204049(1),1,0.6767333149909973,0.5884638791606017,0.6767333149909973,interior
2_002_20200905_204049(1),2,0.6792915463447571,0.5484250493611178,0.6792915463447571,edge
2_002_20200905_204052(3),0,0.6747844815254211,0.596804726093616,0.6747844815254211,band_end
2_002_20200905_204052(3),1,0.6821075081825256,0.6777149570906001,0.6821075081825256,interior
2_002_20200905_204052(3),2,0.7026810646057129,0.6777058681735431,0.7026810646057129,edge
2_002_20200906_003114(0),0,0.7220579385757446,0.7345329264532048,0.7220579385757446,band_end
2_002_20200906_003114(0),1,0.677711546421051,0.7938136735872626,0.677711546421051,interior
2_002_20200906_003114(0),2,0.6946614384651184,0.8000291166707754,0.6946614384651184,edge
2_002_20200906_003117(3),0,0.7143365740776062,0.5580381341073485,0.7143365740776062,band_end
2_002_20200906_003117(3),1,0.7113252282142639,0.6019040647978809,0.7113252282142639,interior
2_002_20200906_003117(3),2,0.6944371461868286,0.629910034330268,0.6944371461868286,edge
2_002_20200906_003120(8),0,0.6872087717056274,0.6450481615004816,0.6872087717056274,band_end
2_002_20200906_003120(8),1,0.7041691541671753,0.7773631613130986,0.7041691541671753,interior
2_002_20200906_003120(8),2,0.6837491989135742,0.7722365838813676,0.6837491989135742,edge
2_002_20200906_003124(0),0,0.7112987637519836,0.7045281547198939,0.7112987637519836,band_end
2_002_20200906_003124(0),1,0.6738637089729309,0.6808764077662189,0.6738637089729309,interior
2_002_20200906_003124(0),2,0.6971266269683838,0.70669917828412,0.6971266269683838,edge
2_002_20200906_003127(3),0,0.7318471670150757,0.7289857569409214,0.7318471670150757,band_end
2_002_20200906_003127(3),1,0.715394139289856,0.753997967373907,0.715394139289856,interior
2_002_20200906_003127(3),2,0.69609135389328,0.7526516138212022,0.69609135389328,edge
2_002_20200906_003130(7),0,0.7096882462501526,0.8170683993672496,0.7096882462501526,band_end
2_002_20200906_003130(7),1,0.7062135338783264,0.7757535572935415,0.7062135338783264,interior
2_002_20200906_003130(7),2,0.6826826930046082,0.7513459946575072,0.6826826930046082,edge
3_001_20200622_203305(8),0,0.6777878999710083,0.6870161858433874,0.6777878999710083,band_end
3_001_20200622_203305(8),1,0.6907125115394592,0.5219822162497911,0.6907125115394592,interior
3_001_20200622_203305(8),2,0.640604555606842,0.5326657774688093,0.640604555606842,edge
3_001_20200622_203309(1),0,0.5916232466697693,0.5921630120165885,0.5916232466697693,band_end
3_001_20200622_203309(1),1,0.644236147403717,0.5764552546064051,0.644236147403717,interior
3_001_20200622_203309(1),2,0.6622517704963684,0.722229816264012,0.6622517704963684,edge
3_001_20200622_203312(6),0,0.6408878564834595,0.7724513164508522,0.6408878564834595,band_end
3_001_20200622_203312(6),1,0.6531507968902588,0.8209946018874822,0.6531507968902588,interior
3_001_20200622_203312(6),2,0.6403443813323975,0.6917540539021462,0.6403443813323975,edge
3_001_20200622_203316(0),0,0.6790459156036377,0.520347471903592,0.6790459156036377,band_end
3_001_20200622_203316(0),1,0.0,0.4528764311984438,0.6301805377006531,interior
3_001_20200622_203316(0),2,0.6497728824615479,0.8088810938454924,0.6497728824615479,edge
3_001_20200622_203319(4),0,0.6315662264823914,0.7467287176039977,0.6315662264823914,band_end
3_001_20200622_203319(4),1,0.6475802063941956,0.6527934784649371,0.6475802063941956,interior
3_001_20200622_203319(4),2,0.6169338822364807,0.6111724017961387,0.6169338822364807,edge
3_001_20200622_203330(3),0,0.6551068425178528,0.7406832911943424,0.6551068425178528,band_end
3_001_20200622_203330(3),1,0.622162401676178,0.6548365433811414,0.622162401676178,interior
3_001_20200622_203330(3),2,0.6939831376075745,0.6558086771886082,0.6939831376075745,edge
3_001_20200623_003516(8),0,0.6616834998130798,0.7895973819986792,0.6616834998130798,band_end
3_001_20200623_003516(8),1,0.6694182753562927,0.7804787495878874,0.6694182753562927,interior
3_001_20200623_003516(8),2,0.6810017228126526,0.841504060864384,0.6810017228126526,edge
3_001_20200623_003520(5),0,0.6731715798377991,0.7433846085639677,0.6731715798377991,band_end
3_001_20200623_003520(5),1,0.6631178855895996,0.7668977316674677,0.6631178855895996,interior
3_001_20200623_003520(5),2,0.68649822473526,0.7578868366233199,0.68649822473526,edge
3_001_20200623_003524(0),0,0.6778810024261475,0.7091798595552686,0.6778810024261475,band_end
3_001_20200623_003524(0),1,0.6470365524291992,0.7329718341965301,0.6470365524291992,interior
3_001_20200623_003524(0),2,0.6862791180610657,0.7334732731416143,0.6862791180610657,edge
3_001_20200623_003529(0),0,0.674109160900116,0.7260794492896957,0.674109160900116,band_end
3_001_20200623_003529(0),1,0.6490857601165771,0.8860147945088245,0.6490857601165771,interior
3_001_20200623_003529(0),2,0.6753413081169128,0.903269766758043,0.6753413081169128,edge
3_001_20200623_003532(5),0,0.6825041770935059,0.73759633348701,0.6825041770935059,band_end
3_001_20200623_003532(5),1,0.6546949744224548,0.7153574715417972,0.6546949744224548,interior
3_001_20200623_003532(5),2,0.6838389039039612,0.5900870669605911,0.6838389039039612,edge
3_001_20200623_003536(0),0,0.6779975891113281,0.597571141895306,0.6779975891113281,band_end
3_001_20200623_003536(0),1,0.6509062647819519,0.5875589199011311,0.6509062647819519,interior
3_001_20200623_003536(0),2,0.6806727051734924,0.6566827064563007,0.6806727051734924,edge
3_001_20200623_043227(1),0,0.6829879283905029,0.8133597549260456,0.6829879283905029,band_end
3_001_20200623_043227(1),1,0.6857350468635559,0.7513705317230597,0.6857350468635559,interior
3_001_20200623_043227(1),2,0.6857948899269104,0.6516278498353957,0.6857948899269104,edge
3_001_20200623_043231(6),0,0.6717818975448608,0.756723628715309,0.6717818975448608,band_end
3_001_20200623_043231(6),1,0.6478714942932129,0.7605583950109804,0.6478714942932129,interior
3_001_20200623_043231(6),2,0.6873083710670471,0.7888057434172776,0.6873083710670471,edge
3_001_20200623_043236(1),0,0.6838513612747192,0.7820987145522684,0.6838513612747192,band_end
3_001_20200623_043236(1),1,0.6797469854354858,0.7507445927576927,0.6797469854354858,interior
3_001_20200623_043236(1),2,0.679244875907898,0.6406895839236276,0.679244875907898,edge
3_001_20200623_043240(6),0,0.6653813719749451,0.7337114214420297,0.6653813719749451,band_end
3_001_20200623_043240(6),1,0.6624622344970703,0.7802859223814077,0.6624622344970703,interior
3_001_20200623_043240(6),2,0.6910984516143799,0.6708192602035729,0.6910984516143799,edge
3_001_20200623_043245(2),0,0.678432285785675,0.78715332052501,0.678432285785675,band_end
3_001_20200623_043245(2),1,0.6605643033981323,0.7820400549629345,0.6605643033981323,interior
3_001_20200623_043245(2),2,0.6948831081390381,0.5732299939965085,0.6948831081390381,edge
3_001_20200623_043249(6),0,0.6747467517852783,0.5777117958256565,0.6747467517852783,band_end
3_001_20200623_043249(6),1,0.6483116149902344,0.6550978050771628,0.6483116149902344,interior
3_001_20200623_043249(6),2,0.6743137836456299,0.7971790164438983,0.6743137836456299,edge
3_001_20200623_082407(9),0,0.6611722111701965,0.7238190153020083,0.6611722111701965,band_end
3_001_20200623_082407(9),1,0.6604182124137878,0.5922016953874655,0.6604182124137878,interior
3_001_20200623_082407(9),2,0.6736185550689697,0.6102134955670457,0.6736185550689697,edge
3_001_20200623_082411(0),0,0.6588939428329468,0.7691560436018945,0.6588939428329468,band_end
3_001_20200623_082411(0),1,0.6823585629463196,0.7406312155618008,0.6823585629463196,interior
3_001_20200623_082411(0),2,0.6724987030029297,0.8395652943483041,0.6724987030029297,edge
3_001_20200623_082414(1),0,0.0,0.4653306891433231,0.6680660843849182,band_end
3_001_20200623_082414(1),1,0.6613056063652039,0.6290399463012669,0.6613056063652039,interior
3_001_20200623_082414(1),2,0.6789868474006653,0.7014126355250956,0.6789868474006653,edge
3_001_20200623_082416(7),0,0.6762129664421082,0.7181673639474864,0.6762129664421082,band_end
3_001_20200623_082416(7),1,0.6202154755592346,0.6160965682674161,0.6202154755592346,interior
3_001_20200623_082416(7),2,0.0,0.431376131984148,0.6994783878326416,edge
3_001_20200623_082419(6),0,0.6794482469558716,0.6690410997513513,0.6794482469558716,band_end
3_001_20200623_082419(6),1,0.66547030210495,0.7497189426705626,0.66547030210495,interior
3_001_20200623_082419(6),2,0.6701277494430542,0.7289388333197034,0.6701277494430542,edge
3_001_20200623_082422(5),0,0.6521008610725403,0.623834002908409,0.6521008610725403,band_end
3_001_20200623_082422(5),1,0.6763221025466919,0.7553645608545511,0.6763221025466919,interior
3_001_20200623_082422(5),2,0.6681603193283081,0.7269133224747079,0.6681603193283081,edge
3_001_20200623_123214(3),0,0.6372372508049011,0.546755082646598,0.6372372508049011,band_end
3_001_20200623_123214(3),1,0.6529042720794678,0.6813004970145697,0.6529042720794678,interior
3_001_20200623_123214(3),2,0.675778329372406,0.5008612430978892,0.675778329372406,edge
3_001_20200623_123223(3),0,0.6838398575782776,0.6426789794306839,0.6838398575782776,band_end
3_001_20200623_123223(3),1,0.6636706590652466,0.6785275265029046,0.6636706590652466,interior
3_001_20200623_123223(3),2,0.6883713603019714,0.5187372718604851,0.6883713603019714,edge
3_001_20200623_123232(3),0,0.0,0.49636734315227626,0.6692829132080078,band_end
3_001_20200623_123232(3),1,0.6679684519767761,0.6435477872048432,0.6679684519767761,interior
3_001_20200623_123232(3),2,0.6877229809761047,0.7015732620073507,0.6877229809761047,edge
3_001_20200623_123236(9),0,0.6739200949668884,0.6745230669763052,0.6739200949668884,band_end
3_001_20200623_123236(9),1,0.6456270813941956,0.5221792364646237,0.6456270813941956,interior
3_001_20200623_123236(9),2,0.6601005792617798,0.686057681158652,0.6601005792617798,edge
3_001_20200623_123241(3),0,0.6807271838188171,0.7422327812157848,0.6807271838188171,band_end
3_001_20200623_123241(3),1,0.6959791779518127,0.7462751122097913,0.6959791779518127,interior
3_001_20200623_123241(3),2,0.7009698748588562,0.7615548251678107,0.7009698748588562,edge
3_001_20200623_123245(8),0,0.6615586876869202,0.6780285497389218,0.6615586876869202,band_end
3_001_20200623_123245(8),1,0.6656100153923035,0.8203019391565904,0.6656100153923035,interior
3_001_20200623_123245(8),2,0.6924741268157959,0.7065443114615947,0.6924741268157959,edge
3_001_20200623_163159(5),0,0.6713955998420715,0.7808182570208843,0.6713955998420715,band_end
3_001_20200623_163159(5),1,0.6649893522262573,0.579538685387505,0.6649893522262573,interior
3_001_20200623_163159(5),2,0.6800714731216431,0.6908752111531371,0.6800714731216431,edge
3_001_20200623_163209(3),0,0.6770818829536438,0.5876115603955568,0.6770818829536438,band_end
3_001_20200623_163209(3),1,0.6741902232170105,0.5818369996089678,0.6741902232170105,interior
3_001_20200623_163209(3),2,0.6927608847618103,0.6853722725220226,0.6927608847618103,edge
3_001_20200623_163212(9),0,0.6810129284858704,0.7133601942974617,0.6810129284858704,band_end
3_001_20200623_163212(9),1,0.6681946516036987,0.6279180249522076,0.6681946516036987,interior
3_001_20200623_163212(9),2,0.6706615090370178,0.7482635462930346,0.6706615090370178,edge
3_001_20200623_163216(2),0,0.6667187809944153,0.6833415344198241,0.6667187809944153,band_end
3_001_20200623_163216(2),1,0.6360860466957092,0.7802746004848438,0.6360860466957092,interior
3_001_20200623_163216(2),2,0.6712698340415955,0.8410506183481864,0.6712698340415955,edge
3_001_20200623_163219(5),0,0.665305495262146,0.7411024272188603,0.665305495262146,band_end
3_001_20200623_163219(5),1,0.6601640582084656,0.784650813659888,0.6601640582084656,interior
3_001_20200623_163219(5),2,0.6786242723464966,0.7988139856172207,0.6786242723464966,edge
3_001_20200623_163222(9),0,0.6586942076683044,0.7439484926452866,0.6586942076683044,band_end
3_001_20200623_163222(9),1,0.6703389286994934,0.7793921397438441,0.6703389286994934,interior
3_001_20200623_163222(9),2,0.6824622750282288,0.810985586355581,0.6824622750282288,edge
3_001_20200623_203217(4),0,0.6762402057647705,0.6552777411743287,0.6762402057647705,band_end
3_001_20200623_203217(4),1,0.6895491480827332,0.6475268771880202,0.6895491480827332,interior
3_001_20200623_203217(4),2,0.6818832159042358,0.6886449475030112,0.6818832159042358,edge
3_001_20200623_203222(0),0,0.6689877510070801,0.6953149447843271,0.6689877510070801,band_end
3_001_20200623_203222(0),1,0.6624477505683899,0.694194107256538,0.6624477505683899,interior
3_001_20200623_203222(0),2,0.6781559586524963,0.6911789834817832,0.6781559586524963,edge
3_001_20200623_203226(3),0,0.6750758290290833,0.6912353655804906,0.6750758290290833,band_end
3_001_20200623_203226(3),1,0.6065270900726318,0.6862203536662784,0.6065270900726318,interior
3_001_20200623_203226(3),2,0.6902228593826294,0.8134560420969764,0.6902228593826294,edge
3_001_20200623_203230(9),0,0.6365962028503418,0.6741497383201639,0.6365962028503418,band_end
3_001_20200623_203230(9),1,0.6669001579284668,0.7150966775123495,0.6669001579284668,interior
3_001_20200623_203230(9),2,0.6650013327598572,0.6766759845884875,0.6650013327598572,edge
3_001_20200623_203235(3),0,0.6791739463806152,0.6856715923677897,0.6791739463806152,band_end
3_001_20200623_203235(3),1,0.6752029657363892,0.750793801694341,0.6752029657363892,interior
3_001_20200623_203235(3),2,0.6782333254814148,0.7260766119455423,0.6782333254814148,edge
3_001_20200623_203247(5),0,0.6645748615264893,0.7999624754894868,0.6645748615264893,band_end
3_001_20200623_203247(5),1,0.6054561138153076,0.5696351392725741,0.6054561138153076,interior
3_001_20200623_203247(5),2,0.6857006549835205,0.6114808587202182,0.6857006549835205,edge
3_001_20200624_003240(4),0,0.6978998780250549,0.7534707285925065,0.6978998780250549,band_end
3_001_20200624_003240(4),1,0.679084837436676,0.7467426578955001,0.679084837436676,interior
3_001_20200624_003240(4),2,0.6374064087867737,0.7384065501709661,0.6374064087867737,edge
3_001_20200624_003244(2),0,0.6526287198066711,0.7243186060625774,0.6526287198066711,band_end
3_001_20200624_003244(2),1,0.6518043875694275,0.6120090148187067,0.6518043875694275,interior
3_001_20200624_003244(2),2,0.6989798545837402,0.5861555937539716,0.6989798545837402,edge
3_001_20200624_003247(7),0,0.0,0.4499534429471084,0.6474811434745789,band_end
3_001_20200624_003247(7),1,0.7036224603652954,0.5548084585882657,0.7036224603652954,interior
3_001_20200624_003247(7),2,0.0,0.4772029641848495,0.719017505645752,edge
3_001_20200624_003251(1),0,0.7225564122200012,0.7703924839401485,0.7225564122200012,band_end
3_001_20200624_003251(1),1,0.7073189616203308,0.7525932737717267,0.7073189616203308,interior
3_001_20200624_003251(1),2,0.6608343720436096,0.7804626668431169,0.6608343720436096,edge
3_001_20200624_003254(3),0,0.6962699890136719,0.8117761834732931,0.6962699890136719,band_end
3_001_20200624_003254(3),1,0.6705194115638733,0.6794383052032491,0.6705194115638733,interior
3_001_20200624_003254(3),2,0.7201517224311829,0.5432425637804305,0.7201517224311829,edge
3_001_20200624_003303(5),0,0.0018110927194356918,0.6781039574418083,0.7002031207084656,band_end
3_001_20200624_003303(5),1,0.7009634375572205,0.6787991635039925,0.7009634375572205,interior
3_001_20200624_003303(5),2,0.6879437565803528,0.6459721704828553,0.6879437565803528,edge
3_001_20200624_043315(2),0,0.716854453086853,0.8247430402995731,0.716854453086853,band_end
3_001_20200624_043315(2),1,0.6593132615089417,0.7759673125528468,0.6593132615089417,interior
3_001_20200624_043315(2),2,0.6993989944458008,0.7808689512627957,0.6993989944458008,edge
3_001_20200624_043324(2),0,0.697545051574707,0.7468773459003288,0.697545051574707,band_end
3_001_20200624_043324(2),1,0.7040953636169434,0.7661779018589016,0.7040953636169434,interior
3_001_20200624_043324(2),2,0.7157666683197021,0.5154388502705842,0.7157666683197021,edge
3_001_20200624_043328(7),0,0.6544797420501709,0.6200814440720553,0.6544797420501709,band_end
3_001_20200624_043328(7),1,0.6481367349624634,0.6325884147236744,0.6481367349624634,interior
3_001_20200624_043328(7),2,0.0,0.4845581199926121,0.6583918929100037,edge
3_001_20200624_043333(2),0,0.6575430631637573,0.5461244319636961,0.6575430631637573,band_end
3_001_20200624_043333(2),1,0.0,0.48152440480040803,0.6448425054550171,interior
3_001_20200624_043333(2),2,0.6766141057014465,0.5974727044013353,0.6766141057014465,edge
3_001_20200624_043337(8),0,0.710512101650238,0.7673756377076031,0.710512101650238,band_end
3_001_20200624_043337(8),1,0.6931890249252319,0.5119400741474237,0.6931890249252319,interior
3_001_20200624_043337(8),2,0.717340886592865,0.8010565818393309,0.717340886592865,edge
3_001_20200624_043349(7),0,0.7170562148094177,0.7659763667365336,0.7170562148094177,band_end
3_001_20200624_043349(7),1,0.6878619194030762,0.5472262878485397,0.6878619194030762,interior
3_001_20200624_043349(7),2,0.6927735805511475,0.5111148371559456,0.6927735805511475,edge
3_001_20200624_083150(7),0,0.6512951850891113,0.646787072315826,0.6512951850891113,band_end
3_001_20200624_083150(7),1,0.6779881715774536,0.5559781238571551,0.6779881715774536,interior
3_001_20200624_083150(7),2,0.6636787056922913,0.5449677648958308,0.6636787056922913,edge
3_001_20200624_083153(8),0,0.6450068354606628,0.649654818833404,0.6450068354606628,band_end
3_001_20200624_083153(8),1,0.6545676589012146,0.6440273066422344,0.6545676589012146,interior
3_001_20200624_083153(8),2,0.6982148885726929,0.6590153164342865,0.6982148885726929,edge
3_001_20200624_083156(9),0,0.6552289724349976,0.6207556760091876,0.6552289724349976,band_end
3_001_20200624_083156(9),1,0.6901695728302002,0.6100523386072988,0.6901695728302002,interior
3_001_20200624_083156(9),2,0.6703378558158875,0.5419626552611589,0.6703378558158875,edge
3_001_20200624_083159(6),0,0.643916666507721,0.5477854516357183,0.643916666507721,band_end
3_001_20200624_083159(6),1,0.6562807559967041,0.624006252501989,0.6562807559967041,interior
3_001_20200624_083159(6),2,0.7125756740570068,0.59243071837576,0.7125756740570068,edge
3_001_20200624_083202(6),0,0.0,0.3952949970278667,0.7196961045265198,band_end
3_001_20200624_083202(6),1,0.0,0.30208764969193863,0.6303511261940002,interior
3_001_20200624_083202(6),2,0.5852587819099426,0.5814542008802677,0.5852587819099426,edge
3_001_20200624_083205(7),0,0.6818063259124756,0.571317473885931,0.6818063259124756,band_end
3_001_20200624_083205(7),1,0.7475464940071106,0.729005442153068,0.7475464940071106,interior
3_001_20200624_083205(7),2,0.681303858757019,0.6713510573017019,0.681303858757019,edge
3_001_20200624_123313(4),0,0.0,0.48065201136639313,0.6905184984207153,band_end
3_001_20200624_123313(4),1,0.634544849395752,0.5413111287039748,0.634544849395752,interior
3_001_20200624_123313(4),2,0.7167669534683228,0.5272057648284619,0.7167669534683228,edge
3_001_20200624_123317(8),0,0.0011036688229069114,0.6454948866375185,0.7129409909248352,band_end
3_001_20200624_123317(8),1,0.7022870779037476,0.6117522124733243,0.7022870779037476,interior
3_001_20200624_123317(8),2,0.71216881275177,0.6266868069679254,0.71216881275177,edge
3_001_20200624_123322(3),0,0.7160871028900146,0.7813186475702814,0.7160871028900146,band_end
3_001_20200624_123322(3),1,0.0,0.4953436652639149,0.6352684497833252,interior
3_001_20200624_123322(3),2,0.6803004741668701,0.5982128019131036,0.6803004741668701,edge
3_001_20200624_123326(6),0,0.6591681838035583,0.5754908648329363,0.6591681838035583,band_end
3_001_20200624_123326(6),1,0.6996065974235535,0.6268517821373375,0.6996065974235535,interior
3_001_20200624_123326(6),2,0.7172101736068726,0.6395456408885863,0.7172101736068726,edge
3_001_20200624_123331(2),0,0.7033308744430542,0.5060987474430534,0.7033308744430542,band_end
3_001_20200624_123331(2),1,0.6840693950653076,0.7111934450665667,0.6840693950653076,interior
3_001_20200624_123331(2),2,0.0,0.4869512779832021,0.6680538654327393,edge
3_001_20200624_123335(6),0,0.6594088673591614,0.5624015266138096,0.6594088673591614,band_end
3_001_20200624_123335(6),1,0.6872438788414001,0.674113406228423,0.6872438788414001,interior
3_001_20200624_123335(6),2,0.6405506730079651,0.5455202921834176,0.6405506730079651,edge
3_001_20200624_162816(3),0,0.7005311846733093,0.5788602488743081,0.7005311846733093,band_end
3_001_20200624_162816(3),1,0.0,0.43685263615770964,0.6125857830047607,interior
3_001_20200624_162816(3),2,0.6692497730255127,0.535136631183559,0.6692497730255127,edge
3_001_20200624_162821(2),0,0.5987421870231628,0.7741279845836483,0.5987421870231628,band_end
3_001_20200624_162821(2),1,0.7197152376174927,0.6141510659885802,0.7197152376174927,interior
3_001_20200624_162821(2),2,0.6518245935440063,0.7543436754745446,0.6518245935440063,edge
3_001_20200624_162831(2),0,0.7247390151023865,0.6641542600045796,0.7247390151023865,band_end
3_001_20200624_162831(2),1,0.0032660115975886583,0.6610967998792295,0.6591953635215759,interior
3_001_20200624_162831(2),2,0.6656787991523743,0.6758923791709189,0.6656787991523743,edge
3_001_20200624_162835(8),0,0.6513786315917969,0.5599906945863786,0.6513786315917969,band_end
3_001_20200624_162835(8),1,0.7151628136634827,0.7239344677034736,0.7151628136634827,interior
3_001_20200624_162835(8),2,0.723678469657898,0.6806880683423581,0.723678469657898,edge
3_001_20200624_203149(7),0,0.7210798263549805,0.5671204309441009,0.7210798263549805,band_end
3_001_20200624_203149(7),1,0.719335675239563,0.5558932059798222,0.719335675239563,interior
3_001_20200624_203149(7),2,0.6814654469490051,0.5967845232114424,0.6814654469490051,edge
3_001_20200624_203154(3),0,0.6915745139122009,0.7251011271152522,0.6915745139122009,band_end
3_001_20200624_203154(3),1,0.6296131610870361,0.5830277688364452,0.6296131610870361,interior
3_001_20200624_203154(3),2,0.7056131958961487,0.6101037074983512,0.7056131958961487,edge
3_001_20200624_203203(1),0,0.7001141309738159,0.6996263060781307,0.7001141309738159,band_end
3_001_20200624_203203(1),1,0.6938843131065369,0.6913625068435784,0.6938843131065369,interior
3_001_20200624_203203(1),2,0.7238497734069824,0.8709279378869076,0.7238497734069824,edge
3_001_20200624_203207(8),0,0.6799250245094299,0.6649692110373828,0.6799250245094299,band_end
3_001_20200624_203207(8),1,0.7172316908836365,0.6596135008121501,0.7172316908836365,interior
3_001_20200624_203207(8),2,0.7446377873420715,0.7057922487387897,0.7446377873420715,edge
3_001_20200624_203212(2),0,0.7266471982002258,0.7432028636458462,0.7266471982002258,band_end
3_001_20200624_203212(2),1,0.7405082583427429,0.7404584779949239,0.7405082583427429,interior
3_001_20200624_203212(2),2,0.7110130786895752,0.6886492820803901,0.7110130786895752,edge
3_001_20200624_203225(8),0,0.6836001873016357,0.6401565365924566,0.6836001873016357,band_end
3_001_20200624_203225(8),1,0.6527950167655945,0.6409505041730758,0.6527950167655945,interior
3_001_20200624_203225(8),2,0.6299961805343628,0.5599291871036595,0.6299961805343628,edge
3_001_20200625_003507(0),0,0.6821519732475281,0.8621985110992229,0.6821519732475281,band_end
3_001_20200625_003507(0),1,0.6616610288619995,0.6590677017867866,0.6616610288619995,interior
3_001_20200625_003507(0),2,0.7038374543190002,0.8375928623834951,0.7038374543190002,edge
3_001_20200625_003511(4),0,0.6707992553710938,0.6527726859745667,0.6707992553710938,band_end
3_001_20200625_003511(4),1,0.6396408081054688,0.7383471362801745,0.6396408081054688,interior
3_001_20200625_003511(4),2,0.6742222905158997,0.7188494450471402,0.6742222905158997,edge
3_001_20200625_003515(9),0,0.6847963333129883,0.7272995020150785,0.6847963333129883,band_end
3_001_20200625_003515(9),1,0.6651256680488586,0.6392187570283271,0.6651256680488586,interior
3_001_20200625_003515(9),2,0.6837388277053833,0.8045160984410171,0.6837388277053833,edge
3_001_20200625_003520(4),0,0.6614858508110046,0.6182279079522978,0.6614858508110046,band_end
3_001_20200625_003520(4),1,0.6835916042327881,0.7335192434878807,0.6835916042327881,interior
3_001_20200625_003520(4),2,0.6746141314506531,0.7389708629560376,0.6746141314506531,edge
3_001_20200625_003524(9),0,0.7040057182312012,0.6925001060841453,0.7040057182312012,band_end
3_001_20200625_003524(9),1,0.6797952651977539,0.6153863496906864,0.6797952651977539,interior
3_001_20200625_003524(9),2,0.6501767635345459,0.6328674654586757,0.6501767635345459,edge
3_001_20200625_003529(2),0,0.6778615117073059,0.7923297120885087,0.6778615117073059,band_end
3_001_20200625_003529(2),1,0.6341459155082703,0.7580966958904101,0.6341459155082703,interior
3_001_20200625_003529(2),2,0.6752097010612488,0.6560765508499846,0.6752097010612488,edge
3_001_20200625_043323(7),0,0.7033374905586243,0.6763986495871249,0.7033374905586243,band_end
3_001_20200625_043323(7),1,0.6517819166183472,0.842588732101287,0.6517819166183472,interior
3_001_20200625_043323(7),2,0.707284152507782,0.9034907561830046,0.707284152507782,edge
3_001_20200625_043328(3),0,0.6839244365692139,0.7474396544435308,0.6839244365692139,band_end
3_001_20200625_043328(3),1,0.6836737990379333,0.6678911035825589,0.6836737990379333,interior
3_001_20200625_043328(3),2,0.6894324421882629,0.6979152426181561,0.6894324421882629,edge
3_001_20200625_043337(3),0,0.6914488673210144,0.7233054540667162,0.6914488673210144,band_end
3_001_20200625_043337(3),1,0.6625151038169861,0.5539752531069876,0.6625151038169861,interior
3_001_20200625_043337(3),2,0.6791562438011169,0.7708860451519541,0.6791562438011169,edge
3_001_20200625_043341(7),0,0.7032234072685242,0.7788578946432552,0.7032234072685242,band_end
3_001_20200625_043341(7),1,0.6839683651924133,0.8038777204261339,0.6839683651924133,interior
3_001_20200625_043341(7),2,0.7110249400138855,0.8011607796748063,0.7110249400138855,edge
3_001_20200625_043346(2),0,0.6740117073059082,0.6512374384667475,0.6740117073059082,band_end
3_001_20200625_043346(2),1,0.6469149589538574,0.6534852419792977,0.6469149589538574,interior
3_001_20200625_043346(2),2,0.6346967816352844,0.6632890633129105,0.6346967816352844,edge
3_001_20200625_043359(8),0,0.6528953313827515,0.6258834340642238,0.6528953313827515,band_end
3_001_20200625_043359(8),1,0.6743037104606628,0.6461779655884884,0.6743037104606628,interior
3_001_20200625_043359(8),2,0.6455828547477722,0.8187180280882494,0.6455828547477722,edge
3_001_20200727_204954(7),0,0.0,0.4664941219307705,0.6833297610282898,band_end
3_001_20200727_204954(7),1,0.6930590271949768,0.5827737903314463,0.6930590271949768,interior
3_001_20200727_204954(7),2,0.6310606598854065,0.5918452031248839,0.6310606598854065,edge
3_001_20200727_204958(2),0,0.0,0.48694274902467183,0.7315850257873535,band_end
3_001_20200727_204958(2),1,0.0,0.47471687992435596,0.7399840950965881,interior
3_001_20200727_204958(2),2,0.0,0.4569359982126996,0.6751002073287964,edge
3_001_20200728_014351(3),0,0.7330952286720276,0.6640638820989447,0.7330952286720276,band_end
3_001_20200728_014351(3),1,0.700005829334259,0.6844364840076032,0.700005829334259,interior
3_001_20200728_014351(3),2,0.5764440298080444,0.7043999256344344,0.5764440298080444,edge
3_001_20200728_014355(2),0,0.6431045532226562,0.6501345890347613,0.6431045532226562,band_end
3_001_20200728_014355(2),1,0.5858736038208008,0.6221969012343437,0.5858736038208008,interior
3_001_20200728_014355(2),2,0.6311475038528442,0.6616244897149223,0.6311475038528442,edge
3_001_20200728_043138(3),0,0.5694182515144348,0.7365624701858244,0.5694182515144348,band_end
3_001_20200728_043138(3),1,0.6801969408988953,0.7723390504604939,0.6801969408988953,interior
3_001_20200728_043138(3),2,0.6451664566993713,0.8969520504449441,0.6451664566993713,edge
3_001_20200728_043141(5),0,0.6917612552642822,0.7189760253117344,0.6917612552642822,band_end
3_001_20200728_043141(5),1,0.6133348941802979,0.790124238775236,0.6133348941802979,interior
3_001_20200728_043141(5),2,0.7254283428192139,0.7718819293352374,0.7254283428192139,edge
3_001_20200728_083108(2),0,0.7100300192832947,0.7554766833667913,0.7100300192832947,band_end
3_001_20200728_083108(2),1,0.6490340232849121,0.7376104793947167,0.6490340232849121,interior
3_001_20200728_083108(2),2,0.6710696220397949,0.7149742573864672,0.6710696220397949,edge
3_001_20200728_083116(1),0,0.663237452507019,0.5668781868435401,0.663237452507019,band_end
3_001_20200728_083116(1),1,0.6039232015609741,0.5869854715607853,0.6039232015609741,interior
3_001_20200728_083116(1),2,0.6450003981590271,0.588217339285286,0.6450003981590271,edge
3_001_20200728_123129(2),0,0.6237425208091736,0.6612849896406803,0.6237425208091736,band_end
3_001_20200728_123129(2),1,0.6306198239326477,0.6121485688139571,0.6306198239326477,interior
3_001_20200728_123129(2),2,0.6623522639274597,0.7037059335217872,0.6623522639274597,edge
3_001_20200728_123132(4),0,0.6288453936576843,0.7676721959856331,0.6288453936576843,band_end
3_001_20200728_123132(4),1,0.7103722095489502,0.7774006778038505,0.7103722095489502,interior
3_001_20200728_123132(4),2,0.624645471572876,0.7637361084335241,0.624645471572876,edge
3_001_20200728_163910(5),0,0.572439432144165,0.7143709188964922,0.572439432144165,band_end
3_001_20200728_163910(5),1,0.6979004144668579,0.7248994089861661,0.6979004144668579,interior
3_001_20200728_163910(5),2,0.70856773853302,0.6688010491794977,0.70856773853302,edge
3_001_20200728_163913(6),0,0.604344367980957,0.629325269692114,0.604344367980957,band_end
3_001_20200728_163913(6),1,0.5931614637374878,0.8096553629979621,0.5931614637374878,interior
3_001_20200728_163913(6),2,0.5737817883491516,0.786825109633362,0.5737817883491516,edge
3_001_20200810_085043(8),0,0.6986080408096313,0.8276522475760305,0.6986080408096313,band_end
3_001_20200810_085043(8),1,0.7330724000930786,0.8079117107061954,0.7330724000930786,interior
3_001_20200810_085043(8),2,0.6528385877609253,0.7692239206548185,0.6528385877609253,edge
3_001_20200810_123047(8),0,0.7303025126457214,0.6189921804922623,0.7303025126457214,band_end
3_001_20200810_123047(8),1,0.7089722752571106,0.7388697586739889,0.7089722752571106,interior
3_001_20200810_123047(8),2,0.6916859745979309,0.7515704734050782,0.6916859745979309,edge
3_001_20200810_123051(3),0,0.6433263421058655,0.7950169359512711,0.6433263421058655,band_end
3_001_20200810_123051(3),1,0.6235651969909668,0.8452013215325802,0.6235651969909668,interior
3_001_20200810_123051(3),2,0.6264087557792664,0.8100212084897318,0.6264087557792664,edge
3_001_20200810_163112(8),0,0.7113214135169983,0.8051740226629469,0.7113214135169983,band_end
3_001_20200810_163112(8),1,0.6818435788154602,0.8090086450026485,0.6818435788154602,interior
3_001_20200810_163112(8),2,0.6175745725631714,0.7501503950235999,0.6175745725631714,edge
3_001_20200810_163116(0),0,0.6810379028320312,0.5405567644857064,0.6810379028320312,band_end
3_001_20200810_163116(0),1,0.7387779951095581,0.5768695446426702,0.7387779951095581,interior
3_001_20200810_163116(0),2,0.7091147303581238,0.573484320672919,0.7091147303581238,edge
3_001_20200810_203208(7),0,0.6915164589881897,0.670392425126922,0.6915164589881897,band_end
3_001_20200810_203208(7),1,0.7135898470878601,0.6219997576579822,0.7135898470878601,interior
3_001_20200810_203208(7),2,0.5594401359558105,0.6826734680328864,0.5594401359558105,edge
3_001_20200810_203212(6),0,0.7249417304992676,0.6585609940313069,0.7249417304992676,band_end
3_001_20200810_203212(6),1,0.5936508178710938,0.661641205993614,0.5936508178710938,interior
3_001_20200810_203212(6),2,0.6463331580162048,0.7271072739370475,0.6463331580162048,edge
3_001_20200811_003323(2),0,0.5739458799362183,0.7244885382019419,0.5739458799362183,band_end
3_001_20200811_003323(2),1,0.6970577239990234,0.7605716898838678,0.6970577239990234,interior
3_001_20200811_003323(2),2,0.6860055327415466,0.7787939368244677,0.6860055327415466,edge
3_001_20200811_003327(0),0,0.663389265537262,0.6481629883906441,0.663389265537262,band_end
3_001_20200811_003327(0),1,0.5876897573471069,0.7467288393102579,0.5876897573471069,interior
3_001_20200811_003327(0),2,0.588964581489563,0.7780151866983944,0.588964581489563,edge
3_001_20200811_043037(3),0,0.6938377618789673,0.8354355154604137,0.6938377618789673,band_end
3_001_20200811_043037(3),1,0.6440907120704651,0.92121964353633,0.6440907120704651,interior
3_001_20200811_043037(3),2,0.6459246277809143,0.9067793709466667,0.6459246277809143,edge
3_001_20200811_043041(6),0,0.7111090421676636,0.8170344263017735,0.7111090421676636,band_end
3_001_20200811_043041(6),1,0.5914447903633118,0.6941715892268755,0.5914447903633118,interior
3_001_20200811_043041(6),2,0.6755567193031311,0.7213219831334161,0.6755567193031311,edge
3_001_20200815_003438(6),0,0.5790426731109619,0.7601632971262697,0.5790426731109619,band_end
3_001_20200815_003438(6),1,0.6836861371994019,0.8174378201673346,0.6836861371994019,interior
3_001_20200815_003438(6),2,0.5982215404510498,0.7976696606232854,0.5982215404510498,edge
3_001_20200815_003529(0),0,0.5932108163833618,0.6347769762245539,0.5932108163833618,band_end
3_001_20200815_003529(0),1,0.6970100402832031,0.6381989721409471,0.6970100402832031,interior
3_001_20200815_003529(0),2,0.6712167859077454,0.6559535603060103,0.6712167859077454,edge
3_001_20200819_003039(4),0,0.6723321676254272,0.6796086662305663,0.6723321676254272,band_end
3_001_20200819_003039(4),1,0.6282601952552795,0.6328927874565125,0.6282601952552795,interior
3_001_20200819_003039(4),2,0.694248378276825,0.7528676272919163,0.694248378276825,edge
3_001_20200819_003044(1),0,0.6982266902923584,0.6469612071256093,0.6982266902923584,band_end
3_001_20200819_003044(1),1,0.5363697409629822,0.7129216057476991,0.5363697409629822,interior
3_001_20200819_003044(1),2,0.7013393640518188,0.6721864144707818,0.7013393640518188,edge
3_001_20200819_043209(9),0,0.49377840757369995,0.7196952026970911,0.49377840757369995,band_end
3_001_20200819_043209(9),1,0.6434732675552368,0.6910480107180774,0.6434732675552368,interior
3_001_20200819_043209(9),2,0.6412016749382019,0.7193656984775327,0.6412016749382019,edge
3_001_20200819_043216(0),0,0.6523991227149963,0.8537489321627372,0.6523991227149963,band_end
3_001_20200819_043216(0),1,0.6249156594276428,0.7871996991332784,0.6249156594276428,interior
3_001_20200819_043216(0),2,0.6672624945640564,0.8320455080842315,0.6672624945640564,edge
3_001_20200819_083353(5),0,0.6941332817077637,0.6437527593583119,0.6941332817077637,band_end
3_001_20200819_083353(5),1,0.6396381855010986,0.6314289467195686,0.6396381855010986,interior
3_001_20200819_083353(5),2,0.6617847084999084,0.590631949895041,0.6617847084999084,edge
3_001_20200819_083401(0),0,0.6038599014282227,0.5907667087161629,0.6038599014282227,band_end
3_001_20200819_083401(0),1,0.5765816569328308,0.605640579406128,0.5765816569328308,interior
3_001_20200819_083401(0),2,0.6578572988510132,0.622904845968663,0.6578572988510132,edge
3_001_20200819_124414(0),0,0.0,0.4107002117566023,0.65552818775177,band_end
3_001_20200819_124414(0),1,0.5917590856552124,0.5368572949204248,0.5917590856552124,interior
3_001_20200819_124414(0),2,0.6392278075218201,0.5295241112620032,0.6392278075218201,edge
3_001_20200819_124415(9),0,0.6589275598526001,0.7589400548641958,0.6589275598526001,band_end
3_001_20200819_124415(9),1,0.6165517568588257,0.8137008203374204,0.6165517568588257,interior
3_001_20200819_124415(9),2,0.5690333843231201,0.7603652499237998,0.5690333843231201,edge
3_001_20200819_162723(4),0,0.6746717095375061,0.5647386805001627,0.6746717095375061,band_end
3_001_20200819_162723(4),1,0.6126571893692017,0.5961300673094959,0.6126571893692017,interior
3_001_20200819_162723(4),2,0.7026910781860352,0.6164358076982092,0.7026910781860352,edge
3_001_20200826_023328(3),0,0.6663645505905151,0.5053242240032595,0.6663645505905151,band_end
3_001_20200826_023328(3),1,0.0,0.44524225600293627,0.6293455958366394,interior
3_001_20200826_023328(3),2,0.0,0.4489827561322384,0.5697793960571289,edge
3_001_20200826_023332(5),0,0.6819993257522583,0.7647644400841734,0.6819993257522583,band_end
3_001_20200826_023332(5),1,0.6435062885284424,0.7883288674996428,0.6435062885284424,interior
3_001_20200826_023332(5),2,0.6414338946342468,0.7919225115427988,0.6414338946342468,edge
3_001_20200826_043252(8),0,0.6568147540092468,0.8177327265706279,0.6568147540092468,band_end
3_001_20200826_043252(8),1,0.6315738558769226,0.8228598470784135,0.6315738558769226,interior
3_001_20200826_043252(8),2,0.6231443881988525,0.8340568368300428,0.6231443881988525,edge
3_001_20200826_043255(8),0,0.4073755741119385,0.5681960033252835,0.4073755741119385,band_end
3_001_20200826_043255(8),1,0.6643330454826355,0.6863089541438967,0.6643330454826355,interior
3_001_20200826_043255(8),2,0.6450837254524231,0.6965868317250473,0.6450837254524231,edge
3_001_20200826_123711(3),0,0.6678286790847778,0.5763706673541645,0.6678286790847778,band_end
3_001_20200826_123711(3),1,0.5464535355567932,0.7358996835925518,0.5464535355567932,interior
3_001_20200826_123711(3),2,0.5968117713928223,0.7053531380523794,0.5968117713928223,edge
3_001_20200826_123714(5),0,0.6854235529899597,0.7493211922692016,0.6854235529899597,band_end
3_001_20200826_123714(5),1,0.6829997897148132,0.7401145088430672,0.6829997897148132,interior
3_001_20200826_123714(5),2,0.7284857630729675,0.7559772091703487,0.7284857630729675,edge
3_001_20200831_083711(6),0,0.7101331353187561,0.5489777811679698,0.7101331353187561,band_end
3_001_20200831_083711(6),1,0.5975901484489441,0.579977658099066,0.5975901484489441,interior
3_001_20200831_083711(6),2,0.6962792873382568,0.8293151647526098,0.6962792873382568,edge
3_001_20200831_083714(8),0,0.6311637759208679,0.6403391607201252,0.6311637759208679,band_end
3_001_20200831_083714(8),1,0.6426990032196045,0.7433857457596984,0.6426990032196045,interior
3_001_20200831_083714(8),2,0.7339600920677185,0.7373125185908681,0.7339600920677185,edge
3_001_20200831_123316(5),0,0.5794298648834229,0.6539312671771531,0.5794298648834229,band_end
3_001_20200831_123316(5),1,0.6563882827758789,0.6215177922444933,0.6563882827758789,interior
3_001_20200831_123316(5),2,0.7258583307266235,0.6530260572170762,0.7258583307266235,edge
3_001_20200922_163332(2),0,0.6624021530151367,0.5704004193198271,0.6624021530151367,band_end
3_001_20200922_163332(2),1,0.7035505771636963,0.6380189466015042,0.7035505771636963,interior
3_001_20200922_163332(2),2,0.7065616250038147,0.6224579291078355,0.7065616250038147,edge
3_001_20200922_163335(3),0,0.6972324252128601,0.7281818402066808,0.6972324252128601,band_end
3_001_20200922_163335(3),1,0.6484681367874146,0.7410736543454179,0.6484681367874146,interior
3_001_20200922_163335(3),2,0.6624792218208313,0.6797648187642331,0.6624792218208313,edge
