image_id,obj,match_score,max_iou,center_score,kind
1_002_20200622_203053(2),0,0.6906619071960449,0.8158155493478944,0.6906619071960449,band_end
1_002_20200622_203053(2),1,0.6772191524505615,0.5568402883629189,0.6772191524505615,interior
1_002_20200622_203053(2),2,0.6784882545471191,0.5832823355744291,0.6784882545471191,edge
1_002_20200622_203057(3),0,0.7005849480628967,0.628638698349109,0.7005849480628967,band_end
1_002_20200622_203057(3),1,0.6525657773017883,0.7175322458074067,0.6525657773017883,interior
1_002_20200622_203057(3),2,0.7043027877807617,0.7305202636626009,0.7043027877807617,edge
1_002_20200622_203101(3),0,0.6658072471618652,0.5409232908392327,0.6658072471618652,band_end
1_002_20200622_203101(3),1,0.6447586417198181,0.5340537944181813,0.6447586417198181,interior
1_002_20200622_203101(3),2,0.6802046895027161,0.5065673511294798,0.6802046895027161,edge
1_002_20200622_203105(4),0,0.6733346581459045,0.8296041843977762,0.6733346581459045,band_end
1_002_20200622_203105(4),1,0.7193828225135803,0.6917856519531572,0.7193828225135803,interior
1_002_20200622_203105(4),2,0.6754971146583557,0.8016497122040973,0.6754971146583557,edge
1_002_20200622_203109(3),0,0.6872965693473816,0.6310109521236447,0.6872965693473816,band_end
1_002_20200622_203109(3),1,0.6851286292076111,0.6708982184158817,0.6851286292076111,interior
1_002_20200622_203109(3),2,0.6661702990531921,0.7733015629349048,0.6661702990531921,edge
1_002_20200622_203121(4),0,0.691431999206543,0.6689364340810797,0.691431999206543,band_end
1_002_20200622_203121(4),1,0.677832305431366,0.6636019005207345,0.677832305431366,interior
1_002_20200622_203121(4),2,0.6869381070137024,0.6777344102550803,0.6869381070137024,edge
1_002_20200623_003346(4),0,0.6363789439201355,0.7324288502343717,0.6363789439201355,band_end
1_002_20200623_003346(4),1,0.604839026927948,0.6365604301732125,0.604839026927948,interior
1_002_20200623_003346(4),2,0.6399338841438293,0.6995607255115598,0.6399338841438293,edge
1_002_20200623_003350(4),0,0.6089027523994446,0.5941422807606578,0.6089027523994446,band_end
1_002_20200623_003350(4),1,0.6187371611595154,0.698692473054748,0.6187371611595154,interior
1_002_20200623_003350(4),2,0.6155521273612976,0.5900342364402704,0.6155521273612976,edge
1_002_20200623_003354(3),0,0.6163864731788635,0.7154228739933385,0.6163864731788635,band_end
1_002_20200623_003354(3),1,0.6004471182823181,0.7129449930927111,0.6004471182823181,interior
1_002_20200623_003354(3),2,0.6037601232528687,0.6632578425674834,0.6037601232528687,edge
1_002_20200623_003358(2),0,0.5823638439178467,0.6398214104388595,0.5823638439178467,band_end
1_002_20200623_003358(2),1,0.6502300500869751,0.5666789225409461,0.6502300500869751,interior
1_002_20200623_003358(2),2,0.6485520005226135,0.577366927900689,0.6485520005226135,edge
1_002_20200623_003402(2),0,0.6716005802154541,0.6874035495429714,0.6716005802154541,band_end
1_002_20200623_003402(2),1,0.6109846830368042,0.7703256435911555,0.6109846830368042,interior
1_002_20200623_003402(2),2,0.6208786368370056,0.704478707420655,0.6208786368370056,edge
1_002_20200623_003410(2),0,0.5782140493392944,0.5637249604908843,0.5782140493392944,band_end
1_002_20200623_003410(2),1,0.6246798634529114,0.65467380130225,0.6246798634529114,interior
1_002_20200623_003410(2),2,0.5745799541473389,0.6640141364724822,0.5745799541473389,edge
1_002_20200623_043039(3),0,0.6371424198150635,0.8385447815451853,0.6371424198150635,band_end
1_002_20200623_043039(3),1,0.578006386756897,0.902687644196949,0.578006386756897,interior
1_002_20200623_043039(3),2,0.5740845799446106,0.5926991948180415,0.5740845799446106,edge
1_002_20200623_043043(2),0,0.6212441921234131,0.7536513739485142,0.6212441921234131,band_end
1_002_20200623_043043(2),1,0.6744236946105957,0.7463573639046187,0.6744236946105957,interior
1_002_20200623_043043(2),2,0.592856764793396,0.6423322061551217,0.592856764793396,edge
1_002_20200623_043047(2),0,0.0,0.4852862647962037,0.6342145800590515,band_end
1_002_20200623_043047(2),1,0.5906987190246582,0.6705121403124621,0.5906987190246582,interior
1_002_20200623_043047(2),2,0.6304226517677307,0.6537166558757741,0.6304226517677307,edge
1_002_20200623_043051(3),0,0.6139447093009949,0.7116075703879553,0.6139447093009949,band_end
1_002_20200623_043051(3),1,0.5716674327850342,0.7798949626162772,0.5716674327850342,interior
1_002_20200623_043051(3),2,0.607570230960846,0.7220269311054112,0.607570230960846,edge
1_002_20200623_043055(3),0,0.0,0.4903902948291267,0.6496454477310181,band_end
1_002_20200623_043055(3),1,0.5952750444412231,0.7266917929237036,0.5952750444412231,interior
1_002_20200623_043055(3),2,0.6284173130989075,0.5643191858765232,0.6284173130989075,edge
1_002_20200623_043059(4),0,0.616604208946228,0.7158117525241227,0.616604208946228,band_end
1_002_20200623_043059(4),1,0.5951400399208069,0.6804042680421845,0.5951400399208069,interior
1_002_20200623_043059(4),2,0.5570230484008789,0.6775369862715404,0.5570230484008789,edge
1_002_20200623_082258(6),0,0.621489942073822,0.6288503012026666,0.621489942073822,band_end
1_002_20200623_082258(6),1,0.6312704086303711,0.6258465563944522,0.6312704086303711,interior
1_002_20200623_082258(6),2,0.6156476736068726,0.7238975866614276,0.6156476736068726,edge
1_002_20200623_082302(6),0,0.5943703651428223,0.7628138215455968,0.5943703651428223,band_end
1_002_20200623_082302(6),1,0.6303408145904541,0.6174200266998064,0.6303408145904541,interior
1_002_20200623_082302(6),2,0.4771839678287506,0.6667395582486729,0.4771839678287506,edge
1_002_20200623_082306(5),0,0.6722648739814758,0.7649932906628627,0.6722648739814758,band_end
1_002_20200623_082306(5),1,0.6276088953018188,0.6719141820354915,0.6276088953018188,interior
1_002_20200623_082306(5),2,0.5218435525894165,0.7706044042799041,0.5218435525894165,edge
1_002_20200623_082310(6),0,0.6095811724662781,0.658189063183875,0.6095811724662781,band_end
1_002_20200623_082310(6),1,0.6444012522697449,0.6158502172011543,0.6444012522697449,interior
1_002_20200623_082310(6),2,0.5967378616333008,0.6833732189701859,0.5967378616333008,edge
1_002_20200623_082314(4),0,0.6303523182868958,0.5057858277849859,0.6303523182868958,band_end
1_002_20200623_082314(4),1,0.5841390490531921,0.5550506659416986,0.5841390490531921,interior
1_002_20200623_082314(4),2,0.49248433113098145,0.6254496100594754,0.49248433113098145,edge
1_002_20200623_082318(5),0,0.6267335414886475,0.7824105838208836,0.6267335414886475,band_end
1_002_20200623_082318(5),1,0.6127641797065735,0.5056350640870254,0.6127641797065735,interior
1_002_20200623_082318(5),2,0.0,0.44995101284212896,0.6453503966331482,edge
1_002_20200623_123032(7),0,0.5838953852653503,0.6984923707414099,0.5838953852653503,band_end
1_002_20200623_123032(7),1,0.6233871579170227,0.5733891124077258,0.6233871579170227,interior
1_002_20200623_123032(7),2,0.6329141855239868,0.6160722800724505,0.6329141855239868,edge
1_002_20200623_123036(5),0,0.6317635178565979,0.5512719364614294,0.6317635178565979,band_end
1_002_20200623_123036(5),1,0.6072699427604675,0.5535843872735959,0.6072699427604675,interior
1_002_20200623_123036(5),2,0.5974241495132446,0.7923080472419142,0.5974241495132446,edge
1_002_20200623_123040(5),0,0.657066822052002,0.522610325910536,0.657066822052002,band_end
1_002_20200623_123040(5),1,0.5851869583129883,0.6028670829191368,0.5851869583129883,interior
1_002_20200623_123040(5),2,0.6520353555679321,0.6095331161924429,0.6520353555679321,edge
1_002_20200623_123044(3),0,0.6601217985153198,0.7218677535913516,0.6601217985153198,band_end
1_002_20200623_123044(3),1,0.628242015838623,0.6137648572725314,0.628242015838623,interior
1_002_20200623_123044(3),2,0.5778945088386536,0.5755190400546912,0.5778945088386536,edge
1_002_20200623_123048(4),0,0.6506290435791016,0.722644406722394,0.6506290435791016,band_end
1_002_20200623_123048(4),1,0.5891232490539551,0.6280802915123141,0.5891232490539551,interior
1_002_20200623_123048(4),2,0.6221230030059814,0.7111061459565247,0.6221230030059814,edge
1_002_20200623_123052(5),0,0.6119323968887329,0.745815371707793,0.6119323968887329,band_end
1_002_20200623_123052(5),1,0.6186721324920654,0.8236333673430438,0.6186721324920654,interior
1_002_20200623_123052(5),2,0.633138120174408,0.7528039094454361,0.633138120174408,edge
1_002_20200623_163039(5),0,0.55852210521698,0.8317321222327968,0.55852210521698,band_end
1_002_20200623_163039(5),1,0.6329137086868286,0.6027791453923548,0.6329137086868286,interior
1_002_20200623_163039(5),2,0.6337388157844543,0.6686852622130054,0.6337388157844543,edge
1_002_20200623_163043(7),0,0.001444420195184648,0.5805255239228807,0.6129376292228699,band_end
1_002_20200623_163043(7),1,0.6180477738380432,0.7020117464848421,0.6180477738380432,interior
1_002_20200623_163043(7),2,0.6173327565193176,0.9051886838245101,0.6173327565193176,edge
1_002_20200623_163047(6),0,0.6281244158744812,0.6325246507868343,0.6281244158744812,band_end
1_002_20200623_163047(6),1,0.6334893703460693,0.8168918676136906,0.6334893703460693,interior
1_002_20200623_163047(6),2,0.5888843536376953,0.5592421341977508,0.5888843536376953,edge
1_002_20200623_163051(7),0,0.6026896238327026,0.7853121738619459,0.6026896238327026,band_end
1_002_20200623_163051(7),1,0.6262486577033997,0.5932550040656788,0.6262486577033997,interior
1_002_20200623_163051(7),2,0.6034198999404907,0.5576363221267788,0.6034198999404907,edge
1_002_20200623_163055(6),0,0.6489266157150269,0.5627842767105833,0.6489266157150269,band_end
1_002_20200623_163055(6),1,0.6020258665084839,0.512493730128652,0.6020258665084839,interior
1_002_20200623_163055(6),2,0.6413614749908447,0.685527320445441,0.6413614749908447,edge
1_002_20200623_163059(6),0,0.6385413408279419,0.7396259955028406,0.6385413408279419,band_end
1_002_20200623_163059(6),1,0.6167134642601013,0.6176956029077184,0.6167134642601013,interior
1_002_20200623_163059(6),2,0.6096124053001404,0.7854044923941128,0.6096124053001404,edge
1_002_20200623_203040(4),0,0.6354193687438965,0.5325447207128666,0.6354193687438965,band_end
1_002_20200623_203040(4),1,0.5897130370140076,0.5418003951144212,0.5897130370140076,interior
1_002_20200623_203040(4),2,0.6217308640480042,0.7234397803697054,0.6217308640480042,edge
1_002_20200623_203044(0),0,0.0,0.438608788169029,0.6208697557449341,band_end
1_002_20200623_203044(0),1,0.0,0.4831158544544173,0.6130464673042297,interior
1_002_20200623_203044(0),2,0.6357917785644531,0.6644454574509123,0.6357917785644531,edge
1_002_20200623_203047(7),0,0.6223971843719482,0.68559223457345,0.6223971843719482,band_end
1_002_20200623_203047(7),1,0.598433256149292,0.7443691406289021,0.598433256149292,interior
1_002_20200623_203047(7),2,0.6070932149887085,0.7178352659391066,0.6070932149887085,edge
1_002_20200623_203051(2),0,0.6211851835250854,0.7397337026494167,0.6211851835250854,band_end
1_002_20200623_203051(2),1,0.5914406776428223,0.7269151216714831,0.5914406776428223,interior
1_002_20200623_203051(2),2,0.5876109600067139,0.7799877747475217,0.5876109600067139,edge
1_002_20200623_203054(7),0,0.6448450088500977,0.5079899407613532,0.6448450088500977,band_end
1_002_20200623_203054(7),1,0.6543092131614685,0.6975243914553998,0.6543092131614685,interior
1_002_20200623_203054(7),2,0.5127137899398804,0.7025340383658359,0.5127137899398804,edge
1_002_20200623_203058(3),0,0.6447908282279968,0.5956906229498847,0.6447908282279968,band_end
1_002_20200623_203058(3),1,0.6001898646354675,0.5946278373594396,0.6001898646354675,interior
1_002_20200623_203058(3),2,0.6060250997543335,0.7562748365333707,0.6060250997543335,edge
1_002_20200624_003107(0),0,0.6455113291740417,0.6983192643761633,0.6455113291740417,band_end
1_002_20200624_003107(0),1,0.6881705522537231,0.7479236397649058,0.6881705522537231,interior
1_002_20200624_003107(0),2,0.6241874694824219,0.7197838838263249,0.6241874694824219,edge
1_002_20200624_003111(0),0,0.654961109161377,0.7367675081097127,0.654961109161377,band_end
1_002_20200624_003111(0),1,0.625043511390686,0.7549481248782574,0.625043511390686,interior
1_002_20200624_003111(0),2,0.6156818270683289,0.7733667587548241,0.6156818270683289,edge
1_002_20200624_003115(1),0,0.6317415833473206,0.8170486215265255,0.6317415833473206,band_end
1_002_20200624_003115(1),1,0.6388728618621826,0.8446051891143577,0.6388728618621826,interior
1_002_20200624_003115(1),2,0.6191558241844177,0.8898048581367138,0.6191558241844177,edge
1_002_20200624_003119(1),0,0.6129255890846252,0.7275429956074917,0.6129255890846252,band_end
1_002_20200624_003119(1),1,0.6428669691085815,0.6881119446645958,0.6428669691085815,interior
1_002_20200624_003119(1),2,0.6634272336959839,0.7643874916050168,0.6634272336959839,edge
1_002_20200624_003123(1),0,0.6196714639663696,0.618383083981924,0.6196714639663696,band_end
1_002_20200624_003123(1),1,0.641933262348175,0.6318759109595737,0.641933262348175,interior
1_002_20200624_003123(1),2,0.6385752558708191,0.6647237991194073,0.6385752558708191,edge
1_002_20200624_003127(0),0,0.6377495527267456,0.8208038491417055,0.6377495527267456,band_end
1_002_20200624_003127(0),1,0.6397894620895386,0.832170315856951,0.6397894620895386,interior
1_002_20200624_003127(0),2,0.6047964692115784,0.6448557460453876,0.6047964692115784,edge
1_002_20200624_043128(1),0,0.6684302687644958,0.6416186885477465,0.6684302687644958,band_end
1_002_20200624_043128(1),1,0.6072989106178284,0.6833469807692915,0.6072989106178284,interior
1_002_20200624_043128(1),2,0.6064808368682861,0.7366536080802597,0.6064808368682861,edge
1_002_20200624_043132(2),0,0.6716880202293396,0.6229472096263402,0.6716880202293396,band_end
1_002_20200624_043132(2),1,0.6088829040527344,0.7354944026985692,0.6088829040527344,interior
1_002_20200624_043132(2),2,0.6337392926216125,0.735834085433433,0.6337392926216125,edge
1_002_20200624_043136(1),0,0.6617366075515747,0.643837948352427,0.6617366075515747,band_end
1_002_20200624_043136(1),1,0.5956968665122986,0.659515879592861,0.5956968665122986,interior
1_002_20200624_043136(1),2,0.5943948030471802,0.626476546348421,0.5943948030471802,edge
1_002_20200624_043140(2),0,0.693880021572113,0.651224569997732,0.693880021572113,band_end
1_002_20200624_043140(2),1,0.5678611397743225,0.6391962728230283,0.5678611397743225,interior
1_002_20200624_043140(2),2,0.628888726234436,0.5917039691722705,0.628888726234436,edge
1_002_20200624_043144(2),0,0.6578535437583923,0.6320629424141097,0.6578535437583923,band_end
1_002_20200624_043144(2),1,0.6477225422859192,0.735336336024933,0.6477225422859192,interior
1_002_20200624_043144(2),2,0.6489477157592773,0.5278910520088081,0.6489477157592773,edge
1_002_20200624_043148(1),0,0.6597052812576294,0.8069137593481281,0.6597052812576294,band_end
1_002_20200624_043148(1),1,0.6413599848747253,0.6828222746155818,0.6413599848747253,interior
1_002_20200624_043148(1),2,0.6207712292671204,0.7842786234460868,0.6207712292671204,edge
1_002_20200624_083045(5),0,0.6088895201683044,0.6097067850438849,0.6088895201683044,band_end
1_002_20200624_083045(5),1,0.617603600025177,0.6586224531592201,0.617603600025177,interior
1_002_20200624_083045(5),2,0.6458852887153625,0.732087692392176,0.6458852887153625,edge
1_002_20200624_083049(6),0,0.6511088609695435,0.7645224388833375,0.6511088609695435,band_end
1_002_20200624_083049(6),1,0.6436060070991516,0.6176648301461993,0.6436060070991516,interior
1_002_20200624_083049(6),2,0.5884695649147034,0.7460404644799837,0.5884695649147034,edge
1_002_20200624_083053(3),0,0.5985959768295288,0.7577797026778387,0.5985959768295288,band_end
1_002_20200624_083053(3),1,0.6474829912185669,0.8077220094863504,0.6474829912185669,interior
1_002_20200624_083053(3),2,0.5939032435417175,0.8534070642827255,0.5939032435417175,edge
1_002_20200624_083057(4),0,0.6209786534309387,0.5642494909020818,0.6209786534309387,band_end
1_002_20200624_083057(4),1,0.622367262840271,0.6189018983393908,0.622367262840271,interior
1_002_20200624_083057(4),2,0.6239948868751526,0.6654771857240622,0.6239948868751526,edge
1_002_20200624_083101(4),0,0.6153371334075928,0.7471338630049736,0.6153371334075928,band_end
1_002_20200624_083101(4),1,0.6195043325424194,0.752582474067224,0.6195043325424194,interior
1_002_20200624_083101(4),2,0.5662882328033447,0.7760953227968266,0.5662882328033447,edge
1_002_20200624_083105(5),0,0.5735726356506348,0.7028684886492702,0.5735726356506348,band_end
1_002_20200624_083105(5),1,0.6369372606277466,0.839139068825987,0.6369372606277466,interior
1_002_20200624_083105(5),2,0.612362265586853,0.8422205600067854,0.612362265586853,edge
1_002_20200624_123122(6),0,0.669364869594574,0.6904557681650482,0.669364869594574,band_end
1_002_20200624_123122(6),1,0.6809895038604736,0.636961716977068,0.6809895038604736,interior
1_002_20200624_123122(6),2,0.6054841876029968,0.6745960578173165,0.6054841876029968,edge
1_002_20200624_123126(4),0,0.6526816487312317,0.5227135581768736,0.6526816487312317,band_end
1_002_20200624_123126(4),1,0.6688700914382935,0.5684366612944268,0.6688700914382935,interior
1_002_20200624_123126(4),2,0.6592392921447754,0.6479261746629619,0.6592392921447754,edge
1_002_20200624_123129(9),0,0.6011081337928772,0.7569950977351474,0.6011081337928772,band_end
1_002_20200624_123129(9),1,0.545333206653595,0.8361657034351467,0.545333206653595,interior
1_002_20200624_123129(9),2,0.5950132012367249,0.7209750252237666,0.5950132012367249,edge
1_002_20200624_123133(0),0,0.6430447697639465,0.5920117981056137,0.6430447697639465,band_end
1_002_20200624_123133(0),1,0.613947331905365,0.6940451965371197,0.613947331905365,interior
1_002_20200624_123133(0),2,0.587246835231781,0.6551369160413547,0.587246835231781,edge
1_002_20200624_123136(5),0,0.6499621868133545,0.6889359146172618,0.6499621868133545,band_end
1_002_20200624_123136(5),1,0.633345901966095,0.7582097341784361,0.633345901966095,interior
1_002_20200624_123136(5),2,0.6630420684814453,0.8826485174143766,0.6630420684814453,edge
1_002_20200624_123143(7),0,0.6230677962303162,0.647932179019341,0.6230677962303162,band_end
1_002_20200624_123143(7),1,0.6885878443717957,0.6559035331010818,0.6885878443717957,interior
1_002_20200624_123143(7),2,0.5533508062362671,0.6865326563764205,0.5533508062362671,edge
1_002_20200624_162522(0),0,0.7083092331886292,0.797324782697273,0.7083092331886292,band_end
1_002_20200624_162522(0),1,0.6412665843963623,0.8714463367232673,0.6412665843963623,interior
1_002_20200624_162522(0),2,0.6244761347770691,0.8112345807816603,0.6244761347770691,edge
1_002_20200624_162527(8),0,0.6612988710403442,0.7811143698483418,0.6612988710403442,band_end
1_002_20200624_162527(8),1,0.575071394443512,0.8080171898054178,0.575071394443512,interior
1_002_20200624_162527(8),2,0.6280038952827454,0.7838042711335685,0.6280038952827454,edge
1_002_20200624_162531(7),0,0.6702866554260254,0.7674353610873061,0.6702866554260254,band_end
1_002_20200624_162531(7),1,0.6208329200744629,0.7135516852547695,0.6208329200744629,interior
1_002_20200624_162531(7),2,0.5768707990646362,0.6115418225912811,0.5768707990646362,edge
1_002_20200624_162536(8),0,0.644366979598999,0.6523589423499337,0.644366979598999,band_end
1_002_20200624_162536(8),1,0.6589145064353943,0.7412305769993595,0.6589145064353943,interior
1_002_20200624_162536(8),2,0.595568060874939,0.6805441336919447,0.595568060874939,edge
1_002_20200624_162540(3),0,0.6130948662757874,0.5974951122196013,0.6130948662757874,band_end
1_002_20200624_162540(3),1,0.6045563817024231,0.5019506203243509,0.6045563817024231,interior
1_002_20200624_162540(3),2,0.6031884551048279,0.7422445588060289,0.6031884551048279,edge
1_002_20200624_162543(7),0,0.6459444761276245,0.5971938973132591,0.6459444761276245,band_end
1_002_20200624_162543(7),1,0.6216782331466675,0.5241072217750391,0.6216782331466675,interior
1_002_20200624_162543(7),2,0.6241779327392578,0.5076911728335263,0.6241779327392578,edge
1_002_20200624_203003(9),0,0.6723147034645081,0.6196128571561227,0.6723147034645081,band_end
1_002_20200624_203003(9),1,0.5880218744277954,0.6959760962562531,0.5880218744277954,interior
1_002_20200624_203003(9),2,0.6044402718544006,0.6783727412286696,0.6044402718544006,edge
1_002_20200624_203012(9),0,0.6613712906837463,0.8266111804130201,0.6613712906837463,band_end
1_002_20200624_203012(9),1,0.6144307255744934,0.6065323265417564,0.6144307255744934,interior
1_002_20200624_203012(9),2,0.6542428135871887,0.7525611373676605,0.6542428135871887,edge
1_002_20200624_203017(4),0,0.6341200470924377,0.6579729261296332,0.6341200470924377,band_end
1_002_20200624_203017(4),1,0.5955929756164551,0.6889816375981809,0.5955929756164551,interior
1_002_20200624_203017(4),2,0.0,0.4643732036523234,0.6186226010322571,edge
1_002_20200624_203021(9),0,0.6369149088859558,0.6828510705903936,0.6369149088859558,band_end
1_002_20200624_203021(9),1,0.593917965888977,0.7455803556396718,0.593917965888977,interior
1_002_20200624_203021(9),2,0.5971896052360535,0.6934732969850301,0.5971896052360535,edge
1_002_20200624_203026(4),0,0.6501107215881348,0.708885608142337,0.6501107215881348,band_end
1_002_20200624_203026(4),1,0.6623870134353638,0.7754054313411958,0.6623870134353638,interior
1_002_20200624_203026(4),2,0.5896376371383667,0.6192186793421446,0.5896376371383667,edge
1_002_20200624_203044(4),0,0.622910737991333,0.7739080485887826,0.622910737991333,band_end
1_002_20200624_203044(4),1,0.5742874145507812,0.5541615891871449,0.5742874145507812,interior
1_002_20200624_203044(4),2,0.6044129133224487,0.5824469306202413,0.6044129133224487,edge
1_002_20200625_003116(4),0,0.6050222516059875,0.741817896121557,0.6050222516059875,band_end
1_002_20200625_003116(4),1,0.5644628405570984,0.6902657788770631,0.5644628405570984,interior
1_002_20200625_003116(4),2,0.5814666152000427,0.6857385053018772,0.5814666152000427,edge
1_002_20200625_003120(7),0,0.0,0.45604344504244765,0.5720956325531006,band_end
1_002_20200625_003120(7),1,0.5142868757247925,0.5279059631344801,0.5142868757247925,interior
1_002_20200625_003120(7),2,0.5882183909416199,0.5167580907801529,0.5882183909416199,edge
1_002_20200625_003125(4),0,0.5717036128044128,0.5787729813427969,0.5717036128044128,band_end
1_002_20200625_003125(4),1,0.5277996063232422,0.737930866076865,0.5277996063232422,interior
1_002_20200625_003125(4),2,0.5023437142372131,0.698708072699475,0.5023437142372131,edge
1_002_20200625_003130(0),0,0.5754831433296204,0.7247630153722714,0.5754831433296204,band_end
1_002_20200625_003130(0),1,0.6043145656585693,0.8643770986020829,0.6043145656585693,interior
1_002_20200625_003130(0),2,0.5490789413452148,0.8221713184111441,0.5490789413452148,edge
1_002_20200625_003134(4),0,0.5502503514289856,0.6313198323612547,0.5502503514289856,band_end
1_002_20200625_003134(4),1,0.526044487953186,0.7823435734188969,0.526044487953186,interior
1_002_20200625_003134(4),2,0.49246862530708313,0.6618766930471556,0.49246862530708313,edge
1_002_20200625_003139(0),0,0.5591914653778076,0.7448413564324384,0.5591914653778076,band_end
1_002_20200625_003139(0),1,0.590025782585144,0.823149010193638,0.590025782585144,interior
1_002_20200625_003139(0),2,0.6064985990524292,0.6403480001049211,0.6064985990524292,edge
1_002_20200625_042934(9),0,0.5603806376457214,0.7046681963402233,0.5603806376457214,band_end
1_002_20200625_042934(9),1,0.5632185339927673,0.6950700828462572,0.5632185339927673,interior
1_002_20200625_042934(9),2,0.5769827365875244,0.6954585591191643,0.5769827365875244,edge
1_002_20200625_042939(2),0,0.5836952924728394,0.8194780138695469,0.5836952924728394,band_end
1_002_20200625_042939(2),1,0.5078496336936951,0.6276004595502136,0.5078496336936951,interior
1_002_20200625_042939(2),2,0.5199452638626099,0.8327747996061285,0.5199452638626099,edge
1_002_20200625_042943(7),0,0.5663877129554749,0.6679689182558817,0.5663877129554749,band_end
1_002_20200625_042943(7),1,0.5180159211158752,0.6810304652040262,0.5180159211158752,interior
1_002_20200625_042943(7),2,0.5684970021247864,0.6055243458830413,0.5684970021247864,edge
1_002_20200625_042948(3),0,0.5714330673217773,0.7130261847664506,0.5714330673217773,band_end
1_002_20200625_042948(3),1,0.5877769589424133,0.8295371562847822,0.5877769589424133,interior
1_002_20200625_042948(3),2,0.5832153558731079,0.588053260936126,0.5832153558731079,edge
1_002_20200625_042952(8),0,0.577907145023346,0.9033860646401911,0.577907145023346,band_end
1_002_20200625_042952(8),1,0.5655683279037476,0.595678992188451,0.5655683279037476,interior
1_002_20200625_042952(8),2,0.6295390725135803,0.9103710458464148,0.6295390725135803,edge
1_002_20200625_042957(3),0,0.5712504386901855,0.5768124469279509,0.5712504386901855,band_end
1_002_20200625_042957(3),1,0.5205600261688232,0.6994672663963122,0.5205600261688232,interior
1_002_20200625_042957(3),2,0.5310485363006592,0.6640384946856648,0.5310485363006592,edge
1_002_20200714_042641(8),0,0.0,0.4476536661197881,0.6461755037307739,band_end
1_002_20200714_042641(8),1,0.5578423142433167,0.5729669192840644,0.5578423142433167,interior
1_002_20200714_042641(8),2,0.5634766221046448,0.6289465719752841,0.5634766221046448,edge
1_002_20200714_083054(2),0,0.5894336104393005,0.5018330601294171,0.5894336104393005,band_end
1_002_20200714_083054(2),1,0.5067402720451355,0.7763454752688238,0.5067402720451355,interior
1_002_20200714_083054(2),2,0.5371343493461609,0.6537189886883527,0.5371343493461609,edge
1_002_20200714_083057(5),0,0.0,0.4851913450272212,0.5879544019699097,band_end
1_002_20200714_083057(5),1,0.5217850804328918,0.6159459192941475,0.5217850804328918,interior
1_002_20200714_083057(5),2,0.5335304737091064,0.6091376709887669,0.5335304737091064,edge
1_002_20200714_083101(7),0,0.5562201142311096,0.7476468570628929,0.5562201142311096,band_end
1_002_20200714_083101(7),1,0.5874858498573303,0.6951596692881801,0.5874858498573303,interior
1_002_20200714_083101(7),2,0.5048691034317017,0.5924514608109966,0.5048691034317017,edge
1_002_20200714_083106(2),0,0.5607592463493347,0.7745134694531527,0.5607592463493347,band_end
1_002_20200714_083106(2),1,0.5753793120384216,0.7515568155104734,0.5753793120384216,interior
1_002_20200714_083106(2),2,0.5379976630210876,0.5323746646315106,0.5379976630210876,edge
1_002_20200714_083110(8),0,0.5717149376869202,0.7761807438469432,0.5717149376869202,band_end
1_002_20200714_083110(8),1,0.589410126209259,0.647095509263327,0.589410126209259,interior
1_002_20200714_083110(8),2,0.5239518284797668,0.7446056480917956,0.5239518284797668,edge
1_002_20200714_083115(1),0,0.5968106985092163,0.5391025202499119,0.5968106985092163,band_end
1_002_20200714_083115(1),1,0.5190255641937256,0.8500032308123385,0.5190255641937256,interior
1_002_20200714_083115(1),2,0.5904541611671448,0.8001365490368475,0.5904541611671448,edge
1_002_20200714_123109(8),0,0.6225319504737854,0.529311571983133,0.6225319504737854,band_end
1_002_20200714_123109(8),1,0.5496879816055298,0.7469217366124199,0.5496879816055298,interior
1_002_20200714_123109(8),2,0.5892249941825867,0.7371900382905057,0.5892249941825867,edge
1_002_20200714_123113(1),0,0.6081243753433228,0.6517230276166468,0.6081243753433228,band_end
1_002_20200714_123113(1),1,0.516800045967102,0.6431718546165709,0.516800045967102,interior
1_002_20200714_123113(1),2,0.533959686756134,0.7450722845599959,0.533959686756134,edge
1_002_20200714_123117(3),0,0.556247889995575,0.6848801336603202,0.556247889995575,band_end
1_002_20200714_123117(3),1,0.4860517680644989,0.6134353704433291,0.4860517680644989,interior
1_002_20200714_123117(3),2,0.58009272813797,0.7624681196748722,0.58009272813797,edge
1_002_20200714_123120(4),0,0.5652360320091248,0.7484947943321778,0.5652360320091248,band_end
1_002_20200714_123120(4),1,0.5200467109680176,0.7811571923213336,0.5200467109680176,interior
1_002_20200714_123120(4),2,0.5053864121437073,0.7475655971110747,0.5053864121437073,edge
1_002_20200714_123123(5),0,0.5722639560699463,0.6089429681112,0.5722639560699463,band_end
1_002_20200714_123123(5),1,0.5794721841812134,0.6967908285655031,0.5794721841812134,interior
1_002_20200714_123123(5),2,0.6078187227249146,0.7263366486058024,0.6078187227249146,edge
1_002_20200714_123126(4),0,0.5125592350959778,0.8363127045265353,0.5125592350959778,band_end
1_002_20200714_123126(4),1,0.5134372711181641,0.8821202360833965,0.5134372711181641,interior
1_002_20200714_123126(4),2,0.5313273072242737,0.7450615207183826,0.5313273072242737,edge
1_002_20200714_163046(2),0,0.5804787278175354,0.6115790909901261,0.5804787278175354,band_end
1_002_20200714_163046(2),1,0.59989333152771,0.837538727594836,0.59989333152771,interior
1_002_20200714_163046(2),2,0.5604174733161926,0.7623054554936531,0.5604174733161926,edge
1_002_20200714_163049(8),0,0.5931612849235535,0.5492554195139074,0.5931612849235535,band_end
1_002_20200714_163049(8),1,0.5482844114303589,0.6469646175500426,0.5482844114303589,interior
1_002_20200714_163049(8),2,0.5350220799446106,0.6402000089894927,0.5350220799446106,edge
1_002_20200714_163053(5),0,0.5850977301597595,0.6739758142389248,0.5850977301597595,band_end
1_002_20200714_163053(5),1,0.5412557125091553,0.6837978793737538,0.5412557125091553,interior
1_002_20200714_163053(5),2,0.6504459381103516,0.7430978879410832,0.6504459381103516,edge
1_002_20200714_163056(8),0,0.5684388875961304,0.6667044466022741,0.5684388875961304,band_end
1_002_20200714_163056(8),1,0.5962425470352173,0.7487921956150482,0.5962425470352173,interior
1_002_20200714_163056(8),2,0.5971642136573792,0.6587540857749467,0.5971642136573792,edge
1_002_20200714_163100(2),0,0.576046884059906,0.5059902171805013,0.576046884059906,band_end
1_002_20200714_163100(2),1,0.4797358810901642,0.7491347729645306,0.4797358810901642,interior
1_002_20200714_163100(2),2,0.5740428566932678,0.7295839023442503,0.5740428566932678,edge
1_002_20200714_163103(5),0,0.6104793548583984,0.5845965974892505,0.6104793548583984,band_end
1_002_20200714_163103(5),1,0.5765041708946228,0.7249432655547821,0.5765041708946228,interior
1_002_20200714_163103(5),2,0.5796892046928406,0.7625436975387856,0.5796892046928406,edge
1_002_20200714_225756(0),0,0.596847414970398,0.810357884682082,0.596847414970398,band_end
1_002_20200714_225756(0),1,0.5753726363182068,0.7202219404749416,0.5753726363182068,interior
1_002_20200714_225756(0),2,0.5583212971687317,0.7308242321760815,0.5583212971687317,edge
1_002_20200714_225759(8),0,0.5818626284599304,0.7994337107986211,0.5818626284599304,band_end
1_002_20200714_225759(8),1,0.4888208210468292,0.6788843922041828,0.4888208210468292,interior
1_002_20200714_225759(8),2,0.5402795076370239,0.7717910250303922,0.5402795076370239,edge
1_002_20200714_225803(3),0,0.5940215587615967,0.6577606569322701,0.5940215587615967,band_end
1_002_20200714_225803(3),1,0.5413657426834106,0.6139307284373736,0.5413657426834106,interior
1_002_20200714_225803(3),2,0.5501253008842468,0.741575291787751,0.5501253008842468,edge
1_002_20200714_225807(3),0,0.0,0.4902039149410796,0.6168494820594788,band_end
1_002_20200714_225807(3),1,0.5296196341514587,0.6474693092802125,0.5296196341514587,interior
1_002_20200714_225807(3),2,0.5857813358306885,0.7075922733987103,0.5857813358306885,edge
1_002_20200714_225810(5),0,0.5626142621040344,0.6803642674294207,0.5626142621040344,band_end
1_002_20200714_225810(5),1,0.5577797889709473,0.8549313413864679,0.5577797889709473,interior
1_002_20200714_225810(5),2,0.5774953961372375,0.806312244211817,0.5774953961372375,edge
1_002_20200714_225817(4),0,0.5790688395500183,0.6142190115063324,0.5790688395500183,band_end
1_002_20200714_225817(4),1,0.4923129975795746,0.7018181549762262,0.4923129975795746,interior
1_002_20200714_225817(4),2,0.5275369882583618,0.6923018350734994,0.5275369882583618,edge
1_002_20200905_123103(4),0,0.6699239611625671,0.6781735364920312,0.6699239611625671,band_end
1_002_20200905_123103(4),1,0.655360221862793,0.7293937803219539,0.655360221862793,interior
1_002_20200905_123103(4),2,0.6489735841751099,0.7774734130827451,0.6489735841751099,edge
1_002_20200905_123107(5),0,0.6687788963317871,0.6554196020588279,0.6687788963317871,band_end
1_002_20200905_123107(5),1,0.6512390971183777,0.7010704468173737,0.6512390971183777,interior
1_002_20200905_123107(5),2,0.6761445999145508,0.7282155245712025,0.6761445999145508,edge
1_002_20200905_123111(6),0,0.6587880849838257,0.7065726531529595,0.6587880849838257,band_end
1_002_20200905_123111(6),1,0.676327109336853,0.7484925636051486,0.676327109336853,interior
1_002_20200905_123111(6),2,0.6501332521438599,0.7908885919341478,0.6501332521438599,edge
1_002_20200905_163920(4),0,0.686149537563324,0.6670115735720504,0.686149537563324,band_end
1_002_20200905_163920(4),1,0.6723264455795288,0.6561987571485588,0.6723264455795288,interior
1_002_20200905_163920(4),2,0.5974082946777344,0.6415597245261919,0.5974082946777344,edge
1_002_20200905_163924(2),0,0.612922728061676,0.705544402986696,0.612922728061676,band_end
1_002_20200905_163924(2),1,0.674806535243988,0.7327075595571376,0.674806535243988,interior
1_002_20200905_163924(2),2,0.6939737796783447,0.7540642070240893,0.6939737796783447,edge
1_002_20200905_163928(3),0,0.6647723317146301,0.6561158028915585,0.6647723317146301,band_end
1_002_20200905_163928(3),1,0.6637494564056396,0.7144952786603184,0.6637494564056396,interior
1_002_20200905_163928(3),2,0.6855457425117493,0.7250182699327368,0.6855457425117493,edge
1_002_20200905_163932(3),0,0.6821457743644714,0.7420989744326411,0.6821457743644714,band_end
1_002_20200905_163932(3),1,0.6698805093765259,0.686994181178549,0.6698805093765259,interior
1_002_20200905_163932(3),2,0.6401881575584412,0.7379631040248645,0.6401881575584412,edge
1_002_20200905_163936(3),0,0.6909144520759583,0.8121442902853349,0.6909144520759583,band_end
1_002_20200905_163936(3),1,0.6561585664749146,0.7982278421185185,0.6561585664749146,interior
1_002_20200905_163936(3),2,0.7039574384689331,0.6967047618504147,0.7039574384689331,edge
1_002_20200905_163940(2),0,0.6054714918136597,0.7366618224439129,0.6054714918136597,band_end
1_002_20200905_163940(2),1,0.6587908267974854,0.7863863409110536,0.6587908267974854,interior
1_002_20200905_163940(2),2,0.6699253916740417,0.8519083540931365,0.6699253916740417,edge
1_002_20200905_203836(3),0,0.6707350015640259,0.6898273465730561,0.6707350015640259,band_end
1_002_20200905_203836(3),1,0.6855223178863525,0.6799961965945537,0.6855223178863525,interior
1_002_20200905_203836(3),2,0.637233316898346,0.7491010045972928,0.637233316898346,edge
1_002_20200905_203840(3),0,0.7158308625221252,0.8491572261171919,0.7158308625221252,band_end
1_002_20200905_203840(3),1,0.6647849678993225,0.726788329548748,0.6647849678993225,interior
1_002_20200905_203840(3),2,0.7022961974143982,0.7874737227623975,0.7022961974143982,edge
1_002_20200905_203844(2),0,0.647598922252655,0.5978275190346495,0.647598922252655,band_end
1_002_20200905_203844(2),1,0.6936563849449158,0.649553941766734,0.6936563849449158,interior
1_002_20200905_203844(2),2,0.710460364818573,0.6103655635145155,0.710460364818573,edge
1_002_20200905_203848(4),0,0.6679416298866272,0.81383357749631,0.6679416298866272,band_end
1_002_20200905_203848(4),1,0.643010139465332,0.817624675652152,0.643010139465332,interior
1_002_20200905_203848(4),2,0.6694674491882324,0.7570839297617155,0.6694674491882324,edge
1_002_20200905_203856(3),0,0.0,0.4549255880016732,0.6766096949577332,band_end
1_002_20200905_203856(3),1,0.6730656027793884,0.6071887244224832,0.6730656027793884,interior
1_002_20200905_203856(3),2,0.6891286373138428,0.6095893243234101,0.6891286373138428,edge
1_002_20200905_203900(3),0,0.64927077293396,0.8230223005482306,0.64927077293396,band_end
1_002_20200905_203900(3),1,0.6799948215484619,0.8531696167368449,0.6799948215484619,interior
1_002_20200905_203900(3),2,0.6989820599555969,0.8325067836675887,0.6989820599555969,edge
1_002_20200906_003059(0),0,0.6750413775444031,0.7404256156407081,0.6750413775444031,band_end
1_002_20200906_003059(0),1,0.6778067946434021,0.6688856241411003,0.6778067946434021,interior
1_002_20200906_003059(0),2,0.633939266204834,0.6760243555699855,0.633939266204834,edge
1_002_20200906_003114(8),0,0.7002424597740173,0.7086026150086384,0.7002424597740173,band_end
1_002_20200906_003114(8),1,0.7278242707252502,0.653295533369199,0.7278242707252502,interior
1_002_20200906_003114(8),2,0.6603207588195801,0.6893125333826904,0.6603207588195801,edge
1_002_20200906_003118(7),0,0.6732065081596375,0.8691942743895484,0.6732065081596375,band_end
1_002_20200906_003118(7),1,0.6832817792892456,0.8073092562057458,0.6832817792892456,interior
1_002_20200906_003118(7),2,0.6772427558898926,0.8443759681307534,0.6772427558898926,edge
1_002_20200906_003122(7),0,0.707076907157898,0.7242850911936632,0.707076907157898,band_end
1_002_20200906_003122(7),1,0.6982918381690979,0.8102856454338998,0.6982918381690979,interior
1_002_20200906_003122(7),2,0.6589054465293884,0.7865157266327703,0.6589054465293884,edge
1_002_20200906_003126(8),0,0.7390133738517761,0.7282289511135478,0.7390133738517761,band_end
1_002_20200906_003126(8),1,0.6968712210655212,0.6540188797309882,0.6968712210655212,interior
1_002_20200906_003126(8),2,0.6901543140411377,0.6919670642930716,0.6901543140411377,edge
1_002_20200906_003132(7),0,0.7432017922401428,0.549427521081372,0.7432017922401428,band_end
1_002_20200906_003132(7),1,0.6411124467849731,0.5804520140490654,0.6411124467849731,interior
1_002_20200906_003132(7),2,0.6571033000946045,0.5594768410418293,0.6571033000946045,edge
2_002_20200622_203136(3),0,0.6847699880599976,0.7657561529949717,0.6847699880599976,band_end
2_002_20200622_203136(3),1,0.7037678956985474,0.5352327618600786,0.7037678956985474,interior
2_002_20200622_203136(3),2,0.6665787100791931,0.5971510906421625,0.6665787100791931,edge
2_002_20200622_203140(8),0,0.696749210357666,0.7486655505252837,0.696749210357666,band_end
2_002_20200622_203140(8),1,0.6847335696220398,0.7721377015966341,0.6847335696220398,interior
2_002_20200622_203140(8),2,0.7257175445556641,0.7157501505038886,0.7257175445556641,edge
2_002_20200622_203145(3),0,0.655718982219696,0.8554364583373844,0.655718982219696,band_end
2_002_20200622_203145(3),1,0.6319440007209778,0.8793490471613251,0.6319440007209778,interior
2_002_20200622_203145(3),2,0.6807383298873901,0.7410655186712634,0.6807383298873901,edge
2_002_20200622_203149(8),0,0.6998310685157776,0.7422139652153877,0.6998310685157776,band_end
2_002_20200622_203149(8),1,0.661113440990448,0.6362036316612468,0.661113440990448,interior
2_002_20200622_203149(8),2,0.6554247140884399,0.7777167983291416,0.6554247140884399,edge
2_002_20200622_203154(3),0,0.6628014445304871,0.6165853669654668,0.6628014445304871,band_end
2_002_20200622_203154(3),1,0.6760992407798767,0.7939274391662814,0.6760992407798767,interior
2_002_20200622_203154(3),2,0.7004112601280212,0.6244381842825145,0.7004112601280212,edge
2_002_20200622_203158(8),0,0.6541747450828552,0.8040855619562286,0.6541747450828552,band_end
2_002_20200622_203158(8),1,0.6825212240219116,0.8327040448099984,0.6825212240219116,interior
2_002_20200622_203158(8),2,0.6669223308563232,0.8054359025599341,0.6669223308563232,edge
2_002_20200623_003351(2),0,0.7329750657081604,0.8869597875090282,0.7329750657081604,band_end
2_002_20200623_003351(2),1,0.6292279362678528,0.8950205159854449,0.6292279362678528,interior
2_002_20200623_003351(2),2,0.6944661736488342,0.9116776282416736,0.6944661736488342,edge
2_002_20200623_003355(7),0,0.6707407236099243,0.7857219187010863,0.6707407236099243,band_end
2_002_20200623_003355(7),1,0.6459104418754578,0.6764472453740902,0.6459104418754578,interior
2_002_20200623_003355(7),2,0.7220398783683777,0.7291411287477378,0.7220398783683777,edge
2_002_20200623_003400(2),0,0.7243197560310364,0.6040077273979559,0.7243197560310364,band_end
2_002_20200623_003400(2),1,0.7089769840240479,0.6640840251898661,0.7089769840240479,interior
2_002_20200623_003400(2),2,0.7113621830940247,0.71449399479551,0.7113621830940247,edge
2_002_20200623_003404(7),0,0.7126308083534241,0.7994080260572586,0.7126308083534241,band_end
2_002_20200623_003404(7),1,0.6630051732063293,0.7392489163472235,0.6630051732063293,interior
2_002_20200623_003404(7),2,0.7072635293006897,0.7422642339155201,0.7072635293006897,edge
2_002_20200623_003409(2),0,0.685394287109375,0.6109146156559021,0.685394287109375,band_end
2_002_20200623_003409(2),1,0.6972819566726685,0.6731954135386492,0.6972819566726685,interior
2_002_20200623_003409(2),2,0.6982210278511047,0.5054737492026596,0.6982210278511047,edge
2_002_20200623_003413(7),0,0.7050939798355103,0.8271029924976719,0.7050939798355103,band_end
2_002_20200623_003413(7),1,0.6955268979072571,0.7871902316124851,0.6955268979072571,interior
2_002_20200623_003413(7),2,0.660904586315155,0.8197740525215235,0.660904586315155,edge
2_002_20200623_043056(0),0,0.6890765428543091,0.8256847745702613,0.6890765428543091,band_end
2_002_20200623_043056(0),1,0.6876118779182434,0.7829794352174168,0.6876118779182434,interior
2_002_20200623_043056(0),2,0.6691685914993286,0.7664442498056223,0.6691685914993286,edge
2_002_20200623_043100(6),0,0.7256148457527161,0.7001822972522547,0.7256148457527161,band_end
2_002_20200623_043100(6),1,0.674251914024353,0.8309189679716591,0.674251914024353,interior
2_002_20200623_043100(6),2,0.6741544008255005,0.6993063684269089,0.6741544008255005,edge
2_002_20200623_043105(0),0,0.7253095507621765,0.7464028019148606,0.7253095507621765,band_end
2_002_20200623_043105(0),1,0.6685649156570435,0.6801652536137408,0.6685649156570435,interior
2_002_20200623_043105(0),2,0.6624802350997925,0.7548140395934192,0.6624802350997925,edge
2_002_20200623_043109(4),0,0.6858243346214294,0.524808966499262,0.6858243346214294,band_end
2_002_20200623_043109(4),1,0.6529462337493896,0.5143392742974863,0.6529462337493896,interior
2_002_20200623_043109(4),2,0.7090111374855042,0.7249634066681137,0.7090111374855042,edge
2_002_20200623_043115(4),0,0.0,0.427182646360427,0.6953129172325134,band_end
2_002_20200623_043115(4),1,0.7149537205696106,0.8502446698830481,0.7149537205696106,interior
2_002_20200623_043115(4),2,0.7647666931152344,0.7075267653575023,0.7647666931152344,edge
2_002_20200623_043120(0),0,0.6846698522567749,0.7321160207117987,0.6846698522567749,band_end
2_002_20200623_043120(0),1,0.6567721366882324,0.6400959640833221,0.6567721366882324,interior
2_002_20200623_043120(0),2,0.6991643905639648,0.8145169018472931,0.6991643905639648,edge
2_002_20200623_082249(3),0,0.591707170009613,0.5404611691697555,0.591707170009613,band_end
2_002_20200623_082249(3),1,0.6931637525558472,0.6456991824476669,0.6931637525558472,interior
2_002_20200623_082249(3),2,0.6516504883766174,0.5420673620244192,0.6516504883766174,edge
2_002_20200623_082253(8),0,0.692518949508667,0.642484880957908,0.692518949508667,band_end
2_002_20200623_082253(8),1,0.6338496208190918,0.5885695713934385,0.6338496208190918,interior
2_002_20200623_082253(8),2,0.7576848864555359,0.7710054956262793,0.7576848864555359,edge
2_002_20200623_082258(4),0,0.7148087024688721,0.7454752861072865,0.7148087024688721,band_end
2_002_20200623_082258(4),1,0.6867668032646179,0.5964790563577097,0.6867668032646179,interior
2_002_20200623_082258(4),2,0.6631887555122375,0.7577712266659753,0.6631887555122375,edge
2_002_20200623_082302(7),0,0.7300911545753479,0.5415238767774281,0.7300911545753479,band_end
2_002_20200623_082302(7),1,0.6766281127929688,0.5094137346834912,0.6766281127929688,interior
2_002_20200623_082302(7),2,0.0,0.49131993914658534,0.7346018552780151,edge
2_002_20200623_082307(2),0,0.6686952710151672,0.8965816181116564,0.6686952710151672,band_end
2_002_20200623_082307(2),1,0.6589757800102234,0.7952813499472533,0.6589757800102234,interior
2_002_20200623_082307(2),2,0.677155077457428,0.7302280274783333,0.677155077457428,edge
2_002_20200623_082311(8),0,0.7083927392959595,0.6201806504796582,0.7083927392959595,band_end
2_002_20200623_082311(8),1,0.6278193593025208,0.760648267952582,0.6278193593025208,interior
2_002_20200623_082311(8),2,0.6738474369049072,0.7842755387130118,0.6738474369049072,edge
2_002_20200623_123042(0),0,0.6667324304580688,0.5230891985004655,0.6667324304580688,band_end
2_002_20200623_123042(0),1,0.6475353240966797,0.6851289530162414,0.6475353240966797,interior
2_002_20200623_123042(0),2,0.6465831398963928,0.5422714816766284,0.6465831398963928,edge
2_002_20200623_123046(4),0,0.6676716804504395,0.72881537333489,0.6676716804504395,band_end
2_002_20200623_123046(4),1,0.6031959652900696,0.6523695164445211,0.6031959652900696,interior
2_002_20200623_123046(4),2,0.6776598691940308,0.7258921208362143,0.6776598691940308,edge
2_002_20200623_123051(1),0,0.6301720142364502,0.7992147150780536,0.6301720142364502,band_end
2_002_20200623_123051(1),1,0.6691811084747314,0.9254276169965817,0.6691811084747314,interior
2_002_20200623_123051(1),2,0.6771629452705383,0.7804489425986751,0.6771629452705383,edge
2_002_20200623_123055(5),0,0.7210234999656677,0.6400177023097745,0.7210234999656677,band_end
2_002_20200623_123055(5),1,0.7057620882987976,0.7350865355951505,0.7057620882987976,interior
2_002_20200623_123055(5),2,0.6747224926948547,0.658189687402534,0.6747224926948547,edge
2_002_20200623_123100(0),0,0.6621719002723694,0.7492595482973877,0.6621719002723694,band_end
2_002_20200623_123100(0),1,0.6901680827140808,0.7131235189884099,0.6901680827140808,interior
2_002_20200623_123100(0),2,0.6646555066108704,0.7159822126236459,0.6646555066108704,edge
2_002_20200623_123104(5),0,0.6443353295326233,0.7632852718640688,0.6443353295326233,band_end
2_002_20200623_123104(5),1,0.6649923920631409,0.6893912413233795,0.6649923920631409,interior
2_002_20200623_123104(5),2,0.670417070388794,0.667817223041974,0.670417070388794,edge
2_002_20200623_163020(3),0,0.7490405440330505,0.8715778820654306,0.7490405440330505,band_end
2_002_20200623_163020(3),1,0.5951868295669556,0.8805848820607247,0.5951868295669556,interior
2_002_20200623_163020(3),2,0.6902934312820435,0.8897243946805611,0.6902934312820435,edge
2_002_20200623_163023(3),0,0.6881398558616638,0.5871346826897934,0.6881398558616638,band_end
2_002_20200623_163023(3),1,0.6580227017402649,0.6088593627520216,0.6580227017402649,interior
2_002_20200623_163023(3),2,0.70985347032547,0.5435647673387495,0.70985347032547,edge
2_002_20200623_163026(3),0,0.683142364025116,0.5582455295093712,0.683142364025116,band_end
2_002_20200623_163026(3),1,0.6683115363121033,0.6770322925231239,0.6683115363121033,interior
2_002_20200623_163026(3),2,0.6569868922233582,0.6885265683200931,0.6569868922233582,edge
2_002_20200623_163029(6),0,0.6942474246025085,0.7515751792814506,0.6942474246025085,band_end
2_002_20200623_163029(6),1,0.6767059564590454,0.7655154113767116,0.6767059564590454,interior
2_002_20200623_163029(6),2,0.6935171484947205,0.7476815943723593,0.6935171484947205,edge
2_002_20200623_163032(5),0,0.7179461717605591,0.8099440453559523,0.7179461717605591,band_end
2_002_20200623_163032(5),1,0.6736689805984497,0.6873300811488944,0.6736689805984497,interior
2_002_20200623_163032(5),2,0.6477818489074707,0.5385287649364923,0.6477818489074707,edge
2_002_20200623_163035(5),0,0.698370635509491,0.7261880925794317,0.698370635509491,band_end
2_002_20200623_163035(5),1,0.696541965007782,0.6637616185676676,0.696541965007782,interior
2_002_20200623_163035(5),2,0.6754847168922424,0.6046224479680401,0.6754847168922424,edge
2_002_20200623_203033(6),0,0.7274584174156189,0.6976731003546858,0.7274584174156189,band_end
2_002_20200623_203033(6),1,0.6841209530830383,0.7229822259216148,0.6841209530830383,interior
2_002_20200623_203033(6),2,0.688949465751648,0.7547241218826024,0.688949465751648,edge
2_002_20200623_203038(0),0,0.6904973983764648,0.8352596390446333,0.6904973983764648,band_end
2_002_20200623_203038(0),1,0.6615841388702393,0.7592236586972466,0.6615841388702393,interior
2_002_20200623_203038(0),2,0.6831464767456055,0.8668551312836755,0.6831464767456055,edge
2_002_20200623_203042(5),0,0.7025400400161743,0.6039939830620767,0.7025400400161743,band_end
2_002_20200623_203042(5),1,0.6647844910621643,0.7677893868142136,0.6647844910621643,interior
2_002_20200623_203042(5),2,0.6786152720451355,0.741039487758348,0.6786152720451355,edge
2_002_20200623_203047(0),0,0.6934905052185059,0.6432911665288253,0.6934905052185059,band_end
2_002_20200623_203047(0),1,0.6640223860740662,0.8377842110016276,0.6640223860740662,interior
2_002_20200623_203047(0),2,0.7229325175285339,0.8133753812855877,0.7229325175285339,edge
2_002_20200623_203050(0),0,0.671538233757019,0.7741919055724494,0.671538233757019,band_end
2_002_20200623_203050(0),1,0.6717349290847778,0.7875849427303637,0.6717349290847778,interior
2_002_20200623_203050(0),2,0.6827327013015747,0.8221497379402767,0.6827327013015747,edge
2_002_20200623_203054(6),0,0.7049000263214111,0.7667654547534284,0.7049000263214111,band_end
2_002_20200623_203054(6),1,0.6686710119247437,0.713079044412554,0.6686710119247437,interior
2_002_20200623_203054(6),2,0.6418849229812622,0.7552724522925236,0.6418849229812622,edge
2_002_20200624_003115(6),0,0.6853748559951782,0.8105090996848529,0.6853748559951782,band_end
2_002_20200624_003115(6),1,0.6183177828788757,0.6971414269223916,0.6183177828788757,interior
2_002_20200624_003115(6),2,0.6553286910057068,0.8109800846062049,0.6553286910057068,edge
2_002_20200624_003118(6),0,0.643347978591919,0.7481702584552914,0.643347978591919,band_end
2_002_20200624_003118(6),1,0.6240443587303162,0.869294069985497,0.6240443587303162,interior
2_002_20200624_003118(6),2,0.6012336611747742,0.8640244918933604,0.6012336611747742,edge
2_002_20200624_003123(0),0,0.5975204706192017,0.7304292180468068,0.5975204706192017,band_end
2_002_20200624_003123(0),1,0.6583303213119507,0.7893014780674652,0.6583303213119507,interior
2_002_20200624_003123(0),2,0.6040400862693787,0.7835532581491135,0.6040400862693787,edge
2_002_20200624_003127(5),0,0.6291030049324036,0.6707513893279489,0.6291030049324036,band_end
2_002_20200624_003127(5),1,0.6371611952781677,0.7655333346581764,0.6371611952781677,interior
2_002_20200624_003127(5),2,0.6349799036979675,0.6489377162816786,0.6349799036979675,edge
2_002_20200624_003132(0),0,0.6299656629562378,0.6494553646966859,0.6299656629562378,band_end
2_002_20200624_003132(0),1,0.6987574696540833,0.7105140071090217,0.6987574696540833,interior
2_002_20200624_003132(0),2,0.6263938546180725,0.8367169627280184,0.6263938546180725,edge
2_002_20200624_003136(5),0,0.6167852878570557,0.8776150813231841,0.6167852878570557,band_end
2_002_20200624_003136(5),1,0.6739568114280701,0.9471393554127755,0.6739568114280701,interior
2_002_20200624_003136(5),2,0.605851948261261,0.6173771924230358,0.605851948261261,edge
2_002_20200624_043136(9),0,0.6392039060592651,0.7753520490852712,0.6392039060592651,band_end
2_002_20200624_043136(9),1,0.6566247344017029,0.8468455676658018,0.6566247344017029,interior
2_002_20200624_043136(9),2,0.6571810841560364,0.7904826394076034,0.6571810841560364,edge
2_002_20200624_043141(4),0,0.6210835576057434,0.7983974516583483,0.6210835576057434,band_end
2_002_20200624_043141(4),1,0.6437093615531921,0.7977419083075804,0.6437093615531921,interior
2_002_20200624_043141(4),2,0.6198924779891968,0.7693654360641996,0.6198924779891968,edge
2_002_20200624_043145(8),0,0.6149978041648865,0.7495659317748171,0.6149978041648865,band_end
2_002_20200624_043145(8),1,0.5959242582321167,0.7940616146525282,0.5959242582321167,interior
2_002_20200624_043145(8),2,0.5916432738304138,0.718323777084618,0.5916432738304138,edge
2_002_20200624_043150(3),0,0.5982344746589661,0.662672291254692,0.5982344746589661,band_end
2_002_20200624_043150(3),1,0.624370813369751,0.7095978829290542,0.624370813369751,interior
2_002_20200624_043150(3),2,0.6282349228858948,0.8308117187382358,0.6282349228858948,edge
2_002_20200624_043154(8),0,0.6221436262130737,0.6798941513679013,0.6221436262130737,band_end
2_002_20200624_043154(8),1,0.62403404712677,0.7482330504113867,0.62403404712677,interior
2_002_20200624_043154(8),2,0.621574878692627,0.8448722255437031,0.621574878692627,edge
2_002_20200624_043159(4),0,0.6183987855911255,0.6675429469460564,0.6183987855911255,band_end
2_002_20200624_043159(4),1,0.6456980109214783,0.6299144281761563,0.6456980109214783,interior
2_002_20200624_043159(4),2,0.6897903680801392,0.6928379239278624,0.6897903680801392,edge
2_002_20200624_083032(4),0,0.6247815489768982,0.718352959306003,0.6247815489768982,band_end
2_002_20200624_083032(4),1,0.6340987086296082,0.787597111906302,0.6340987086296082,interior
2_002_20200624_083032(4),2,0.5962296724319458,0.5626560518374826,0.5962296724319458,edge
2_002_20200624_083036(9),0,0.5615357756614685,0.639124717414787,0.5615357756614685,band_end
2_002_20200624_083036(9),1,0.5985638499259949,0.7576897487244111,0.5985638499259949,interior
2_002_20200624_083036(9),2,0.5989183783531189,0.7285975237692348,0.5989183783531189,edge
2_002_20200624_083041(3),0,0.6801588535308838,0.6660408578516733,0.6801588535308838,band_end
2_002_20200624_083041(3),1,0.6261942386627197,0.7870015470152435,0.6261942386627197,interior
2_002_20200624_083041(3),2,0.6010575294494629,0.7784822662830481,0.6010575294494629,edge
2_002_20200624_083045(8),0,0.6580924987792969,0.699121213817796,0.6580924987792969,band_end
2_002_20200624_083045(8),1,0.6052588224411011,0.6728128175942722,0.6052588224411011,interior
2_002_20200624_083045(8),2,0.6294642090797424,0.7611180502105696,0.6294642090797424,edge
2_002_20200624_083050(4),0,0.5836962461471558,0.7893928165419347,0.5836962461471558,band_end
2_002_20200624_083050(4),1,0.6092681288719177,0.7873657175762909,0.6092681288719177,interior
2_002_20200624_083050(4),2,0.6435039639472961,0.7268175877260845,0.6435039639472961,edge
2_002_20200624_083054(9),0,0.6208069324493408,0.6148494377516264,0.6208069324493408,band_end
2_002_20200624_083054(9),1,0.6552709341049194,0.8134371035116997,0.6552709341049194,interior
2_002_20200624_083054(9),2,0.6862573623657227,0.8044237809987053,0.6862573623657227,edge
2_002_20200624_123144(0),0,0.6238947510719299,0.7862442658332719,0.6238947510719299,band_end
2_002_20200624_123144(0),1,0.6207048892974854,0.6933548576456408,0.6207048892974854,interior
2_002_20200624_123144(0),2,0.6406320333480835,0.7119715750450268,0.6406320333480835,edge
2_002_20200624_123148(2),0,0.6607170104980469,0.6694078015615091,0.6607170104980469,band_end
2_002_20200624_123148(2),1,0.6202297210693359,0.6537295781414617,0.6202297210693359,interior
2_002_20200624_123148(2),2,0.6360459923744202,0.7458183455512525,0.6360459923744202,edge
2_002_20200624_123152(7),0,0.6176952123641968,0.6671290463021607,0.6176952123641968,band_end
2_002_20200624_123152(7),1,0.6032318472862244,0.700440259132136,0.6032318472862244,interior
2_002_20200624_123152(7),2,0.6067421436309814,0.7031738899227591,0.6067421436309814,edge
2_002_20200624_123157(4),0,0.6155726313591003,0.7114682930420261,0.6155726313591003,band_end
2_002_20200624_123157(4),1,0.6766077280044556,0.7982627146623351,0.6766077280044556,interior
2_002_20200624_123157(4),2,0.6894866824150085,0.8908803417158949,0.6894866824150085,edge
2_002_20200624_123201(7),0,0.6470979452133179,0.6318325887480419,0.6470979452133179,band_end
2_002_20200624_123201(7),1,0.627748966217041,0.7258450175434142,0.627748966217041,interior
2_002_20200624_123201(7),2,0.0,0.48984761377034547,0.6453607678413391,edge
2_002_20200624_123206(2),0,0.6456296443939209,0.7044413309288998,0.6456296443939209,band_end
2_002_20200624_123206(2),1,0.5958011746406555,0.6875338892964229,0.5958011746406555,interior
2_002_20200624_123206(2),2,0.6436550617218018,0.6427950943887364,0.6436550617218018,edge
2_002_20200624_162708(9),0,0.6229668855667114,0.8033114311277493,0.6229668855667114,band_end
2_002_20200624_162708(9),1,0.6378134489059448,0.8313423447688801,0.6378134489059448,interior
2_002_20200624_162708(9),2,0.6445779204368591,0.8642875087453977,0.6445779204368591,edge
2_002_20200624_162713(4),0,0.6240806579589844,0.7516133366190046,0.6240806579589844,band_end
2_002_20200624_162713(4),1,0.6529186964035034,0.7678268274810582,0.6529186964035034,interior
2_002_20200624_162713(4),2,0.5723789930343628,0.6797042501315572,0.5723789930343628,edge
2_002_20200624_162717(9),0,0.6761305332183838,0.6247452351180921,0.6761305332183838,band_end
2_002_20200624_162717(9),1,0.7057035565376282,0.7720612496698122,0.7057035565376282,interior
2_002_20200624_162717(9),2,0.6301074624061584,0.7701086880825544,0.6301074624061584,edge
2_002_20200624_162722(4),0,0.6311303377151489,0.7827969101647313,0.6311303377151489,band_end
2_002_20200624_162722(4),1,0.6638669967651367,0.7114747276180619,0.6638669967651367,interior
2_002_20200624_162722(4),2,0.5975107550621033,0.7533077726454616,0.5975107550621033,edge
2_002_20200624_203111(4),0,0.6152359247207642,0.7385881950520261,0.6152359247207642,band_end
2_002_20200624_203111(4),1,0.6251692771911621,0.855812434219901,0.6251692771911621,interior
2_002_20200624_203111(4),2,0.6164907217025757,0.7555421268974243,0.6164907217025757,edge
2_002_20200624_203114(3),0,0.6488932371139526,0.7870869931963831,0.6488932371139526,band_end
2_002_20200624_203114(3),1,0.6309223175048828,0.699907281090939,0.6309223175048828,interior
2_002_20200624_203114(3),2,0.5555917620658875,0.7746642738591527,0.5555917620658875,edge
2_002_20200624_203117(3),0,0.6757009029388428,0.8340646559462929,0.6757009029388428,band_end
2_002_20200624_203117(3),1,0.6512212753295898,0.578381887708719,0.6512212753295898,interior
2_002_20200624_203117(3),2,0.5865108370780945,0.8288958052685014,0.5865108370780945,edge
2_002_20200624_203120(3),0,0.66424560546875,0.7458257668553306,0.66424560546875,band_end
2_002_20200624_203120(3),1,0.6467682123184204,0.7693014480603653,0.6467682123184204,interior
2_002_20200624_203120(3),2,0.6100678443908691,0.7401826377524067,0.6100678443908691,edge
2_002_20200624_203123(3),0,0.6605013012886047,0.72470260821551,0.6605013012886047,band_end
2_002_20200624_203123(3),1,0.6122089624404907,0.7279148637317121,0.6122089624404907,interior
2_002_20200624_203123(3),2,0.6281076669692993,0.6915364667991967,0.6281076669692993,edge
2_002_20200624_203126(3),0,0.6088635921478271,0.7170006363755922,0.6088635921478271,band_end
2_002_20200624_203126(3),1,0.627098023891449,0.7137739346004449,0.627098023891449,interior
2_002_20200624_203126(3),2,0.667140007019043,0.7874664738764869,0.667140007019043,edge
2_002_20200625_003352(9),0,0.6907278299331665,0.7224682428557531,0.6907278299331665,band_end
2_002_20200625_003352(9),1,0.7237611413002014,0.7554824195966563,0.7237611413002014,interior
2_002_20200625_003352(9),2,0.722926139831543,0.6029522409881047,0.722926139831543,edge
2_002_20200625_003357(4),0,0.7216365933418274,0.6471668227138759,0.7216365933418274,band_end
2_002_20200625_003357(4),1,0.7172321081161499,0.6435851224617225,0.7172321081161499,interior
2_002_20200625_003357(4),2,0.6902714967727661,0.6448486776503433,0.6902714967727661,edge
2_002_20200625_003401(8),0,0.737328827381134,0.828780996149992,0.737328827381134,band_end
2_002_20200625_003401(8),1,0.7076894640922546,0.6620724440577268,0.7076894640922546,interior
2_002_20200625_003401(8),2,0.6800625324249268,0.670402377464018,0.6800625324249268,edge
2_002_20200625_003406(3),0,0.7079797983169556,0.5907063786684598,0.7079797983169556,band_end
2_002_20200625_003406(3),1,0.6752310395240784,0.691653086150317,0.6752310395240784,interior
2_002_20200625_003406(3),2,0.6427417397499084,0.5791604739536882,0.6427417397499084,edge
2_002_20200625_003410(8),0,0.6692970395088196,0.7261189162736031,0.6692970395088196,band_end
2_002_20200625_003410(8),1,0.7007104158401489,0.75441069049346,0.7007104158401489,interior
2_002_20200625_003410(8),2,0.6134377717971802,0.7310300533710293,0.6134377717971802,edge
2_002_20200625_003415(4),0,0.6724214553833008,0.6446756903972468,0.6724214553833008,band_end
2_002_20200625_003415(4),1,0.680647075176239,0.6692685586214858,0.680647075176239,interior
2_002_20200625_003415(4),2,0.6914517283439636,0.7242726257178511,0.6914517283439636,edge
2_002_20200831_163149(1),0,0.0,0.49760131381489303,0.6957336664199829,band_end
2_002_20200831_163149(1),1,0.6999901533126831,0.5914876399657377,0.6999901533126831,interior
2_002_20200831_163149(1),2,0.6562812924385071,0.5756827818896197,0.6562812924385071,edge
2_002_20200831_163150(6),0,0.6702805757522583,0.9207599576315838,0.6702805757522583,band_end
2_002_20200831_163150(6),1,0.681078314781189,0.8682155920783345,0.681078314781189,interior
2_002_20200831_163150(6),2,0.7233395576477051,0.8721491930371333,0.7233395576477051,edge
2_002_20200831_203101(4),0,0.680614709854126,0.66637924930567,0.680614709854126,band_end
2_002_20200831_203101(4),1,0.6866442561149597,0.7309501299011161,0.6866442561149597,interior
2_002_20200831_203101(4),2,0.6790441870689392,0.8116504637187016,0.6790441870689392,edge
2_002_20200831_203105(9),0,0.686953067779541,0.6078989712584109,0.686953067779541,band_end
2_002_20200831_203105(9),1,0.6832788586616516,0.6279898723068661,0.6832788586616516,interior
2_002_20200831_203105(9),2,0.6964453458786011,0.6807283611538362,0.6964453458786011,edge
2_002_20200904_230054(2),0,0.7033768892288208,0.8474169287695459,0.7033768892288208,band_end
2_002_20200904_230054(2),1,0.6630914807319641,0.8431881704827273,0.6630914807319641,interior
2_002_20200904_230054(2),2,0.6709438562393188,0.8252061295020987,0.6709438562393188,edge
2_002_20200904_230057(6),0,0.6380524039268494,0.8038354860508403,0.6380524039268494,band_end
2_002_20200904_230057(6),1,0.6942684650421143,0.8310022954734219,0.6942684650421143,interior
2_002_20200904_230057(6),2,0.6684938669204712,0.7806123993217344,0.6684938669204712,edge
2_002_20200904_230105(4),0,0.6733468174934387,0.674925409496479,0.6733468174934387,band_end
2_002_20200904_230105(4),1,0.6403261423110962,0.6622097063528514,0.6403261423110962,interior
2_002_20200904_230105(4),2,0.6616780757904053,0.6889837854062493,0.6616780757904053,edge
2_002_20200905_003315(2),0,0.7025454044342041,0.8322322126870197,0.7025454044342041,band_end
2_002_20200905_003315(2),1,0.692808210849762,0.7035105083861982,0.692808210849762,interior
2_002_20200905_003315(2),2,0.6749644875526428,0.7893998810268167,0.6749644875526428,edge
2_002_20200905_003319(2),0,0.6343986988067627,0.7427768156140783,0.6343986988067627,band_end
2_002_20200905_003319(2),1,0.666958749294281,0.8992335235423038,0.666958749294281,interior
2_002_20200905_003319(2),2,0.6382840871810913,0.8883616138151532,0.6382840871810913,edge
2_002_20200905_003323(3),0,0.6625291109085083,0.7470551142186707,0.6625291109085083,band_end
2_002_20200905_003323(3),1,0.6856729388237,0.8019796849127736,0.6856729388237,interior
2_002_20200905_003323(3),2,0.6800635457038879,0.7905841687864854,0.6800635457038879,edge
2_002_20200905_003327(3),0,0.6994998455047607,0.9048348871966548,0.6994998455047607,band_end
2_002_20200905_003327(3),1,0.6904565691947937,0.9154794146678873,0.6904565691947937,interior
2_002_20200905_003327(3),2,0.6468199491500854,0.8814957622844849,0.6468199491500854,edge
2_002_20200905_003331(2),0,0.6697384119033813,0.7717974864983921,0.6697384119033813,band_end
2_002_20200905_003331(2),1,0.6830491423606873,0.8119079109440202,0.6830491423606873,interior
2_002_20200905_003331(2),2,0.687584400177002,0.749776740034766,0.687584400177002,edge
2_002_20200905_003335(3),0,0.683936595916748,0.8680567072937967,0.683936595916748,band_end
2_002_20200905_003335(3),1,0.6917237043380737,0.8224878098936739,0.6917237043380737,interior
2_002_20200905_003335(3),2,0.6794676780700684,0.8288275984579554,0.6794676780700684,edge
2_002_20200905_043156(0),0,0.645963728427887,0.6446826185343241,0.645963728427887,band_end
2_002_20200905_043156(0),1,0.6702134013175964,0.7499555071267989,0.6702134013175964,interior
2_002_20200905_043156(0),2,0.601801872253418,0.8385742025972525,0.601801872253418,edge
2_002_20200905_043200(0),0,0.6641783118247986,0.6346672104641157,0.6641783118247986,band_end
2_002_20200905_043200(0),1,0.6735109090805054,0.7358645524301869,0.6735109090805054,interior
2_002_20200905_043200(0),2,0.6694760918617249,0.694143340632171,0.6694760918617249,edge
2_002_20200905_043204(0),0,0.6599010229110718,0.7220725867334274,0.6599010229110718,band_end
2_002_20200905_043204(0),1,0.6805890202522278,0.8107179273981686,0.6805890202522278,interior
2_002_20200905_043204(0),2,0.7345620393753052,0.7975210809527704,0.7345620393753052,edge
2_002_20200905_043208(0),0,0.6872283816337585,0.5817210113001324,0.6872283816337585,band_end
2_002_20200905_043208(0),1,0.6963130235671997,0.6619391532262325,0.6963130235671997,interior
2_002_20200905_043208(0),2,0.6782521605491638,0.5990663943846128,0.6782521605491638,edge
2_002_20200905_043212(1),0,0.6935800313949585,0.5548170586968397,0.6935800313949585,band_end
2_002_20200905_043212(1),1,0.678543210029602,0.6243439860879445,0.678543210029602,interior
2_002_20200905_043212(1),2,0.6730825304985046,0.6348089862198044,0.6730825304985046,edge
2_002_20200905_043216(0),0,0.6625472903251648,0.8038507588791849,0.6625472903251648,band_end
2_002_20200905_043216(0),1,0.668857753276825,0.7788836182579747,0.668857753276825,interior
2_002_20200905_043216(0),2,0.6842790246009827,0.8439955329059504,0.6842790246009827,edge
2_002_20200905_083407(3),0,0.6473201513290405,0.7724913148527582,0.6473201513290405,band_end
2_002_20200905_083407(3),1,0.7241278290748596,0.7509422152986795,0.7241278290748596,interior
2_002_20200905_083407(3),2,0.6720669269561768,0.7464890309765656,0.6720669269561768,edge
2_002_20200905_083410(5),0,0.6501456499099731,0.8427686946925207,0.6501456499099731,band_end
2_002_20200905_083410(5),1,0.6906496286392212,0.8712101243025595,0.6906496286392212,interior
2_002_20200905_083410(5),2,0.6881459951400757,0.8874977272897104,0.6881459951400757,edge
2_002_20200905_083413(6),0,0.6981566548347473,0.5051764708564656,0.6981566548347473,band_end
2_002_20200905_083413(6),1,0.6957815885543823,0.5864002032503638,0.6957815885543823,interior
2_002_20200905_083413(6),2,0.6208931803703308,0.5468162974993276,0.6208931803703308,edge
2_002_20200905_083416(3),0,0.6298211216926575,0.5828324100550063,0.6298211216926575,band_end
2_002_20200905_083416(3),1,0.6757264137268066,0.66265516344114,0.6757264137268066,interior
2_002_20200905_083416(3),2,0.6925123333930969,0.8141465490964029,0.6925123333930969,edge
2_002_20200905_083419(3),0,0.6830881237983704,0.5909107127351753,0.6830881237983704,band_end
2_002_20200905_083419(3),1,0.6973646879196167,0.6582742167946106,0.6973646879196167,interior
2_002_20200905_083419(3),2,0.6785617470741272,0.712322713576418,0.6785617470741272,edge
2_002_20200905_083422(4),0,0.66463702917099,0.8582032346791425,0.66463702917099,band_end
2_002_20200905_083422(4),1,0.7141150236129761,0.8317594138798491,0.7141150236129761,interior
2_002_20200905_083422(4),2,0.6829705834388733,0.8064418575223646,0.6829705834388733,edge
2_002_20200905_123055(0),0,0.669816255569458,0.5577735976827894,0.669816255569458,band_end
2_002_20200905_123055(0),1,0.6946261525154114,0.5202746957032456,0.6946261525154114,interior
2_002_20200905_123055(0),2,0.6804903745651245,0.5271269515869093,0.6804903745651245,edge
2_002_20200905_123058(4),0,0.713006854057312,0.701615634294957,0.713006854057312,band_end
2_002_20200905_123058(4),1,0.6999896764755249,0.7376513732958332,0.6999896764755249,interior
2_002_20200905_123058(4),2,0.6623333096504211,0.6819011512389862,0.6623333096504211,edge
2_002_20200905_123102(0),0,0.6456296443939209,0.5371167753834896,0.6456296443939209,band_end
2_002_20200905_123102(0),1,0.683936595916748,0.6035128518509892,0.683936595916748,interior
2_002_20200905_123102(0),2,0.6797309517860413,0.5916330864616812,0.6797309517860413,edge
2_002_20200905_123105(0),0,0.733710527420044,0.6870513066332934,0.733710527420044,band_end
2_002_20200905_123105(0),1,0.7097259163856506,0.6907865303413316,0.7097259163856506,interior
2_002_20200905_123105(0),2,0.6534703373908997,0.6777337420616812,0.6534703373908997,edge
2_002_20200905_123108(4),0,0.6955848932266235,0.7712266764262591,0.6955848932266235,band_end
2_002_20200905_123108(4),1,0.6932345628738403,0.801051665704388,0.6932345628738403,interior
2_002_20200905_123108(4),2,0.6839732527732849,0.7846902070630009,0.6839732527732849,edge
2_002_20200905_123112(0),0,0.7147785425186157,0.6978419891156087,0.7147785425186157,band_end
2_002_20200905_123112(0),1,0.6944254040718079,0.7467721756308122,0.6944254040718079,interior
2_002_20200905_123112(0),2,0.6507869958877563,0.7371729682757311,0.6507869958877563,edge
2_002_20200905_163922(9),0,0.6849480867385864,0.6015731238997345,0.6849480867385864,band_end
2_002_20200905_163922(9),1,0.6670690178871155,0.6009404147989774,0.6670690178871155,interior
2_002_20200905_163922(9),2,0.6802356243133545,0.6081587868665369,0.6802356243133545,edge
2_002_20200905_163926(4),0,0.6484429836273193,0.7454449839385476,0.6484429836273193,band_end
2_002_20200905_163926(4),1,0.7038423418998718,0.8196302019038684,0.7038423418998718,interior
2_002_20200905_163926(4),2,0.6757386922836304,0.6925470096147275,0.6757386922836304,edge
2_002_20200905_163929(7),0,0.6699753403663635,0.6406456213459832,0.6699753403663635,band_end
2_002_20200905_163929(7),1,0.6635729670524597,0.7014391638366864,0.6635729670524597,interior
2_002_20200905_163929(7),2,0.6401989459991455,0.7211034907899835,0.6401989459991455,edge
2_002_20200905_163932(9),0,0.6608198285102844,0.8386829268257623,0.6608198285102844,band_end
2_002_20200905_163932(9),1,0.6792968511581421,0.846647586906901,0.6792968511581421,interior
2_002_20200905_163932(9),2,0.6362141966819763,0.7910138469616285,0.6362141966819763,edge
2_002_20200905_163936(2),0,0.6514353156089783,0.8640603569164798,0.6514353156089783,band_end
2_002_20200905_163936(2),1,0.6945152878761292,0.8841933530440311,0.6945152878761292,interior
2_002_20200905_163936(2),2,0.6721882224082947,0.8196433700032099,0.6721882224082947,edge
2_002_20200905_163939(7),0,0.6687862873077393,0.6418974324321454,0.6687862873077393,band_end
2_002_20200905_163939(7),1,0.6848328709602356,0.6614824747413899,0.6848328709602356,interior
2_002_20200905_163939(7),2,0.7116818428039551,0.7063701567349321,0.7116818428039551,edge
2_002_20200905_204033(3),0,0.6964043974876404,0.6867147189934648,0.6964043974876404,band_end
2_002_20200905_204033(3),1,0.675851583480835,0.6761865445011174,0.675851583480835,interior
2_002_20200905_204033(3),2,0.6742821335792542,0.6231620279400837,0.6742821335792542,edge
2_002_20200905_204039(5),0,0.6774113774299622,0.9105864729506086,0.6774113774299622,band_end
2_002_20200905_204039(5),1,0.6775780320167542,0.8711527039743147,0.6775780320167542,interior
2_002_20200905_204039(5),2,0.6668829321861267,0.8429785915564693,0.6668829321861267,edge
2_002_20200905_204042(9),0,0.6970510482788086,0.629399685602519,0.6970510482788086,band_end
2_002_20200905_204042(9),1,0.6621655821800232,0.5894441897245766,0.6621655821800232,interior
2_002_20200905_204042(9),2,0.7207632064819336,0.6061225834027274,0.7207632064819336,edge
2_002_20200905_204046(0),0,0.6496188044548035,0.6400398626359026,0.6496188044548035,band_end
2_002_20200905_204046(0),1,0.6678084135055542,0.7132430414474488,0.6678084135055542,interior
2_002_20200905_204046(0),2,0.6956899166107178,0.7846179065416529,0.6956899166107178,edge
2_002_20200905_204049(1),0,0.7048211693763733,0.559500730806714,0.7048211693763733,band_end
2_002_20200905_204049(1),1,0.7103744149208069,0.5352137703248371,0.7103744149208069,interior
2_002_20200905_204049(1),2,0.7203528881072998,0.5273238994231491,0.7203528881072998,edge
2_002_20200905_204052(3),0,0.6999285221099854,0.578095682518312,0.6999285221099854,band_end
2_002_20200905_204052(3),1,0.7153683304786682,0.69512813069213,0.7153683304786682,interior
2_002_20200905_204052(3),2,0.6620422601699829,0.6741297504361559,0.6620422601699829,edge
2_002_20200906_003114(0),0,0.717004656791687,0.6896393963349207,0.717004656791687,band_end
2_002_20200906_003114(0),1,0.6560576558113098,0.774874091357776,0.6560576558113098,interior
2_002_20200906_003114(0),2,0.6554245948791504,0.8087439684818721,0.6554245948791504,edge
2_002_20200906_003117(3),0,0.646452009677887,0.5962906060702151,0.646452009677887,band_end
2_002_20200906_003117(3),1,0.6479403972625732,0.5648524816020984,0.6479403972625732,interior
2_002_20200906_003117(3),2,0.6567369103431702,0.6163922470720218,0.6567369103431702,edge
2_002_20200906_003120(8),0,0.7213137745857239,0.7554031582448723,0.7213137745857239,band_end
2_002_20200906_003120(8),1,0.6700761318206787,0.7644047262133172,0.6700761318206787,interior
2_002_20200906_003120(8),2,0.6084184050559998,0.8368329401097532,0.6084184050559998,edge
2_002_20200906_003124(0),0,0.6610585451126099,0.7038159046448187,0.6610585451126099,band_end
2_002_20200906_003124(0),1,0.6705396771430969,0.717115418788091,0.6705396771430969,interior
2_002_20200906_003124(0),2,0.6524218916893005,0.6828153328954693,0.6524218916893005,edge
2_002_20200906_003127(3),0,0.6748242378234863,0.7396557280304877,0.6748242378234863,band_end
2_002_20200906_003127(3),1,0.6491991877555847,0.7568172769496034,0.6491991877555847,interior
2_002_20200906_003127(3),2,0.7075767517089844,0.7388968916034326,0.7075767517089844,edge
2_002_20200906_003130(7),0,0.6646227836608887,0.7957359675062368,0.6646227836608887,band_end
2_002_20200906_003130(7),1,0.6710280776023865,0.7777252530111287,0.6710280776023865,interior
2_002_20200906_003130(7),2,0.6198713183403015,0.7848719057950294,0.6198713183403015,edge
3_001_20200622_203305(8),0,0.5646313428878784,0.6856043900739166,0.5646313428878784,band_end
3_001_20200622_203305(8),1,0.0,0.47992508217620966,0.6404168605804443,interior
3_001_20200622_203305(8),2,0.0,0.4764714424643556,0.640066385269165,edge
3_001_20200622_203309(1),0,0.5438653230667114,0.613208996763896,0.5438653230667114,band_end
3_001_20200622_203309(1),1,0.6645349264144897,0.5869386827449267,0.6645349264144897,interior
3_001_20200622_203309(1),2,0.6196417212486267,0.649493863030862,0.6196417212486267,edge
3_001_20200622_203312(6),0,0.6358472108840942,0.8648042857304008,0.6358472108840942,band_end
3_001_20200622_203312(6),1,0.6224656701087952,0.7921508818636364,0.6224656701087952,interior
3_001_20200622_203312(6),2,0.6661264896392822,0.7576141611099899,0.6661264896392822,edge
3_001_20200622_203316(0),0,0.0,0.48048084530536117,0.5956583023071289,band_end
3_001_20200622_203316(0),1,0.0,0.4644139401589019,0.6177126169204712,interior
3_001_20200622_203316(0),2,0.6313584446907043,0.7794910025757718,0.6313584446907043,edge
3_001_20200622_203319(4),0,0.6502301692962646,0.7132745520493253,0.6502301692962646,band_end
3_001_20200622_203319(4),1,0.6640679836273193,0.6090770162203024,0.6640679836273193,interior
3_001_20200622_203319(4),2,0.642899751663208,0.6183213927253511,0.642899751663208,edge
3_001_20200622_203330(3),0,0.594534695148468,0.777825176278936,0.594534695148468,band_end
3_001_20200622_203330(3),1,0.5990405082702637,0.6213516356361799,0.5990405082702637,interior
3_001_20200622_203330(3),2,0.6151310205459595,0.5788170539469149,0.6151310205459595,edge
3_001_20200623_003516(8),0,0.6929566860198975,0.8102669949728447,0.6929566860198975,band_end
3_001_20200623_003516(8),1,0.6730556488037109,0.7915669295462426,0.6730556488037109,interior
3_001_20200623_003516(8),2,0.6810120940208435,0.7946817637337209,0.6810120940208435,edge
3_001_20200623_003520(5),0,0.6600856184959412,0.7376726882660029,0.6600856184959412,band_end
3_001_20200623_003520(5),1,0.6224983334541321,0.7944328955236212,0.6224983334541321,interior
3_001_20200623_003520(5),2,0.618595540523529,0.7233866658604569,0.618595540523529,edge
3_001_20200623_003524(0),0,0.6527316570281982,0.7139707950362351,0.6527316570281982,band_end
3_001_20200623_003524(0),1,0.6357263922691345,0.6038773350855884,0.6357263922691345,interior
3_001_20200623_003524(0),2,0.6555927395820618,0.7383432584128747,0.6555927395820618,edge
3_001_20200623_003529(0),0,0.6472681164741516,0.7979854640392513,0.6472681164741516,band_end
3_001_20200623_003529(0),1,0.6315827965736389,0.895937891209729,0.6315827965736389,interior
3_001_20200623_003529(0),2,0.6756293773651123,0.8846296952303833,0.6756293773651123,edge
3_001_20200623_003532(5),0,0.6666062474250793,0.7532736523656264,0.6666062474250793,band_end
3_001_20200623_003532(5),1,0.6209753155708313,0.7315921065033818,0.6209753155708313,interior
3_001_20200623_003532(5),2,0.6251637935638428,0.5964360956886153,0.6251637935638428,edge
3_001_20200623_003536(0),0,0.6708433032035828,0.5210365940162306,0.6708433032035828,band_end
3_001_20200623_003536(0),1,0.5664136409759521,0.5951686885447548,0.5664136409759521,interior
3_001_20200623_003536(0),2,0.6641839742660522,0.6985608357245661,0.6641839742660522,edge
3_001_20200623_043227(1),0,0.6459754705429077,0.8141602646929982,0.6459754705429077,band_end
3_001_20200623_043227(1),1,0.6216614842414856,0.6626923916581068,0.6216614842414856,interior
3_001_20200623_043227(1),2,0.5866283178329468,0.6855367893412823,0.5866283178329468,edge
3_001_20200623_043231(6),0,0.6298913359642029,0.8802404504820369,0.6298913359642029,band_end
3_001_20200623_043231(6),1,0.5757169127464294,0.7135326562359668,0.5757169127464294,interior
3_001_20200623_043231(6),2,0.6291757225990295,0.8615331346943561,0.6291757225990295,edge
3_001_20200623_043236(1),0,0.6640889048576355,0.8012871640916951,0.6640889048576355,band_end
3_001_20200623_043236(1),1,0.6545489430427551,0.7770785252667317,0.6545489430427551,interior
3_001_20200623_043236(1),2,0.5945881009101868,0.6996604297085794,0.5945881009101868,edge
3_001_20200623_043240(6),0,0.6394292116165161,0.6933133948838306,0.6394292116165161,band_end
3_001_20200623_043240(6),1,0.6361162066459656,0.7868515442849324,0.6361162066459656,interior
3_001_20200623_043240(6),2,0.6596607565879822,0.7395015229509784,0.6596607565879822,edge
3_001_20200623_043245(2),0,0.6698483228683472,0.7889406103852894,0.6698483228683472,band_end
3_001_20200623_043245(2),1,0.6526141166687012,0.844752630091618,0.6526141166687012,interior
3_001_20200623_043245(2),2,0.5836383700370789,0.6195708005420127,0.5836383700370789,edge
3_001_20200623_043249(6),0,0.6349400877952576,0.5782073631936004,0.6349400877952576,band_end
3_001_20200623_043249(6),1,0.6573371291160583,0.6558485154614923,0.6573371291160583,interior
3_001_20200623_043249(6),2,0.6484857201576233,0.7849000494779984,0.6484857201576233,edge
3_001_20200623_082407(9),0,0.6398626565933228,0.75335377758106,0.6398626565933228,band_end
3_001_20200623_082407(9),1,0.6659016609191895,0.6206730934971557,0.6659016609191895,interior
3_001_20200623_082407(9),2,0.6600779294967651,0.6150003135351279,0.6600779294967651,edge
3_001_20200623_082411(0),0,0.664581835269928,0.7479578283626106,0.664581835269928,band_end
3_001_20200623_082411(0),1,0.6590558886528015,0.6804259319646766,0.6590558886528015,interior
3_001_20200623_082411(0),2,0.6544986367225647,0.8164854192118024,0.6544986367225647,edge
3_001_20200623_082414(1),0,0.0,0.46048788837156246,0.6452410817146301,band_end
3_001_20200623_082414(1),1,0.6473708152770996,0.6243129550218851,0.6473708152770996,interior
3_001_20200623_082414(1),2,0.6384134888648987,0.6875139791318452,0.6384134888648987,edge
3_001_20200623_082416(7),0,0.6742995381355286,0.7932652192688457,0.6742995381355286,band_end
3_001_20200623_082416(7),1,0.62004554271698,0.6943390901581312,0.62004554271698,interior
3_001_20200623_082416(7),2,0.6479426026344299,0.6014874026830639,0.6479426026344299,edge
3_001_20200623_082419(6),0,0.6425847411155701,0.7528641546379801,0.6425847411155701,band_end
3_001_20200623_082419(6),1,0.688839852809906,0.751399290755216,0.688839852809906,interior
3_001_20200623_082419(6),2,0.5904377698898315,0.7331191524643906,0.5904377698898315,edge
3_001_20200623_082422(5),0,0.6760860681533813,0.6513155574015959,0.6760860681533813,band_end
3_001_20200623_082422(5),1,0.626803457736969,0.7218926945388655,0.626803457736969,interior
3_001_20200623_082422(5),2,0.6403429508209229,0.7330481174395881,0.6403429508209229,edge
3_001_20200623_123214(3),0,0.6787586212158203,0.6754638093928272,0.6787586212158203,band_end
3_001_20200623_123214(3),1,0.6076847314834595,0.7239265162654569,0.6076847314834595,interior
3_001_20200623_123214(3),2,0.619893491268158,0.6724502863078987,0.619893491268158,edge
3_001_20200623_123223(3),0,0.6151818037033081,0.7334705580699947,0.6151818037033081,band_end
3_001_20200623_123223(3),1,0.6237377524375916,0.6672629858291337,0.6237377524375916,interior
3_001_20200623_123223(3),2,0.636618971824646,0.5985989316300653,0.636618971824646,edge
3_001_20200623_123232(3),0,0.6376798152923584,0.5739232664972086,0.6376798152923584,band_end
3_001_20200623_123232(3),1,0.5914429426193237,0.6913025279504345,0.5914429426193237,interior
3_001_20200623_123232(3),2,0.6365373134613037,0.7169661956031644,0.6365373134613037,edge
3_001_20200623_123236(9),0,0.6276099681854248,0.6852799738122797,0.6276099681854248,band_end
3_001_20200623_123236(9),1,0.0,0.49603762117058814,0.6008109450340271,interior
3_001_20200623_123236(9),2,0.6504600048065186,0.663965818136116,0.6504600048065186,edge
3_001_20200623_123241(3),0,0.6616211533546448,0.7287328362176615,0.6616211533546448,band_end
3_001_20200623_123241(3),1,0.6496743559837341,0.7497162073088776,0.6496743559837341,interior
3_001_20200623_123241(3),2,0.6481355428695679,0.7413284527123354,0.6481355428695679,edge
3_001_20200623_123245(8),0,0.6455082297325134,0.583645025608744,0.6455082297325134,band_end
3_001_20200623_123245(8),1,0.6608656644821167,0.7864969900057365,0.6608656644821167,interior
3_001_20200623_123245(8),2,0.664438009262085,0.6763085394810745,0.664438009262085,edge
3_001_20200623_163159(5),0,0.6244014501571655,0.6630798985987335,0.6244014501571655,band_end
3_001_20200623_163159(5),1,0.590355396270752,0.5139935314430252,0.590355396270752,interior
3_001_20200623_163159(5),2,0.6548458337783813,0.6532928021689367,0.6548458337783813,edge
3_001_20200623_163209(3),0,0.6353884339332581,0.5575985556022532,0.6353884339332581,band_end
3_001_20200623_163209(3),1,0.614769458770752,0.5354215942935108,0.614769458770752,interior
3_001_20200623_163209(3),2,0.6016590595245361,0.5908132336749987,0.6016590595245361,edge
3_001_20200623_163212(9),0,0.6422617435455322,0.7969529429459338,0.6422617435455322,band_end
3_001_20200623_163212(9),1,0.6150622963905334,0.7561297809228603,0.6150622963905334,interior
3_001_20200623_163212(9),2,0.6400085687637329,0.7786556508485704,0.6400085687637329,edge
3_001_20200623_163216(2),0,0.6817681789398193,0.7313707021140348,0.6817681789398193,band_end
3_001_20200623_163216(2),1,0.637089192867279,0.6994456559353109,0.637089192867279,interior
3_001_20200623_163216(2),2,0.6801204681396484,0.7729712465348908,0.6801204681396484,edge
3_001_20200623_163219(5),0,0.5962052941322327,0.6904389819539688,0.5962052941322327,band_end
3_001_20200623_163219(5),1,0.6222080588340759,0.7355378669452707,0.6222080588340759,interior
3_001_20200623_163219(5),2,0.6125876903533936,0.7486302266890834,0.6125876903533936,edge
3_001_20200623_163222(9),0,0.6238762736320496,0.7259660396474162,0.6238762736320496,band_end
3_001_20200623_163222(9),1,0.6306871175765991,0.8316618163234464,0.6306871175765991,interior
3_001_20200623_163222(9),2,0.6917774677276611,0.777726844279247,0.6917774677276611,edge
3_001_20200623_203217(4),0,0.6501843333244324,0.6434810329245312,0.6501843333244324,band_end
3_001_20200623_203217(4),1,0.6687591075897217,0.57948372513339,0.6687591075897217,interior
3_001_20200623_203217(4),2,0.541159451007843,0.7518443016554084,0.541159451007843,edge
3_001_20200623_203222(0),0,0.6632995009422302,0.6423378429124985,0.6632995009422302,band_end
3_001_20200623_203222(0),1,0.6460430026054382,0.6147522777133203,0.6460430026054382,interior
3_001_20200623_203222(0),2,0.6430737972259521,0.6406082937213544,0.6430737972259521,edge
3_001_20200623_203226(3),0,0.6343657970428467,0.7669910333703276,0.6343657970428467,band_end
3_001_20200623_203226(3),1,0.6153178215026855,0.6730448999639685,0.6153178215026855,interior
3_001_20200623_203226(3),2,0.6544164419174194,0.725618112575719,0.6544164419174194,edge
3_001_20200623_203230(9),0,0.6468777060508728,0.7612176932873038,0.6468777060508728,band_end
3_001_20200623_203230(9),1,0.6257749199867249,0.6887609848034991,0.6257749199867249,interior
3_001_20200623_203230(9),2,0.5883148312568665,0.5983378254181456,0.5883148312568665,edge
3_001_20200623_203235(3),0,0.6517243981361389,0.7276683305355087,0.6517243981361389,band_end
3_001_20200623_203235(3),1,0.6154547929763794,0.6877945775476002,0.6154547929763794,interior
3_001_20200623_203235(3),2,0.6772676110267639,0.6796073234776709,0.6772676110267639,edge
3_001_20200623_203247(5),0,0.6113081574440002,0.6127843422912217,0.6113081574440002,band_end
3_001_20200623_203247(5),1,0.60163813829422,0.5650237076996317,0.60163813829422,interior
3_001_20200623_203247(5),2,0.6919822096824646,0.5677843627519905,0.6919822096824646,edge
3_001_20200624_003240(4),0,0.6170994639396667,0.7537038701011897,0.6170994639396667,band_end
3_001_20200624_003240(4),1,0.6456776857376099,0.7767214851954786,0.6456776857376099,interior
3_001_20200624_003240(4),2,0.6806907057762146,0.7811140115655496,0.6806907057762146,edge
3_001_20200624_003244(2),0,0.6338291168212891,0.8159127027083616,0.6338291168212891,band_end
3_001_20200624_003244(2),1,0.6497122049331665,0.579957629680757,0.6497122049331665,interior
3_001_20200624_003244(2),2,0.6874063611030579,0.5734279264751379,0.6874063611030579,edge
3_001_20200624_003247(7),0,0.0,0.4535204373901579,0.6610081791877747,band_end
3_001_20200624_003247(7),1,0.6708728075027466,0.5134162402959731,0.6708728075027466,interior
3_001_20200624_003247(7),2,0.0,0.4841728783514665,0.6807273626327515,edge
3_001_20200624_003251(1),0,0.6308988928794861,0.7774363023441394,0.6308988928794861,band_end
3_001_20200624_003251(1),1,0.6409024596214294,0.7706433058147355,0.6409024596214294,interior
3_001_20200624_003251(1),2,0.6281872391700745,0.6986690003856469,0.6281872391700745,edge
3_001_20200624_003254(3),0,0.6718466877937317,0.7993043560017721,0.6718466877937317,band_end
3_001_20200624_003254(3),1,0.686739444732666,0.704289205254614,0.686739444732666,interior
3_001_20200624_003254(3),2,0.6575120687484741,0.5716130308158297,0.6575120687484741,edge
3_001_20200624_003303(5),0,0.0,0.4795288279505364,0.6035043597221375,band_end
3_001_20200624_003303(5),1,0.7084917426109314,0.5117973595527777,0.7084917426109314,interior
3_001_20200624_003303(5),2,0.6752765774726868,0.6095695391840612,0.6752765774726868,edge
3_001_20200624_043315(2),0,0.6468520760536194,0.8337915156426939,0.6468520760536194,band_end
3_001_20200624_043315(2),1,0.6490284204483032,0.7764716745718179,0.6490284204483032,interior
3_001_20200624_043315(2),2,0.6595216989517212,0.8219199808648764,0.6595216989517212,edge
3_001_20200624_043324(2),0,0.6008188724517822,0.7513946145901724,0.6008188724517822,band_end
3_001_20200624_043324(2),1,0.642303466796875,0.7702577872521116,0.642303466796875,interior
3_001_20200624_043324(2),2,0.6406417489051819,0.5341049498529173,0.6406417489051819,edge
3_001_20200624_043328(7),0,0.6796378493309021,0.6378935820695143,0.6796378493309021,band_end
3_001_20200624_043328(7),1,0.6871243715286255,0.6410703342718382,0.6871243715286255,interior
3_001_20200624_043328(7),2,0.0,0.4889106698809889,0.7109686136245728,edge
3_001_20200624_043333(2),0,0.681988537311554,0.5401247349166994,0.681988537311554,band_end
3_001_20200624_043333(2),1,0.0021594625432044268,0.7975995608476855,0.720255434513092,interior
3_001_20200624_043333(2),2,0.6455374360084534,0.5833131862947574,0.6455374360084534,edge
3_001_20200624_043337(8),0,0.6639674305915833,0.6846384767442941,0.6639674305915833,band_end
3_001_20200624_043337(8),1,0.0028497902676463127,0.5023185156169347,0.6578854918479919,interior
3_001_20200624_043337(8),2,0.656336784362793,0.5744958099210635,0.656336784362793,edge
3_001_20200624_043349(7),0,0.6611936688423157,0.8393377970951551,0.6611936688423157,band_end
3_001_20200624_043349(7),1,0.6739538311958313,0.563586247008061,0.6739538311958313,interior
3_001_20200624_043349(7),2,0.0,0.4827623998078375,0.6309093832969666,edge
3_001_20200624_083150(7),0,0.7353245615959167,0.6454969047004046,0.7353245615959167,band_end
3_001_20200624_083150(7),1,0.6079657077789307,0.5795931183012852,0.6079657077789307,interior
3_001_20200624_083150(7),2,0.6642769575119019,0.6523745792023133,0.6642769575119019,edge
3_001_20200624_083153(8),0,0.6695600748062134,0.6854704858092363,0.6695600748062134,band_end
3_001_20200624_083153(8),1,0.6590138077735901,0.6553610435170173,0.6590138077735901,interior
3_001_20200624_083153(8),2,0.7121337652206421,0.6214307476284749,0.7121337652206421,edge
3_001_20200624_083156(9),0,0.7150456309318542,0.6008133801058149,0.7150456309318542,band_end
3_001_20200624_083156(9),1,0.6638414859771729,0.6008680424342553,0.6638414859771729,interior
3_001_20200624_083156(9),2,0.6240749955177307,0.5723694053478539,0.6240749955177307,edge
3_001_20200624_083159(6),0,0.6511470079421997,0.5694841298438219,0.6511470079421997,band_end
3_001_20200624_083159(6),1,0.6448329091072083,0.5638082772493362,0.6448329091072083,interior
3_001_20200624_083159(6),2,0.0,0.4894020725203553,0.5841527581214905,edge
3_001_20200624_083202(6),0,0.0,0.2287927420111373,0.5819560289382935,band_end
3_001_20200624_083202(6),1,0.0,0.3105842528532126,0.6752977967262268,interior
3_001_20200624_083202(6),2,0.6814525127410889,0.584714637333766,0.6814525127410889,edge
3_001_20200624_083205(7),0,0.0010245820740237832,0.6170479023518661,0.6851534843444824,band_end
3_001_20200624_083205(7),1,0.6687147617340088,0.5505128469245106,0.6687147617340088,interior
3_001_20200624_083205(7),2,0.6724829077720642,0.5906664941085539,0.6724829077720642,edge
3_001_20200624_123313(4),0,0.6548104882240295,0.5032353133494449,0.6548104882240295,band_end
3_001_20200624_123313(4),1,0.6666117906570435,0.5031811025930808,0.6666117906570435,interior
3_001_20200624_123313(4),2,0.0,0.4448060511454684,0.5933586359024048,edge
3_001_20200624_123317(8),0,0.6136941909790039,0.5354511700575446,0.6136941909790039,band_end
3_001_20200624_123317(8),1,0.6595186591148376,0.5273168937059208,0.6595186591148376,interior
3_001_20200624_123317(8),2,0.6804242134094238,0.5611775124833609,0.6804242134094238,edge
3_001_20200624_123322(3),0,0.6253185272216797,0.6757034971014946,0.6253185272216797,band_end
3_001_20200624_123322(3),1,0.6666204333305359,0.5339106931787683,0.6666204333305359,interior
3_001_20200624_123322(3),2,0.6604994535446167,0.5878052855057794,0.6604994535446167,edge
3_001_20200624_123326(6),0,0.5206127762794495,0.6569638365245127,0.5206127762794495,band_end
3_001_20200624_123326(6),1,0.7375112175941467,0.6543806232139312,0.7375112175941467,interior
3_001_20200624_123326(6),2,0.715549886226654,0.6316390261911571,0.715549886226654,edge
3_001_20200624_123331(2),0,0.5579541921615601,0.5140556843605782,0.5579541921615601,band_end
3_001_20200624_123331(2),1,0.6416909694671631,0.6972036107248101,0.6416909694671631,interior
3_001_20200624_123331(2),2,0.0,0.4995763834009613,0.6482646465301514,edge
3_001_20200624_123335(6),0,0.6342353224754333,0.7005331301729062,0.6342353224754333,band_end
3_001_20200624_123335(6),1,0.661995530128479,0.6404684124599869,0.661995530128479,interior
3_001_20200624_123335(6),2,0.664457380771637,0.7065337795184906,0.664457380771637,edge
3_001_20200624_162816(3),0,0.5523889660835266,0.5913651140652967,0.5523889660835266,band_end
3_001_20200624_162816(3),1,0.0,0.4656317044245952,0.70380699634552,interior
3_001_20200624_162816(3),2,0.6271486282348633,0.6370872059817582,0.6271486282348633,edge
3_001_20200624_162821(2),0,0.677103579044342,0.7870203169480331,0.677103579044342,band_end
3_001_20200624_162821(2),1,0.6205847859382629,0.6274476664245356,0.6205847859382629,interior
3_001_20200624_162821(2),2,0.6662870049476624,0.7442465432505379,0.6662870049476624,edge
3_001_20200624_162831(2),0,0.6433361172676086,0.5593542746771746,0.6433361172676086,band_end
3_001_20200624_162831(2),1,0.0,0.43898702900315817,0.6906603574752808,interior
3_001_20200624_162831(2),2,0.0,0.45464256233893907,0.6311784386634827,edge
3_001_20200624_162835(8),0,0.6376378536224365,0.5346704260895292,0.6376378536224365,band_end
3_001_20200624_162835(8),1,0.6258510947227478,0.6388894356787205,0.6258510947227478,interior
3_001_20200624_162835(8),2,0.6524284482002258,0.6754650528513927,0.6524284482002258,edge
3_001_20200624_203149(7),0,0.6070360541343689,0.517201428314196,0.6070360541343689,band_end
3_001_20200624_203149(7),1,0.6550921201705933,0.5925150480695565,0.6550921201705933,interior
3_001_20200624_203149(7),2,0.6366448402404785,0.6029600494110362,0.6366448402404785,edge
3_001_20200624_203154(3),0,0.6001865267753601,0.5922022080253605,0.6001865267753601,band_end
3_001_20200624_203154(3),1,0.6147096157073975,0.5059612170537692,0.6147096157073975,interior
3_001_20200624_203154(3),2,0.6975844502449036,0.615081614473899,0.6975844502449036,edge
3_001_20200624_203203(1),0,0.6440249681472778,0.5823177518271893,0.6440249681472778,band_end
3_001_20200624_203203(1),1,0.630364179611206,0.555102234455542,0.630364179611206,interior
3_001_20200624_203203(1),2,0.6408949494361877,0.7222176113476356,0.6408949494361877,edge
3_001_20200624_203207(8),0,0.6555507183074951,0.6250243246402051,0.6555507183074951,band_end
3_001_20200624_203207(8),1,0.6539325714111328,0.6908238239301319,0.6539325714111328,interior
3_001_20200624_203207(8),2,0.686235785484314,0.6827023128567872,0.686235785484314,edge
3_001_20200624_203212(2),0,0.6222759485244751,0.8092955313728076,0.6222759485244751,band_end
3_001_20200624_203212(2),1,0.6545618176460266,0.7159061478731704,0.6545618176460266,interior
3_001_20200624_203212(2),2,0.5453230142593384,0.6876865910243445,0.5453230142593384,edge
3_001_20200624_203225(8),0,0.5099546909332275,0.6271419610409487,0.5099546909332275,band_end
3_001_20200624_203225(8),1,0.6378011107444763,0.5360579970665895,0.6378011107444763,interior
3_001_20200624_203225(8),2,0.626416027545929,0.6030846335487143,0.626416027545929,edge
3_001_20200625_003507(0),0,0.672873854637146,0.8365205175542493,0.672873854637146,band_end
3_001_20200625_003507(0),1,0.6868330240249634,0.6948399589999174,0.6868330240249634,interior
3_001_20200625_003507(0),2,0.6110214591026306,0.6951416391634103,0.6110214591026306,edge
3_001_20200625_003511(4),0,0.6715373396873474,0.6555265874246466,0.6715373396873474,band_end
3_001_20200625_003511(4),1,0.7345722317695618,0.7455139481926883,0.7345722317695618,interior
3_001_20200625_003511(4),2,0.7329591512680054,0.6634232584082499,0.7329591512680054,edge
3_001_20200625_003515(9),0,0.6639475226402283,0.7228784212549494,0.6639475226402283,band_end
3_001_20200625_003515(9),1,0.6781284809112549,0.6153603007996111,0.6781284809112549,interior
3_001_20200625_003515(9),2,0.6426177620887756,0.7099146023894158,0.6426177620887756,edge
3_001_20200625_003520(4),0,0.6115022301673889,0.5798892239507524,0.6115022301673889,band_end
3_001_20200625_003520(4),1,0.6654521226882935,0.7206599478209453,0.6654521226882935,interior
3_001_20200625_003520(4),2,0.6885836124420166,0.695415364838739,0.6885836124420166,edge
3_001_20200625_003524(9),0,0.6410173177719116,0.6937047227380909,0.6410173177719116,band_end
3_001_20200625_003524(9),1,0.6944199204444885,0.6650963439011254,0.6944199204444885,interior
3_001_20200625_003524(9),2,0.6821791529655457,0.6888409038491256,0.6821791529655457,edge
3_001_20200625_003529(2),0,0.6249496340751648,0.7438494634727328,0.6249496340751648,band_end
3_001_20200625_003529(2),1,0.6723337769508362,0.7616259103368571,0.6723337769508362,interior
3_001_20200625_003529(2),2,0.634103000164032,0.7079174678241826,0.634103000164032,edge
3_001_20200625_043323(7),0,0.6028853058815002,0.6477907986785507,0.6028853058815002,band_end
3_001_20200625_043323(7),1,0.624520480632782,0.8256525956084269,0.624520480632782,interior
3_001_20200625_043323(7),2,0.7098350524902344,0.7609981107769566,0.7098350524902344,edge
3_001_20200625_043328(3),0,0.6611700654029846,0.7360838077481766,0.6611700654029846,band_end
3_001_20200625_043328(3),1,0.7208064198493958,0.6566417035985618,0.7208064198493958,interior
3_001_20200625_043328(3),2,0.6503353714942932,0.6400354830119632,0.6503353714942932,edge
3_001_20200625_043337(3),0,0.6353275179862976,0.712130771341253,0.6353275179862976,band_end
3_001_20200625_043337(3),1,0.6773407459259033,0.5748886388458608,0.6773407459259033,interior
3_001_20200625_043337(3),2,0.6759232878684998,0.8012121352471865,0.6759232878684998,edge
3_001_20200625_043341(7),0,0.6199260354042053,0.7111205267210988,0.6199260354042053,band_end
3_001_20200625_043341(7),1,0.610880970954895,0.8224508026690684,0.610880970954895,interior
3_001_20200625_043341(7),2,0.5995413661003113,0.7922204055379933,0.5995413661003113,edge
3_001_20200625_043346(2),0,0.6184974312782288,0.6725948315464482,0.6184974312782288,band_end
3_001_20200625_043346(2),1,0.6405292749404907,0.643214904317855,0.6405292749404907,interior
3_001_20200625_043346(2),2,0.6179407835006714,0.5616695511511759,0.6179407835006714,edge
3_001_20200625_043359(8),0,0.6159510016441345,0.5871099141498919,0.6159510016441345,band_end
3_001_20200625_043359(8),1,0.7042520046234131,0.6890589316526272,0.7042520046234131,interior
3_001_20200625_043359(8),2,0.6590595841407776,0.8371749816952692,0.6590595841407776,edge
3_001_20200727_204954(7),0,0.0,0.4904772179387838,0.6105477213859558,band_end
3_001_20200727_204954(7),1,0.639068067073822,0.6214678011085879,0.639068067073822,interior
3_001_20200727_204954(7),2,0.6716427206993103,0.614020878484707,0.6716427206993103,edge
3_001_20200727_204958(2),0,0.0,0.48043190407793623,0.6076581478118896,band_end
3_001_20200727_204958(2),1,0.0,0.4885203330390823,0.5876780152320862,interior
3_001_20200727_204958(2),2,0.013041998259723186,0.5005818188046973,0.5517528057098389,edge
3_001_20200728_014351(3),0,0.6118314266204834,0.6337476092599845,0.6118314266204834,band_end
3_001_20200728_014351(3),1,0.6427116990089417,0.6652994433124283,0.6427116990089417,interior
3_001_20200728_014351(3),2,0.6744027137756348,0.7328511965420368,0.6744027137756348,edge
3_001_20200728_014355(2),0,0.5314183831214905,0.6657892546377301,0.5314183831214905,band_end
3_001_20200728_014355(2),1,0.6274821162223816,0.6415137127008782,0.6274821162223816,interior
3_001_20200728_014355(2),2,0.6656149625778198,0.6934778675087495,0.6656149625778198,edge
3_001_20200728_043138(3),0,0.6330934166908264,0.7627913694411519,0.6330934166908264,band_end
3_001_20200728_043138(3),1,0.6142740249633789,0.7829518877252033,0.6142740249633789,interior
3_001_20200728_043138(3),2,0.685967206954956,0.8990079489621249,0.685967206954956,edge
3_001_20200728_043141(5),0,0.63339763879776,0.8004578993312974,0.63339763879776,band_end
3_001_20200728_043141(5),1,0.6202030777931213,0.8409209135005108,0.6202030777931213,interior
3_001_20200728_043141(5),2,0.6921514272689819,0.7837146223611096,0.6921514272689819,edge
3_001_20200728_083108(2),0,0.5656490921974182,0.678750820161164,0.5656490921974182,band_end
3_001_20200728_083108(2),1,0.608537495136261,0.7310768580905335,0.608537495136261,interior
3_001_20200728_083108(2),2,0.6510981321334839,0.676270706623633,0.6510981321334839,edge
3_001_20200728_083116(1),0,0.6454067230224609,0.5782552781218899,0.6454067230224609,band_end
3_001_20200728_083116(1),1,0.6746881008148193,0.546934423335945,0.6746881008148193,interior
3_001_20200728_083116(1),2,0.6541928648948669,0.5612852980360213,0.6541928648948669,edge
3_001_20200728_123129(2),0,0.5293901562690735,0.6972051424180035,0.5293901562690735,band_end
3_001_20200728_123129(2),1,0.6147633790969849,0.6332547992940941,0.6147633790969849,interior
3_001_20200728_123129(2),2,0.6343244314193726,0.7017593897224815,0.6343244314193726,edge
3_001_20200728_123132(4),0,0.5547829866409302,0.7664906682017837,0.5547829866409302,band_end
3_001_20200728_123132(4),1,0.6663234233856201,0.797649031909399,0.6663234233856201,interior
3_001_20200728_123132(4),2,0.5226152539253235,0.7245953273986734,0.5226152539253235,edge
3_001_20200728_163910(5),0,0.5746346712112427,0.7031852289045264,0.5746346712112427,band_end
3_001_20200728_163910(5),1,0.6128014922142029,0.7415839805239446,0.6128014922142029,interior
3_001_20200728_163910(5),2,0.617399275302887,0.689339271951493,0.617399275302887,edge
3_001_20200728_163913(6),0,0.39098769426345825,0.6752636134335219,0.39098769426345825,band_end
3_001_20200728_163913(6),1,0.5551173090934753,0.7602795386585197,0.5551173090934753,interior
3_001_20200728_163913(6),2,0.6120568513870239,0.7603829386373381,0.6120568513870239,edge
3_001_20200810_085043(8),0,0.5678481459617615,0.7775573327317525,0.5678481459617615,band_end
3_001_20200810_085043(8),1,0.6046775579452515,0.7539775845578637,0.6046775579452515,interior
3_001_20200810_085043(8),2,0.6303101181983948,0.7850366857377162,0.6303101181983948,edge
3_001_20200810_123047(8),0,0.5918349027633667,0.6782965787109487,0.5918349027633667,band_end
3_001_20200810_123047(8),1,0.6471317410469055,0.7272335073082232,0.6471317410469055,interior
3_001_20200810_123047(8),2,0.6607253551483154,0.7109593046611488,0.6607253551483154,edge
3_001_20200810_123051(3),0,0.5791093707084656,0.80993481295332,0.5791093707084656,band_end
3_001_20200810_123051(3),1,0.6744736433029175,0.8583408993673128,0.6744736433029175,interior
3_001_20200810_123051(3),2,0.6231207251548767,0.8416428879436861,0.6231207251548767,edge
3_001_20200810_163112(8),0,0.6983505487442017,0.8062984834163118,0.6983505487442017,band_end
3_001_20200810_163112(8),1,0.7246209979057312,0.7913326172245894,0.7246209979057312,interior
3_001_20200810_163112(8),2,0.6382406949996948,0.759369227925341,0.6382406949996948,edge
3_001_20200810_163116(0),0,0.5894240736961365,0.521767335781917,0.5894240736961365,band_end
3_001_20200810_163116(0),1,0.6555204391479492,0.8177518970823603,0.6555204391479492,interior
3_001_20200810_163116(0),2,0.6438170671463013,0.5307535481554636,0.6438170671463013,edge
3_001_20200810_203208(7),0,0.59409499168396,0.6602326893925347,0.59409499168396,band_end
3_001_20200810_203208(7),1,0.6005304455757141,0.6618059733656961,0.6005304455757141,interior
3_001_20200810_203208(7),2,0.6998828649520874,0.6448444974365434,0.6998828649520874,edge
3_001_20200810_203212(6),0,0.5317057371139526,0.6880094232539823,0.5317057371139526,band_end
3_001_20200810_203212(6),1,0.6488922834396362,0.6764006542060577,0.6488922834396362,interior
3_001_20200810_203212(6),2,0.5960828065872192,0.6588127660853345,0.5960828065872192,edge
3_001_20200811_003323(2),0,0.4949730932712555,0.6428351061509198,0.4949730932712555,band_end
3_001_20200811_003323(2),1,0.6129669547080994,0.656836308066785,0.6129669547080994,interior
3_001_20200811_003323(2),2,0.6047877669334412,0.7357606243280147,0.6047877669334412,edge
3_001_20200811_003327(0),0,0.62715744972229,0.6908297339359385,0.62715744972229,band_end
3_001_20200811_003327(0),1,0.6644049286842346,0.7304083729064333,0.6644049286842346,interior
3_001_20200811_003327(0),2,0.6276260614395142,0.7611138391320623,0.6276260614395142,edge
3_001_20200811_043037(3),0,0.5840919613838196,0.8922507515630982,0.5840919613838196,band_end
3_001_20200811_043037(3),1,0.6600236296653748,0.9073340754278739,0.6600236296653748,interior
3_001_20200811_043037(3),2,0.7021070122718811,0.8893741296065035,0.7021070122718811,edge
3_001_20200811_043041(6),0,0.5925797820091248,0.73495140419361,0.5925797820091248,band_end
3_001_20200811_043041(6),1,0.6413235664367676,0.7011976357970469,0.6413235664367676,interior
3_001_20200811_043041(6),2,0.6440671682357788,0.7889636145337116,0.6440671682357788,edge
3_001_20200815_003438(6),0,0.5902540683746338,0.7010938703806009,0.5902540683746338,band_end
3_001_20200815_003438(6),1,0.6062279343605042,0.7981256401735889,0.6062279343605042,interior
3_001_20200815_003438(6),2,0.5775034427642822,0.826959653087884,0.5775034427642822,edge
3_001_20200815_003529(0),0,0.65013587474823,0.5791756567528445,0.65013587474823,band_end
3_001_20200815_003529(0),1,0.6514813303947449,0.61881029413938,0.6514813303947449,interior
3_001_20200815_003529(0),2,0.6338506937026978,0.6412645593580842,0.6338506937026978,edge
3_001_20200819_003039(4),0,0.593876838684082,0.606460773654712,0.593876838684082,band_end
3_001_20200819_003039(4),1,0.6173248291015625,0.6223291888928566,0.6173248291015625,interior
3_001_20200819_003039(4),2,0.665671169757843,0.6131436616086807,0.665671169757843,edge
3_001_20200819_003044(1),0,0.5874977111816406,0.6140370225114066,0.5874977111816406,band_end
3_001_20200819_003044(1),1,0.6131865382194519,0.6466743820018134,0.6131865382194519,interior
3_001_20200819_003044(1),2,0.6521030068397522,0.6515695709462328,0.6521030068397522,edge
3_001_20200819_043209(9),0,0.6208648681640625,0.7059077233850901,0.6208648681640625,band_end
3_001_20200819_043209(9),1,0.6313687562942505,0.7318798398034365,0.6313687562942505,interior
3_001_20200819_043209(9),2,0.646429181098938,0.6661454209976037,0.646429181098938,edge
3_001_20200819_043216(0),0,0.6663885116577148,0.7662456409740476,0.6663885116577148,band_end
3_001_20200819_043216(0),1,0.6551400423049927,0.7716727919920129,0.6551400423049927,interior
3_001_20200819_043216(0),2,0.6315937638282776,0.8278913290066106,0.6315937638282776,edge
3_001_20200819_083353(5),0,0.6060429811477661,0.5906703202277799,0.6060429811477661,band_end
3_001_20200819_083353(5),1,0.6754012107849121,0.6038086263771949,0.6754012107849121,interior
3_001_20200819_083353(5),2,0.631674587726593,0.6983411565836805,0.631674587726593,edge
3_001_20200819_083401(0),0,0.5848554968833923,0.537183659903312,0.5848554968833923,band_end
3_001_20200819_083401(0),1,0.6435165405273438,0.6013650559368244,0.6435165405273438,interior
3_001_20200819_083401(0),2,0.5844545960426331,0.7574241533679988,0.5844545960426331,edge
3_001_20200819_124414(0),0,0.004729917738586664,0.5983258604063365,0.6011077761650085,band_end
3_001_20200819_124414(0),1,0.6395348906517029,0.6141517129156876,0.6395348906517029,interior
3_001_20200819_124414(0),2,0.6637820601463318,0.5497970669325891,0.6637820601463318,edge
3_001_20200819_124415(9),0,0.5630521774291992,0.7709579917845607,0.5630521774291992,band_end
3_001_20200819_124415(9),1,0.684650182723999,0.8048627943547905,0.684650182723999,interior
3_001_20200819_124415(9),2,0.6348724961280823,0.7952525351738554,0.6348724961280823,edge
3_001_20200819_162723(4),0,0.580386757850647,0.5695264123476969,0.580386757850647,band_end
3_001_20200819_162723(4),1,0.6759478449821472,0.59561261367511,0.6759478449821472,interior
3_001_20200819_162723(4),2,0.6182101964950562,0.623842388305431,0.6182101964950562,edge
3_001_20200826_023328(3),0,0.0,0.47995091068632073,0.5346464514732361,band_end
3_001_20200826_023328(3),1,0.006984980311244726,0.7484847144674542,0.6230584383010864,interior
3_001_20200826_023328(3),2,0.0,0.4467786812761073,0.6531200408935547,edge
3_001_20200826_023332(5),0,0.6624042391777039,0.8066946902468658,0.6624042391777039,band_end
3_001_20200826_023332(5),1,0.6706525087356567,0.8031859743667632,0.6706525087356567,interior
3_001_20200826_023332(5),2,0.6607010364532471,0.7981481538032995,0.6607010364532471,edge
3_001_20200826_043252(8),0,0.6432467699050903,0.8330393196642436,0.6432467699050903,band_end
3_001_20200826_043252(8),1,0.6630814671516418,0.8188994442772591,0.6630814671516418,interior
3_001_20200826_043252(8),2,0.6738979816436768,0.7923300657792418,0.6738979816436768,edge
3_001_20200826_043255(8),0,0.12515388429164886,0.6066260465045666,0.12515388429164886,band_end
3_001_20200826_043255(8),1,0.5601608157157898,0.6662600693913797,0.5601608157157898,interior
3_001_20200826_043255(8),2,0.6414385437965393,0.6699427007438822,0.6414385437965393,edge
3_001_20200826_123711(3),0,0.510124683380127,0.5586326762088185,0.510124683380127,band_end
3_001_20200826_123711(3),1,0.6317499279975891,0.7192141457946327,0.6317499279975891,interior
3_001_20200826_123711(3),2,0.6267014741897583,0.7020650319453561,0.6267014741897583,edge
3_001_20200826_123714(5),0,0.696020781993866,0.7759741161763338,0.696020781993866,band_end
3_001_20200826_123714(5),1,0.675937294960022,0.7373402300657654,0.675937294960022,interior
3_001_20200826_123714(5),2,0.6648249626159668,0.6835388088443153,0.6648249626159668,edge
3_001_20200831_083711(6),0,0.6314674615859985,0.6090065833434857,0.6314674615859985,band_end
3_001_20200831_083711(6),1,0.6837205290794373,0.5923846933899758,0.6837205290794373,interior
3_001_20200831_083711(6),2,0.6506097316741943,0.6120562156925079,0.6506097316741943,edge
3_001_20200831_083714(8),0,0.6633131504058838,0.6808484261348031,0.6633131504058838,band_end
3_001_20200831_083714(8),1,0.6525045037269592,0.6977115303206329,0.6525045037269592,interior
3_001_20200831_083714(8),2,0.648781955242157,0.7634359049515274,0.648781955242157,edge
3_001_20200831_123316(5),0,0.6264163255691528,0.6925917883618847,0.6264163255691528,band_end
3_001_20200831_123316(5),1,0.6256455779075623,0.5956717386743458,0.6256455779075623,interior
3_001_20200831_123316(5),2,0.6392518877983093,0.6226429675198527,0.6392518877983093,edge
3_001_20200922_163332(2),0,0.6549980044364929,0.6095627963540878,0.6549980044364929,band_end
3_001_20200922_163332(2),1,0.6807223558425903,0.669728878020646,0.6807223558425903,interior
3_001_20200922_163332(2),2,0.593550443649292,0.6497282305904888,0.593550443649292,edge
3_001_20200922_163335(3),0,0.6550087332725525,0.7835733314869603,0.6550087332725525,band_end
3_001_20200922_163335(3),1,0.6996537446975708,0.7376094654923724,0.6996537446975708,interior
3_001_20200922_163335(3),2,0.5517795085906982,0.6438219341530463,0.5517795085906982,edge
