image_id,obj,match_score,max_iou,center_score,kind
1_002_20200622_203053(2),0,0.5937967300415039,0.8252401706135403,0.5937967300415039,band_end
1_002_20200622_203053(2),1,0.6358087658882141,0.5440940742906032,0.6358087658882141,interior
1_002_20200622_203053(2),2,0.6806463599205017,0.6024991658508634,0.6806463599205017,edge
1_002_20200622_203057(3),0,0.5857470631599426,0.57960794151682,0.5857470631599426,band_end
1_002_20200622_203057(3),1,0.5533048510551453,0.692833524707277,0.5533048510551453,interior
1_002_20200622_203057(3),2,0.6788058876991272,0.7957077422085703,0.6788058876991272,edge
1_002_20200622_203101(3),0,0.5609328150749207,0.5320078401695855,0.5609328150749207,band_end
1_002_20200622_203101(3),1,0.0,0.4987630907232879,0.5893813371658325,interior
1_002_20200622_203101(3),2,0.0,0.49381529504595134,0.5857863426208496,edge
1_002_20200622_203105(4),0,0.5836756825447083,0.6901003187373104,0.5836756825447083,band_end
1_002_20200622_203105(4),1,0.5931664705276489,0.7188074834361696,0.5931664705276489,interior
1_002_20200622_203105(4),2,0.5786382555961609,0.801340661297947,0.5786382555961609,edge
1_002_20200622_203109(3),0,0.6113990545272827,0.6307667429013688,0.6113990545272827,band_end
1_002_20200622_203109(3),1,0.6188509464263916,0.6370571612988492,0.6188509464263916,interior
1_002_20200622_203109(3),2,0.5650492906570435,0.7162002940667918,0.5650492906570435,edge
1_002_20200622_203121(4),0,0.5902665257453918,0.6325235840076328,0.5902665257453918,band_end
1_002_20200622_203121(4),1,0.5452526807785034,0.6950174728641286,0.5452526807785034,interior
1_002_20200622_203121(4),2,0.5958639979362488,0.6886445441300254,0.5958639979362488,edge
1_002_20200623_003346(4),0,0.6663345098495483,0.8306645149936931,0.6663345098495483,band_end
1_002_20200623_003346(4),1,0.7036916017532349,0.6369545201874205,0.7036916017532349,interior
1_002_20200623_003346(4),2,0.6918365359306335,0.8571807291814785,0.6918365359306335,edge
1_002_20200623_003350(4),0,0.6876324415206909,0.6533658725300889,0.6876324415206909,band_end
1_002_20200623_003350(4),1,0.6595362424850464,0.7237867848421861,0.6595362424850464,interior
1_002_20200623_003350(4),2,0.6554833054542542,0.6425741274020528,0.6554833054542542,edge
1_002_20200623_003354(3),0,0.6286582350730896,0.7672015059901464,0.6286582350730896,band_end
1_002_20200623_003354(3),1,0.6509838700294495,0.8401540495817161,0.6509838700294495,interior
1_002_20200623_003354(3),2,0.656485378742218,0.7566568529485955,0.656485378742218,edge
1_002_20200623_003358(2),0,0.6396686434745789,0.6460786845066508,0.6396686434745789,band_end
1_002_20200623_003358(2),1,0.7008993029594421,0.6402747931433711,0.7008993029594421,interior
1_002_20200623_003358(2),2,0.6859702467918396,0.5932674526134712,0.6859702467918396,edge
1_002_20200623_003402(2),0,0.6506146788597107,0.671895657980771,0.6506146788597107,band_end
1_002_20200623_003402(2),1,0.7235432267189026,0.756065318414961,0.7235432267189026,interior
1_002_20200623_003402(2),2,0.6312147378921509,0.8156648297947676,0.6312147378921509,edge
1_002_20200623_003410(2),0,0.6477295160293579,0.7489780435072336,0.6477295160293579,band_end
1_002_20200623_003410(2),1,0.6615170836448669,0.7684646525839837,0.6615170836448669,interior
1_002_20200623_003410(2),2,0.6292864680290222,0.8421055509741777,0.6292864680290222,edge
1_002_20200623_043039(3),0,0.6647371649742126,0.8366813597145467,0.6647371649742126,band_end
1_002_20200623_043039(3),1,0.653022825717926,0.7813976169658275,0.653022825717926,interior
1_002_20200623_043039(3),2,0.6715580821037292,0.565103048982607,0.6715580821037292,edge
1_002_20200623_043043(2),0,0.7073732018470764,0.6746699949844346,0.7073732018470764,band_end
1_002_20200623_043043(2),1,0.6637579798698425,0.7110333945045926,0.6637579798698425,interior
1_002_20200623_043043(2),2,0.7068051695823669,0.6759226113462111,0.7068051695823669,edge
1_002_20200623_043047(2),0,0.6548550724983215,0.5772653046275764,0.6548550724983215,band_end
1_002_20200623_043047(2),1,0.7034205198287964,0.6784574079633935,0.7034205198287964,interior
1_002_20200623_043047(2),2,0.6620185375213623,0.6417049779764518,0.6620185375213623,edge
1_002_20200623_043051(3),0,0.6616255044937134,0.7112209885557735,0.6616255044937134,band_end
1_002_20200623_043051(3),1,0.6762616634368896,0.7699839577975093,0.6762616634368896,interior
1_002_20200623_043051(3),2,0.6756239533424377,0.7519345674933683,0.6756239533424377,edge
1_002_20200623_043055(3),0,0.6797959804534912,0.6169149383984848,0.6797959804534912,band_end
1_002_20200623_043055(3),1,0.6715674996376038,0.7162773455885227,0.6715674996376038,interior
1_002_20200623_043055(3),2,0.6614171266555786,0.7040798734184031,0.6614171266555786,edge
1_002_20200623_043059(4),0,0.6215054988861084,0.8817457707025359,0.6215054988861084,band_end
1_002_20200623_043059(4),1,0.6711606979370117,0.645258927978738,0.6711606979370117,interior
1_002_20200623_043059(4),2,0.6403716802597046,0.6713374810293317,0.6403716802597046,edge
1_002_20200623_082258(6),0,0.6576969027519226,0.7230178382496248,0.6576969027519226,band_end
1_002_20200623_082258(6),1,0.6734694838523865,0.7017931022355214,0.6734694838523865,interior
1_002_20200623_082258(6),2,0.7001984715461731,0.7218654862466636,0.7001984715461731,edge
1_002_20200623_082302(6),0,0.6884724497795105,0.6841193850039787,0.6884724497795105,band_end
1_002_20200623_082302(6),1,0.6491603255271912,0.7385848833077151,0.6491603255271912,interior
1_002_20200623_082302(6),2,0.6835330128669739,0.7323059790572346,0.6835330128669739,edge
1_002_20200623_082306(5),0,0.6918387413024902,0.7703162728712838,0.6918387413024902,band_end
1_002_20200623_082306(5),1,0.6759504675865173,0.7929620199678082,0.6759504675865173,interior
1_002_20200623_082306(5),2,0.7229774594306946,0.7581995374242496,0.7229774594306946,edge
1_002_20200623_082310(6),0,0.6622365117073059,0.5598067194026246,0.6622365117073059,band_end
1_002_20200623_082310(6),1,0.6512743830680847,0.6001188636861061,0.6512743830680847,interior
1_002_20200623_082310(6),2,0.6700891256332397,0.6583404615245158,0.6700891256332397,edge
1_002_20200623_082314(4),0,0.6855408549308777,0.6416948272899823,0.6855408549308777,band_end
1_002_20200623_082314(4),1,0.6700084209442139,0.6338245126125619,0.6700084209442139,interior
1_002_20200623_082314(4),2,0.6712429523468018,0.740031056110488,0.6712429523468018,edge
1_002_20200623_082318(5),0,0.6593879461288452,0.6930673264765528,0.6593879461288452,band_end
1_002_20200623_082318(5),1,0.6989303827285767,0.525387515392022,0.6989303827285767,interior
1_002_20200623_082318(5),2,0.0,0.43613539346345515,0.7089748978614807,edge
1_002_20200623_123032(7),0,0.6731303334236145,0.6712162920001271,0.6731303334236145,band_end
1_002_20200623_123032(7),1,0.7144127488136292,0.5797432218605857,0.7144127488136292,interior
1_002_20200623_123032(7),2,0.6916310787200928,0.6831047211662108,0.6916310787200928,edge
1_002_20200623_123036(5),0,0.6949871182441711,0.6943259664836855,0.6949871182441711,band_end
1_002_20200623_123036(5),1,0.6478561758995056,0.7149133531985323,0.6478561758995056,interior
1_002_20200623_123036(5),2,0.6960346102714539,0.8613393950535592,0.6960346102714539,edge
1_002_20200623_123040(5),0,0.6541081070899963,0.6379055167524663,0.6541081070899963,band_end
1_002_20200623_123040(5),1,0.6674189567565918,0.6961792095701312,0.6674189567565918,interior
1_002_20200623_123040(5),2,0.6511707305908203,0.6812449766006088,0.6511707305908203,edge
1_002_20200623_123044(3),0,0.6671215891838074,0.8506018240182988,0.6671215891838074,band_end
1_002_20200623_123044(3),1,0.668450117111206,0.699995618154608,0.668450117111206,interior
1_002_20200623_123044(3),2,0.6559453010559082,0.6923587857411435,0.6559453010559082,edge
1_002_20200623_123048(4),0,0.6405813694000244,0.8711090660091795,0.6405813694000244,band_end
1_002_20200623_123048(4),1,0.6574021577835083,0.7611832024957894,0.6574021577835083,interior
1_002_20200623_123048(4),2,0.634269654750824,0.7796051375696289,0.634269654750824,edge
1_002_20200623_123052(5),0,0.6506925225257874,0.8287072528310622,0.6506925225257874,band_end
1_002_20200623_123052(5),1,0.6516289710998535,0.9184294928718402,0.6516289710998535,interior
1_002_20200623_123052(5),2,0.6966544389724731,0.8055011890972709,0.6966544389724731,edge
1_002_20200623_163039(5),0,0.6251691579818726,0.6784022524281846,0.6251691579818726,band_end
1_002_20200623_163039(5),1,0.6952823996543884,0.6744351828746006,0.6952823996543884,interior
1_002_20200623_163039(5),2,0.6505369544029236,0.6769117643568884,0.6505369544029236,edge
1_002_20200623_163043(7),0,0.6524261236190796,0.5151860378247503,0.6524261236190796,band_end
1_002_20200623_163043(7),1,0.6790090203285217,0.7428708688578547,0.6790090203285217,interior
1_002_20200623_163043(7),2,0.6685839295387268,0.8512667643652253,0.6685839295387268,edge
1_002_20200623_163047(6),0,0.6532691717147827,0.6654130520179198,0.6532691717147827,band_end
1_002_20200623_163047(6),1,0.6349952220916748,0.8459652666002512,0.6349952220916748,interior
1_002_20200623_163047(6),2,0.0,0.4827607778889582,0.6310647130012512,edge
1_002_20200623_163051(7),0,0.6236458420753479,0.7992776311222708,0.6236458420753479,band_end
1_002_20200623_163051(7),1,0.6858276724815369,0.6542479622576715,0.6858276724815369,interior
1_002_20200623_163051(7),2,0.656229555606842,0.6410303880479996,0.656229555606842,edge
1_002_20200623_163055(6),0,0.6818193197250366,0.69855760141013,0.6818193197250366,band_end
1_002_20200623_163055(6),1,0.6780924797058105,0.5882492507399837,0.6780924797058105,interior
1_002_20200623_163055(6),2,0.6335105895996094,0.7330013049855384,0.6335105895996094,edge
1_002_20200623_163059(6),0,0.6436768770217896,0.7710881913280193,0.6436768770217896,band_end
1_002_20200623_163059(6),1,0.6976163387298584,0.7214954653271022,0.6976163387298584,interior
1_002_20200623_163059(6),2,0.7031680941581726,0.7726932113088137,0.7031680941581726,edge
1_002_20200623_203040(4),0,0.6492288708686829,0.7342018146199317,0.6492288708686829,band_end
1_002_20200623_203040(4),1,0.0,0.44936656739513925,0.6876559257507324,interior
1_002_20200623_203040(4),2,0.6973899006843567,0.8023242485569642,0.6973899006843567,edge
1_002_20200623_203044(0),0,0.69618159532547,0.5659127187105741,0.69618159532547,band_end
1_002_20200623_203044(0),1,0.729515016078949,0.559595486163999,0.729515016078949,interior
1_002_20200623_203044(0),2,0.679884135723114,0.7684489622113507,0.679884135723114,edge
1_002_20200623_203047(7),0,0.6443814635276794,0.5557327479475646,0.6443814635276794,band_end
1_002_20200623_203047(7),1,0.6881494522094727,0.6421484270122699,0.6881494522094727,interior
1_002_20200623_203047(7),2,0.6947961449623108,0.6475256818345698,0.6947961449623108,edge
1_002_20200623_203051(2),0,0.6622576117515564,0.8662380555848341,0.6622576117515564,band_end
1_002_20200623_203051(2),1,0.6637401580810547,0.8438019486168281,0.6637401580810547,interior
1_002_20200623_203051(2),2,0.7019932866096497,0.7148806366644308,0.7019932866096497,edge
1_002_20200623_203054(7),0,0.6652501821517944,0.6192718027822085,0.6652501821517944,band_end
1_002_20200623_203054(7),1,0.6856839060783386,0.7060317115115268,0.6856839060783386,interior
1_002_20200623_203054(7),2,0.6764140129089355,0.7089193540645202,0.6764140129089355,edge
1_002_20200623_203058(3),0,0.6619259715080261,0.6085893088088484,0.6619259715080261,band_end
1_002_20200623_203058(3),1,0.6273742318153381,0.6129608615340355,0.6273742318153381,interior
1_002_20200623_203058(3),2,0.6993345618247986,0.8564740759496866,0.6993345618247986,edge
1_002_20200624_003107(0),0,0.6493169069290161,0.7023916150966981,0.6493169069290161,band_end
1_002_20200624_003107(0),1,0.6930078864097595,0.6838173043876011,0.6930078864097595,interior
1_002_20200624_003107(0),2,0.6117809414863586,0.7559607922115752,0.6117809414863586,edge
1_002_20200624_003111(0),0,0.6704754829406738,0.8364598865037552,0.6704754829406738,band_end
1_002_20200624_003111(0),1,0.6364646553993225,0.7093573481126257,0.6364646553993225,interior
1_002_20200624_003111(0),2,0.6807631254196167,0.8164501420565494,0.6807631254196167,edge
1_002_20200624_003115(1),0,0.66305011510849,0.8444784941516774,0.66305011510849,band_end
1_002_20200624_003115(1),1,0.6741071343421936,0.8642504665845923,0.6741071343421936,interior
1_002_20200624_003115(1),2,0.6788039207458496,0.8655291902310042,0.6788039207458496,edge
1_002_20200624_003119(1),0,0.6525231599807739,0.7896075265063501,0.6525231599807739,band_end
1_002_20200624_003119(1),1,0.6526344418525696,0.7343503922650969,0.6526344418525696,interior
1_002_20200624_003119(1),2,0.6557930707931519,0.8122511997288561,0.6557930707931519,edge
1_002_20200624_003123(1),0,0.6778207421302795,0.6260647584167947,0.6778207421302795,band_end
1_002_20200624_003123(1),1,0.6784167885780334,0.6209572832906164,0.6784167885780334,interior
1_002_20200624_003123(1),2,0.6624261140823364,0.6490535755004996,0.6624261140823364,edge
1_002_20200624_003127(0),0,0.6627918481826782,0.8120229877177223,0.6627918481826782,band_end
1_002_20200624_003127(0),1,0.6784425377845764,0.849243708615874,0.6784425377845764,interior
1_002_20200624_003127(0),2,0.6383464932441711,0.6840127117102718,0.6383464932441711,edge
1_002_20200624_043128(1),0,0.6981300115585327,0.7254635962423723,0.6981300115585327,band_end
1_002_20200624_043128(1),1,0.6432636380195618,0.6580955613002226,0.6432636380195618,interior
1_002_20200624_043128(1),2,0.6512999534606934,0.6912122812351771,0.6512999534606934,edge
1_002_20200624_043132(2),0,0.6913279891014099,0.6794699545596016,0.6913279891014099,band_end
1_002_20200624_043132(2),1,0.6581000685691833,0.7560312186689955,0.6581000685691833,interior
1_002_20200624_043132(2),2,0.6906573176383972,0.6975157903278316,0.6906573176383972,edge
1_002_20200624_043136(1),0,0.6908586025238037,0.6526269528059413,0.6908586025238037,band_end
1_002_20200624_043136(1),1,0.6564808487892151,0.6520040200897609,0.6564808487892151,interior
1_002_20200624_043136(1),2,0.6713645458221436,0.6194024891627472,0.6713645458221436,edge
1_002_20200624_043140(2),0,0.6897671818733215,0.7001938245828367,0.6897671818733215,band_end
1_002_20200624_043140(2),1,0.651317834854126,0.6522771005941279,0.651317834854126,interior
1_002_20200624_043140(2),2,0.6654080748558044,0.6834279433175295,0.6654080748558044,edge
1_002_20200624_043144(2),0,0.6721320152282715,0.6831311314857617,0.6721320152282715,band_end
1_002_20200624_043144(2),1,0.6670849919319153,0.7487885930018712,0.6670849919319153,interior
1_002_20200624_043144(2),2,0.6771807074546814,0.6081274608064936,0.6771807074546814,edge
1_002_20200624_043148(1),0,0.6951622366905212,0.7956501649352654,0.6951622366905212,band_end
1_002_20200624_043148(1),1,0.6749240159988403,0.6440834250228458,0.6749240159988403,interior
1_002_20200624_043148(1),2,0.6862034201622009,0.7560694874426043,0.6862034201622009,edge
1_002_20200624_083045(5),0,0.6385489106178284,0.6559555802731911,0.6385489106178284,band_end
1_002_20200624_083045(5),1,0.6683114767074585,0.6841958899626095,0.6683114767074585,interior
1_002_20200624_083045(5),2,0.7076401710510254,0.6680025461068327,0.7076401710510254,edge
1_002_20200624_083049(6),0,0.6878172755241394,0.7548768734616172,0.6878172755241394,band_end
1_002_20200624_083049(6),1,0.7030402421951294,0.6532930076594919,0.7030402421951294,interior
1_002_20200624_083049(6),2,0.6843781471252441,0.7501294364923048,0.6843781471252441,edge
1_002_20200624_083053(3),0,0.6657686829566956,0.8339051229976572,0.6657686829566956,band_end
1_002_20200624_083053(3),1,0.6805335283279419,0.8226519584825792,0.6805335283279419,interior
1_002_20200624_083053(3),2,0.6562097668647766,0.8350529855869414,0.6562097668647766,edge
1_002_20200624_083057(4),0,0.667616069316864,0.5549264997413212,0.667616069316864,band_end
1_002_20200624_083057(4),1,0.6648194193840027,0.637915376343087,0.6648194193840027,interior
1_002_20200624_083057(4),2,0.6741099953651428,0.6968203847788791,0.6741099953651428,edge
1_002_20200624_083101(4),0,0.5889262557029724,0.8142813905336274,0.5889262557029724,band_end
1_002_20200624_083101(4),1,0.7075523734092712,0.793922745843287,0.7075523734092712,interior
1_002_20200624_083101(4),2,0.6669960618019104,0.7776136299589238,0.6669960618019104,edge
1_002_20200624_083105(5),0,0.6512104272842407,0.7070262885664758,0.6512104272842407,band_end
1_002_20200624_083105(5),1,0.6905704736709595,0.8378911075501083,0.6905704736709595,interior
1_002_20200624_083105(5),2,0.6637105345726013,0.8478973915792513,0.6637105345726013,edge
1_002_20200624_123122(6),0,0.7032250761985779,0.6949228302405845,0.7032250761985779,band_end
1_002_20200624_123122(6),1,0.6923090815544128,0.6301529536015141,0.6923090815544128,interior
1_002_20200624_123122(6),2,0.6643286347389221,0.684364424602616,0.6643286347389221,edge
1_002_20200624_123126(4),0,0.6868069767951965,0.5171133185581227,0.6868069767951965,band_end
1_002_20200624_123126(4),1,0.6658263206481934,0.5343783232957312,0.6658263206481934,interior
1_002_20200624_123126(4),2,0.6429868340492249,0.6782435256748943,0.6429868340492249,edge
1_002_20200624_123129(9),0,0.651728630065918,0.7604521819822205,0.651728630065918,band_end
1_002_20200624_123129(9),1,0.669500470161438,0.8293519443157227,0.669500470161438,interior
1_002_20200624_123129(9),2,0.6738894581794739,0.6803824702349165,0.6738894581794739,edge
1_002_20200624_123133(0),0,0.6561275720596313,0.6038395190970645,0.6561275720596313,band_end
1_002_20200624_123133(0),1,0.6428257822990417,0.6642795779298012,0.6428257822990417,interior
1_002_20200624_123133(0),2,0.6264850497245789,0.5889427774381477,0.6264850497245789,edge
1_002_20200624_123136(5),0,0.664814293384552,0.681112485400945,0.664814293384552,band_end
1_002_20200624_123136(5),1,0.6487323045730591,0.7439564378046296,0.6487323045730591,interior
1_002_20200624_123136(5),2,0.6758912205696106,0.9086361515243899,0.6758912205696106,edge
1_002_20200624_123143(7),0,0.6770315766334534,0.6880327046532256,0.6770315766334534,band_end
1_002_20200624_123143(7),1,0.697960615158081,0.599234953162853,0.697960615158081,interior
1_002_20200624_123143(7),2,0.6364973187446594,0.70684269986814,0.6364973187446594,edge
1_002_20200624_162522(0),0,0.6843823194503784,0.8680212373097271,0.6843823194503784,band_end
1_002_20200624_162522(0),1,0.6982046961784363,0.8808884068627695,0.6982046961784363,interior
1_002_20200624_162522(0),2,0.6991096138954163,0.8281383117279038,0.6991096138954163,edge
1_002_20200624_162527(8),0,0.6738893389701843,0.8414058083804618,0.6738893389701843,band_end
1_002_20200624_162527(8),1,0.6829974055290222,0.7767406815658705,0.6829974055290222,interior
1_002_20200624_162527(8),2,0.7115985155105591,0.7718006128378573,0.7115985155105591,edge
1_002_20200624_162531(7),0,0.6825217008590698,0.7531005247182626,0.6825217008590698,band_end
1_002_20200624_162531(7),1,0.6100783348083496,0.6792011874973943,0.6100783348083496,interior
1_002_20200624_162531(7),2,0.6461230516433716,0.7168345881525746,0.6461230516433716,edge
1_002_20200624_162536(8),0,0.6417178511619568,0.691311425448158,0.6417178511619568,band_end
1_002_20200624_162536(8),1,0.6635755896568298,0.7408904856108057,0.6635755896568298,interior
1_002_20200624_162536(8),2,0.6623145937919617,0.6307989935156302,0.6623145937919617,edge
1_002_20200624_162540(3),0,0.6565634608268738,0.6264217384859819,0.6565634608268738,band_end
1_002_20200624_162540(3),1,0.0,0.47207660336668295,0.6708130240440369,interior
1_002_20200624_162540(3),2,0.669466495513916,0.7552453996871329,0.669466495513916,edge
1_002_20200624_162543(7),0,0.6405889391899109,0.6908460004410396,0.6405889391899109,band_end
1_002_20200624_162543(7),1,0.6349763870239258,0.5106517576302091,0.6349763870239258,interior
1_002_20200624_162543(7),2,0.5967738628387451,0.539562582038343,0.5967738628387451,edge
1_002_20200624_203003(9),0,0.6766595840454102,0.6282843715162016,0.6766595840454102,band_end
1_002_20200624_203003(9),1,0.6006803512573242,0.6652329489588737,0.6006803512573242,interior
1_002_20200624_203003(9),2,0.6761490702629089,0.657442953001981,0.6761490702629089,edge
1_002_20200624_203012(9),0,0.711107611656189,0.7814464416820556,0.711107611656189,band_end
1_002_20200624_203012(9),1,0.6794753670692444,0.6661968973719261,0.6794753670692444,interior
1_002_20200624_203012(9),2,0.6682676672935486,0.7557952056876099,0.6682676672935486,edge
1_002_20200624_203017(4),0,0.6652242541313171,0.6977941040493685,0.6652242541313171,band_end
1_002_20200624_203017(4),1,0.6945854425430298,0.6815145430327711,0.6945854425430298,interior
1_002_20200624_203017(4),2,0.0,0.4711612222289052,0.7354646921157837,edge
1_002_20200624_203021(9),0,0.6574884057044983,0.661559343179178,0.6574884057044983,band_end
1_002_20200624_203021(9),1,0.6479313373565674,0.7245429433261354,0.6479313373565674,interior
1_002_20200624_203021(9),2,0.6524713039398193,0.7179747094446793,0.6524713039398193,edge
1_002_20200624_203026(4),0,0.7010239362716675,0.777300440701645,0.7010239362716675,band_end
1_002_20200624_203026(4),1,0.6472194790840149,0.759392450914299,0.6472194790840149,interior
1_002_20200624_203026(4),2,0.6960715055465698,0.6322878129462501,0.6960715055465698,edge
1_002_20200624_203044(4),0,0.6674913167953491,0.705330853330691,0.6674913167953491,band_end
1_002_20200624_203044(4),1,0.6288688778877258,0.5940929968288391,0.6288688778877258,interior
1_002_20200624_203044(4),2,0.7107753157615662,0.582556913153076,0.7107753157615662,edge
1_002_20200625_003116(4),0,0.5945106148719788,0.7452341291236573,0.5945106148719788,band_end
1_002_20200625_003116(4),1,0.5750752687454224,0.6791495623865357,0.5750752687454224,interior
1_002_20200625_003116(4),2,0.6138713955879211,0.7204958602716807,0.6138713955879211,edge
1_002_20200625_003120(7),0,0.0,0.47526211035856486,0.5918281078338623,band_end
1_002_20200625_003120(7),1,0.5683320760726929,0.528007518200736,0.5683320760726929,interior
1_002_20200625_003120(7),2,0.5652900338172913,0.5232672559780782,0.5652900338172913,edge
1_002_20200625_003125(4),0,0.5886583924293518,0.5791166197762041,0.5886583924293518,band_end
1_002_20200625_003125(4),1,0.5697644352912903,0.7049160071279756,0.5697644352912903,interior
1_002_20200625_003125(4),2,0.5172518491744995,0.7436471044115476,0.5172518491744995,edge
1_002_20200625_003130(0),0,0.6031172275543213,0.7016899818899455,0.6031172275543213,band_end
1_002_20200625_003130(0),1,0.602655827999115,0.8335242337068647,0.602655827999115,interior
1_002_20200625_003130(0),2,0.5605796575546265,0.8084149278800236,0.5605796575546265,edge
1_002_20200625_003134(4),0,0.6101252436637878,0.649547156935804,0.6101252436637878,band_end
1_002_20200625_003134(4),1,0.6063007712364197,0.7516776358243078,0.6063007712364197,interior
1_002_20200625_003134(4),2,0.5196132063865662,0.6555700333439193,0.5196132063865662,edge
1_002_20200625_003139(0),0,0.6099252104759216,0.7344829715738797,0.6099252104759216,band_end
1_002_20200625_003139(0),1,0.5710811018943787,0.8193764616990854,0.5710811018943787,interior
1_002_20200625_003139(0),2,0.5233857035636902,0.6529279940860414,0.5233857035636902,edge
1_002_20200625_042934(9),0,0.6266288757324219,0.7266065260541436,0.6266288757324219,band_end
1_002_20200625_042934(9),1,0.5482114553451538,0.6897590235310459,0.5482114553451538,interior
1_002_20200625_042934(9),2,0.5306892395019531,0.671052682730655,0.5306892395019531,edge
1_002_20200625_042939(2),0,0.6124576926231384,0.7866744760796428,0.6124576926231384,band_end
1_002_20200625_042939(2),1,0.53400719165802,0.5854503967027137,0.53400719165802,interior
1_002_20200625_042939(2),2,0.5406674742698669,0.7660717169390954,0.5406674742698669,edge
1_002_20200625_042943(7),0,0.618720531463623,0.6616290274537624,0.618720531463623,band_end
1_002_20200625_042943(7),1,0.5213758945465088,0.6663200816452508,0.5213758945465088,interior
1_002_20200625_042943(7),2,0.5320450067520142,0.6342917698520975,0.5320450067520142,edge
1_002_20200625_042948(3),0,0.6241744160652161,0.7692141841387429,0.6241744160652161,band_end
1_002_20200625_042948(3),1,0.5717889666557312,0.811805623596622,0.5717889666557312,interior
1_002_20200625_042948(3),2,0.5553023815155029,0.5733949372028404,0.5553023815155029,edge
1_002_20200625_042952(8),0,0.6143677234649658,0.8976837538534022,0.6143677234649658,band_end
1_002_20200625_042952(8),1,0.570771336555481,0.621235494049697,0.570771336555481,interior
1_002_20200625_042952(8),2,0.6138496994972229,0.8851791410408159,0.6138496994972229,edge
1_002_20200625_042957(3),0,0.5758799314498901,0.5466879105290272,0.5758799314498901,band_end
1_002_20200625_042957(3),1,0.5406152009963989,0.6927976199006661,0.5406152009963989,interior
1_002_20200625_042957(3),2,0.4654671549797058,0.6123029074144423,0.4654671549797058,edge
1_002_20200714_042641(8),0,0.0,0.45002795425243286,0.633114755153656,band_end
1_002_20200714_042641(8),1,0.5134218335151672,0.6246502137404274,0.5134218335151672,interior
1_002_20200714_042641(8),2,0.5425670742988586,0.6083474109681575,0.5425670742988586,edge
1_002_20200714_083054(2),0,0.611758291721344,0.523476087612158,0.611758291721344,band_end
1_002_20200714_083054(2),1,0.5517292022705078,0.7323432295350215,0.5517292022705078,interior
1_002_20200714_083054(2),2,0.504189670085907,0.7348654385657906,0.504189670085907,edge
1_002_20200714_083057(5),0,0.0,0.48605021876401017,0.5790655016899109,band_end
1_002_20200714_083057(5),1,0.5244231820106506,0.5649736180049132,0.5244231820106506,interior
1_002_20200714_083057(5),2,0.585675835609436,0.5438488713250914,0.585675835609436,edge
1_002_20200714_083101(7),0,0.5735512375831604,0.7262772142248922,0.5735512375831604,band_end
1_002_20200714_083101(7),1,0.5542580485343933,0.5866775929759162,0.5542580485343933,interior
1_002_20200714_083101(7),2,0.5657243728637695,0.5762724143688382,0.5657243728637695,edge
1_002_20200714_083106(2),0,0.6121078133583069,0.79948198073689,0.6121078133583069,band_end
1_002_20200714_083106(2),1,0.5743293166160583,0.7781677534075749,0.5743293166160583,interior
1_002_20200714_083106(2),2,0.6027523279190063,0.7699813332714799,0.6027523279190063,edge
1_002_20200714_083110(8),0,0.6054190397262573,0.7610290263466588,0.6054190397262573,band_end
1_002_20200714_083110(8),1,0.6361668705940247,0.63083681454819,0.6361668705940247,interior
1_002_20200714_083110(8),2,0.5542147755622864,0.7734962953995123,0.5542147755622864,edge
1_002_20200714_083115(1),0,0.5927352905273438,0.5703548764946865,0.5927352905273438,band_end
1_002_20200714_083115(1),1,0.5478655099868774,0.5175693515519477,0.5478655099868774,interior
1_002_20200714_083115(1),2,0.503127932548523,0.7517978776054873,0.503127932548523,edge
1_002_20200714_123109(8),0,0.638117790222168,0.572685675101677,0.638117790222168,band_end
1_002_20200714_123109(8),1,0.513776957988739,0.7487009234777623,0.513776957988739,interior
1_002_20200714_123109(8),2,0.5322288274765015,0.7418341580375541,0.5322288274765015,edge
1_002_20200714_123113(1),0,0.6548469662666321,0.6815448170405585,0.6548469662666321,band_end
1_002_20200714_123113(1),1,0.5091254115104675,0.6136920705578982,0.5091254115104675,interior
1_002_20200714_123113(1),2,0.5604308843612671,0.764838223182674,0.5604308843612671,edge
1_002_20200714_123117(3),0,0.5860310792922974,0.6546014538140774,0.5860310792922974,band_end
1_002_20200714_123117(3),1,0.5154268741607666,0.6181553146954889,0.5154268741607666,interior
1_002_20200714_123117(3),2,0.5656396746635437,0.7892147643248093,0.5656396746635437,edge
1_002_20200714_123120(4),0,0.5390543937683105,0.7800209012201532,0.5390543937683105,band_end
1_002_20200714_123120(4),1,0.5398703813552856,0.798647974487683,0.5398703813552856,interior
1_002_20200714_123120(4),2,0.5231955647468567,0.6663407804204657,0.5231955647468567,edge
1_002_20200714_123123(5),0,0.5584434866905212,0.7132582646464682,0.5584434866905212,band_end
1_002_20200714_123123(5),1,0.5352473258972168,0.7262630405350138,0.5352473258972168,interior
1_002_20200714_123123(5),2,0.6218395233154297,0.6028035873029484,0.6218395233154297,edge
1_002_20200714_123126(4),0,0.6114491820335388,0.7825037863146141,0.6114491820335388,band_end
1_002_20200714_123126(4),1,0.5352046489715576,0.8310297053292232,0.5352046489715576,interior
1_002_20200714_123126(4),2,0.5505147576332092,0.7125151918184306,0.5505147576332092,edge
1_002_20200714_163046(2),0,0.5903527736663818,0.6231689371401444,0.5903527736663818,band_end
1_002_20200714_163046(2),1,0.5451981425285339,0.8193630242344244,0.5451981425285339,interior
1_002_20200714_163046(2),2,0.5449473857879639,0.7426762674003692,0.5449473857879639,edge
1_002_20200714_163049(8),0,0.6075341701507568,0.5612738263087104,0.6075341701507568,band_end
1_002_20200714_163049(8),1,0.5444019436836243,0.6218732055642725,0.5444019436836243,interior
1_002_20200714_163049(8),2,0.5344378352165222,0.6024830428386715,0.5344378352165222,edge
1_002_20200714_163053(5),0,0.6163638830184937,0.7002072794214034,0.6163638830184937,band_end
1_002_20200714_163053(5),1,0.5553827881813049,0.6427191154103378,0.5553827881813049,interior
1_002_20200714_163053(5),2,0.6136820912361145,0.7512308704023324,0.6136820912361145,edge
1_002_20200714_163056(8),0,0.5650502443313599,0.6239006170960651,0.5650502443313599,band_end
1_002_20200714_163056(8),1,0.5848706364631653,0.7456123778477927,0.5848706364631653,interior
1_002_20200714_163056(8),2,0.5914847254753113,0.6253509579847256,0.5914847254753113,edge
1_002_20200714_163100(2),0,0.0,0.49836271558266143,0.5829930901527405,band_end
1_002_20200714_163100(2),1,0.5553331971168518,0.745411447562585,0.5553331971168518,interior
1_002_20200714_163100(2),2,0.5441176891326904,0.7671139129903092,0.5441176891326904,edge
1_002_20200714_163103(5),0,0.5710846781730652,0.601759314173958,0.5710846781730652,band_end
1_002_20200714_163103(5),1,0.5310031175613403,0.7354758716910045,0.5310031175613403,interior
1_002_20200714_163103(5),2,0.0,0.4779616980257557,0.5989935398101807,edge
1_002_20200714_225756(0),0,0.6031303405761719,0.7853691898782764,0.6031303405761719,band_end
1_002_20200714_225756(0),1,0.5675143599510193,0.7419189486165086,0.5675143599510193,interior
1_002_20200714_225756(0),2,0.609703004360199,0.7617805578533537,0.609703004360199,edge
1_002_20200714_225759(8),0,0.5787118077278137,0.6772594266757215,0.5787118077278137,band_end
1_002_20200714_225759(8),1,0.5757646560668945,0.6167208836883001,0.5757646560668945,interior
1_002_20200714_225759(8),2,0.5263064503669739,0.6325541053608097,0.5263064503669739,edge
1_002_20200714_225803(3),0,0.589137852191925,0.7273189131232051,0.589137852191925,band_end
1_002_20200714_225803(3),1,0.5083764791488647,0.6626816617875554,0.5083764791488647,interior
1_002_20200714_225803(3),2,0.6184318661689758,0.6823488132725973,0.6184318661689758,edge
1_002_20200714_225807(3),0,0.575557291507721,0.5110830318361546,0.575557291507721,band_end
1_002_20200714_225807(3),1,0.5316464900970459,0.6569387425978979,0.5316464900970459,interior
1_002_20200714_225807(3),2,0.5815324783325195,0.689496488980719,0.5815324783325195,edge
1_002_20200714_225810(5),0,0.5731769800186157,0.7067435199314265,0.5731769800186157,band_end
1_002_20200714_225810(5),1,0.5414958596229553,0.82044405927598,0.5414958596229553,interior
1_002_20200714_225810(5),2,0.49901050329208374,0.8598254368934579,0.49901050329208374,edge
1_002_20200714_225817(4),0,0.5725956559181213,0.6703545459263481,0.5725956559181213,band_end
1_002_20200714_225817(4),1,0.5430614948272705,0.7071008868818289,0.5430614948272705,interior
1_002_20200714_225817(4),2,0.5486952066421509,0.7466736219799673,0.5486952066421509,edge
1_002_20200905_123103(4),0,0.6501902341842651,0.6357191487808119,0.6501902341842651,band_end
1_002_20200905_123103(4),1,0.5982567071914673,0.6871886156695436,0.5982567071914673,interior
1_002_20200905_123103(4),2,0.557877242565155,0.7079702785039276,0.557877242565155,edge
1_002_20200905_123107(5),0,0.5673473477363586,0.5227827345246844,0.5673473477363586,band_end
1_002_20200905_123107(5),1,0.6027847528457642,0.5634204614695839,0.6027847528457642,interior
1_002_20200905_123107(5),2,0.5647993087768555,0.6520010423793626,0.5647993087768555,edge
1_002_20200905_123111(6),0,0.6453713774681091,0.6878303769046896,0.6453713774681091,band_end
1_002_20200905_123111(6),1,0.6235373020172119,0.7783700086599724,0.6235373020172119,interior
1_002_20200905_123111(6),2,0.5859306454658508,0.7967641114214943,0.5859306454658508,edge
1_002_20200905_163920(4),0,0.6612406969070435,0.6074589274314347,0.6612406969070435,band_end
1_002_20200905_163920(4),1,0.6380323767662048,0.6548952106806439,0.6380323767662048,interior
1_002_20200905_163920(4),2,0.6022155284881592,0.6270010226814354,0.6022155284881592,edge
1_002_20200905_163924(2),0,0.6806698441505432,0.5953921563463447,0.6806698441505432,band_end
1_002_20200905_163924(2),1,0.6806469559669495,0.7297886389237892,0.6806469559669495,interior
1_002_20200905_163924(2),2,0.6540443897247314,0.7292489406101338,0.6540443897247314,edge
1_002_20200905_163928(3),0,0.6362997889518738,0.6859044138475375,0.6362997889518738,band_end
1_002_20200905_163928(3),1,0.5765894055366516,0.8136001232286542,0.5765894055366516,interior
1_002_20200905_163928(3),2,0.6577110886573792,0.6832524069340318,0.6577110886573792,edge
1_002_20200905_163932(3),0,0.6132606863975525,0.729101137330872,0.6132606863975525,band_end
1_002_20200905_163932(3),1,0.5986860990524292,0.718364026513882,0.5986860990524292,interior
1_002_20200905_163932(3),2,0.6337071061134338,0.6867822607009051,0.6337071061134338,edge
1_002_20200905_163936(3),0,0.6386251449584961,0.8200295117776761,0.6386251449584961,band_end
1_002_20200905_163936(3),1,0.5888197422027588,0.8020086930312104,0.5888197422027588,interior
1_002_20200905_163936(3),2,0.6685925126075745,0.6407083832845092,0.6685925126075745,edge
1_002_20200905_163940(2),0,0.5937420725822449,0.7033459163810796,0.5937420725822449,band_end
1_002_20200905_163940(2),1,0.7126461267471313,0.588588462614092,0.7126461267471313,interior
1_002_20200905_163940(2),2,0.6458873748779297,0.8073038609514225,0.6458873748779297,edge
1_002_20200905_203836(3),0,0.5812970995903015,0.6865613064758157,0.5812970995903015,band_end
1_002_20200905_203836(3),1,0.6539703607559204,0.6318482993655615,0.6539703607559204,interior
1_002_20200905_203836(3),2,0.6206274628639221,0.682897907822958,0.6206274628639221,edge
1_002_20200905_203840(3),0,0.6093234419822693,0.9078690812773542,0.6093234419822693,band_end
1_002_20200905_203840(3),1,0.5707852244377136,0.8181130955865095,0.5707852244377136,interior
1_002_20200905_203840(3),2,0.5865143537521362,0.8804911214423486,0.5865143537521362,edge
1_002_20200905_203844(2),0,0.6184675693511963,0.549108574842265,0.6184675693511963,band_end
1_002_20200905_203844(2),1,0.570067286491394,0.6154250638392231,0.570067286491394,interior
1_002_20200905_203844(2),2,0.6206501722335815,0.5816134661737427,0.6206501722335815,edge
1_002_20200905_203848(4),0,0.6070095896720886,0.7249321418814361,0.6070095896720886,band_end
1_002_20200905_203848(4),1,0.6091137528419495,0.9024265090378726,0.6091137528419495,interior
1_002_20200905_203848(4),2,0.6025316119194031,0.8040334582328796,0.6025316119194031,edge
1_002_20200905_203856(3),0,0.0,0.4189280631857918,0.6225593686103821,band_end
1_002_20200905_203856(3),1,0.6729514598846436,0.5528559204153789,0.6729514598846436,interior
1_002_20200905_203856(3),2,0.6675920486450195,0.6119244079587921,0.6675920486450195,edge
1_002_20200905_203900(3),0,0.639802873134613,0.681433925511212,0.639802873134613,band_end
1_002_20200905_203900(3),1,0.5663833618164062,0.8134580353171461,0.5663833618164062,interior
1_002_20200905_203900(3),2,0.5676969289779663,0.7688660158628939,0.5676969289779663,edge
1_002_20200906_003059(0),0,0.7199902534484863,0.7132719604085745,0.7199902534484863,band_end
1_002_20200906_003059(0),1,0.6217116713523865,0.6383124217668695,0.6217116713523865,interior
1_002_20200906_003059(0),2,0.6000762581825256,0.6588512920645047,0.6000762581825256,edge
1_002_20200906_003114(8),0,0.7056072950363159,0.6634285221946263,0.7056072950363159,band_end
1_002_20200906_003114(8),1,0.6508198380470276,0.6395539021393045,0.6508198380470276,interior
1_002_20200906_003114(8),2,0.6501755714416504,0.6794924366687961,0.6501755714416504,edge
1_002_20200906_003118(7),0,0.6623350977897644,0.8635242986949017,0.6623350977897644,band_end
1_002_20200906_003118(7),1,0.6596053838729858,0.8207356267166491,0.6596053838729858,interior
1_002_20200906_003118(7),2,0.6687654852867126,0.8196200257758428,0.6687654852867126,edge
1_002_20200906_003122(7),0,0.665922224521637,0.7210739460788986,0.665922224521637,band_end
1_002_20200906_003122(7),1,0.700832188129425,0.7839670431685999,0.700832188129425,interior
1_002_20200906_003122(7),2,0.6709936261177063,0.7450376059434081,0.6709936261177063,edge
1_002_20200906_003126(8),0,0.6904603242874146,0.7168183505687992,0.6904603242874146,band_end
1_002_20200906_003126(8),1,0.6648240089416504,0.6448735409852495,0.6648240089416504,interior
1_002_20200906_003126(8),2,0.6770063638687134,0.6914532924789952,0.6770063638687134,edge
1_002_20200906_003132(7),0,0.6260737180709839,0.5366612164393456,0.6260737180709839,band_end
1_002_20200906_003132(7),1,0.6717492341995239,0.5689568327781215,0.6717492341995239,interior
1_002_20200906_003132(7),2,0.6471969485282898,0.5511414855740864,0.6471969485282898,edge
2_002_20200622_203136(3),0,0.6695647239685059,0.7063034944527956,0.6695647239685059,band_end
2_002_20200622_203136(3),1,0.6180789470672607,0.5546226328571079,0.6180789470672607,interior
2_002_20200622_203136(3),2,0.6317763924598694,0.5653778673638935,0.6317763924598694,edge
2_002_20200622_203140(8),0,0.6653019785881042,0.6999034546398332,0.6653019785881042,band_end
2_002_20200622_203140(8),1,0.6806203722953796,0.7303294993752798,0.6806203722953796,interior
2_002_20200622_203140(8),2,0.6579493880271912,0.7257604551511806,0.6579493880271912,edge
2_002_20200622_203145(3),0,0.6462491154670715,0.7644371962228076,0.6462491154670715,band_end
2_002_20200622_203145(3),1,0.6330212950706482,0.8645861380857622,0.6330212950706482,interior
2_002_20200622_203145(3),2,0.640964925289154,0.6993337716695689,0.640964925289154,edge
2_002_20200622_203149(8),0,0.7152364253997803,0.715383254373447,0.7152364253997803,band_end
2_002_20200622_203149(8),1,0.6510505080223083,0.6462228175669755,0.6510505080223083,interior
2_002_20200622_203149(8),2,0.6463284492492676,0.609996335655573,0.6463284492492676,edge
2_002_20200622_203154(3),0,0.6685012578964233,0.5576346389179541,0.6685012578964233,band_end
2_002_20200622_203154(3),1,0.6421743035316467,0.7552402131456836,0.6421743035316467,interior
2_002_20200622_203154(3),2,0.6413136720657349,0.5837295423266736,0.6413136720657349,edge
2_002_20200622_203158(8),0,0.6718423366546631,0.7905050496599186,0.6718423366546631,band_end
2_002_20200622_203158(8),1,0.6201702952384949,0.7736865957577436,0.6201702952384949,interior
2_002_20200622_203158(8),2,0.6641581058502197,0.8252465337650501,0.6641581058502197,edge
2_002_20200623_003351(2),0,0.7157443761825562,0.9462261995577739,0.7157443761825562,band_end
2_002_20200623_003351(2),1,0.6648614406585693,0.8564734056623,0.6648614406585693,interior
2_002_20200623_003351(2),2,0.6779980659484863,0.9422714847901321,0.6779980659484863,edge
2_002_20200623_003355(7),0,0.6211151480674744,0.8489131391006732,0.6211151480674744,band_end
2_002_20200623_003355(7),1,0.6557875871658325,0.7357564699154961,0.6557875871658325,interior
2_002_20200623_003355(7),2,0.6854066252708435,0.7587043818268069,0.6854066252708435,edge
2_002_20200623_003400(2),0,0.6981475353240967,0.5871923633557568,0.6981475353240967,band_end
2_002_20200623_003400(2),1,0.7084376811981201,0.634276896335542,0.7084376811981201,interior
2_002_20200623_003400(2),2,0.7179068326950073,0.6596130904526756,0.7179068326950073,edge
2_002_20200623_003404(7),0,0.6713098287582397,0.7905651279421789,0.6713098287582397,band_end
2_002_20200623_003404(7),1,0.6915746331214905,0.8087095150049751,0.6915746331214905,interior
2_002_20200623_003404(7),2,0.6962816715240479,0.7912403311389071,0.6962816715240479,edge
2_002_20200623_003409(2),0,0.7374967932701111,0.6054117857885774,0.7374967932701111,band_end
2_002_20200623_003409(2),1,0.6859519481658936,0.7259665395884755,0.6859519481658936,interior
2_002_20200623_003409(2),2,0.6994560956954956,0.5319432445727031,0.6994560956954956,edge
2_002_20200623_003413(7),0,0.6970664262771606,0.8787290589087573,0.6970664262771606,band_end
2_002_20200623_003413(7),1,0.6729970574378967,0.8413449503860188,0.6729970574378967,interior
2_002_20200623_003413(7),2,0.7001669406890869,0.8056701633508103,0.7001669406890869,edge
2_002_20200623_043056(0),0,0.679961085319519,0.8043641369448236,0.679961085319519,band_end
2_002_20200623_043056(0),1,0.6695961952209473,0.8132389256078031,0.6695961952209473,interior
2_002_20200623_043056(0),2,0.721237063407898,0.8145842890435537,0.721237063407898,edge
2_002_20200623_043100(6),0,0.6712291836738586,0.6769784820223739,0.6712291836738586,band_end
2_002_20200623_043100(6),1,0.6986685395240784,0.8461945983544834,0.6986685395240784,interior
2_002_20200623_043100(6),2,0.6882970929145813,0.6398039878161402,0.6882970929145813,edge
2_002_20200623_043105(0),0,0.6333508491516113,0.7175270660540645,0.6333508491516113,band_end
2_002_20200623_043105(0),1,0.6623268723487854,0.7749938888403789,0.6623268723487854,interior
2_002_20200623_043105(0),2,0.6766234636306763,0.6566380540441189,0.6766234636306763,edge
2_002_20200623_043109(4),0,0.7520207762718201,0.5176367850580198,0.7520207762718201,band_end
2_002_20200623_043109(4),1,0.6861820816993713,0.5468510277825696,0.6861820816993713,interior
2_002_20200623_043109(4),2,0.686317503452301,0.7372150009077315,0.686317503452301,edge
2_002_20200623_043115(4),0,0.0,0.47989145091688523,0.6833511590957642,band_end
2_002_20200623_043115(4),1,0.7428941130638123,0.8371687085567024,0.7428941130638123,interior
2_002_20200623_043115(4),2,0.6373206973075867,0.7176157689152928,0.6373206973075867,edge
2_002_20200623_043120(0),0,0.659233570098877,0.7459320687644907,0.659233570098877,band_end
2_002_20200623_043120(0),1,0.6807198524475098,0.6326410788491778,0.6807198524475098,interior
2_002_20200623_043120(0),2,0.7185190320014954,0.7929920967091024,0.7185190320014954,edge
2_002_20200623_082249(3),0,0.6166088581085205,0.5142961491885065,0.6166088581085205,band_end
2_002_20200623_082249(3),1,0.697766125202179,0.5972692279534558,0.697766125202179,interior
2_002_20200623_082249(3),2,0.6515005826950073,0.5831946266648849,0.6515005826950073,edge
2_002_20200623_082253(8),0,0.656324565410614,0.7115574502474985,0.656324565410614,band_end
2_002_20200623_082253(8),1,0.6667144894599915,0.5524967327558746,0.6667144894599915,interior
2_002_20200623_082253(8),2,0.6532143950462341,0.7885459955047518,0.6532143950462341,edge
2_002_20200623_082258(4),0,0.6857537627220154,0.6877181693833537,0.6857537627220154,band_end
2_002_20200623_082258(4),1,0.68226557970047,0.6396281978103353,0.68226557970047,interior
2_002_20200623_082258(4),2,0.6534346342086792,0.7445270309108449,0.6534346342086792,edge
2_002_20200623_082302(7),0,0.7220495343208313,0.5455371942780787,0.7220495343208313,band_end
2_002_20200623_082302(7),1,0.7063491344451904,0.5490533696352896,0.7063491344451904,interior
2_002_20200623_082302(7),2,0.635921061038971,0.5426836453527097,0.635921061038971,edge
2_002_20200623_082307(2),0,0.7250238060951233,0.8149303082267373,0.7250238060951233,band_end
2_002_20200623_082307(2),1,0.6845011115074158,0.8232060453018841,0.6845011115074158,interior
2_002_20200623_082307(2),2,0.6719582080841064,0.7547055234572565,0.6719582080841064,edge
2_002_20200623_082311(8),0,0.6750702261924744,0.5811437595806695,0.6750702261924744,band_end
2_002_20200623_082311(8),1,0.6935065984725952,0.7263750959896907,0.6935065984725952,interior
2_002_20200623_082311(8),2,0.6937639713287354,0.7120425711216888,0.6937639713287354,edge
2_002_20200623_123042(0),0,0.6873571276664734,0.5556419333383779,0.6873571276664734,band_end
2_002_20200623_123042(0),1,0.6648537516593933,0.7330231215112515,0.6648537516593933,interior
2_002_20200623_123042(0),2,0.6754798293113708,0.5409182927114236,0.6754798293113708,edge
2_002_20200623_123046(4),0,0.7072276473045349,0.7736443611306874,0.7072276473045349,band_end
2_002_20200623_123046(4),1,0.6707894802093506,0.6428635381895431,0.6707894802093506,interior
2_002_20200623_123046(4),2,0.6665821075439453,0.7788755947747196,0.6665821075439453,edge
2_002_20200623_123051(1),0,0.7074112296104431,0.8239659142934463,0.7074112296104431,band_end
2_002_20200623_123051(1),1,0.6788997054100037,0.8892574593291097,0.6788997054100037,interior
2_002_20200623_123051(1),2,0.7065224051475525,0.7536474851517458,0.7065224051475525,edge
2_002_20200623_123055(5),0,0.7324489951133728,0.6300725707246565,0.7324489951133728,band_end
2_002_20200623_123055(5),1,0.6522061228752136,0.6731218837648935,0.6522061228752136,interior
2_002_20200623_123055(5),2,0.6817722320556641,0.6447828978283275,0.6817722320556641,edge
2_002_20200623_123100(0),0,0.6747452020645142,0.7002294532433444,0.6747452020645142,band_end
2_002_20200623_123100(0),1,0.6559596657752991,0.744923615831353,0.6559596657752991,interior
2_002_20200623_123100(0),2,0.7147316932678223,0.7221382944640263,0.7147316932678223,edge
2_002_20200623_123104(5),0,0.6608186960220337,0.799202093510708,0.6608186960220337,band_end
2_002_20200623_123104(5),1,0.6877880096435547,0.7720082300554135,0.6877880096435547,interior
2_002_20200623_123104(5),2,0.7498399615287781,0.7121835812211751,0.7498399615287781,edge
2_002_20200623_163020(3),0,0.7057422995567322,0.9023993475697992,0.7057422995567322,band_end
2_002_20200623_163020(3),1,0.6446709632873535,0.8609933339269087,0.6446709632873535,interior
2_002_20200623_163020(3),2,0.6934054493904114,0.835860876540821,0.6934054493904114,edge
2_002_20200623_163023(3),0,0.6065380573272705,0.6533094519489777,0.6065380573272705,band_end
2_002_20200623_163023(3),1,0.6847192645072937,0.6319927358242164,0.6847192645072937,interior
2_002_20200623_163023(3),2,0.6931403875350952,0.6315023763858759,0.6931403875350952,edge
2_002_20200623_163026(3),0,0.6835939288139343,0.6251371255244261,0.6835939288139343,band_end
2_002_20200623_163026(3),1,0.694252610206604,0.6755879155253494,0.694252610206604,interior
2_002_20200623_163026(3),2,0.6421546936035156,0.6827586890457181,0.6421546936035156,edge
2_002_20200623_163029(6),0,0.6893346309661865,0.7608217294062483,0.6893346309661865,band_end
2_002_20200623_163029(6),1,0.6951645612716675,0.7367730258560706,0.6951645612716675,interior
2_002_20200623_163029(6),2,0.7188609838485718,0.7605373031897327,0.7188609838485718,edge
2_002_20200623_163032(5),0,0.6681380271911621,0.7215935731047799,0.6681380271911621,band_end
2_002_20200623_163032(5),1,0.6602910161018372,0.7338248156069824,0.6602910161018372,interior
2_002_20200623_163032(5),2,0.7136769890785217,0.5526714939465548,0.7136769890785217,edge
2_002_20200623_163035(5),0,0.7562180161476135,0.6373588656324565,0.7562180161476135,band_end
2_002_20200623_163035(5),1,0.6551360487937927,0.6791642430027406,0.6551360487937927,interior
2_002_20200623_163035(5),2,0.7230094075202942,0.6199953244732002,0.7230094075202942,edge
2_002_20200623_203033(6),0,0.7088709473609924,0.6480615033036475,0.7088709473609924,band_end
2_002_20200623_203033(6),1,0.6854449510574341,0.6637970147088968,0.6854449510574341,interior
2_002_20200623_203033(6),2,0.6474331021308899,0.7079594591466177,0.6474331021308899,edge
2_002_20200623_203038(0),0,0.6820354461669922,0.8154161399757983,0.6820354461669922,band_end
2_002_20200623_203038(0),1,0.6719121932983398,0.8617501078125128,0.6719121932983398,interior
2_002_20200623_203038(0),2,0.6316920518875122,0.8079943902385561,0.6316920518875122,edge
2_002_20200623_203042(5),0,0.7231873273849487,0.5932085626502897,0.7231873273849487,band_end
2_002_20200623_203042(5),1,0.6245332956314087,0.7537556727190786,0.6245332956314087,interior
2_002_20200623_203042(5),2,0.660685658454895,0.7435022581340645,0.660685658454895,edge
2_002_20200623_203047(0),0,0.7690761089324951,0.5772660231102247,0.7690761089324951,band_end
2_002_20200623_203047(0),1,0.6985006928443909,0.7816916195295257,0.6985006928443909,interior
2_002_20200623_203047(0),2,0.6537851691246033,0.8030961697011113,0.6537851691246033,edge
2_002_20200623_203050(0),0,0.7068505883216858,0.7629040218315187,0.7068505883216858,band_end
2_002_20200623_203050(0),1,0.7072067856788635,0.7651658892436186,0.7072067856788635,interior
2_002_20200623_203050(0),2,0.658843457698822,0.8199340982439841,0.658843457698822,edge
2_002_20200623_203054(6),0,0.7344971299171448,0.7738556323521775,0.7344971299171448,band_end
2_002_20200623_203054(6),1,0.6854378581047058,0.7292731031464984,0.6854378581047058,interior
2_002_20200623_203054(6),2,0.7091718316078186,0.7320535958508395,0.7091718316078186,edge
2_002_20200624_003115(6),0,0.6372341513633728,0.7959056999648967,0.6372341513633728,band_end
2_002_20200624_003115(6),1,0.6211003661155701,0.7106058393405262,0.6211003661155701,interior
2_002_20200624_003115(6),2,0.6324755549430847,0.7575864385809061,0.6324755549430847,edge
2_002_20200624_003118(6),0,0.6208212971687317,0.7593656611391016,0.6208212971687317,band_end
2_002_20200624_003118(6),1,0.5780936479568481,0.8411157860430662,0.5780936479568481,interior
2_002_20200624_003118(6),2,0.6546074151992798,0.7757015700796187,0.6546074151992798,edge
2_002_20200624_003123(0),0,0.6352346539497375,0.7032143026387704,0.6352346539497375,band_end
2_002_20200624_003123(0),1,0.6697437763214111,0.8374512277512324,0.6697437763214111,interior
2_002_20200624_003123(0),2,0.6183858513832092,0.7879363268521674,0.6183858513832092,edge
2_002_20200624_003127(5),0,0.6769061088562012,0.7665605836982354,0.6769061088562012,band_end
2_002_20200624_003127(5),1,0.625076949596405,0.6662125583000792,0.625076949596405,interior
2_002_20200624_003127(5),2,0.6605620384216309,0.6281255793477414,0.6605620384216309,edge
2_002_20200624_003132(0),0,0.6739609837532043,0.7613877291254583,0.6739609837532043,band_end
2_002_20200624_003132(0),1,0.660226047039032,0.8285611164950659,0.660226047039032,interior
2_002_20200624_003132(0),2,0.6289299130439758,0.8034243613680286,0.6289299130439758,edge
2_002_20200624_003136(5),0,0.6218690276145935,0.6280661583629309,0.6218690276145935,band_end
2_002_20200624_003136(5),1,0.650604248046875,0.8818801249808345,0.650604248046875,interior
2_002_20200624_003136(5),2,0.622812032699585,0.6311710497767218,0.622812032699585,edge
2_002_20200624_043136(9),0,0.612817108631134,0.7840427548727416,0.612817108631134,band_end
2_002_20200624_043136(9),1,0.6113409996032715,0.857899416898854,0.6113409996032715,interior
2_002_20200624_043136(9),2,0.6785100102424622,0.8099101948875462,0.6785100102424622,edge
2_002_20200624_043141(4),0,0.6269581317901611,0.7981214054201398,0.6269581317901611,band_end
2_002_20200624_043141(4),1,0.6495952606201172,0.8040182802291804,0.6495952606201172,interior
2_002_20200624_043141(4),2,0.614797055721283,0.7312830381821198,0.614797055721283,edge
2_002_20200624_043145(8),0,0.659923255443573,0.7068245273027767,0.659923255443573,band_end
2_002_20200624_043145(8),1,0.638136088848114,0.7909507781386272,0.638136088848114,interior
2_002_20200624_043145(8),2,0.671867311000824,0.7257884186384428,0.671867311000824,edge
2_002_20200624_043150(3),0,0.647817075252533,0.7806853291644378,0.647817075252533,band_end
2_002_20200624_043150(3),1,0.6427820324897766,0.7159757046044976,0.6427820324897766,interior
2_002_20200624_043150(3),2,0.658657431602478,0.8430557177636736,0.658657431602478,edge
2_002_20200624_043154(8),0,0.6591894030570984,0.7241593662740884,0.6591894030570984,band_end
2_002_20200624_043154(8),1,0.676438570022583,0.7378908334721928,0.676438570022583,interior
2_002_20200624_043154(8),2,0.6996957659721375,0.7694589679499523,0.6996957659721375,edge
2_002_20200624_043159(4),0,0.6670244336128235,0.6877696294068291,0.6670244336128235,band_end
2_002_20200624_043159(4),1,0.6490172743797302,0.6548288802592224,0.6490172743797302,interior
2_002_20200624_043159(4),2,0.6710019111633301,0.7066370613381587,0.6710019111633301,edge
2_002_20200624_083032(4),0,0.5961660146713257,0.7630256332862688,0.5961660146713257,band_end
2_002_20200624_083032(4),1,0.6671969890594482,0.8130586939900171,0.6671969890594482,interior
2_002_20200624_083032(4),2,0.6071537733078003,0.7369820395296525,0.6071537733078003,edge
2_002_20200624_083036(9),0,0.5611252188682556,0.5951757228894224,0.5611252188682556,band_end
2_002_20200624_083036(9),1,0.637967050075531,0.854042161168056,0.637967050075531,interior
2_002_20200624_083036(9),2,0.6781824827194214,0.6389686313433341,0.6781824827194214,edge
2_002_20200624_083041(3),0,0.6476699113845825,0.637006113134928,0.6476699113845825,band_end
2_002_20200624_083041(3),1,0.6409561038017273,0.7849231590957771,0.6409561038017273,interior
2_002_20200624_083041(3),2,0.636063814163208,0.7125040449148591,0.636063814163208,edge
2_002_20200624_083045(8),0,0.62093585729599,0.7842744556101758,0.62093585729599,band_end
2_002_20200624_083045(8),1,0.6602323651313782,0.7392578462693257,0.6602323651313782,interior
2_002_20200624_083045(8),2,0.6604132056236267,0.6702827592760785,0.6604132056236267,edge
2_002_20200624_083050(4),0,0.5879988670349121,0.7382235659101207,0.5879988670349121,band_end
2_002_20200624_083050(4),1,0.6398882865905762,0.7627396515394632,0.6398882865905762,interior
2_002_20200624_083050(4),2,0.6627051830291748,0.8233629085621215,0.6627051830291748,edge
2_002_20200624_083054(9),0,0.6280384659767151,0.6093618351883499,0.6280384659767151,band_end
2_002_20200624_083054(9),1,0.6404984593391418,0.892513980513638,0.6404984593391418,interior
2_002_20200624_083054(9),2,0.685081422328949,0.7412433814955377,0.685081422328949,edge
2_002_20200624_123144(0),0,0.6127136945724487,0.8168603641567515,0.6127136945724487,band_end
2_002_20200624_123144(0),1,0.6314226388931274,0.6480718437955022,0.6314226388931274,interior
2_002_20200624_123144(0),2,0.6469272971153259,0.7397278865135487,0.6469272971153259,edge
2_002_20200624_123148(2),0,0.6443265080451965,0.7672189361288805,0.6443265080451965,band_end
2_002_20200624_123148(2),1,0.6266224384307861,0.7216343859379942,0.6266224384307861,interior
2_002_20200624_123148(2),2,0.6188983917236328,0.7465820134130244,0.6188983917236328,edge
2_002_20200624_123152(7),0,0.6515867114067078,0.6624337380444566,0.6515867114067078,band_end
2_002_20200624_123152(7),1,0.6122982501983643,0.635468438050965,0.6122982501983643,interior
2_002_20200624_123152(7),2,0.6591867804527283,0.6582020096411743,0.6591867804527283,edge
2_002_20200624_123157(4),0,0.6555612683296204,0.7495312657368028,0.6555612683296204,band_end
2_002_20200624_123157(4),1,0.7108937501907349,0.7809197828789388,0.7108937501907349,interior
2_002_20200624_123157(4),2,0.6832366585731506,0.95049189028176,0.6832366585731506,edge
2_002_20200624_123201(7),0,0.6516076922416687,0.6575557696506364,0.6516076922416687,band_end
2_002_20200624_123201(7),1,0.6458505392074585,0.785067036564953,0.6458505392074585,interior
2_002_20200624_123201(7),2,0.6775888204574585,0.5324700351846737,0.6775888204574585,edge
2_002_20200624_123206(2),0,0.625828206539154,0.7339639263284105,0.625828206539154,band_end
2_002_20200624_123206(2),1,0.6490709185600281,0.7041822411143925,0.6490709185600281,interior
2_002_20200624_123206(2),2,0.6318864822387695,0.6686356873539714,0.6318864822387695,edge
2_002_20200624_162708(9),0,0.5929334759712219,0.8318798860547216,0.5929334759712219,band_end
2_002_20200624_162708(9),1,0.7203404307365417,0.8784693697041871,0.7203404307365417,interior
2_002_20200624_162708(9),2,0.6179447174072266,0.8408495404795526,0.6179447174072266,edge
2_002_20200624_162713(4),0,0.6468948721885681,0.7555400287998576,0.6468948721885681,band_end
2_002_20200624_162713(4),1,0.6284210681915283,0.7509656474877094,0.6284210681915283,interior
2_002_20200624_162713(4),2,0.6358540058135986,0.7437650472506272,0.6358540058135986,edge
2_002_20200624_162717(9),0,0.6749539375305176,0.7410835259629739,0.6749539375305176,band_end
2_002_20200624_162717(9),1,0.6600607633590698,0.7264245133198666,0.6600607633590698,interior
2_002_20200624_162717(9),2,0.6468473076820374,0.7928502856255487,0.6468473076820374,edge
2_002_20200624_162722(4),0,0.6554445028305054,0.8316611943577337,0.6554445028305054,band_end
2_002_20200624_162722(4),1,0.6437461376190186,0.7250666043791983,0.6437461376190186,interior
2_002_20200624_162722(4),2,0.6780197620391846,0.7098794175313276,0.6780197620391846,edge
2_002_20200624_203111(4),0,0.6459329128265381,0.7441428151125816,0.6459329128265381,band_end
2_002_20200624_203111(4),1,0.6729129552841187,0.8007511311808725,0.6729129552841187,interior
2_002_20200624_203111(4),2,0.6130830645561218,0.7359888512107392,0.6130830645561218,edge
2_002_20200624_203114(3),0,0.626833438873291,0.6924549524380325,0.626833438873291,band_end
2_002_20200624_203114(3),1,0.6867425441741943,0.6414994686873497,0.6867425441741943,interior
2_002_20200624_203114(3),2,0.6382507681846619,0.6615373383365443,0.6382507681846619,edge
2_002_20200624_203117(3),0,0.6589282751083374,0.7932060874759846,0.6589282751083374,band_end
2_002_20200624_203117(3),1,0.6571858525276184,0.7061939913278016,0.6571858525276184,interior
2_002_20200624_203117(3),2,0.6437408924102783,0.7736907836087662,0.6437408924102783,edge
2_002_20200624_203120(3),0,0.6993789672851562,0.678652937386816,0.6993789672851562,band_end
2_002_20200624_203120(3),1,0.6579737663269043,0.6375362672696819,0.6579737663269043,interior
2_002_20200624_203120(3),2,0.6255249977111816,0.7171076458722895,0.6255249977111816,edge
2_002_20200624_203123(3),0,0.6431768536567688,0.7100806956820945,0.6431768536567688,band_end
2_002_20200624_203123(3),1,0.6339358687400818,0.7354064993595592,0.6339358687400818,interior
2_002_20200624_203123(3),2,0.651587724685669,0.7538968201102265,0.651587724685669,edge
2_002_20200624_203126(3),0,0.6834738254547119,0.7365386254021399,0.6834738254547119,band_end
2_002_20200624_203126(3),1,0.7016189694404602,0.7523411050048678,0.7016189694404602,interior
2_002_20200624_203126(3),2,0.6056361198425293,0.7036577167813308,0.6056361198425293,edge
2_002_20200625_003352(9),0,0.7411864995956421,0.686228623701904,0.7411864995956421,band_end
2_002_20200625_003352(9),1,0.7434920072555542,0.7032919463628605,0.7434920072555542,interior
2_002_20200625_003352(9),2,0.6630697250366211,0.6207979156549231,0.6630697250366211,edge
2_002_20200625_003357(4),0,0.7310853004455566,0.6503224307441668,0.7310853004455566,band_end
2_002_20200625_003357(4),1,0.6913472414016724,0.6952958092415031,0.6913472414016724,interior
2_002_20200625_003357(4),2,0.7039397358894348,0.6432288303923883,0.7039397358894348,edge
2_002_20200625_003401(8),0,0.7088985443115234,0.8029496072375034,0.7088985443115234,band_end
2_002_20200625_003401(8),1,0.66721510887146,0.6883916675518597,0.66721510887146,interior
2_002_20200625_003401(8),2,0.677277147769928,0.6411663813610937,0.677277147769928,edge
2_002_20200625_003406(3),0,0.7033010721206665,0.5978965193898393,0.7033010721206665,band_end
2_002_20200625_003406(3),1,0.7027407288551331,0.6533370991247769,0.7027407288551331,interior
2_002_20200625_003406(3),2,0.7009257078170776,0.6578267426240603,0.7009257078170776,edge
2_002_20200625_003410(8),0,0.6929395794868469,0.7089415408145595,0.6929395794868469,band_end
2_002_20200625_003410(8),1,0.6857065558433533,0.7738713392042379,0.6857065558433533,interior
2_002_20200625_003410(8),2,0.6587821841239929,0.7437633547560187,0.6587821841239929,edge
2_002_20200625_003415(4),0,0.7084728479385376,0.6973852334521162,0.7084728479385376,band_end
2_002_20200625_003415(4),1,0.6751632690429688,0.5995737534967864,0.6751632690429688,interior
2_002_20200625_003415(4),2,0.6362420916557312,0.7088802583763179,0.6362420916557312,edge
2_002_20200831_163149(1),0,0.6742561459541321,0.5145747454129753,0.6742561459541321,band_end
2_002_20200831_163149(1),1,0.612909734249115,0.7713121852366442,0.612909734249115,interior
2_002_20200831_163149(1),2,0.6459847688674927,0.5220382524331625,0.6459847688674927,edge
2_002_20200831_163150(6),0,0.659553050994873,0.9029369095799347,0.659553050994873,band_end
2_002_20200831_163150(6),1,0.6327915191650391,0.8886987524553734,0.6327915191650391,interior
2_002_20200831_163150(6),2,0.7085206508636475,0.8013846411027973,0.7085206508636475,edge
2_002_20200831_203101(4),0,0.6951725482940674,0.6838791236629113,0.6951725482940674,band_end
2_002_20200831_203101(4),1,0.6011814475059509,0.786421384063305,0.6011814475059509,interior
2_002_20200831_203101(4),2,0.618101954460144,0.6941712579192139,0.618101954460144,edge
2_002_20200831_203105(9),0,0.6718612313270569,0.6686718131415973,0.6718612313270569,band_end
2_002_20200831_203105(9),1,0.6103414297103882,0.6801398838196263,0.6103414297103882,interior
2_002_20200831_203105(9),2,0.6583265662193298,0.7194139934005747,0.6583265662193298,edge
2_002_20200904_230054(2),0,0.6425735354423523,0.8022730336759893,0.6425735354423523,band_end
2_002_20200904_230054(2),1,0.6732062697410583,0.8176442622543311,0.6732062697410583,interior
2_002_20200904_230054(2),2,0.6129196882247925,0.8150518601589849,0.6129196882247925,edge
2_002_20200904_230057(6),0,0.6498298645019531,0.7794325862529832,0.6498298645019531,band_end
2_002_20200904_230057(6),1,0.6524372100830078,0.8299051728676923,0.6524372100830078,interior
2_002_20200904_230057(6),2,0.6124659180641174,0.6209835450045684,0.6124659180641174,edge
2_002_20200904_230105(4),0,0.6775738596916199,0.6209865381527442,0.6775738596916199,band_end
2_002_20200904_230105(4),1,0.6159728169441223,0.71861715241538,0.6159728169441223,interior
2_002_20200904_230105(4),2,0.7083719968795776,0.7578712851726812,0.7083719968795776,edge
2_002_20200905_003315(2),0,0.6481402516365051,0.8497217468961571,0.6481402516365051,band_end
2_002_20200905_003315(2),1,0.6281163096427917,0.8197617988282758,0.6281163096427917,interior
2_002_20200905_003315(2),2,0.6050252318382263,0.8133715743613839,0.6050252318382263,edge
2_002_20200905_003319(2),0,0.6411536931991577,0.7413205655647499,0.6411536931991577,band_end
2_002_20200905_003319(2),1,0.6258633136749268,0.8123279232259351,0.6258633136749268,interior
2_002_20200905_003319(2),2,0.5965101718902588,0.7897834716082373,0.5965101718902588,edge
2_002_20200905_003323(3),0,0.6534554362297058,0.8262511480626301,0.6534554362297058,band_end
2_002_20200905_003323(3),1,0.6021957993507385,0.8132013375067138,0.6021957993507385,interior
2_002_20200905_003323(3),2,0.6021280884742737,0.8123743907961767,0.6021280884742737,edge
2_002_20200905_003327(3),0,0.6879806518554688,0.8813279749387065,0.6879806518554688,band_end
2_002_20200905_003327(3),1,0.6374968886375427,0.8077557613803645,0.6374968886375427,interior
2_002_20200905_003327(3),2,0.6248637437820435,0.8717956048406466,0.6248637437820435,edge
2_002_20200905_003331(2),0,0.6710144281387329,0.7171113890416021,0.6710144281387329,band_end
2_002_20200905_003331(2),1,0.6284295320510864,0.6852559739714175,0.6284295320510864,interior
2_002_20200905_003331(2),2,0.6244540810585022,0.6972650843034855,0.6244540810585022,edge
2_002_20200905_003335(3),0,0.6277830004692078,0.7760569322607653,0.6277830004692078,band_end
2_002_20200905_003335(3),1,0.6363239884376526,0.7791403133625165,0.6363239884376526,interior
2_002_20200905_003335(3),2,0.6392561793327332,0.6799603034289355,0.6392561793327332,edge
2_002_20200905_043156(0),0,0.6937716603279114,0.6676880928848025,0.6937716603279114,band_end
2_002_20200905_043156(0),1,0.6514959931373596,0.7285513335740171,0.6514959931373596,interior
2_002_20200905_043156(0),2,0.6439943313598633,0.7666501031791607,0.6439943313598633,edge
2_002_20200905_043200(0),0,0.6674635410308838,0.675665450536072,0.6674635410308838,band_end
2_002_20200905_043200(0),1,0.6547811031341553,0.6934424811989225,0.6547811031341553,interior
2_002_20200905_043200(0),2,0.6680880188941956,0.7014980188626944,0.6680880188941956,edge
2_002_20200905_043204(0),0,0.6551544666290283,0.7677265836077191,0.6551544666290283,band_end
2_002_20200905_043204(0),1,0.6620748043060303,0.7399434195083596,0.6620748043060303,interior
2_002_20200905_043204(0),2,0.6378055214881897,0.7760977416702848,0.6378055214881897,edge
2_002_20200905_043208(0),0,0.6581676006317139,0.5560115191199387,0.6581676006317139,band_end
2_002_20200905_043208(0),1,0.6221407651901245,0.6232027519596396,0.6221407651901245,interior
2_002_20200905_043208(0),2,0.6667450070381165,0.5951930851127958,0.6667450070381165,edge
2_002_20200905_043212(1),0,0.7077127695083618,0.5383861107035823,0.7077127695083618,band_end
2_002_20200905_043212(1),1,0.6521921753883362,0.570966637485834,0.6521921753883362,interior
2_002_20200905_043212(1),2,0.6613282561302185,0.5611988121097283,0.6613282561302185,edge
2_002_20200905_043216(0),0,0.6978104710578918,0.8390703103951176,0.6978104710578918,band_end
2_002_20200905_043216(0),1,0.6356024742126465,0.8134482863287275,0.6356024742126465,interior
2_002_20200905_043216(0),2,0.6535870432853699,0.8582591808661431,0.6535870432853699,edge
2_002_20200905_083407(3),0,0.658023476600647,0.6896291633085895,0.658023476600647,band_end
2_002_20200905_083407(3),1,0.6386653780937195,0.7166108690175972,0.6386653780937195,interior
2_002_20200905_083407(3),2,0.6047990918159485,0.7394754073979206,0.6047990918159485,edge
2_002_20200905_083410(5),0,0.7226541042327881,0.8236914086893403,0.7226541042327881,band_end
2_002_20200905_083410(5),1,0.6645675897598267,0.8735637468529398,0.6645675897598267,interior
2_002_20200905_083410(5),2,0.637296199798584,0.7811812223880501,0.637296199798584,edge
2_002_20200905_083413(6),0,0.6920987367630005,0.5367367986384158,0.6920987367630005,band_end
2_002_20200905_083413(6),1,0.6436476707458496,0.5979259697907178,0.6436476707458496,interior
2_002_20200905_083413(6),2,0.6159968376159668,0.517786137559147,0.6159968376159668,edge
2_002_20200905_083416(3),0,0.6469155550003052,0.6635717727916958,0.6469155550003052,band_end
2_002_20200905_083416(3),1,0.6788710951805115,0.6877996299830061,0.6788710951805115,interior
2_002_20200905_083416(3),2,0.7013826966285706,0.765494021082738,0.7013826966285706,edge
2_002_20200905_083419(3),0,0.6416170597076416,0.6312625354390102,0.6416170597076416,band_end
2_002_20200905_083419(3),1,0.6349691152572632,0.6616010220059733,0.6349691152572632,interior
2_002_20200905_083419(3),2,0.6394487619400024,0.6760851875611678,0.6394487619400024,edge
2_002_20200905_083422(4),0,0.6390436887741089,0.870402954808383,0.6390436887741089,band_end
2_002_20200905_083422(4),1,0.6311266422271729,0.8901230046440932,0.6311266422271729,interior
2_002_20200905_083422(4),2,0.6436941623687744,0.827466763580378,0.6436941623687744,edge
2_002_20200905_123055(0),0,0.0,0.49400947095725906,0.6565271615982056,band_end
2_002_20200905_123055(0),1,0.0,0.4946922341315561,0.6426098346710205,interior
2_002_20200905_123055(0),2,0.6410250067710876,0.5504632440071555,0.6410250067710876,edge
2_002_20200905_123058(4),0,0.6390505433082581,0.5883521200280829,0.6390505433082581,band_end
2_002_20200905_123058(4),1,0.6700843572616577,0.6583486578870084,0.6700843572616577,interior
2_002_20200905_123058(4),2,0.6195268630981445,0.5441939077218181,0.6195268630981445,edge
2_002_20200905_123102(0),0,0.6821303367614746,0.5518342928059046,0.6821303367614746,band_end
2_002_20200905_123102(0),1,0.6061922311782837,0.6073986737486234,0.6061922311782837,interior
2_002_20200905_123102(0),2,0.5929750204086304,0.5977553925961434,0.5929750204086304,edge
2_002_20200905_123105(0),0,0.6553871631622314,0.6922741760258918,0.6553871631622314,band_end
2_002_20200905_123105(0),1,0.6228192448616028,0.7087824326515078,0.6228192448616028,interior
2_002_20200905_123105(0),2,0.6082262396812439,0.6812980700768787,0.6082262396812439,edge
2_002_20200905_123108(4),0,0.7072297930717468,0.8039537647946834,0.7072297930717468,band_end
2_002_20200905_123108(4),1,0.6689175963401794,0.7442154702071757,0.6689175963401794,interior
2_002_20200905_123108(4),2,0.6317983865737915,0.7635373292976678,0.6317983865737915,edge
2_002_20200905_123112(0),0,0.6128436923027039,0.6995952219768716,0.6128436923027039,band_end
2_002_20200905_123112(0),1,0.6207794547080994,0.707232293282901,0.6207794547080994,interior
2_002_20200905_123112(0),2,0.6277432441711426,0.7488157972756131,0.6277432441711426,edge
2_002_20200905_163922(9),0,0.6273468136787415,0.5752114022743517,0.6273468136787415,band_end
2_002_20200905_163922(9),1,0.5885155200958252,0.560230855854446,0.5885155200958252,interior
2_002_20200905_163922(9),2,0.6359903216362,0.5830781042835959,0.6359903216362,edge
2_002_20200905_163926(4),0,0.6588099002838135,0.7838965671794131,0.6588099002838135,band_end
2_002_20200905_163926(4),1,0.6364856362342834,0.8361610864280619,0.6364856362342834,interior
2_002_20200905_163926(4),2,0.6427298784255981,0.6499816917392662,0.6427298784255981,edge
2_002_20200905_163929(7),0,0.5929660201072693,0.657682396819403,0.5929660201072693,band_end
2_002_20200905_163929(7),1,0.6470037698745728,0.7197336128297462,0.6470037698745728,interior
2_002_20200905_163929(7),2,0.6120032668113708,0.7404781966124703,0.6120032668113708,edge
2_002_20200905_163932(9),0,0.635554850101471,0.8596887801455124,0.635554850101471,band_end
2_002_20200905_163932(9),1,0.6430280208587646,0.845872683039667,0.6430280208587646,interior
2_002_20200905_163932(9),2,0.6895731687545776,0.8229204643431375,0.6895731687545776,edge
2_002_20200905_163936(2),0,0.6591620445251465,0.885441625911159,0.6591620445251465,band_end
2_002_20200905_163936(2),1,0.6458312273025513,0.8769401836183057,0.6458312273025513,interior
2_002_20200905_163936(2),2,0.6618170142173767,0.8741267188593562,0.6618170142173767,edge
2_002_20200905_163939(7),0,0.682023823261261,0.6046178756108497,0.682023823261261,band_end
2_002_20200905_163939(7),1,0.6918532252311707,0.6266661144018546,0.6918532252311707,interior
2_002_20200905_163939(7),2,0.640839695930481,0.6087006079447057,0.640839695930481,edge
2_002_20200905_204033(3),0,0.6579336524009705,0.733181848511763,0.6579336524009705,band_end
2_002_20200905_204033(3),1,0.6250078082084656,0.7163577279859165,0.6250078082084656,interior
2_002_20200905_204033(3),2,0.6681191921234131,0.6574640707704273,0.6681191921234131,edge
2_002_20200905_204039(5),0,0.6186802983283997,0.8811368692207929,0.6186802983283997,band_end
2_002_20200905_204039(5),1,0.6165188550949097,0.9061036887076938,0.6165188550949097,interior
2_002_20200905_204039(5),2,0.6168039441108704,0.9120548692173205,0.6168039441108704,edge
2_002_20200905_204042(9),0,0.6507304310798645,0.6442149396230863,0.6507304310798645,band_end
2_002_20200905_204042(9),1,0.6084576845169067,0.6030146557768586,0.6084576845169067,interior
2_002_20200905_204042(9),2,0.6185623407363892,0.6429869613458286,0.6185623407363892,edge
2_002_20200905_204046(0),0,0.6627646088600159,0.6251314249024962,0.6627646088600159,band_end
2_002_20200905_204046(0),1,0.6098945736885071,0.6954829208589604,0.6098945736885071,interior
2_002_20200905_204046(0),2,0.650276243686676,0.6901601630309753,0.650276243686676,edge
2_002_20200905_204049(1),0,0.6602845788002014,0.5463829338723054,0.6602845788002014,band_end
2_002_20200905_204049(1),1,0.6551891565322876,0.52085943714571,0.6551891565322876,interior
2_002_20200905_204049(1),2,0.6514356136322021,0.5704849446561889,0.6514356136322021,edge
2_002_20200905_204052(3),0,0.6065939664840698,0.6117904083826908,0.6065939664840698,band_end
2_002_20200905_204052(3),1,0.6555042266845703,0.6695192339378738,0.6555042266845703,interior
2_002_20200905_204052(3),2,0.644439160823822,0.6700952324732552,0.644439160823822,edge
2_002_20200906_003114(0),0,0.6587415933609009,0.7473040355150861,0.6587415933609009,band_end
2_002_20200906_003114(0),1,0.664614200592041,0.7594135679705704,0.664614200592041,interior
2_002_20200906_003114(0),2,0.6409779787063599,0.7637633379438448,0.6409779787063599,edge
2_002_20200906_003117(3),0,0.6414515376091003,0.5660449116494142,0.6414515376091003,band_end
2_002_20200906_003117(3),1,0.6015689969062805,0.6035856605916651,0.6015689969062805,interior
2_002_20200906_003117(3),2,0.6641960740089417,0.6178934564338698,0.6641960740089417,edge
2_002_20200906_003120(8),0,0.6752528548240662,0.7347681173363249,0.6752528548240662,band_end
2_002_20200906_003120(8),1,0.6225073337554932,0.7655027477447746,0.6225073337554932,interior
2_002_20200906_003120(8),2,0.6691374182701111,0.8216554980502508,0.6691374182701111,edge
2_002_20200906_003124(0),0,0.6577754616737366,0.7136212009548822,0.6577754616737366,band_end
2_002_20200906_003124(0),1,0.6350038647651672,0.6944975272853529,0.6350038647651672,interior
2_002_20200906_003124(0),2,0.5690873265266418,0.6700727812482379,0.5690873265266418,edge
2_002_20200906_003127(3),0,0.6734752058982849,0.7547547625666203,0.6734752058982849,band_end
2_002_20200906_003127(3),1,0.6849437952041626,0.7303310385307121,0.6849437952041626,interior
2_002_20200906_003127(3),2,0.6901288032531738,0.7873041233981802,0.6901288032531738,edge
2_002_20200906_003130(7),0,0.6911822557449341,0.812420142301413,0.6911822557449341,band_end
2_002_20200906_003130(7),1,0.6993672251701355,0.7595475102796408,0.6993672251701355,interior
2_002_20200906_003130(7),2,0.7381290197372437,0.7749293231059644,0.7381290197372437,edge
3_001_20200622_203305(8),0,0.6519766449928284,0.6624541477175326,0.6519766449928284,band_end
3_001_20200622_203305(8),1,0.6635276079177856,0.5133292357901607,0.6635276079177856,interior
3_001_20200622_203305(8),2,0.5928876399993896,0.5353784329916326,0.5928876399993896,edge
3_001_20200622_203309(1),0,0.6247802972793579,0.6011261375929541,0.6247802972793579,band_end
3_001_20200622_203309(1),1,0.6329554319381714,0.5876465876423067,0.6329554319381714,interior
3_001_20200622_203309(1),2,0.5870421528816223,0.6848392184507123,0.5870421528816223,edge
3_001_20200622_203312(6),0,0.6649354100227356,0.8287564524506926,0.6649354100227356,band_end
3_001_20200622_203312(6),1,0.643843948841095,0.8034903543038882,0.643843948841095,interior
3_001_20200622_203312(6),2,0.6426599621772766,0.8182536653786197,0.6426599621772766,edge
3_001_20200622_203316(0),0,0.0,0.47769182908011065,0.59043949842453,band_end
3_001_20200622_203316(0),1,0.0,0.4551706189318794,0.6593465805053711,interior
3_001_20200622_203316(0),2,0.5701637268066406,0.8551923179013873,0.5701637268066406,edge
3_001_20200622_203319(4),0,0.6970528960227966,0.7941763492109188,0.6970528960227966,band_end
3_001_20200622_203319(4),1,0.626727819442749,0.7490457244627325,0.626727819442749,interior
3_001_20200622_203319(4),2,0.6487228274345398,0.69019384676501,0.6487228274345398,edge
3_001_20200622_203330(3),0,0.5973442196846008,0.755753640656352,0.5973442196846008,band_end
3_001_20200622_203330(3),1,0.6133621335029602,0.5688568284007596,0.6133621335029602,interior
3_001_20200622_203330(3),2,0.6018930673599243,0.6176333085043507,0.6018930673599243,edge
3_001_20200623_003516(8),0,0.7193827629089355,0.8367582353637404,0.7193827629089355,band_end
3_001_20200623_003516(8),1,0.6105889678001404,0.7706891673698038,0.6105889678001404,interior
3_001_20200623_003516(8),2,0.6979836821556091,0.8292931150738461,0.6979836821556091,edge
3_001_20200623_003520(5),0,0.6304051876068115,0.7696851987480998,0.6304051876068115,band_end
3_001_20200623_003520(5),1,0.6103565692901611,0.802503299530159,0.6103565692901611,interior
3_001_20200623_003520(5),2,0.6269787549972534,0.7606290267578716,0.6269787549972534,edge
3_001_20200623_003524(0),0,0.6132104992866516,0.6740888538565707,0.6132104992866516,band_end
3_001_20200623_003524(0),1,0.6704820990562439,0.6355286462634218,0.6704820990562439,interior
3_001_20200623_003524(0),2,0.6059423089027405,0.7928662926660615,0.6059423089027405,edge
3_001_20200623_003529(0),0,0.5940034985542297,0.7604075745085883,0.5940034985542297,band_end
3_001_20200623_003529(0),1,0.6680000424385071,0.8751611285318691,0.6680000424385071,interior
3_001_20200623_003529(0),2,0.6766746044158936,0.8176799995512694,0.6766746044158936,edge
3_001_20200623_003532(5),0,0.609323263168335,0.7616817713367828,0.609323263168335,band_end
3_001_20200623_003532(5),1,0.6471112370491028,0.8304742736600019,0.6471112370491028,interior
3_001_20200623_003532(5),2,0.6531174778938293,0.6179777035646068,0.6531174778938293,edge
3_001_20200623_003536(0),0,0.66435307264328,0.5533681086001249,0.66435307264328,band_end
3_001_20200623_003536(0),1,0.6224560737609863,0.5379324332135008,0.6224560737609863,interior
3_001_20200623_003536(0),2,0.6413453817367554,0.7139466503746841,0.6413453817367554,edge
3_001_20200623_043227(1),0,0.5486274361610413,0.8371505227180588,0.5486274361610413,band_end
3_001_20200623_043227(1),1,0.6222851276397705,0.6587955494392284,0.6222851276397705,interior
3_001_20200623_043227(1),2,0.621324896812439,0.6825073449734194,0.621324896812439,edge
3_001_20200623_043231(6),0,0.6332125663757324,0.8303492162728904,0.6332125663757324,band_end
3_001_20200623_043231(6),1,0.6064370274543762,0.6936358103810003,0.6064370274543762,interior
3_001_20200623_043231(6),2,0.6730168461799622,0.824556326116351,0.6730168461799622,edge
3_001_20200623_043236(1),0,0.5711756944656372,0.715878561503647,0.5711756944656372,band_end
3_001_20200623_043236(1),1,0.5454257130622864,0.745077007685408,0.5454257130622864,interior
3_001_20200623_043236(1),2,0.661102831363678,0.5750932533303843,0.661102831363678,edge
3_001_20200623_043240(6),0,0.6414095759391785,0.6959405076279854,0.6414095759391785,band_end
3_001_20200623_043240(6),1,0.6159335374832153,0.7654010495569264,0.6159335374832153,interior
3_001_20200623_043240(6),2,0.5586288571357727,0.7389159978374893,0.5586288571357727,edge
3_001_20200623_043245(2),0,0.5639697313308716,0.6991299748551332,0.5639697313308716,band_end
3_001_20200623_043245(2),1,0.6197648048400879,0.8084685305962354,0.6197648048400879,interior
3_001_20200623_043245(2),2,0.6218604445457458,0.5861928355634568,0.6218604445457458,edge
3_001_20200623_043249(6),0,0.5841737985610962,0.5963230192003462,0.5841737985610962,band_end
3_001_20200623_043249(6),1,0.5888274908065796,0.6902903527980666,0.5888274908065796,interior
3_001_20200623_043249(6),2,0.6898638010025024,0.730279568839406,0.6898638010025024,edge
3_001_20200623_082407(9),0,0.5783404111862183,0.7205031970099239,0.5783404111862183,band_end
3_001_20200623_082407(9),1,0.6054566502571106,0.6180300561976745,0.6054566502571106,interior
3_001_20200623_082407(9),2,0.673265814781189,0.6029172645015447,0.673265814781189,edge
3_001_20200623_082411(0),0,0.6584892868995667,0.7475967174495577,0.6584892868995667,band_end
3_001_20200623_082411(0),1,0.655181884765625,0.7241097066476558,0.655181884765625,interior
3_001_20200623_082411(0),2,0.6136351823806763,0.7934588272669814,0.6136351823806763,edge
3_001_20200623_082414(1),0,0.0,0.4620040189649642,0.5243156552314758,band_end
3_001_20200623_082414(1),1,0.6356792449951172,0.6983669225777625,0.6356792449951172,interior
3_001_20200623_082414(1),2,0.6488309502601624,0.673523829415923,0.6488309502601624,edge
3_001_20200623_082416(7),0,0.6166372299194336,0.8114039733141275,0.6166372299194336,band_end
3_001_20200623_082416(7),1,0.6599964499473572,0.6251637745853029,0.6599964499473572,interior
3_001_20200623_082416(7),2,0.0,0.49170380494230276,0.6923812031745911,edge
3_001_20200623_082419(6),0,0.5788042545318604,0.6776051111910754,0.5788042545318604,band_end
3_001_20200623_082419(6),1,0.6262300610542297,0.7990756897053226,0.6262300610542297,interior
3_001_20200623_082419(6),2,0.6375556588172913,0.6747623148368177,0.6375556588172913,edge
3_001_20200623_082422(5),0,0.6332705616950989,0.6488260216114412,0.6332705616950989,band_end
3_001_20200623_082422(5),1,0.6086469888687134,0.7148602711142177,0.6086469888687134,interior
3_001_20200623_082422(5),2,0.5863779783248901,0.6467228087992435,0.5863779783248901,edge
3_001_20200623_123214(3),0,0.5696593523025513,0.7371958437881311,0.5696593523025513,band_end
3_001_20200623_123214(3),1,0.6380541920661926,0.6679492159403763,0.6380541920661926,interior
3_001_20200623_123214(3),2,0.6329832673072815,0.7203215450837068,0.6329832673072815,edge
3_001_20200623_123223(3),0,0.5845804810523987,0.6897415098277775,0.5845804810523987,band_end
3_001_20200623_123223(3),1,0.6123389005661011,0.6680808136247176,0.6123389005661011,interior
3_001_20200623_123223(3),2,0.6305285096168518,0.6024693803383047,0.6305285096168518,edge
3_001_20200623_123232(3),0,0.6284806728363037,0.6401667235663703,0.6284806728363037,band_end
3_001_20200623_123232(3),1,0.5694896578788757,0.8046784462650534,0.5694896578788757,interior
3_001_20200623_123232(3),2,0.6258010864257812,0.6395839769816094,0.6258010864257812,edge
3_001_20200623_123236(9),0,0.586776077747345,0.7380054244281522,0.586776077747345,band_end
3_001_20200623_123236(9),1,0.5885355472564697,0.5357851980909434,0.5885355472564697,interior
3_001_20200623_123236(9),2,0.6879349946975708,0.6707539963693746,0.6879349946975708,edge
3_001_20200623_123241(3),0,0.6237377524375916,0.7208076146430011,0.6237377524375916,band_end
3_001_20200623_123241(3),1,0.6350034475326538,0.7475099628079105,0.6350034475326538,interior
3_001_20200623_123241(3),2,0.6274819374084473,0.7596229076289094,0.6274819374084473,edge
3_001_20200623_123245(8),0,0.5817512273788452,0.6372011785545427,0.5817512273788452,band_end
3_001_20200623_123245(8),1,0.6401999592781067,0.7756788620757489,0.6401999592781067,interior
3_001_20200623_123245(8),2,0.6065457463264465,0.6712688269331426,0.6065457463264465,edge
3_001_20200623_163159(5),0,0.6442019939422607,0.7051962564760113,0.6442019939422607,band_end
3_001_20200623_163159(5),1,0.5901907086372375,0.5039264108220519,0.5901907086372375,interior
3_001_20200623_163159(5),2,0.6240935921669006,0.6985351969963888,0.6240935921669006,edge
3_001_20200623_163209(3),0,0.5818356275558472,0.5403931364232621,0.5818356275558472,band_end
3_001_20200623_163209(3),1,0.6316059231758118,0.5249873685819443,0.6316059231758118,interior
3_001_20200623_163209(3),2,0.6299241781234741,0.5969390542787583,0.6299241781234741,edge
3_001_20200623_163212(9),0,0.5804018378257751,0.7876759946115041,0.5804018378257751,band_end
3_001_20200623_163212(9),1,0.6102581024169922,0.8117628478908371,0.6102581024169922,interior
3_001_20200623_163212(9),2,0.6307134628295898,0.7874023601537475,0.6307134628295898,edge
3_001_20200623_163216(2),0,0.6152695417404175,0.6660423405054543,0.6152695417404175,band_end
3_001_20200623_163216(2),1,0.6422649025917053,0.8272468060601569,0.6422649025917053,interior
3_001_20200623_163216(2),2,0.7197615504264832,0.8500585660317036,0.7197615504264832,edge
3_001_20200623_163219(5),0,0.5905653238296509,0.7792390508617999,0.5905653238296509,band_end
3_001_20200623_163219(5),1,0.6261392831802368,0.774651531911146,0.6261392831802368,interior
3_001_20200623_163219(5),2,0.6467000842094421,0.7586803026891509,0.6467000842094421,edge
3_001_20200623_163222(9),0,0.5835998058319092,0.6778643460260058,0.5835998058319092,band_end
3_001_20200623_163222(9),1,0.5723867416381836,0.7675457609049147,0.5723867416381836,interior
3_001_20200623_163222(9),2,0.6110416650772095,0.7736623540463649,0.6110416650772095,edge
3_001_20200623_203217(4),0,0.5742857456207275,0.6799793388965438,0.5742857456207275,band_end
3_001_20200623_203217(4),1,0.5906123518943787,0.7000219323963607,0.5906123518943787,interior
3_001_20200623_203217(4),2,0.6679828763008118,0.8013219401084651,0.6679828763008118,edge
3_001_20200623_203222(0),0,0.5968928337097168,0.6808393835023296,0.5968928337097168,band_end
3_001_20200623_203222(0),1,0.6019936203956604,0.6707616162034139,0.6019936203956604,interior
3_001_20200623_203222(0),2,0.6579435467720032,0.6101851914988957,0.6579435467720032,edge
3_001_20200623_203226(3),0,0.6419802308082581,0.6857997413028316,0.6419802308082581,band_end
3_001_20200623_203226(3),1,0.6087532043457031,0.6786351925410452,0.6087532043457031,interior
3_001_20200623_203226(3),2,0.5983396172523499,0.7881706224906505,0.5983396172523499,edge
3_001_20200623_203230(9),0,0.6018131375312805,0.706340890779887,0.6018131375312805,band_end
3_001_20200623_203230(9),1,0.6360946893692017,0.6921741359490821,0.6360946893692017,interior
3_001_20200623_203230(9),2,0.6421935558319092,0.6989609227820212,0.6421935558319092,edge
3_001_20200623_203235(3),0,0.5964062809944153,0.6742003885993784,0.5964062809944153,band_end
3_001_20200623_203235(3),1,0.6486192345619202,0.6946097747483689,0.6486192345619202,interior
3_001_20200623_203235(3),2,0.6499839425086975,0.7624142641455277,0.6499839425086975,edge
3_001_20200623_203247(5),0,0.623317301273346,0.6917199084418826,0.623317301273346,band_end
3_001_20200623_203247(5),1,0.6096931099891663,0.5580058680854257,0.6096931099891663,interior
3_001_20200623_203247(5),2,0.604587733745575,0.542667246167548,0.604587733745575,edge
3_001_20200624_003240(4),0,0.6201143860816956,0.7292909657934055,0.6201143860816956,band_end
3_001_20200624_003240(4),1,0.5554007291793823,0.7340608249530753,0.5554007291793823,interior
3_001_20200624_003240(4),2,0.6325430870056152,0.7396441263980281,0.6325430870056152,edge
3_001_20200624_003244(2),0,0.6264178156852722,0.8062951881139993,0.6264178156852722,band_end
3_001_20200624_003244(2),1,0.6214116215705872,0.6981125420146689,0.6214116215705872,interior
3_001_20200624_003244(2),2,0.6518502831459045,0.623482562814951,0.6518502831459045,edge
3_001_20200624_003247(7),0,0.0,0.4726119927333939,0.6139433979988098,band_end
3_001_20200624_003247(7),1,0.6508828401565552,0.5423616385399771,0.6508828401565552,interior
3_001_20200624_003247(7),2,0.0,0.49987555295947567,0.6088616847991943,edge
3_001_20200624_003251(1),0,0.5760749578475952,0.7970916846499755,0.5760749578475952,band_end
3_001_20200624_003251(1),1,0.6289317011833191,0.8030570572250353,0.6289317011833191,interior
3_001_20200624_003251(1),2,0.6726471781730652,0.7311728727737757,0.6726471781730652,edge
3_001_20200624_003254(3),0,0.6272363066673279,0.8302416481080267,0.6272363066673279,band_end
3_001_20200624_003254(3),1,0.6743682026863098,0.7277372355214582,0.6743682026863098,interior
3_001_20200624_003254(3),2,0.6239248514175415,0.5827930811002651,0.6239248514175415,edge
3_001_20200624_003303(5),0,0.0,0.4458822935446412,0.6289898753166199,band_end
3_001_20200624_003303(5),1,0.6518763303756714,0.5209723989246413,0.6518763303756714,interior
3_001_20200624_003303(5),2,0.6499227285385132,0.6949246001585077,0.6499227285385132,edge
3_001_20200624_043315(2),0,0.6098960041999817,0.8438562595921122,0.6098960041999817,band_end
3_001_20200624_043315(2),1,0.6056341528892517,0.8108418192296551,0.6056341528892517,interior
3_001_20200624_043315(2),2,0.6281591653823853,0.8492238097227155,0.6281591653823853,edge
3_001_20200624_043324(2),0,0.5741798281669617,0.7620203111995756,0.5741798281669617,band_end
3_001_20200624_043324(2),1,0.6435850858688354,0.7556150395929956,0.6435850858688354,interior
3_001_20200624_043324(2),2,0.625104546546936,0.7532438461925909,0.625104546546936,edge
3_001_20200624_043328(7),0,0.6343006491661072,0.6306302513690625,0.6343006491661072,band_end
3_001_20200624_043328(7),1,0.652036190032959,0.6697719148718394,0.652036190032959,interior
3_001_20200624_043328(7),2,0.0,0.46535845070397464,0.6777926087379456,edge
3_001_20200624_043333(2),0,0.7200495600700378,0.5131441243318983,0.7200495600700378,band_end
3_001_20200624_043333(2),1,0.0,0.478170116567046,0.6874584555625916,interior
3_001_20200624_043333(2),2,0.687040388584137,0.7319674125551866,0.687040388584137,edge
3_001_20200624_043337(8),0,0.634613573551178,0.6409289699136501,0.634613573551178,band_end
3_001_20200624_043337(8),1,0.0,0.4618934259672339,0.6149182915687561,interior
3_001_20200624_043337(8),2,0.7084502577781677,0.5008536379047048,0.7084502577781677,edge
3_001_20200624_043349(7),0,0.605053722858429,0.7859816876199202,0.605053722858429,band_end
3_001_20200624_043349(7),1,0.6907453536987305,0.5585689257298198,0.6907453536987305,interior
3_001_20200624_043349(7),2,0.0029476629570126534,0.565988526298768,0.6778644919395447,edge
3_001_20200624_083150(7),0,0.6463035941123962,0.6227382663268664,0.6463035941123962,band_end
3_001_20200624_083150(7),1,0.553587794303894,0.5729303715067886,0.553587794303894,interior
3_001_20200624_083150(7),2,0.6387709975242615,0.6187425407736954,0.6387709975242615,edge
3_001_20200624_083153(8),0,0.6555537581443787,0.6995256911835187,0.6555537581443787,band_end
3_001_20200624_083153(8),1,0.6282644867897034,0.6685193872608869,0.6282644867897034,interior
3_001_20200624_083153(8),2,0.6485084295272827,0.6186223413416316,0.6485084295272827,edge
3_001_20200624_083156(9),0,0.6239171624183655,0.7680471413288387,0.6239171624183655,band_end
3_001_20200624_083156(9),1,0.6704395413398743,0.618663389623786,0.6704395413398743,interior
3_001_20200624_083156(9),2,0.6956319212913513,0.5868076901882887,0.6956319212913513,edge
3_001_20200624_083159(6),0,0.6196812987327576,0.5957719745871785,0.6196812987327576,band_end
3_001_20200624_083159(6),1,0.6232807040214539,0.5963102932239155,0.6232807040214539,interior
3_001_20200624_083159(6),2,0.6428528428077698,0.6079891313084637,0.6428528428077698,edge
3_001_20200624_083202(6),0,0.0,0.24360066676578884,0.5741040110588074,band_end
3_001_20200624_083202(6),1,0.0,0.358941599859723,0.6474727988243103,interior
3_001_20200624_083202(6),2,0.6277120113372803,0.6079280253451986,0.6277120113372803,edge
3_001_20200624_083205(7),0,0.6552160382270813,0.631720495670486,0.6552160382270813,band_end
3_001_20200624_083205(7),1,0.64179527759552,0.5771814959863311,0.64179527759552,interior
3_001_20200624_083205(7),2,0.6294301152229309,0.6401800015022272,0.6294301152229309,edge
3_001_20200624_123313(4),0,0.6272881031036377,0.6011254339079771,0.6272881031036377,band_end
3_001_20200624_123313(4),1,0.6015800833702087,0.5264583567250232,0.6015800833702087,interior
3_001_20200624_123313(4),2,0.6002857685089111,0.5297125043677794,0.6002857685089111,edge
3_001_20200624_123317(8),0,0.0,0.48878181595831094,0.6179057359695435,band_end
3_001_20200624_123317(8),1,0.601016104221344,0.540269252498235,0.601016104221344,interior
3_001_20200624_123317(8),2,0.6539589762687683,0.5362728228067576,0.6539589762687683,edge
3_001_20200624_123322(3),0,0.0,0.4849840710480099,0.6174737811088562,band_end
3_001_20200624_123322(3),1,0.0,0.47988075165942845,0.6007901430130005,interior
3_001_20200624_123322(3),2,0.6069604754447937,0.5673119457086966,0.6069604754447937,edge
3_001_20200624_123326(6),0,0.5835394859313965,0.6880617493891057,0.5835394859313965,band_end
3_001_20200624_123326(6),1,0.6907396912574768,0.6564871926038752,0.6907396912574768,interior
3_001_20200624_123326(6),2,0.6573449969291687,0.6642928758408521,0.6573449969291687,edge
3_001_20200624_123331(2),0,0.0,0.4643012219197134,0.5773344039916992,band_end
3_001_20200624_123331(2),1,0.5941415429115295,0.690584217587291,0.5941415429115295,interior
3_001_20200624_123331(2),2,0.5932006239891052,0.547852545167526,0.5932006239891052,edge
3_001_20200624_123335(6),0,0.6691730618476868,0.6307727762863838,0.6691730618476868,band_end
3_001_20200624_123335(6),1,0.6150128245353699,0.7015879576176286,0.6150128245353699,interior
3_001_20200624_123335(6),2,0.5832655429840088,0.7849404531817988,0.5832655429840088,edge
3_001_20200624_162816(3),0,0.4408777952194214,0.560961317352578,0.4408777952194214,band_end
3_001_20200624_162816(3),1,0.676784873008728,0.5266061856746092,0.676784873008728,interior
3_001_20200624_162816(3),2,0.6879266500473022,0.6308335840448486,0.6879266500473022,edge
3_001_20200624_162821(2),0,0.5982364416122437,0.7820672217458964,0.5982364416122437,band_end
3_001_20200624_162821(2),1,0.5723268389701843,0.7133913238468689,0.5723268389701843,interior
3_001_20200624_162821(2),2,0.5676482319831848,0.7873543447576905,0.5676482319831848,edge
3_001_20200624_162831(2),0,0.6341926455497742,0.6562625029619085,0.6341926455497742,band_end
3_001_20200624_162831(2),1,0.0012516612187027931,0.5120668539551189,0.6608138084411621,interior
3_001_20200624_162831(2),2,0.6092221736907959,0.554922810373992,0.6092221736907959,edge
3_001_20200624_162835(8),0,0.6337354779243469,0.5613509467353867,0.6337354779243469,band_end
3_001_20200624_162835(8),1,0.6412931084632874,0.7196519704877302,0.6412931084632874,interior
3_001_20200624_162835(8),2,0.6402307152748108,0.7104478695795015,0.6402307152748108,edge
3_001_20200624_203149(7),0,0.5750730037689209,0.61827550636367,0.5750730037689209,band_end
3_001_20200624_203149(7),1,0.6714871525764465,0.5727315078384828,0.6714871525764465,interior
3_001_20200624_203149(7),2,0.7116261124610901,0.6349326626835229,0.7116261124610901,edge
3_001_20200624_203154(3),0,0.6081315279006958,0.6829711677772659,0.6081315279006958,band_end
3_001_20200624_203154(3),1,0.6661818623542786,0.5629785439698847,0.6661818623542786,interior
3_001_20200624_203154(3),2,0.6693690419197083,0.5973819184887001,0.6693690419197083,edge
3_001_20200624_203203(1),0,0.6487066149711609,0.5897657380203952,0.6487066149711609,band_end
3_001_20200624_203203(1),1,0.5820003151893616,0.5836295468865761,0.5820003151893616,interior
3_001_20200624_203203(1),2,0.6629327535629272,0.7216292875818908,0.6629327535629272,edge
3_001_20200624_203207(8),0,0.6943521499633789,0.6559177694861826,0.6943521499633789,band_end
3_001_20200624_203207(8),1,0.6180988550186157,0.7108675571631482,0.6180988550186157,interior
3_001_20200624_203207(8),2,0.5834400653839111,0.7208886891153911,0.5834400653839111,edge
3_001_20200624_203212(2),0,0.638593316078186,0.8454933610054446,0.638593316078186,band_end
3_001_20200624_203212(2),1,0.5851073861122131,0.7432882292223062,0.5851073861122131,interior
3_001_20200624_203212(2),2,0.5457502603530884,0.646072057024251,0.5457502603530884,edge
3_001_20200624_203225(8),0,0.5964162945747375,0.5477949102902275,0.5964162945747375,band_end
3_001_20200624_203225(8),1,0.5690588355064392,0.6158786857508946,0.5690588355064392,interior
3_001_20200624_203225(8),2,0.6573353409767151,0.5865340513262389,0.6573353409767151,edge
3_001_20200625_003507(0),0,0.6256758570671082,0.8373306887949803,0.6256758570671082,band_end
3_001_20200625_003507(0),1,0.5898431539535522,0.7227280338870571,0.5898431539535522,interior
3_001_20200625_003507(0),2,0.6202214360237122,0.7917542689591811,0.6202214360237122,edge
3_001_20200625_003511(4),0,0.6489416360855103,0.6131250783689118,0.6489416360855103,band_end
3_001_20200625_003511(4),1,0.6520421504974365,0.730016550583667,0.6520421504974365,interior
3_001_20200625_003511(4),2,0.690507709980011,0.7382838713850557,0.690507709980011,edge
3_001_20200625_003515(9),0,0.6847140192985535,0.7429019924093334,0.6847140192985535,band_end
3_001_20200625_003515(9),1,0.6374168395996094,0.6266266847446575,0.6374168395996094,interior
3_001_20200625_003515(9),2,0.654507577419281,0.779736874691951,0.654507577419281,edge
3_001_20200625_003520(4),0,0.6566689014434814,0.5901721614475814,0.6566689014434814,band_end
3_001_20200625_003520(4),1,0.718709409236908,0.7393146256267927,0.718709409236908,interior
3_001_20200625_003520(4),2,0.6641218662261963,0.6650327605019314,0.6641218662261963,edge
3_001_20200625_003524(9),0,0.7057210206985474,0.655400243004593,0.7057210206985474,band_end
3_001_20200625_003524(9),1,0.6458165645599365,0.6657945944846599,0.6458165645599365,interior
3_001_20200625_003524(9),2,0.6252720952033997,0.6809448939272879,0.6252720952033997,edge
3_001_20200625_003529(2),0,0.6240657567977905,0.7291488863156642,0.6240657567977905,band_end
3_001_20200625_003529(2),1,0.6482318639755249,0.7464437972105452,0.6482318639755249,interior
3_001_20200625_003529(2),2,0.5542095899581909,0.7015953358098035,0.5542095899581909,edge
3_001_20200625_043323(7),0,0.6704753637313843,0.6838909829608119,0.6704753637313843,band_end
3_001_20200625_043323(7),1,0.6448816061019897,0.7359107801087656,0.6448816061019897,interior
3_001_20200625_043323(7),2,0.6271139979362488,0.7126581599918344,0.6271139979362488,edge
3_001_20200625_043328(3),0,0.6165006756782532,0.7195164151428856,0.6165006756782532,band_end
3_001_20200625_043328(3),1,0.6750887036323547,0.6486464263942382,0.6750887036323547,interior
3_001_20200625_043328(3),2,0.6401349902153015,0.7086768547488164,0.6401349902153015,edge
3_001_20200625_043337(3),0,0.6428297162055969,0.7094164515098202,0.6428297162055969,band_end
3_001_20200625_043337(3),1,0.683661699295044,0.5647806225539593,0.683661699295044,interior
3_001_20200625_043337(3),2,0.6691666841506958,0.8202869864622554,0.6691666841506958,edge
3_001_20200625_043341(7),0,0.6467411518096924,0.7368795614340284,0.6467411518096924,band_end
3_001_20200625_043341(7),1,0.579227864742279,0.7746043726215684,0.579227864742279,interior
3_001_20200625_043341(7),2,0.5871310830116272,0.8316033425323148,0.5871310830116272,edge
3_001_20200625_043346(2),0,0.6533905863761902,0.6464217494277736,0.6533905863761902,band_end
3_001_20200625_043346(2),1,0.5936946868896484,0.5775084559851518,0.5936946868896484,interior
3_001_20200625_043346(2),2,0.5848900675773621,0.6350227215217169,0.5848900675773621,edge
3_001_20200625_043359(8),0,0.6412627100944519,0.6049519151392032,0.6412627100944519,band_end
3_001_20200625_043359(8),1,0.6727408766746521,0.6866192523719021,0.6727408766746521,interior
3_001_20200625_043359(8),2,0.6661288142204285,0.8395651402652541,0.6661288142204285,edge
3_001_20200727_204954(7),0,0.6400468945503235,0.5062261381444109,0.6400468945503235,band_end
3_001_20200727_204954(7),1,0.5933963656425476,0.6181336768302185,0.5933963656425476,interior
3_001_20200727_204954(7),2,0.535338819026947,0.7024552503713382,0.535338819026947,edge
3_001_20200727_204958(2),0,0.625479519367218,0.5041649249540763,0.625479519367218,band_end
3_001_20200727_204958(2),1,0.0,0.4741820061603528,0.6809601783752441,interior
3_001_20200727_204958(2),2,0.0013029953697696328,0.5200164313374941,0.5576336979866028,edge
3_001_20200728_014351(3),0,0.6369690299034119,0.6491030615523949,0.6369690299034119,band_end
3_001_20200728_014351(3),1,0.5922554135322571,0.6691363218575194,0.5922554135322571,interior
3_001_20200728_014351(3),2,0.587900698184967,0.7041409238783777,0.587900698184967,edge
3_001_20200728_014355(2),0,0.6104184985160828,0.6266604641118704,0.6104184985160828,band_end
3_001_20200728_014355(2),1,0.5212631821632385,0.6158924786300385,0.5212631821632385,interior
3_001_20200728_014355(2),2,0.5610963702201843,0.6471539072976631,0.5610963702201843,edge
3_001_20200728_043138(3),0,0.6987807750701904,0.8224459881225947,0.6987807750701904,band_end
3_001_20200728_043138(3),1,0.6244446635246277,0.7683172882111236,0.6244446635246277,interior
3_001_20200728_043138(3),2,0.6301213502883911,0.8421734044861495,0.6301213502883911,edge
3_001_20200728_043141(5),0,0.6457847952842712,0.7887072887430461,0.6457847952842712,band_end
3_001_20200728_043141(5),1,0.6059675812721252,0.8458306086233336,0.6059675812721252,interior
3_001_20200728_043141(5),2,0.5663635730743408,0.7790718891109856,0.5663635730743408,edge
3_001_20200728_083108(2),0,0.5925833582878113,0.6691756496057216,0.5925833582878113,band_end
3_001_20200728_083108(2),1,0.5799453258514404,0.7333217609468312,0.5799453258514404,interior
3_001_20200728_083108(2),2,0.5961795449256897,0.707975409327346,0.5961795449256897,edge
3_001_20200728_083116(1),0,0.6489143371582031,0.6351287366937475,0.6489143371582031,band_end
3_001_20200728_083116(1),1,0.6031743288040161,0.6243376961329059,0.6031743288040161,interior
3_001_20200728_083116(1),2,0.595865786075592,0.7255635055595151,0.595865786075592,edge
3_001_20200728_123129(2),0,0.6153286695480347,0.6957676046174177,0.6153286695480347,band_end
3_001_20200728_123129(2),1,0.6030216813087463,0.6388352803715174,0.6030216813087463,interior
3_001_20200728_123129(2),2,0.6168196797370911,0.6772010539777755,0.6168196797370911,edge
3_001_20200728_123132(4),0,0.579637885093689,0.751771170269643,0.579637885093689,band_end
3_001_20200728_123132(4),1,0.604264497756958,0.7509228209119159,0.604264497756958,interior
3_001_20200728_123132(4),2,0.5419959425926208,0.7766930972268566,0.5419959425926208,edge
3_001_20200728_163910(5),0,0.6426292657852173,0.7339425103068846,0.6426292657852173,band_end
3_001_20200728_163910(5),1,0.697727382183075,0.7380598959830943,0.697727382183075,interior
3_001_20200728_163910(5),2,0.638960063457489,0.7082148977578735,0.638960063457489,edge
3_001_20200728_163913(6),0,0.5809187889099121,0.6934084163469786,0.5809187889099121,band_end
3_001_20200728_163913(6),1,0.5564654469490051,0.7750384533851388,0.5564654469490051,interior
3_001_20200728_163913(6),2,0.5762845873832703,0.8107859142669236,0.5762845873832703,edge
3_001_20200810_085043(8),0,0.5969105362892151,0.7598892778023912,0.5969105362892151,band_end
3_001_20200810_085043(8),1,0.6724157333374023,0.7696189151298745,0.6724157333374023,interior
3_001_20200810_085043(8),2,0.5563663244247437,0.7790127243376385,0.5563663244247437,edge
3_001_20200810_123047(8),0,0.6306678056716919,0.6244168260864423,0.6306678056716919,band_end
3_001_20200810_123047(8),1,0.6425775289535522,0.7071751201572586,0.6425775289535522,interior
3_001_20200810_123047(8),2,0.6536085605621338,0.6797806703289436,0.6536085605621338,edge
3_001_20200810_123051(3),0,0.6015914678573608,0.8593162963869886,0.6015914678573608,band_end
3_001_20200810_123051(3),1,0.6385636925697327,0.8753668565309859,0.6385636925697327,interior
3_001_20200810_123051(3),2,0.601387619972229,0.8049943198685388,0.601387619972229,edge
3_001_20200810_163112(8),0,0.7034294009208679,0.719507005984907,0.7034294009208679,band_end
3_001_20200810_163112(8),1,0.6509448885917664,0.7060420609974338,0.6509448885917664,interior
3_001_20200810_163112(8),2,0.5792739987373352,0.7195878620907359,0.5792739987373352,edge
3_001_20200810_163116(0),0,0.6782413721084595,0.7143286203121153,0.6782413721084595,band_end
3_001_20200810_163116(0),1,0.6022418141365051,0.8070465795499284,0.6022418141365051,interior
3_001_20200810_163116(0),2,0.7048982381820679,0.5066019914555407,0.7048982381820679,edge
3_001_20200810_203208(7),0,0.6727333664894104,0.6857583041520049,0.6727333664894104,band_end
3_001_20200810_203208(7),1,0.6046498417854309,0.800119277035081,0.6046498417854309,interior
3_001_20200810_203208(7),2,0.6056013703346252,0.6288417726959912,0.6056013703346252,edge
3_001_20200810_203212(6),0,0.5567799806594849,0.6521196301937813,0.5567799806594849,band_end
3_001_20200810_203212(6),1,0.6483258605003357,0.6954455602681264,0.6483258605003357,interior
3_001_20200810_203212(6),2,0.6179860234260559,0.6529919902483622,0.6179860234260559,edge
3_001_20200811_003323(2),0,0.5506224036216736,0.6827864495301811,0.5506224036216736,band_end
3_001_20200811_003323(2),1,0.5926103591918945,0.6470169459482551,0.5926103591918945,interior
3_001_20200811_003323(2),2,0.6127011775970459,0.7211959986016154,0.6127011775970459,edge
3_001_20200811_003327(0),0,0.5934123992919922,0.6354792759741019,0.5934123992919922,band_end
3_001_20200811_003327(0),1,0.5712137222290039,0.753675064492411,0.5712137222290039,interior
3_001_20200811_003327(0),2,0.6246948838233948,0.7701921242194611,0.6246948838233948,edge
3_001_20200811_043037(3),0,0.6102634072303772,0.8540980654250147,0.6102634072303772,band_end
3_001_20200811_043037(3),1,0.54876309633255,0.8813411476736907,0.54876309633255,interior
3_001_20200811_043037(3),2,0.6403010487556458,0.9195818564989033,0.6403010487556458,edge
3_001_20200811_043041(6),0,0.6326313614845276,0.7498265051615076,0.6326313614845276,band_end
3_001_20200811_043041(6),1,0.6293080449104309,0.6540926628459233,0.6293080449104309,interior
3_001_20200811_043041(6),2,0.6593039035797119,0.7262982751585247,0.6593039035797119,edge
3_001_20200815_003438(6),0,0.5861299633979797,0.7415308255783074,0.5861299633979797,band_end
3_001_20200815_003438(6),1,0.6028271317481995,0.7658951080169467,0.6028271317481995,interior
3_001_20200815_003438(6),2,0.6272484660148621,0.8187525042155681,0.6272484660148621,edge
3_001_20200815_003529(0),0,0.6281852126121521,0.6415887987864866,0.6281852126121521,band_end
3_001_20200815_003529(0),1,0.6197628974914551,0.616123387885884,0.6197628974914551,interior
3_001_20200815_003529(0),2,0.589227020740509,0.6933250621598631,0.589227020740509,edge
3_001_20200819_003039(4),0,0.632491409778595,0.6516918515344747,0.632491409778595,band_end
3_001_20200819_003039(4),1,0.5906664133071899,0.703159664551041,0.5906664133071899,interior
3_001_20200819_003039(4),2,0.6549481749534607,0.7018259064908537,0.6549481749534607,edge
3_001_20200819_003044(1),0,0.627352774143219,0.6529347564511032,0.627352774143219,band_end
3_001_20200819_003044(1),1,0.5669769048690796,0.659647917240643,0.5669769048690796,interior
3_001_20200819_003044(1),2,0.6125635504722595,0.622294749523126,0.6125635504722595,edge
3_001_20200819_043209(9),0,0.6197542548179626,0.6566111351914166,0.6197542548179626,band_end
3_001_20200819_043209(9),1,0.6345832943916321,0.6686655771862611,0.6345832943916321,interior
3_001_20200819_043209(9),2,0.6643572449684143,0.7134606023765314,0.6643572449684143,edge
3_001_20200819_043216(0),0,0.5970732569694519,0.7389974164282374,0.5970732569694519,band_end
3_001_20200819_043216(0),1,0.6302313208580017,0.695943143646382,0.6302313208580017,interior
3_001_20200819_043216(0),2,0.5690816044807434,0.72270034064183,0.5690816044807434,edge
3_001_20200819_083353(5),0,0.6421282291412354,0.5853634119203226,0.6421282291412354,band_end
3_001_20200819_083353(5),1,0.6219264268875122,0.5528662811333876,0.6219264268875122,interior
3_001_20200819_083353(5),2,0.6083966493606567,0.7337012543983633,0.6083966493606567,edge
3_001_20200819_083401(0),0,0.5739898681640625,0.5520253232826464,0.5739898681640625,band_end
3_001_20200819_083401(0),1,0.6024168133735657,0.5870793174740073,0.6024168133735657,interior
3_001_20200819_083401(0),2,0.6216214299201965,0.580743205063793,0.6216214299201965,edge
3_001_20200819_124414(0),0,0.0015769822057336569,0.6481619972014474,0.597442090511322,band_end
3_001_20200819_124414(0),1,0.0,0.49502369454988826,0.6047466397285461,interior
3_001_20200819_124414(0),2,0.6611783504486084,0.5051377932920683,0.6611783504486084,edge
3_001_20200819_124415(9),0,0.6252024173736572,0.8003009282192709,0.6252024173736572,band_end
3_001_20200819_124415(9),1,0.6891592144966125,0.7956397792228055,0.6891592144966125,interior
3_001_20200819_124415(9),2,0.5745609998703003,0.8114287353215047,0.5745609998703003,edge
3_001_20200819_162723(4),0,0.5950186252593994,0.6216933899737022,0.5950186252593994,band_end
3_001_20200819_162723(4),1,0.6133747100830078,0.5957323926508004,0.6133747100830078,interior
3_001_20200819_162723(4),2,0.5752377510070801,0.5984218960114467,0.5752377510070801,edge
3_001_20200826_023328(3),0,0.6489461064338684,0.5258381082837692,0.6489461064338684,band_end
3_001_20200826_023328(3),1,0.0027836449444293976,0.6951179491945605,0.6360671520233154,interior
3_001_20200826_023328(3),2,0.0,0.4495869904954537,0.6282345652580261,edge
3_001_20200826_023332(5),0,0.6304925680160522,0.7963008258394697,0.6304925680160522,band_end
3_001_20200826_023332(5),1,0.6580620408058167,0.7747630193888193,0.6580620408058167,interior
3_001_20200826_023332(5),2,0.5363637208938599,0.760979236438088,0.5363637208938599,edge
3_001_20200826_043252(8),0,0.638022243976593,0.7904299186540745,0.638022243976593,band_end
3_001_20200826_043252(8),1,0.6576226353645325,0.7880511530982595,0.6576226353645325,interior
3_001_20200826_043252(8),2,0.5548525452613831,0.7789295365760377,0.5548525452613831,edge
3_001_20200826_043255(8),0,0.4613373577594757,0.6718061318388209,0.4613373577594757,band_end
3_001_20200826_043255(8),1,0.5614320039749146,0.710512533551082,0.5614320039749146,interior
3_001_20200826_043255(8),2,0.5371422171592712,0.6937241226745149,0.5371422171592712,edge
3_001_20200826_123711(3),0,0.5049821138381958,0.7122943215564111,0.5049821138381958,band_end
3_001_20200826_123711(3),1,0.6109915971755981,0.7397532675567172,0.6109915971755981,interior
3_001_20200826_123711(3),2,0.5553338527679443,0.6995295684413592,0.5553338527679443,edge
3_001_20200826_123714(5),0,0.678357720375061,0.7335038362254988,0.678357720375061,band_end
3_001_20200826_123714(5),1,0.6106781363487244,0.6647051613170449,0.6106781363487244,interior
3_001_20200826_123714(5),2,0.6294324398040771,0.6634089445014223,0.6294324398040771,edge
3_001_20200831_083711(6),0,0.6391258835792542,0.5492191010961831,0.6391258835792542,band_end
3_001_20200831_083711(6),1,0.5454597473144531,0.5733269746331797,0.5454597473144531,interior
3_001_20200831_083711(6),2,0.572783350944519,0.5303010129367236,0.572783350944519,edge
3_001_20200831_083714(8),0,0.6310547590255737,0.6595580730443964,0.6310547590255737,band_end
3_001_20200831_083714(8),1,0.5598772764205933,0.7083308916921035,0.5598772764205933,interior
3_001_20200831_083714(8),2,0.6322339773178101,0.7517881848109074,0.6322339773178101,edge
3_001_20200831_123316(5),0,0.6030656099319458,0.6330555665226388,0.6030656099319458,band_end
3_001_20200831_123316(5),1,0.6347470283508301,0.5537625348267292,0.6347470283508301,interior
3_001_20200831_123316(5),2,0.6910259127616882,0.5633771097801723,0.6910259127616882,edge
3_001_20200922_163332(2),0,0.6461423635482788,0.6508011689270378,0.6461423635482788,band_end
3_001_20200922_163332(2),1,0.7103371024131775,0.6909497203981023,0.7103371024131775,interior
3_001_20200922_163332(2),2,0.6127813458442688,0.6836475545336731,0.6127813458442688,edge
3_001_20200922_163335(3),0,0.6733973026275635,0.7978859033191191,0.6733973026275635,band_end
3_001_20200922_163335(3),1,0.6502788662910461,0.7516433318888813,0.6502788662910461,interior
3_001_20200922_163335(3),2,0.5888898372650146,0.7119248172856525,0.5888898372650146,edge
