,machine,timestamp,date,product,top1_conf,zone,zone_prior,top1_depth
1_002_20200629_082648(6),1,2020-06-29 08:26:48,2020-06-29,3band,0.7181214690208435,reinspect,reinspect,57.0
1_002_20200629_082651(5),1,2020-06-29 08:26:51,2020-06-29,3band,0.710582435131073,reinspect,reinspect,57.0
1_002_20200629_123235(1),1,2020-06-29 12:32:35,2020-06-29,3band,0.715984046459198,reinspect,reinspect,57.0
1_002_20200629_123239(5),1,2020-06-29 12:32:39,2020-06-29,3band,0.7196821570396423,reinspect,reinspect,59.0
1_002_20200629_123244(1),1,2020-06-29 12:32:44,2020-06-29,3band,0.7170358300209045,reinspect,reinspect,61.0
1_002_20200629_123248(5),1,2020-06-29 12:32:48,2020-06-29,3band,0.7154480814933777,reinspect,reinspect,52.0
1_002_20200629_123253(1),1,2020-06-29 12:32:53,2020-06-29,3band,0.7126321196556091,reinspect,reinspect,61.0
1_002_20200629_123257(5),1,2020-06-29 12:32:57,2020-06-29,3band,0.7063769698143005,reinspect,reinspect,57.0
1_002_20200629_163454(3),1,2020-06-29 16:34:54,2020-06-29,3band,0.7292229533195496,reject,reject,62.0
1_002_20200629_163457(3),1,2020-06-29 16:34:57,2020-06-29,3band,0.7119818925857544,reinspect,reinspect,56.0
1_002_20200629_163500(2),1,2020-06-29 16:35:00,2020-06-29,3band,0.716191291809082,reinspect,reinspect,65.0
1_002_20200629_163506(3),1,2020-06-29 16:35:06,2020-06-29,3band,0.7091184854507446,reinspect,reinspect,61.0
1_002_20200629_163513(1),1,2020-06-29 16:35:13,2020-06-29,3band,0.7210524678230286,reinspect,reinspect,58.0
1_002_20200629_163520(3),1,2020-06-29 16:35:20,2020-06-29,3band,0.7154960632324219,reinspect,reinspect,62.0
1_002_20200629_202528(1),1,2020-06-29 20:25:28,2020-06-29,3band,0.7102940082550049,reinspect,reinspect,62.0
1_002_20200629_202532(5),1,2020-06-29 20:25:32,2020-06-29,3band,0.7058954834938049,reinspect,reinspect,51.0
1_002_20200629_202537(0),1,2020-06-29 20:25:37,2020-06-29,3band,0.7125241160392761,reinspect,reinspect,68.0
1_002_20200629_202541(5),1,2020-06-29 20:25:41,2020-06-29,3band,0.7159644365310669,reinspect,reinspect,55.0
1_002_20200629_202546(0),1,2020-06-29 20:25:46,2020-06-29,3band,0.7069882154464722,reinspect,reinspect,47.0
1_002_20200629_202550(6),1,2020-06-29 20:25:50,2020-06-29,3band,0.7048036456108093,reinspect,reinspect,52.0
1_002_20200630_002731(0),1,2020-06-30 00:27:31,2020-06-30,3band,0.7153589725494385,reinspect,reinspect,49.0
1_002_20200630_002735(3),1,2020-06-30 00:27:35,2020-06-30,3band,0.7110300064086914,reinspect,reinspect,53.0
1_002_20200630_002739(8),1,2020-06-30 00:27:39,2020-06-30,3band,0.719379723072052,reinspect,reinspect,59.0
1_002_20200630_002744(3),1,2020-06-30 00:27:44,2020-06-30,3band,0.7180050611495972,reinspect,reinspect,60.0
1_002_20200630_002748(7),1,2020-06-30 00:27:48,2020-06-30,3band,0.7250714302062988,reject,reject,57.0
1_002_20200630_002753(4),1,2020-06-30 00:27:53,2020-06-30,3band,0.7177777290344238,reinspect,reinspect,57.0
1_002_20200630_042952(6),1,2020-06-30 04:29:52,2020-06-30,3band,0.7262552380561829,reject,reject,57.0
1_002_20200630_042956(9),1,2020-06-30 04:29:56,2020-06-30,3band,0.7118774652481079,reinspect,reinspect,57.0
1_002_20200630_043001(5),1,2020-06-30 04:30:01,2020-06-30,3band,0.7140893936157227,reinspect,reinspect,60.0
1_002_20200630_043009(0),1,2020-06-30 04:30:09,2020-06-30,3band,0.7101626992225647,reinspect,reinspect,54.0
1_002_20200630_043018(1),1,2020-06-30 04:30:18,2020-06-30,3band,0.7139632105827332,reinspect,reinspect,59.0
1_002_20200630_043022(7),1,2020-06-30 04:30:22,2020-06-30,3band,0.7133787870407104,reinspect,reinspect,51.0
1_002_20200630_083021(2),1,2020-06-30 08:30:21,2020-06-30,3band,0.7133680582046509,reinspect,reinspect,59.0
1_002_20200630_083024(2),1,2020-06-30 08:30:24,2020-06-30,3band,0.717799961566925,reinspect,reinspect,64.0
1_002_20200630_083028(7),1,2020-06-30 08:30:28,2020-06-30,3band,0.7034921646118164,reinspect,reinspect,59.0
1_002_20200630_083033(2),1,2020-06-30 08:30:33,2020-06-30,3band,0.7135168313980103,reinspect,reinspect,60.0
1_002_20200630_083037(7),1,2020-06-30 08:30:37,2020-06-30,3band,0.7156291604042053,reinspect,reinspect,55.0
1_002_20200630_083042(2),1,2020-06-30 08:30:42,2020-06-30,3band,0.7263632416725159,reject,reject,58.0
1_002_20200630_123220(5),1,2020-06-30 12:32:20,2020-06-30,3band,0.7203834652900696,reinspect,reinspect,64.0
1_002_20200630_123224(9),1,2020-06-30 12:32:24,2020-06-30,3band,0.71625155210495,reinspect,reinspect,61.0
1_002_20200630_123229(5),1,2020-06-30 12:32:29,2020-06-30,3band,0.7127485275268555,reinspect,reinspect,63.0
1_002_20200630_123234(0),1,2020-06-30 12:32:34,2020-06-30,3band,0.724662184715271,reject,reject,62.0
1_002_20200630_123238(5),1,2020-06-30 12:32:38,2020-06-30,3band,0.7175597548484802,reinspect,reinspect,57.0
1_002_20200630_123243(0),1,2020-06-30 12:32:43,2020-06-30,3band,0.7153041362762451,reinspect,reinspect,55.0
1_002_20200630_163223(6),1,2020-06-30 16:32:23,2020-06-30,3band,0.711966872215271,reinspect,reinspect,57.0
1_002_20200630_163227(9),1,2020-06-30 16:32:27,2020-06-30,3band,0.7041563987731934,reinspect,reinspect,57.0
1_002_20200630_163232(4),1,2020-06-30 16:32:32,2020-06-30,3band,0.6982496380805969,reinspect,reinspect,67.0
1_002_20200630_163237(0),1,2020-06-30 16:32:37,2020-06-30,3band,0.7155358195304871,reinspect,reinspect,54.0
1_002_20200630_163241(3),1,2020-06-30 16:32:41,2020-06-30,3band,0.7135113477706909,reinspect,reinspect,53.0
1_002_20200630_163246(0),1,2020-06-30 16:32:46,2020-06-30,3band,0.7131333947181702,reinspect,reinspect,55.0
1_002_20200630_202821(1),1,2020-06-30 20:28:21,2020-06-30,3band,0.7085522413253784,reinspect,reinspect,64.0
1_002_20200630_202825(8),1,2020-06-30 20:28:25,2020-06-30,3band,0.7185150980949402,reinspect,reinspect,63.0
1_002_20200630_202830(0),1,2020-06-30 20:28:30,2020-06-30,3band,0.7151893973350525,reinspect,reinspect,63.0
1_002_20200630_202834(7),1,2020-06-30 20:28:34,2020-06-30,3band,0.7196130156517029,reinspect,reinspect,61.0
1_002_20200630_202839(2),1,2020-06-30 20:28:39,2020-06-30,3band,0.7142825126647949,reinspect,reinspect,61.0
1_002_20200630_202843(7),1,2020-06-30 20:28:43,2020-06-30,3band,0.712520182132721,reinspect,reinspect,59.0
1_002_20200701_003844(7),1,2020-07-01 00:38:44,2020-07-01,3band,0.7174184322357178,reinspect,reinspect,63.0
1_002_20200701_003849(2),1,2020-07-01 00:38:49,2020-07-01,3band,0.7205870151519775,reinspect,reinspect,64.0
1_002_20200701_003853(8),1,2020-07-01 00:38:53,2020-07-01,3band,0.7197577357292175,reinspect,reinspect,50.0
1_002_20200701_003858(2),1,2020-07-01 00:38:58,2020-07-01,3band,0.7084139585494995,reinspect,reinspect,55.0
1_002_20200701_003902(7),1,2020-07-01 00:39:02,2020-07-01,3band,0.7184267640113831,reinspect,reinspect,61.0
1_002_20200701_003907(0),1,2020-07-01 00:39:07,2020-07-01,3band,0.714446485042572,reinspect,reinspect,57.0
1_002_20200701_042952(8),1,2020-07-01 04:29:52,2020-07-01,3band,0.7196769118309021,reinspect,reinspect,59.0
1_002_20200701_042957(2),1,2020-07-01 04:29:57,2020-07-01,3band,0.7173099517822266,reinspect,reinspect,55.0
1_002_20200701_043001(6),1,2020-07-01 04:30:01,2020-07-01,3band,0.702729344367981,reinspect,reinspect,59.0
1_002_20200701_043006(4),1,2020-07-01 04:30:06,2020-07-01,3band,0.701102077960968,reinspect,reinspect,56.0
1_002_20200701_043010(8),1,2020-07-01 04:30:10,2020-07-01,3band,0.713363528251648,reinspect,reinspect,58.0
1_002_20200701_043015(3),1,2020-07-01 04:30:15,2020-07-01,3band,0.7084805369377136,reinspect,reinspect,55.0
1_002_20200701_083109(4),1,2020-07-01 08:31:09,2020-07-01,3band,0.7256739139556885,reject,reject,60.0
1_002_20200701_083113(8),1,2020-07-01 08:31:13,2020-07-01,3band,0.7118788361549377,reinspect,reinspect,63.0
1_002_20200701_083121(4),1,2020-07-01 08:31:21,2020-07-01,3band,0.717307448387146,reinspect,reinspect,58.0
1_002_20200701_083126(0),1,2020-07-01 08:31:26,2020-07-01,3band,0.7176443934440613,reinspect,reinspect,57.0
1_002_20200701_083130(4),1,2020-07-01 08:31:30,2020-07-01,3band,0.7174854874610901,reinspect,reinspect,67.0
1_002_20200701_083142(6),1,2020-07-01 08:31:42,2020-07-01,3band,0.7215176820755005,reinspect,reinspect,52.0
1_002_20200701_123318(7),1,2020-07-01 12:33:18,2020-07-01,3band,0.7098952531814575,reinspect,reinspect,61.0
1_002_20200701_123321(8),1,2020-07-01 12:33:21,2020-07-01,3band,0.720633864402771,reinspect,reinspect,56.0
1_002_20200701_123325(0),1,2020-07-01 12:33:25,2020-07-01,3band,0.722957193851471,reject,reject,57.0
1_002_20200701_123328(2),1,2020-07-01 12:33:28,2020-07-01,3band,0.7187416553497314,reinspect,reinspect,60.0
1_002_20200701_123331(2),1,2020-07-01 12:33:31,2020-07-01,3band,0.7234634757041931,reject,reject,64.0
1_002_20200701_123334(3),1,2020-07-01 12:33:34,2020-07-01,3band,0.7308528423309326,reject,reject,63.0
1_002_20200701_163004(7),1,2020-07-01 16:30:04,2020-07-01,3band,0.7072165608406067,reinspect,reinspect,58.0
1_002_20200701_163017(3),1,2020-07-01 16:30:17,2020-07-01,3band,0.7077048420906067,reinspect,reinspect,59.0
1_002_20200701_163021(2),1,2020-07-01 16:30:21,2020-07-01,3band,0.7048799991607666,reinspect,reinspect,64.0
1_002_20200701_163024(9),1,2020-07-01 16:30:24,2020-07-01,3band,0.712269127368927,reinspect,reinspect,61.0
1_002_20200701_163029(1),1,2020-07-01 16:30:29,2020-07-01,3band,0.7144386172294617,reinspect,reinspect,52.0
1_002_20200701_163033(0),1,2020-07-01 16:30:33,2020-07-01,3band,0.726349413394928,reject,reject,63.0
1_002_20200701_203037(6),1,2020-07-01 20:30:37,2020-07-01,3band,0.7087193727493286,reinspect,reinspect,62.0
1_002_20200701_203040(8),1,2020-07-01 20:30:40,2020-07-01,3band,0.7180065512657166,reinspect,reinspect,58.0
1_002_20200701_203043(9),1,2020-07-01 20:30:43,2020-07-01,3band,0.7171622514724731,reinspect,reinspect,64.0
1_002_20200701_203046(9),1,2020-07-01 20:30:46,2020-07-01,3band,0.7154706120491028,reinspect,reinspect,60.0
1_002_20200701_203050(0),1,2020-07-01 20:30:50,2020-07-01,3band,0.7058830261230469,reinspect,reinspect,57.0
1_002_20200701_203053(0),1,2020-07-01 20:30:53,2020-07-01,3band,0.7074066996574402,reinspect,reinspect,61.0
1_002_20200702_002742(2),1,2020-07-02 00:27:42,2020-07-02,3band,0.7202745079994202,reinspect,reinspect,54.0
1_002_20200702_002746(8),1,2020-07-02 00:27:46,2020-07-02,3band,0.7106569409370422,reinspect,reinspect,55.0
1_002_20200702_002751(2),1,2020-07-02 00:27:51,2020-07-02,3band,0.7023069858551025,reinspect,reinspect,63.0
1_002_20200702_002755(8),1,2020-07-02 00:27:55,2020-07-02,3band,0.708630383014679,reinspect,reinspect,59.0
1_002_20200702_002800(1),1,2020-07-02 00:28:00,2020-07-02,3band,0.71126389503479,reinspect,reinspect,51.0
1_002_20200702_002804(8),1,2020-07-02 00:28:04,2020-07-02,3band,0.7068058848381042,reinspect,reinspect,55.0
1_002_20200702_042930(4),1,2020-07-02 04:29:30,2020-07-02,3band,0.7117501497268677,reinspect,reinspect,60.0
1_002_20200702_042933(6),1,2020-07-02 04:29:33,2020-07-02,3band,0.7223673462867737,reject,reject,61.0
1_002_20200702_042937(8),1,2020-07-02 04:29:37,2020-07-02,3band,0.7169142961502075,reinspect,reinspect,55.0
1_002_20200702_042945(5),1,2020-07-02 04:29:45,2020-07-02,3band,0.7161551713943481,reinspect,reinspect,58.0
1_002_20200702_042949(9),1,2020-07-02 04:29:49,2020-07-02,3band,0.7188248038291931,reinspect,reinspect,58.0
1_002_20200702_042954(6),1,2020-07-02 04:29:54,2020-07-02,3band,0.7122141718864441,reinspect,reinspect,57.0
1_002_20200706_083031(0),1,2020-07-06 08:30:31,2020-07-06,3band,0.7058218717575073,reinspect,reinspect,59.0
1_002_20200706_083035(5),1,2020-07-06 08:30:35,2020-07-06,3band,0.7079600691795349,reinspect,reinspect,53.0
1_002_20200706_083039(2),1,2020-07-06 08:30:39,2020-07-06,3band,0.7099137902259827,reinspect,reinspect,64.0
1_002_20200706_083042(4),1,2020-07-06 08:30:42,2020-07-06,3band,0.706426203250885,reinspect,reinspect,62.0
1_002_20200706_083045(5),1,2020-07-06 08:30:45,2020-07-06,3band,0.7182666063308716,reinspect,reinspect,58.0
1_002_20200706_083049(6),1,2020-07-06 08:30:49,2020-07-06,3band,0.7135177850723267,reinspect,reinspect,60.0
1_002_20200706_123023(3),1,2020-07-06 12:30:23,2020-07-06,3band,0.7152538895606995,reinspect,reinspect,63.0
1_002_20200706_123027(1),1,2020-07-06 12:30:27,2020-07-06,3band,0.7068172693252563,reinspect,reinspect,55.0
1_002_20200706_123031(0),1,2020-07-06 12:30:31,2020-07-06,3band,0.7068153023719788,reinspect,reinspect,55.0
1_002_20200706_123035(0),1,2020-07-06 12:30:35,2020-07-06,3band,0.7100812196731567,reinspect,reinspect,58.0
1_002_20200706_123038(9),1,2020-07-06 12:30:38,2020-07-06,3band,0.7126122117042542,reinspect,reinspect,60.0
1_002_20200706_123042(9),1,2020-07-06 12:30:42,2020-07-06,3band,0.7184032797813416,reinspect,reinspect,54.0
1_002_20200706_163436(9),1,2020-07-06 16:34:36,2020-07-06,3band,0.7070626616477966,reinspect,reinspect,57.0
1_002_20200706_163440(2),1,2020-07-06 16:34:40,2020-07-06,3band,0.7165902256965637,reinspect,reinspect,49.0
1_002_20200706_163443(1),1,2020-07-06 16:34:43,2020-07-06,3band,0.7044433355331421,reinspect,reinspect,61.0
1_002_20200706_163445(8),1,2020-07-06 16:34:45,2020-07-06,3band,0.7083560228347778,reinspect,reinspect,60.0
1_002_20200706_163448(8),1,2020-07-06 16:34:48,2020-07-06,3band,0.7096893787384033,reinspect,reinspect,62.0
1_002_20200706_163451(8),1,2020-07-06 16:34:51,2020-07-06,3band,0.7082734704017639,reinspect,reinspect,60.0
1_002_20200706_203038(8),1,2020-07-06 20:30:38,2020-07-06,3band,0.707667350769043,reinspect,reinspect,62.0
1_002_20200706_203042(0),1,2020-07-06 20:30:42,2020-07-06,3band,0.7089935541152954,reinspect,reinspect,60.0
1_002_20200706_203045(2),1,2020-07-06 20:30:45,2020-07-06,3band,0.7112727165222168,reinspect,reinspect,58.0
1_002_20200706_203048(5),1,2020-07-06 20:30:48,2020-07-06,3band,0.7079272866249084,reinspect,reinspect,60.0
1_002_20200706_203051(7),1,2020-07-06 20:30:51,2020-07-06,3band,0.7146313786506653,reinspect,reinspect,58.0
1_002_20200706_203058(1),1,2020-07-06 20:30:58,2020-07-06,3band,0.7099850177764893,reinspect,reinspect,58.0
1_002_20200707_003535(3),1,2020-07-07 00:35:35,2020-07-07,3band,0.7233273983001709,reject,reject,63.0
1_002_20200707_003543(3),1,2020-07-07 00:35:43,2020-07-07,3band,0.7174967527389526,reinspect,reinspect,58.0
1_002_20200707_003547(4),1,2020-07-07 00:35:47,2020-07-07,3band,0.7164334654808044,reinspect,reinspect,65.0
1_002_20200707_003551(2),1,2020-07-07 00:35:51,2020-07-07,3band,0.7107669711112976,reinspect,reinspect,53.0
1_002_20200707_003555(2),1,2020-07-07 00:35:55,2020-07-07,3band,0.7117753624916077,reinspect,reinspect,64.0
1_002_20200707_003603(4),1,2020-07-07 00:36:03,2020-07-07,3band,0.711272120475769,reinspect,reinspect,61.0
1_002_20200707_043323(4),1,2020-07-07 04:33:23,2020-07-07,3band,0.7043939232826233,reinspect,reinspect,61.0
1_002_20200707_043327(5),1,2020-07-07 04:33:27,2020-07-07,3band,0.7030186653137207,reinspect,reinspect,57.0
1_002_20200707_043331(4),1,2020-07-07 04:33:31,2020-07-07,3band,0.7143285870552063,reinspect,reinspect,63.0
1_002_20200707_043441(2),1,2020-07-07 04:34:41,2020-07-07,3band,0.7114046812057495,reinspect,reinspect,60.0
1_002_20200707_043449(4),1,2020-07-07 04:34:49,2020-07-07,3band,0.7087439894676208,reinspect,reinspect,62.0
1_002_20200707_043453(4),1,2020-07-07 04:34:53,2020-07-07,3band,0.7067690491676331,reinspect,reinspect,52.0
1_002_20200707_083007(7),1,2020-07-07 08:30:07,2020-07-07,3band,0.7059018611907959,reinspect,reinspect,60.0
1_002_20200707_083011(7),1,2020-07-07 08:30:11,2020-07-07,3band,0.7198410034179688,reinspect,reinspect,67.0
1_002_20200707_083015(6),1,2020-07-07 08:30:15,2020-07-07,3band,0.726762592792511,reject,reject,61.0
1_002_20200707_083019(7),1,2020-07-07 08:30:19,2020-07-07,3band,0.714443564414978,reinspect,reinspect,50.0
1_002_20200707_083023(7),1,2020-07-07 08:30:23,2020-07-07,3band,0.7100135087966919,reinspect,reinspect,57.0
1_002_20200707_083027(5),1,2020-07-07 08:30:27,2020-07-07,3band,0.7221031188964844,reinspect,reinspect,54.0
1_002_20200707_123124(2),1,2020-07-07 12:31:24,2020-07-07,3band,0.7180351614952087,reinspect,reinspect,62.0
1_002_20200707_123128(4),1,2020-07-07 12:31:28,2020-07-07,3band,0.7233229875564575,reject,reject,64.0
1_002_20200707_123132(4),1,2020-07-07 12:31:32,2020-07-07,3band,0.7094437479972839,reinspect,reinspect,63.0
1_002_20200707_123136(3),1,2020-07-07 12:31:36,2020-07-07,3band,0.7073051333427429,reinspect,reinspect,67.0
1_002_20200707_123140(3),1,2020-07-07 12:31:40,2020-07-07,3band,0.7159489393234253,reinspect,reinspect,55.0
1_002_20200707_123144(3),1,2020-07-07 12:31:44,2020-07-07,3band,0.7147256731987,reinspect,reinspect,52.0
1_002_20200708_093546(5),1,2020-07-08 09:35:46,2020-07-08,3band,0.712263286113739,reinspect,reinspect,61.0
1_002_20200708_093556(1),1,2020-07-08 09:35:56,2020-07-08,3band,0.7183142900466919,reinspect,reinspect,52.0
1_002_20200708_093600(2),1,2020-07-08 09:36:00,2020-07-08,3band,0.7200169563293457,reinspect,reinspect,55.0
1_002_20200708_093604(2),1,2020-07-08 09:36:04,2020-07-08,3band,0.7127045392990112,reinspect,reinspect,57.0
1_002_20200708_093608(1),1,2020-07-08 09:36:08,2020-07-08,3band,0.7140989303588867,reinspect,reinspect,62.0
1_002_20200708_093612(3),1,2020-07-08 09:36:12,2020-07-08,3band,0.7199833393096924,reinspect,reinspect,60.0
1_002_20200708_122738(0),1,2020-07-08 12:27:38,2020-07-08,3band,0.7154099941253662,reinspect,reinspect,55.0
1_002_20200708_122742(0),1,2020-07-08 12:27:42,2020-07-08,3band,0.7103752493858337,reinspect,reinspect,59.0
1_002_20200708_122745(8),1,2020-07-08 12:27:45,2020-07-08,3band,0.7170143723487854,reinspect,reinspect,53.0
1_002_20200708_122749(9),1,2020-07-08 12:27:49,2020-07-08,3band,0.7168595194816589,reinspect,reinspect,57.0
1_002_20200708_122753(9),1,2020-07-08 12:27:53,2020-07-08,3band,0.7169466614723206,reinspect,reinspect,52.0
1_002_20200708_122757(9),1,2020-07-08 12:27:57,2020-07-08,3band,0.7041756510734558,reinspect,reinspect,64.0
1_002_20200708_123746(2),1,2020-07-08 12:37:46,2020-07-08,3band,0.7116876840591431,reinspect,reinspect,60.0
1_002_20200708_123750(2),1,2020-07-08 12:37:50,2020-07-08,3band,0.7067210674285889,reinspect,reinspect,57.0
1_002_20200708_123754(3),1,2020-07-08 12:37:54,2020-07-08,3band,0.7113805413246155,reinspect,reinspect,62.0
1_002_20200708_123800(1),1,2020-07-08 12:38:00,2020-07-08,3band,0.721452534198761,reinspect,reinspect,60.0
1_002_20200708_123804(2),1,2020-07-08 12:38:04,2020-07-08,3band,0.7128678560256958,reinspect,reinspect,56.0
1_002_20200708_123808(2),1,2020-07-08 12:38:08,2020-07-08,3band,0.7113465070724487,reinspect,reinspect,56.0
1_002_20200708_163727(3),1,2020-07-08 16:37:27,2020-07-08,3band,0.7101566195487976,reinspect,reinspect,59.0
1_002_20200708_163731(2),1,2020-07-08 16:37:31,2020-07-08,3band,0.7150421142578125,reinspect,reinspect,55.0
1_002_20200708_163735(1),1,2020-07-08 16:37:35,2020-07-08,3band,0.7170087695121765,reinspect,reinspect,54.0
1_002_20200708_163739(3),1,2020-07-08 16:37:39,2020-07-08,3band,0.7149136662483215,reinspect,reinspect,58.0
1_002_20200708_163743(1),1,2020-07-08 16:37:43,2020-07-08,3band,0.7149888277053833,reinspect,reinspect,56.0
1_002_20200708_163747(2),1,2020-07-08 16:37:47,2020-07-08,3band,0.7271898984909058,reject,reject,61.0
1_002_20200708_203120(0),1,2020-07-08 20:31:20,2020-07-08,3band,0.7104531526565552,reinspect,reinspect,56.0
1_002_20200708_203124(1),1,2020-07-08 20:31:24,2020-07-08,3band,0.7092074155807495,reinspect,reinspect,55.0
1_002_20200708_203128(1),1,2020-07-08 20:31:28,2020-07-08,3band,0.7179432511329651,reinspect,reinspect,55.0
1_002_20200708_203132(0),1,2020-07-08 20:31:32,2020-07-08,3band,0.720909833908081,reinspect,reinspect,63.0
1_002_20200708_203135(9),1,2020-07-08 20:31:35,2020-07-08,3band,0.7219374179840088,reinspect,reinspect,61.0
1_002_20200708_203139(9),1,2020-07-08 20:31:39,2020-07-08,3band,0.7125405073165894,reinspect,reinspect,58.0
1_002_20200713_090619(5),1,2020-07-13 09:06:19,2020-07-13,3band,0.715909481048584,reinspect,reinspect,60.0
1_002_20200713_090624(6),1,2020-07-13 09:06:24,2020-07-13,3band,0.7062133550643921,reinspect,reinspect,57.0
1_002_20200713_090627(7),1,2020-07-13 09:06:27,2020-07-13,3band,0.7070533633232117,reinspect,reinspect,58.0
1_002_20200713_090630(9),1,2020-07-13 09:06:30,2020-07-13,3band,0.7094916701316833,reinspect,reinspect,59.0
1_002_20200713_090633(9),1,2020-07-13 09:06:33,2020-07-13,3band,0.700660228729248,reinspect,reinspect,62.0
1_002_20200713_090637(0),1,2020-07-13 09:06:37,2020-07-13,3band,0.7127262353897095,reinspect,reinspect,51.0
1_002_20200713_123402(2),1,2020-07-13 12:34:02,2020-07-13,3band,0.7066619396209717,reinspect,reinspect,58.0
1_002_20200713_123406(6),1,2020-07-13 12:34:06,2020-07-13,3band,0.7119123339653015,reinspect,reinspect,65.0
1_002_20200713_123411(2),1,2020-07-13 12:34:11,2020-07-13,3band,0.7042107582092285,reinspect,reinspect,61.0
1_002_20200713_123415(6),1,2020-07-13 12:34:15,2020-07-13,3band,0.7142893075942993,reinspect,reinspect,65.0
1_002_20200713_123420(2),1,2020-07-13 12:34:20,2020-07-13,3band,0.7232199311256409,reject,reject,60.0
1_002_20200713_123424(6),1,2020-07-13 12:34:24,2020-07-13,3band,0.709519624710083,reinspect,reinspect,61.0
1_002_20200713_163527(7),1,2020-07-13 16:35:27,2020-07-13,3band,0.7182888388633728,reinspect,reinspect,63.0
1_002_20200713_163532(0),1,2020-07-13 16:35:32,2020-07-13,3band,0.7033963203430176,reinspect,reinspect,58.0
1_002_20200713_163536(6),1,2020-07-13 16:35:36,2020-07-13,3band,0.7131170034408569,reinspect,reinspect,69.0
1_002_20200713_163541(1),1,2020-07-13 16:35:41,2020-07-13,3band,0.7149649262428284,reinspect,reinspect,61.0
1_002_20200713_163551(8),1,2020-07-13 16:35:51,2020-07-13,3band,0.7197313904762268,reinspect,reinspect,60.0
1_002_20200713_163657(7),1,2020-07-13 16:36:57,2020-07-13,3band,0.7073320746421814,reinspect,reinspect,65.0
1_002_20200713_202453(5),1,2020-07-13 20:24:53,2020-07-13,3band,0.7208400368690491,reinspect,reinspect,61.0
1_002_20200713_202457(9),1,2020-07-13 20:24:57,2020-07-13,3band,0.719505250453949,reinspect,reinspect,59.0
1_002_20200713_202502(4),1,2020-07-13 20:25:02,2020-07-13,3band,0.704559326171875,reinspect,reinspect,59.0
1_002_20200713_202507(0),1,2020-07-13 20:25:07,2020-07-13,3band,0.684230625629425,reinspect,reinspect,55.0
1_002_20200713_202511(3),1,2020-07-13 20:25:11,2020-07-13,3band,0.7005102038383484,reinspect,reinspect,60.0
1_002_20200713_202515(8),1,2020-07-13 20:25:15,2020-07-13,3band,0.7082196474075317,reinspect,reinspect,52.0
1_002_20200714_002645(1),1,2020-07-14 00:26:45,2020-07-14,3band,0.7090956568717957,reinspect,reinspect,62.0
1_002_20200714_002649(5),1,2020-07-14 00:26:49,2020-07-14,3band,0.711516261100769,reinspect,reinspect,58.0
1_002_20200714_002654(1),1,2020-07-14 00:26:54,2020-07-14,3band,0.7086622714996338,reinspect,reinspect,54.0
1_002_20200714_002658(5),1,2020-07-14 00:26:58,2020-07-14,3band,0.7184734344482422,reinspect,reinspect,65.0
1_002_20200714_002703(0),1,2020-07-14 00:27:03,2020-07-14,3band,0.7119631767272949,reinspect,reinspect,57.0
1_002_20200714_002707(5),1,2020-07-14 00:27:07,2020-07-14,3band,0.7093144059181213,reinspect,reinspect,57.0
1_002_20200714_042619(3),1,2020-07-14 04:26:19,2020-07-14,3band,0.7068459391593933,reinspect,reinspect,53.0
1_002_20200714_042623(8),1,2020-07-14 04:26:23,2020-07-14,3band,0.7148125767707825,reinspect,reinspect,57.0
1_002_20200714_042628(4),1,2020-07-14 04:26:28,2020-07-14,3band,0.7036185264587402,reinspect,reinspect,53.0
1_002_20200714_042632(8),1,2020-07-14 04:26:32,2020-07-14,3band,0.7091765403747559,reinspect,reinspect,63.0
1_002_20200714_042637(4),1,2020-07-14 04:26:37,2020-07-14,3band,0.7151705622673035,reinspect,reinspect,65.0
1_002_20200715_002517(9),1,2020-07-15 00:25:17,2020-07-15,3band,0.7134910821914673,reinspect,reinspect,57.0
1_002_20200715_042354(7),1,2020-07-15 04:23:54,2020-07-15,3band,0.7082692980766296,reinspect,reinspect,57.0
1_002_20200715_042358(9),1,2020-07-15 04:23:58,2020-07-15,3band,0.7104243040084839,reinspect,reinspect,63.0
1_002_20200715_042403(5),1,2020-07-15 04:24:03,2020-07-15,3band,0.705737292766571,reinspect,reinspect,56.0
1_002_20200715_042408(0),1,2020-07-15 04:24:08,2020-07-15,3band,0.7045509815216064,reinspect,reinspect,57.0
1_002_20200715_042412(5),1,2020-07-15 04:24:12,2020-07-15,3band,0.7086839079856873,reinspect,reinspect,59.0
1_002_20200715_042416(9),1,2020-07-15 04:24:16,2020-07-15,3band,0.7201434373855591,reinspect,reinspect,59.0
1_002_20200715_083116(0),1,2020-07-15 08:31:16,2020-07-15,3band,0.7169256210327148,reinspect,reinspect,58.0
1_002_20200715_083120(5),1,2020-07-15 08:31:20,2020-07-15,3band,0.7159044742584229,reinspect,reinspect,63.0
1_002_20200715_083124(9),1,2020-07-15 08:31:24,2020-07-15,3band,0.7125496864318848,reinspect,reinspect,63.0
1_002_20200715_083129(4),1,2020-07-15 08:31:29,2020-07-15,3band,0.711408793926239,reinspect,reinspect,62.0
1_002_20200715_083134(0),1,2020-07-15 08:31:34,2020-07-15,3band,0.7124624252319336,reinspect,reinspect,65.0
1_002_20200715_083138(5),1,2020-07-15 08:31:38,2020-07-15,3band,0.7104731798171997,reinspect,reinspect,60.0
1_002_20200721_163237(8),1,2020-07-21 16:32:37,2020-07-21,1band,0.732369065284729,reject,reject,54.0
1_002_20200721_163239(7),1,2020-07-21 16:32:39,2020-07-21,1band,0.7226133942604065,reject,reject,57.0
1_002_20200721_163244(4),1,2020-07-21 16:32:44,2020-07-21,1band,0.7109962105751038,reinspect,reinspect,57.0
1_002_20200721_163245(6),1,2020-07-21 16:32:45,2020-07-21,1band,0.737716555595398,reject,reject,64.0
1_002_20200721_163248(8),1,2020-07-21 16:32:48,2020-07-21,1band,0.7170381546020508,reinspect,reinspect,60.0
1_002_20200721_163249(9),1,2020-07-21 16:32:49,2020-07-21,1band,0.7106835842132568,reinspect,reinspect,59.0
1_002_20200721_163253(3),1,2020-07-21 16:32:53,2020-07-21,1band,0.7481063604354858,reject,reject,59.0
1_002_20200721_163253(9),1,2020-07-21 16:32:53,2020-07-21,1band,0.7180251479148865,reinspect,reinspect,60.0
1_002_20200721_163257(5),1,2020-07-21 16:32:57,2020-07-21,1band,0.7207862734794617,reinspect,reinspect,61.0
1_002_20200721_163257(9),1,2020-07-21 16:32:57,2020-07-21,1band,0.7379888296127319,reject,reject,56.0
1_002_20200721_163301(1),1,2020-07-21 16:33:01,2020-07-21,1band,0.7193368077278137,reinspect,reinspect,59.0
1_002_20200721_163302(4),1,2020-07-21 16:33:02,2020-07-21,1band,0.722384512424469,reject,reject,57.0
1_002_20200722_003343(8),1,2020-07-22 00:33:43,2020-07-22,1band,0.7254742980003357,reject,reject,54.0
1_002_20200722_003354(1),1,2020-07-22 00:33:54,2020-07-22,1band,0.7369694709777832,reject,reject,55.0
1_002_20200722_043432(7),1,2020-07-22 04:34:32,2020-07-22,1band,0.7299824357032776,reject,reject,63.0
1_002_20200722_043437(0),1,2020-07-22 04:34:37,2020-07-22,1band,0.723047137260437,reject,reject,61.0
1_002_20200722_083131(9),1,2020-07-22 08:31:31,2020-07-22,1band,0.71088707447052,reinspect,reinspect,66.0
1_002_20200722_083136(6),1,2020-07-22 08:31:36,2020-07-22,1band,0.723322868347168,reject,reject,64.0
1_002_20200722_130939(5),1,2020-07-22 13:09:39,2020-07-22,1band,0.7263749837875366,reject,reject,61.0
1_002_20200722_130944(0),1,2020-07-22 13:09:44,2020-07-22,1band,0.7404776215553284,reject,reject,67.0
1_002_20200722_162848(2),1,2020-07-22 16:28:48,2020-07-22,1band,0.7138885855674744,reinspect,reinspect,64.0
1_002_20200722_162852(6),1,2020-07-22 16:28:52,2020-07-22,1band,0.7283999919891357,reject,reject,61.0
1_002_20200723_003208(1),1,2020-07-23 00:32:08,2020-07-23,1band,0.7215378880500793,reinspect,reinspect,58.0
1_002_20200723_003212(6),1,2020-07-23 00:32:12,2020-07-23,1band,0.7178279757499695,reinspect,reinspect,58.0
1_002_20200723_043256(5),1,2020-07-23 04:32:56,2020-07-23,1band,0.7153946757316589,reinspect,reinspect,59.0
1_002_20200723_043258(3),1,2020-07-23 04:32:58,2020-07-23,1band,0.7216545343399048,reinspect,reinspect,60.0
1_002_20200723_082303(8),1,2020-07-23 08:23:03,2020-07-23,1band,0.7339810132980347,reject,reject,60.0
1_002_20200723_082309(9),1,2020-07-23 08:23:09,2020-07-23,1band,0.7245398163795471,reject,reject,56.0
1_002_20200723_123129(3),1,2020-07-23 12:31:29,2020-07-23,1band,0.7400352954864502,reject,reject,59.0
1_002_20200723_123133(9),1,2020-07-23 12:31:33,2020-07-23,1band,0.7229161262512207,reject,reject,62.0
1_002_20200723_162937(5),1,2020-07-23 16:29:37,2020-07-23,1band,0.7271726131439209,reject,reject,58.0
1_002_20200723_162948(2),1,2020-07-23 16:29:48,2020-07-23,1band,0.722933292388916,reject,reject,59.0
1_002_20200723_203129(9),1,2020-07-23 20:31:29,2020-07-23,1band,0.7297861576080322,reject,reject,64.0
1_002_20200723_203134(3),1,2020-07-23 20:31:34,2020-07-23,1band,0.730749249458313,reject,reject,62.0
1_002_20200724_003201(9),1,2020-07-24 00:32:01,2020-07-24,1band,0.7298077940940857,reject,reject,53.0
1_002_20200724_003206(4),1,2020-07-24 00:32:06,2020-07-24,1band,0.7148973345756531,reinspect,reinspect,66.0
1_002_20200727_091655(1),1,2020-07-27 09:16:55,2020-07-27,1band,0.7411754131317139,reject,reject,55.0
1_002_20200727_091657(1),1,2020-07-27 09:16:57,2020-07-27,1band,0.7196900248527527,reinspect,reinspect,58.0
1_002_20200727_110524(7),1,2020-07-27 11:05:24,2020-07-27,no_band,0.0019221088150516,reinspect,pass,
1_002_20200727_110529(6),1,2020-07-27 11:05:29,2020-07-27,no_band,0.0049550738185644,reinspect,pass,
1_002_20200727_110632(2),1,2020-07-27 11:06:32,2020-07-27,no_band,0.0067251161672174,reinspect,pass,
1_002_20200727_110645(7),1,2020-07-27 11:06:45,2020-07-27,no_band,0.0,reinspect,pass,
1_002_20200727_110753(2),1,2020-07-27 11:07:53,2020-07-27,no_band,0.0,reinspect,pass,
1_002_20200727_110806(8),1,2020-07-27 11:08:06,2020-07-27,no_band,0.0,reinspect,pass,
1_002_20200727_110914(3),1,2020-07-27 11:09:14,2020-07-27,no_band,0.0,reinspect,pass,
1_002_20200727_111038(1),1,2020-07-27 11:10:38,2020-07-27,no_band,0.0,reinspect,pass,
1_002_20200727_111132(2),1,2020-07-27 11:11:32,2020-07-27,no_band,0.0,reinspect,pass,
1_002_20200727_111239(7),1,2020-07-27 11:12:39,2020-07-27,no_band,0.0,reinspect,pass,
1_002_20200727_111347(3),1,2020-07-27 11:13:47,2020-07-27,no_band,0.0,reinspect,pass,
1_002_20200727_111441(3),1,2020-07-27 11:14:41,2020-07-27,no_band,0.0,reinspect,pass,
1_002_20200727_111454(8),1,2020-07-27 11:14:54,2020-07-27,no_band,0.0,reinspect,pass,
1_002_20200727_111648(3),1,2020-07-27 11:16:48,2020-07-27,no_band,0.0,reinspect,pass,
1_002_20200727_111742(3),1,2020-07-27 11:17:42,2020-07-27,no_band,0.0,reinspect,pass,
1_002_20200727_111849(9),1,2020-07-27 11:18:49,2020-07-27,no_band,0.0,reinspect,pass,
1_002_20200727_111943(9),1,2020-07-27 11:19:43,2020-07-27,no_band,0.0,reinspect,pass,
1_002_20200727_112037(9),1,2020-07-27 11:20:37,2020-07-27,no_band,0.0,reinspect,pass,
1_002_20200727_112148(2),1,2020-07-27 11:21:48,2020-07-27,no_band,0.0,reinspect,pass,
1_002_20200727_112242(2),1,2020-07-27 11:22:42,2020-07-27,no_band,0.0,reinspect,pass,
1_002_20200727_112336(2),1,2020-07-27 11:23:36,2020-07-27,no_band,0.0,reinspect,pass,
1_002_20200727_112341(2),1,2020-07-27 11:23:41,2020-07-27,no_band,0.0066742966882884,reinspect,pass,
1_002_20200727_112430(3),1,2020-07-27 11:24:30,2020-07-27,no_band,0.0,reinspect,pass,
1_002_20200727_112443(8),1,2020-07-27 11:24:43,2020-07-27,no_band,0.0,reinspect,pass,
1_002_20200727_112537(8),1,2020-07-27 11:25:37,2020-07-27,no_band,0.0022689828183501,reinspect,pass,
1_002_20200727_112631(9),1,2020-07-27 11:26:31,2020-07-27,no_band,0.0,reinspect,pass,
1_002_20200727_112645(4),1,2020-07-27 11:26:45,2020-07-27,no_band,0.0,reinspect,pass,
1_002_20200727_112930(2),1,2020-07-27 11:29:30,2020-07-27,1band,0.0,reinspect,pass,
1_002_20200727_112943(7),1,2020-07-27 11:29:43,2020-07-27,1band,0.0,reinspect,pass,
1_002_20200727_113037(7),1,2020-07-27 11:30:37,2020-07-27,no_band,0.0,reinspect,pass,
1_002_20200727_113131(8),1,2020-07-27 11:31:31,2020-07-27,no_band,0.0,reinspect,pass,
1_002_20200727_113239(4),1,2020-07-27 11:32:39,2020-07-27,no_band,0.0010831077815964,reinspect,pass,
1_002_20200727_113333(4),1,2020-07-27 11:33:33,2020-07-27,no_band,0.0,reinspect,pass,
1_002_20200727_113346(9),1,2020-07-27 11:33:46,2020-07-27,no_band,0.0,reinspect,pass,
1_002_20200727_113747(4),1,2020-07-27 11:37:47,2020-07-27,1band,0.0,reinspect,pass,
1_002_20200727_113854(9),1,2020-07-27 11:38:54,2020-07-27,no_band,0.0,reinspect,pass,
1_002_20200727_113908(4),1,2020-07-27 11:39:08,2020-07-27,no_band,0.0,reinspect,pass,
1_002_20200727_114002(5),1,2020-07-27 11:40:02,2020-07-27,no_band,0.0,reinspect,pass,
1_002_20200727_114016(0),1,2020-07-27 11:40:16,2020-07-27,no_band,0.0,reinspect,pass,
1_002_20200727_114123(5),1,2020-07-27 11:41:23,2020-07-27,no_band,0.0,reinspect,pass,
1_002_20200727_114126(2),1,2020-07-27 11:41:26,2020-07-27,no_band,0.0,reinspect,pass,
1_002_20200727_114220(2),1,2020-07-27 11:42:20,2020-07-27,no_band,0.0,reinspect,pass,
1_002_20200727_114405(6),1,2020-07-27 11:44:05,2020-07-27,1band,0.0,reinspect,pass,
1_002_20200727_114459(7),1,2020-07-27 11:44:59,2020-07-27,no_band,0.0,reinspect,pass,
1_002_20200727_114513(1),1,2020-07-27 11:45:13,2020-07-27,no_band,0.0,reinspect,pass,
1_002_20200727_114607(2),1,2020-07-27 11:46:07,2020-07-27,no_band,0.0,reinspect,pass,
1_002_20200727_114714(8),1,2020-07-27 11:47:14,2020-07-27,no_band,0.0,reinspect,pass,
1_002_20200727_114822(4),1,2020-07-27 11:48:22,2020-07-27,no_band,0.0,reinspect,pass,
1_002_20200727_115040(1),1,2020-07-27 11:50:40,2020-07-27,1band,0.0,reinspect,pass,
1_002_20200727_115147(7),1,2020-07-27 11:51:47,2020-07-27,no_band,0.0,reinspect,pass,
1_002_20200727_115201(2),1,2020-07-27 11:52:01,2020-07-27,1band,0.0,reinspect,pass,
1_002_20200727_115255(2),1,2020-07-27 11:52:55,2020-07-27,no_band,0.0,reinspect,pass,
1_002_20200727_115308(8),1,2020-07-27 11:53:08,2020-07-27,no_band,0.0,reinspect,pass,
1_002_20200727_115402(8),1,2020-07-27 11:54:02,2020-07-27,no_band,0.0,reinspect,pass,
1_002_20200727_115416(3),1,2020-07-27 11:54:16,2020-07-27,no_band,0.0,reinspect,pass,
1_002_20200727_115510(3),1,2020-07-27 11:55:10,2020-07-27,no_band,0.0,reinspect,pass,
1_002_20200727_115526(5),1,2020-07-27 11:55:26,2020-07-27,no_band,0.0,reinspect,pass,
1_002_20200727_115620(5),1,2020-07-27 11:56:20,2020-07-27,no_band,0.0,reinspect,pass,
1_002_20200727_115634(1),1,2020-07-27 11:56:34,2020-07-27,no_band,0.0,reinspect,pass,
1_002_20200727_115728(1),1,2020-07-27 11:57:28,2020-07-27,no_band,0.0,reinspect,pass,
1_002_20200727_115741(6),1,2020-07-27 11:57:41,2020-07-27,no_band,0.0,reinspect,pass,
1_002_20200727_115822(2),1,2020-07-27 11:58:22,2020-07-27,no_band,0.0,reinspect,pass,
1_002_20200727_115835(7),1,2020-07-27 11:58:35,2020-07-27,no_band,0.0,reinspect,pass,
1_002_20200727_115929(8),1,2020-07-27 11:59:29,2020-07-27,no_band,0.0,reinspect,pass,
1_002_20200727_120023(8),1,2020-07-27 12:00:23,2020-07-27,no_band,0.0,reinspect,pass,
1_002_20200727_120134(0),1,2020-07-27 12:01:34,2020-07-27,no_band,0.0,reinspect,pass,
1_002_20200727_120228(0),1,2020-07-27 12:02:28,2020-07-27,no_band,0.0,reinspect,pass,
1_002_20200727_120322(1),1,2020-07-27 12:03:22,2020-07-27,no_band,0.0,reinspect,pass,
1_002_20200727_120429(7),1,2020-07-27 12:04:29,2020-07-27,no_band,0.0,reinspect,pass,
1_002_20200727_120523(7),1,2020-07-27 12:05:23,2020-07-27,no_band,0.0,reinspect,pass,
1_002_20200727_120631(2),1,2020-07-27 12:06:31,2020-07-27,no_band,0.0,reinspect,pass,
1_002_20200727_120835(5),1,2020-07-27 12:08:35,2020-07-27,1band,0.0,reinspect,pass,
1_002_20200727_120943(0),1,2020-07-27 12:09:43,2020-07-27,no_band,0.0,reinspect,pass,
1_002_20200727_121037(1),1,2020-07-27 12:10:37,2020-07-27,no_band,0.0,reinspect,pass,
1_002_20200727_121131(2),1,2020-07-27 12:11:31,2020-07-27,no_band,0.0,reinspect,pass,
1_002_20200727_121144(7),1,2020-07-27 12:11:44,2020-07-27,no_band,0.0,reinspect,pass,
1_002_20200727_121238(7),1,2020-07-27 12:12:38,2020-07-27,no_band,0.0,reinspect,pass,
1_002_20200727_121332(7),1,2020-07-27 12:13:32,2020-07-27,no_band,0.0,reinspect,pass,
1_002_20200727_121537(1),1,2020-07-27 12:15:37,2020-07-27,no_band,0.0,reinspect,pass,
1_002_20200727_121541(9),1,2020-07-27 12:15:41,2020-07-27,no_band,0.001635045511648,reinspect,pass,
1_002_20200727_121631(1),1,2020-07-27 12:16:31,2020-07-27,no_band,0.0,reinspect,pass,
1_002_20200727_121725(1),1,2020-07-27 12:17:25,2020-07-27,no_band,0.0,reinspect,pass,
1_002_20200727_121819(1),1,2020-07-27 12:18:19,2020-07-27,no_band,0.0,reinspect,pass,
1_002_20200727_121913(2),1,2020-07-27 12:19:13,2020-07-27,no_band,0.0,reinspect,pass,
1_002_20200727_121926(7),1,2020-07-27 12:19:26,2020-07-27,no_band,0.0,reinspect,pass,
1_002_20200727_122023(4),1,2020-07-27 12:20:23,2020-07-27,1band,0.0,reinspect,pass,
1_002_20200727_122117(5),1,2020-07-27 12:21:17,2020-07-27,1band,0.0,reinspect,pass,
1_002_20200727_122131(0),1,2020-07-27 12:21:31,2020-07-27,no_band,0.0,reinspect,pass,
1_002_20200727_122225(0),1,2020-07-27 12:22:25,2020-07-27,no_band,0.0,reinspect,pass,
1_002_20200727_122319(0),1,2020-07-27 12:23:19,2020-07-27,no_band,0.0,reinspect,pass,
1_002_20200727_122332(6),1,2020-07-27 12:23:32,2020-07-27,no_band,0.0,reinspect,pass,
1_002_20200727_122413(1),1,2020-07-27 12:24:13,2020-07-27,no_band,0.0,reinspect,pass,
1_002_20200727_122426(6),1,2020-07-27 12:24:26,2020-07-27,no_band,0.0,reinspect,pass,
1_002_20200727_122630(9),1,2020-07-27 12:26:30,2020-07-27,no_band,0.0,reinspect,pass,
1_002_20200727_122724(9),1,2020-07-27 12:27:24,2020-07-27,1band,0.0,reinspect,pass,
1_002_20200727_122819(0),1,2020-07-27 12:28:19,2020-07-27,no_band,0.0,reinspect,pass,
1_002_20200727_122832(5),1,2020-07-27 12:28:32,2020-07-27,no_band,0.0,reinspect,pass,
1_002_20200727_122926(5),1,2020-07-27 12:29:26,2020-07-27,no_band,0.0,reinspect,pass,
1_002_20200727_122940(0),1,2020-07-27 12:29:40,2020-07-27,no_band,0.0,reinspect,pass,
1_002_20200727_123034(0),1,2020-07-27 12:30:34,2020-07-27,no_band,0.0,reinspect,pass,
1_002_20200727_123047(6),1,2020-07-27 12:30:47,2020-07-27,no_band,0.0,reinspect,pass,
1_002_20200727_123141(6),1,2020-07-27 12:31:41,2020-07-27,no_band,0.0,reinspect,pass,
1_002_20200727_123155(1),1,2020-07-27 12:31:55,2020-07-27,no_band,0.0,reinspect,pass,
1_002_20200727_123300(5),1,2020-07-27 12:33:00,2020-07-27,1band,0.7239472270011902,reject,reject,51.0
1_002_20200727_123306(5),1,2020-07-27 12:33:06,2020-07-27,1band,0.6929839849472046,reinspect,reinspect,52.0
1_002_20200727_123318(9),1,2020-07-27 12:33:18,2020-07-27,1band,0.0,reinspect,pass,
1_002_20200727_163511(2),1,2020-07-27 16:35:11,2020-07-27,1band,0.7102037072181702,reinspect,reinspect,54.0
1_002_20200727_163515(3),1,2020-07-27 16:35:15,2020-07-27,1band,0.7257511615753174,reject,reject,54.0
1_002_20200727_204612(5),1,2020-07-27 20:46:12,2020-07-27,1band,0.715202808380127,reinspect,reinspect,56.0
1_002_20200727_204634(7),1,2020-07-27 20:46:34,2020-07-27,1band,0.7111412286758423,reinspect,reinspect,55.0
1_002_20200728_014051(7),1,2020-07-28 01:40:51,2020-07-28,1band,0.6991587281227112,reinspect,reinspect,58.0
1_002_20200728_014055(8),1,2020-07-28 01:40:55,2020-07-28,1band,0.73673015832901,reject,reject,58.0
1_002_20200728_043519(6),1,2020-07-28 04:35:19,2020-07-28,1band,0.6949306130409241,reinspect,reinspect,60.0
1_002_20200728_043558(2),1,2020-07-28 04:35:58,2020-07-28,1band,0.6810706853866577,reinspect,reinspect,55.0
1_002_20200728_083046(1),1,2020-07-28 08:30:46,2020-07-28,1band,0.7299416661262512,reject,reject,58.0
1_002_20200728_083049(8),1,2020-07-28 08:30:49,2020-07-28,1band,0.7201309204101562,reinspect,reinspect,56.0
1_002_20200728_123133(9),1,2020-07-28 12:31:33,2020-07-28,1band,0.7266237735748291,reject,reject,63.0
1_002_20200728_123137(7),1,2020-07-28 12:31:37,2020-07-28,1band,0.7084200382232666,reinspect,reinspect,59.0
1_002_20200728_163521(8),1,2020-07-28 16:35:21,2020-07-28,1band,0.6958493590354919,reinspect,reinspect,51.0
1_002_20200728_163525(0),1,2020-07-28 16:35:25,2020-07-28,1band,0.7026432752609253,reinspect,reinspect,54.0
1_002_20200810_202919(7),1,2020-08-10 20:29:19,2020-08-10,1band,0.736582338809967,reject,reject,55.0
1_002_20200810_202923(8),1,2020-08-10 20:29:23,2020-08-10,1band,0.7149121165275574,reinspect,reinspect,52.0
1_002_20200811_003007(9),1,2020-08-11 00:30:07,2020-08-11,1band,0.734187662601471,reject,reject,62.0
1_002_20200811_003029(6),1,2020-08-11 00:30:29,2020-08-11,1band,0.731236457824707,reject,reject,55.0
1_002_20200811_043034(0),1,2020-08-11 04:30:34,2020-08-11,1band,0.7286630272865295,reject,reject,58.0
1_002_20200811_043038(0),1,2020-08-11 04:30:38,2020-08-11,1band,0.7334020733833313,reject,reject,60.0
1_002_20200814_032746(6),1,2020-08-14 03:27:46,2020-08-14,1band,0.7257564663887024,reject,reject,53.0
1_002_20200814_032749(8),1,2020-08-14 03:27:49,2020-08-14,1band,0.7276086807250977,reject,reject,57.0
1_002_20200814_042920(3),1,2020-08-14 04:29:20,2020-08-14,1band,0.7330173850059509,reject,reject,61.0
1_002_20200814_042924(9),1,2020-08-14 04:29:24,2020-08-14,1band,0.7293716669082642,reject,reject,53.0
1_002_20200814_083424(4),1,2020-08-14 08:34:24,2020-08-14,1band,0.7245631814002991,reject,reject,56.0
1_002_20200814_083428(5),1,2020-08-14 08:34:28,2020-08-14,1band,0.7361561059951782,reject,reject,52.0
1_002_20200814_123337(2),1,2020-08-14 12:33:37,2020-08-14,1band,0.7376373410224915,reject,reject,54.0
1_002_20200814_123341(8),1,2020-08-14 12:33:41,2020-08-14,1band,0.7296785712242126,reject,reject,57.0
1_002_20200814_163500(4),1,2020-08-14 16:35:00,2020-08-14,1band,0.740257978439331,reject,reject,54.0
1_002_20200814_163506(3),1,2020-08-14 16:35:06,2020-08-14,1band,0.7314678430557251,reject,reject,54.0
1_002_20200814_203159(5),1,2020-08-14 20:31:59,2020-08-14,1band,0.7190198302268982,reinspect,reinspect,58.0
1_002_20200814_203205(7),1,2020-08-14 20:32:05,2020-08-14,1band,0.6962226033210754,reinspect,reinspect,58.0
1_002_20200818_082854(5),1,2020-08-18 08:28:54,2020-08-18,1band,0.735799252986908,reject,reject,54.0
1_002_20200818_082858(4),1,2020-08-18 08:28:58,2020-08-18,1band,0.7189223170280457,reinspect,reinspect,58.0
1_002_20200818_123358(2),1,2020-08-18 12:33:58,2020-08-18,1band,0.7378033995628357,reject,reject,56.0
1_002_20200818_123404(8),1,2020-08-18 12:34:04,2020-08-18,1band,0.725551187992096,reject,reject,51.0
1_002_20200818_162920(4),1,2020-08-18 16:29:20,2020-08-18,1band,0.7267026305198669,reject,reject,52.0
1_002_20200818_162926(0),1,2020-08-18 16:29:26,2020-08-18,1band,0.7277459502220154,reject,reject,61.0
1_002_20200818_203120(5),1,2020-08-18 20:31:20,2020-08-18,1band,0.7230400443077087,reject,reject,54.0
1_002_20200818_203125(0),1,2020-08-18 20:31:25,2020-08-18,1band,0.7360533475875854,reject,reject,53.0
1_002_20200819_003332(8),1,2020-08-19 00:33:32,2020-08-19,1band,0.7226162552833557,reject,reject,52.0
1_002_20200819_003335(8),1,2020-08-19 00:33:35,2020-08-19,1band,0.7250106334686279,reject,reject,62.0
1_002_20200819_043606(7),1,2020-08-19 04:36:06,2020-08-19,1band,0.7166888117790222,reinspect,reinspect,63.0
1_002_20200819_043611(2),1,2020-08-19 04:36:11,2020-08-19,1band,0.7266783714294434,reject,reject,54.0
1_002_20200819_083137(5),1,2020-08-19 08:31:37,2020-08-19,1band,0.716944694519043,reinspect,reinspect,54.0
1_002_20200819_083145(2),1,2020-08-19 08:31:45,2020-08-19,1band,0.7256877422332764,reject,reject,56.0
1_002_20200819_124134(7),1,2020-08-19 12:41:34,2020-08-19,1band,0.727946400642395,reject,reject,63.0
1_002_20200819_124140(8),1,2020-08-19 12:41:40,2020-08-19,1band,0.7206966876983643,reinspect,reinspect,59.0
1_002_20200819_162347(4),1,2020-08-19 16:23:47,2020-08-19,1band,0.7255314588546753,reject,reject,56.0
1_002_20200819_162352(0),1,2020-08-19 16:23:52,2020-08-19,1band,0.7266988158226013,reject,reject,54.0
1_002_20200821_150301(4),1,2020-08-21 15:03:01,2020-08-21,1band,0.7280851006507874,reject,reject,55.0
1_002_20200821_150305(3),1,2020-08-21 15:03:05,2020-08-21,1band,0.7237638831138611,reject,reject,58.0
1_002_20200821_163620(7),1,2020-08-21 16:36:20,2020-08-21,1band,0.741619348526001,reject,reject,54.0
1_002_20200821_163624(8),1,2020-08-21 16:36:24,2020-08-21,1band,0.7179403901100159,reinspect,reinspect,55.0
1_002_20200821_203950(2),1,2020-08-21 20:39:50,2020-08-21,1band,0.7159867286682129,reinspect,reinspect,58.0
1_002_20200821_203953(0),1,2020-08-21 20:39:53,2020-08-21,1band,0.716184675693512,reinspect,reinspect,58.0
1_002_20200826_023155(3),1,2020-08-26 02:31:55,2020-08-26,1band,0.7239243388175964,reject,reject,60.0
1_002_20200826_023200(9),1,2020-08-26 02:32:00,2020-08-26,1band,0.7422369122505188,reject,reject,55.0
1_002_20200826_043121(8),1,2020-08-26 04:31:21,2020-08-26,1band,0.736670196056366,reject,reject,59.0
1_002_20200826_043125(8),1,2020-08-26 04:31:25,2020-08-26,1band,0.7154049277305603,reinspect,reinspect,58.0
1_002_20200826_123052(0),1,2020-08-26 12:30:52,2020-08-26,1band,0.7426091432571411,reject,reject,55.0
1_002_20200826_123059(6),1,2020-08-26 12:30:59,2020-08-26,1band,0.7303730845451355,reject,reject,58.0
1_002_20200827_162026(7),1,2020-08-27 16:20:26,2020-08-27,1band,0.7304157018661499,reject,reject,56.0
1_002_20200827_162032(0),1,2020-08-27 16:20:32,2020-08-27,1band,0.7160995602607727,reinspect,reinspect,52.0
1_002_20200831_083541(7),1,2020-08-31 08:35:41,2020-08-31,1band,0.7180224061012268,reinspect,reinspect,52.0
1_002_20200831_083545(0),1,2020-08-31 08:35:45,2020-08-31,1band,0.7300649881362915,reject,reject,54.0
1_002_20200831_123127(7),1,2020-08-31 12:31:27,2020-08-31,1band,0.7023261189460754,reinspect,reinspect,55.0
1_002_20200831_123134(5),1,2020-08-31 12:31:34,2020-08-31,1band,0.7202710509300232,reinspect,reinspect,58.0
1_002_20200831_163123(9),1,2020-08-31 16:31:23,2020-08-31,1band,0.7361930012702942,reject,reject,55.0
1_002_20200831_163130(0),1,2020-08-31 16:31:30,2020-08-31,1band,0.7366435527801514,reject,reject,57.0
1_002_20200831_203044(7),1,2020-08-31 20:30:44,2020-08-31,1band,0.7308635115623474,reject,reject,55.0
1_002_20200831_203049(3),1,2020-08-31 20:30:49,2020-08-31,1band,0.7251809239387512,reject,reject,56.0
1_002_20200901_003102(0),1,2020-09-01 00:31:02,2020-09-01,1band,0.7244946956634521,reject,reject,54.0
1_002_20200901_003105(0),1,2020-09-01 00:31:05,2020-09-01,1band,0.725040078163147,reject,reject,56.0
1_002_20200901_003108(0),1,2020-09-01 00:31:08,2020-09-01,1band,0.7398936748504639,reject,reject,60.0
1_002_20200901_003111(0),1,2020-09-01 00:31:11,2020-09-01,1band,0.7323313355445862,reject,reject,52.0
1_002_20200901_003114(0),1,2020-09-01 00:31:14,2020-09-01,1band,0.7289852499961853,reject,reject,58.0
1_002_20200901_003117(0),1,2020-09-01 00:31:17,2020-09-01,1band,0.7301433086395264,reject,reject,54.0
1_002_20200901_043047(9),1,2020-09-01 04:30:47,2020-09-01,1band,0.7430103421211243,reject,reject,54.0
1_002_20200901_043050(9),1,2020-09-01 04:30:50,2020-09-01,1band,0.7293241620063782,reject,reject,57.0
1_002_20200901_043055(4),1,2020-09-01 04:30:55,2020-09-01,1band,0.7164650559425354,reinspect,reinspect,57.0
1_002_20200901_043058(4),1,2020-09-01 04:30:58,2020-09-01,1band,0.7173948884010315,reinspect,reinspect,53.0
1_002_20200901_043104(4),1,2020-09-01 04:31:04,2020-09-01,1band,0.7216909527778625,reinspect,reinspect,65.0
1_002_20200901_083206(9),1,2020-09-01 08:32:06,2020-09-01,1band,0.7043611407279968,reinspect,reinspect,54.0
1_002_20200901_083213(5),1,2020-09-01 08:32:13,2020-09-01,1band,0.715049684047699,reinspect,reinspect,56.0
1_002_20200901_083714(2),1,2020-09-01 08:37:14,2020-09-01,1band,0.7388913631439209,reject,reject,54.0
1_002_20200901_083717(4),1,2020-09-01 08:37:17,2020-09-01,1band,0.7387740015983582,reject,reject,54.0
1_002_20200901_083721(9),1,2020-09-01 08:37:21,2020-09-01,1band,0.7252991199493408,reject,reject,57.0
1_002_20200901_083726(4),1,2020-09-01 08:37:26,2020-09-01,1band,0.7350172400474548,reject,reject,53.0
1_002_20200901_083730(8),1,2020-09-01 08:37:30,2020-09-01,1band,0.7134883403778076,reinspect,reinspect,63.0
1_002_20200901_083735(4),1,2020-09-01 08:37:35,2020-09-01,1band,0.7233136892318726,reject,reject,59.0
1_002_20200901_123248(2),1,2020-09-01 12:32:48,2020-09-01,1band,0.7393422722816467,reject,reject,54.0
1_002_20200901_123251(2),1,2020-09-01 12:32:51,2020-09-01,1band,0.734474778175354,reject,reject,56.0
1_002_20200901_123256(0),1,2020-09-01 12:32:56,2020-09-01,1band,0.7169714570045471,reinspect,reinspect,53.0
1_002_20200901_123300(3),1,2020-09-01 12:33:00,2020-09-01,1band,0.7157036662101746,reinspect,reinspect,54.0
1_002_20200901_123304(6),1,2020-09-01 12:33:04,2020-09-01,1band,0.7275083661079407,reject,reject,55.0
1_002_20200901_123309(1),1,2020-09-01 12:33:09,2020-09-01,1band,0.7375561594963074,reject,reject,49.0
1_002_20200901_190126(8),1,2020-09-01 19:01:26,2020-09-01,1band,0.7302436232566833,reject,reject,57.0
1_002_20200901_190132(2),1,2020-09-01 19:01:32,2020-09-01,1band,0.7230414152145386,reject,reject,53.0
1_002_20200901_190331(8),1,2020-09-01 19:03:31,2020-09-01,1band,0.7098116278648376,reinspect,reinspect,48.0
1_002_20200901_190334(8),1,2020-09-01 19:03:34,2020-09-01,1band,0.7059653401374817,reinspect,reinspect,53.0
1_002_20200901_190337(5),1,2020-09-01 19:03:37,2020-09-01,1band,0.7179554104804993,reinspect,reinspect,52.0
1_002_20200901_190344(1),1,2020-09-01 19:03:44,2020-09-01,1band,0.733569860458374,reject,reject,49.0
1_002_20200901_203149(6),1,2020-09-01 20:31:49,2020-09-01,1band,0.7455344200134277,reject,reject,61.0
1_002_20200901_203156(2),1,2020-09-01 20:31:56,2020-09-01,1band,0.7308589816093445,reject,reject,57.0
1_002_20200901_203200(2),1,2020-09-01 20:32:00,2020-09-01,1band,0.7404425740242004,reject,reject,58.0
1_002_20200901_203204(5),1,2020-09-01 20:32:04,2020-09-01,1band,0.7279950976371765,reject,reject,58.0
1_002_20200901_203208(8),1,2020-09-01 20:32:08,2020-09-01,1band,0.7224893569946289,reject,reject,54.0
1_002_20200901_203213(2),1,2020-09-01 20:32:13,2020-09-01,1band,0.7226795554161072,reject,reject,52.0
1_002_20200902_003106(3),1,2020-09-02 00:31:06,2020-09-02,1band,0.7139036059379578,reinspect,reinspect,58.0
1_002_20200902_003115(0),1,2020-09-02 00:31:15,2020-09-02,1band,0.7143447995185852,reinspect,reinspect,55.0
1_002_20200902_003119(5),1,2020-09-02 00:31:19,2020-09-02,1band,0.7151376605033875,reinspect,reinspect,59.0
1_002_20200902_003123(6),1,2020-09-02 00:31:23,2020-09-02,1band,0.7068556547164917,reinspect,reinspect,48.0
1_002_20200902_003127(7),1,2020-09-02 00:31:27,2020-09-02,1band,0.7313191294670105,reject,reject,62.0
1_002_20200902_003132(0),1,2020-09-02 00:31:32,2020-09-02,1band,0.7286493182182312,reject,reject,55.0
1_002_20200902_043107(7),1,2020-09-02 04:31:07,2020-09-02,1band,0.7254170775413513,reject,reject,54.0
1_002_20200902_043112(1),1,2020-09-02 04:31:12,2020-09-02,1band,0.7290982604026794,reject,reject,55.0
1_002_20200902_043116(4),1,2020-09-02 04:31:16,2020-09-02,3band,0.7219803929328918,reinspect,reinspect,56.0
1_002_20200902_043120(6),1,2020-09-02 04:31:20,2020-09-02,1band,0.7234899997711182,reject,reject,48.0
1_002_20200902_043124(9),1,2020-09-02 04:31:24,2020-09-02,3band,0.7182652950286865,reinspect,reinspect,54.0
1_002_20200902_043129(2),1,2020-09-02 04:31:29,2020-09-02,1band,0.7144103646278381,reinspect,reinspect,53.0
1_002_20200902_082600(3),1,2020-09-02 08:26:00,2020-09-02,1band,0.7356907725334167,reject,reject,49.0
1_002_20200902_082609(0),1,2020-09-02 08:26:09,2020-09-02,1band,0.7259834408760071,reject,reject,58.0
1_002_20200902_082613(2),1,2020-09-02 08:26:13,2020-09-02,1band,0.741455614566803,reject,reject,57.0
1_002_20200902_082621(8),1,2020-09-02 08:26:21,2020-09-02,1band,0.7299128770828247,reject,reject,58.0
1_002_20200902_082626(3),1,2020-09-02 08:26:26,2020-09-02,1band,0.7219719886779785,reinspect,reinspect,51.0
1_002_20200902_082638(8),1,2020-09-02 08:26:38,2020-09-02,1band,0.7380935549736023,reject,reject,54.0
1_002_20200904_230034(7),1,2020-09-04 23:00:34,2020-09-04,1band,0.7231768369674683,reject,reject,56.0
1_002_20200904_230038(7),1,2020-09-04 23:00:38,2020-09-04,1band,0.7285618185997009,reject,reject,57.0
1_002_20200904_230042(8),1,2020-09-04 23:00:42,2020-09-04,1band,0.7184833288192749,reinspect,reinspect,47.0
1_002_20200904_230047(1),1,2020-09-04 23:00:47,2020-09-04,1band,0.691813588142395,reinspect,reinspect,55.0
1_002_20200904_230050(8),1,2020-09-04 23:00:50,2020-09-04,1band,0.739069402217865,reject,reject,51.0
1_002_20200904_230054(7),1,2020-09-04 23:00:54,2020-09-04,1band,0.7162554264068604,reinspect,reinspect,51.0
1_002_20200904_230301(9),1,2020-09-04 23:03:01,2020-09-04,1band,0.7115699052810669,reinspect,reinspect,58.0
1_002_20200904_230305(2),1,2020-09-04 23:03:05,2020-09-04,1band,0.7321738600730896,reject,reject,57.0
1_002_20200904_230308(3),1,2020-09-04 23:03:08,2020-09-04,1band,0.7283614873886108,reject,reject,52.0
1_002_20200904_230314(3),1,2020-09-04 23:03:14,2020-09-04,1band,0.7325059175491333,reject,reject,52.0
1_002_20200904_230345(2),1,2020-09-04 23:03:45,2020-09-04,1band,0.7467030882835388,reject,reject,54.0
1_002_20200904_230349(3),1,2020-09-04 23:03:49,2020-09-04,1band,0.713714063167572,reinspect,reinspect,54.0
1_002_20200905_003146(9),1,2020-09-05 00:31:46,2020-09-05,1band,0.7343806028366089,reject,reject,61.0
1_002_20200905_003154(8),1,2020-09-05 00:31:54,2020-09-05,1band,0.7303503155708313,reject,reject,61.0
1_002_20200905_003158(8),1,2020-09-05 00:31:58,2020-09-05,1band,0.7194902896881104,reinspect,reinspect,58.0
1_002_20200905_003202(9),1,2020-09-05 00:32:02,2020-09-05,1band,0.7081891298294067,reinspect,reinspect,52.0
1_002_20200905_003210(8),1,2020-09-05 00:32:10,2020-09-05,1band,0.7404999732971191,reject,reject,52.0
1_002_20200905_003220(7),1,2020-09-05 00:32:20,2020-09-05,1band,0.7101719379425049,reinspect,reinspect,47.0
1_002_20200905_043116(7),1,2020-09-05 04:31:16,2020-09-05,1band,0.7297229766845703,reject,reject,57.0
1_002_20200905_043119(3),1,2020-09-05 04:31:19,2020-09-05,1band,0.7018986940383911,reinspect,reinspect,48.0
1_002_20200905_043122(0),1,2020-09-05 04:31:22,2020-09-05,1band,0.7100657224655151,reinspect,reinspect,49.0
1_002_20200905_043124(6),1,2020-09-05 04:31:24,2020-09-05,1band,0.7382878065109253,reject,reject,52.0
1_002_20200905_043129(6),1,2020-09-05 04:31:29,2020-09-05,1band,0.6900591850280762,reinspect,reinspect,54.0
1_002_20200905_043135(3),1,2020-09-05 04:31:35,2020-09-05,1band,0.7021276950836182,reinspect,reinspect,60.0
1_002_20200905_083100(6),1,2020-09-05 08:31:00,2020-09-05,1band,0.7186217904090881,reinspect,reinspect,54.0
1_002_20200905_083104(6),1,2020-09-05 08:31:04,2020-09-05,1band,0.7125465869903564,reinspect,reinspect,53.0
1_002_20200905_083116(7),1,2020-09-05 08:31:16,2020-09-05,1band,0.7325505614280701,reject,reject,52.0
1_002_20200905_083120(6),1,2020-09-05 08:31:20,2020-09-05,1band,0.7255322337150574,reject,reject,56.0
1_002_20200905_083124(7),1,2020-09-05 08:31:24,2020-09-05,1band,0.7419688105583191,reject,reject,49.0
1_002_20200905_083134(7),1,2020-09-05 08:31:34,2020-09-05,1band,0.7317880392074585,reject,reject,52.0
1_002_20200905_123051(5),1,2020-09-05 12:30:51,2020-09-05,1band,0.7013152837753296,reinspect,reinspect,54.0
1_002_20200905_123055(5),1,2020-09-05 12:30:55,2020-09-05,1band,0.7296093702316284,reject,reject,51.0
1_002_20200905_123059(6),1,2020-09-05 12:30:59,2020-09-05,1band,0.6980825066566467,reinspect,reinspect,51.0
1_002_20200907_204657(8),1,2020-09-07 20:46:57,2020-09-07,1band,0.7251121401786804,reject,reject,54.0
1_002_20200908_003259(2),1,2020-09-08 00:32:59,2020-09-08,1band,0.7267026305198669,reject,reject,53.0
1_002_20200908_003303(8),1,2020-09-08 00:33:03,2020-09-08,1band,0.7439194321632385,reject,reject,57.0
1_002_20200908_003308(2),1,2020-09-08 00:33:08,2020-09-08,1band,0.7293494343757629,reject,reject,57.0
1_002_20200908_003312(9),1,2020-09-08 00:33:12,2020-09-08,1band,0.7150263786315918,reinspect,reinspect,58.0
1_002_20200908_003321(8),1,2020-09-08 00:33:21,2020-09-08,1band,0.7330932021141052,reject,reject,57.0
1_002_20200908_003330(9),1,2020-09-08 00:33:30,2020-09-08,1band,0.7309415340423584,reject,reject,55.0
1_002_20200908_043104(3),1,2020-09-08 04:31:04,2020-09-08,1band,0.7376425266265869,reject,reject,57.0
1_002_20200908_043108(7),1,2020-09-08 04:31:08,2020-09-08,1band,0.7199179530143738,reinspect,reinspect,52.0
1_002_20200908_043113(2),1,2020-09-08 04:31:13,2020-09-08,1band,0.718862771987915,reinspect,reinspect,54.0
1_002_20200908_043117(6),1,2020-09-08 04:31:17,2020-09-08,1band,0.7092773914337158,reinspect,reinspect,52.0
1_002_20200908_043122(1),1,2020-09-08 04:31:22,2020-09-08,1band,0.7242000699043274,reject,reject,57.0
1_002_20200908_043126(7),1,2020-09-08 04:31:26,2020-09-08,1band,0.7177854776382446,reinspect,reinspect,54.0
1_002_20200912_021405(0),1,2020-09-12 02:14:05,2020-09-12,1band,0.7437538504600525,reject,reject,46.0
1_002_20200912_021411(6),1,2020-09-12 02:14:11,2020-09-12,1band,0.7274395227432251,reject,reject,56.0
1_002_20200912_021417(8),1,2020-09-12 02:14:17,2020-09-12,1band,0.7314491868019104,reject,reject,49.0
1_002_20200912_021420(7),1,2020-09-12 02:14:20,2020-09-12,1band,0.7104349136352539,reinspect,reinspect,57.0
1_002_20200912_021423(8),1,2020-09-12 02:14:23,2020-09-12,1band,0.7371934056282043,reject,reject,56.0
1_002_20200912_021430(0),1,2020-09-12 02:14:30,2020-09-12,1band,0.7365845441818237,reject,reject,51.0
1_002_20200912_043042(7),1,2020-09-12 04:30:42,2020-09-12,1band,0.7307456731796265,reject,reject,55.0
1_002_20200912_043047(4),1,2020-09-12 04:30:47,2020-09-12,1band,0.7283141016960144,reject,reject,56.0
1_002_20200912_043051(8),1,2020-09-12 04:30:51,2020-09-12,1band,0.7204403281211853,reinspect,reinspect,52.0
1_002_20200912_043056(4),1,2020-09-12 04:30:56,2020-09-12,1band,0.7289425730705261,reject,reject,47.0
1_002_20200912_043105(3),1,2020-09-12 04:31:05,2020-09-12,1band,0.7314817905426025,reject,reject,56.0
1_002_20200912_043123(2),1,2020-09-12 04:31:23,2020-09-12,1band,0.7231229543685913,reject,reject,57.0
1_002_20200912_123204(6),1,2020-09-12 12:32:04,2020-09-12,1band,0.7300220727920532,reject,reject,58.0
1_002_20200912_123207(7),1,2020-09-12 12:32:07,2020-09-12,1band,0.7483733296394348,reject,reject,52.0
1_002_20200912_123210(6),1,2020-09-12 12:32:10,2020-09-12,1band,0.7118696570396423,reinspect,reinspect,52.0
1_002_20200912_123216(4),1,2020-09-12 12:32:16,2020-09-12,1band,0.7339404225349426,reject,reject,57.0
1_002_20200912_123219(3),1,2020-09-12 12:32:19,2020-09-12,1band,0.7206808924674988,reinspect,reinspect,57.0
1_002_20200912_123222(2),1,2020-09-12 12:32:22,2020-09-12,1band,0.7304444313049316,reject,reject,53.0
1_002_20200912_163052(9),1,2020-09-12 16:30:52,2020-09-12,1band,0.7451278567314148,reject,reject,55.0
1_002_20200912_163058(9),1,2020-09-12 16:30:58,2020-09-12,1band,0.7277714610099792,reject,reject,57.0
1_002_20200912_163101(7),1,2020-09-12 16:31:01,2020-09-12,1band,0.7312039136886597,reject,reject,55.0
1_002_20200912_163104(6),1,2020-09-12 16:31:04,2020-09-12,1band,0.7175114154815674,reinspect,reinspect,58.0
1_002_20200912_163113(5),1,2020-09-12 16:31:13,2020-09-12,1band,0.715722918510437,reinspect,reinspect,56.0
1_002_20200912_163116(5),1,2020-09-12 16:31:16,2020-09-12,1band,0.7503003478050232,reject,reject,60.0
1_002_20200912_202615(3),1,2020-09-12 20:26:15,2020-09-12,1band,0.7320459485054016,reject,reject,57.0
1_002_20200912_202619(7),1,2020-09-12 20:26:19,2020-09-12,1band,0.727453351020813,reject,reject,54.0
1_002_20200912_202628(8),1,2020-09-12 20:26:28,2020-09-12,1band,0.7483271360397339,reject,reject,46.0
1_002_20200912_202633(1),1,2020-09-12 20:26:33,2020-09-12,1band,0.7114202976226807,reinspect,reinspect,51.0
1_002_20200912_202637(8),1,2020-09-12 20:26:37,2020-09-12,1band,0.7482876181602478,reject,reject,57.0
1_002_20200912_202646(7),1,2020-09-12 20:26:46,2020-09-12,1band,0.731220543384552,reject,reject,52.0
1_002_20200914_082846(9),1,2020-09-14 08:28:46,2020-09-14,1band,0.7375404238700867,reject,reject,55.0
1_002_20200914_082856(2),1,2020-09-14 08:28:56,2020-09-14,1band,0.7382581233978271,reject,reject,51.0
1_002_20200914_082904(6),1,2020-09-14 08:29:04,2020-09-14,1band,0.7329679131507874,reject,reject,55.0
1_002_20200914_082910(5),1,2020-09-14 08:29:10,2020-09-14,1band,0.7395914196968079,reject,reject,56.0
1_002_20200914_082918(3),1,2020-09-14 08:29:18,2020-09-14,1band,0.7350072264671326,reject,reject,58.0
1_002_20200914_082925(8),1,2020-09-14 08:29:25,2020-09-14,1band,0.7247337102890015,reject,reject,58.0
1_002_20200914_123926(8),1,2020-09-14 12:39:26,2020-09-14,1band,0.7205049991607666,reinspect,reinspect,56.0
1_002_20200914_123931(3),1,2020-09-14 12:39:31,2020-09-14,1band,0.7243231534957886,reject,reject,56.0
1_002_20200914_123935(7),1,2020-09-14 12:39:35,2020-09-14,1band,0.7268862724304199,reject,reject,53.0
1_002_20200914_123940(1),1,2020-09-14 12:39:40,2020-09-14,1band,0.7289644479751587,reject,reject,61.0
1_002_20200914_123944(7),1,2020-09-14 12:39:44,2020-09-14,1band,0.7186775207519531,reinspect,reinspect,59.0
1_002_20200914_123949(5),1,2020-09-14 12:39:49,2020-09-14,1band,0.7043323516845703,reinspect,reinspect,58.0
1_002_20200914_163056(7),1,2020-09-14 16:30:56,2020-09-14,1band,0.7336373329162598,reject,reject,60.0
1_002_20200914_163101(1),1,2020-09-14 16:31:01,2020-09-14,1band,0.7308556437492371,reject,reject,58.0
1_002_20200914_163105(7),1,2020-09-14 16:31:05,2020-09-14,1band,0.7386749982833862,reject,reject,55.0
1_002_20200914_163110(1),1,2020-09-14 16:31:10,2020-09-14,1band,0.7395128011703491,reject,reject,55.0
1_002_20200914_163114(5),1,2020-09-14 16:31:14,2020-09-14,1band,0.7323391437530518,reject,reject,55.0
1_002_20200914_163119(3),1,2020-09-14 16:31:19,2020-09-14,1band,0.7148528099060059,reinspect,reinspect,52.0
1_002_20200914_202928(5),1,2020-09-14 20:29:28,2020-09-14,1band,0.715200662612915,reinspect,reinspect,57.0
1_002_20200914_202931(6),1,2020-09-14 20:29:31,2020-09-14,1band,0.72547447681427,reject,reject,56.0
1_002_20200914_202934(5),1,2020-09-14 20:29:34,2020-09-14,1band,0.7238792181015015,reject,reject,53.0
1_002_20200914_202937(6),1,2020-09-14 20:29:37,2020-09-14,1band,0.7403771877288818,reject,reject,62.0
1_002_20200914_202943(5),1,2020-09-14 20:29:43,2020-09-14,1band,0.7192049622535706,reinspect,reinspect,57.0
1_002_20200914_202948(1),1,2020-09-14 20:29:48,2020-09-14,1band,0.7030925750732422,reinspect,reinspect,57.0
1_002_20200915_003458(4),1,2020-09-15 00:34:58,2020-09-15,1band,0.7106910943984985,reinspect,reinspect,58.0
1_002_20200915_003505(7),1,2020-09-15 00:35:05,2020-09-15,1band,0.7357462644577026,reject,reject,51.0
1_002_20200915_003510(7),1,2020-09-15 00:35:10,2020-09-15,1band,0.7182790040969849,reinspect,reinspect,52.0
1_002_20200915_003515(6),1,2020-09-15 00:35:15,2020-09-15,1band,0.7079028487205505,reinspect,reinspect,57.0
1_002_20200915_003523(1),1,2020-09-15 00:35:23,2020-09-15,1band,0.7468473315238953,reject,reject,56.0
1_002_20200915_003532(1),1,2020-09-15 00:35:32,2020-09-15,1band,0.7152782082557678,reinspect,reinspect,56.0
1_002_20200915_043352(7),1,2020-09-15 04:33:52,2020-09-15,1band,0.7459294199943542,reject,reject,57.0
1_002_20200915_043355(3),1,2020-09-15 04:33:55,2020-09-15,1band,0.7332236170768738,reject,reject,58.0
1_002_20200915_043358(1),1,2020-09-15 04:33:58,2020-09-15,1band,0.7092365026473999,reinspect,reinspect,52.0
1_002_20200915_043401(0),1,2020-09-15 04:34:01,2020-09-15,1band,0.725672721862793,reject,reject,54.0
1_002_20200915_043406(9),1,2020-09-15 04:34:06,2020-09-15,1band,0.7172397375106812,reinspect,reinspect,56.0
1_002_20200915_043416(7),1,2020-09-15 04:34:16,2020-09-15,1band,0.723874032497406,reject,reject,49.0
1_002_20200915_083053(7),1,2020-09-15 08:30:53,2020-09-15,1band,0.7341324090957642,reject,reject,58.0
1_002_20200915_083056(7),1,2020-09-15 08:30:56,2020-09-15,1band,0.7280380129814148,reject,reject,61.0
1_002_20200915_083101(1),1,2020-09-15 08:31:01,2020-09-15,1band,0.7161518931388855,reinspect,reinspect,55.0
1_002_20200915_083104(1),1,2020-09-15 08:31:04,2020-09-15,1band,0.7424811720848083,reject,reject,51.0
1_002_20200915_083107(1),1,2020-09-15 08:31:07,2020-09-15,1band,0.7306691408157349,reject,reject,53.0
1_002_20200915_083117(6),1,2020-09-15 08:31:17,2020-09-15,1band,0.7208070158958435,reinspect,reinspect,52.0
1_002_20200915_123113(2),1,2020-09-15 12:31:13,2020-09-15,3band,0.7062537670135498,reinspect,reinspect,50.0
1_002_20200915_123117(6),1,2020-09-15 12:31:17,2020-09-15,1band,0.7098692059516907,reinspect,reinspect,60.0
1_002_20200915_123126(5),1,2020-09-15 12:31:26,2020-09-15,1band,0.7170372009277344,reinspect,reinspect,59.0
1_002_20200915_123131(1),1,2020-09-15 12:31:31,2020-09-15,1band,0.7288551926612854,reject,reject,56.0
1_002_20200915_123135(7),1,2020-09-15 12:31:35,2020-09-15,1band,0.7447263598442078,reject,reject,57.0
1_002_20200915_123140(1),1,2020-09-15 12:31:40,2020-09-15,1band,0.727998673915863,reject,reject,58.0
1_002_20200915_163129(0),1,2020-09-15 16:31:29,2020-09-15,1band,0.7227751016616821,reject,reject,59.0
1_002_20200915_163133(5),1,2020-09-15 16:31:33,2020-09-15,1band,0.7388784885406494,reject,reject,52.0
1_002_20200915_163144(0),1,2020-09-15 16:31:44,2020-09-15,1band,0.7339538335800171,reject,reject,52.0
1_002_20200915_163154(5),1,2020-09-15 16:31:54,2020-09-15,1band,0.7230222821235657,reject,reject,56.0
1_002_20200915_163158(9),1,2020-09-15 16:31:58,2020-09-15,1band,0.7323262095451355,reject,reject,56.0
1_002_20200915_163203(4),1,2020-09-15 16:32:03,2020-09-15,1band,0.7143805623054504,reinspect,reinspect,51.0
1_002_20200915_203209(5),1,2020-09-15 20:32:09,2020-09-15,1band,0.7167823314666748,reinspect,reinspect,56.0
1_002_20200915_203212(5),1,2020-09-15 20:32:12,2020-09-15,1band,0.734481930732727,reject,reject,54.0
1_002_20200915_203215(5),1,2020-09-15 20:32:15,2020-09-15,1band,0.7453123927116394,reject,reject,55.0
1_002_20200915_203218(5),1,2020-09-15 20:32:18,2020-09-15,1band,0.7208505868911743,reinspect,reinspect,53.0
1_002_20200915_203224(4),1,2020-09-15 20:32:24,2020-09-15,1band,0.7221725583076477,reinspect,reinspect,61.0
1_002_20200915_203229(1),1,2020-09-15 20:32:29,2020-09-15,1band,0.7389761805534363,reject,reject,54.0
1_002_20200916_003104(1),1,2020-09-16 00:31:04,2020-09-16,1band,0.7055138349533081,reinspect,reinspect,53.0
1_002_20200916_003107(1),1,2020-09-16 00:31:07,2020-09-16,1band,0.719880998134613,reinspect,reinspect,57.0
1_002_20200916_003110(0),1,2020-09-16 00:31:10,2020-09-16,1band,0.7051281332969666,reinspect,reinspect,54.0
1_002_20200916_003113(0),1,2020-09-16 00:31:13,2020-09-16,1band,0.7099135518074036,reinspect,reinspect,56.0
1_002_20200916_003115(9),1,2020-09-16 00:31:15,2020-09-16,1band,0.7165621519088745,reinspect,reinspect,52.0
1_002_20200916_003118(8),1,2020-09-16 00:31:18,2020-09-16,1band,0.7202218174934387,reinspect,reinspect,54.0
1_002_20200916_043147(8),1,2020-09-16 04:31:47,2020-09-16,1band,0.7160730361938477,reinspect,reinspect,52.0
1_002_20200916_043150(7),1,2020-09-16 04:31:50,2020-09-16,1band,0.7000980973243713,reinspect,reinspect,53.0
1_002_20200916_043153(7),1,2020-09-16 04:31:53,2020-09-16,1band,0.72421795129776,reject,reject,55.0
1_002_20200916_043156(6),1,2020-09-16 04:31:56,2020-09-16,1band,0.7261785864830017,reject,reject,50.0
1_002_20200916_043202(6),1,2020-09-16 04:32:02,2020-09-16,1band,0.7048014402389526,reinspect,reinspect,57.0
1_002_20200916_043211(3),1,2020-09-16 04:32:11,2020-09-16,1band,0.705890417098999,reinspect,reinspect,53.0
1_002_20200916_083037(0),1,2020-09-16 08:30:37,2020-09-16,1band,0.7355000972747803,reject,reject,51.0
1_002_20200916_083045(8),1,2020-09-16 08:30:45,2020-09-16,1band,0.7247523069381714,reject,reject,58.0
1_002_20200916_083050(2),1,2020-09-16 08:30:50,2020-09-16,1band,0.7053487300872803,reinspect,reinspect,54.0
1_002_20200916_083057(6),1,2020-09-16 08:30:57,2020-09-16,1band,0.7176971435546875,reinspect,reinspect,56.0
1_002_20200916_083106(3),1,2020-09-16 08:31:06,2020-09-16,1band,0.7397333979606628,reject,reject,55.0
1_002_20200916_083126(7),1,2020-09-16 08:31:26,2020-09-16,1band,0.7306556105613708,reject,reject,53.0
1_002_20200916_122636(6),1,2020-09-16 12:26:36,2020-09-16,1band,0.7381991744041443,reject,reject,57.0
1_002_20200916_122641(1),1,2020-09-16 12:26:41,2020-09-16,1band,0.7211438417434692,reinspect,reinspect,56.0
1_002_20200916_122645(6),1,2020-09-16 12:26:45,2020-09-16,1band,0.7334920763969421,reject,reject,56.0
1_002_20200916_122650(1),1,2020-09-16 12:26:50,2020-09-16,1band,0.7407956123352051,reject,reject,55.0
1_002_20200916_122654(7),1,2020-09-16 12:26:54,2020-09-16,1band,0.7294154763221741,reject,reject,53.0
1_002_20200916_122659(2),1,2020-09-16 12:26:59,2020-09-16,1band,0.717003345489502,reinspect,reinspect,51.0
1_002_20200916_203122(3),1,2020-09-16 20:31:22,2020-09-16,1band,0.734394371509552,reject,reject,58.0
1_002_20200916_203126(3),1,2020-09-16 20:31:26,2020-09-16,1band,0.7442114353179932,reject,reject,58.0
1_002_20200916_203130(2),1,2020-09-16 20:31:30,2020-09-16,1band,0.7294012308120728,reject,reject,57.0
1_002_20200916_203134(2),1,2020-09-16 20:31:34,2020-09-16,1band,0.7072941064834595,reinspect,reinspect,55.0
1_002_20200916_203138(2),1,2020-09-16 20:31:38,2020-09-16,1band,0.7277817726135254,reject,reject,61.0
1_002_20200916_203142(2),1,2020-09-16 20:31:42,2020-09-16,1band,0.7462372183799744,reject,reject,53.0
1_002_20200917_003202(9),1,2020-09-17 00:32:02,2020-09-17,1band,0.6931531429290771,reinspect,reinspect,54.0
1_002_20200917_003206(8),1,2020-09-17 00:32:06,2020-09-17,1band,0.7367362380027771,reject,reject,55.0
1_002_20200917_003210(8),1,2020-09-17 00:32:10,2020-09-17,1band,0.7363298535346985,reject,reject,57.0
1_002_20200917_003214(8),1,2020-09-17 00:32:14,2020-09-17,1band,0.7246391177177429,reject,reject,61.0
1_002_20200917_003218(8),1,2020-09-17 00:32:18,2020-09-17,1band,0.7297263741493225,reject,reject,61.0
1_002_20200917_003222(9),1,2020-09-17 00:32:22,2020-09-17,1band,0.7121776342391968,reinspect,reinspect,55.0
1_002_20200917_043057(1),1,2020-09-17 04:30:57,2020-09-17,1band,0.7313569784164429,reject,reject,59.0
1_002_20200917_043101(1),1,2020-09-17 04:31:01,2020-09-17,1band,0.7164966464042664,reinspect,reinspect,58.0
1_002_20200917_043105(2),1,2020-09-17 04:31:05,2020-09-17,1band,0.7308389544487,reject,reject,60.0
1_002_20200917_043109(1),1,2020-09-17 04:31:09,2020-09-17,1band,0.7216060161590576,reinspect,reinspect,50.0
1_002_20200917_043113(2),1,2020-09-17 04:31:13,2020-09-17,1band,0.7343011498451233,reject,reject,63.0
1_002_20200917_043117(2),1,2020-09-17 04:31:17,2020-09-17,1band,0.7339761853218079,reject,reject,55.0
1_002_20200917_083653(7),1,2020-09-17 08:36:53,2020-09-17,1band,0.7336492538452148,reject,reject,60.0
1_002_20200917_083659(5),1,2020-09-17 08:36:59,2020-09-17,1band,0.7298023700714111,reject,reject,56.0
1_002_20200917_083703(5),1,2020-09-17 08:37:03,2020-09-17,1band,0.7378827929496765,reject,reject,58.0
1_002_20200917_083707(4),1,2020-09-17 08:37:07,2020-09-17,1band,0.727856457233429,reject,reject,57.0
1_002_20200917_083711(6),1,2020-09-17 08:37:11,2020-09-17,1band,0.7261943221092224,reject,reject,61.0
1_002_20200917_083721(4),1,2020-09-17 08:37:21,2020-09-17,1band,0.7214682698249817,reinspect,reinspect,53.0
1_002_20200917_123052(0),1,2020-09-17 12:30:52,2020-09-17,1band,0.7359621524810791,reject,reject,57.0
1_002_20200917_123056(0),1,2020-09-17 12:30:56,2020-09-17,1band,0.735166609287262,reject,reject,54.0
1_002_20200917_123100(0),1,2020-09-17 12:31:00,2020-09-17,1band,0.7407586574554443,reject,reject,50.0
1_002_20200917_123116(1),1,2020-09-17 12:31:16,2020-09-17,1band,0.7265969514846802,reject,reject,53.0
1_002_20200917_123120(2),1,2020-09-17 12:31:20,2020-09-17,1band,0.7285258173942566,reject,reject,59.0
1_002_20200917_123124(2),1,2020-09-17 12:31:24,2020-09-17,1band,0.7076255679130554,reinspect,reinspect,58.0
1_002_20200917_162809(7),1,2020-09-17 16:28:09,2020-09-17,1band,0.726223349571228,reject,reject,58.0
1_002_20200917_162813(7),1,2020-09-17 16:28:13,2020-09-17,1band,0.744749903678894,reject,reject,62.0
1_002_20200917_162817(7),1,2020-09-17 16:28:17,2020-09-17,1band,0.7278358340263367,reject,reject,59.0
1_002_20200917_162821(7),1,2020-09-17 16:28:21,2020-09-17,1band,0.7436270117759705,reject,reject,51.0
1_002_20200917_162825(6),1,2020-09-17 16:28:25,2020-09-17,1band,0.7232027649879456,reject,reject,53.0
1_002_20200917_162829(8),1,2020-09-17 16:28:29,2020-09-17,1band,0.7261277437210083,reject,reject,49.0
1_002_20200917_202944(0),1,2020-09-17 20:29:44,2020-09-17,1band,0.7376785278320312,reject,reject,57.0
1_002_20200917_202952(6),1,2020-09-17 20:29:52,2020-09-17,1band,0.7398822903633118,reject,reject,53.0
1_002_20200917_202955(7),1,2020-09-17 20:29:55,2020-09-17,1band,0.7314358353614807,reject,reject,61.0
1_002_20200917_202958(6),1,2020-09-17 20:29:58,2020-09-17,1band,0.7115228772163391,reinspect,reinspect,60.0
1_002_20200917_203001(5),1,2020-09-17 20:30:01,2020-09-17,1band,0.7358142733573914,reject,reject,57.0
1_002_20200917_203004(3),1,2020-09-17 20:30:04,2020-09-17,1band,0.7306764721870422,reject,reject,59.0
1_002_20200918_003438(7),1,2020-09-18 00:34:38,2020-09-18,1band,0.7391982078552246,reject,reject,57.0
1_002_20200918_003442(6),1,2020-09-18 00:34:42,2020-09-18,1band,0.7151917219161987,reinspect,reinspect,53.0
1_002_20200918_003445(5),1,2020-09-18 00:34:45,2020-09-18,1band,0.7078768014907837,reinspect,reinspect,57.0
1_002_20200918_003448(4),1,2020-09-18 00:34:48,2020-09-18,1band,0.7214655876159668,reinspect,reinspect,54.0
1_002_20200918_003451(0),1,2020-09-18 00:34:51,2020-09-18,1band,0.7218645811080933,reinspect,reinspect,53.0
1_002_20200918_003453(6),1,2020-09-18 00:34:53,2020-09-18,1band,0.7340320944786072,reject,reject,55.0
1_002_20200918_043330(3),1,2020-09-18 04:33:30,2020-09-18,1band,0.7233772277832031,reject,reject,54.0
1_002_20200918_043332(9),1,2020-09-18 04:33:32,2020-09-18,1band,0.743800938129425,reject,reject,55.0
1_002_20200918_043335(6),1,2020-09-18 04:33:35,2020-09-18,1band,0.7298249006271362,reject,reject,58.0
1_002_20200918_043338(2),1,2020-09-18 04:33:38,2020-09-18,1band,0.735982358455658,reject,reject,52.0
1_002_20200918_043341(9),1,2020-09-18 04:33:41,2020-09-18,1band,0.6944368481636047,reinspect,reinspect,54.0
1_002_20200918_043345(9),1,2020-09-18 04:33:45,2020-09-18,1band,0.735256016254425,reject,reject,58.0
1_002_20200918_083240(7),1,2020-09-18 08:32:40,2020-09-18,1band,0.7281454205513,reject,reject,52.0
1_002_20200918_083244(8),1,2020-09-18 08:32:44,2020-09-18,1band,0.7221396565437317,reinspect,reinspect,51.0
1_002_20200918_083248(7),1,2020-09-18 08:32:48,2020-09-18,1band,0.7397515773773193,reject,reject,54.0
1_002_20200918_083254(8),1,2020-09-18 08:32:54,2020-09-18,1band,0.736463189125061,reject,reject,55.0
1_002_20200918_083302(6),1,2020-09-18 08:33:02,2020-09-18,1band,0.7526004314422607,reject,reject,59.0
1_002_20200918_083306(7),1,2020-09-18 08:33:06,2020-09-18,1band,0.7527211904525757,reject,reject,56.0
1_002_20200918_123306(7),1,2020-09-18 12:33:06,2020-09-18,1band,0.7276285886764526,reject,reject,54.0
1_002_20200918_123310(6),1,2020-09-18 12:33:10,2020-09-18,1band,0.7381084561347961,reject,reject,56.0
1_002_20200918_123314(6),1,2020-09-18 12:33:14,2020-09-18,1band,0.7306704521179199,reject,reject,52.0
1_002_20200918_123318(7),1,2020-09-18 12:33:18,2020-09-18,1band,0.7012749314308167,reinspect,reinspect,58.0
1_002_20200918_123322(5),1,2020-09-18 12:33:22,2020-09-18,1band,0.731248140335083,reject,reject,57.0
1_002_20200918_123331(0),1,2020-09-18 12:33:31,2020-09-18,1band,0.7175392508506775,reinspect,reinspect,55.0
1_002_20200918_163302(9),1,2020-09-18 16:33:02,2020-09-18,1band,0.712212860584259,reinspect,reinspect,59.0
1_002_20200918_163306(9),1,2020-09-18 16:33:06,2020-09-18,1band,0.71084064245224,reinspect,reinspect,57.0
1_002_20200918_163310(9),1,2020-09-18 16:33:10,2020-09-18,1band,0.706587016582489,reinspect,reinspect,58.0
1_002_20200918_163314(9),1,2020-09-18 16:33:14,2020-09-18,1band,0.7149191498756409,reinspect,reinspect,56.0
1_002_20200918_163318(8),1,2020-09-18 16:33:18,2020-09-18,1band,0.7215169668197632,reinspect,reinspect,64.0
1_002_20200918_163322(9),1,2020-09-18 16:33:22,2020-09-18,1band,0.727595865726471,reject,reject,53.0
1_002_20200921_111929(2),1,2020-09-21 11:19:29,2020-09-21,1band,0.7373957633972168,reject,reject,53.0
1_002_20200921_111932(4),1,2020-09-21 11:19:32,2020-09-21,1band,0.7177172303199768,reinspect,reinspect,55.0
1_002_20200921_111939(0),1,2020-09-21 11:19:39,2020-09-21,1band,0.7202191948890686,reinspect,reinspect,59.0
1_002_20200921_111942(1),1,2020-09-21 11:19:42,2020-09-21,1band,0.7326484322547913,reject,reject,59.0
1_002_20200921_111948(3),1,2020-09-21 11:19:48,2020-09-21,1band,0.7361233830451965,reject,reject,60.0
1_002_20200921_111951(8),1,2020-09-21 11:19:51,2020-09-21,1band,0.7314998507499695,reject,reject,51.0
1_002_20200921_123148(8),1,2020-09-21 12:31:48,2020-09-21,1band,0.7288150191307068,reject,reject,56.0
1_002_20200921_123153(3),1,2020-09-21 12:31:53,2020-09-21,1band,0.7271353602409363,reject,reject,58.0
1_002_20200921_123157(8),1,2020-09-21 12:31:57,2020-09-21,1band,0.7220905423164368,reinspect,reinspect,51.0
1_002_20200921_123202(3),1,2020-09-21 12:32:02,2020-09-21,1band,0.7331511974334717,reject,reject,58.0
1_002_20200921_123206(8),1,2020-09-21 12:32:06,2020-09-21,1band,0.7054183483123779,reinspect,reinspect,54.0
1_002_20200921_123211(3),1,2020-09-21 12:32:11,2020-09-21,1band,0.7269002795219421,reject,reject,56.0
1_002_20200921_163052(8),1,2020-09-21 16:30:52,2020-09-21,1band,0.7320045828819275,reject,reject,52.0
1_002_20200921_163055(8),1,2020-09-21 16:30:55,2020-09-21,1band,0.7364726066589355,reject,reject,58.0
1_002_20200921_163102(0),1,2020-09-21 16:31:02,2020-09-21,1band,0.7168642282485962,reinspect,reinspect,59.0
1_002_20200921_163105(3),1,2020-09-21 16:31:05,2020-09-21,1band,0.7391666173934937,reject,reject,56.0
1_002_20200921_163110(2),1,2020-09-21 16:31:10,2020-09-21,1band,0.7257816791534424,reject,reject,49.0
1_002_20200921_163113(3),1,2020-09-21 16:31:13,2020-09-21,1band,0.7329949736595154,reject,reject,54.0
1_002_20200921_202245(2),1,2020-09-21 20:22:45,2020-09-21,1band,0.7246758937835693,reject,reject,56.0
1_002_20200921_202254(1),1,2020-09-21 20:22:54,2020-09-21,1band,0.743675708770752,reject,reject,54.0
1_002_20200921_202257(2),1,2020-09-21 20:22:57,2020-09-21,1band,0.728391706943512,reject,reject,63.0
1_002_20200921_202300(1),1,2020-09-21 20:23:00,2020-09-21,1band,0.7410207986831665,reject,reject,54.0
1_002_20200921_202312(1),1,2020-09-21 20:23:12,2020-09-21,1band,0.7331148386001587,reject,reject,50.0
1_002_20200921_202315(3),1,2020-09-21 20:23:15,2020-09-21,1band,0.7146106958389282,reinspect,reinspect,56.0
1_002_20200922_003107(0),1,2020-09-22 00:31:07,2020-09-22,1band,0.7201046347618103,reinspect,reinspect,55.0
1_002_20200922_003116(0),1,2020-09-22 00:31:16,2020-09-22,1band,0.7258533835411072,reject,reject,56.0
1_002_20200922_003120(5),1,2020-09-22 00:31:20,2020-09-22,1band,0.7254366874694824,reject,reject,61.0
1_002_20200922_003123(5),1,2020-09-22 00:31:23,2020-09-22,1band,0.7292400598526001,reject,reject,55.0
1_002_20200922_003129(5),1,2020-09-22 00:31:29,2020-09-22,1band,0.7344116568565369,reject,reject,51.0
1_002_20200922_003134(1),1,2020-09-22 00:31:34,2020-09-22,1band,0.7082163095474243,reinspect,reinspect,54.0
1_002_20200922_043105(7),1,2020-09-22 04:31:05,2020-09-22,1band,0.7202852964401245,reinspect,reinspect,57.0
1_002_20200922_043110(2),1,2020-09-22 04:31:10,2020-09-22,1band,0.7230685353279114,reject,reject,58.0
1_002_20200922_043114(8),1,2020-09-22 04:31:14,2020-09-22,1band,0.7026640176773071,reinspect,reinspect,55.0
1_002_20200922_043119(3),1,2020-09-22 04:31:19,2020-09-22,1band,0.7338802814483643,reject,reject,57.0
1_002_20200922_043123(8),1,2020-09-22 04:31:23,2020-09-22,1band,0.7359397411346436,reject,reject,55.0
1_002_20200922_043128(2),1,2020-09-22 04:31:28,2020-09-22,1band,0.7424831986427307,reject,reject,57.0
1_002_20200922_083752(7),1,2020-09-22 08:37:52,2020-09-22,1band,0.728441059589386,reject,reject,61.0
1_002_20200922_083755(7),1,2020-09-22 08:37:55,2020-09-22,1band,0.7337632775306702,reject,reject,64.0
1_002_20200922_083758(7),1,2020-09-22 08:37:58,2020-09-22,1band,0.7252733111381531,reject,reject,51.0
1_002_20200922_083801(7),1,2020-09-22 08:38:01,2020-09-22,1band,0.7168537378311157,reinspect,reinspect,55.0
1_002_20200922_083807(4),1,2020-09-22 08:38:07,2020-09-22,1band,0.7242486476898193,reject,reject,55.0
1_002_20200922_083810(4),1,2020-09-22 08:38:10,2020-09-22,1band,0.7258040904998779,reject,reject,56.0
1_002_20200922_122708(6),1,2020-09-22 12:27:08,2020-09-22,1band,0.7173047661781311,reinspect,reinspect,52.0
1_002_20200922_122713(0),1,2020-09-22 12:27:13,2020-09-22,1band,0.7349316477775574,reject,reject,54.0
1_002_20200922_122717(4),1,2020-09-22 12:27:17,2020-09-22,1band,0.7286057472229004,reject,reject,57.0
1_002_20200922_122721(8),1,2020-09-22 12:27:21,2020-09-22,1band,0.6960849761962891,reinspect,reinspect,60.0
1_002_20200922_122724(8),1,2020-09-22 12:27:24,2020-09-22,1band,0.7321353554725647,reject,reject,57.0
1_002_20200922_122727(6),1,2020-09-22 12:27:27,2020-09-22,1band,0.7203519344329834,reinspect,reinspect,54.0
1_002_20200922_163053(8),1,2020-09-22 16:30:53,2020-09-22,1band,0.7346184253692627,reject,reject,57.0
1_002_20200922_163056(8),1,2020-09-22 16:30:56,2020-09-22,1band,0.742026150226593,reject,reject,61.0
1_002_20200922_163059(6),1,2020-09-22 16:30:59,2020-09-22,1band,0.7463415861129761,reject,reject,52.0
1_002_20200922_163102(5),1,2020-09-22 16:31:02,2020-09-22,1band,0.7234623432159424,reject,reject,59.0
1_002_20200922_163105(5),1,2020-09-22 16:31:05,2020-09-22,1band,0.7219915390014648,reinspect,reinspect,62.0
1_002_20200922_163110(0),1,2020-09-22 16:31:10,2020-09-22,1band,0.7265233397483826,reject,reject,55.0
2_002_20200624_162726(9),2,2020-06-24 16:27:26,2020-06-24,3band,0.7137247323989868,reinspect,reinspect,36.0
2_002_20200624_162737(5),2,2020-06-24 16:27:37,2020-06-24,3band,0.739116907119751,reject,reject,41.0
2_002_20200629_202727(4),2,2020-06-29 20:27:27,2020-06-29,3band,0.7239832878112793,reject,reject,40.0
2_002_20200629_202731(9),2,2020-06-29 20:27:31,2020-06-29,3band,0.736254870891571,reject,reject,42.0
2_002_20200629_202736(4),2,2020-06-29 20:27:36,2020-06-29,3band,0.7210898399353027,reinspect,reinspect,38.0
2_002_20200629_202741(1),2,2020-06-29 20:27:41,2020-06-29,3band,0.7305341958999634,reject,reject,43.0
2_002_20200629_202745(5),2,2020-06-29 20:27:45,2020-06-29,3band,0.7175829410552979,reinspect,reinspect,39.0
2_002_20200629_202750(0),2,2020-06-29 20:27:50,2020-06-29,3band,0.7357059717178345,reject,reject,36.0
2_002_20200630_002937(6),2,2020-06-30 00:29:37,2020-06-30,3band,0.7302660346031189,reject,reject,42.0
2_002_20200630_002942(1),2,2020-06-30 00:29:42,2020-06-30,3band,0.7122750282287598,reinspect,reinspect,43.0
2_002_20200630_002946(4),2,2020-06-30 00:29:46,2020-06-30,3band,0.7362939715385437,reject,reject,36.0
2_002_20200630_002951(2),2,2020-06-30 00:29:51,2020-06-30,3band,0.7398444414138794,reject,reject,36.0
2_002_20200630_002955(6),2,2020-06-30 00:29:55,2020-06-30,3band,0.732785701751709,reject,reject,33.0
2_002_20200630_003000(0),2,2020-06-30 00:30:00,2020-06-30,3band,0.7326586842536926,reject,reject,38.0
2_002_20200630_043222(4),2,2020-06-30 04:32:22,2020-06-30,3band,0.7408597469329834,reject,reject,41.0
2_002_20200630_043226(7),2,2020-06-30 04:32:26,2020-06-30,3band,0.7358453869819641,reject,reject,44.0
2_002_20200630_043231(3),2,2020-06-30 04:32:31,2020-06-30,3band,0.7371295094490051,reject,reject,41.0
2_002_20200630_043235(6),2,2020-06-30 04:32:35,2020-06-30,3band,0.721569299697876,reinspect,reinspect,41.0
2_002_20200630_043240(2),2,2020-06-30 04:32:40,2020-06-30,3band,0.7243579626083374,reject,reject,41.0
2_002_20200630_043244(6),2,2020-06-30 04:32:44,2020-06-30,3band,0.746461808681488,reject,reject,39.0
2_002_20200630_083221(8),2,2020-06-30 08:32:21,2020-06-30,3band,0.7456283569335938,reject,reject,43.0
2_002_20200630_083224(8),2,2020-06-30 08:32:24,2020-06-30,3band,0.7314310073852539,reject,reject,41.0
2_002_20200630_083227(8),2,2020-06-30 08:32:27,2020-06-30,3band,0.7498964071273804,reject,reject,47.0
2_002_20200630_083230(8),2,2020-06-30 08:32:30,2020-06-30,3band,0.7401540279388428,reject,reject,46.0
2_002_20200630_083233(8),2,2020-06-30 08:32:33,2020-06-30,3band,0.7353347539901733,reject,reject,42.0
2_002_20200630_083236(8),2,2020-06-30 08:32:36,2020-06-30,3band,0.7225168943405151,reject,reject,40.0
2_002_20200630_123159(3),2,2020-06-30 12:31:59,2020-06-30,3band,0.745414137840271,reject,reject,42.0
2_002_20200630_123203(6),2,2020-06-30 12:32:03,2020-06-30,3band,0.7351779341697693,reject,reject,44.0
2_002_20200630_123232(0),2,2020-06-30 12:32:32,2020-06-30,3band,0.7370093464851379,reject,reject,44.0
2_002_20200630_123235(0),2,2020-06-30 12:32:35,2020-06-30,3band,0.7444154620170593,reject,reject,41.0
2_002_20200630_123238(0),2,2020-06-30 12:32:38,2020-06-30,3band,0.7315720319747925,reject,reject,45.0
2_002_20200630_123241(0),2,2020-06-30 12:32:41,2020-06-30,3band,0.7442294359207153,reject,reject,42.0
2_002_20200630_163105(7),2,2020-06-30 16:31:05,2020-06-30,3band,0.7164002060890198,reinspect,reinspect,41.0
2_002_20200630_163108(9),2,2020-06-30 16:31:08,2020-06-30,3band,0.747068464756012,reject,reject,39.0
2_002_20200630_163112(5),2,2020-06-30 16:31:12,2020-06-30,3band,0.7351846098899841,reject,reject,42.0
2_002_20200630_163116(0),2,2020-06-30 16:31:16,2020-06-30,3band,0.7378594875335693,reject,reject,42.0
2_002_20200630_163119(5),2,2020-06-30 16:31:19,2020-06-30,3band,0.722309410572052,reject,reject,38.0
2_002_20200630_163122(8),2,2020-06-30 16:31:22,2020-06-30,3band,0.7465257048606873,reject,reject,39.0
2_002_20200630_203013(9),2,2020-06-30 20:30:13,2020-06-30,3band,0.707413375377655,reinspect,reinspect,41.0
2_002_20200630_203018(4),2,2020-06-30 20:30:18,2020-06-30,3band,0.7302802205085754,reject,reject,41.0
2_002_20200630_203022(9),2,2020-06-30 20:30:22,2020-06-30,3band,0.7424352169036865,reject,reject,41.0
2_002_20200630_203027(4),2,2020-06-30 20:30:27,2020-06-30,3band,0.72914719581604,reject,reject,44.0
2_002_20200630_203031(8),2,2020-06-30 20:30:31,2020-06-30,3band,0.7393890023231506,reject,reject,42.0
2_002_20200630_203036(4),2,2020-06-30 20:30:36,2020-06-30,3band,0.7436988353729248,reject,reject,45.0
2_002_20200701_004107(2),2,2020-07-01 00:41:07,2020-07-01,3band,0.7429183721542358,reject,reject,39.0
2_002_20200701_004111(5),2,2020-07-01 00:41:11,2020-07-01,3band,0.7195373773574829,reinspect,reinspect,41.0
2_002_20200701_004116(1),2,2020-07-01 00:41:16,2020-07-01,3band,0.7344068288803101,reject,reject,32.0
2_002_20200701_004120(5),2,2020-07-01 00:41:20,2020-07-01,3band,0.7392964959144592,reject,reject,42.0
2_002_20200701_004125(0),2,2020-07-01 00:41:25,2020-07-01,3band,0.7496874332427979,reject,reject,38.0
2_002_20200701_004129(6),2,2020-07-01 00:41:29,2020-07-01,3band,0.7122407555580139,reinspect,reinspect,36.0
2_002_20200701_043204(8),2,2020-07-01 04:32:04,2020-07-01,3band,0.7409237623214722,reject,reject,39.0
2_002_20200701_043209(5),2,2020-07-01 04:32:09,2020-07-01,3band,0.7323793768882751,reject,reject,43.0
2_002_20200701_043213(9),2,2020-07-01 04:32:13,2020-07-01,3band,0.718360185623169,reinspect,reinspect,40.0
2_002_20200701_043218(4),2,2020-07-01 04:32:18,2020-07-01,3band,0.7262195348739624,reject,reject,40.0
2_002_20200701_043222(8),2,2020-07-01 04:32:22,2020-07-01,3band,0.7216352224349976,reinspect,reinspect,48.0
2_002_20200701_043227(2),2,2020-07-01 04:32:27,2020-07-01,3band,0.7302083373069763,reject,reject,37.0
2_002_20200701_083102(9),2,2020-07-01 08:31:02,2020-07-01,3band,0.7198377251625061,reinspect,reinspect,46.0
2_002_20200701_083105(7),2,2020-07-01 08:31:05,2020-07-01,3band,0.7476006746292114,reject,reject,46.0
2_002_20200701_083108(8),2,2020-07-01 08:31:08,2020-07-01,3band,0.7176529169082642,reinspect,reinspect,40.0
2_002_20200701_083111(8),2,2020-07-01 08:31:11,2020-07-01,3band,0.7060081362724304,reinspect,reinspect,39.0
2_002_20200701_083114(8),2,2020-07-01 08:31:14,2020-07-01,3band,0.7334643006324768,reject,reject,42.0
2_002_20200701_083117(8),2,2020-07-01 08:31:17,2020-07-01,3band,0.7245007753372192,reject,reject,42.0
2_002_20200701_123502(6),2,2020-07-01 12:35:02,2020-07-01,3band,0.729299008846283,reject,reject,38.0
2_002_20200701_123505(9),2,2020-07-01 12:35:05,2020-07-01,3band,0.7450704574584961,reject,reject,41.0
2_002_20200701_123508(7),2,2020-07-01 12:35:08,2020-07-01,3band,0.7057912349700928,reinspect,reinspect,44.0
2_002_20200701_123511(5),2,2020-07-01 12:35:11,2020-07-01,3band,0.7322165369987488,reject,reject,44.0
2_002_20200701_123514(1),2,2020-07-01 12:35:14,2020-07-01,3band,0.7400463223457336,reject,reject,44.0
2_002_20200701_123516(7),2,2020-07-01 12:35:16,2020-07-01,3band,0.7174417972564697,reinspect,reinspect,44.0
2_002_20200701_163100(6),2,2020-07-01 16:31:00,2020-07-01,3band,0.730391263961792,reject,reject,33.0
2_002_20200701_163104(5),2,2020-07-01 16:31:04,2020-07-01,3band,0.7102775573730469,reinspect,reinspect,44.0
2_002_20200701_163108(4),2,2020-07-01 16:31:08,2020-07-01,3band,0.7134413719177246,reinspect,reinspect,48.0
2_002_20200701_163112(3),2,2020-07-01 16:31:12,2020-07-01,3band,0.7360042333602905,reject,reject,38.0
2_002_20200701_163116(3),2,2020-07-01 16:31:16,2020-07-01,3band,0.7344940304756165,reject,reject,37.0
2_002_20200701_163120(4),2,2020-07-01 16:31:20,2020-07-01,3band,0.7285046577453613,reject,reject,41.0
2_002_20200701_203449(7),2,2020-07-01 20:34:49,2020-07-01,3band,0.715457558631897,reinspect,reinspect,45.0
2_002_20200701_203454(3),2,2020-07-01 20:34:54,2020-07-01,3band,0.7174971699714661,reinspect,reinspect,44.0
2_002_20200701_203458(5),2,2020-07-01 20:34:58,2020-07-01,3band,0.7311796545982361,reject,reject,41.0
2_002_20200701_203503(2),2,2020-07-01 20:35:03,2020-07-01,3band,0.7390225529670715,reject,reject,43.0
2_002_20200701_203507(7),2,2020-07-01 20:35:07,2020-07-01,3band,0.7180720567703247,reinspect,reinspect,41.0
2_002_20200701_203512(1),2,2020-07-01 20:35:12,2020-07-01,3band,0.7375399470329285,reject,reject,36.0
2_002_20200702_002959(7),2,2020-07-02 00:29:59,2020-07-02,3band,0.7132986187934875,reinspect,reinspect,39.0
2_002_20200702_003004(2),2,2020-07-02 00:30:04,2020-07-02,3band,0.7347114086151123,reject,reject,40.0
2_002_20200702_003008(7),2,2020-07-02 00:30:08,2020-07-02,3band,0.7319207191467285,reject,reject,41.0
2_002_20200702_003011(7),2,2020-07-02 00:30:11,2020-07-02,3band,0.7224417328834534,reject,reject,37.0
2_002_20200702_003016(3),2,2020-07-02 00:30:16,2020-07-02,3band,0.7351676821708679,reject,reject,44.0
2_002_20200702_003020(8),2,2020-07-02 00:30:20,2020-07-02,3band,0.7304930090904236,reject,reject,43.0
2_002_20200702_043936(2),2,2020-07-02 04:39:36,2020-07-02,3band,0.7235632538795471,reject,reject,39.0
2_002_20200702_043940(7),2,2020-07-02 04:39:40,2020-07-02,3band,0.7399149537086487,reject,reject,40.0
2_002_20200702_043945(1),2,2020-07-02 04:39:45,2020-07-02,3band,0.7308387160301208,reject,reject,40.0
2_002_20200702_043949(6),2,2020-07-02 04:39:49,2020-07-02,3band,0.7300856113433838,reject,reject,40.0
2_002_20200702_043954(0),2,2020-07-02 04:39:54,2020-07-02,3band,0.7243682146072388,reject,reject,39.0
2_002_20200702_043958(5),2,2020-07-02 04:39:58,2020-07-02,3band,0.7369872331619263,reject,reject,41.0
2_002_20200706_083210(1),2,2020-07-06 08:32:10,2020-07-06,3band,0.7284586429595947,reject,reject,38.0
2_002_20200706_083227(7),2,2020-07-06 08:32:27,2020-07-06,3band,0.7144759893417358,reinspect,reinspect,42.0
2_002_20200706_083231(8),2,2020-07-06 08:32:31,2020-07-06,3band,0.7479089498519897,reject,reject,41.0
2_002_20200706_083234(7),2,2020-07-06 08:32:34,2020-07-06,3band,0.7243655323982239,reject,reject,43.0
2_002_20200706_083237(9),2,2020-07-06 08:32:37,2020-07-06,3band,0.7093465924263,reinspect,reinspect,40.0
2_002_20200706_083241(0),2,2020-07-06 08:32:41,2020-07-06,3band,0.7203974723815918,reinspect,reinspect,39.0
2_002_20200706_123239(6),2,2020-07-06 12:32:39,2020-07-06,3band,0.7016575336456299,reinspect,reinspect,34.0
2_002_20200706_123242(9),2,2020-07-06 12:32:42,2020-07-06,3band,0.7265392541885376,reject,reject,40.0
2_002_20200706_123246(0),2,2020-07-06 12:32:46,2020-07-06,3band,0.7395932674407959,reject,reject,43.0
2_002_20200706_123251(3),2,2020-07-06 12:32:51,2020-07-06,3band,0.738631546497345,reject,reject,36.0
2_002_20200706_123254(7),2,2020-07-06 12:32:54,2020-07-06,3band,0.7266731858253479,reject,reject,38.0
2_002_20200706_123258(0),2,2020-07-06 12:32:58,2020-07-06,3band,0.7157836556434631,reinspect,reinspect,41.0
2_002_20200706_163440(6),2,2020-07-06 16:34:40,2020-07-06,3band,0.7317743897438049,reject,reject,42.0
2_002_20200706_163443(7),2,2020-07-06 16:34:43,2020-07-06,3band,0.7115418910980225,reinspect,reinspect,42.0
2_002_20200706_163446(4),2,2020-07-06 16:34:46,2020-07-06,3band,0.730371356010437,reject,reject,46.0
2_002_20200706_163449(2),2,2020-07-06 16:34:49,2020-07-06,3band,0.7308010458946228,reject,reject,42.0
2_002_20200706_163452(0),2,2020-07-06 16:34:52,2020-07-06,3band,0.71452397108078,reinspect,reinspect,38.0
2_002_20200706_163454(6),2,2020-07-06 16:34:54,2020-07-06,3band,0.7229852676391602,reject,reject,46.0
2_002_20200706_203227(3),2,2020-07-06 20:32:27,2020-07-06,3band,0.7144463658332825,reinspect,reinspect,39.0
2_002_20200706_203230(6),2,2020-07-06 20:32:30,2020-07-06,3band,0.7169124484062195,reinspect,reinspect,37.0
2_002_20200706_203233(8),2,2020-07-06 20:32:33,2020-07-06,3band,0.7216708660125732,reinspect,reinspect,41.0
2_002_20200706_203236(9),2,2020-07-06 20:32:36,2020-07-06,3band,0.726689875125885,reject,reject,43.0
2_002_20200706_203240(1),2,2020-07-06 20:32:40,2020-07-06,3band,0.7202345728874207,reinspect,reinspect,44.0
2_002_20200706_203243(4),2,2020-07-06 20:32:43,2020-07-06,3band,0.7152276635169983,reinspect,reinspect,38.0
2_002_20200707_003521(0),2,2020-07-07 00:35:21,2020-07-07,3band,0.7365155816078186,reject,reject,41.0
2_002_20200707_003525(0),2,2020-07-07 00:35:25,2020-07-07,3band,0.726684033870697,reject,reject,41.0
2_002_20200707_003529(0),2,2020-07-07 00:35:29,2020-07-07,3band,0.705184817314148,reinspect,reinspect,39.0
2_002_20200707_003533(0),2,2020-07-07 00:35:33,2020-07-07,3band,0.7370328307151794,reject,reject,46.0
2_002_20200707_003537(1),2,2020-07-07 00:35:37,2020-07-07,3band,0.7382121086120605,reject,reject,44.0
2_002_20200707_003541(1),2,2020-07-07 00:35:41,2020-07-07,3band,0.7273561358451843,reject,reject,45.0
2_002_20200707_043655(6),2,2020-07-07 04:36:55,2020-07-07,3band,0.7415664196014404,reject,reject,42.0
2_002_20200707_043659(3),2,2020-07-07 04:36:59,2020-07-07,3band,0.7432515621185303,reject,reject,42.0
2_002_20200707_043703(4),2,2020-07-07 04:37:03,2020-07-07,3band,0.718267560005188,reinspect,reinspect,37.0
2_002_20200707_043707(4),2,2020-07-07 04:37:07,2020-07-07,3band,0.7381975054740906,reject,reject,40.0
2_002_20200707_043711(3),2,2020-07-07 04:37:11,2020-07-07,3band,0.7429820895195007,reject,reject,40.0
2_002_20200707_043715(5),2,2020-07-07 04:37:15,2020-07-07,3band,0.7341195344924927,reject,reject,36.0
2_002_20200707_083236(0),2,2020-07-07 08:32:36,2020-07-07,3band,0.7421384453773499,reject,reject,42.0
2_002_20200707_083240(0),2,2020-07-07 08:32:40,2020-07-07,3band,0.7332674264907837,reject,reject,39.0
2_002_20200707_083246(1),2,2020-07-07 08:32:46,2020-07-07,3band,0.7372039556503296,reject,reject,43.0
2_002_20200707_083250(0),2,2020-07-07 08:32:50,2020-07-07,3band,0.7165418267250061,reinspect,reinspect,40.0
2_002_20200707_083254(0),2,2020-07-07 08:32:54,2020-07-07,3band,0.7336810827255249,reject,reject,39.0
2_002_20200707_083258(1),2,2020-07-07 08:32:58,2020-07-07,3band,0.7158817648887634,reinspect,reinspect,41.0
2_002_20200707_123354(0),2,2020-07-07 12:33:54,2020-07-07,3band,0.725368082523346,reject,reject,35.0
2_002_20200707_123358(1),2,2020-07-07 12:33:58,2020-07-07,3band,0.7108538150787354,reinspect,reinspect,38.0
2_002_20200707_123402(0),2,2020-07-07 12:34:02,2020-07-07,3band,0.7375333309173584,reject,reject,37.0
2_002_20200707_123408(2),2,2020-07-07 12:34:08,2020-07-07,3band,0.7078847289085388,reinspect,reinspect,39.0
2_002_20200707_123412(1),2,2020-07-07 12:34:12,2020-07-07,3band,0.7484288215637207,reject,reject,40.0
2_002_20200707_123416(0),2,2020-07-07 12:34:16,2020-07-07,3band,0.7481852173805237,reject,reject,45.0
2_002_20200708_092945(9),2,2020-07-08 09:29:45,2020-07-08,3band,0.7197232842445374,reinspect,reinspect,38.0
2_002_20200708_092949(9),2,2020-07-08 09:29:49,2020-07-08,3band,0.731353759765625,reject,reject,40.0
2_002_20200708_092953(7),2,2020-07-08 09:29:53,2020-07-08,3band,0.7373676300048828,reject,reject,37.0
2_002_20200708_092957(7),2,2020-07-08 09:29:57,2020-07-08,3band,0.7100622057914734,reinspect,reinspect,41.0
2_002_20200708_093001(9),2,2020-07-08 09:30:01,2020-07-08,3band,0.7283596396446228,reject,reject,41.0
2_002_20200708_093005(8),2,2020-07-08 09:30:05,2020-07-08,3band,0.7205977439880371,reinspect,reinspect,39.0
2_002_20200708_123021(9),2,2020-07-08 12:30:21,2020-07-08,3band,0.7416025996208191,reject,reject,39.0
2_002_20200708_123025(7),2,2020-07-08 12:30:25,2020-07-08,3band,0.7250872254371643,reject,reject,36.0
2_002_20200708_123029(7),2,2020-07-08 12:30:29,2020-07-08,3band,0.7340956330299377,reject,reject,41.0
2_002_20200708_123034(0),2,2020-07-08 12:30:34,2020-07-08,3band,0.7349043488502502,reject,reject,38.0
2_002_20200708_123037(8),2,2020-07-08 12:30:37,2020-07-08,3band,0.7345361113548279,reject,reject,41.0
2_002_20200708_123041(7),2,2020-07-08 12:30:41,2020-07-08,3band,0.7385094165802002,reject,reject,40.0
2_002_20200708_163937(6),2,2020-07-08 16:39:37,2020-07-08,3band,0.723691999912262,reject,reject,40.0
2_002_20200708_163941(4),2,2020-07-08 16:39:41,2020-07-08,3band,0.7395275235176086,reject,reject,40.0
2_002_20200708_163945(4),2,2020-07-08 16:39:45,2020-07-08,3band,0.7219884991645813,reinspect,reinspect,41.0
2_002_20200708_163949(4),2,2020-07-08 16:39:49,2020-07-08,3band,0.7231701612472534,reject,reject,38.0
2_002_20200708_163953(3),2,2020-07-08 16:39:53,2020-07-08,3band,0.7448097467422485,reject,reject,38.0
2_002_20200708_163957(5),2,2020-07-08 16:39:57,2020-07-08,3band,0.7118520140647888,reinspect,reinspect,39.0
2_002_20200708_203125(0),2,2020-07-08 20:31:25,2020-07-08,3band,0.7369124889373779,reject,reject,46.0
2_002_20200708_203128(9),2,2020-07-08 20:31:28,2020-07-08,3band,0.7259331345558167,reject,reject,40.0
2_002_20200708_203132(7),2,2020-07-08 20:31:32,2020-07-08,3band,0.7326695919036865,reject,reject,40.0
2_002_20200708_203136(7),2,2020-07-08 20:31:36,2020-07-08,3band,0.7377169132232666,reject,reject,39.0
2_002_20200708_203140(7),2,2020-07-08 20:31:40,2020-07-08,3band,0.7305058240890503,reject,reject,43.0
2_002_20200708_203144(7),2,2020-07-08 20:31:44,2020-07-08,3band,0.7365171909332275,reject,reject,44.0
2_002_20200713_091056(8),2,2020-07-13 09:10:56,2020-07-13,3band,0.732514500617981,reject,reject,41.0
2_002_20200713_091100(5),2,2020-07-13 09:11:00,2020-07-13,3band,0.7436935305595398,reject,reject,44.0
2_002_20200713_091103(8),2,2020-07-13 09:11:03,2020-07-13,3band,0.7416431307792664,reject,reject,39.0
2_002_20200713_091106(9),2,2020-07-13 09:11:06,2020-07-13,3band,0.7431246638298035,reject,reject,36.0
2_002_20200713_091109(9),2,2020-07-13 09:11:09,2020-07-13,3band,0.7459821701049805,reject,reject,40.0
2_002_20200713_091112(5),2,2020-07-13 09:11:12,2020-07-13,3band,0.7264339327812195,reject,reject,41.0
2_002_20200713_123358(8),2,2020-07-13 12:33:58,2020-07-13,3band,0.7049672603607178,reinspect,reinspect,43.0
2_002_20200713_123403(4),2,2020-07-13 12:34:03,2020-07-13,3band,0.7304968237876892,reject,reject,39.0
2_002_20200713_123408(0),2,2020-07-13 12:34:08,2020-07-13,3band,0.7442900538444519,reject,reject,44.0
2_002_20200713_123412(4),2,2020-07-13 12:34:12,2020-07-13,3band,0.7319810390472412,reject,reject,41.0
2_002_20200713_123416(9),2,2020-07-13 12:34:16,2020-07-13,3band,0.7203477621078491,reinspect,reinspect,41.0
2_002_20200713_123421(4),2,2020-07-13 12:34:21,2020-07-13,3band,0.7228198051452637,reject,reject,44.0
2_002_20200713_163753(9),2,2020-07-13 16:37:53,2020-07-13,3band,0.7348338961601257,reject,reject,42.0
2_002_20200713_163814(8),2,2020-07-13 16:38:14,2020-07-13,3band,0.7162474989891052,reinspect,reinspect,41.0
2_002_20200713_163819(2),2,2020-07-13 16:38:19,2020-07-13,3band,0.7480475306510925,reject,reject,40.0
2_002_20200713_163823(7),2,2020-07-13 16:38:23,2020-07-13,3band,0.7407348155975342,reject,reject,38.0
2_002_20200713_163828(2),2,2020-07-13 16:38:28,2020-07-13,3band,0.7342770099639893,reject,reject,44.0
2_002_20200713_163832(8),2,2020-07-13 16:38:32,2020-07-13,3band,0.7075929641723633,reinspect,reinspect,42.0
2_002_20200713_202718(1),2,2020-07-13 20:27:18,2020-07-13,3band,0.7373136878013611,reject,reject,35.0
2_002_20200713_202722(5),2,2020-07-13 20:27:22,2020-07-13,3band,0.7369001507759094,reject,reject,40.0
2_002_20200713_202726(9),2,2020-07-13 20:27:26,2020-07-13,3band,0.7120267152786255,reinspect,reinspect,37.0
2_002_20200713_202731(4),2,2020-07-13 20:27:31,2020-07-13,3band,0.708291232585907,reinspect,reinspect,44.0
2_002_20200713_202735(9),2,2020-07-13 20:27:35,2020-07-13,3band,0.7259756326675415,reject,reject,39.0
2_002_20200713_202743(4),2,2020-07-13 20:27:43,2020-07-13,3band,0.7392176389694214,reject,reject,42.0
2_002_20200714_002857(2),2,2020-07-14 00:28:57,2020-07-14,3band,0.7424687743186951,reject,reject,40.0
2_002_20200714_002901(5),2,2020-07-14 00:29:01,2020-07-14,3band,0.7344325184822083,reject,reject,36.0
2_002_20200714_002904(6),2,2020-07-14 00:29:04,2020-07-14,3band,0.7361595034599304,reject,reject,38.0
2_002_20200714_002907(5),2,2020-07-14 00:29:07,2020-07-14,3band,0.7443649768829346,reject,reject,40.0
2_002_20200714_002910(7),2,2020-07-14 00:29:10,2020-07-14,3band,0.7382158041000366,reject,reject,46.0
2_002_20200714_002915(0),2,2020-07-14 00:29:15,2020-07-14,3band,0.7174232602119446,reinspect,reinspect,44.0
2_002_20200714_043014(3),2,2020-07-14 04:30:14,2020-07-14,3band,0.734479546546936,reject,reject,44.0
2_002_20200714_043020(0),2,2020-07-14 04:30:20,2020-07-14,3band,0.7330974340438843,reject,reject,42.0
2_002_20200714_043024(4),2,2020-07-14 04:30:24,2020-07-14,3band,0.7120621204376221,reinspect,reinspect,35.0
2_002_20200714_043029(1),2,2020-07-14 04:30:29,2020-07-14,3band,0.7318820357322693,reject,reject,38.0
2_002_20200714_043033(4),2,2020-07-14 04:30:33,2020-07-14,3band,0.7297844290733337,reject,reject,34.0
2_002_20200714_043037(9),2,2020-07-14 04:30:37,2020-07-14,3band,0.7362058162689209,reject,reject,39.0
2_002_20200714_230002(9),2,2020-07-14 23:00:02,2020-07-14,3band,0.721829354763031,reinspect,reinspect,39.0
2_002_20200714_230006(3),2,2020-07-14 23:00:06,2020-07-14,3band,0.7409281730651855,reject,reject,37.0
2_002_20200714_230010(7),2,2020-07-14 23:00:10,2020-07-14,3band,0.7437312006950378,reject,reject,34.0
2_002_20200714_230014(1),2,2020-07-14 23:00:14,2020-07-14,3band,0.7325380444526672,reject,reject,39.0
2_002_20200714_230017(3),2,2020-07-14 23:00:17,2020-07-14,3band,0.7409712672233582,reject,reject,42.0
2_002_20200714_230020(6),2,2020-07-14 23:00:20,2020-07-14,3band,0.7351883053779602,reject,reject,43.0
2_002_20200715_002706(2),2,2020-07-15 00:27:06,2020-07-15,3band,0.7332267165184021,reject,reject,39.0
2_002_20200715_002710(7),2,2020-07-15 00:27:10,2020-07-15,3band,0.7366907596588135,reject,reject,40.0
2_002_20200715_002715(0),2,2020-07-15 00:27:15,2020-07-15,3band,0.7120525240898132,reinspect,reinspect,41.0
2_002_20200715_002719(6),2,2020-07-15 00:27:19,2020-07-15,3band,0.7305253744125366,reject,reject,36.0
2_002_20200715_002728(6),2,2020-07-15 00:27:28,2020-07-15,3band,0.7308571338653564,reject,reject,43.0
2_002_20200715_002733(1),2,2020-07-15 00:27:33,2020-07-15,3band,0.7411933541297913,reject,reject,38.0
2_002_20200715_042403(8),2,2020-07-15 04:24:03,2020-07-15,3band,0.7287120819091797,reject,reject,39.0
2_002_20200715_042408(4),2,2020-07-15 04:24:08,2020-07-15,3band,0.7365678548812866,reject,reject,39.0
2_002_20200715_042412(9),2,2020-07-15 04:24:12,2020-07-15,3band,0.7353195548057556,reject,reject,40.0
2_002_20200715_042417(3),2,2020-07-15 04:24:17,2020-07-15,3band,0.7450467348098755,reject,reject,39.0
2_002_20200715_042421(7),2,2020-07-15 04:24:21,2020-07-15,3band,0.7313279509544373,reject,reject,43.0
2_002_20200715_042426(3),2,2020-07-15 04:24:26,2020-07-15,3band,0.7234417200088501,reject,reject,40.0
2_002_20200715_083106(3),2,2020-07-15 08:31:06,2020-07-15,3band,0.7231132388114929,reject,reject,37.0
2_002_20200715_083109(1),2,2020-07-15 08:31:09,2020-07-15,3band,0.718904972076416,reinspect,reinspect,45.0
2_002_20200715_083113(8),2,2020-07-15 08:31:13,2020-07-15,3band,0.7303730845451355,reject,reject,38.0
2_002_20200715_083118(3),2,2020-07-15 08:31:18,2020-07-15,3band,0.7176701426506042,reinspect,reinspect,41.0
2_002_20200715_083122(8),2,2020-07-15 08:31:22,2020-07-15,3band,0.7163335084915161,reinspect,reinspect,41.0
2_002_20200715_083127(3),2,2020-07-15 08:31:27,2020-07-15,3band,0.7401973009109497,reject,reject,45.0
2_002_20200721_163536(6),2,2020-07-21 16:35:36,2020-07-21,3band,0.727769136428833,reject,reject,41.0
2_002_20200721_163539(9),2,2020-07-21 16:35:39,2020-07-21,1band,0.7468110918998718,reject,reject,40.0
2_002_20200721_163543(2),2,2020-07-21 16:35:43,2020-07-21,3band,0.7464599013328552,reject,reject,40.0
2_002_20200721_163548(0),2,2020-07-21 16:35:48,2020-07-21,1band,0.730356752872467,reject,reject,41.0
2_002_20200721_163551(3),2,2020-07-21 16:35:51,2020-07-21,1band,0.7117506861686707,reinspect,reinspect,41.0
2_002_20200721_163554(6),2,2020-07-21 16:35:54,2020-07-21,1band,0.7429926991462708,reject,reject,47.0
2_002_20200722_003424(1),2,2020-07-22 00:34:24,2020-07-22,1band,0.7187141180038452,reinspect,reinspect,36.0
2_002_20200722_003428(4),2,2020-07-22 00:34:28,2020-07-22,1band,0.7224665880203247,reject,reject,43.0
2_002_20200722_043525(6),2,2020-07-22 04:35:25,2020-07-22,1band,0.7416743636131287,reject,reject,41.0
2_002_20200722_043529(9),2,2020-07-22 04:35:29,2020-07-22,1band,0.7285959720611572,reject,reject,41.0
2_002_20200722_083350(7),2,2020-07-22 08:33:50,2020-07-22,1band,0.7209083437919617,reinspect,reinspect,39.0
2_002_20200722_083355(2),2,2020-07-22 08:33:55,2020-07-22,1band,0.7240583896636963,reject,reject,42.0
2_002_20200722_131101(2),2,2020-07-22 13:11:01,2020-07-22,3band,0.7209325432777405,reinspect,reinspect,37.0
2_002_20200722_131105(7),2,2020-07-22 13:11:05,2020-07-22,1band,0.7249379754066467,reject,reject,37.0
2_002_20200722_163020(9),2,2020-07-22 16:30:20,2020-07-22,1band,0.7213034629821777,reinspect,reinspect,33.0
2_002_20200722_163034(4),2,2020-07-22 16:30:34,2020-07-22,1band,0.7283090353012085,reject,reject,39.0
2_002_20200723_003123(9),2,2020-07-23 00:31:23,2020-07-23,1band,0.730452299118042,reject,reject,44.0
2_002_20200723_003128(3),2,2020-07-23 00:31:28,2020-07-23,1band,0.7267037630081177,reject,reject,42.0
2_002_20200723_043243(7),2,2020-07-23 04:32:43,2020-07-23,1band,0.721924364566803,reinspect,reinspect,37.0
2_002_20200723_043248(3),2,2020-07-23 04:32:48,2020-07-23,1band,0.737109363079071,reject,reject,37.0
2_002_20200723_082414(2),2,2020-07-23 08:24:14,2020-07-23,1band,0.7354986071586609,reject,reject,38.0
2_002_20200723_082418(9),2,2020-07-23 08:24:18,2020-07-23,1band,0.7231582999229431,reject,reject,37.0
2_002_20200723_123231(8),2,2020-07-23 12:32:31,2020-07-23,1band,0.7314000725746155,reject,reject,36.0
2_002_20200723_123236(1),2,2020-07-23 12:32:36,2020-07-23,1band,0.7327819466590881,reject,reject,38.0
2_002_20200723_163042(4),2,2020-07-23 16:30:42,2020-07-23,1band,0.726972222328186,reject,reject,38.0
2_002_20200723_163045(7),2,2020-07-23 16:30:45,2020-07-23,1band,0.7225295305252075,reject,reject,38.0
2_002_20200723_203159(2),2,2020-07-23 20:31:59,2020-07-23,1band,0.7331830859184265,reject,reject,44.0
2_002_20200723_203202(3),2,2020-07-23 20:32:02,2020-07-23,1band,0.7395761609077454,reject,reject,41.0
2_002_20200724_003143(3),2,2020-07-24 00:31:43,2020-07-24,1band,0.7277326583862305,reject,reject,36.0
2_002_20200724_003148(0),2,2020-07-24 00:31:48,2020-07-24,1band,0.7216973900794983,reinspect,reinspect,42.0
2_002_20200727_091734(5),2,2020-07-27 09:17:34,2020-07-27,1band,0.7374064326286316,reject,reject,39.0
2_002_20200727_091737(7),2,2020-07-27 09:17:37,2020-07-27,1band,0.7285011410713196,reject,reject,37.0
2_002_20200727_123224(5),2,2020-07-27 12:32:24,2020-07-27,1band,0.7403898239135742,reject,reject,39.0
2_002_20200727_123227(4),2,2020-07-27 12:32:27,2020-07-27,1band,0.7305878400802612,reject,reject,42.0
2_002_20200727_163325(2),2,2020-07-27 16:33:25,2020-07-27,1band,0.7351899743080139,reject,reject,39.0
2_002_20200727_163329(7),2,2020-07-27 16:33:29,2020-07-27,1band,0.7358194589614868,reject,reject,40.0
2_002_20200727_204743(0),2,2020-07-27 20:47:43,2020-07-27,1band,0.7265171408653259,reject,reject,44.0
2_002_20200727_204746(6),2,2020-07-27 20:47:46,2020-07-27,1band,0.7399343848228455,reject,reject,43.0
2_002_20200728_014158(9),2,2020-07-28 01:41:58,2020-07-28,1band,0.7284982800483704,reject,reject,39.0
2_002_20200728_014203(2),2,2020-07-28 01:42:03,2020-07-28,1band,0.726365327835083,reject,reject,38.0
2_002_20200728_043429(7),2,2020-07-28 04:34:29,2020-07-28,1band,0.7209264039993286,reinspect,reinspect,47.0
2_002_20200728_043435(6),2,2020-07-28 04:34:35,2020-07-28,1band,0.7167497873306274,reinspect,reinspect,42.0
2_002_20200728_083031(3),2,2020-07-28 08:30:31,2020-07-28,1band,0.7314763069152832,reject,reject,46.0
2_002_20200728_083035(2),2,2020-07-28 08:30:35,2020-07-28,1band,0.7379165291786194,reject,reject,42.0
2_002_20200728_123102(5),2,2020-07-28 12:31:02,2020-07-28,1band,0.7274977564811707,reject,reject,38.0
2_002_20200728_123106(5),2,2020-07-28 12:31:06,2020-07-28,1band,0.7332574725151062,reject,reject,41.0
2_002_20200728_163706(6),2,2020-07-28 16:37:06,2020-07-28,1band,0.734900951385498,reject,reject,48.0
2_002_20200728_163710(5),2,2020-07-28 16:37:10,2020-07-28,1band,0.7196147441864014,reinspect,reinspect,45.0
2_002_20200810_084910(4),2,2020-08-10 08:49:10,2020-08-10,1band,0.7302913665771484,reject,reject,46.0
2_002_20200810_084913(2),2,2020-08-10 08:49:13,2020-08-10,1band,0.7267656326293945,reject,reject,46.0
2_002_20200810_123005(5),2,2020-08-10 12:30:05,2020-08-10,1band,0.7339808344841003,reject,reject,42.0
2_002_20200810_123009(4),2,2020-08-10 12:30:09,2020-08-10,1band,0.7247257232666016,reject,reject,43.0
2_002_20200810_163043(1),2,2020-08-10 16:30:43,2020-08-10,1band,0.7314176559448242,reject,reject,48.0
2_002_20200810_163047(0),2,2020-08-10 16:30:47,2020-08-10,1band,0.7339390516281128,reject,reject,40.0
2_002_20200810_203016(8),2,2020-08-10 20:30:16,2020-08-10,1band,0.719778835773468,reinspect,reinspect,49.0
2_002_20200810_203020(9),2,2020-08-10 20:30:20,2020-08-10,1band,0.7268690466880798,reject,reject,47.0
2_002_20200811_002929(3),2,2020-08-11 00:29:29,2020-08-11,1band,0.7085528373718262,reinspect,reinspect,42.0
2_002_20200811_002936(8),2,2020-08-11 00:29:36,2020-08-11,3band,0.7232663631439209,reject,reject,42.0
2_002_20200814_032826(3),2,2020-08-14 03:28:26,2020-08-14,1band,0.7259055972099304,reject,reject,42.0
2_002_20200814_032835(5),2,2020-08-14 03:28:35,2020-08-14,1band,0.7346727252006531,reject,reject,50.0
2_002_20200814_043103(6),2,2020-08-14 04:31:03,2020-08-14,1band,0.7309841513633728,reject,reject,48.0
2_002_20200814_043115(5),2,2020-08-14 04:31:15,2020-08-14,1band,0.7239441871643066,reject,reject,44.0
2_002_20200814_083411(8),2,2020-08-14 08:34:11,2020-08-14,1band,0.7154954075813293,reinspect,reinspect,41.0
2_002_20200814_083414(7),2,2020-08-14 08:34:14,2020-08-14,1band,0.7196205258369446,reinspect,reinspect,44.0
2_002_20200814_123224(3),2,2020-08-14 12:32:24,2020-08-14,1band,0.7441847324371338,reject,reject,46.0
2_002_20200814_123228(8),2,2020-08-14 12:32:28,2020-08-14,1band,0.7267624735832214,reject,reject,52.0
2_002_20200814_163309(9),2,2020-08-14 16:33:09,2020-08-14,1band,0.7368751168251038,reject,reject,42.0
2_002_20200814_163312(9),2,2020-08-14 16:33:12,2020-08-14,1band,0.721035897731781,reinspect,reinspect,40.0
2_002_20200814_203248(3),2,2020-08-14 20:32:48,2020-08-14,1band,0.7271763682365417,reject,reject,46.0
2_002_20200814_203255(7),2,2020-08-14 20:32:55,2020-08-14,1band,0.726580798625946,reject,reject,44.0
2_002_20200815_003211(1),2,2020-08-15 00:32:11,2020-08-15,1band,0.7287918329238892,reject,reject,44.0
2_002_20200815_003217(4),2,2020-08-15 00:32:17,2020-08-15,1band,0.7313348054885864,reject,reject,42.0
2_002_20200818_123445(7),2,2020-08-18 12:34:45,2020-08-18,1band,0.7064297795295715,reinspect,reinspect,44.0
2_002_20200818_123452(1),2,2020-08-18 12:34:52,2020-08-18,1band,0.7395442128181458,reject,reject,44.0
2_002_20200818_163006(5),2,2020-08-18 16:30:06,2020-08-18,1band,0.7294480204582214,reject,reject,43.0
2_002_20200818_163014(5),2,2020-08-18 16:30:14,2020-08-18,1band,0.7386197447776794,reject,reject,44.0
2_002_20200818_203329(0),2,2020-08-18 20:33:29,2020-08-18,1band,0.7357486486434937,reject,reject,42.0
2_002_20200818_203333(4),2,2020-08-18 20:33:33,2020-08-18,1band,0.7334065437316895,reject,reject,47.0
2_002_20200819_003211(0),2,2020-08-19 00:32:11,2020-08-19,1band,0.7371625900268555,reject,reject,44.0
2_002_20200819_003213(8),2,2020-08-19 00:32:13,2020-08-19,1band,0.7269622087478638,reject,reject,43.0
2_002_20200819_043343(8),2,2020-08-19 04:33:43,2020-08-19,1band,0.733330249786377,reject,reject,40.0
2_002_20200819_043346(8),2,2020-08-19 04:33:46,2020-08-19,1band,0.7259678840637207,reject,reject,40.0
2_002_20200819_083326(7),2,2020-08-19 08:33:26,2020-08-19,1band,0.7358823418617249,reject,reject,40.0
2_002_20200819_083328(5),2,2020-08-19 08:33:28,2020-08-19,1band,0.7358255982398987,reject,reject,42.0
2_002_20200819_124217(5),2,2020-08-19 12:42:17,2020-08-19,1band,0.7434649467468262,reject,reject,42.0
2_002_20200819_124225(2),2,2020-08-19 12:42:25,2020-08-19,1band,0.7295984029769897,reject,reject,42.0
2_002_20200819_162523(2),2,2020-08-19 16:25:23,2020-08-19,3band,0.7308214902877808,reject,reject,41.0
2_002_20200819_162527(8),2,2020-08-19 16:25:27,2020-08-19,1band,0.719658613204956,reinspect,reinspect,42.0
2_002_20200821_150506(5),2,2020-08-21 15:05:06,2020-08-21,1band,0.7316842079162598,reject,reject,46.0
2_002_20200821_150510(6),2,2020-08-21 15:05:10,2020-08-21,1band,0.7371433973312378,reject,reject,40.0
2_002_20200821_163435(4),2,2020-08-21 16:34:35,2020-08-21,1band,0.7289605140686035,reject,reject,40.0
2_002_20200821_163441(6),2,2020-08-21 16:34:41,2020-08-21,1band,0.7234569787979126,reject,reject,38.0
2_002_20200821_203925(1),2,2020-08-21 20:39:25,2020-08-21,1band,0.7095445990562439,reinspect,reinspect,45.0
2_002_20200821_203927(9),2,2020-08-21 20:39:27,2020-08-21,1band,0.7243610620498657,reject,reject,42.0
2_002_20200826_023149(2),2,2020-08-26 02:31:49,2020-08-26,1band,0.7233812212944031,reject,reject,35.0
2_002_20200826_023154(4),2,2020-08-26 02:31:54,2020-08-26,3band,0.7337794899940491,reject,reject,39.0
2_002_20200826_043116(7),2,2020-08-26 04:31:16,2020-08-26,1band,0.7326237559318542,reject,reject,44.0
2_002_20200826_043121(1),2,2020-08-26 04:31:21,2020-08-26,1band,0.7241194844245911,reject,reject,38.0
2_002_20200826_123512(3),2,2020-08-26 12:35:12,2020-08-26,3band,0.7366726398468018,reject,reject,40.0
2_002_20200826_123515(1),2,2020-08-26 12:35:15,2020-08-26,1band,0.729127824306488,reject,reject,43.0
2_002_20200826_163123(8),2,2020-08-26 16:31:23,2020-08-26,1band,0.7458579540252686,reject,reject,36.0
2_002_20200826_163126(9),2,2020-08-26 16:31:26,2020-08-26,1band,0.7210099697113037,reinspect,reinspect,35.0
2_002_20200828_002838(9),2,2020-08-28 00:28:38,2020-08-28,1band,0.7115296125411987,reinspect,reinspect,35.0
2_002_20200828_002842(8),2,2020-08-28 00:28:42,2020-08-28,1band,0.7315976619720459,reject,reject,38.0
2_002_20200831_083537(6),2,2020-08-31 08:35:37,2020-08-31,3band,0.6811953783035278,reinspect,reinspect,37.0
2_002_20200831_083543(5),2,2020-08-31 08:35:43,2020-08-31,1band,0.7358685731887817,reject,reject,40.0
2_002_20200831_123129(1),2,2020-08-31 12:31:29,2020-08-31,1band,0.7443757057189941,reject,reject,34.0
2_002_20200831_123136(7),2,2020-08-31 12:31:36,2020-08-31,1band,0.7166777849197388,reinspect,reinspect,44.0
2_002_20200901_003145(6),2,2020-09-01 00:31:45,2020-09-01,1band,0.7185760736465454,reinspect,reinspect,43.0
2_002_20200901_083212(5),2,2020-09-01 08:32:12,2020-09-01,1band,0.7166947722434998,reinspect,reinspect,38.0
2_002_20200901_123055(9),2,2020-09-01 12:30:55,2020-09-01,3band,0.7191188335418701,reinspect,reinspect,37.0
2_002_20200901_191354(2),2,2020-09-01 19:13:54,2020-09-01,1band,0.7152369618415833,reinspect,reinspect,40.0
2_002_20200901_203328(4),2,2020-09-01 20:33:28,2020-09-01,3band,0.7202581763267517,reinspect,reinspect,43.0
2_002_20200901_203332(1),2,2020-09-01 20:33:32,2020-09-01,1band,0.7282110452651978,reject,reject,44.0
2_002_20200901_203335(1),2,2020-09-01 20:33:35,2020-09-01,1band,0.7244438529014587,reject,reject,39.0
2_002_20200901_203338(1),2,2020-09-01 20:33:38,2020-09-01,1band,0.7337222695350647,reject,reject,37.0
2_002_20200901_203341(0),2,2020-09-01 20:33:41,2020-09-01,1band,0.7275298833847046,reject,reject,39.0
2_002_20200901_203343(7),2,2020-09-01 20:33:43,2020-09-01,1band,0.7244409918785095,reject,reject,40.0
2_002_20200902_003149(5),2,2020-09-02 00:31:49,2020-09-02,1band,0.7103666067123413,reinspect,reinspect,42.0
2_002_20200902_003152(5),2,2020-09-02 00:31:52,2020-09-02,1band,0.7298299670219421,reject,reject,38.0
2_002_20200902_003155(5),2,2020-09-02 00:31:55,2020-09-02,1band,0.7089357376098633,reinspect,reinspect,36.0
2_002_20200902_003158(2),2,2020-09-02 00:31:58,2020-09-02,1band,0.721916675567627,reinspect,reinspect,41.0
2_002_20200902_003200(9),2,2020-09-02 00:32:00,2020-09-02,1band,0.7215357422828674,reinspect,reinspect,45.0
2_002_20200902_003203(7),2,2020-09-02 00:32:03,2020-09-02,1band,0.7175462245941162,reinspect,reinspect,45.0
2_002_20200902_043143(0),2,2020-09-02 04:31:43,2020-09-02,1band,0.7090322971343994,reinspect,reinspect,38.0
2_002_20200902_043145(9),2,2020-09-02 04:31:45,2020-09-02,1band,0.7179998159408569,reinspect,reinspect,40.0
2_002_20200902_043148(8),2,2020-09-02 04:31:48,2020-09-02,1band,0.7279229164123535,reject,reject,40.0
2_002_20200902_043151(7),2,2020-09-02 04:31:51,2020-09-02,1band,0.7134807705879211,reinspect,reinspect,42.0
2_002_20200902_043154(5),2,2020-09-02 04:31:54,2020-09-02,1band,0.7166666984558105,reinspect,reinspect,41.0
2_002_20200902_043157(3),2,2020-09-02 04:31:57,2020-09-02,1band,0.6998425126075745,reinspect,reinspect,40.0
2_002_20200902_082641(4),2,2020-09-02 08:26:41,2020-09-02,1band,0.7496618628501892,reject,reject,39.0
2_002_20200902_082645(7),2,2020-09-02 08:26:45,2020-09-02,1band,0.7469162344932556,reject,reject,41.0
2_002_20200902_082650(0),2,2020-09-02 08:26:50,2020-09-02,1band,0.7241776585578918,reject,reject,42.0
2_002_20200902_082654(4),2,2020-09-02 08:26:54,2020-09-02,1band,0.733116626739502,reject,reject,39.0
2_002_20200902_082658(4),2,2020-09-02 08:26:58,2020-09-02,1band,0.7273315787315369,reject,reject,40.0
2_002_20200902_082702(8),2,2020-09-02 08:27:02,2020-09-02,1band,0.728318452835083,reject,reject,42.0
2_002_20200904_230043(1),2,2020-09-04 23:00:43,2020-09-04,1band,0.7329684495925903,reject,reject,35.0
2_002_20200904_230047(0),2,2020-09-04 23:00:47,2020-09-04,1band,0.7237184643745422,reject,reject,36.0
2_002_20200904_230050(7),2,2020-09-04 23:00:50,2020-09-04,3band,0.7173378467559814,reinspect,reinspect,35.0
2_002_20200907_184832(7),2,2020-09-07 18:48:32,2020-09-07,1band,0.7207413911819458,reinspect,reinspect,41.0
2_002_20200907_184835(6),2,2020-09-07 18:48:35,2020-09-07,1band,0.7117578983306885,reinspect,reinspect,37.0
2_002_20200907_184838(9),2,2020-09-07 18:48:38,2020-09-07,1band,0.7343415021896362,reject,reject,43.0
2_002_20200907_184841(6),2,2020-09-07 18:48:41,2020-09-07,1band,0.7073997259140015,reinspect,reinspect,42.0
2_002_20200907_184844(1),2,2020-09-07 18:48:44,2020-09-07,1band,0.7330695986747742,reject,reject,41.0
2_002_20200907_184846(7),2,2020-09-07 18:48:46,2020-09-07,1band,0.7164844870567322,reinspect,reinspect,38.0
2_002_20200907_204436(3),2,2020-09-07 20:44:36,2020-09-07,3band,0.7191076874732971,reinspect,reinspect,38.0
2_002_20200907_204440(8),2,2020-09-07 20:44:40,2020-09-07,3band,0.7136415243148804,reinspect,reinspect,38.0
2_002_20200907_204445(2),2,2020-09-07 20:44:45,2020-09-07,1band,0.721653938293457,reinspect,reinspect,35.0
2_002_20200907_204449(9),2,2020-09-07 20:44:49,2020-09-07,1band,0.7197284698486328,reinspect,reinspect,42.0
2_002_20200907_204454(2),2,2020-09-07 20:44:54,2020-09-07,1band,0.7131199240684509,reinspect,reinspect,38.0
2_002_20200907_204458(7),2,2020-09-07 20:44:58,2020-09-07,1band,0.7415568828582764,reject,reject,39.0
2_002_20200908_003059(0),2,2020-09-08 00:30:59,2020-09-08,1band,0.7104101777076721,reinspect,reinspect,45.0
2_002_20200908_003103(2),2,2020-09-08 00:31:03,2020-09-08,1band,0.7319974899291992,reject,reject,28.0
2_002_20200908_003107(5),2,2020-09-08 00:31:07,2020-09-08,1band,0.7228584289550781,reject,reject,38.0
2_002_20200908_003111(0),2,2020-09-08 00:31:11,2020-09-08,1band,0.7125132083892822,reinspect,reinspect,43.0
2_002_20200908_003115(3),2,2020-09-08 00:31:15,2020-09-08,1band,0.7086331844329834,reinspect,reinspect,43.0
2_002_20200908_003119(9),2,2020-09-08 00:31:19,2020-09-08,1band,0.7104399800300598,reinspect,reinspect,38.0
2_002_20200908_043119(7),2,2020-09-08 04:31:19,2020-09-08,1band,0.7147027254104614,reinspect,reinspect,40.0
2_002_20200908_043124(3),2,2020-09-08 04:31:24,2020-09-08,1band,0.7342267632484436,reject,reject,40.0
2_002_20200908_043128(8),2,2020-09-08 04:31:28,2020-09-08,1band,0.7239381074905396,reject,reject,38.0
2_002_20200908_043133(4),2,2020-09-08 04:31:33,2020-09-08,3band,0.714786946773529,reinspect,reinspect,37.0
2_002_20200908_043137(8),2,2020-09-08 04:31:37,2020-09-08,3band,0.6770009994506836,reinspect,reinspect,44.0
2_002_20200908_043142(4),2,2020-09-08 04:31:42,2020-09-08,1band,0.7356507182121277,reject,reject,41.0
2_002_20200912_021355(2),2,2020-09-12 02:13:55,2020-09-12,1band,0.7301720380783081,reject,reject,39.0
2_002_20200912_021400(1),2,2020-09-12 02:14:00,2020-09-12,1band,0.7418015599250793,reject,reject,44.0
2_002_20200912_021403(1),2,2020-09-12 02:14:03,2020-09-12,1band,0.7269032001495361,reject,reject,41.0
2_002_20200912_021406(0),2,2020-09-12 02:14:06,2020-09-12,1band,0.741564929485321,reject,reject,37.0
2_002_20200912_021409(1),2,2020-09-12 02:14:09,2020-09-12,3band,0.7262417674064636,reject,reject,40.0
2_002_20200912_021412(4),2,2020-09-12 02:14:12,2020-09-12,1band,0.7260203957557678,reject,reject,39.0
2_002_20200912_043058(7),2,2020-09-12 04:30:58,2020-09-12,1band,0.733378529548645,reject,reject,44.0
2_002_20200912_043103(1),2,2020-09-12 04:31:03,2020-09-12,3band,0.719982922077179,reinspect,reinspect,34.0
2_002_20200912_043107(6),2,2020-09-12 04:31:07,2020-09-12,1band,0.7275813221931458,reject,reject,34.0
2_002_20200912_043112(2),2,2020-09-12 04:31:12,2020-09-12,1band,0.727502703666687,reject,reject,43.0
2_002_20200912_043116(6),2,2020-09-12 04:31:16,2020-09-12,1band,0.7062171101570129,reinspect,reinspect,37.0
2_002_20200912_043121(1),2,2020-09-12 04:31:21,2020-09-12,1band,0.7130007147789001,reinspect,reinspect,40.0
2_002_20200912_122945(7),2,2020-09-12 12:29:45,2020-09-12,1band,0.7228958606719971,reject,reject,39.0
2_002_20200912_122948(3),2,2020-09-12 12:29:48,2020-09-12,1band,0.72902512550354,reject,reject,39.0
2_002_20200912_122951(2),2,2020-09-12 12:29:51,2020-09-12,1band,0.7270935773849487,reject,reject,37.0
2_002_20200912_122954(2),2,2020-09-12 12:29:54,2020-09-12,1band,0.7026536464691162,reinspect,reinspect,38.0
2_002_20200912_122957(0),2,2020-09-12 12:29:57,2020-09-12,1band,0.7407842874526978,reject,reject,40.0
2_002_20200912_122959(9),2,2020-09-12 12:29:59,2020-09-12,1band,0.7415146827697754,reject,reject,35.0
2_002_20200912_163155(6),2,2020-09-12 16:31:55,2020-09-12,1band,0.7039003968238831,reinspect,reinspect,39.0
2_002_20200912_163158(6),2,2020-09-12 16:31:58,2020-09-12,1band,0.7234369516372681,reject,reject,39.0
2_002_20200912_163201(5),2,2020-09-12 16:32:01,2020-09-12,1band,0.7157940864562988,reinspect,reinspect,41.0
2_002_20200912_163204(3),2,2020-09-12 16:32:04,2020-09-12,1band,0.7243760824203491,reject,reject,39.0
2_002_20200912_163207(3),2,2020-09-12 16:32:07,2020-09-12,1band,0.7153472900390625,reinspect,reinspect,42.0
2_002_20200912_163210(1),2,2020-09-12 16:32:10,2020-09-12,1band,0.7237249612808228,reject,reject,42.0
2_002_20200912_202615(6),2,2020-09-12 20:26:15,2020-09-12,1band,0.730513870716095,reject,reject,37.0
2_002_20200912_202620(0),2,2020-09-12 20:26:20,2020-09-12,1band,0.7327808737754822,reject,reject,36.0
2_002_20200912_202624(4),2,2020-09-12 20:26:24,2020-09-12,3band,0.7277920246124268,reject,reject,44.0
2_002_20200912_202629(0),2,2020-09-12 20:26:29,2020-09-12,1band,0.7319129705429077,reject,reject,39.0
2_002_20200912_202633(4),2,2020-09-12 20:26:33,2020-09-12,1band,0.7207534313201904,reinspect,reinspect,45.0
2_002_20200912_202637(9),2,2020-09-12 20:26:37,2020-09-12,1band,0.7267624735832214,reject,reject,45.0
2_002_20200914_082856(6),2,2020-09-14 08:28:56,2020-09-14,1band,0.7259649634361267,reject,reject,41.0
2_002_20200914_082900(7),2,2020-09-14 08:29:00,2020-09-14,1band,0.7266209721565247,reject,reject,43.0
2_002_20200914_082903(8),2,2020-09-14 08:29:03,2020-09-14,3band,0.7312988638877869,reject,reject,41.0
2_002_20200914_082906(7),2,2020-09-14 08:29:06,2020-09-14,1band,0.7285448312759399,reject,reject,35.0
2_002_20200914_082909(7),2,2020-09-14 08:29:09,2020-09-14,1band,0.7373864650726318,reject,reject,42.0
2_002_20200914_082913(3),2,2020-09-14 08:29:13,2020-09-14,1band,0.7230576276779175,reject,reject,38.0
2_002_20200914_123939(3),2,2020-09-14 12:39:39,2020-09-14,1band,0.7369304299354553,reject,reject,41.0
2_002_20200914_123943(9),2,2020-09-14 12:39:43,2020-09-14,1band,0.7232178449630737,reject,reject,35.0
2_002_20200914_123948(3),2,2020-09-14 12:39:48,2020-09-14,1band,0.7251843810081482,reject,reject,36.0
2_002_20200914_123952(7),2,2020-09-14 12:39:52,2020-09-14,1band,0.7351523041725159,reject,reject,39.0
2_002_20200914_123957(3),2,2020-09-14 12:39:57,2020-09-14,1band,0.7409741282463074,reject,reject,40.0
2_002_20200914_124001(9),2,2020-09-14 12:40:01,2020-09-14,1band,0.7110281586647034,reinspect,reinspect,35.0
2_002_20200914_163059(4),2,2020-09-14 16:30:59,2020-09-14,1band,0.7173148393630981,reinspect,reinspect,39.0
2_002_20200914_163104(0),2,2020-09-14 16:31:04,2020-09-14,1band,0.7406538724899292,reject,reject,39.0
2_002_20200914_163108(5),2,2020-09-14 16:31:08,2020-09-14,1band,0.7091116309165955,reinspect,reinspect,40.0
2_002_20200914_163113(0),2,2020-09-14 16:31:13,2020-09-14,1band,0.7126625776290894,reinspect,reinspect,43.0
2_002_20200914_163117(5),2,2020-09-14 16:31:17,2020-09-14,1band,0.7035226225852966,reinspect,reinspect,39.0
2_002_20200914_163122(1),2,2020-09-14 16:31:22,2020-09-14,1band,0.7283169031143188,reject,reject,40.0
2_002_20200914_203029(2),2,2020-09-14 20:30:29,2020-09-14,1band,0.7120830416679382,reinspect,reinspect,39.0
2_002_20200914_203032(1),2,2020-09-14 20:30:32,2020-09-14,1band,0.7436736822128296,reject,reject,40.0
2_002_20200914_203035(2),2,2020-09-14 20:30:35,2020-09-14,1band,0.736208975315094,reject,reject,39.0
2_002_20200914_203038(1),2,2020-09-14 20:30:38,2020-09-14,1band,0.7317839860916138,reject,reject,39.0
2_002_20200914_203041(1),2,2020-09-14 20:30:41,2020-09-14,1band,0.715801477432251,reinspect,reinspect,39.0
2_002_20200914_203045(7),2,2020-09-14 20:30:45,2020-09-14,1band,0.7187540531158447,reinspect,reinspect,40.0
2_002_20200915_003459(4),2,2020-09-15 00:34:59,2020-09-15,1band,0.7390686869621277,reject,reject,40.0
2_002_20200915_003502(0),2,2020-09-15 00:35:02,2020-09-15,3band,0.7211536765098572,reinspect,reinspect,41.0
2_002_20200915_003504(5),2,2020-09-15 00:35:04,2020-09-15,1band,0.7422159910202026,reject,reject,41.0
2_002_20200915_003507(2),2,2020-09-15 00:35:07,2020-09-15,3band,0.7366032600402832,reject,reject,46.0
2_002_20200915_003509(8),2,2020-09-15 00:35:09,2020-09-15,1band,0.7197990417480469,reinspect,reinspect,42.0
2_002_20200915_003512(4),2,2020-09-15 00:35:12,2020-09-15,1band,0.7448475956916809,reject,reject,42.0
2_002_20200915_043405(0),2,2020-09-15 04:34:05,2020-09-15,1band,0.7264562845230103,reject,reject,38.0
2_002_20200915_043410(8),2,2020-09-15 04:34:10,2020-09-15,1band,0.734038770198822,reject,reject,34.0
2_002_20200915_043413(6),2,2020-09-15 04:34:13,2020-09-15,1band,0.7270464301109314,reject,reject,39.0
2_002_20200915_043416(5),2,2020-09-15 04:34:16,2020-09-15,1band,0.7134501338005066,reinspect,reinspect,36.0
2_002_20200915_043419(5),2,2020-09-15 04:34:19,2020-09-15,1band,0.726861298084259,reject,reject,36.0
2_002_20200915_043422(4),2,2020-09-15 04:34:22,2020-09-15,1band,0.7210302948951721,reinspect,reinspect,39.0
2_002_20200915_083044(8),2,2020-09-15 08:30:44,2020-09-15,1band,0.7218353152275085,reinspect,reinspect,43.0
2_002_20200915_083047(9),2,2020-09-15 08:30:47,2020-09-15,1band,0.724319338798523,reject,reject,42.0
2_002_20200915_083050(8),2,2020-09-15 08:30:50,2020-09-15,3band,0.6878448128700256,reinspect,reinspect,44.0
2_002_20200915_083053(9),2,2020-09-15 08:30:53,2020-09-15,1band,0.7190055847167969,reinspect,reinspect,47.0
2_002_20200915_083056(9),2,2020-09-15 08:30:56,2020-09-15,3band,0.7220677137374878,reinspect,reinspect,41.0
2_002_20200915_083059(9),2,2020-09-15 08:30:59,2020-09-15,1band,0.7233524322509766,reject,reject,42.0
2_002_20200915_123120(2),2,2020-09-15 12:31:20,2020-09-15,1band,0.7271085381507874,reject,reject,41.0
2_002_20200915_123124(8),2,2020-09-15 12:31:24,2020-09-15,1band,0.7148434519767761,reinspect,reinspect,36.0
2_002_20200915_123129(4),2,2020-09-15 12:31:29,2020-09-15,1band,0.7201687693595886,reinspect,reinspect,40.0
2_002_20200915_123133(8),2,2020-09-15 12:31:33,2020-09-15,1band,0.706822395324707,reinspect,reinspect,39.0
2_002_20200915_123138(3),2,2020-09-15 12:31:38,2020-09-15,1band,0.7189469933509827,reinspect,reinspect,36.0
2_002_20200915_123142(8),2,2020-09-15 12:31:42,2020-09-15,1band,0.7103326320648193,reinspect,reinspect,37.0
2_002_20200915_163147(0),2,2020-09-15 16:31:47,2020-09-15,1band,0.7234739661216736,reject,reject,36.0
2_002_20200915_163150(3),2,2020-09-15 16:31:50,2020-09-15,1band,0.7468690276145935,reject,reject,32.0
2_002_20200915_163153(6),2,2020-09-15 16:31:53,2020-09-15,1band,0.7353603839874268,reject,reject,41.0
2_002_20200915_163158(2),2,2020-09-15 16:31:58,2020-09-15,3band,0.7155154347419739,reinspect,reinspect,37.0
2_002_20200915_163204(1),2,2020-09-15 16:32:04,2020-09-15,1band,0.729000449180603,reject,reject,39.0
2_002_20200915_163207(2),2,2020-09-15 16:32:07,2020-09-15,1band,0.7214188575744629,reinspect,reinspect,42.0
2_002_20200915_203221(1),2,2020-09-15 20:32:21,2020-09-15,1band,0.7173739671707153,reinspect,reinspect,39.0
2_002_20200915_203224(0),2,2020-09-15 20:32:24,2020-09-15,1band,0.7481697797775269,reject,reject,40.0
2_002_20200915_203227(0),2,2020-09-15 20:32:27,2020-09-15,1band,0.7056937217712402,reinspect,reinspect,42.0
2_002_20200915_203230(0),2,2020-09-15 20:32:30,2020-09-15,1band,0.7175332307815552,reinspect,reinspect,39.0
2_002_20200915_203233(0),2,2020-09-15 20:32:33,2020-09-15,1band,0.7097678184509277,reinspect,reinspect,42.0
2_002_20200915_203236(0),2,2020-09-15 20:32:36,2020-09-15,3band,0.719307541847229,reinspect,reinspect,39.0
2_002_20200915_215738(0),2,2020-09-15 21:57:38,2020-09-15,1band,0.65790855884552,reinspect,reinspect,27.0
2_002_20200916_003108(4),2,2020-09-16 00:31:08,2020-09-16,1band,0.7330262064933777,reject,reject,41.0
2_002_20200916_003111(4),2,2020-09-16 00:31:11,2020-09-16,1band,0.7292875647544861,reject,reject,40.0
2_002_20200916_003114(5),2,2020-09-16 00:31:14,2020-09-16,1band,0.7070523500442505,reinspect,reinspect,41.0
2_002_20200916_003117(4),2,2020-09-16 00:31:17,2020-09-16,1band,0.7059317231178284,reinspect,reinspect,44.0
2_002_20200916_003120(4),2,2020-09-16 00:31:20,2020-09-16,1band,0.7252455949783325,reject,reject,37.0
2_002_20200916_003123(4),2,2020-09-16 00:31:23,2020-09-16,1band,0.7088887095451355,reinspect,reinspect,41.0
2_002_20200916_043144(0),2,2020-09-16 04:31:44,2020-09-16,1band,0.7325307130813599,reject,reject,39.0
2_002_20200916_043146(9),2,2020-09-16 04:31:46,2020-09-16,1band,0.7160772681236267,reinspect,reinspect,45.0
2_002_20200916_043150(0),2,2020-09-16 04:31:50,2020-09-16,1band,0.7146982550621033,reinspect,reinspect,38.0
2_002_20200916_043152(7),2,2020-09-16 04:31:52,2020-09-16,1band,0.7217782735824585,reinspect,reinspect,38.0
2_002_20200916_043155(6),2,2020-09-16 04:31:55,2020-09-16,1band,0.7130038142204285,reinspect,reinspect,36.0
2_002_20200916_043158(6),2,2020-09-16 04:31:58,2020-09-16,1band,0.6878610253334045,reinspect,reinspect,41.0
2_002_20200916_083057(9),2,2020-09-16 08:30:57,2020-09-16,1band,0.7268491983413696,reject,reject,37.0
2_002_20200916_083102(3),2,2020-09-16 08:31:02,2020-09-16,1band,0.7187774181365967,reinspect,reinspect,42.0
2_002_20200916_083106(8),2,2020-09-16 08:31:06,2020-09-16,1band,0.7299358248710632,reject,reject,41.0
2_002_20200916_083111(3),2,2020-09-16 08:31:11,2020-09-16,1band,0.7202491760253906,reinspect,reinspect,41.0
2_002_20200916_083115(8),2,2020-09-16 08:31:15,2020-09-16,3band,0.7259215712547302,reject,reject,44.0
2_002_20200916_083120(2),2,2020-09-16 08:31:20,2020-09-16,1band,0.7247735857963562,reject,reject,42.0
2_002_20200916_122640(9),2,2020-09-16 12:26:40,2020-09-16,1band,0.7348079085350037,reject,reject,37.0
2_002_20200916_122645(5),2,2020-09-16 12:26:45,2020-09-16,1band,0.7248890995979309,reject,reject,43.0
2_002_20200916_122650(1),2,2020-09-16 12:26:50,2020-09-16,1band,0.7323828935623169,reject,reject,42.0
2_002_20200916_122654(5),2,2020-09-16 12:26:54,2020-09-16,1band,0.7088652849197388,reinspect,reinspect,42.0
2_002_20200916_122659(0),2,2020-09-16 12:26:59,2020-09-16,1band,0.7037720084190369,reinspect,reinspect,43.0
2_002_20200916_122703(5),2,2020-09-16 12:27:03,2020-09-16,1band,0.718861997127533,reinspect,reinspect,43.0
2_002_20200916_203132(4),2,2020-09-16 20:31:32,2020-09-16,1band,0.7198781371116638,reinspect,reinspect,40.0
2_002_20200916_203136(3),2,2020-09-16 20:31:36,2020-09-16,1band,0.7345018982887268,reject,reject,43.0
2_002_20200916_203140(2),2,2020-09-16 20:31:40,2020-09-16,1band,0.7210625410079956,reinspect,reinspect,46.0
2_002_20200916_203144(3),2,2020-09-16 20:31:44,2020-09-16,1band,0.7314984202384949,reject,reject,39.0
2_002_20200916_203148(2),2,2020-09-16 20:31:48,2020-09-16,1band,0.7321862578392029,reject,reject,41.0
2_002_20200916_203152(3),2,2020-09-16 20:31:52,2020-09-16,1band,0.7352373600006104,reject,reject,39.0
2_002_20200917_003224(9),2,2020-09-17 00:32:24,2020-09-17,1band,0.718578577041626,reinspect,reinspect,42.0
2_002_20200917_003228(7),2,2020-09-17 00:32:28,2020-09-17,1band,0.7226966023445129,reject,reject,43.0
2_002_20200917_003234(6),2,2020-09-17 00:32:34,2020-09-17,1band,0.7141774296760559,reinspect,reinspect,46.0
2_002_20200917_003238(7),2,2020-09-17 00:32:38,2020-09-17,1band,0.7067265510559082,reinspect,reinspect,40.0
2_002_20200917_003242(7),2,2020-09-17 00:32:42,2020-09-17,1band,0.7037230730056763,reinspect,reinspect,40.0
2_002_20200917_003246(7),2,2020-09-17 00:32:46,2020-09-17,1band,0.7084828615188599,reinspect,reinspect,38.0
2_002_20200917_043058(6),2,2020-09-17 04:30:58,2020-09-17,1band,0.7348621487617493,reject,reject,46.0
2_002_20200917_043102(6),2,2020-09-17 04:31:02,2020-09-17,1band,0.7035027146339417,reinspect,reinspect,44.0
2_002_20200917_043106(5),2,2020-09-17 04:31:06,2020-09-17,1band,0.7093234658241272,reinspect,reinspect,48.0
2_002_20200917_043110(7),2,2020-09-17 04:31:10,2020-09-17,1band,0.6935576796531677,reinspect,reinspect,38.0
2_002_20200917_043114(6),2,2020-09-17 04:31:14,2020-09-17,1band,0.7176436185836792,reinspect,reinspect,46.0
2_002_20200917_043118(5),2,2020-09-17 04:31:18,2020-09-17,1band,0.7245460748672485,reject,reject,42.0
2_002_20200917_083825(7),2,2020-09-17 08:38:25,2020-09-17,3band,0.7221598029136658,reinspect,reinspect,39.0
2_002_20200917_083829(7),2,2020-09-17 08:38:29,2020-09-17,1band,0.7310619354248047,reject,reject,40.0
2_002_20200917_083833(6),2,2020-09-17 08:38:33,2020-09-17,1band,0.714530348777771,reinspect,reinspect,41.0
2_002_20200917_083836(7),2,2020-09-17 08:38:36,2020-09-17,3band,0.7180948257446289,reinspect,reinspect,40.0
2_002_20200917_083840(1),2,2020-09-17 08:38:40,2020-09-17,1band,0.7133434414863586,reinspect,reinspect,36.0
2_002_20200917_083843(4),2,2020-09-17 08:38:43,2020-09-17,1band,0.7213599681854248,reinspect,reinspect,41.0
2_002_20200917_123114(9),2,2020-09-17 12:31:14,2020-09-17,1band,0.7294486165046692,reject,reject,41.0
2_002_20200917_123118(9),2,2020-09-17 12:31:18,2020-09-17,1band,0.7245649099349976,reject,reject,41.0
2_002_20200917_123122(9),2,2020-09-17 12:31:22,2020-09-17,1band,0.7243669033050537,reject,reject,42.0
2_002_20200917_123126(9),2,2020-09-17 12:31:26,2020-09-17,1band,0.7182446122169495,reinspect,reinspect,42.0
2_002_20200917_123130(9),2,2020-09-17 12:31:30,2020-09-17,1band,0.7232027649879456,reject,reject,39.0
2_002_20200917_123135(0),2,2020-09-17 12:31:35,2020-09-17,1band,0.7229230403900146,reject,reject,35.0
2_002_20200917_162827(5),2,2020-09-17 16:28:27,2020-09-17,1band,0.7127012610435486,reinspect,reinspect,39.0
2_002_20200917_162841(6),2,2020-09-17 16:28:41,2020-09-17,1band,0.7231786847114563,reject,reject,38.0
2_002_20200917_162845(6),2,2020-09-17 16:28:45,2020-09-17,1band,0.7127600312232971,reinspect,reinspect,37.0
2_002_20200917_162851(6),2,2020-09-17 16:28:51,2020-09-17,1band,0.7176011204719543,reinspect,reinspect,41.0
2_002_20200917_162855(9),2,2020-09-17 16:28:55,2020-09-17,3band,0.7152631878852844,reinspect,reinspect,48.0
2_002_20200917_162859(9),2,2020-09-17 16:28:59,2020-09-17,1band,0.7201555371284485,reinspect,reinspect,34.0
2_002_20200917_203038(6),2,2020-09-17 20:30:38,2020-09-17,1band,0.7404563426971436,reject,reject,41.0
2_002_20200917_203042(6),2,2020-09-17 20:30:42,2020-09-17,3band,0.7242568731307983,reject,reject,38.0
2_002_20200917_203046(7),2,2020-09-17 20:30:46,2020-09-17,1band,0.7233850359916687,reject,reject,42.0
2_002_20200917_203050(7),2,2020-09-17 20:30:50,2020-09-17,1band,0.7370962500572205,reject,reject,46.0
2_002_20200917_203054(5),2,2020-09-17 20:30:54,2020-09-17,1band,0.7187997698783875,reinspect,reinspect,45.0
2_002_20200917_203058(6),2,2020-09-17 20:30:58,2020-09-17,1band,0.7332183122634888,reject,reject,39.0
2_002_20200918_003519(6),2,2020-09-18 00:35:19,2020-09-18,1band,0.7301419973373413,reject,reject,45.0
2_002_20200918_003523(4),2,2020-09-18 00:35:23,2020-09-18,1band,0.7053935527801514,reinspect,reinspect,43.0
2_002_20200918_003527(3),2,2020-09-18 00:35:27,2020-09-18,1band,0.7236120700836182,reject,reject,44.0
2_002_20200918_003531(2),2,2020-09-18 00:35:31,2020-09-18,1band,0.7154760360717773,reinspect,reinspect,45.0
2_002_20200918_003535(0),2,2020-09-18 00:35:35,2020-09-18,1band,0.7173687219619751,reinspect,reinspect,46.0
2_002_20200918_003538(9),2,2020-09-18 00:35:38,2020-09-18,1band,0.7174791693687439,reinspect,reinspect,47.0
2_002_20200918_043323(0),2,2020-09-18 04:33:23,2020-09-18,1band,0.7187380194664001,reinspect,reinspect,38.0
2_002_20200918_043326(6),2,2020-09-18 04:33:26,2020-09-18,1band,0.7206332683563232,reinspect,reinspect,38.0
2_002_20200918_043330(5),2,2020-09-18 04:33:30,2020-09-18,1band,0.7229472398757935,reject,reject,46.0
2_002_20200918_043334(3),2,2020-09-18 04:33:34,2020-09-18,1band,0.7047016024589539,reinspect,reinspect,49.0
2_002_20200918_043338(2),2,2020-09-18 04:33:38,2020-09-18,1band,0.7322359681129456,reject,reject,43.0
2_002_20200918_043342(2),2,2020-09-18 04:33:42,2020-09-18,1band,0.7092949151992798,reinspect,reinspect,48.0
2_002_20200918_083026(0),2,2020-09-18 08:30:26,2020-09-18,1band,0.7216715812683105,reinspect,reinspect,35.0
2_002_20200918_083029(4),2,2020-09-18 08:30:29,2020-09-18,1band,0.7220839858055115,reinspect,reinspect,38.0
2_002_20200918_083033(4),2,2020-09-18 08:30:33,2020-09-18,3band,0.7310392260551453,reject,reject,40.0
2_002_20200918_083037(6),2,2020-09-18 08:30:37,2020-09-18,1band,0.7093884944915771,reinspect,reinspect,41.0
2_002_20200918_083041(4),2,2020-09-18 08:30:41,2020-09-18,1band,0.7342557907104492,reject,reject,44.0
2_002_20200918_083045(4),2,2020-09-18 08:30:45,2020-09-18,1band,0.7101304531097412,reinspect,reinspect,50.0
2_002_20200918_123100(6),2,2020-09-18 12:31:00,2020-09-18,1band,0.7108975052833557,reinspect,reinspect,39.0
2_002_20200918_123104(6),2,2020-09-18 12:31:04,2020-09-18,1band,0.7368962168693542,reject,reject,35.0
2_002_20200918_123108(7),2,2020-09-18 12:31:08,2020-09-18,1band,0.7099258899688721,reinspect,reinspect,38.0
2_002_20200918_123112(8),2,2020-09-18 12:31:12,2020-09-18,3band,0.7020329833030701,reinspect,reinspect,41.0
2_002_20200918_123116(5),2,2020-09-18 12:31:16,2020-09-18,3band,0.7204212546348572,reinspect,reinspect,43.0
2_002_20200918_123120(6),2,2020-09-18 12:31:20,2020-09-18,1band,0.7199863791465759,reinspect,reinspect,41.0
2_002_20200918_163058(9),2,2020-09-18 16:30:58,2020-09-18,1band,0.7113006711006165,reinspect,reinspect,41.0
2_002_20200918_163102(9),2,2020-09-18 16:31:02,2020-09-18,1band,0.728964626789093,reject,reject,42.0
2_002_20200918_163106(9),2,2020-09-18 16:31:06,2020-09-18,1band,0.7259687781333923,reject,reject,40.0
2_002_20200918_163110(9),2,2020-09-18 16:31:10,2020-09-18,1band,0.7285985946655273,reject,reject,46.0
2_002_20200918_163114(8),2,2020-09-18 16:31:14,2020-09-18,1band,0.7289723753929138,reject,reject,42.0
2_002_20200918_163118(7),2,2020-09-18 16:31:18,2020-09-18,1band,0.7415051460266113,reject,reject,45.0
2_002_20200921_111920(1),2,2020-09-21 11:19:20,2020-09-21,1band,0.7339465022087097,reject,reject,39.0
2_002_20200921_111923(3),2,2020-09-21 11:19:23,2020-09-21,1band,0.7274225354194641,reject,reject,38.0
2_002_20200921_111926(6),2,2020-09-21 11:19:26,2020-09-21,1band,0.7319930195808411,reject,reject,37.0
2_002_20200921_111930(0),2,2020-09-21 11:19:30,2020-09-21,1band,0.716651976108551,reinspect,reinspect,37.0
2_002_20200921_111933(1),2,2020-09-21 11:19:33,2020-09-21,1band,0.7217864394187927,reinspect,reinspect,35.0
2_002_20200921_111936(2),2,2020-09-21 11:19:36,2020-09-21,1band,0.7305058240890503,reject,reject,35.0
2_002_20200921_123149(8),2,2020-09-21 12:31:49,2020-09-21,1band,0.7142085433006287,reinspect,reinspect,43.0
2_002_20200921_123152(7),2,2020-09-21 12:31:52,2020-09-21,1band,0.7306329011917114,reject,reject,38.0
2_002_20200921_123155(7),2,2020-09-21 12:31:55,2020-09-21,1band,0.7313135266304016,reject,reject,38.0
2_002_20200921_123158(9),2,2020-09-21 12:31:58,2020-09-21,1band,0.7242645025253296,reject,reject,43.0
2_002_20200921_123201(8),2,2020-09-21 12:32:01,2020-09-21,1band,0.7310233116149902,reject,reject,46.0
2_002_20200921_123207(6),2,2020-09-21 12:32:07,2020-09-21,1band,0.7402654886245728,reject,reject,39.0
2_002_20200921_163038(3),2,2020-09-21 16:30:38,2020-09-21,1band,0.728746235370636,reject,reject,40.0
2_002_20200921_163042(3),2,2020-09-21 16:30:42,2020-09-21,1band,0.7314642667770386,reject,reject,43.0
2_002_20200921_163045(4),2,2020-09-21 16:30:45,2020-09-21,1band,0.7321065664291382,reject,reject,40.0
2_002_20200921_163049(6),2,2020-09-21 16:30:49,2020-09-21,3band,0.7225887775421143,reject,reject,39.0
2_002_20200921_163052(5),2,2020-09-21 16:30:52,2020-09-21,1band,0.7377646565437317,reject,reject,40.0
2_002_20200921_163055(5),2,2020-09-21 16:30:55,2020-09-21,1band,0.7298128604888916,reject,reject,44.0
2_002_20200921_202239(4),2,2020-09-21 20:22:39,2020-09-21,3band,0.7323889136314392,reject,reject,44.0
2_002_20200921_202244(0),2,2020-09-21 20:22:44,2020-09-21,1band,0.6956726908683777,reinspect,reinspect,37.0
2_002_20200921_202248(6),2,2020-09-21 20:22:48,2020-09-21,3band,0.705524742603302,reinspect,reinspect,39.0
2_002_20200921_202253(0),2,2020-09-21 20:22:53,2020-09-21,1band,0.7166549563407898,reinspect,reinspect,41.0
2_002_20200921_202257(4),2,2020-09-21 20:22:57,2020-09-21,1band,0.7411891222000122,reject,reject,39.0
2_002_20200921_202303(6),2,2020-09-21 20:23:03,2020-09-21,1band,0.7034879922866821,reinspect,reinspect,38.0
2_002_20200922_003106(0),2,2020-09-22 00:31:06,2020-09-22,3band,0.7248050570487976,reject,reject,40.0
2_002_20200922_003110(6),2,2020-09-22 00:31:10,2020-09-22,1band,0.7266900539398193,reject,reject,42.0
2_002_20200922_003115(1),2,2020-09-22 00:31:15,2020-09-22,3band,0.7161970734596252,reinspect,reinspect,40.0
2_002_20200922_003119(6),2,2020-09-22 00:31:19,2020-09-22,3band,0.714364230632782,reinspect,reinspect,42.0
2_002_20200922_003124(2),2,2020-09-22 00:31:24,2020-09-22,1band,0.7406432032585144,reject,reject,41.0
2_002_20200922_003128(7),2,2020-09-22 00:31:28,2020-09-22,1band,0.7263733148574829,reject,reject,36.0
2_002_20200922_043107(1),2,2020-09-22 04:31:07,2020-09-22,1band,0.7085287570953369,reinspect,reinspect,43.0
2_002_20200922_043111(6),2,2020-09-22 04:31:11,2020-09-22,1band,0.7165539860725403,reinspect,reinspect,42.0
2_002_20200922_043116(0),2,2020-09-22 04:31:16,2020-09-22,1band,0.7194055914878845,reinspect,reinspect,42.0
2_002_20200922_043120(5),2,2020-09-22 04:31:20,2020-09-22,3band,0.7267603278160095,reject,reject,38.0
2_002_20200922_043125(0),2,2020-09-22 04:31:25,2020-09-22,1band,0.7097916007041931,reinspect,reinspect,41.0
2_002_20200922_043129(5),2,2020-09-22 04:31:29,2020-09-22,1band,0.7414219379425049,reject,reject,38.0
2_002_20200922_083741(5),2,2020-09-22 08:37:41,2020-09-22,1band,0.7368256449699402,reject,reject,38.0
2_002_20200922_083744(6),2,2020-09-22 08:37:44,2020-09-22,1band,0.7290253043174744,reject,reject,43.0
2_002_20200922_083747(7),2,2020-09-22 08:37:47,2020-09-22,1band,0.7180063724517822,reinspect,reinspect,38.0
2_002_20200922_083750(6),2,2020-09-22 08:37:50,2020-09-22,1band,0.7285708785057068,reject,reject,41.0
2_002_20200922_083753(5),2,2020-09-22 08:37:53,2020-09-22,1band,0.728388249874115,reject,reject,36.0
2_002_20200922_083756(6),2,2020-09-22 08:37:56,2020-09-22,1band,0.720869243144989,reinspect,reinspect,39.0
2_002_20200922_122726(9),2,2020-09-22 12:27:26,2020-09-22,1band,0.7102123498916626,reinspect,reinspect,39.0
2_002_20200922_122730(0),2,2020-09-22 12:27:30,2020-09-22,1band,0.699969470500946,reinspect,reinspect,41.0
2_002_20200922_122732(8),2,2020-09-22 12:27:32,2020-09-22,1band,0.7270683646202087,reject,reject,38.0
2_002_20200922_122737(2),2,2020-09-22 12:27:37,2020-09-22,1band,0.7081730961799622,reinspect,reinspect,39.0
2_002_20200922_122741(6),2,2020-09-22 12:27:41,2020-09-22,1band,0.6865036487579346,reinspect,reinspect,38.0
2_002_20200922_122746(0),2,2020-09-22 12:27:46,2020-09-22,1band,0.7378031015396118,reject,reject,41.0
2_002_20200922_163036(2),2,2020-09-22 16:30:36,2020-09-22,1band,0.7330504059791565,reject,reject,38.0
2_002_20200922_163039(5),2,2020-09-22 16:30:39,2020-09-22,1band,0.728025496006012,reject,reject,40.0
2_002_20200922_163043(6),2,2020-09-22 16:30:43,2020-09-22,1band,0.7027378678321838,reinspect,reinspect,40.0
2_002_20200922_163047(8),2,2020-09-22 16:30:47,2020-09-22,1band,0.722832441329956,reject,reject,39.0
2_002_20200922_163053(8),2,2020-09-22 16:30:53,2020-09-22,1band,0.7282654047012329,reject,reject,46.0
2_002_20200922_163059(7),2,2020-09-22 16:30:59,2020-09-22,1band,0.7361930012702942,reject,reject,36.0
3_001_20200624_162846(3),3,2020-06-24 16:28:46,2020-06-24,3band,0.6866341829299927,reinspect,reinspect,38.0
3_001_20200624_162850(9),3,2020-06-24 16:28:50,2020-06-24,3band,0.7061476707458496,reinspect,reinspect,51.0
3_001_20200629_123129(6),3,2020-06-29 12:31:29,2020-06-29,3band,0.6805585622787476,reinspect,reinspect,51.0
3_001_20200629_163728(4),3,2020-06-29 16:37:28,2020-06-29,3band,0.686744749546051,reinspect,reinspect,44.0
3_001_20200629_163732(9),3,2020-06-29 16:37:32,2020-06-29,3band,0.6733991503715515,reinspect,reinspect,40.0
3_001_20200629_163737(5),3,2020-06-29 16:37:37,2020-06-29,3band,0.6741920709609985,reinspect,reinspect,45.0
3_001_20200629_163741(9),3,2020-06-29 16:37:41,2020-06-29,3band,0.679786205291748,reinspect,reinspect,51.0
3_001_20200629_163746(6),3,2020-06-29 16:37:46,2020-06-29,3band,0.6770927906036377,reinspect,reinspect,45.0
3_001_20200629_163756(6),3,2020-06-29 16:37:56,2020-06-29,3band,0.685767412185669,reinspect,reinspect,52.0
3_001_20200629_202802(6),3,2020-06-29 20:28:02,2020-06-29,3band,0.6919262409210205,reinspect,reinspect,45.0
3_001_20200629_202807(1),3,2020-06-29 20:28:07,2020-06-29,3band,0.6826580166816711,reinspect,reinspect,43.0
3_001_20200629_202811(5),3,2020-06-29 20:28:11,2020-06-29,3band,0.6913703680038452,reinspect,reinspect,42.0
3_001_20200629_202816(1),3,2020-06-29 20:28:16,2020-06-29,3band,0.690357506275177,reinspect,reinspect,48.0
3_001_20200629_202820(6),3,2020-06-29 20:28:20,2020-06-29,3band,0.6944583058357239,reinspect,reinspect,60.0
3_001_20200629_202825(1),3,2020-06-29 20:28:25,2020-06-29,3band,0.6937664151191711,reinspect,reinspect,47.0
3_001_20200630_003006(2),3,2020-06-30 00:30:06,2020-06-30,3band,0.6869681477546692,reinspect,reinspect,48.0
3_001_20200630_003010(8),3,2020-06-30 00:30:10,2020-06-30,3band,0.6792231202125549,reinspect,reinspect,47.0
3_001_20200630_003015(1),3,2020-06-30 00:30:15,2020-06-30,3band,0.691545307636261,reinspect,reinspect,34.0
3_001_20200630_003019(7),3,2020-06-30 00:30:19,2020-06-30,3band,0.693941056728363,reinspect,reinspect,39.0
3_001_20200630_003024(2),3,2020-06-30 00:30:24,2020-06-30,3band,0.6842310428619385,reinspect,reinspect,50.0
3_001_20200630_003033(2),3,2020-06-30 00:30:33,2020-06-30,3band,0.6887643337249756,reinspect,reinspect,40.0
3_001_20200630_043339(8),3,2020-06-30 04:33:39,2020-06-30,3band,0.6973519325256348,reinspect,reinspect,47.0
3_001_20200630_043538(1),3,2020-06-30 04:35:38,2020-06-30,3band,0.6748719215393066,reinspect,reinspect,45.0
3_001_20200630_043544(2),3,2020-06-30 04:35:44,2020-06-30,3band,0.6863242983818054,reinspect,reinspect,36.0
3_001_20200630_043548(7),3,2020-06-30 04:35:48,2020-06-30,3band,0.7058365345001221,reinspect,reinspect,48.0
3_001_20200630_043600(9),3,2020-06-30 04:36:00,2020-06-30,3band,0.7090336680412292,reinspect,reinspect,42.0
3_001_20200630_043605(5),3,2020-06-30 04:36:05,2020-06-30,3band,0.6843594312667847,reinspect,reinspect,46.0
3_001_20200630_083235(6),3,2020-06-30 08:32:35,2020-06-30,3band,0.6742237210273743,reinspect,reinspect,41.0
3_001_20200630_083322(2),3,2020-06-30 08:33:22,2020-06-30,3band,0.6795960068702698,reinspect,reinspect,40.0
3_001_20200630_083331(2),3,2020-06-30 08:33:31,2020-06-30,3band,0.6891663074493408,reinspect,reinspect,47.0
3_001_20200630_083350(7),3,2020-06-30 08:33:50,2020-06-30,3band,0.700413167476654,reinspect,reinspect,47.0
3_001_20200630_083355(1),3,2020-06-30 08:33:55,2020-06-30,3band,0.6976054310798645,reinspect,reinspect,40.0
3_001_20200630_083405(7),3,2020-06-30 08:34:05,2020-06-30,3band,0.6820889711380005,reinspect,reinspect,38.0
3_001_20200630_123334(2),3,2020-06-30 12:33:34,2020-06-30,3band,0.6857103109359741,reinspect,reinspect,44.0
3_001_20200630_123338(7),3,2020-06-30 12:33:38,2020-06-30,3band,0.6980497241020203,reinspect,reinspect,45.0
3_001_20200630_123343(2),3,2020-06-30 12:33:43,2020-06-30,3band,0.7010821104049683,reinspect,reinspect,44.0
3_001_20200630_123347(6),3,2020-06-30 12:33:47,2020-06-30,3band,0.6768231391906738,reinspect,reinspect,46.0
3_001_20200630_123352(1),3,2020-06-30 12:33:52,2020-06-30,3band,0.6950973868370056,reinspect,reinspect,49.0
3_001_20200630_123423(6),3,2020-06-30 12:34:23,2020-06-30,3band,0.6845769286155701,reinspect,reinspect,42.0
3_001_20200630_123426(8),3,2020-06-30 12:34:26,2020-06-30,3band,0.7004647850990295,reinspect,reinspect,38.0
3_001_20200630_163111(8),3,2020-06-30 16:31:11,2020-06-30,3band,0.6437902450561523,reinspect,reinspect,41.0
3_001_20200630_163116(2),3,2020-06-30 16:31:16,2020-06-30,3band,0.6715277433395386,reinspect,reinspect,61.0
3_001_20200630_163120(7),3,2020-06-30 16:31:20,2020-06-30,3band,0.7103091478347778,reinspect,reinspect,49.0
3_001_20200630_163125(2),3,2020-06-30 16:31:25,2020-06-30,3band,0.7083605527877808,reinspect,reinspect,42.0
3_001_20200630_163129(8),3,2020-06-30 16:31:29,2020-06-30,3band,0.6989103555679321,reinspect,reinspect,38.0
3_001_20200630_163134(2),3,2020-06-30 16:31:34,2020-06-30,3band,0.7001979947090149,reinspect,reinspect,39.0
3_001_20200630_163147(8),3,2020-06-30 16:31:47,2020-06-30,3band,0.6678880453109741,reinspect,reinspect,47.0
3_001_20200630_203200(3),3,2020-06-30 20:32:00,2020-06-30,3band,0.6931406259536743,reinspect,reinspect,44.0
3_001_20200630_203205(0),3,2020-06-30 20:32:05,2020-06-30,3band,0.68963623046875,reinspect,reinspect,47.0
3_001_20200630_203209(3),3,2020-06-30 20:32:09,2020-06-30,3band,0.680543839931488,reinspect,reinspect,49.0
3_001_20200630_203213(8),3,2020-06-30 20:32:13,2020-06-30,3band,0.6981629133224487,reinspect,reinspect,47.0
3_001_20200630_203218(3),3,2020-06-30 20:32:18,2020-06-30,3band,0.704079270362854,reinspect,reinspect,47.0
3_001_20200630_203222(8),3,2020-06-30 20:32:22,2020-06-30,3band,0.7017787098884583,reinspect,reinspect,39.0
3_001_20200701_004132(8),3,2020-07-01 00:41:32,2020-07-01,3band,0.6905466318130493,reinspect,reinspect,54.0
3_001_20200701_004141(6),3,2020-07-01 00:41:41,2020-07-01,3band,0.6946885585784912,reinspect,reinspect,46.0
3_001_20200701_004146(2),3,2020-07-01 00:41:46,2020-07-01,3band,0.6873630285263062,reinspect,reinspect,53.0
3_001_20200701_004150(6),3,2020-07-01 00:41:50,2020-07-01,3band,0.6961060166358948,reinspect,reinspect,51.0
3_001_20200701_004155(1),3,2020-07-01 00:41:55,2020-07-01,3band,0.6801066398620605,reinspect,reinspect,66.0
3_001_20200701_004159(7),3,2020-07-01 00:41:59,2020-07-01,3band,0.6733576059341431,reinspect,reinspect,42.0
3_001_20200701_043236(2),3,2020-07-01 04:32:36,2020-07-01,3band,0.7077247500419617,reinspect,reinspect,50.0
3_001_20200701_043245(3),3,2020-07-01 04:32:45,2020-07-01,3band,0.6971667408943176,reinspect,reinspect,51.0
3_001_20200701_043249(7),3,2020-07-01 04:32:49,2020-07-01,3band,0.675395667552948,reinspect,reinspect,54.0
3_001_20200701_043258(7),3,2020-07-01 04:32:58,2020-07-01,3band,0.6982966661453247,reinspect,reinspect,38.0
3_001_20200701_043307(7),3,2020-07-01 04:33:07,2020-07-01,3band,0.6480786204338074,reinspect,reinspect,37.0
3_001_20200701_043312(4),3,2020-07-01 04:33:12,2020-07-01,3band,0.6795397400856018,reinspect,reinspect,47.0
3_001_20200701_083251(9),3,2020-07-01 08:32:51,2020-07-01,3band,0.6734256148338318,reinspect,reinspect,40.0
3_001_20200701_083256(5),3,2020-07-01 08:32:56,2020-07-01,3band,0.6988736391067505,reinspect,reinspect,43.0
3_001_20200701_083300(7),3,2020-07-01 08:33:00,2020-07-01,3band,0.7028566598892212,reinspect,reinspect,48.0
3_001_20200701_083309(8),3,2020-07-01 08:33:09,2020-07-01,3band,0.6851884126663208,reinspect,reinspect,40.0
3_001_20200701_083323(2),3,2020-07-01 08:33:23,2020-07-01,3band,0.6993147730827332,reinspect,reinspect,43.0
3_001_20200701_083327(8),3,2020-07-01 08:33:27,2020-07-01,3band,0.6932585835456848,reinspect,reinspect,45.0
3_001_20200701_123507(7),3,2020-07-01 12:35:07,2020-07-01,3band,0.6841795444488525,reinspect,reinspect,40.0
3_001_20200701_123511(0),3,2020-07-01 12:35:11,2020-07-01,3band,0.6817166805267334,reinspect,reinspect,48.0
3_001_20200701_123514(1),3,2020-07-01 12:35:14,2020-07-01,3band,0.6769571900367737,reinspect,reinspect,46.0
3_001_20200701_123517(3),3,2020-07-01 12:35:17,2020-07-01,3band,0.6945052742958069,reinspect,reinspect,43.0
3_001_20200701_123520(6),3,2020-07-01 12:35:20,2020-07-01,3band,0.6872509121894836,reinspect,reinspect,48.0
3_001_20200701_123523(9),3,2020-07-01 12:35:23,2020-07-01,3band,0.6853321194648743,reinspect,reinspect,45.0
3_001_20200701_163109(0),3,2020-07-01 16:31:09,2020-07-01,3band,0.6611165404319763,reinspect,reinspect,40.0
3_001_20200701_163112(8),3,2020-07-01 16:31:12,2020-07-01,3band,0.6978043913841248,reinspect,reinspect,41.0
3_001_20200701_163121(1),3,2020-07-01 16:31:21,2020-07-01,3band,0.7066611647605896,reinspect,reinspect,45.0
3_001_20200701_163140(2),3,2020-07-01 16:31:40,2020-07-01,3band,0.7072775363922119,reinspect,reinspect,50.0
3_001_20200701_163144(5),3,2020-07-01 16:31:44,2020-07-01,3band,0.5997157096862793,reinspect,reinspect,45.0
3_001_20200701_163202(1),3,2020-07-01 16:32:02,2020-07-01,3band,0.6676530241966248,reinspect,reinspect,40.0
3_001_20200701_203552(7),3,2020-07-01 20:35:52,2020-07-01,3band,0.6812761425971985,reinspect,reinspect,49.0
3_001_20200701_203557(3),3,2020-07-01 20:35:57,2020-07-01,3band,0.6966800689697266,reinspect,reinspect,50.0
3_001_20200701_203601(8),3,2020-07-01 20:36:01,2020-07-01,3band,0.6943342089653015,reinspect,reinspect,44.0
3_001_20200701_203606(3),3,2020-07-01 20:36:06,2020-07-01,3band,0.701593279838562,reinspect,reinspect,33.0
3_001_20200701_203610(7),3,2020-07-01 20:36:10,2020-07-01,3band,0.6754744648933411,reinspect,reinspect,33.0
3_001_20200701_203615(2),3,2020-07-01 20:36:15,2020-07-01,3band,0.6775248646736145,reinspect,reinspect,49.0
3_001_20200702_003135(7),3,2020-07-02 00:31:35,2020-07-02,3band,0.708261251449585,reinspect,reinspect,42.0
3_001_20200702_003140(4),3,2020-07-02 00:31:40,2020-07-02,3band,0.6982235908508301,reinspect,reinspect,53.0
3_001_20200702_003149(3),3,2020-07-02 00:31:49,2020-07-02,3band,0.6824253797531128,reinspect,reinspect,35.0
3_001_20200702_003154(0),3,2020-07-02 00:31:54,2020-07-02,3band,0.7036548852920532,reinspect,reinspect,36.0
3_001_20200702_003158(4),3,2020-07-02 00:31:58,2020-07-02,3band,0.6996315121650696,reinspect,reinspect,43.0
3_001_20200702_003203(1),3,2020-07-02 00:32:03,2020-07-02,3band,0.6818990707397461,reinspect,reinspect,42.0
3_001_20200702_043956(5),3,2020-07-02 04:39:56,2020-07-02,3band,0.6947344541549683,reinspect,reinspect,40.0
3_001_20200702_043959(8),3,2020-07-02 04:39:59,2020-07-02,3band,0.7122120261192322,reinspect,reinspect,45.0
3_001_20200702_044003(1),3,2020-07-02 04:40:03,2020-07-02,3band,0.6975544095039368,reinspect,reinspect,52.0
3_001_20200702_044006(3),3,2020-07-02 04:40:06,2020-07-02,3band,0.6676189303398132,reinspect,reinspect,38.0
3_001_20200702_044009(8),3,2020-07-02 04:40:09,2020-07-02,3band,0.6939293146133423,reinspect,reinspect,43.0
3_001_20200702_044013(2),3,2020-07-02 04:40:13,2020-07-02,3band,0.6774994134902954,reinspect,reinspect,40.0
3_001_20200706_083233(2),3,2020-07-06 08:32:33,2020-07-06,3band,0.6620564460754395,reinspect,reinspect,46.0
3_001_20200706_083236(5),3,2020-07-06 08:32:36,2020-07-06,3band,0.6916993260383606,reinspect,reinspect,45.0
3_001_20200706_083239(5),3,2020-07-06 08:32:39,2020-07-06,3band,0.6869507431983948,reinspect,reinspect,43.0
3_001_20200706_083242(3),3,2020-07-06 08:32:42,2020-07-06,3band,0.6892008185386658,reinspect,reinspect,54.0
3_001_20200706_083245(3),3,2020-07-06 08:32:45,2020-07-06,3band,0.6847430467605591,reinspect,reinspect,40.0
3_001_20200706_083248(4),3,2020-07-06 08:32:48,2020-07-06,3band,0.6959589123725891,reinspect,reinspect,42.0
3_001_20200706_123355(3),3,2020-07-06 12:33:55,2020-07-06,3band,0.6792861223220825,reinspect,reinspect,50.0
3_001_20200706_123359(3),3,2020-07-06 12:33:59,2020-07-06,3band,0.679682195186615,reinspect,reinspect,40.0
3_001_20200706_123411(3),3,2020-07-06 12:34:11,2020-07-06,3band,0.6900630593299866,reinspect,reinspect,47.0
3_001_20200706_123437(4),3,2020-07-06 12:34:37,2020-07-06,3band,0.670695424079895,reinspect,reinspect,34.0
3_001_20200706_123445(4),3,2020-07-06 12:34:45,2020-07-06,3band,0.7048562169075012,reinspect,reinspect,47.0
3_001_20200706_123449(4),3,2020-07-06 12:34:49,2020-07-06,3band,0.6869168877601624,reinspect,reinspect,50.0
3_001_20200706_163108(5),3,2020-07-06 16:31:08,2020-07-06,3band,0.6730135083198547,reinspect,reinspect,48.0
3_001_20200706_163112(5),3,2020-07-06 16:31:12,2020-07-06,3band,0.6934915781021118,reinspect,reinspect,47.0
3_001_20200706_163116(3),3,2020-07-06 16:31:16,2020-07-06,3band,0.6939918994903564,reinspect,reinspect,41.0
3_001_20200706_163120(5),3,2020-07-06 16:31:20,2020-07-06,3band,0.6721265912055969,reinspect,reinspect,45.0
3_001_20200706_163124(3),3,2020-07-06 16:31:24,2020-07-06,3band,0.6775130033493042,reinspect,reinspect,48.0
3_001_20200706_163134(3),3,2020-07-06 16:31:34,2020-07-06,3band,0.6763195395469666,reinspect,reinspect,43.0
3_001_20200706_203245(6),3,2020-07-06 20:32:45,2020-07-06,3band,0.6839876770973206,reinspect,reinspect,45.0
3_001_20200706_203309(2),3,2020-07-06 20:33:09,2020-07-06,3band,0.6750937104225159,reinspect,reinspect,50.0
3_001_20200706_203419(5),3,2020-07-06 20:34:19,2020-07-06,3band,0.6970489621162415,reinspect,reinspect,51.0
3_001_20200706_203456(7),3,2020-07-06 20:34:56,2020-07-06,3band,0.6939957141876221,reinspect,reinspect,60.0
3_001_20200706_203500(1),3,2020-07-06 20:35:00,2020-07-06,3band,0.6676657199859619,reinspect,reinspect,45.0
3_001_20200706_203520(0),3,2020-07-06 20:35:20,2020-07-06,3band,0.6903866529464722,reinspect,reinspect,56.0
3_001_20200707_003223(4),3,2020-07-07 00:32:23,2020-07-07,3band,0.6933401226997375,reinspect,reinspect,49.0
3_001_20200707_003233(9),3,2020-07-07 00:32:33,2020-07-07,3band,0.686595618724823,reinspect,reinspect,46.0
3_001_20200707_003256(1),3,2020-07-07 00:32:56,2020-07-07,3band,0.6831551194190979,reinspect,reinspect,53.0
3_001_20200707_003312(2),3,2020-07-07 00:33:12,2020-07-07,3band,0.684201180934906,reinspect,reinspect,47.0
3_001_20200707_003315(4),3,2020-07-07 00:33:15,2020-07-07,3band,0.6931795477867126,reinspect,reinspect,49.0
3_001_20200707_003402(5),3,2020-07-07 00:34:02,2020-07-07,3band,0.6848891973495483,reinspect,reinspect,52.0
3_001_20200707_043717(1),3,2020-07-07 04:37:17,2020-07-07,3band,0.6888366937637329,reinspect,reinspect,56.0
3_001_20200707_043827(5),3,2020-07-07 04:38:27,2020-07-07,3band,0.6926226615905762,reinspect,reinspect,50.0
3_001_20200707_043842(1),3,2020-07-07 04:38:42,2020-07-07,3band,0.6843150854110718,reinspect,reinspect,55.0
3_001_20200707_043856(6),3,2020-07-07 04:38:56,2020-07-07,3band,0.6876842975616455,reinspect,reinspect,49.0
3_001_20200707_043900(9),3,2020-07-07 04:39:00,2020-07-07,3band,0.6815436482429504,reinspect,reinspect,51.0
3_001_20200707_044035(7),3,2020-07-07 04:40:35,2020-07-07,3band,0.6812436580657959,reinspect,reinspect,50.0
3_001_20200707_083252(0),3,2020-07-07 08:32:52,2020-07-07,3band,0.7122464776039124,reinspect,reinspect,52.0
3_001_20200707_083254(7),3,2020-07-07 08:32:54,2020-07-07,3band,0.6880788207054138,reinspect,reinspect,46.0
3_001_20200707_083257(4),3,2020-07-07 08:32:57,2020-07-07,3band,0.6834679245948792,reinspect,reinspect,46.0
3_001_20200707_083259(9),3,2020-07-07 08:32:59,2020-07-07,3band,0.6768412590026855,reinspect,reinspect,49.0
3_001_20200707_083302(4),3,2020-07-07 08:33:02,2020-07-07,3band,0.6968536972999573,reinspect,reinspect,56.0
3_001_20200707_083305(1),3,2020-07-07 08:33:05,2020-07-07,3band,0.6983957290649414,reinspect,reinspect,59.0
3_001_20200707_123433(4),3,2020-07-07 12:34:33,2020-07-07,3band,0.6912083625793457,reinspect,reinspect,45.0
3_001_20200707_123441(2),3,2020-07-07 12:34:41,2020-07-07,3band,0.7040959596633911,reinspect,reinspect,55.0
3_001_20200707_123448(9),3,2020-07-07 12:34:48,2020-07-07,3band,0.6640860438346863,reinspect,reinspect,47.0
3_001_20200707_123557(9),3,2020-07-07 12:35:57,2020-07-07,3band,0.688951313495636,reinspect,reinspect,43.0
3_001_20200707_123605(6),3,2020-07-07 12:36:05,2020-07-07,3band,0.6809372305870056,reinspect,reinspect,50.0
3_001_20200707_123640(2),3,2020-07-07 12:36:40,2020-07-07,3band,0.6851390600204468,reinspect,reinspect,46.0
3_001_20200708_041209(1),3,2020-07-08 04:12:09,2020-07-08,3band,0.6665512919425964,reinspect,reinspect,49.0
3_001_20200708_041212(4),3,2020-07-08 04:12:12,2020-07-08,3band,0.7017687559127808,reinspect,reinspect,48.0
3_001_20200708_041219(0),3,2020-07-08 04:12:19,2020-07-08,3band,0.6928699016571045,reinspect,reinspect,51.0
3_001_20200708_041228(7),3,2020-07-08 04:12:28,2020-07-08,3band,0.6762921810150146,reinspect,reinspect,52.0
3_001_20200708_041231(7),3,2020-07-08 04:12:31,2020-07-08,3band,0.6932042837142944,reinspect,reinspect,45.0
3_001_20200708_093645(7),3,2020-07-08 09:36:45,2020-07-08,3band,0.6919556856155396,reinspect,reinspect,53.0
3_001_20200708_093653(4),3,2020-07-08 09:36:53,2020-07-08,3band,0.6720917224884033,reinspect,reinspect,50.0
3_001_20200708_093657(4),3,2020-07-08 09:36:57,2020-07-08,3band,0.6887726783752441,reinspect,reinspect,42.0
3_001_20200708_093703(5),3,2020-07-08 09:37:03,2020-07-08,3band,0.6813164949417114,reinspect,reinspect,47.0
3_001_20200708_093714(9),3,2020-07-08 09:37:14,2020-07-08,3band,0.680575966835022,reinspect,reinspect,51.0
3_001_20200708_093723(4),3,2020-07-08 09:37:23,2020-07-08,3band,0.6623659729957581,reinspect,reinspect,45.0
3_001_20200708_123604(8),3,2020-07-08 12:36:04,2020-07-08,3band,0.6728145480155945,reinspect,reinspect,47.0
3_001_20200708_123620(9),3,2020-07-08 12:36:20,2020-07-08,3band,0.701141893863678,reinspect,reinspect,52.0
3_001_20200708_123811(1),3,2020-07-08 12:38:11,2020-07-08,3band,0.6877803802490234,reinspect,reinspect,48.0
3_001_20200708_123855(3),3,2020-07-08 12:38:55,2020-07-08,3band,0.6848093867301941,reinspect,reinspect,47.0
3_001_20200708_123935(2),3,2020-07-08 12:39:35,2020-07-08,3band,0.7020257115364075,reinspect,reinspect,45.0
3_001_20200708_123946(1),3,2020-07-08 12:39:46,2020-07-08,3band,0.6581214070320129,reinspect,reinspect,49.0
3_001_20200708_163845(3),3,2020-07-08 16:38:45,2020-07-08,3band,0.6896398663520813,reinspect,reinspect,45.0
3_001_20200708_163848(2),3,2020-07-08 16:38:48,2020-07-08,3band,0.6978446245193481,reinspect,reinspect,44.0
3_001_20200708_163851(0),3,2020-07-08 16:38:51,2020-07-08,3band,0.7024951577186584,reinspect,reinspect,41.0
3_001_20200708_163853(5),3,2020-07-08 16:38:53,2020-07-08,3band,0.6837812662124634,reinspect,reinspect,47.0
3_001_20200708_163856(2),3,2020-07-08 16:38:56,2020-07-08,3band,0.6832435131072998,reinspect,reinspect,49.0
3_001_20200708_163858(9),3,2020-07-08 16:38:58,2020-07-08,3band,0.6717297434806824,reinspect,reinspect,42.0
3_001_20200708_203204(7),3,2020-07-08 20:32:04,2020-07-08,3band,0.6945568323135376,reinspect,reinspect,45.0
3_001_20200708_203208(3),3,2020-07-08 20:32:08,2020-07-08,3band,0.6889492869377136,reinspect,reinspect,52.0
3_001_20200708_203247(7),3,2020-07-08 20:32:47,2020-07-08,3band,0.6687530875205994,reinspect,reinspect,43.0
3_001_20200708_203804(5),3,2020-07-08 20:38:04,2020-07-08,3band,0.6813048720359802,reinspect,reinspect,46.0
3_001_20200708_203844(8),3,2020-07-08 20:38:44,2020-07-08,3band,0.6803725957870483,reinspect,reinspect,46.0
3_001_20200708_203917(6),3,2020-07-08 20:39:17,2020-07-08,3band,0.670074462890625,reinspect,reinspect,48.0
3_001_20200713_091052(5),3,2020-07-13 09:10:52,2020-07-13,3band,0.6839793920516968,reinspect,reinspect,50.0
3_001_20200713_091104(2),3,2020-07-13 09:11:04,2020-07-13,3band,0.6846792697906494,reinspect,reinspect,60.0
3_001_20200713_091113(2),3,2020-07-13 09:11:13,2020-07-13,3band,0.684799075126648,reinspect,reinspect,55.0
3_001_20200713_091125(7),3,2020-07-13 09:11:25,2020-07-13,3band,0.696708083152771,reinspect,reinspect,47.0
3_001_20200713_091129(5),3,2020-07-13 09:11:29,2020-07-13,3band,0.6863589882850647,reinspect,reinspect,49.0
3_001_20200713_091141(5),3,2020-07-13 09:11:41,2020-07-13,3band,0.6531755328178406,reinspect,reinspect,52.0
3_001_20200713_123019(3),3,2020-07-13 12:30:19,2020-07-13,3band,0.6630545258522034,reinspect,reinspect,49.0
3_001_20200713_123032(8),3,2020-07-13 12:30:32,2020-07-13,3band,0.6789783835411072,reinspect,reinspect,51.0
3_001_20200713_123043(4),3,2020-07-13 12:30:43,2020-07-13,3band,0.6890602707862854,reinspect,reinspect,47.0
3_001_20200713_123049(2),3,2020-07-13 12:30:49,2020-07-13,3band,0.6690502762794495,reinspect,reinspect,52.0
3_001_20200713_123108(0),3,2020-07-13 12:31:08,2020-07-13,3band,0.6963585615158081,reinspect,reinspect,48.0
3_001_20200713_123114(3),3,2020-07-13 12:31:14,2020-07-13,3band,0.6884571313858032,reinspect,reinspect,49.0
3_001_20200713_163743(9),3,2020-07-13 16:37:43,2020-07-13,3band,0.6894015669822693,reinspect,reinspect,54.0
3_001_20200713_163757(3),3,2020-07-13 16:37:57,2020-07-13,3band,0.6799622178077698,reinspect,reinspect,47.0
3_001_20200713_163904(8),3,2020-07-13 16:39:04,2020-07-13,3band,0.706483006477356,reinspect,reinspect,50.0
3_001_20200713_163925(9),3,2020-07-13 16:39:25,2020-07-13,3band,0.6971550583839417,reinspect,reinspect,55.0
3_001_20200713_163945(4),3,2020-07-13 16:39:45,2020-07-13,3band,0.6844830513000488,reinspect,reinspect,49.0
3_001_20200713_164009(3),3,2020-07-13 16:40:09,2020-07-13,3band,0.7108463048934937,reinspect,reinspect,47.0
3_001_20200713_202630(0),3,2020-07-13 20:26:30,2020-07-13,3band,0.6927573084831238,reinspect,reinspect,42.0
3_001_20200713_202634(5),3,2020-07-13 20:26:34,2020-07-13,3band,0.6883400082588196,reinspect,reinspect,52.0
3_001_20200713_202639(1),3,2020-07-13 20:26:39,2020-07-13,3band,0.6930601000785828,reinspect,reinspect,48.0
3_001_20200713_202643(6),3,2020-07-13 20:26:43,2020-07-13,3band,0.6978973150253296,reinspect,reinspect,45.0
3_001_20200713_202648(2),3,2020-07-13 20:26:48,2020-07-13,3band,0.6897594928741455,reinspect,reinspect,54.0
3_001_20200713_202652(6),3,2020-07-13 20:26:52,2020-07-13,3band,0.7063488960266113,reinspect,reinspect,54.0
3_001_20200714_003045(4),3,2020-07-14 00:30:45,2020-07-14,3band,0.6967290639877319,reinspect,reinspect,54.0
3_001_20200714_003052(4),3,2020-07-14 00:30:52,2020-07-14,3band,0.6944916844367981,reinspect,reinspect,43.0
3_001_20200714_003110(6),3,2020-07-14 00:31:10,2020-07-14,3band,0.7009649872779846,reinspect,reinspect,48.0
3_001_20200714_003118(1),3,2020-07-14 00:31:18,2020-07-14,3band,0.6827144622802734,reinspect,reinspect,45.0
3_001_20200714_003133(7),3,2020-07-14 00:31:33,2020-07-14,3band,0.6681378483772278,reinspect,reinspect,49.0
3_001_20200714_003137(8),3,2020-07-14 00:31:37,2020-07-14,3band,0.6939037442207336,reinspect,reinspect,52.0
3_001_20200714_042943(8),3,2020-07-14 04:29:43,2020-07-14,3band,0.7050253748893738,reinspect,reinspect,44.0
3_001_20200714_042948(4),3,2020-07-14 04:29:48,2020-07-14,3band,0.7063287496566772,reinspect,reinspect,47.0
3_001_20200714_042957(3),3,2020-07-14 04:29:57,2020-07-14,3band,0.688923180103302,reinspect,reinspect,50.0
3_001_20200714_043001(8),3,2020-07-14 04:30:01,2020-07-14,3band,0.6915229558944702,reinspect,reinspect,46.0
3_001_20200714_043006(2),3,2020-07-14 04:30:06,2020-07-14,3band,0.661803126335144,reinspect,reinspect,50.0
3_001_20200714_043010(8),3,2020-07-14 04:30:10,2020-07-14,3band,0.6940799355506897,reinspect,reinspect,51.0
3_001_20200714_084009(9),3,2020-07-14 08:40:09,2020-07-14,3band,0.6724027395248413,reinspect,reinspect,47.0
3_001_20200714_084013(3),3,2020-07-14 08:40:13,2020-07-14,3band,0.6888671517372131,reinspect,reinspect,42.0
3_001_20200714_084020(1),3,2020-07-14 08:40:20,2020-07-14,3band,0.6846627593040466,reinspect,reinspect,45.0
3_001_20200714_084027(0),3,2020-07-14 08:40:27,2020-07-14,3band,0.6908467411994934,reinspect,reinspect,52.0
3_001_20200714_084047(6),3,2020-07-14 08:40:47,2020-07-14,3band,0.6962419748306274,reinspect,reinspect,47.0
3_001_20200714_084106(0),3,2020-07-14 08:41:06,2020-07-14,3band,0.6985467672348022,reinspect,reinspect,52.0
3_001_20200714_123235(9),3,2020-07-14 12:32:35,2020-07-14,3band,0.7008478045463562,reinspect,reinspect,53.0
3_001_20200714_123240(4),3,2020-07-14 12:32:40,2020-07-14,3band,0.6660162806510925,reinspect,reinspect,44.0
3_001_20200714_123244(9),3,2020-07-14 12:32:44,2020-07-14,3band,0.6806448101997375,reinspect,reinspect,40.0
3_001_20200714_123249(5),3,2020-07-14 12:32:49,2020-07-14,3band,0.6812137365341187,reinspect,reinspect,44.0
3_001_20200714_123253(9),3,2020-07-14 12:32:53,2020-07-14,3band,0.6682976484298706,reinspect,reinspect,51.0
3_001_20200714_123258(4),3,2020-07-14 12:32:58,2020-07-14,3band,0.6795802116394043,reinspect,reinspect,49.0
3_001_20200714_163058(0),3,2020-07-14 16:30:58,2020-07-14,3band,0.6977977752685547,reinspect,reinspect,40.0
3_001_20200714_163100(9),3,2020-07-14 16:31:00,2020-07-14,3band,0.6766526699066162,reinspect,reinspect,46.0
3_001_20200714_163104(1),3,2020-07-14 16:31:04,2020-07-14,3band,0.6846572160720825,reinspect,reinspect,38.0
3_001_20200714_163107(2),3,2020-07-14 16:31:07,2020-07-14,3band,0.6801261305809021,reinspect,reinspect,44.0
3_001_20200714_163110(3),3,2020-07-14 16:31:10,2020-07-14,3band,0.6718365550041199,reinspect,reinspect,44.0
3_001_20200714_163113(3),3,2020-07-14 16:31:13,2020-07-14,3band,0.6952860951423645,reinspect,reinspect,45.0
3_001_20200714_225902(4),3,2020-07-14 22:59:02,2020-07-14,3band,0.6879559755325317,reinspect,reinspect,46.0
3_001_20200714_225906(4),3,2020-07-14 22:59:06,2020-07-14,3band,0.6798030138015747,reinspect,reinspect,45.0
3_001_20200714_225909(9),3,2020-07-14 22:59:09,2020-07-14,3band,0.6691032648086548,reinspect,reinspect,47.0
3_001_20200714_225913(0),3,2020-07-14 22:59:13,2020-07-14,3band,0.6975092887878418,reinspect,reinspect,38.0
3_001_20200714_225916(1),3,2020-07-14 22:59:16,2020-07-14,3band,0.6739624738693237,reinspect,reinspect,50.0
3_001_20200714_225919(2),3,2020-07-14 22:59:19,2020-07-14,3band,0.6882405281066895,reinspect,reinspect,36.0
3_001_20200715_002651(8),3,2020-07-15 00:26:51,2020-07-15,3band,0.7081369161605835,reinspect,reinspect,46.0
3_001_20200715_002656(3),3,2020-07-15 00:26:56,2020-07-15,3band,0.6963817477226257,reinspect,reinspect,43.0
3_001_20200715_002700(8),3,2020-07-15 00:27:00,2020-07-15,3band,0.6838386058807373,reinspect,reinspect,43.0
3_001_20200715_002705(1),3,2020-07-15 00:27:05,2020-07-15,3band,0.6963942050933838,reinspect,reinspect,35.0
3_001_20200715_002709(8),3,2020-07-15 00:27:09,2020-07-15,3band,0.6695720553398132,reinspect,reinspect,46.0
3_001_20200715_002714(2),3,2020-07-15 00:27:14,2020-07-15,3band,0.7116818428039551,reinspect,reinspect,48.0
3_001_20200715_042104(4),3,2020-07-15 04:21:04,2020-07-15,3band,0.6930787563323975,reinspect,reinspect,44.0
3_001_20200715_042108(8),3,2020-07-15 04:21:08,2020-07-15,3band,0.6691093444824219,reinspect,reinspect,50.0
3_001_20200715_042113(4),3,2020-07-15 04:21:13,2020-07-15,3band,0.7051087021827698,reinspect,reinspect,53.0
3_001_20200715_042118(0),3,2020-07-15 04:21:18,2020-07-15,3band,0.6813247799873352,reinspect,reinspect,43.0
3_001_20200715_042122(5),3,2020-07-15 04:21:22,2020-07-15,3band,0.6918010115623474,reinspect,reinspect,48.0
3_001_20200715_042127(0),3,2020-07-15 04:21:27,2020-07-15,3band,0.7014962434768677,reinspect,reinspect,42.0
3_001_20200715_083509(3),3,2020-07-15 08:35:09,2020-07-15,3band,0.6802101731300354,reinspect,reinspect,50.0
3_001_20200715_083513(8),3,2020-07-15 08:35:13,2020-07-15,3band,0.7074256539344788,reinspect,reinspect,47.0
3_001_20200715_083518(2),3,2020-07-15 08:35:18,2020-07-15,3band,0.6922765970230103,reinspect,reinspect,47.0
3_001_20200715_083522(7),3,2020-07-15 08:35:22,2020-07-15,3band,0.688464343547821,reinspect,reinspect,52.0
3_001_20200715_083527(3),3,2020-07-15 08:35:27,2020-07-15,3band,0.6910269856452942,reinspect,reinspect,42.0
3_001_20200715_083531(8),3,2020-07-15 08:35:31,2020-07-15,3band,0.6965565085411072,reinspect,reinspect,44.0
3_001_20200721_163828(2),3,2020-07-21 16:38:28,2020-07-21,1band,0.6532593369483948,reinspect,reinspect,42.0
3_001_20200721_163831(6),3,2020-07-21 16:38:31,2020-07-21,1band,0.5360297560691833,reinspect,pass,51.0
3_001_20200721_163835(0),3,2020-07-21 16:38:35,2020-07-21,1band,0.6075869798660278,reinspect,reinspect,49.0
3_001_20200721_163838(2),3,2020-07-21 16:38:38,2020-07-21,1band,0.560019314289093,reinspect,reinspect,46.0
3_001_20200721_163841(6),3,2020-07-21 16:38:41,2020-07-21,1band,0.4549591541290283,reinspect,pass,40.0
3_001_20200721_163845(0),3,2020-07-21 16:38:45,2020-07-21,1band,0.596346378326416,reinspect,reinspect,37.0
3_001_20200722_003342(7),3,2020-07-22 00:33:42,2020-07-22,1band,0.6775319576263428,reinspect,reinspect,53.0
3_001_20200722_003351(5),3,2020-07-22 00:33:51,2020-07-22,1band,0.6507737636566162,reinspect,reinspect,52.0
3_001_20200722_043531(1),3,2020-07-22 04:35:31,2020-07-22,1band,0.5740282535552979,reinspect,reinspect,40.0
3_001_20200722_043535(5),3,2020-07-22 04:35:35,2020-07-22,1band,0.6878153085708618,reinspect,reinspect,52.0
3_001_20200722_083525(2),3,2020-07-22 08:35:25,2020-07-22,1band,0.7004287838935852,reinspect,reinspect,51.0
3_001_20200722_083529(6),3,2020-07-22 08:35:29,2020-07-22,1band,0.671670138835907,reinspect,reinspect,50.0
3_001_20200722_131315(1),3,2020-07-22 13:13:15,2020-07-22,1band,0.5354364514350891,reinspect,pass,52.0
3_001_20200722_131319(5),3,2020-07-22 13:13:19,2020-07-22,1band,0.5765978097915649,reinspect,reinspect,43.0
3_001_20200722_163247(7),3,2020-07-22 16:32:47,2020-07-22,1band,0.5283463597297668,reinspect,pass,57.0
3_001_20200722_163255(2),3,2020-07-22 16:32:55,2020-07-22,1band,0.5884947776794434,reinspect,reinspect,55.0
3_001_20200723_003047(2),3,2020-07-23 00:30:47,2020-07-23,1band,0.6267775893211365,reinspect,reinspect,47.0
3_001_20200723_003051(9),3,2020-07-23 00:30:51,2020-07-23,1band,0.6497285962104797,reinspect,reinspect,49.0
3_001_20200723_043303(9),3,2020-07-23 04:33:03,2020-07-23,1band,0.6957356929779053,reinspect,reinspect,48.0
3_001_20200723_043308(5),3,2020-07-23 04:33:08,2020-07-23,1band,0.5850539207458496,reinspect,reinspect,46.0
3_001_20200723_082647(1),3,2020-07-23 08:26:47,2020-07-23,1band,0.604262113571167,reinspect,reinspect,44.0
3_001_20200723_082651(6),3,2020-07-23 08:26:51,2020-07-23,1band,0.6328878998756409,reinspect,reinspect,45.0
3_001_20200723_123426(4),3,2020-07-23 12:34:26,2020-07-23,1band,0.6102087497711182,reinspect,reinspect,50.0
3_001_20200723_123428(2),3,2020-07-23 12:34:28,2020-07-23,1band,0.6741788983345032,reinspect,reinspect,58.0
3_001_20200723_163233(0),3,2020-07-23 16:32:33,2020-07-23,1band,0.526016116142273,reinspect,pass,50.0
3_001_20200723_163243(6),3,2020-07-23 16:32:43,2020-07-23,1band,0.5885095000267029,reinspect,reinspect,47.0
3_001_20200723_203353(2),3,2020-07-23 20:33:53,2020-07-23,1band,0.7042969465255737,reinspect,reinspect,47.0
3_001_20200723_203357(7),3,2020-07-23 20:33:57,2020-07-23,1band,0.4922178089618683,reinspect,pass,46.0
3_001_20200724_003201(1),3,2020-07-24 00:32:01,2020-07-24,1band,0.6364554762840271,reinspect,reinspect,52.0
3_001_20200724_003210(1),3,2020-07-24 00:32:10,2020-07-24,1band,0.6624770760536194,reinspect,reinspect,55.0
3_001_20200727_091913(0),3,2020-07-27 09:19:13,2020-07-27,1band,0.5392909049987793,reinspect,pass,47.0
3_001_20200727_091915(2),3,2020-07-27 09:19:15,2020-07-27,1band,0.577392041683197,reinspect,reinspect,49.0
3_001_20200727_123118(0),3,2020-07-27 12:31:18,2020-07-27,1band,0.6978433728218079,reinspect,reinspect,54.0
3_001_20200727_123121(5),3,2020-07-27 12:31:21,2020-07-27,1band,0.6910156011581421,reinspect,reinspect,45.0
3_001_20200727_163532(4),3,2020-07-27 16:35:32,2020-07-27,1band,0.6123554110527039,reinspect,reinspect,49.0
3_001_20200727_163538(3),3,2020-07-27 16:35:38,2020-07-27,1band,0.4965332150459289,reinspect,pass,43.0
3_001_20200810_085047(2),3,2020-08-10 08:50:47,2020-08-10,1band,0.6833181977272034,reinspect,reinspect,42.0
3_001_20200814_043345(8),3,2020-08-14 04:33:45,2020-08-14,1band,0.6415143013000488,reinspect,reinspect,47.0
3_001_20200818_123638(1),3,2020-08-18 12:36:38,2020-08-18,1band,0.6334819793701172,reinspect,reinspect,53.0
3_001_20200819_162727(9),3,2020-08-19 16:27:27,2020-08-19,1band,0.6165661215782166,reinspect,reinspect,55.0
3_001_20200831_123324(1),3,2020-08-31 12:33:24,2020-08-31,1band,0.6535733342170715,reinspect,reinspect,44.0
3_001_20200831_163330(7),3,2020-08-31 16:33:30,2020-08-31,1band,0.6772778630256653,reinspect,reinspect,53.0
3_001_20200831_163332(1),3,2020-08-31 16:33:32,2020-08-31,1band,0.6994088292121887,reinspect,reinspect,49.0
3_001_20200831_203249(0),3,2020-08-31 20:32:49,2020-08-31,1band,0.6443586349487305,reinspect,reinspect,43.0
3_001_20200831_203253(5),3,2020-08-31 20:32:53,2020-08-31,1band,0.5177000761032104,reinspect,pass,51.0
3_001_20200901_003429(1),3,2020-09-01 00:34:29,2020-09-01,1band,0.6406400203704834,reinspect,reinspect,47.0
3_001_20200901_003433(7),3,2020-09-01 00:34:33,2020-09-01,1band,0.6417686343193054,reinspect,reinspect,51.0
3_001_20200901_003438(1),3,2020-09-01 00:34:38,2020-09-01,1band,0.6702842116355896,reinspect,reinspect,50.0
3_001_20200901_003442(7),3,2020-09-01 00:34:42,2020-09-01,1band,0.5385714769363403,reinspect,pass,45.0
3_001_20200901_003447(1),3,2020-09-01 00:34:47,2020-09-01,1band,0.5571193695068359,reinspect,reinspect,52.0
3_001_20200901_003451(7),3,2020-09-01 00:34:51,2020-09-01,1band,0.6737751364707947,reinspect,reinspect,53.0
3_001_20200901_043410(8),3,2020-09-01 04:34:10,2020-09-01,1band,0.6296051144599915,reinspect,reinspect,39.0
3_001_20200901_043415(3),3,2020-09-01 04:34:15,2020-09-01,1band,0.6746023297309875,reinspect,reinspect,37.0
3_001_20200901_043419(9),3,2020-09-01 04:34:19,2020-09-01,1band,0.5285515785217285,reinspect,pass,49.0
3_001_20200901_043424(4),3,2020-09-01 04:34:24,2020-09-01,1band,0.6821591258049011,reinspect,reinspect,52.0
3_001_20200901_043428(8),3,2020-09-01 04:34:28,2020-09-01,1band,0.6782772541046143,reinspect,reinspect,46.0
3_001_20200901_043433(3),3,2020-09-01 04:34:33,2020-09-01,1band,0.6877977252006531,reinspect,reinspect,54.0
3_001_20200901_083346(7),3,2020-09-01 08:33:46,2020-09-01,1band,0.6676455736160278,reinspect,reinspect,53.0
3_001_20200901_083356(1),3,2020-09-01 08:33:56,2020-09-01,1band,0.6427167654037476,reinspect,reinspect,52.0
3_001_20200901_083422(0),3,2020-09-01 08:34:22,2020-09-01,1band,0.6868804097175598,reinspect,reinspect,49.0
3_001_20200901_083438(5),3,2020-09-01 08:34:38,2020-09-01,1band,0.654244601726532,reinspect,reinspect,43.0
3_001_20200901_083442(9),3,2020-09-01 08:34:42,2020-09-01,1band,0.6409400701522827,reinspect,reinspect,54.0
3_001_20200901_083502(5),3,2020-09-01 08:35:02,2020-09-01,1band,0.6739373207092285,reinspect,reinspect,45.0
3_001_20200901_123053(8),3,2020-09-01 12:30:53,2020-09-01,1band,0.6234758496284485,reinspect,reinspect,42.0
3_001_20200901_123056(9),3,2020-09-01 12:30:56,2020-09-01,1band,0.6953190565109253,reinspect,reinspect,39.0
3_001_20200901_123100(2),3,2020-09-01 12:31:00,2020-09-01,1band,0.663479208946228,reinspect,reinspect,52.0
3_001_20200901_123103(2),3,2020-09-01 12:31:03,2020-09-01,1band,0.5873129367828369,reinspect,reinspect,44.0
3_001_20200901_123106(4),3,2020-09-01 12:31:06,2020-09-01,3band,0.5515797734260559,reinspect,pass,46.0
3_001_20200901_123109(7),3,2020-09-01 12:31:09,2020-09-01,1band,0.5163744688034058,reinspect,pass,48.0
3_001_20200904_230425(6),3,2020-09-04 23:04:25,2020-09-04,1band,0.6919425129890442,reinspect,reinspect,47.0
3_001_20200904_230429(3),3,2020-09-04 23:04:29,2020-09-04,1band,0.6449865102767944,reinspect,reinspect,45.0
3_001_20200904_230433(1),3,2020-09-04 23:04:33,2020-09-04,1band,0.6513544321060181,reinspect,reinspect,40.0
3_001_20200904_230437(0),3,2020-09-04 23:04:37,2020-09-04,1band,0.6303789615631104,reinspect,reinspect,53.0
3_001_20200904_230440(7),3,2020-09-04 23:04:40,2020-09-04,3band,0.6176549792289734,reinspect,reinspect,39.0
3_001_20200904_230444(3),3,2020-09-04 23:04:44,2020-09-04,1band,0.6089901328086853,reinspect,reinspect,39.0
3_001_20200905_003911(9),3,2020-09-05 00:39:11,2020-09-05,1band,0.5997939705848694,reinspect,reinspect,50.0
3_001_20200905_003914(9),3,2020-09-05 00:39:14,2020-09-05,1band,0.6747773289680481,reinspect,reinspect,55.0
3_001_20200905_003918(2),3,2020-09-05 00:39:18,2020-09-05,1band,0.6620018482208252,reinspect,reinspect,42.0
3_001_20200905_003921(2),3,2020-09-05 00:39:21,2020-09-05,1band,0.5907090902328491,reinspect,reinspect,54.0
3_001_20200905_003924(3),3,2020-09-05 00:39:24,2020-09-05,1band,0.6818240284919739,reinspect,reinspect,48.0
3_001_20200905_003927(3),3,2020-09-05 00:39:27,2020-09-05,1band,0.502159833908081,reinspect,pass,40.0
3_001_20200905_043356(8),3,2020-09-05 04:33:56,2020-09-05,1band,0.653484582901001,reinspect,reinspect,51.0
3_001_20200905_043359(9),3,2020-09-05 04:33:59,2020-09-05,1band,0.6916581988334656,reinspect,reinspect,48.0
3_001_20200905_043402(9),3,2020-09-05 04:34:02,2020-09-05,1band,0.6034693717956543,reinspect,reinspect,54.0
3_001_20200905_043406(0),3,2020-09-05 04:34:06,2020-09-05,1band,0.5658508539199829,reinspect,reinspect,41.0
3_001_20200905_043409(3),3,2020-09-05 04:34:09,2020-09-05,1band,0.645000696182251,reinspect,reinspect,48.0
3_001_20200905_043412(3),3,2020-09-05 04:34:12,2020-09-05,1band,0.6813656091690063,reinspect,reinspect,46.0
3_001_20200905_083552(0),3,2020-09-05 08:35:52,2020-09-05,1band,0.6482337117195129,reinspect,reinspect,49.0
3_001_20200905_083555(2),3,2020-09-05 08:35:55,2020-09-05,1band,0.7043665051460266,reinspect,reinspect,41.0
3_001_20200905_083558(2),3,2020-09-05 08:35:58,2020-09-05,1band,0.6903784871101379,reinspect,reinspect,36.0
3_001_20200905_083603(0),3,2020-09-05 08:36:03,2020-09-05,1band,0.6493454575538635,reinspect,reinspect,49.0
3_001_20200905_083606(6),3,2020-09-05 08:36:06,2020-09-05,1band,0.700339674949646,reinspect,reinspect,48.0
3_001_20200905_083609(7),3,2020-09-05 08:36:09,2020-09-05,1band,0.6343389749526978,reinspect,reinspect,52.0
3_001_20200905_123258(6),3,2020-09-05 12:32:58,2020-09-05,1band,0.6458909511566162,reinspect,reinspect,54.0
3_001_20200905_123303(2),3,2020-09-05 12:33:03,2020-09-05,1band,0.6720356345176697,reinspect,reinspect,52.0
3_001_20200905_123307(6),3,2020-09-05 12:33:07,2020-09-05,1band,0.6939696073532104,reinspect,reinspect,48.0
3_001_20200905_123312(1),3,2020-09-05 12:33:12,2020-09-05,1band,0.5948016047477722,reinspect,reinspect,45.0
3_001_20200905_123316(6),3,2020-09-05 12:33:16,2020-09-05,1band,0.5636365413665771,reinspect,reinspect,46.0
3_001_20200905_123321(0),3,2020-09-05 12:33:21,2020-09-05,1band,0.6567240357398987,reinspect,reinspect,49.0
3_001_20200905_164117(6),3,2020-09-05 16:41:17,2020-09-05,1band,0.6294167637825012,reinspect,reinspect,49.0
3_001_20200905_164122(0),3,2020-09-05 16:41:22,2020-09-05,1band,0.6482328176498413,reinspect,reinspect,42.0
3_001_20200905_164126(5),3,2020-09-05 16:41:26,2020-09-05,1band,0.6001361608505249,reinspect,reinspect,46.0
3_001_20200905_164131(0),3,2020-09-05 16:41:31,2020-09-05,1band,0.6563664674758911,reinspect,reinspect,50.0
3_001_20200905_164135(4),3,2020-09-05 16:41:35,2020-09-05,1band,0.6957340240478516,reinspect,reinspect,53.0
3_001_20200905_164140(0),3,2020-09-05 16:41:40,2020-09-05,1band,0.7020724415779114,reinspect,reinspect,51.0
3_001_20200905_204255(4),3,2020-09-05 20:42:55,2020-09-05,1band,0.6780286431312561,reinspect,reinspect,55.0
3_001_20200905_204300(0),3,2020-09-05 20:43:00,2020-09-05,1band,0.6851865649223328,reinspect,reinspect,48.0
3_001_20200905_204304(5),3,2020-09-05 20:43:04,2020-09-05,1band,0.6968245506286621,reinspect,reinspect,51.0
3_001_20200905_204309(0),3,2020-09-05 20:43:09,2020-09-05,1band,0.6983904838562012,reinspect,reinspect,53.0
3_001_20200905_204313(4),3,2020-09-05 20:43:13,2020-09-05,1band,0.6605899333953857,reinspect,reinspect,49.0
3_001_20200905_204317(9),3,2020-09-05 20:43:17,2020-09-05,1band,0.6808204054832458,reinspect,reinspect,45.0
3_001_20200907_185040(2),3,2020-09-07 18:50:40,2020-09-07,1band,0.6262857913970947,reinspect,reinspect,51.0
3_001_20200907_185043(2),3,2020-09-07 18:50:43,2020-09-07,1band,0.6861916184425354,reinspect,reinspect,44.0
3_001_20200907_185046(1),3,2020-09-07 18:50:46,2020-09-07,1band,0.6117687225341797,reinspect,reinspect,49.0
3_001_20200907_185049(1),3,2020-09-07 18:50:49,2020-09-07,1band,0.5750654339790344,reinspect,reinspect,47.0
3_001_20200907_185052(1),3,2020-09-07 18:50:52,2020-09-07,1band,0.6537083387374878,reinspect,reinspect,45.0
3_001_20200907_185055(2),3,2020-09-07 18:50:55,2020-09-07,1band,0.6811721920967102,reinspect,reinspect,58.0
3_001_20200907_204437(0),3,2020-09-07 20:44:37,2020-09-07,3band,0.6455782651901245,reinspect,reinspect,47.0
3_001_20200907_204440(2),3,2020-09-07 20:44:40,2020-09-07,1band,0.6942545175552368,reinspect,reinspect,54.0
3_001_20200907_204443(2),3,2020-09-07 20:44:43,2020-09-07,1band,0.7151188254356384,reinspect,reinspect,52.0
3_001_20200907_204446(0),3,2020-09-07 20:44:46,2020-09-07,1band,0.6228413581848145,reinspect,reinspect,48.0
3_001_20200907_204448(8),3,2020-09-07 20:44:48,2020-09-07,1band,0.6511287093162537,reinspect,reinspect,43.0
3_001_20200907_204451(8),3,2020-09-07 20:44:51,2020-09-07,1band,0.7032830715179443,reinspect,reinspect,50.0
3_001_20200908_003050(8),3,2020-09-08 00:30:50,2020-09-08,1band,0.6198771595954895,reinspect,reinspect,48.0
3_001_20200908_003059(1),3,2020-09-08 00:30:59,2020-09-08,1band,0.5321388840675354,reinspect,pass,41.0
3_001_20200908_003103(1),3,2020-09-08 00:31:03,2020-09-08,1band,0.6918053030967712,reinspect,reinspect,51.0
3_001_20200908_003107(4),3,2020-09-08 00:31:07,2020-09-08,1band,0.6788786053657532,reinspect,reinspect,41.0
3_001_20200908_003111(1),3,2020-09-08 00:31:11,2020-09-08,1band,0.670885443687439,reinspect,reinspect,49.0
3_001_20200908_003115(2),3,2020-09-08 00:31:15,2020-09-08,1band,0.7056957483291626,reinspect,reinspect,49.0
3_001_20200908_043328(0),3,2020-09-08 04:33:28,2020-09-08,1band,0.6024987101554871,reinspect,reinspect,46.0
3_001_20200908_043332(2),3,2020-09-08 04:33:32,2020-09-08,1band,0.6428284645080566,reinspect,reinspect,44.0
3_001_20200908_043336(7),3,2020-09-08 04:33:36,2020-09-08,1band,0.6645360589027405,reinspect,reinspect,43.0
3_001_20200908_043341(4),3,2020-09-08 04:33:41,2020-09-08,1band,0.7003393173217773,reinspect,reinspect,41.0
3_001_20200908_043345(8),3,2020-09-08 04:33:45,2020-09-08,1band,0.7067285776138306,reinspect,reinspect,48.0
3_001_20200908_043350(5),3,2020-09-08 04:33:50,2020-09-08,1band,0.6065733432769775,reinspect,reinspect,55.0
3_001_20200912_021546(2),3,2020-09-12 02:15:46,2020-09-12,1band,0.6926482915878296,reinspect,reinspect,51.0
3_001_20200912_021549(3),3,2020-09-12 02:15:49,2020-09-12,1band,0.6223165392875671,reinspect,reinspect,45.0
3_001_20200912_021552(4),3,2020-09-12 02:15:52,2020-09-12,1band,0.6970776915550232,reinspect,reinspect,40.0
3_001_20200912_021555(0),3,2020-09-12 02:15:55,2020-09-12,1band,0.6875855326652527,reinspect,reinspect,52.0
3_001_20200912_021601(0),3,2020-09-12 02:16:01,2020-09-12,1band,0.6717023849487305,reinspect,reinspect,49.0
3_001_20200912_021604(3),3,2020-09-12 02:16:04,2020-09-12,1band,0.6178711652755737,reinspect,reinspect,55.0
3_001_20200912_043256(0),3,2020-09-12 04:32:56,2020-09-12,1band,0.6311023831367493,reinspect,reinspect,48.0
3_001_20200912_043259(2),3,2020-09-12 04:32:59,2020-09-12,1band,0.5996003150939941,reinspect,reinspect,46.0
3_001_20200912_043302(3),3,2020-09-12 04:33:02,2020-09-12,1band,0.6277921199798584,reinspect,reinspect,42.0
3_001_20200912_043304(9),3,2020-09-12 04:33:04,2020-09-12,3band,0.692367672920227,reinspect,reinspect,43.0
3_001_20200912_043307(9),3,2020-09-12 04:33:07,2020-09-12,1band,0.5942454934120178,reinspect,reinspect,48.0
3_001_20200912_043310(9),3,2020-09-12 04:33:10,2020-09-12,1band,0.6277074217796326,reinspect,reinspect,48.0
3_001_20200912_123123(1),3,2020-09-12 12:31:23,2020-09-12,1band,0.6317756175994873,reinspect,reinspect,43.0
3_001_20200912_123126(0),3,2020-09-12 12:31:26,2020-09-12,1band,0.6196647882461548,reinspect,reinspect,46.0
3_001_20200912_123129(3),3,2020-09-12 12:31:29,2020-09-12,1band,0.691415548324585,reinspect,reinspect,39.0
3_001_20200912_123132(4),3,2020-09-12 12:31:32,2020-09-12,1band,0.6741493940353394,reinspect,reinspect,40.0
3_001_20200912_123135(5),3,2020-09-12 12:31:35,2020-09-12,1band,0.5515189170837402,reinspect,pass,48.0
3_001_20200912_123138(5),3,2020-09-12 12:31:38,2020-09-12,1band,0.5605161190032959,reinspect,reinspect,46.0
3_001_20200912_163419(0),3,2020-09-12 16:34:19,2020-09-12,1band,0.6695342659950256,reinspect,reinspect,57.0
3_001_20200912_163423(5),3,2020-09-12 16:34:23,2020-09-12,1band,0.5537786483764648,reinspect,pass,60.0
3_001_20200912_163427(9),3,2020-09-12 16:34:27,2020-09-12,1band,0.6849674582481384,reinspect,reinspect,48.0
3_001_20200912_163432(2),3,2020-09-12 16:34:32,2020-09-12,1band,0.6843264698982239,reinspect,reinspect,43.0
3_001_20200912_163436(7),3,2020-09-12 16:34:36,2020-09-12,1band,0.6417151093482971,reinspect,reinspect,48.0
3_001_20200912_163441(0),3,2020-09-12 16:34:41,2020-09-12,1band,0.5411428809165955,reinspect,pass,40.0
3_001_20200912_202811(1),3,2020-09-12 20:28:11,2020-09-12,1band,0.5763224363327026,reinspect,reinspect,44.0
3_001_20200912_202815(6),3,2020-09-12 20:28:15,2020-09-12,1band,0.6694798469543457,reinspect,reinspect,56.0
3_001_20200912_202820(0),3,2020-09-12 20:28:20,2020-09-12,1band,0.6378574967384338,reinspect,reinspect,43.0
3_001_20200912_202824(6),3,2020-09-12 20:28:24,2020-09-12,1band,0.6143607497215271,reinspect,reinspect,44.0
3_001_20200912_202829(2),3,2020-09-12 20:28:29,2020-09-12,1band,0.6212285757064819,reinspect,reinspect,51.0
3_001_20200912_202833(7),3,2020-09-12 20:28:33,2020-09-12,1band,0.6684821844100952,reinspect,reinspect,46.0
3_001_20200914_083101(5),3,2020-09-14 08:31:01,2020-09-14,1band,0.6352401375770569,reinspect,reinspect,52.0
3_001_20200914_083105(1),3,2020-09-14 08:31:05,2020-09-14,1band,0.5978229641914368,reinspect,reinspect,42.0
3_001_20200914_083108(8),3,2020-09-14 08:31:08,2020-09-14,1band,0.6533448100090027,reinspect,reinspect,38.0
3_001_20200914_083111(5),3,2020-09-14 08:31:11,2020-09-14,1band,0.6033862829208374,reinspect,reinspect,50.0
3_001_20200914_083114(5),3,2020-09-14 08:31:14,2020-09-14,1band,0.60957932472229,reinspect,reinspect,46.0
3_001_20200914_083117(5),3,2020-09-14 08:31:17,2020-09-14,1band,0.6245120167732239,reinspect,reinspect,45.0
3_001_20200914_124151(5),3,2020-09-14 12:41:51,2020-09-14,1band,0.7056063413619995,reinspect,reinspect,52.0
3_001_20200914_124155(9),3,2020-09-14 12:41:55,2020-09-14,1band,0.6761955618858337,reinspect,reinspect,42.0
3_001_20200914_124200(5),3,2020-09-14 12:42:00,2020-09-14,1band,0.6588330864906311,reinspect,reinspect,47.0
3_001_20200914_124205(0),3,2020-09-14 12:42:05,2020-09-14,1band,0.643771231174469,reinspect,reinspect,42.0
3_001_20200914_124209(5),3,2020-09-14 12:42:09,2020-09-14,1band,0.6882331371307373,reinspect,reinspect,55.0
3_001_20200914_124214(0),3,2020-09-14 12:42:14,2020-09-14,1band,0.6507395505905151,reinspect,reinspect,46.0
3_001_20200914_163305(1),3,2020-09-14 16:33:05,2020-09-14,1band,0.6561399102210999,reinspect,reinspect,53.0
3_001_20200914_163315(7),3,2020-09-14 16:33:15,2020-09-14,1band,0.7015584111213684,reinspect,reinspect,54.0
3_001_20200914_163320(2),3,2020-09-14 16:33:20,2020-09-14,1band,0.6995545625686646,reinspect,reinspect,48.0
3_001_20200914_163324(7),3,2020-09-14 16:33:24,2020-09-14,1band,0.6581598520278931,reinspect,reinspect,42.0
3_001_20200914_163333(8),3,2020-09-14 16:33:33,2020-09-14,1band,0.6675133109092712,reinspect,reinspect,50.0
3_001_20200914_163338(3),3,2020-09-14 16:33:38,2020-09-14,1band,0.6876690983772278,reinspect,reinspect,47.0
3_001_20200914_203322(0),3,2020-09-14 20:33:22,2020-09-14,1band,0.6448190212249756,reinspect,reinspect,45.0
3_001_20200914_203326(4),3,2020-09-14 20:33:26,2020-09-14,1band,0.4864411056041717,reinspect,pass,51.0
3_001_20200914_203330(8),3,2020-09-14 20:33:30,2020-09-14,1band,0.528864324092865,reinspect,pass,43.0
3_001_20200914_203335(4),3,2020-09-14 20:33:35,2020-09-14,1band,0.6387578248977661,reinspect,reinspect,43.0
3_001_20200914_203340(0),3,2020-09-14 20:33:40,2020-09-14,1band,0.648870587348938,reinspect,reinspect,48.0
3_001_20200914_203344(4),3,2020-09-14 20:33:44,2020-09-14,1band,0.6750527024269104,reinspect,reinspect,44.0
3_001_20200915_003734(8),3,2020-09-15 00:37:34,2020-09-15,3band,0.6333476305007935,reinspect,reinspect,45.0
3_001_20200915_003737(5),3,2020-09-15 00:37:37,2020-09-15,1band,0.6291395425796509,reinspect,reinspect,52.0
3_001_20200915_003740(4),3,2020-09-15 00:37:40,2020-09-15,3band,0.6729799509048462,reinspect,reinspect,41.0
3_001_20200915_003743(5),3,2020-09-15 00:37:43,2020-09-15,1band,0.614290714263916,reinspect,reinspect,51.0
3_001_20200915_003746(5),3,2020-09-15 00:37:46,2020-09-15,1band,0.5566484928131104,reinspect,reinspect,37.0
3_001_20200915_003749(6),3,2020-09-15 00:37:49,2020-09-15,1band,0.5763069987297058,reinspect,reinspect,43.0
3_001_20200915_043556(4),3,2020-09-15 04:35:56,2020-09-15,1band,0.6528749465942383,reinspect,reinspect,44.0
3_001_20200915_043601(0),3,2020-09-15 04:36:01,2020-09-15,1band,0.6932910680770874,reinspect,reinspect,52.0
3_001_20200915_043605(3),3,2020-09-15 04:36:05,2020-09-15,1band,0.4734672605991363,reinspect,pass,53.0
3_001_20200915_043609(9),3,2020-09-15 04:36:09,2020-09-15,1band,0.6466049551963806,reinspect,reinspect,43.0
3_001_20200915_043614(4),3,2020-09-15 04:36:14,2020-09-15,1band,0.6498720049858093,reinspect,reinspect,49.0
3_001_20200915_043618(9),3,2020-09-15 04:36:18,2020-09-15,1band,0.6572368144989014,reinspect,reinspect,39.0
3_001_20200915_083241(0),3,2020-09-15 08:32:41,2020-09-15,3band,0.6634901165962219,reinspect,reinspect,53.0
3_001_20200915_083245(4),3,2020-09-15 08:32:45,2020-09-15,1band,0.6639428734779358,reinspect,reinspect,54.0
3_001_20200915_083250(0),3,2020-09-15 08:32:50,2020-09-15,1band,0.684849739074707,reinspect,reinspect,43.0
3_001_20200915_083254(5),3,2020-09-15 08:32:54,2020-09-15,1band,0.6405330896377563,reinspect,reinspect,47.0
3_001_20200915_083259(0),3,2020-09-15 08:32:59,2020-09-15,1band,0.6670515537261963,reinspect,reinspect,50.0
3_001_20200915_083303(4),3,2020-09-15 08:33:03,2020-09-15,1band,0.666179358959198,reinspect,reinspect,60.0
3_001_20200915_123359(7),3,2020-09-15 12:33:59,2020-09-15,1band,0.6002913117408752,reinspect,reinspect,49.0
3_001_20200915_123404(4),3,2020-09-15 12:34:04,2020-09-15,1band,0.6317165493965149,reinspect,reinspect,52.0
3_001_20200915_123409(0),3,2020-09-15 12:34:09,2020-09-15,1band,0.6566612720489502,reinspect,reinspect,51.0
3_001_20200915_123413(3),3,2020-09-15 12:34:13,2020-09-15,1band,0.6984242796897888,reinspect,reinspect,50.0
3_001_20200915_123417(9),3,2020-09-15 12:34:17,2020-09-15,1band,0.7020728588104248,reinspect,reinspect,57.0
3_001_20200915_123422(2),3,2020-09-15 12:34:22,2020-09-15,1band,0.7065757513046265,reinspect,reinspect,46.0
3_001_20200915_164139(8),3,2020-09-15 16:41:39,2020-09-15,1band,0.5161113739013672,reinspect,pass,46.0
3_001_20200915_164147(9),3,2020-09-15 16:41:47,2020-09-15,1band,0.5696759819984436,reinspect,reinspect,60.0
3_001_20200915_164151(3),3,2020-09-15 16:41:51,2020-09-15,1band,0.491856575012207,reinspect,pass,53.0
3_001_20200915_164155(7),3,2020-09-15 16:41:55,2020-09-15,1band,0.6766682863235474,reinspect,reinspect,47.0
3_001_20200915_164159(6),3,2020-09-15 16:41:59,2020-09-15,1band,0.6638551950454712,reinspect,reinspect,43.0
3_001_20200915_164202(8),3,2020-09-15 16:42:02,2020-09-15,1band,0.5374534726142883,reinspect,pass,47.0
3_001_20200915_203430(3),3,2020-09-15 20:34:30,2020-09-15,1band,0.5911466479301453,reinspect,reinspect,46.0
3_001_20200915_203446(9),3,2020-09-15 20:34:46,2020-09-15,1band,0.6808568835258484,reinspect,reinspect,43.0
3_001_20200915_203451(3),3,2020-09-15 20:34:51,2020-09-15,1band,0.6943342089653015,reinspect,reinspect,48.0
3_001_20200915_203455(9),3,2020-09-15 20:34:55,2020-09-15,1band,0.6410636901855469,reinspect,reinspect,46.0
3_001_20200915_203500(5),3,2020-09-15 20:35:00,2020-09-15,1band,0.6900063753128052,reinspect,reinspect,44.0
3_001_20200915_203504(9),3,2020-09-15 20:35:04,2020-09-15,1band,0.6776667237281799,reinspect,reinspect,48.0
3_001_20200916_003358(0),3,2020-09-16 00:33:58,2020-09-16,1band,0.5286415815353394,reinspect,pass,48.0
3_001_20200916_003402(5),3,2020-09-16 00:34:02,2020-09-16,1band,0.6681363582611084,reinspect,reinspect,52.0
3_001_20200916_003407(1),3,2020-09-16 00:34:07,2020-09-16,1band,0.6506860256195068,reinspect,reinspect,45.0
3_001_20200916_003411(6),3,2020-09-16 00:34:11,2020-09-16,1band,0.6240113973617554,reinspect,reinspect,54.0
3_001_20200916_003416(1),3,2020-09-16 00:34:16,2020-09-16,1band,0.6135730147361755,reinspect,reinspect,52.0
3_001_20200916_003420(6),3,2020-09-16 00:34:20,2020-09-16,1band,0.6065449118614197,reinspect,reinspect,44.0
3_001_20200916_043423(1),3,2020-09-16 04:34:23,2020-09-16,1band,0.6860098242759705,reinspect,reinspect,45.0
3_001_20200916_043427(7),3,2020-09-16 04:34:27,2020-09-16,1band,0.5967732071876526,reinspect,reinspect,52.0
3_001_20200916_043432(0),3,2020-09-16 04:34:32,2020-09-16,1band,0.6843860149383545,reinspect,reinspect,50.0
3_001_20200916_043436(2),3,2020-09-16 04:34:36,2020-09-16,1band,0.6165555119514465,reinspect,reinspect,47.0
3_001_20200916_043440(6),3,2020-09-16 04:34:40,2020-09-16,1band,0.6562104821205139,reinspect,reinspect,47.0
3_001_20200916_043445(1),3,2020-09-16 04:34:45,2020-09-16,1band,0.600024938583374,reinspect,reinspect,48.0
3_001_20200916_083309(1),3,2020-09-16 08:33:09,2020-09-16,1band,0.6568624973297119,reinspect,reinspect,50.0
3_001_20200916_083313(6),3,2020-09-16 08:33:13,2020-09-16,1band,0.5366314053535461,reinspect,pass,49.0
3_001_20200916_083318(0),3,2020-09-16 08:33:18,2020-09-16,1band,0.6293714046478271,reinspect,reinspect,47.0
3_001_20200916_083322(4),3,2020-09-16 08:33:22,2020-09-16,3band,0.6730412244796753,reinspect,reinspect,47.0
3_001_20200916_083327(0),3,2020-09-16 08:33:27,2020-09-16,1band,0.5407088398933411,reinspect,pass,47.0
3_001_20200916_083331(6),3,2020-09-16 08:33:31,2020-09-16,1band,0.6559787392616272,reinspect,reinspect,49.0
3_001_20200916_122859(1),3,2020-09-16 12:28:59,2020-09-16,1band,0.5430039763450623,reinspect,pass,44.0
3_001_20200916_122903(5),3,2020-09-16 12:29:03,2020-09-16,1band,0.5556391477584839,reinspect,reinspect,49.0
3_001_20200916_122908(1),3,2020-09-16 12:29:08,2020-09-16,1band,0.62237149477005,reinspect,reinspect,46.0
3_001_20200916_122912(6),3,2020-09-16 12:29:12,2020-09-16,1band,0.6162994503974915,reinspect,reinspect,43.0
3_001_20200916_122917(1),3,2020-09-16 12:29:17,2020-09-16,1band,0.5878832936286926,reinspect,reinspect,44.0
3_001_20200916_122921(6),3,2020-09-16 12:29:21,2020-09-16,1band,0.6608611345291138,reinspect,reinspect,50.0
3_001_20200917_003431(4),3,2020-09-17 00:34:31,2020-09-17,1band,0.6962028741836548,reinspect,reinspect,49.0
3_001_20200917_003434(7),3,2020-09-17 00:34:34,2020-09-17,1band,0.6134299635887146,reinspect,reinspect,38.0
3_001_20200917_003438(0),3,2020-09-17 00:34:38,2020-09-17,1band,0.6613991856575012,reinspect,reinspect,48.0
3_001_20200917_003441(4),3,2020-09-17 00:34:41,2020-09-17,1band,0.6861909627914429,reinspect,reinspect,51.0
3_001_20200917_003444(9),3,2020-09-17 00:34:44,2020-09-17,1band,0.7010670900344849,reinspect,reinspect,48.0
3_001_20200917_003448(2),3,2020-09-17 00:34:48,2020-09-17,1band,0.6181283593177795,reinspect,reinspect,50.0
3_001_20200917_084022(3),3,2020-09-17 08:40:22,2020-09-17,1band,0.6762236952781677,reinspect,reinspect,49.0
3_001_20200917_084025(3),3,2020-09-17 08:40:25,2020-09-17,1band,0.6493979692459106,reinspect,reinspect,48.0
3_001_20200917_084031(1),3,2020-09-17 08:40:31,2020-09-17,1band,0.6062033772468567,reinspect,reinspect,37.0
3_001_20200917_084034(2),3,2020-09-17 08:40:34,2020-09-17,1band,0.6466042995452881,reinspect,reinspect,52.0
3_001_20200917_084037(3),3,2020-09-17 08:40:37,2020-09-17,1band,0.6400518417358398,reinspect,reinspect,45.0
3_001_20200917_084040(4),3,2020-09-17 08:40:40,2020-09-17,1band,0.6990243196487427,reinspect,reinspect,46.0
3_001_20200917_123309(3),3,2020-09-17 12:33:09,2020-09-17,1band,0.6352962255477905,reinspect,reinspect,50.0
3_001_20200917_123313(1),3,2020-09-17 12:33:13,2020-09-17,1band,0.7012122273445129,reinspect,reinspect,51.0
3_001_20200917_123316(8),3,2020-09-17 12:33:16,2020-09-17,1band,0.6698850989341736,reinspect,reinspect,50.0
3_001_20200917_123325(3),3,2020-09-17 12:33:25,2020-09-17,1band,0.6832602024078369,reinspect,reinspect,51.0
3_001_20200917_123329(1),3,2020-09-17 12:33:29,2020-09-17,1band,0.621186375617981,reinspect,reinspect,51.0
3_001_20200917_123340(7),3,2020-09-17 12:33:40,2020-09-17,1band,0.5986130833625793,reinspect,reinspect,48.0
3_001_20200917_163039(1),3,2020-09-17 16:30:39,2020-09-17,1band,0.622905433177948,reinspect,reinspect,47.0
3_001_20200917_163043(0),3,2020-09-17 16:30:43,2020-09-17,1band,0.6676504611968994,reinspect,reinspect,43.0
3_001_20200917_163046(8),3,2020-09-17 16:30:46,2020-09-17,1band,0.6439732313156128,reinspect,reinspect,52.0
3_001_20200917_163049(9),3,2020-09-17 16:30:49,2020-09-17,1band,0.6468149423599243,reinspect,reinspect,47.0
3_001_20200917_163052(9),3,2020-09-17 16:30:52,2020-09-17,1band,0.5563376545906067,reinspect,reinspect,51.0
3_001_20200917_163109(2),3,2020-09-17 16:31:09,2020-09-17,1band,0.544780969619751,reinspect,pass,48.0
3_001_20200917_203305(3),3,2020-09-17 20:33:05,2020-09-17,1band,0.6697817444801331,reinspect,reinspect,49.0
3_001_20200917_203308(8),3,2020-09-17 20:33:08,2020-09-17,1band,0.5073930621147156,reinspect,pass,44.0
3_001_20200917_203312(3),3,2020-09-17 20:33:12,2020-09-17,1band,0.5810614228248596,reinspect,reinspect,39.0
3_001_20200917_203315(7),3,2020-09-17 20:33:15,2020-09-17,1band,0.6115686297416687,reinspect,reinspect,46.0
3_001_20200917_203322(3),3,2020-09-17 20:33:22,2020-09-17,1band,0.5484173893928528,reinspect,pass,48.0
3_001_20200917_203325(7),3,2020-09-17 20:33:25,2020-09-17,1band,0.5230098366737366,reinspect,pass,37.0
3_001_20200918_004019(6),3,2020-09-18 00:40:19,2020-09-18,1band,0.657503604888916,reinspect,reinspect,50.0
3_001_20200918_004022(5),3,2020-09-18 00:40:22,2020-09-18,1band,0.64295893907547,reinspect,reinspect,54.0
3_001_20200918_004025(8),3,2020-09-18 00:40:25,2020-09-18,1band,0.624197781085968,reinspect,reinspect,46.0
3_001_20200918_004029(0),3,2020-09-18 00:40:29,2020-09-18,1band,0.4465246200561523,reinspect,pass,55.0
3_001_20200918_004032(2),3,2020-09-18 00:40:32,2020-09-18,1band,0.693200409412384,reinspect,reinspect,52.0
3_001_20200918_004036(3),3,2020-09-18 00:40:36,2020-09-18,1band,0.7036057710647583,reinspect,reinspect,46.0
3_001_20200918_043556(8),3,2020-09-18 04:35:56,2020-09-18,1band,0.6684725284576416,reinspect,reinspect,46.0
3_001_20200918_043559(9),3,2020-09-18 04:35:59,2020-09-18,1band,0.6603633761405945,reinspect,reinspect,57.0
3_001_20200918_043602(9),3,2020-09-18 04:36:02,2020-09-18,1band,0.5855467319488525,reinspect,reinspect,50.0
3_001_20200918_043606(0),3,2020-09-18 04:36:06,2020-09-18,3band,0.7043033838272095,reinspect,reinspect,50.0
3_001_20200918_043609(2),3,2020-09-18 04:36:09,2020-09-18,1band,0.6597638130187988,reinspect,reinspect,47.0
3_001_20200918_043612(4),3,2020-09-18 04:36:12,2020-09-18,1band,0.6853142976760864,reinspect,reinspect,45.0
3_001_20200918_083036(8),3,2020-09-18 08:30:36,2020-09-18,1band,0.6589157581329346,reinspect,reinspect,46.0
3_001_20200918_083039(9),3,2020-09-18 08:30:39,2020-09-18,1band,0.6763999462127686,reinspect,reinspect,47.0
3_001_20200918_083042(8),3,2020-09-18 08:30:42,2020-09-18,1band,0.6673517823219299,reinspect,reinspect,49.0
3_001_20200918_083045(5),3,2020-09-18 08:30:45,2020-09-18,1band,0.5889597535133362,reinspect,reinspect,50.0
3_001_20200918_083048(5),3,2020-09-18 08:30:48,2020-09-18,1band,0.5498915910720825,reinspect,pass,43.0
3_001_20200918_083051(4),3,2020-09-18 08:30:51,2020-09-18,1band,0.4545096457004547,reinspect,pass,51.0
3_001_20200918_123033(2),3,2020-09-18 12:30:33,2020-09-18,1band,0.5339294075965881,reinspect,pass,53.0
3_001_20200918_123038(9),3,2020-09-18 12:30:38,2020-09-18,1band,0.5574130415916443,reinspect,reinspect,50.0
3_001_20200918_123042(8),3,2020-09-18 12:30:42,2020-09-18,1band,0.6398643851280212,reinspect,reinspect,46.0
3_001_20200918_123046(4),3,2020-09-18 12:30:46,2020-09-18,1band,0.6412330269813538,reinspect,reinspect,47.0
3_001_20200918_123050(1),3,2020-09-18 12:30:50,2020-09-18,1band,0.5997607707977295,reinspect,reinspect,43.0
3_001_20200918_123054(1),3,2020-09-18 12:30:54,2020-09-18,1band,0.696893036365509,reinspect,reinspect,51.0
3_001_20200918_163052(9),3,2020-09-18 16:30:52,2020-09-18,1band,0.6611719131469727,reinspect,reinspect,51.0
3_001_20200918_163056(2),3,2020-09-18 16:30:56,2020-09-18,1band,0.6666415333747864,reinspect,reinspect,51.0
3_001_20200918_163059(3),3,2020-09-18 16:30:59,2020-09-18,1band,0.6775525808334351,reinspect,reinspect,44.0
3_001_20200918_163104(4),3,2020-09-18 16:31:04,2020-09-18,1band,0.6672681570053101,reinspect,reinspect,56.0
3_001_20200918_163107(6),3,2020-09-18 16:31:07,2020-09-18,1band,0.4208510816097259,reinspect,pass,54.0
3_001_20200918_163110(8),3,2020-09-18 16:31:10,2020-09-18,1band,0.6547205448150635,reinspect,reinspect,47.0
3_001_20200921_112114(8),3,2020-09-21 11:21:14,2020-09-21,1band,0.6725837588310242,reinspect,reinspect,47.0
3_001_20200921_112118(0),3,2020-09-21 11:21:18,2020-09-21,1band,0.5700200200080872,reinspect,reinspect,48.0
3_001_20200921_112121(3),3,2020-09-21 11:21:21,2020-09-21,1band,0.5516120195388794,reinspect,pass,46.0
3_001_20200921_112127(9),3,2020-09-21 11:21:27,2020-09-21,3band,0.6683735251426697,reinspect,reinspect,41.0
3_001_20200921_112145(1),3,2020-09-21 11:21:45,2020-09-21,1band,0.5871601104736328,reinspect,reinspect,42.0
3_001_20200921_112148(7),3,2020-09-21 11:21:48,2020-09-21,1band,0.6918224096298218,reinspect,reinspect,40.0
3_001_20200921_123501(8),3,2020-09-21 12:35:01,2020-09-21,1band,0.6206916570663452,reinspect,reinspect,41.0
3_001_20200921_123506(3),3,2020-09-21 12:35:06,2020-09-21,1band,0.5580401420593262,reinspect,reinspect,54.0
3_001_20200921_123510(8),3,2020-09-21 12:35:10,2020-09-21,1band,0.5789494514465332,reinspect,reinspect,63.0
3_001_20200921_123515(3),3,2020-09-21 12:35:15,2020-09-21,1band,0.4616069793701172,reinspect,pass,36.0
3_001_20200921_123524(3),3,2020-09-21 12:35:24,2020-09-21,1band,0.5705791711807251,reinspect,reinspect,49.0
3_001_20200921_123528(7),3,2020-09-21 12:35:28,2020-09-21,1band,0.6322817206382751,reinspect,reinspect,43.0
3_001_20200921_163325(1),3,2020-09-21 16:33:25,2020-09-21,1band,0.6549001336097717,reinspect,reinspect,42.0
3_001_20200921_163329(4),3,2020-09-21 16:33:29,2020-09-21,1band,0.6074548959732056,reinspect,reinspect,45.0
3_001_20200921_163333(8),3,2020-09-21 16:33:33,2020-09-21,1band,0.6846615076065063,reinspect,reinspect,50.0
3_001_20200921_163338(1),3,2020-09-21 16:33:38,2020-09-21,1band,0.6470987796783447,reinspect,reinspect,46.0
3_001_20200921_163342(6),3,2020-09-21 16:33:42,2020-09-21,1band,0.6683209538459778,reinspect,reinspect,53.0
3_001_20200921_163346(9),3,2020-09-21 16:33:46,2020-09-21,1band,0.5478633046150208,reinspect,pass,51.0
3_001_20200921_202521(5),3,2020-09-21 20:25:21,2020-09-21,1band,0.682138204574585,reinspect,reinspect,44.0
3_001_20200921_202526(0),3,2020-09-21 20:25:26,2020-09-21,1band,0.6198848485946655,reinspect,reinspect,40.0
3_001_20200921_202530(4),3,2020-09-21 20:25:30,2020-09-21,1band,0.604618489742279,reinspect,reinspect,45.0
3_001_20200921_202534(9),3,2020-09-21 20:25:34,2020-09-21,1band,0.5006351470947266,reinspect,pass,48.0
3_001_20200921_202539(4),3,2020-09-21 20:25:39,2020-09-21,1band,0.6400678753852844,reinspect,reinspect,56.0
3_001_20200921_202547(2),3,2020-09-21 20:25:47,2020-09-21,1band,0.6845036149024963,reinspect,reinspect,45.0
3_001_20200922_003308(2),3,2020-09-22 00:33:08,2020-09-22,1band,0.6708492040634155,reinspect,reinspect,36.0
3_001_20200922_003312(7),3,2020-09-22 00:33:12,2020-09-22,1band,0.5362192392349243,reinspect,pass,59.0
3_001_20200922_003317(2),3,2020-09-22 00:33:17,2020-09-22,3band,0.6249357461929321,reinspect,reinspect,47.0
3_001_20200922_003321(7),3,2020-09-22 00:33:21,2020-09-22,1band,0.6590351462364197,reinspect,reinspect,49.0
3_001_20200922_003326(6),3,2020-09-22 00:33:26,2020-09-22,1band,0.6504859328269958,reinspect,reinspect,47.0
3_001_20200922_003330(7),3,2020-09-22 00:33:30,2020-09-22,1band,0.6403692364692688,reinspect,reinspect,49.0
3_001_20200922_043310(0),3,2020-09-22 04:33:10,2020-09-22,1band,0.6061995625495911,reinspect,reinspect,49.0
3_001_20200922_043314(4),3,2020-09-22 04:33:14,2020-09-22,1band,0.6733974814414978,reinspect,reinspect,56.0
3_001_20200922_043318(9),3,2020-09-22 04:33:18,2020-09-22,1band,0.6342570781707764,reinspect,reinspect,55.0
3_001_20200922_043323(4),3,2020-09-22 04:33:23,2020-09-22,3band,0.6313248872756958,reinspect,reinspect,50.0
3_001_20200922_043327(8),3,2020-09-22 04:33:27,2020-09-22,3band,0.6706055402755737,reinspect,reinspect,53.0
3_001_20200922_043332(5),3,2020-09-22 04:33:32,2020-09-22,3band,0.6378709673881531,reinspect,reinspect,46.0
3_001_20200922_084020(7),3,2020-09-22 08:40:20,2020-09-22,1band,0.6768355965614319,reinspect,reinspect,44.0
3_001_20200922_084025(1),3,2020-09-22 08:40:25,2020-09-22,1band,0.5717661380767822,reinspect,reinspect,53.0
3_001_20200922_084029(7),3,2020-09-22 08:40:29,2020-09-22,1band,0.6901680827140808,reinspect,reinspect,48.0
3_001_20200922_084034(2),3,2020-09-22 08:40:34,2020-09-22,1band,0.6087819337844849,reinspect,reinspect,47.0
3_001_20200922_084038(7),3,2020-09-22 08:40:38,2020-09-22,1band,0.5266361236572266,reinspect,pass,44.0
3_001_20200922_084043(2),3,2020-09-22 08:40:43,2020-09-22,1band,0.6218242049217224,reinspect,reinspect,47.0
3_001_20200922_122947(8),3,2020-09-22 12:29:47,2020-09-22,1band,0.647610604763031,reinspect,reinspect,48.0
3_001_20200922_122952(4),3,2020-09-22 12:29:52,2020-09-22,1band,0.6724463701248169,reinspect,reinspect,45.0
3_001_20200922_123001(2),3,2020-09-22 12:30:01,2020-09-22,1band,0.711532473564148,reinspect,reinspect,52.0
3_001_20200922_123005(5),3,2020-09-22 12:30:05,2020-09-22,1band,0.6367582082748413,reinspect,reinspect,55.0
3_001_20200922_123014(3),3,2020-09-22 12:30:14,2020-09-22,1band,0.6193953156471252,reinspect,reinspect,50.0
3_001_20200922_123018(6),3,2020-09-22 12:30:18,2020-09-22,1band,0.6249013543128967,reinspect,reinspect,52.0
3_001_20200922_163323(0),3,2020-09-22 16:33:23,2020-09-22,1band,0.5363405346870422,reinspect,pass,34.0
3_001_20200922_163326(0),3,2020-09-22 16:33:26,2020-09-22,1band,0.6851676106452942,reinspect,reinspect,46.0
3_001_20200922_163329(0),3,2020-09-22 16:33:29,2020-09-22,1band,0.6176325678825378,reinspect,reinspect,36.0
3_001_20200922_163338(3),3,2020-09-22 16:33:38,2020-09-22,1band,0.6772295236587524,reinspect,reinspect,37.0
