image_id,noise_sigma,bg_level,product_level,band_level,band_contrast,product_area,n_bands,product,machine,date,labeled,top1_devall,top1_oof
1_002_20200622_203053(2),1.1679185628890991,210.0,146.0,114.0,32.0,26938,2,3band,1,2020-06-22,True,,0.698803186416626
1_002_20200622_203057(3),1.1255462169647217,210.0,146.0,114.0,32.0,26900,2,3band,1,2020-06-22,True,,0.722322940826416
1_002_20200622_203101(3),1.1739814281463623,210.0,146.0,114.0,32.0,26840,2,3band,1,2020-06-22,True,,0.7166837453842163
1_002_20200622_203105(4),1.1648961305618286,210.0,144.0,114.0,30.0,26828,2,3band,1,2020-06-22,True,,0.7187432646751404
1_002_20200622_203109(3),1.1739768981933594,210.0,144.0,114.0,30.0,26443,2,3band,1,2020-06-22,True,,0.7140339016914368
1_002_20200622_203121(4),1.1497694253921509,210.0,145.0,114.0,31.0,26744,2,3band,1,2020-06-22,True,,0.7189546823501587
2_002_20200622_203136(3),1.5627837181091309,210.0,109.0,78.0,31.0,26837,2,3band,2,2020-06-22,True,,0.712249755859375
2_002_20200622_203140(8),1.5733734369277954,210.0,110.0,79.0,31.0,26877,2,3band,2,2020-06-22,True,,0.7416073083877563
2_002_20200622_203145(3),1.4825999736785889,210.0,110.0,79.0,31.0,26951,2,3band,2,2020-06-22,True,,0.712369978427887
2_002_20200622_203149(8),1.5128577947616577,210.0,110.0,79.0,31.0,27015,2,3band,2,2020-06-22,True,,0.6956813931465149
2_002_20200622_203154(3),1.5431156158447266,210.0,110.0,79.0,31.0,26967,2,3band,2,2020-06-22,True,,0.7011550664901733
2_002_20200622_203158(8),1.5128577947616577,210.0,110.0,79.0,31.0,27019,2,3band,2,2020-06-22,True,,0.7350642681121826
3_001_20200622_203305(8),3.5763967037200928,210.0,123.0,91.0,32.0,48806,3,3band,3,2020-06-22,True,,0.6795474290847778
3_001_20200622_203309(1),3.382746696472168,210.0,122.0,90.0,32.0,48388,3,3band,3,2020-06-22,True,,0.6871744394302368
3_001_20200622_203312(6),3.656574010848999,210.0,121.0,89.0,32.0,48434,3,3band,3,2020-06-22,True,,0.6692244410514832
3_001_20200622_203316(0),3.5325231552124023,210.0,120.0,89.0,31.0,48324,3,3band,3,2020-06-22,True,,0.6777398586273193
3_001_20200622_203319(4),3.30861496925354,210.0,121.0,88.0,33.0,48374,3,3band,3,2020-06-22,True,,0.6868114471435547
3_001_20200622_203330(3),3.4493112564086914,210.0,125.0,92.0,33.0,49629,3,3band,3,2020-06-22,True,,0.6720815896987915
1_002_20200623_003346(4),1.1270675659179688,210.0,145.0,114.0,31.0,26534,3,3band,1,2020-06-23,True,,0.7339318990707397
1_002_20200623_003350(4),1.2390227317810059,210.0,144.0,115.0,29.0,26640,3,3band,1,2020-06-23,True,,0.7280130386352539
2_002_20200623_003351(2),1.5052917003631592,210.0,107.0,77.0,30.0,26181,4,3band,2,2020-06-23,True,,0.7473146319389343
1_002_20200623_003354(3),1.187605857849121,210.0,145.0,114.0,31.0,26530,2,3band,1,2020-06-23,True,,0.7283384799957275
2_002_20200623_003355(7),1.5052921772003174,210.0,108.0,78.0,30.0,26296,4,3band,2,2020-06-23,True,,0.742398202419281
1_002_20200623_003358(2),1.2102794647216797,210.0,145.0,116.0,29.0,26623,3,3band,1,2020-06-23,True,,0.7381706237792969
2_002_20200623_003400(2),1.3161818981170654,210.0,109.0,78.0,31.0,26433,4,3band,2,2020-06-23,True,,0.743270993232727
1_002_20200623_003402(2),1.1762492656707764,210.0,145.0,116.0,29.0,26645,3,3band,1,2020-06-23,True,,0.7247719168663025
2_002_20200623_003404(7),1.4977277517318726,210.0,108.0,79.0,29.0,26522,4,3band,2,2020-06-23,True,,0.7323726415634155
2_002_20200623_003409(2),1.4402390718460083,210.0,108.0,78.0,30.0,26506,4,3band,2,2020-06-23,True,,0.7581971287727356
1_002_20200623_003410(2),1.2148232460021973,210.0,141.0,113.0,28.0,25923,4,3band,1,2020-06-23,True,,0.7224103212356567
2_002_20200623_003413(7),1.4583936929702759,210.0,109.0,79.0,30.0,26593,4,3band,2,2020-06-23,True,,0.7388911843299866
3_001_20200623_003516(8),3.5068037509918213,210.0,126.0,94.0,32.0,49351,4,3band,3,2020-06-23,True,,0.693590521812439
3_001_20200623_003520(5),3.5703375339508057,210.0,126.0,94.0,32.0,49223,3,3band,3,2020-06-23,True,,0.6753672361373901
3_001_20200623_003524(0),3.60364031791687,210.0,126.0,94.0,32.0,49276,3,3band,3,2020-06-23,True,,0.6933043003082275
3_001_20200623_003529(0),3.6066434383392334,210.0,126.0,94.0,32.0,49398,3,3band,3,2020-06-23,True,,0.6866926550865173
3_001_20200623_003532(5),3.467466354370117,210.0,126.0,94.0,32.0,49505,4,3band,3,2020-06-23,True,,0.6904467940330505
3_001_20200623_003536(0),3.5098206996917725,210.0,126.0,94.0,32.0,49369,4,3band,3,2020-06-23,True,,0.6989984512329102
1_002_20200623_043039(3),1.1270873546600342,210.0,145.0,114.0,31.0,26474,2,3band,1,2020-06-23,True,,0.7290306091308594
1_002_20200623_043043(2),1.1467481851577759,210.0,146.0,114.0,32.0,26559,3,3band,1,2020-06-23,True,,0.7357093691825867
1_002_20200623_043047(2),1.1989314556121826,210.0,145.0,114.0,31.0,26550,3,3band,1,2020-06-23,True,,0.724728524684906
1_002_20200623_043051(3),1.202731966972351,210.0,145.0,115.0,30.0,26550,3,3band,1,2020-06-23,True,,0.738712728023529
1_002_20200623_043055(3),1.157336711883545,210.0,145.0,115.0,30.0,26622,3,3band,1,2020-06-23,True,,0.7413277626037598
2_002_20200623_043056(0),1.3918265104293823,210.0,110.0,78.0,32.0,26757,4,3band,2,2020-06-23,True,,0.735366702079773
1_002_20200623_043059(4),1.1422021389007568,210.0,145.0,115.0,30.0,26618,3,3band,1,2020-06-23,True,,0.7410083413124084
2_002_20200623_043100(6),1.3918265104293823,210.0,110.0,79.0,31.0,26799,3,3band,2,2020-06-23,True,,0.7318969964981079
2_002_20200623_043105(0),1.3918265104293823,210.0,110.0,79.0,31.0,26800,3,3band,2,2020-06-23,True,,0.7475277781486511
2_002_20200623_043109(4),1.3918265104293823,210.0,110.0,78.0,32.0,26796,4,3band,2,2020-06-23,True,,0.7363032102584839
2_002_20200623_043115(4),1.3615686893463135,210.0,110.0,79.0,31.0,26779,3,3band,2,2020-06-23,True,,0.7351810336112976
2_002_20200623_043120(0),1.3918265104293823,210.0,110.0,79.0,31.0,26790,3,3band,2,2020-06-23,True,,0.7365505695343018
3_001_20200623_043227(1),3.6051418781280518,210.0,127.0,94.0,33.0,49585,3,3band,3,2020-06-23,True,,0.7019422054290771
3_001_20200623_043231(6),3.535548686981201,210.0,127.0,95.0,32.0,49759,3,3band,3,2020-06-23,True,,0.6861959099769592
3_001_20200623_043236(1),3.5756309032440186,210.0,127.0,95.0,32.0,49780,4,3band,3,2020-06-23,True,,0.6913760304450989
3_001_20200623_043240(6),3.6550655364990234,210.0,127.0,95.0,32.0,49605,3,3band,3,2020-06-23,True,,0.673829197883606
3_001_20200623_043245(2),3.5158803462982178,210.0,127.0,95.0,32.0,49710,3,3band,3,2020-06-23,True,,0.6959157586097717
3_001_20200623_043249(6),3.490163803100586,210.0,127.0,95.0,32.0,49710,3,3band,3,2020-06-23,True,,0.6926307678222656
2_002_20200623_082249(3),1.5425108671188354,210.0,112.0,80.0,32.0,27023,2,3band,2,2020-06-23,True,,0.7399942278862
2_002_20200623_082253(8),1.5431156158447266,210.0,110.0,79.0,31.0,27013,2,3band,2,2020-06-23,True,,0.7353183031082153
1_002_20200623_082258(6),1.146738052368164,210.0,147.0,114.0,33.0,26627,2,3band,1,2020-06-23,True,,0.7466326951980591
2_002_20200623_082258(4),1.512858271598816,210.0,112.0,80.0,32.0,27042,2,3band,2,2020-06-23,True,,0.7452430725097656
1_002_20200623_082302(6),1.1648927927017212,210.0,147.0,115.0,32.0,26653,3,3band,1,2020-06-23,True,,0.7214686274528503
2_002_20200623_082302(7),1.4825999736785889,210.0,110.0,78.0,32.0,26910,3,3band,2,2020-06-23,True,,0.7485252022743225
1_002_20200623_082306(5),1.1467549800872803,210.0,146.0,114.0,32.0,26657,3,3band,1,2020-06-23,True,,0.7398180365562439
2_002_20200623_082307(2),1.4220843315124512,210.0,110.0,78.0,32.0,26793,3,3band,2,2020-06-23,True,,0.75820392370224
1_002_20200623_082310(6),1.1043962240219116,210.0,147.0,115.0,32.0,26818,2,3band,1,2020-06-23,True,,0.7304399013519287
2_002_20200623_082311(8),1.3615686893463135,210.0,110.0,78.0,32.0,26805,4,3band,2,2020-06-23,True,,0.7546809911727905
1_002_20200623_082314(4),1.2117940187454224,210.0,147.0,115.0,32.0,26866,2,3band,1,2020-06-23,True,,0.7413475513458252
1_002_20200623_082318(5),1.1588332653045654,210.0,147.0,114.0,33.0,26932,2,3band,1,2020-06-23,True,,0.7482364177703857
3_001_20200623_082407(9),3.611949920654297,210.0,127.0,94.0,33.0,49635,3,3band,3,2020-06-23,True,,0.6966040730476379
3_001_20200623_082411(0),3.5491631031036377,210.0,127.0,95.0,32.0,49673,3,3band,3,2020-06-23,True,,0.6857092380523682
3_001_20200623_082414(1),3.394859552383423,210.0,127.0,94.0,33.0,49874,3,3band,3,2020-06-23,True,,0.6969141960144043
3_001_20200623_082416(7),3.677750825881958,210.0,127.0,95.0,32.0,50380,3,3band,3,2020-06-23,True,,0.6760006546974182
3_001_20200623_082419(6),3.7844080924987793,210.0,127.0,95.0,32.0,50401,3,3band,3,2020-06-23,True,,0.6950291991233826
3_001_20200623_082422(5),3.4916787147521973,210.0,127.0,95.0,32.0,50442,3,3band,3,2020-06-23,True,,0.689233124256134
1_002_20200623_123032(7),1.1119544506072998,210.0,147.0,115.0,32.0,26905,2,3band,1,2020-06-23,True,,0.7234339118003845
1_002_20200623_123036(5),1.1512783765792847,210.0,147.0,115.0,32.0,26942,2,3band,1,2020-06-23,True,,0.7309276461601257
1_002_20200623_123040(5),1.1558153629302979,210.0,147.0,115.0,32.0,26927,2,3band,1,2020-06-23,True,,0.7266018390655518
2_002_20200623_123042(0),1.5431156158447266,210.0,110.0,79.0,31.0,27171,2,3band,2,2020-06-23,True,,0.7472032904624939
1_002_20200623_123044(3),1.089259386062622,210.0,147.0,115.0,32.0,26653,2,3band,1,2020-06-23,True,,0.7445366382598877
2_002_20200623_123046(4),1.5733734369277954,210.0,110.0,79.0,31.0,27213,2,3band,2,2020-06-23,True,,0.7637880444526672
1_002_20200623_123048(4),1.1656579971313477,210.0,147.0,115.0,32.0,26653,3,3band,1,2020-06-23,True,,0.7409869432449341
2_002_20200623_123051(1),1.5128577947616577,210.0,110.0,80.0,30.0,27200,2,3band,2,2020-06-23,True,,0.7408421039581299
1_002_20200623_123052(5),1.1770071983337402,210.0,147.0,114.0,33.0,26839,2,3band,1,2020-06-23,True,,0.7341364622116089
2_002_20200623_123055(5),1.5128577947616577,210.0,110.0,78.0,32.0,26784,3,3band,2,2020-06-23,True,,0.7421963810920715
2_002_20200623_123100(0),1.4220843315124512,210.0,110.0,78.0,32.0,26805,4,3band,2,2020-06-23,True,,0.7531618475914001
2_002_20200623_123104(5),1.5431156158447266,210.0,110.0,77.0,33.0,26797,2,3band,2,2020-06-23,True,,0.749717652797699
3_001_20200623_123214(3),3.5310051441192627,210.0,127.0,95.0,32.0,50559,3,3band,3,2020-06-23,True,,0.6851433515548706
3_001_20200623_123223(3),3.5658066272735596,210.0,127.0,95.0,32.0,50490,3,3band,3,2020-06-23,True,,0.6812629103660583
3_001_20200623_123232(3),3.4984734058380127,210.0,127.0,96.0,31.0,50552,3,3band,3,2020-06-23,True,,0.6916792392730713
3_001_20200623_123236(9),3.518907070159912,210.0,127.0,94.0,33.0,49533,3,3band,3,2020-06-23,True,,0.6848437190055847
3_001_20200623_123241(3),3.709520101547241,210.0,126.0,93.0,33.0,49501,3,3band,3,2020-06-23,True,,0.6872473955154419
3_001_20200623_123245(8),3.619513511657715,210.0,127.0,94.0,33.0,49509,3,3band,3,2020-06-23,True,,0.6844043135643005
2_002_20200623_163020(3),1.6036312580108643,210.0,110.0,80.0,30.0,27145,2,3band,2,2020-06-23,True,,0.7442753314971924
2_002_20200623_163023(3),1.5579421520233154,210.0,111.0,78.0,33.0,27215,3,3band,2,2020-06-23,True,,0.7221699357032776
2_002_20200623_163026(3),1.45234215259552,210.0,110.0,79.0,31.0,27150,2,3band,2,2020-06-23,True,,0.7524201273918152
2_002_20200623_163029(6),1.45234215259552,210.0,110.0,78.0,32.0,26736,3,3band,2,2020-06-23,True,,0.7421326041221619
2_002_20200623_163032(5),1.4078634977340698,210.0,111.0,79.0,32.0,26729,2,3band,2,2020-06-23,True,,0.7362146377563477
2_002_20200623_163035(5),1.4220843315124512,210.0,110.0,78.0,32.0,26815,4,3band,2,2020-06-23,True,,0.759600043296814
1_002_20200623_163039(5),1.2163219451904297,210.0,146.0,117.0,29.0,27120,2,3band,1,2020-06-23,True,,0.7345640063285828
1_002_20200623_163043(7),1.1800216436386108,210.0,146.0,117.0,29.0,27023,2,3band,1,2020-06-23,True,,0.7246392965316772
1_002_20200623_163047(6),1.1830666065216064,210.0,147.0,117.0,30.0,27054,2,3band,1,2020-06-23,True,,0.7227956056594849
1_002_20200623_163051(7),1.1633894443511963,210.0,147.0,114.0,33.0,26573,2,3band,1,2020-06-23,True,,0.740888237953186
1_002_20200623_163055(6),1.113447666168213,210.0,146.0,115.0,31.0,26623,3,3band,1,2020-06-23,True,,0.737427294254303
1_002_20200623_163059(6),1.1497660875320435,210.0,146.0,115.0,31.0,26538,2,3band,1,2020-06-23,True,,0.7444397807121277
3_001_20200623_163159(5),3.6701860427856445,210.0,126.0,97.0,29.0,50383,3,3band,3,2020-06-23,True,,0.6875373721122742
3_001_20200623_163209(3),3.402414321899414,210.0,127.0,95.0,32.0,50308,3,3band,3,2020-06-23,True,,0.6811765432357788
3_001_20200623_163212(9),3.444775104522705,210.0,127.0,96.0,31.0,50551,3,3band,3,2020-06-23,True,,0.6857561469078064
3_001_20200623_163216(2),3.6429641246795654,210.0,127.0,95.0,32.0,49602,3,3band,3,2020-06-23,True,,0.6830052137374878
3_001_20200623_163219(5),3.627825975418091,210.0,126.0,94.0,32.0,49488,3,3band,3,2020-06-23,True,,0.6838402152061462
3_001_20200623_163222(9),3.5748744010925293,210.0,127.0,95.0,32.0,49513,3,3band,3,2020-06-23,True,,0.6748422384262085
2_002_20200623_203033(6),1.4220843315124512,210.0,110.0,79.0,31.0,26657,3,3band,2,2020-06-23,True,,0.742499589920044
2_002_20200623_203038(0),1.3918265104293823,210.0,110.0,79.0,31.0,26665,3,3band,2,2020-06-23,True,,0.7393715381622314
1_002_20200623_203040(4),1.1633894443511963,210.0,147.0,115.0,32.0,26632,3,3band,1,2020-06-23,True,,0.732269823551178
2_002_20200623_203042(5),1.45234215259552,210.0,110.0,79.0,31.0,26692,3,3band,2,2020-06-23,True,,0.7353749871253967
1_002_20200623_203044(0),1.1860754489898682,210.0,146.0,116.0,30.0,26531,3,3band,1,2020-06-23,True,,0.7408643364906311
1_002_20200623_203047(7),1.1618601083755493,210.0,146.0,115.0,31.0,26504,2,3band,1,2020-06-23,True,,0.7247614860534668
2_002_20200623_203047(0),1.4825999736785889,210.0,110.0,79.0,31.0,26655,3,3band,2,2020-06-23,True,,0.745682418346405
2_002_20200623_203050(0),1.4825999736785889,210.0,110.0,79.0,31.0,26706,3,3band,2,2020-06-23,True,,0.7464053630828857
1_002_20200623_203051(2),1.2027177810668945,210.0,145.0,115.0,30.0,26459,2,3band,1,2020-06-23,True,,0.7226613759994507
1_002_20200623_203054(7),1.1467459201812744,210.0,146.0,115.0,31.0,26462,2,3band,1,2020-06-23,True,,0.7351240515708923
2_002_20200623_203054(6),1.45234215259552,210.0,110.0,79.0,31.0,26721,3,3band,2,2020-06-23,True,,0.7282828092575073
1_002_20200623_203058(3),1.1724486351013184,210.0,145.0,115.0,30.0,26434,2,3band,1,2020-06-23,True,,0.7309297323226929
3_001_20200623_203217(4),3.5400874614715576,210.0,126.0,94.0,32.0,49324,3,3band,3,2020-06-23,True,,0.6814950108528137
3_001_20200623_203222(0),3.6232967376708984,210.0,125.0,93.0,32.0,49168,3,3band,3,2020-06-23,True,,0.690098762512207
3_001_20200623_203226(3),3.6006031036376953,210.0,125.0,94.0,31.0,49129,3,3band,3,2020-06-23,True,,0.672604501247406
3_001_20200623_203230(9),3.527984380722046,210.0,126.0,94.0,32.0,49057,3,3band,3,2020-06-23,True,,0.696315586566925
3_001_20200623_203235(3),3.593035936355591,210.0,125.0,93.0,32.0,48811,3,3band,3,2020-06-23,True,,0.698421061038971
3_001_20200623_203247(5),3.5022566318511963,210.0,125.0,92.0,33.0,48851,3,3band,3,2020-06-23,True,,0.692512035369873
1_002_20200624_003107(0),1.0604934692382812,210.0,147.0,115.0,32.0,26727,3,3band,1,2020-06-24,True,,0.7522570490837097
1_002_20200624_003111(0),1.2042279243469238,210.0,146.0,116.0,30.0,26729,3,3band,1,2020-06-24,True,,0.75198894739151
1_002_20200624_003115(1),1.1785087585449219,210.0,147.0,115.0,32.0,26806,3,3band,1,2020-06-24,True,,0.7547109723091125
2_002_20200624_003115(6),1.4977291822433472,210.0,111.0,80.0,31.0,26918,4,3band,2,2020-06-24,True,,0.727767288684845
2_002_20200624_003118(6),1.4220843315124512,210.0,110.0,79.0,31.0,26854,4,3band,2,2020-06-24,True,,0.7444860339164734
1_002_20200624_003119(1),1.2481193542480469,210.0,147.0,116.0,31.0,26659,3,3band,1,2020-06-24,True,,0.7604384422302246
1_002_20200624_003123(1),1.219357967376709,210.0,146.0,115.0,31.0,26658,3,3band,1,2020-06-24,True,,0.7491309642791748
2_002_20200624_003123(0),1.5718605518341064,210.0,111.0,80.0,31.0,26815,4,3band,2,2020-06-24,True,,0.7263262867927551
1_002_20200624_003127(0),1.2223939895629883,210.0,146.0,115.0,31.0,26711,3,3band,1,2020-06-24,True,,0.7351184487342834
2_002_20200624_003127(5),1.4378187656402588,210.0,111.0,80.0,31.0,26762,3,3band,2,2020-06-24,True,,0.7028761506080627
2_002_20200624_003132(0),1.4220843315124512,210.0,110.0,80.0,30.0,26886,4,3band,2,2020-06-24,True,,0.7083312273025513
2_002_20200624_003136(5),1.4378187656402588,210.0,111.0,80.0,31.0,26851,3,3band,2,2020-06-24,True,,0.690743088722229
3_001_20200624_003240(4),3.7140603065490723,210.0,127.0,96.0,31.0,49841,3,3band,3,2020-06-24,True,,0.714012861251831
3_001_20200624_003244(2),3.5461277961730957,210.0,127.0,96.0,31.0,49809,3,3band,3,2020-06-24,True,,0.7012065649032593
3_001_20200624_003247(7),3.4871315956115723,210.0,127.0,95.0,32.0,49876,3,3band,3,2020-06-24,True,,0.7183000445365906
3_001_20200624_003251(1),3.5294876098632812,210.0,127.0,94.0,33.0,49828,3,3band,3,2020-06-24,True,,0.717888593673706
3_001_20200624_003254(3),3.633885145187378,210.0,127.0,95.0,32.0,49810,3,3band,3,2020-06-24,True,,0.716480016708374
3_001_20200624_003303(5),3.3782176971435547,210.0,127.0,94.0,33.0,49724,3,3band,3,2020-06-24,True,,0.7007794380187988
1_002_20200624_043128(1),1.1770038604736328,210.0,147.0,115.0,32.0,26585,2,3band,1,2020-06-24,True,,0.7431101202964783
1_002_20200624_043132(2),1.198176383972168,210.0,147.0,115.0,32.0,26726,3,3band,1,2020-06-24,True,,0.7535585761070251
1_002_20200624_043136(1),1.2254084348678589,210.0,147.0,116.0,31.0,26681,2,3band,1,2020-06-24,True,,0.7042815089225769
2_002_20200624_043136(9),1.5068050622940063,210.0,112.0,79.0,33.0,26792,4,3band,2,2020-06-24,True,,0.7265669703483582
1_002_20200624_043140(2),1.1648927927017212,210.0,147.0,115.0,32.0,26692,2,3band,1,2020-06-24,True,,0.7430313229560852
2_002_20200624_043141(4),1.4378187656402588,210.0,111.0,79.0,32.0,26815,3,3band,2,2020-06-24,True,,0.6894391775131226
1_002_20200624_043144(2),1.2390227317810059,210.0,147.0,117.0,30.0,26763,2,3band,1,2020-06-24,True,,0.7342244982719421
2_002_20200624_043145(8),1.5276844501495361,210.0,111.0,79.0,32.0,26947,4,3band,2,2020-06-24,True,,0.7242682576179504
1_002_20200624_043148(1),1.1588411331176758,210.0,146.0,116.0,30.0,26735,3,3band,1,2020-06-24,True,,0.7269720435142517
2_002_20200624_043150(3),1.347952961921692,210.0,111.0,80.0,31.0,26859,4,3band,2,2020-06-24,True,,0.7266455888748169
2_002_20200624_043154(8),1.4078634977340698,210.0,111.0,79.0,32.0,26899,4,3band,2,2020-06-24,True,,0.7081814408302307
2_002_20200624_043159(4),1.4677739143371582,210.0,111.0,79.0,32.0,26971,4,3band,2,2020-06-24,True,,0.7318663597106934
3_001_20200624_043315(2),3.6747348308563232,210.0,127.0,95.0,32.0,49694,3,3band,3,2020-06-24,True,,0.714493989944458
3_001_20200624_043324(2),3.570335626602173,210.0,127.0,95.0,32.0,49920,3,3band,3,2020-06-24,True,,0.7223721146583557
3_001_20200624_043328(7),3.5294971466064453,210.0,127.0,96.0,31.0,49800,3,3band,3,2020-06-24,True,,0.7274327278137207
3_001_20200624_043333(2),3.6565792560577393,210.0,127.0,95.0,32.0,49658,3,3band,3,2020-06-24,True,,0.7228417992591858
3_001_20200624_043337(8),3.7049813270568848,210.0,127.0,95.0,32.0,49646,3,3band,3,2020-06-24,True,,0.7078498005867004
3_001_20200624_043349(7),3.707254648208618,210.0,127.0,95.0,32.0,49718,3,3band,3,2020-06-24,True,,0.7149875164031982
2_002_20200624_083032(4),1.5431156158447266,210.0,110.0,79.0,31.0,27049,2,3band,2,2020-06-24,True,,0.7219890356063843
2_002_20200624_083036(9),1.5122532844543457,210.0,112.0,80.0,32.0,27038,2,3band,2,2020-06-24,True,,0.712672770023346
2_002_20200624_083041(3),1.5794239044189453,210.0,112.0,81.0,31.0,27010,2,3band,2,2020-06-24,True,,0.7170141935348511
1_002_20200624_083045(5),1.1331202983856201,210.0,147.0,114.0,33.0,26749,3,3band,1,2020-06-24,True,,0.744301974773407
2_002_20200624_083045(8),1.5276844501495361,210.0,111.0,78.0,33.0,26828,3,3band,2,2020-06-24,True,,0.7466464638710022
1_002_20200624_083049(6),1.1195203065872192,210.0,147.0,114.0,33.0,26752,3,3band,1,2020-06-24,True,,0.751826822757721
2_002_20200624_083050(4),1.4078634977340698,210.0,111.0,80.0,31.0,26813,4,3band,2,2020-06-24,True,,0.7195855379104614
1_002_20200624_083053(3),1.1437122821807861,210.0,146.0,115.0,31.0,26669,3,3band,1,2020-06-24,True,,0.7619934678077698
2_002_20200624_083054(9),1.3918265104293823,210.0,110.0,79.0,31.0,26760,3,3band,2,2020-06-24,True,,0.7538306713104248
1_002_20200624_083057(4),1.13010573387146,210.0,147.0,115.0,32.0,26919,2,3band,1,2020-06-24,True,,0.7496671676635742
1_002_20200624_083101(4),1.187584400177002,210.0,147.0,118.0,29.0,26942,2,3band,1,2020-06-24,True,,0.7352513670921326
1_002_20200624_083105(5),1.1951619386672974,210.0,147.0,117.0,30.0,26949,2,3band,1,2020-06-24,True,,0.7365540266036987
3_001_20200624_083150(7),3.491671085357666,210.0,127.0,95.0,32.0,49834,3,3band,3,2020-06-24,True,,0.7265301942825317
3_001_20200624_083153(8),3.447810649871826,210.0,127.0,95.0,32.0,49857,4,3band,3,2020-06-24,True,,0.7100708484649658
3_001_20200624_083156(9),3.4145078659057617,210.0,127.0,94.0,33.0,49741,3,3band,3,2020-06-24,True,,0.6925452947616577
3_001_20200624_083159(6),3.506803035736084,210.0,127.0,96.0,31.0,50467,3,3band,3,2020-06-24,True,,0.7350720763206482
3_001_20200624_083202(6),3.5113346576690674,210.0,127.0,96.0,31.0,50378,3,3band,3,2020-06-24,True,,0.6766595244407654
3_001_20200624_083205(7),3.513613700866699,210.0,127.0,96.0,31.0,50378,3,3band,3,2020-06-24,True,,0.6914029717445374
1_002_20200624_123122(6),1.1558289527893066,210.0,146.0,115.0,31.0,26614,2,3band,1,2020-06-24,True,,0.7230100631713867
1_002_20200624_123126(4),1.1732168197631836,210.0,147.0,115.0,32.0,26601,3,3band,1,2020-06-24,True,,0.746023416519165
1_002_20200624_123129(9),1.1422010660171509,210.0,147.0,115.0,32.0,26673,3,3band,1,2020-06-24,True,,0.7541600465774536
1_002_20200624_123133(0),1.180410385131836,210.0,147.0,115.0,32.0,26969,2,3band,1,2020-06-24,True,,0.7367849349975586
1_002_20200624_123136(5),1.1066462993621826,210.0,147.0,117.0,30.0,27004,2,3band,1,2020-06-24,True,,0.7214542627334595
1_002_20200624_123143(7),1.1232777833938599,210.0,147.0,116.0,31.0,27016,2,3band,1,2020-06-24,True,,0.7314193844795227
2_002_20200624_123144(0),1.4378187656402588,210.0,111.0,79.0,32.0,26973,3,3band,2,2020-06-24,True,,0.7321252822875977
2_002_20200624_123148(2),1.3936426639556885,210.0,112.0,79.0,33.0,26856,2,3band,2,2020-06-24,True,,0.7252075672149658
2_002_20200624_123152(7),1.4378187656402588,210.0,111.0,78.0,33.0,26976,2,3band,2,2020-06-24,True,,0.7135058641433716
2_002_20200624_123157(4),1.5128577947616577,210.0,110.0,77.0,33.0,26669,3,3band,2,2020-06-24,True,,0.7090500593185425
2_002_20200624_123201(7),1.557639718055725,210.0,111.0,79.0,32.0,26625,3,3band,2,2020-06-24,True,,0.7366604208946228
2_002_20200624_123206(2),1.4977291822433472,210.0,111.0,78.0,33.0,26610,3,3band,2,2020-06-24,True,,0.7170724272727966
3_001_20200624_123313(4),3.67396879196167,210.0,127.0,96.0,31.0,50562,3,3band,3,2020-06-24,True,,0.7073703408241272
3_001_20200624_123317(8),3.5877437591552734,210.0,127.0,95.0,32.0,50403,3,3band,3,2020-06-24,True,,0.6992971301078796
3_001_20200624_123322(3),3.550668239593506,210.0,127.0,95.0,32.0,50502,3,3band,3,2020-06-24,True,,0.7031722068786621
3_001_20200624_123326(6),3.49318790435791,210.0,127.0,95.0,32.0,49827,3,3band,3,2020-06-24,True,,0.7246120572090149
3_001_20200624_123331(2),3.448559284210205,210.0,127.0,95.0,32.0,49900,3,3band,3,2020-06-24,True,,0.7297664284706116
3_001_20200624_123335(6),3.4750425815582275,210.0,127.0,94.0,33.0,49968,3,3band,3,2020-06-24,True,,0.7280592918395996
1_002_20200624_162522(0),1.1255496740341187,210.0,147.0,115.0,32.0,26575,3,3band,1,2020-06-24,True,,0.7526430487632751
1_002_20200624_162527(8),1.1164897680282593,210.0,147.0,115.0,32.0,26544,2,3band,1,2020-06-24,True,,0.741613507270813
1_002_20200624_162531(7),1.1437026262283325,210.0,147.0,115.0,32.0,26521,2,3band,1,2020-06-24,True,,0.7420221567153931
1_002_20200624_162536(8),1.1800216436386108,210.0,146.0,116.0,30.0,26674,2,3band,1,2020-06-24,True,,0.7205595374107361
1_002_20200624_162540(3),1.1785104274749756,210.0,147.0,116.0,31.0,26758,2,3band,1,2020-06-24,True,,0.7331457734107971
1_002_20200624_162543(7),1.1391831636428833,210.0,147.0,115.0,32.0,26758,2,3band,1,2020-06-24,True,,0.7064438462257385
2_002_20200624_162708(9),1.4826006889343262,210.0,112.0,80.0,32.0,26784,2,3band,2,2020-06-24,True,,0.714012861251831
2_002_20200624_162713(4),1.557639718055725,210.0,111.0,79.0,32.0,26836,2,3band,2,2020-06-24,True,,0.72102290391922
2_002_20200624_162717(9),1.5302566289901733,210.0,111.0,79.0,32.0,26882,2,3band,2,2020-06-24,True,,0.7266934514045715
2_002_20200624_162722(4),1.4825999736785889,210.0,110.0,77.0,33.0,26594,3,3band,2,2020-06-24,True,,0.7067595720291138
2_002_20200624_162726(9),1.5431156158447266,210.0,110.0,79.0,31.0,26472,3,3band,2,2020-06-24,False,0.7137247323989868,
2_002_20200624_162737(5),1.5128577947616577,210.0,110.0,78.0,32.0,26642,4,3band,2,2020-06-24,False,0.739116907119751,
3_001_20200624_162816(3),3.546137571334839,210.0,127.0,95.0,32.0,49626,5,3band,3,2020-06-24,True,,0.7007874250411987
3_001_20200624_162821(2),3.5385634899139404,210.0,127.0,94.0,33.0,49699,3,3band,3,2020-06-24,True,,0.7168088555335999
3_001_20200624_162831(2),3.470494508743286,210.0,127.0,96.0,31.0,50358,3,3band,3,2020-06-24,True,,0.7087574005126953
3_001_20200624_162835(8),3.45158314704895,210.0,127.0,96.0,31.0,50450,3,3band,3,2020-06-24,True,,0.7283703684806824
3_001_20200624_162846(3),3.6974170207977295,210.0,127.0,95.0,32.0,50350,3,3band,3,2020-06-24,False,0.6866341829299927,
3_001_20200624_162850(9),3.6081676483154297,210.0,127.0,95.0,32.0,50332,3,3band,3,2020-06-24,False,0.7061476707458496,
1_002_20200624_203003(9),1.1603715419769287,210.0,147.0,115.0,32.0,26331,2,3band,1,2020-06-24,True,,0.7261391878128052
1_002_20200624_203012(9),1.1255507469177246,210.0,146.0,115.0,31.0,26460,3,3band,1,2020-06-24,True,,0.7329296469688416
1_002_20200624_203017(4),1.192124843597412,210.0,146.0,117.0,29.0,26455,3,3band,1,2020-06-24,True,,0.7391012907028198
1_002_20200624_203021(9),1.124800205230713,210.0,147.0,117.0,30.0,26531,3,3band,1,2020-06-24,True,,0.7408137917518616
1_002_20200624_203026(4),1.192124843597412,210.0,146.0,117.0,29.0,26532,3,3band,1,2020-06-24,True,,0.7545467019081116
1_002_20200624_203044(4),1.1618759632110596,210.0,146.0,117.0,29.0,26491,3,3band,1,2020-06-24,True,,0.7026673555374146
2_002_20200624_203111(4),1.4826006889343262,210.0,112.0,80.0,32.0,26836,2,3band,2,2020-06-24,True,,0.7036662697792053
2_002_20200624_203114(3),1.5128577947616577,210.0,110.0,77.0,33.0,26698,2,3band,2,2020-06-24,True,,0.7272617816925049
2_002_20200624_203117(3),1.5128577947616577,210.0,110.0,77.0,33.0,26726,2,3band,2,2020-06-24,True,,0.7403823137283325
2_002_20200624_203120(3),1.6036312580108643,210.0,110.0,77.0,33.0,26510,2,3band,2,2020-06-24,True,,0.7230929732322693
2_002_20200624_203123(3),1.5431156158447266,210.0,110.0,77.0,33.0,26572,2,3band,2,2020-06-24,True,,0.7457672953605652
2_002_20200624_203126(3),1.4886515140533447,210.0,106.0,,,26833,0,no_band,2,2020-06-24,True,,0.7414841651916504
3_001_20200624_203149(7),3.6232922077178955,210.0,125.0,92.0,33.0,49574,3,3band,3,2020-06-24,True,,0.726949155330658
3_001_20200624_203154(3),3.4553723335266113,210.0,122.0,89.0,33.0,48411,4,3band,3,2020-06-24,True,,0.6973952054977417
3_001_20200624_203203(1),3.6732144355773926,210.0,123.0,90.0,33.0,48684,3,3band,3,2020-06-24,True,,0.720832347869873
3_001_20200624_203207(8),3.5824460983276367,210.0,122.0,89.0,33.0,48473,3,3band,3,2020-06-24,True,,0.7247039675712585
3_001_20200624_203212(2),3.6096742153167725,210.0,121.0,89.0,32.0,48369,3,3band,3,2020-06-24,True,,0.7263929843902588
3_001_20200624_203225(8),3.6081647872924805,210.0,125.0,91.0,34.0,49386,3,3band,3,2020-06-24,True,,0.732930600643158
1_002_20200625_003116(4),1.1490082740783691,210.0,147.0,117.0,30.0,26468,3,3band,1,2020-06-25,True,,0.7059172987937927
1_002_20200625_003120(7),1.1323742866516113,210.0,147.0,115.0,32.0,26460,3,3band,1,2020-06-25,True,,0.7138946652412415
1_002_20200625_003125(4),1.1195058822631836,210.0,146.0,116.0,30.0,26411,3,3band,1,2020-06-25,True,,0.6888142228126526
1_002_20200625_003130(0),1.1134543418884277,210.0,147.0,115.0,32.0,26484,3,3band,1,2020-06-25,True,,0.7144730687141418
1_002_20200625_003134(4),1.1316068172454834,210.0,146.0,117.0,29.0,26425,3,3band,1,2020-06-25,True,,0.7058062553405762
1_002_20200625_003139(0),1.1558244228363037,210.0,146.0,118.0,28.0,26505,3,3band,1,2020-06-25,True,,0.7007226347923279
2_002_20200625_003352(9),1.4078634977340698,210.0,111.0,80.0,31.0,26538,4,3band,2,2020-06-25,True,,0.7138116359710693
2_002_20200625_003357(4),1.331310749053955,210.0,110.0,81.0,29.0,26633,4,3band,2,2020-06-25,True,,0.7323641777038574
2_002_20200625_003401(8),1.331310749053955,210.0,110.0,81.0,29.0,26607,3,3band,2,2020-06-25,True,,0.7174400687217712
2_002_20200625_003406(3),1.331310749053955,210.0,110.0,81.0,29.0,26631,4,3band,2,2020-06-25,True,,0.7037531137466431
2_002_20200625_003410(8),1.331310749053955,210.0,110.0,81.0,29.0,26622,4,3band,2,2020-06-25,True,,0.7232818007469177
2_002_20200625_003415(4),1.4220843315124512,210.0,110.0,80.0,30.0,26699,4,3band,2,2020-06-25,True,,0.7305953502655029
3_001_20200625_003507(0),3.496213674545288,210.0,127.0,95.0,32.0,50163,3,3band,3,2020-06-25,True,,0.7056658267974854
3_001_20200625_003511(4),3.74582839012146,210.0,127.0,96.0,31.0,49908,4,3band,3,2020-06-25,True,,0.7064859867095947
3_001_20200625_003515(9),3.4909183979034424,210.0,127.0,96.0,31.0,50062,3,3band,3,2020-06-25,True,,0.7252120971679688
3_001_20200625_003520(4),3.525714874267578,210.0,127.0,95.0,32.0,49974,3,3band,3,2020-06-25,True,,0.7102622389793396
3_001_20200625_003524(9),3.3797225952148438,210.0,127.0,96.0,31.0,50095,3,3band,3,2020-06-25,True,,0.7159960269927979
3_001_20200625_003529(2),3.429647207260132,210.0,127.0,96.0,31.0,50085,3,3band,3,2020-06-25,True,,0.7261059880256653
1_002_20200625_042934(9),1.1512783765792847,210.0,147.0,115.0,32.0,26258,3,3band,1,2020-06-25,True,,0.7050607204437256
1_002_20200625_042939(2),1.1437212228775024,210.0,146.0,117.0,29.0,26258,3,3band,1,2020-06-25,True,,0.7029910683631897
1_002_20200625_042943(7),1.1906214952468872,210.0,147.0,115.0,32.0,26340,3,3band,1,2020-06-25,True,,0.6952950358390808
1_002_20200625_042948(3),1.127070426940918,210.0,147.0,115.0,32.0,26335,3,3band,1,2020-06-25,True,,0.7029345035552979
1_002_20200625_042952(8),1.1459920406341553,210.0,147.0,117.0,30.0,26334,3,3band,1,2020-06-25,True,,0.7069441676139832
1_002_20200625_042957(3),1.1149768829345703,210.0,147.0,117.0,30.0,26409,3,3band,1,2020-06-25,True,,0.6887189149856567
3_001_20200625_043323(7),3.42208194732666,210.0,127.0,95.0,32.0,49748,4,3band,3,2020-06-25,True,,0.7174538373947144
3_001_20200625_043328(3),3.5824484825134277,210.0,127.0,96.0,31.0,49858,4,3band,3,2020-06-25,True,,0.7118182182312012
3_001_20200625_043337(3),3.627836227416992,210.0,126.0,95.0,31.0,49707,3,3band,3,2020-06-25,True,,0.7237850427627563
3_001_20200625_043341(7),3.590003252029419,210.0,127.0,94.0,33.0,49712,3,3band,3,2020-06-25,True,,0.7137680053710938
3_001_20200625_043346(2),3.5605204105377197,210.0,127.0,95.0,32.0,49584,3,3band,3,2020-06-25,True,,0.7184470891952515
3_001_20200625_043359(8),3.3978846073150635,210.0,126.0,95.0,31.0,49644,3,3band,3,2020-06-25,True,,0.7040371298789978
1_002_20200629_082630(7),1.1943978071212769,210.0,143.0,114.0,29.0,27004,2,3band,1,2020-06-29,True,,
1_002_20200629_082639(2),1.1974291801452637,210.0,143.0,114.0,29.0,27061,3,3band,1,2020-06-29,True,,
1_002_20200629_082642(2),1.1921360492706299,210.0,143.0,114.0,29.0,26954,2,3band,1,2020-06-29,True,,
1_002_20200629_082645(4),1.201202154159546,210.0,143.0,114.0,29.0,26849,3,3band,1,2020-06-29,True,,
1_002_20200629_082648(6),1.2526438236236572,210.0,143.0,114.0,29.0,26869,2,3band,1,2020-06-29,False,0.7181214690208435,
1_002_20200629_082651(5),1.2223825454711914,210.0,143.0,114.0,29.0,26801,3,3band,1,2020-06-29,False,0.710582435131073,
2_002_20200629_082823(5),1.6482616662979126,209.0,109.0,80.0,29.0,27151,4,3band,2,2020-06-29,True,,
3_001_20200629_082825(1),3.5302529335021973,210.0,127.0,98.0,29.0,49479,3,3band,3,2020-06-29,True,,
2_002_20200629_082828(5),1.5431156158447266,209.0,110.0,80.0,30.0,27176,3,3band,2,2020-06-29,True,,
3_001_20200629_082828(0),3.6853208541870117,210.0,127.0,98.0,29.0,49493,3,3band,3,2020-06-29,True,,
2_002_20200629_082831(3),1.644479751586914,209.0,109.0,80.0,29.0,27128,3,3band,2,2020-06-29,True,,
3_001_20200629_082831(0),3.515881299972534,210.0,128.0,99.0,29.0,49603,3,3band,3,2020-06-29,True,,
2_002_20200629_082834(2),1.6217865943908691,209.0,109.0,79.0,30.0,27109,3,3band,2,2020-06-29,True,,
3_001_20200629_082834(2),3.5007517337799072,210.0,128.0,99.0,29.0,49766,4,3band,3,2020-06-29,True,,
2_002_20200629_082837(0),1.6036313772201538,209.0,108.0,79.0,29.0,27064,3,3band,2,2020-06-29,True,,
3_001_20200629_082837(2),3.624798536300659,210.0,128.0,98.0,30.0,49608,3,3band,3,2020-06-29,True,,
2_002_20200629_082839(9),1.6036312580108643,209.0,110.0,80.0,30.0,27089,5,3band,2,2020-06-29,True,,
3_001_20200629_082840(2),3.644474744796753,210.0,128.0,99.0,29.0,49568,3,3band,3,2020-06-29,True,,
3_001_20200629_082905(4),3.6126949787139893,210.0,128.0,98.0,30.0,49781,4,3band,3,2020-06-29,True,,
3_001_20200629_123107(1),3.512857675552368,210.0,126.0,95.0,31.0,49599,3,3band,3,2020-06-29,True,,
3_001_20200629_123111(6),3.5521907806396484,210.0,126.0,96.0,30.0,49713,4,3band,3,2020-06-29,True,,
3_001_20200629_123116(1),3.521930694580078,210.0,126.0,95.0,31.0,49812,3,3band,3,2020-06-29,True,,
3_001_20200629_123120(6),3.612699508666992,210.0,126.0,95.0,31.0,49864,3,3band,3,2020-06-29,True,,
3_001_20200629_123125(2),3.5612690448760986,210.0,126.0,95.0,31.0,49668,4,3band,3,2020-06-29,True,,
3_001_20200629_123129(6),3.5521929264068604,210.0,126.0,96.0,30.0,49882,4,3band,3,2020-06-29,False,0.6805585622787476,
1_002_20200629_123235(1),1.1724543571472168,210.0,145.0,115.0,30.0,26737,3,3band,1,2020-06-29,False,0.715984046459198,
1_002_20200629_123239(5),1.2329813241958618,210.0,145.0,115.0,30.0,26748,3,3band,1,2020-06-29,False,0.7196821570396423,
1_002_20200629_123244(1),1.1527974605560303,210.0,144.0,116.0,28.0,26627,3,3band,1,2020-06-29,False,0.7170358300209045,
1_002_20200629_123248(5),1.1981650590896606,210.0,144.0,115.0,29.0,26687,3,3band,1,2020-06-29,False,0.7154480814933777,
1_002_20200629_123253(1),1.2405452728271484,210.0,144.0,115.0,29.0,26663,3,3band,1,2020-06-29,False,0.7126321196556091,
1_002_20200629_123257(5),1.1921405792236328,210.0,144.0,115.0,29.0,26696,3,3band,1,2020-06-29,False,0.7063769698143005,
2_002_20200629_123442(5),1.5219351053237915,210.0,109.0,80.0,29.0,26914,4,3band,2,2020-06-29,True,,
2_002_20200629_123447(0),1.4220843315124512,210.0,110.0,79.0,31.0,26958,3,3band,2,2020-06-29,True,,
2_002_20200629_123451(5),1.4825999736785889,210.0,110.0,80.0,30.0,27047,4,3band,2,2020-06-29,True,,
2_002_20200629_123456(0),1.4220843315124512,210.0,110.0,80.0,30.0,27012,4,3band,2,2020-06-29,True,,
2_002_20200629_123500(5),1.4825999736785889,210.0,110.0,80.0,30.0,27110,3,3band,2,2020-06-29,True,,
2_002_20200629_123505(0),1.5128577947616577,210.0,110.0,80.0,30.0,27090,4,3band,2,2020-06-29,True,,
1_002_20200629_163454(3),1.161887288093567,210.0,146.0,114.0,32.0,26726,3,3band,1,2020-06-29,False,0.7292229533195496,
1_002_20200629_163457(3),1.157336711883545,210.0,145.0,115.0,30.0,26644,3,3band,1,2020-06-29,False,0.7119818925857544,
1_002_20200629_163500(2),1.2042222023010254,210.0,146.0,115.0,31.0,26768,3,3band,1,2020-06-29,False,0.716191291809082,
1_002_20200629_163506(3),1.202717900276184,210.0,145.0,115.0,30.0,26739,3,3band,1,2020-06-29,False,0.7091184854507446,
1_002_20200629_163513(1),1.2284477949142456,210.0,146.0,115.0,31.0,26832,2,3band,1,2020-06-29,False,0.7210524678230286,
1_002_20200629_163520(3),1.198167324066162,210.0,146.0,115.0,31.0,26853,3,3band,1,2020-06-29,False,0.7154960632324219,
2_002_20200629_163656(7),1.4220843315124512,210.0,110.0,80.0,30.0,26902,3,3band,2,2020-06-29,True,,
2_002_20200629_163659(7),1.5128577947616577,210.0,110.0,79.0,31.0,26957,4,3band,2,2020-06-29,True,,
2_002_20200629_163702(8),1.45234215259552,210.0,110.0,80.0,30.0,26938,4,3band,2,2020-06-29,True,,
2_002_20200629_163705(8),1.45234215259552,210.0,110.0,79.0,31.0,26887,4,3band,2,2020-06-29,True,,
2_002_20200629_163708(9),1.4825999736785889,210.0,110.0,79.0,31.0,26887,3,3band,2,2020-06-29,True,,
2_002_20200629_163711(8),1.45234215259552,210.0,110.0,79.0,31.0,26937,4,3band,2,2020-06-29,True,,
3_001_20200629_163728(4),3.45839262008667,210.0,126.0,95.0,31.0,49822,4,3band,3,2020-06-29,False,0.686744749546051,
3_001_20200629_163732(9),3.5612690448760986,210.0,126.0,95.0,31.0,50022,3,3band,3,2020-06-29,False,0.6733991503715515,
3_001_20200629_163737(5),3.463696002960205,210.0,127.0,95.0,32.0,50074,4,3band,3,2020-06-29,False,0.6741920709609985,
3_001_20200629_163741(9),3.466712236404419,210.0,127.0,95.0,32.0,50090,3,3band,3,2020-06-29,False,0.679786205291748,
3_001_20200629_163746(6),3.3812355995178223,210.0,127.0,94.0,33.0,49983,3,3band,3,2020-06-29,False,0.6770927906036377,
3_001_20200629_163756(6),3.5037779808044434,210.0,126.0,95.0,31.0,49856,3,3band,3,2020-06-29,False,0.685767412185669,
1_002_20200629_202528(1),1.2163400650024414,210.0,146.0,114.0,32.0,26739,3,3band,1,2020-06-29,False,0.7102940082550049,
1_002_20200629_202532(5),1.2042324542999268,210.0,146.0,114.0,32.0,26591,3,3band,1,2020-06-29,False,0.7058954834938049,
1_002_20200629_202537(0),1.1800307035446167,210.0,146.0,114.0,32.0,26724,3,3band,1,2020-06-29,False,0.7125241160392761,
1_002_20200629_202541(5),1.1255654096603394,210.0,147.0,114.0,33.0,26665,3,3band,1,2020-06-29,False,0.7159644365310669,
1_002_20200629_202546(0),1.2027325630187988,210.0,147.0,114.0,33.0,26843,2,3band,1,2020-06-29,False,0.7069882154464722,
1_002_20200629_202550(6),1.0741270780563354,210.0,147.0,114.0,33.0,26929,2,3band,1,2020-06-29,False,0.7048036456108093,
2_002_20200629_202727(4),1.4591493606567383,210.0,113.0,80.0,33.0,27144,2,3band,2,2020-06-29,False,0.7239832878112793,
2_002_20200629_202731(9),1.452947974205017,210.0,112.0,78.0,34.0,27089,2,3band,2,2020-06-29,False,0.736254870891571,
2_002_20200629_202736(4),1.4677739143371582,210.0,111.0,78.0,33.0,27130,2,3band,2,2020-06-29,False,0.7210898399353027,
2_002_20200629_202741(1),1.5234479904174805,210.0,109.0,79.0,30.0,26950,4,3band,2,2020-06-29,False,0.7305341958999634,
2_002_20200629_202745(5),1.6036312580108643,210.0,110.0,79.0,31.0,26903,4,3band,2,2020-06-29,False,0.7175829410552979,
2_002_20200629_202750(0),1.4372135400772095,210.0,109.0,76.0,33.0,27015,4,3band,2,2020-06-29,False,0.7357059717178345,
3_001_20200629_202802(6),3.570349931716919,210.0,126.0,94.0,32.0,49778,3,3band,3,2020-06-29,False,0.6919262409210205,
3_001_20200629_202807(1),3.5385756492614746,210.0,127.0,95.0,32.0,49831,5,3band,3,2020-06-29,False,0.6826580166816711,
3_001_20200629_202811(5),3.5037758350372314,210.0,126.0,94.0,32.0,49647,3,3band,3,2020-06-29,False,0.6913703680038452,
3_001_20200629_202816(1),3.4894065856933594,210.0,127.0,96.0,31.0,50515,3,3band,3,2020-06-29,False,0.690357506275177,
3_001_20200629_202820(6),3.388798236846924,210.0,127.0,96.0,31.0,50541,3,3band,3,2020-06-29,False,0.6944583058357239,
3_001_20200629_202825(1),3.4659557342529297,210.0,127.0,95.0,32.0,50548,3,3band,3,2020-06-29,False,0.6937664151191711,
1_002_20200630_002731(0),1.1648926734924316,210.0,145.0,114.0,31.0,26703,2,3band,1,2020-06-30,False,0.7153589725494385,
1_002_20200630_002735(3),1.1724543571472168,210.0,145.0,114.0,31.0,26774,2,3band,1,2020-06-30,False,0.7110300064086914,
1_002_20200630_002739(8),1.1497570276260376,210.0,146.0,115.0,31.0,26819,2,3band,1,2020-06-30,False,0.719379723072052,
1_002_20200630_002744(3),1.1603549718856812,210.0,147.0,114.0,33.0,26558,3,3band,1,2020-06-30,False,0.7180050611495972,
1_002_20200630_002748(7),1.1255507469177246,210.0,146.0,114.0,32.0,26569,3,3band,1,2020-06-30,False,0.7250714302062988,
1_002_20200630_002753(4),1.0771608352661133,210.0,146.0,114.0,32.0,26641,3,3band,1,2020-06-30,False,0.7177777290344238,
2_002_20200630_002937(6),1.5294995307922363,210.0,109.0,77.0,32.0,26937,4,3band,2,2020-06-30,False,0.7302660346031189,
2_002_20200630_002942(1),1.4825999736785889,210.0,110.0,78.0,32.0,26995,4,3band,2,2020-06-30,False,0.7122750282287598,
2_002_20200630_002946(4),1.5431156158447266,210.0,110.0,78.0,32.0,26931,3,3band,2,2020-06-30,False,0.7362939715385437,
2_002_20200630_002951(2),1.5276844501495361,210.0,111.0,78.0,33.0,27178,2,3band,2,2020-06-30,False,0.7398444414138794,
2_002_20200630_002955(6),1.45234215259552,210.0,110.0,78.0,32.0,27327,2,3band,2,2020-06-30,False,0.732785701751709,
2_002_20200630_003000(0),1.4677739143371582,210.0,111.0,79.0,32.0,27252,2,3band,2,2020-06-30,False,0.7326586842536926,
3_001_20200630_003006(2),3.5824480056762695,210.0,128.0,98.0,30.0,49795,4,3band,3,2020-06-30,False,0.6869681477546692,
3_001_20200630_003010(8),3.4462780952453613,210.0,128.0,98.0,30.0,49763,4,3band,3,2020-06-30,False,0.6792231202125549,
3_001_20200630_003015(1),3.467468500137329,210.0,128.0,98.0,30.0,49679,3,3band,3,2020-06-30,False,0.691545307636261,
3_001_20200630_003019(7),3.367250680923462,210.0,129.0,98.0,31.0,50481,3,3band,3,2020-06-30,False,0.693941056728363,
3_001_20200630_003024(2),3.447812080383301,210.0,129.0,98.0,31.0,50379,3,3band,3,2020-06-30,False,0.6842310428619385,
3_001_20200630_003033(2),3.5756402015686035,210.0,129.0,99.0,30.0,50401,3,3band,3,2020-06-30,False,0.6887643337249756,
1_002_20200630_042952(6),1.172476887702942,210.0,145.0,114.0,31.0,26583,2,3band,1,2020-06-30,False,0.7262552380561829,
1_002_20200630_042956(9),1.1981877088546753,210.0,146.0,114.0,32.0,26482,3,3band,1,2020-06-30,False,0.7118774652481079,
1_002_20200630_043001(5),1.2481045722961426,210.0,145.0,114.0,31.0,26456,3,3band,1,2020-06-30,False,0.7140893936157227,
1_002_20200630_043009(0),1.1769880056381226,210.0,146.0,117.0,29.0,26859,2,3band,1,2020-06-30,False,0.7101626992225647,
1_002_20200630_043018(1),1.1527974605560303,210.0,147.0,116.0,31.0,26961,2,3band,1,2020-06-30,False,0.7139632105827332,
1_002_20200630_043022(7),1.172470211982727,210.0,147.0,114.0,33.0,26895,2,3band,1,2020-06-30,False,0.7133787870407104,
2_002_20200630_043222(4),1.5431156158447266,210.0,110.0,79.0,31.0,26889,4,3band,2,2020-06-30,False,0.7408597469329834,
2_002_20200630_043226(7),1.5128577947616577,210.0,110.0,78.0,32.0,26982,3,3band,2,2020-06-30,False,0.7358453869819641,
2_002_20200630_043231(3),1.5128577947616577,210.0,110.0,79.0,31.0,26882,2,3band,2,2020-06-30,False,0.7371295094490051,
2_002_20200630_043235(6),1.5431156158447266,210.0,110.0,79.0,31.0,27260,2,3band,2,2020-06-30,False,0.721569299697876,
2_002_20200630_043240(2),1.4378187656402588,210.0,111.0,80.0,31.0,27188,2,3band,2,2020-06-30,False,0.7243579626083374,
2_002_20200630_043244(6),1.347952961921692,210.0,111.0,81.0,30.0,27164,2,3band,2,2020-06-30,False,0.746461808681488,
3_001_20200630_043339(8),3.383502721786499,210.0,129.0,98.0,31.0,49928,4,3band,3,2020-06-30,False,0.6973519325256348,
3_001_20200630_043538(1),3.459904193878174,210.0,128.0,98.0,30.0,49829,4,3band,3,2020-06-30,False,0.6748719215393066,
3_001_20200630_043544(2),3.552189588546753,210.0,128.0,98.0,30.0,49799,3,3band,3,2020-06-30,False,0.6863242983818054,
3_001_20200630_043548(7),3.3585405349731445,210.0,130.0,99.0,31.0,50513,3,3band,3,2020-06-30,False,0.7058365345001221,
3_001_20200630_043600(9),3.5279839038848877,210.0,129.0,98.0,31.0,50412,3,3band,3,2020-06-30,False,0.7090336680412292,
3_001_20200630_043605(5),3.490540027618408,210.0,129.0,99.0,30.0,50518,3,3band,3,2020-06-30,False,0.6843594312667847,
1_002_20200630_083021(2),1.2102681398391724,210.0,146.0,115.0,31.0,26689,2,3band,1,2020-06-30,False,0.7133680582046509,
1_002_20200630_083024(2),1.0953177213668823,210.0,146.0,117.0,29.0,26600,3,3band,1,2020-06-30,False,0.717799961566925,
1_002_20200630_083028(7),1.1686848402023315,210.0,145.0,116.0,29.0,26577,3,3band,1,2020-06-30,False,0.7034921646118164,
1_002_20200630_083033(2),1.1558244228363037,210.0,146.0,116.0,30.0,26550,3,3band,1,2020-06-30,False,0.7135168313980103,
1_002_20200630_083037(7),1.1921428442001343,210.0,146.0,116.0,30.0,26635,3,3band,1,2020-06-30,False,0.7156291604042053,
1_002_20200630_083042(2),1.1739723682403564,210.0,146.0,117.0,29.0,26630,3,3band,1,2020-06-30,False,0.7263632416725159,
2_002_20200630_083221(8),1.4677739143371582,210.0,111.0,80.0,31.0,26816,4,3band,2,2020-06-30,False,0.7456283569335938,
2_002_20200630_083224(8),1.45234215259552,210.0,110.0,80.0,30.0,26816,4,3band,2,2020-06-30,False,0.7314310073852539,
2_002_20200630_083227(8),1.5128577947616577,210.0,110.0,81.0,29.0,26834,4,3band,2,2020-06-30,False,0.7498964071273804,
2_002_20200630_083230(8),1.4825999736785889,210.0,110.0,81.0,29.0,26877,4,3band,2,2020-06-30,False,0.7401540279388428,
2_002_20200630_083233(8),1.4220843315124512,210.0,110.0,80.0,30.0,26855,3,3band,2,2020-06-30,False,0.7353347539901733,
3_001_20200630_083235(6),3.6126949787139893,210.0,128.0,99.0,29.0,49569,3,3band,3,2020-06-30,False,0.6742237210273743,
2_002_20200630_083236(8),1.3918265104293823,210.0,110.0,81.0,29.0,26824,4,3band,2,2020-06-30,False,0.7225168943405151,
3_001_20200630_083322(2),3.399388551712036,210.0,128.0,98.0,30.0,49767,3,3band,3,2020-06-30,False,0.6795960068702698,
3_001_20200630_083331(2),3.458390951156616,210.0,129.0,98.0,31.0,49855,3,3band,3,2020-06-30,False,0.6891663074493408,
3_001_20200630_083350(7),3.6225290298461914,210.0,128.0,99.0,29.0,49874,3,3band,3,2020-06-30,False,0.700413167476654,
3_001_20200630_083355(1),3.6580801010131836,210.0,128.0,99.0,29.0,49845,4,3band,3,2020-06-30,False,0.6976054310798645,
3_001_20200630_083405(7),3.375938892364502,210.0,128.0,99.0,29.0,49768,4,3band,3,2020-06-30,False,0.6820889711380005,
2_002_20200630_123159(3),1.4977291822433472,210.0,111.0,79.0,32.0,26888,3,3band,2,2020-06-30,False,0.745414137840271,
2_002_20200630_123203(6),1.4825999736785889,210.0,110.0,81.0,29.0,26907,4,3band,2,2020-06-30,False,0.7351779341697693,
1_002_20200630_123220(5),1.1391831636428833,210.0,147.0,116.0,31.0,26728,3,3band,1,2020-06-30,False,0.7203834652900696,
1_002_20200630_123224(9),1.125558614730835,210.0,146.0,117.0,29.0,26696,3,3band,1,2020-06-30,False,0.71625155210495,
1_002_20200630_123229(5),1.1800216436386108,210.0,146.0,117.0,29.0,26791,3,3band,1,2020-06-30,False,0.7127485275268555,
2_002_20200630_123232(0),1.3615686893463135,210.0,110.0,81.0,29.0,27010,4,3band,2,2020-06-30,False,0.7370093464851379,
1_002_20200630_123234(0),1.2102771997451782,210.0,146.0,117.0,29.0,26688,3,3band,1,2020-06-30,False,0.724662184715271,
2_002_20200630_123235(0),1.2405372858047485,210.0,110.0,79.0,31.0,26943,3,3band,2,2020-06-30,False,0.7444154620170593,
1_002_20200630_123238(5),1.1800216436386108,210.0,146.0,117.0,29.0,26718,3,3band,1,2020-06-30,False,0.7175597548484802,
2_002_20200630_123238(0),1.4220843315124512,210.0,110.0,80.0,30.0,26945,4,3band,2,2020-06-30,False,0.7315720319747925,
2_002_20200630_123241(0),1.3918265104293823,210.0,110.0,80.0,30.0,26908,4,3band,2,2020-06-30,False,0.7442294359207153,
1_002_20200630_123243(0),1.1679185628890991,210.0,146.0,117.0,29.0,26735,3,3band,1,2020-06-30,False,0.7153041362762451,
3_001_20200630_123334(2),3.4462828636169434,210.0,129.0,99.0,30.0,49956,3,3band,3,2020-06-30,False,0.6857103109359741,
3_001_20200630_123338(7),3.4251184463500977,210.0,129.0,99.0,30.0,50009,3,3band,3,2020-06-30,False,0.6980497241020203,
3_001_20200630_123343(2),3.4262423515319824,210.0,129.0,98.0,31.0,50115,3,3band,3,2020-06-30,False,0.7010821104049683,
3_001_20200630_123347(6),3.457634687423706,210.0,129.0,98.0,31.0,49861,3,3band,3,2020-06-30,False,0.6768231391906738,
3_001_20200630_123352(1),3.3933370113372803,210.0,129.0,98.0,31.0,50030,4,3band,3,2020-06-30,False,0.6950973868370056,
3_001_20200630_123423(6),3.4735190868377686,210.0,128.0,98.0,30.0,49976,3,3band,3,2020-06-30,False,0.6845769286155701,
3_001_20200630_123426(8),3.437967300415039,210.0,129.0,98.0,31.0,49879,3,3band,3,2020-06-30,False,0.7004647850990295,
2_002_20200630_163105(7),1.4916768074035645,210.0,112.0,81.0,31.0,27160,2,3band,2,2020-06-30,False,0.7164002060890198,
2_002_20200630_163108(9),1.4977291822433472,210.0,111.0,78.0,33.0,27263,2,3band,2,2020-06-30,False,0.747068464756012,
3_001_20200630_163111(8),3.3350958824157715,210.0,129.0,99.0,30.0,50321,3,3band,3,2020-06-30,False,0.6437902450561523,
2_002_20200630_163112(5),1.5854765176773071,210.0,112.0,78.0,34.0,27266,2,3band,2,2020-06-30,False,0.7351846098899841,
2_002_20200630_163116(0),1.4381215572357178,210.0,112.0,79.0,33.0,27201,2,3band,2,2020-06-30,False,0.7378594875335693,
3_001_20200630_163116(2),3.520418167114258,210.0,127.0,97.0,30.0,49184,3,3band,3,2020-06-30,False,0.6715277433395386,
2_002_20200630_163119(5),1.423295259475708,210.0,112.0,79.0,33.0,27232,2,3band,2,2020-06-30,False,0.722309410572052,
3_001_20200630_163120(7),3.43418550491333,210.0,129.0,98.0,31.0,50203,3,3band,3,2020-06-30,False,0.7103091478347778,
2_002_20200630_163122(8),1.4977291822433472,210.0,111.0,79.0,32.0,27253,2,3band,2,2020-06-30,False,0.7465257048606873,
3_001_20200630_163125(2),3.416029214859009,210.0,128.0,98.0,30.0,50109,3,3band,3,2020-06-30,False,0.7083605527877808,
3_001_20200630_163129(8),3.273829460144043,210.0,129.0,99.0,30.0,50300,3,3band,3,2020-06-30,False,0.6989103555679321,
3_001_20200630_163134(2),3.47957181930542,210.0,127.0,97.0,30.0,49261,3,3band,3,2020-06-30,False,0.7001979947090149,
3_001_20200630_163147(8),3.5143778324127197,210.0,127.0,97.0,30.0,49547,3,3band,3,2020-06-30,False,0.6678880453109741,
1_002_20200630_163223(6),1.1119511127471924,210.0,147.0,117.0,30.0,26910,2,3band,1,2020-06-30,False,0.711966872215271,
1_002_20200630_163227(9),1.1815441846847534,210.0,147.0,118.0,29.0,26872,2,3band,1,2020-06-30,False,0.7041563987731934,
1_002_20200630_163232(4),1.1422010660171509,210.0,147.0,117.0,30.0,26819,2,3band,1,2020-06-30,False,0.6982496380805969,
1_002_20200630_163237(0),1.202723503112793,210.0,145.0,115.0,30.0,26504,2,3band,1,2020-06-30,False,0.7155358195304871,
1_002_20200630_163241(3),1.142190933227539,210.0,145.0,115.0,30.0,26354,2,3band,1,2020-06-30,False,0.7135113477706909,
1_002_20200630_163246(0),1.1951584815979004,210.0,144.0,115.0,29.0,26392,2,3band,1,2020-06-30,False,0.7131333947181702,
1_002_20200630_202821(1),1.1255733966827393,210.0,146.0,115.0,31.0,26422,2,3band,1,2020-06-30,False,0.7085522413253784,
1_002_20200630_202825(8),1.1830542087554932,210.0,146.0,117.0,29.0,26577,2,3band,1,2020-06-30,False,0.7185150980949402,
1_002_20200630_202830(0),1.176995873451233,210.0,146.0,117.0,29.0,26493,3,3band,1,2020-06-30,False,0.7151893973350525,
1_002_20200630_202834(7),1.1331428289413452,210.0,147.0,114.0,33.0,26416,2,3band,1,2020-06-30,False,0.7196130156517029,
1_002_20200630_202839(2),1.164902925491333,210.0,148.0,115.0,33.0,26677,2,3band,1,2020-06-30,False,0.7142825126647949,
1_002_20200630_202843(7),1.1770038604736328,210.0,147.0,117.0,30.0,26686,2,3band,1,2020-06-30,False,0.712520182132721,
2_002_20200630_203013(9),1.4968221187591553,210.0,113.0,81.0,32.0,26894,3,3band,2,2020-06-30,False,0.707413375377655,
2_002_20200630_203018(4),1.5068062543869019,210.0,114.0,82.0,32.0,26974,3,3band,2,2020-06-30,False,0.7302802205085754,
2_002_20200630_203022(9),1.438122034072876,210.0,113.0,80.0,33.0,26996,2,3band,2,2020-06-30,False,0.7424352169036865,
2_002_20200630_203027(4),1.4078634977340698,210.0,111.0,80.0,31.0,26784,3,3band,2,2020-06-30,False,0.72914719581604,
2_002_20200630_203031(8),1.3779082298278809,210.0,111.0,80.0,31.0,26776,4,3band,2,2020-06-30,False,0.7393890023231506,
2_002_20200630_203036(4),1.347952961921692,210.0,111.0,80.0,31.0,26770,4,3band,2,2020-06-30,False,0.7436988353729248,
3_001_20200630_203200(3),3.3888096809387207,210.0,130.0,98.0,32.0,50255,3,3band,3,2020-06-30,False,0.6931406259536743,
3_001_20200630_203205(0),3.3888096809387207,210.0,130.0,97.0,33.0,50279,3,3band,3,2020-06-30,False,0.68963623046875,
3_001_20200630_203209(3),3.3888096809387207,210.0,130.0,98.0,32.0,50278,3,3band,3,2020-06-30,False,0.680543839931488,
3_001_20200630_203213(8),3.2526438236236572,210.0,130.0,98.0,32.0,50338,3,3band,3,2020-06-30,False,0.6981629133224487,
3_001_20200630_203218(3),3.344935178756714,210.0,129.0,98.0,31.0,49723,4,3band,3,2020-06-30,False,0.704079270362854,
3_001_20200630_203222(8),3.568075656890869,210.0,128.0,98.0,30.0,49443,4,3band,3,2020-06-30,False,0.7017787098884583,
1_002_20200701_003844(7),1.17246675491333,210.0,147.0,115.0,32.0,26471,3,3band,1,2020-07-01,False,0.7174184322357178,
1_002_20200701_003849(2),1.1649118661880493,210.0,147.0,114.0,33.0,26518,3,3band,1,2020-07-01,False,0.7205870151519775,
1_002_20200701_003853(8),1.1096842288970947,210.0,147.0,115.0,32.0,26526,3,3band,1,2020-07-01,False,0.7197577357292175,
1_002_20200701_003858(2),1.183045744895935,210.0,147.0,117.0,30.0,26844,2,3band,1,2020-07-01,False,0.7084139585494995,
1_002_20200701_003902(7),1.104377031326294,210.0,147.0,118.0,29.0,26808,2,3band,1,2020-07-01,False,0.7184267640113831,
1_002_20200701_003907(0),1.1331219673156738,210.0,147.0,117.0,30.0,26807,2,3band,1,2020-07-01,False,0.714446485042572,
2_002_20200701_004107(2),1.587594985961914,210.0,111.0,78.0,33.0,26999,2,3band,2,2020-07-01,False,0.7429183721542358,
2_002_20200701_004111(5),1.4977291822433472,210.0,111.0,79.0,32.0,26979,2,3band,2,2020-07-01,False,0.7195373773574829,
2_002_20200701_004116(1),1.557639718055725,210.0,111.0,79.0,32.0,26972,2,3band,2,2020-07-01,False,0.7344068288803101,
2_002_20200701_004120(5),1.452947974205017,210.0,112.0,79.0,33.0,26750,3,3band,2,2020-07-01,False,0.7392964959144592,
2_002_20200701_004125(0),1.4674720764160156,210.0,113.0,79.0,34.0,26733,3,3band,2,2020-07-01,False,0.7496874332427979,
2_002_20200701_004129(6),1.438122034072876,210.0,113.0,79.0,34.0,26731,3,3band,2,2020-07-01,False,0.7122407555580139,
3_001_20200701_004132(8),3.4493138790130615,210.0,130.0,99.0,31.0,50819,3,3band,3,2020-07-01,False,0.6905466318130493,
3_001_20200701_004141(6),3.3585517406463623,210.0,130.0,98.0,32.0,50511,3,3band,3,2020-07-01,False,0.6946885585784912,
3_001_20200701_004146(2),3.47957181930542,210.0,130.0,98.0,32.0,50320,3,3band,3,2020-07-01,False,0.6873630285263062,
3_001_20200701_004150(6),3.428133249282837,210.0,128.0,98.0,30.0,49791,3,3band,3,2020-07-01,False,0.6961060166358948,
3_001_20200701_004155(1),3.518906831741333,210.0,129.0,99.0,30.0,49740,3,3band,3,2020-07-01,False,0.6801066398620605,
3_001_20200701_004159(7),3.538574695587158,210.0,129.0,99.0,30.0,49654,3,3band,3,2020-07-01,False,0.6733576059341431,
1_002_20200701_042952(8),1.141432523727417,210.0,147.0,115.0,32.0,26630,2,3band,1,2020-07-01,False,0.7196769118309021,
1_002_20200701_042957(2),1.1906214952468872,210.0,147.0,115.0,32.0,26501,3,3band,1,2020-07-01,False,0.7173099517822266,
1_002_20200701_043001(6),1.0763989686965942,210.0,147.0,115.0,32.0,26568,3,3band,1,2020-07-01,False,0.702729344367981,
1_002_20200701_043006(4),1.1951426267623901,210.0,146.0,117.0,29.0,26851,2,3band,1,2020-07-01,False,0.701102077960968,
1_002_20200701_043010(8),1.2027150392532349,210.0,147.0,115.0,32.0,26834,2,3band,1,2020-07-01,False,0.713363528251648,
1_002_20200701_043015(3),1.149761438369751,210.0,146.0,117.0,29.0,26762,2,3band,1,2020-07-01,False,0.7084805369377136,
2_002_20200701_043204(8),1.423295259475708,210.0,112.0,79.0,33.0,26641,3,3band,2,2020-07-01,False,0.7409237623214722,
2_002_20200701_043209(5),1.4677739143371582,210.0,111.0,79.0,32.0,26787,4,3band,2,2020-07-01,False,0.7323793768882751,
2_002_20200701_043213(9),1.3936426639556885,210.0,112.0,79.0,33.0,26629,2,3band,2,2020-07-01,False,0.718360185623169,
2_002_20200701_043218(4),1.5122532844543457,210.0,112.0,81.0,31.0,26820,2,3band,2,2020-07-01,False,0.7262195348739624,
2_002_20200701_043222(8),1.4677739143371582,210.0,111.0,81.0,30.0,26834,2,3band,2,2020-07-01,False,0.7216352224349976,
2_002_20200701_043227(2),1.5276844501495361,210.0,111.0,79.0,32.0,26813,2,3band,2,2020-07-01,False,0.7302083373069763,
3_001_20200701_043236(2),3.340385675430298,210.0,128.0,99.0,29.0,49758,4,3band,3,2020-07-01,False,0.7077247500419617,
3_001_20200701_043245(3),3.43721079826355,210.0,129.0,99.0,30.0,49755,3,3band,3,2020-07-01,False,0.6971667408943176,
3_001_20200701_043249(7),3.459148406982422,210.0,129.0,99.0,30.0,49718,3,3band,3,2020-07-01,False,0.675395667552948,
3_001_20200701_043258(7),3.6361448764801025,210.0,129.0,98.0,31.0,50344,3,3band,3,2020-07-01,False,0.6982966661453247,
3_001_20200701_043307(7),3.423222303390503,210.0,129.0,98.0,31.0,50288,3,3band,3,2020-07-01,False,0.6480786204338074,
3_001_20200701_043312(4),3.332454204559326,210.0,129.0,99.0,30.0,50369,3,3band,3,2020-07-01,False,0.6795397400856018,
2_002_20200701_083102(9),1.4378187656402588,210.0,111.0,81.0,30.0,26689,4,3band,2,2020-07-01,False,0.7198377251625061,
2_002_20200701_083105(7),1.3918265104293823,210.0,110.0,80.0,30.0,26634,3,3band,2,2020-07-01,False,0.7476006746292114,
2_002_20200701_083108(8),1.4825999736785889,210.0,110.0,80.0,30.0,26585,4,3band,2,2020-07-01,False,0.7176529169082642,
1_002_20200701_083109(4),1.1709612607955933,210.0,146.0,117.0,29.0,26541,3,3band,1,2020-07-01,False,0.7256739139556885,
2_002_20200701_083111(8),1.5276844501495361,210.0,111.0,79.0,32.0,26550,3,3band,2,2020-07-01,False,0.7060081362724304,
1_002_20200701_083113(8),1.122533917427063,210.0,146.0,115.0,31.0,26464,3,3band,1,2020-07-01,False,0.7118788361549377,
2_002_20200701_083114(8),1.3918265104293823,210.0,110.0,79.0,31.0,26511,3,3band,2,2020-07-01,False,0.7334643006324768,
2_002_20200701_083117(8),1.4220843315124512,210.0,110.0,79.0,31.0,26511,4,3band,2,2020-07-01,False,0.7245007753372192,
1_002_20200701_083121(4),1.1134566068649292,210.0,146.0,115.0,31.0,26499,2,3band,1,2020-07-01,False,0.717307448387146,
1_002_20200701_083126(0),1.1724655628204346,210.0,145.0,117.0,28.0,26416,2,3band,1,2020-07-01,False,0.7176443934440613,
1_002_20200701_083130(4),1.17246413230896,210.0,145.0,116.0,29.0,26395,3,3band,1,2020-07-01,False,0.7174854874610901,
1_002_20200701_083142(6),1.1270731687545776,210.0,145.0,117.0,28.0,26365,2,3band,1,2020-07-01,False,0.7215176820755005,
3_001_20200701_083251(9),3.538574695587158,210.0,127.0,98.0,29.0,48966,3,3band,3,2020-07-01,False,0.6734256148338318,
3_001_20200701_083256(5),3.5718634128570557,210.0,128.0,98.0,30.0,49147,5,3band,3,2020-07-01,False,0.6988736391067505,
3_001_20200701_083300(7),3.5325231552124023,210.0,127.0,97.0,30.0,48940,3,3band,3,2020-07-01,False,0.7028566598892212,
3_001_20200701_083309(8),3.553703546524048,210.0,127.0,97.0,30.0,48640,3,3band,3,2020-07-01,False,0.6851884126663208,
3_001_20200701_083323(2),3.596055030822754,210.0,127.0,97.0,30.0,48419,4,3band,3,2020-07-01,False,0.6993147730827332,
3_001_20200701_083327(8),3.4243528842926025,210.0,127.0,97.0,30.0,48644,3,3band,3,2020-07-01,False,0.6932585835456848,
1_002_20200701_123318(7),1.1217762231826782,210.0,147.0,117.0,30.0,26454,3,3band,1,2020-07-01,False,0.7098952531814575,
1_002_20200701_123321(8),1.0998377799987793,210.0,148.0,115.0,33.0,26735,2,3band,1,2020-07-01,False,0.720633864402771,
1_002_20200701_123325(0),1.1195058822631836,210.0,146.0,118.0,28.0,26344,3,3band,1,2020-07-01,False,0.722957193851471,
1_002_20200701_123328(2),1.1603549718856812,210.0,147.0,118.0,29.0,26402,3,3band,1,2020-07-01,False,0.7187416553497314,
1_002_20200701_123331(2),1.1701983213424683,210.0,147.0,115.0,32.0,26415,3,3band,1,2020-07-01,False,0.7234634757041931,
1_002_20200701_123334(3),1.0983150005340576,210.0,147.0,117.0,30.0,26435,3,3band,1,2020-07-01,False,0.7308528423309326,
2_002_20200701_123502(6),1.4378187656402588,210.0,111.0,79.0,32.0,26567,2,3band,2,2020-07-01,False,0.729299008846283,
2_002_20200701_123505(9),1.4977291822433472,210.0,111.0,78.0,33.0,26650,3,3band,2,2020-07-01,False,0.7450704574584961,
3_001_20200701_123507(7),3.4599053859710693,210.0,128.0,98.0,30.0,49352,3,3band,3,2020-07-01,False,0.6841795444488525,
2_002_20200701_123508(7),1.4084692001342773,210.0,113.0,81.0,32.0,26549,5,3band,2,2020-07-01,False,0.7057912349700928,
2_002_20200701_123511(5),1.5310125350952148,210.0,113.0,82.0,31.0,26622,5,3band,2,2020-07-01,False,0.7322165369987488,
3_001_20200701_123511(0),3.591505289077759,210.0,128.0,98.0,30.0,49532,3,3band,3,2020-07-01,False,0.6817166805267334,
2_002_20200701_123514(1),1.4878950119018555,210.0,113.0,83.0,30.0,26644,5,3band,2,2020-07-01,False,0.7400463223457336,
3_001_20200701_123514(1),3.6005918979644775,210.0,128.0,98.0,30.0,49618,3,3band,3,2020-07-01,False,0.6769571900367737,
2_002_20200701_123516(7),1.5122532844543457,210.0,112.0,78.0,34.0,26512,3,3band,2,2020-07-01,False,0.7174417972564697,
3_001_20200701_123517(3),3.5204195976257324,210.0,128.0,98.0,30.0,49891,4,3band,3,2020-07-01,False,0.6945052742958069,
3_001_20200701_123520(6),3.609680414199829,210.0,128.0,99.0,29.0,49975,3,3band,3,2020-07-01,False,0.6872509121894836,
3_001_20200701_123523(9),3.6913745403289795,210.0,128.0,99.0,29.0,49789,3,3band,3,2020-07-01,False,0.6853321194648743,
1_002_20200701_163004(7),1.1119511127471924,210.0,147.0,115.0,32.0,26420,2,3band,1,2020-07-01,False,0.7072165608406067,
1_002_20200701_163017(3),1.0937997102737427,210.0,147.0,118.0,29.0,26375,3,3band,1,2020-07-01,False,0.7077048420906067,
1_002_20200701_163021(2),1.1815441846847534,210.0,147.0,115.0,32.0,26585,2,3band,1,2020-07-01,False,0.7048799991607666,
1_002_20200701_163024(9),1.1210284233093262,210.0,147.0,117.0,30.0,26454,2,3band,1,2020-07-01,False,0.712269127368927,
1_002_20200701_163029(1),1.0998491048812866,210.0,148.0,115.0,33.0,26598,2,3band,1,2020-07-01,False,0.7144386172294617,
1_002_20200701_163033(0),1.1066462993621826,210.0,147.0,117.0,30.0,26560,3,3band,1,2020-07-01,False,0.726349413394928,
2_002_20200701_163100(6),1.5122532844543457,210.0,112.0,82.0,30.0,27156,2,3band,2,2020-07-01,False,0.730391263961792,
2_002_20200701_163104(5),1.5122532844543457,210.0,112.0,81.0,31.0,27064,2,3band,2,2020-07-01,False,0.7102775573730469,
2_002_20200701_163108(4),1.557639718055725,210.0,111.0,80.0,31.0,27116,2,3band,2,2020-07-01,False,0.7134413719177246,
3_001_20200701_163109(0),3.459912061691284,210.0,127.0,97.0,30.0,49213,3,3band,3,2020-07-01,False,0.6611165404319763,
2_002_20200701_163112(3),1.5431156158447266,210.0,110.0,80.0,30.0,27173,2,3band,2,2020-07-01,False,0.7360042333602905,
3_001_20200701_163112(8),3.38275146484375,210.0,127.0,96.0,31.0,48634,3,3band,3,2020-07-01,False,0.6978043913841248,
2_002_20200701_163116(3),1.5733734369277954,210.0,110.0,79.0,31.0,27137,3,3band,2,2020-07-01,False,0.7344940304756165,
2_002_20200701_163120(4),1.5276844501495361,210.0,111.0,80.0,31.0,27139,2,3band,2,2020-07-01,False,0.7285046577453613,
3_001_20200701_163121(1),3.515881299972534,210.0,128.0,98.0,30.0,49675,3,3band,3,2020-07-01,False,0.7066611647605896,
3_001_20200701_163140(2),3.288952350616455,210.0,129.0,98.0,31.0,49928,3,3band,3,2020-07-01,False,0.7072775363922119,
3_001_20200701_163144(5),3.3585293292999268,210.0,129.0,98.0,31.0,50100,3,3band,3,2020-07-01,False,0.5997157096862793,
3_001_20200701_163202(1),3.508317232131958,210.0,128.0,97.0,31.0,49252,3,3band,3,2020-07-01,False,0.6676530241966248,
1_002_20200701_203037(6),1.1648927927017212,210.0,147.0,115.0,32.0,26405,3,3band,1,2020-07-01,False,0.7087193727493286,
1_002_20200701_203040(8),1.093798041343689,210.0,147.0,118.0,29.0,26421,3,3band,1,2020-07-01,False,0.7180065512657166,
1_002_20200701_203043(9),1.122541904449463,210.0,148.0,117.0,31.0,26527,2,3band,1,2020-07-01,False,0.7171622514724731,
1_002_20200701_203046(9),1.1739858388900757,210.0,144.0,114.0,30.0,25964,2,3band,1,2020-07-01,False,0.7154706120491028,
1_002_20200701_203050(0),1.1285946369171143,210.0,148.0,118.0,30.0,26653,3,3band,1,2020-07-01,False,0.7058830261230469,
1_002_20200701_203053(0),1.1255664825439453,210.0,148.0,118.0,30.0,26711,2,3band,1,2020-07-01,False,0.7074066996574402,
2_002_20200701_203449(7),1.4727661609649658,210.0,113.0,82.0,31.0,27065,3,3band,2,2020-07-01,False,0.715457558631897,
2_002_20200701_203454(3),1.4947030544281006,210.0,114.0,81.0,33.0,27151,2,3band,2,2020-07-01,False,0.7174971699714661,
2_002_20200701_203458(5),1.5249608755111694,210.0,114.0,82.0,32.0,27207,2,3band,2,2020-07-01,False,0.7311796545982361,
2_002_20200701_203503(2),1.5521929264068604,210.0,112.0,81.0,31.0,26864,4,3band,2,2020-07-01,False,0.7390225529670715,
2_002_20200701_203507(7),1.5658090114593506,210.0,111.0,80.0,31.0,26860,4,3band,2,2020-07-01,False,0.7180720567703247,
2_002_20200701_203512(1),1.5491671562194824,210.0,112.0,80.0,32.0,26926,3,3band,2,2020-07-01,False,0.7375399470329285,
3_001_20200701_203552(7),3.4402363300323486,210.0,129.0,99.0,30.0,49799,3,3band,3,2020-07-01,False,0.6812761425971985,
3_001_20200701_203557(3),3.222385883331299,210.0,130.0,99.0,31.0,50037,3,3band,3,2020-07-01,False,0.6966800689697266,
3_001_20200701_203601(8),3.270047187805176,210.0,129.0,99.0,30.0,49893,3,3band,3,2020-07-01,False,0.6943342089653015,
3_001_20200701_203606(3),3.4644429683685303,210.0,130.0,99.0,31.0,50450,3,3band,3,2020-07-01,False,0.701593279838562,
3_001_20200701_203610(7),3.347939968109131,210.0,131.0,99.0,32.0,50315,3,3band,3,2020-07-01,False,0.6754744648933411,
3_001_20200701_203615(2),3.377819538116455,210.0,131.0,99.0,32.0,50404,3,3band,3,2020-07-01,False,0.6775248646736145,
1_002_20200702_002742(2),1.1376607418060303,210.0,148.0,115.0,33.0,26406,3,3band,1,2020-07-02,False,0.7202745079994202,
1_002_20200702_002746(8),1.1679105758666992,210.0,147.0,117.0,30.0,26360,2,3band,1,2020-07-02,False,0.7106569409370422,
1_002_20200702_002751(2),1.077144980430603,210.0,147.0,117.0,30.0,26302,2,3band,1,2020-07-02,False,0.7023069858551025,
1_002_20200702_002755(8),1.0741395950317383,210.0,148.0,118.0,30.0,26696,2,3band,1,2020-07-02,False,0.708630383014679,
1_002_20200702_002800(1),1.0590015649795532,210.0,148.0,118.0,30.0,26693,2,3band,1,2020-07-02,False,0.71126389503479,
1_002_20200702_002804(8),1.136913776397705,210.0,147.0,118.0,29.0,26664,2,3band,1,2020-07-02,False,0.7068058848381042,
2_002_20200702_002959(7),1.423295259475708,210.0,112.0,81.0,31.0,26799,2,3band,2,2020-07-02,False,0.7132986187934875,
2_002_20200702_003004(2),1.4977291822433472,210.0,111.0,79.0,32.0,26814,3,3band,2,2020-07-02,False,0.7347114086151123,
2_002_20200702_003008(7),1.5848724842071533,210.0,113.0,80.0,33.0,26741,2,3band,2,2020-07-02,False,0.7319207191467285,
2_002_20200702_003011(7),1.45234215259552,210.0,110.0,77.0,33.0,26435,3,3band,2,2020-07-02,False,0.7224417328834534,
2_002_20200702_003016(3),1.5276844501495361,210.0,111.0,78.0,33.0,26457,2,3band,2,2020-07-02,False,0.7351676821708679,
2_002_20200702_003020(8),1.6025726795196533,210.0,111.0,78.0,33.0,26463,4,3band,2,2020-07-02,False,0.7304930090904236,
3_001_20200702_003135(7),3.4493138790130615,210.0,130.0,99.0,31.0,50584,3,3band,3,2020-07-02,False,0.708261251449585,
3_001_20200702_003140(4),3.3585405349731445,210.0,130.0,99.0,31.0,50448,3,3band,3,2020-07-02,False,0.6982235908508301,
3_001_20200702_003149(3),3.388798236846924,210.0,130.0,99.0,31.0,50343,3,3band,3,2020-07-02,False,0.6824253797531128,
3_001_20200702_003154(0),3.2980360984802246,210.0,130.0,99.0,31.0,49795,3,3band,3,2020-07-02,False,0.7036548852920532,
3_001_20200702_003158(4),3.4372103214263916,210.0,129.0,98.0,31.0,49770,3,3band,3,2020-07-02,False,0.6996315121650696,
3_001_20200702_003203(1),3.3978865146636963,210.0,129.0,99.0,30.0,49781,3,3band,3,2020-07-02,False,0.6818990707397461,
1_002_20200702_042930(4),1.198176383972168,210.0,147.0,118.0,29.0,26383,3,3band,1,2020-07-02,False,0.7117501497268677,
1_002_20200702_042933(6),1.0877448320388794,210.0,147.0,115.0,32.0,26405,3,3band,1,2020-07-02,False,0.7223673462867737,
1_002_20200702_042937(8),1.17246675491333,210.0,147.0,115.0,32.0,26391,2,3band,1,2020-07-02,False,0.7169142961502075,
1_002_20200702_042945(5),1.1565825939178467,210.0,148.0,117.0,31.0,26591,3,3band,1,2020-07-02,False,0.7161551713943481,
1_002_20200702_042949(9),1.1815450191497803,210.0,147.0,117.0,30.0,26585,2,3band,1,2020-07-02,False,0.7188248038291931,
1_002_20200702_042954(6),1.1380484104156494,210.0,147.0,118.0,29.0,26609,2,3band,1,2020-07-02,False,0.7122141718864441,
2_002_20200702_043936(2),1.5122532844543457,210.0,112.0,78.0,34.0,26502,3,3band,2,2020-07-02,False,0.7235632538795471,
2_002_20200702_043940(7),1.5294995307922363,210.0,111.0,77.0,34.0,26546,3,3band,2,2020-07-02,False,0.7399149537086487,
2_002_20200702_043945(1),1.4825999736785889,210.0,110.0,77.0,33.0,26553,4,3band,2,2020-07-02,False,0.7308387160301208,
2_002_20200702_043949(6),1.45234215259552,210.0,110.0,77.0,33.0,26794,2,3band,2,2020-07-02,False,0.7300856113433838,
2_002_20200702_043954(0),1.3639899492263794,210.0,112.0,80.0,32.0,26687,2,3band,2,2020-07-02,False,0.7243682146072388,
3_001_20200702_043956(5),3.3343451023101807,210.0,129.0,100.0,29.0,49932,4,3band,3,2020-07-02,False,0.6947344541549683,
2_002_20200702_043958(5),1.3940974473953247,210.0,113.0,83.0,30.0,26707,2,3band,2,2020-07-02,False,0.7369872331619263,
3_001_20200702_043959(8),3.428889751434326,210.0,129.0,99.0,30.0,50090,3,3band,3,2020-07-02,False,0.7122120261192322,
3_001_20200702_044003(1),3.3910675048828125,210.0,129.0,99.0,30.0,49763,4,3band,3,2020-07-02,False,0.6975544095039368,
3_001_20200702_044006(3),3.2481069564819336,210.0,132.0,99.0,33.0,50529,3,3band,3,2020-07-02,False,0.6676189303398132,
3_001_20200702_044009(8),3.288581609725952,210.0,131.0,99.0,32.0,50496,3,3band,3,2020-07-02,False,0.6939293146133423,
3_001_20200702_044013(2),3.288203239440918,210.0,131.0,99.0,32.0,50605,3,3band,3,2020-07-02,False,0.6774994134902954,
1_002_20200706_083031(0),1.1527974605560303,210.0,144.0,113.0,31.0,27170,2,3band,1,2020-07-06,False,0.7058218717575073,
1_002_20200706_083035(5),1.157331109046936,210.0,145.0,114.0,31.0,27196,2,3band,1,2020-07-06,False,0.7079600691795349,
1_002_20200706_083039(2),1.119517207145691,210.0,145.0,114.0,31.0,27164,2,3band,1,2020-07-06,False,0.7099137902259827,
1_002_20200706_083042(4),1.2004590034484863,210.0,143.0,114.0,29.0,26899,2,3band,1,2020-07-06,False,0.706426203250885,
1_002_20200706_083045(5),1.2329767942428589,210.0,143.0,114.0,29.0,26914,3,3band,1,2020-07-06,False,0.7182666063308716,
1_002_20200706_083049(6),1.2057480812072754,210.0,143.0,114.0,29.0,27067,3,3band,1,2020-07-06,False,0.7135177850723267,
2_002_20200706_083210(1),1.450829267501831,205.0,107.0,76.0,31.0,27456,2,3band,2,2020-07-06,False,0.7284586429595947,
2_002_20200706_083227(7),1.4841128587722778,206.0,108.0,77.0,31.0,27369,4,3band,2,2020-07-06,False,0.7144759893417358,
2_002_20200706_083231(8),1.6202731132507324,206.0,109.0,79.0,30.0,27403,3,3band,2,2020-07-06,False,0.7479089498519897,
3_001_20200706_083233(2),3.3585405349731445,210.0,130.0,98.0,32.0,50503,4,3band,3,2020-07-06,False,0.6620564460754395,
2_002_20200706_083234(7),1.4977288246154785,207.0,112.0,81.0,31.0,27749,2,3band,2,2020-07-06,False,0.7243655323982239,
3_001_20200706_083236(5),3.237520456314087,210.0,130.0,98.0,32.0,50505,3,3band,3,2020-07-06,False,0.6916993260383606,
2_002_20200706_083237(9),1.5189093351364136,207.0,112.0,81.0,31.0,27701,2,3band,2,2020-07-06,False,0.7093465924263,
3_001_20200706_083239(5),3.298024892807007,210.0,130.0,98.0,32.0,50482,3,3band,3,2020-07-06,False,0.6869507431983948,
2_002_20200706_083241(0),1.6036312580108643,206.0,110.0,76.0,34.0,27626,2,3band,2,2020-07-06,False,0.7203974723815918,
3_001_20200706_083242(3),3.5400850772857666,210.0,128.0,98.0,30.0,49983,3,3band,3,2020-07-06,False,0.6892008185386658,
3_001_20200706_083245(3),3.505290985107422,210.0,128.0,98.0,30.0,49810,3,3band,3,2020-07-06,False,0.6847430467605591,
3_001_20200706_083248(4),3.4220921993255615,210.0,128.0,99.0,29.0,49977,3,3band,3,2020-07-06,False,0.6959589123725891,
1_002_20200706_123023(3),1.1648825407028198,210.0,146.0,114.0,32.0,27141,2,3band,1,2020-07-06,False,0.7152538895606995,
1_002_20200706_123027(1),1.1853350400924683,210.0,147.0,114.0,33.0,27129,2,3band,1,2020-07-06,False,0.7068172693252563,
1_002_20200706_123031(0),1.187596321105957,210.0,146.0,114.0,32.0,27108,2,3band,1,2020-07-06,False,0.7068153023719788,
1_002_20200706_123035(0),1.1762464046478271,210.0,145.0,115.0,30.0,26821,3,3band,1,2020-07-06,False,0.7100812196731567,
1_002_20200706_123038(9),1.1497704982757568,210.0,146.0,114.0,32.0,26931,3,3band,1,2020-07-06,False,0.7126122117042542,
1_002_20200706_123042(9),1.1119499206542969,210.0,145.0,114.0,31.0,26795,2,3band,1,2020-07-06,False,0.7184032797813416,
2_002_20200706_123239(6),1.5370651483535767,208.0,108.0,76.0,32.0,27171,3,3band,2,2020-07-06,False,0.7016575336456299,
2_002_20200706_123242(9),1.5310136079788208,208.0,108.0,77.0,31.0,27155,4,3band,2,2020-07-06,False,0.7265392541885376,
2_002_20200706_123246(0),1.4765501022338867,209.0,107.0,77.0,30.0,27130,3,3band,2,2020-07-06,False,0.7395932674407959,
2_002_20200706_123251(3),1.4160327911376953,209.0,108.0,77.0,31.0,27256,2,3band,2,2020-07-06,False,0.738631546497345,
2_002_20200706_123254(7),1.5037815570831299,210.0,108.0,77.0,31.0,27379,2,3band,2,2020-07-06,False,0.7266731858253479,
2_002_20200706_123258(0),1.45234215259552,210.0,110.0,80.0,30.0,27349,4,3band,2,2020-07-06,False,0.7157836556434631,
3_001_20200706_123355(3),3.5204200744628906,210.0,127.0,97.0,30.0,50387,4,3band,3,2020-07-06,False,0.6792861223220825,
3_001_20200706_123359(3),3.4402377605438232,210.0,126.0,95.0,31.0,50104,3,3band,3,2020-07-06,False,0.679682195186615,
3_001_20200706_123411(3),3.4969699382781982,210.0,127.0,95.0,32.0,50131,3,3band,3,2020-07-06,False,0.6900630593299866,
3_001_20200706_123437(4),3.4916749000549316,210.0,126.0,95.0,31.0,50426,3,3band,3,2020-07-06,False,0.670695424079895,
3_001_20200706_123445(4),3.431159257888794,210.0,126.0,95.0,31.0,50708,3,3band,3,2020-07-06,False,0.7048562169075012,
3_001_20200706_123449(4),3.4009037017822266,210.0,126.0,95.0,31.0,50387,3,3band,3,2020-07-06,False,0.6869168877601624,
3_001_20200706_163108(5),3.5340380668640137,210.0,126.0,95.0,31.0,49840,3,3band,3,2020-07-06,False,0.6730135083198547,
3_001_20200706_163112(5),3.5158722400665283,210.0,126.0,96.0,30.0,49748,3,3band,3,2020-07-06,False,0.6934915781021118,
3_001_20200706_163116(3),3.5068037509918213,210.0,126.0,95.0,31.0,49742,3,3band,3,2020-07-06,False,0.6939918994903564,
3_001_20200706_163120(5),3.614217519760132,210.0,127.0,94.0,33.0,50536,3,3band,3,2020-07-06,False,0.6721265912055969,
3_001_20200706_163124(3),3.503021717071533,210.0,127.0,96.0,31.0,50542,3,3band,3,2020-07-06,False,0.6775130033493042,
3_001_20200706_163134(3),3.5975773334503174,210.0,127.0,95.0,32.0,50602,3,3band,3,2020-07-06,False,0.6763195395469666,
1_002_20200706_163436(9),1.2163310050964355,210.0,147.0,114.0,33.0,27082,2,3band,1,2020-07-06,False,0.7070626616477966,
1_002_20200706_163440(2),1.1913691759109497,210.0,147.0,114.0,33.0,27153,2,3band,1,2020-07-06,False,0.7165902256965637,
2_002_20200706_163440(6),1.5416027307510376,210.0,109.0,77.0,32.0,27126,2,3band,2,2020-07-06,False,0.7317743897438049,
1_002_20200706_163443(1),1.1679298877716064,210.0,147.0,115.0,32.0,27116,2,3band,1,2020-07-06,False,0.7044433355331421,
2_002_20200706_163443(7),1.6338891983032227,210.0,110.0,78.0,32.0,27064,3,3band,2,2020-07-06,False,0.7115418910980225,
1_002_20200706_163445(8),1.157331109046936,210.0,145.0,115.0,30.0,26850,2,3band,1,2020-07-06,False,0.7083560228347778,
2_002_20200706_163446(4),1.5688347816467285,210.0,109.0,79.0,30.0,27032,4,3band,2,2020-07-06,False,0.730371356010437,
1_002_20200706_163448(8),1.2223939895629883,210.0,144.0,116.0,28.0,26881,3,3band,1,2020-07-06,False,0.7096893787384033,
2_002_20200706_163449(2),1.490920901298523,210.0,109.0,77.0,32.0,27297,2,3band,2,2020-07-06,False,0.7308010458946228,
1_002_20200706_163451(8),1.172471284866333,210.0,145.0,115.0,30.0,26824,3,3band,1,2020-07-06,False,0.7082734704017639,
2_002_20200706_163452(0),1.5098320245742798,210.0,112.0,80.0,32.0,27295,3,3band,2,2020-07-06,False,0.71452397108078,
2_002_20200706_163454(6),1.4683791399002075,210.0,111.0,80.0,31.0,27274,3,3band,2,2020-07-06,False,0.7229852676391602,
1_002_20200706_203038(8),1.143723487854004,210.0,144.0,115.0,29.0,26628,3,3band,1,2020-07-06,False,0.707667350769043,
1_002_20200706_203042(0),1.1618669033050537,210.0,143.0,114.0,29.0,26222,2,3band,1,2020-07-06,False,0.7089935541152954,
1_002_20200706_203045(2),1.1724611520767212,210.0,143.0,114.0,29.0,26207,2,3band,1,2020-07-06,False,0.7112727165222168,
1_002_20200706_203048(5),1.2163355350494385,210.0,142.0,113.0,29.0,26054,2,3band,1,2020-07-06,False,0.7079272866249084,
1_002_20200706_203051(7),1.2829004526138306,210.0,142.0,112.0,30.0,26339,3,3band,1,2020-07-06,False,0.7146313786506653,
1_002_20200706_203058(1),1.2133018970489502,210.0,143.0,113.0,30.0,26302,4,3band,1,2020-07-06,False,0.7099850177764893,
2_002_20200706_203227(3),1.5627832412719727,210.0,107.0,77.0,30.0,26876,2,3band,2,2020-07-06,False,0.7144463658332825,
2_002_20200706_203230(6),1.6232988834381104,210.0,107.0,78.0,29.0,26765,4,3band,2,2020-07-06,False,0.7169124484062195,
2_002_20200706_203233(8),1.5582462549209595,210.0,107.0,77.0,30.0,26713,5,3band,2,2020-07-06,False,0.7216708660125732,
2_002_20200706_203236(9),1.5612703561782837,210.0,106.0,76.0,30.0,26717,3,3band,2,2020-07-06,False,0.726689875125885,
2_002_20200706_203240(1),1.5854789018630981,210.0,106.0,77.0,29.0,26706,2,3band,2,2020-07-06,False,0.7202345728874207,
2_002_20200706_203243(4),1.5612703561782837,210.0,106.0,76.0,30.0,26693,3,3band,2,2020-07-06,False,0.7152276635169983,
3_001_20200706_203245(6),3.5680761337280273,210.0,121.0,90.0,31.0,48072,3,3band,3,2020-07-06,False,0.6839876770973206,
3_001_20200706_203309(2),3.5665602684020996,210.0,125.0,94.0,31.0,49459,3,3band,3,2020-07-06,False,0.6750937104225159,
3_001_20200706_203419(5),3.6005947589874268,210.0,125.0,93.0,32.0,49459,3,3band,3,2020-07-06,False,0.6970489621162415,
3_001_20200706_203456(7),3.4644429683685303,210.0,125.0,93.0,32.0,49333,3,3band,3,2020-07-06,False,0.6939957141876221,
3_001_20200706_203500(1),3.540091037750244,210.0,123.0,92.0,31.0,49256,3,3band,3,2020-07-06,False,0.6676657199859619,
3_001_20200706_203520(0),3.6474955081939697,210.0,123.0,90.0,33.0,48579,3,3band,3,2020-07-06,False,0.6903866529464722,
3_001_20200707_003223(4),3.5718581676483154,210.0,127.0,96.0,31.0,50135,3,3band,3,2020-07-07,False,0.6933401226997375,
3_001_20200707_003233(9),3.5378077030181885,210.0,127.0,96.0,31.0,50201,3,3band,3,2020-07-07,False,0.686595618724823,
3_001_20200707_003256(1),3.391812801361084,210.0,127.0,94.0,33.0,50357,3,3band,3,2020-07-07,False,0.6831551194190979,
3_001_20200707_003312(2),3.639177083969116,210.0,127.0,93.0,34.0,50204,3,3band,3,2020-07-07,False,0.684201180934906,
3_001_20200707_003315(4),3.547652006149292,210.0,127.0,93.0,34.0,50041,3,3band,3,2020-07-07,False,0.6931795477867126,
3_001_20200707_003402(5),3.494699001312256,210.0,127.0,93.0,34.0,50462,3,3band,3,2020-07-07,False,0.6848891973495483,
2_002_20200707_003521(0),1.5279868841171265,210.0,111.0,77.0,34.0,26982,5,3band,2,2020-07-07,False,0.7365155816078186,
2_002_20200707_003525(0),1.5276844501495361,210.0,111.0,79.0,32.0,27055,3,3band,2,2020-07-07,False,0.726684033870697,
2_002_20200707_003529(0),1.4677739143371582,210.0,111.0,79.0,32.0,27155,4,3band,2,2020-07-07,False,0.705184817314148,
2_002_20200707_003533(0),1.4677739143371582,210.0,111.0,79.0,32.0,27121,4,3band,2,2020-07-07,False,0.7370328307151794,
1_002_20200707_003535(3),1.163373589515686,210.0,147.0,116.0,31.0,27139,3,3band,1,2020-07-07,False,0.7233273983001709,
2_002_20200707_003537(1),1.4677739143371582,210.0,111.0,79.0,32.0,27189,4,3band,2,2020-07-07,False,0.7382121086120605,
2_002_20200707_003541(1),1.3779082298278809,210.0,111.0,79.0,32.0,27128,4,3band,2,2020-07-07,False,0.7273561358451843,
1_002_20200707_003543(3),1.1134560108184814,210.0,147.0,116.0,31.0,27061,3,3band,1,2020-07-07,False,0.7174967527389526,
1_002_20200707_003547(4),1.2163400650024414,210.0,146.0,117.0,29.0,27136,3,3band,1,2020-07-07,False,0.7164334654808044,
1_002_20200707_003551(2),1.086241602897644,210.0,147.0,115.0,32.0,27162,3,3band,1,2020-07-07,False,0.7107669711112976,
1_002_20200707_003555(2),1.1739723682403564,210.0,146.0,117.0,29.0,27085,3,3band,1,2020-07-07,False,0.7117753624916077,
1_002_20200707_003603(4),1.2405372858047485,210.0,145.0,117.0,28.0,27008,3,3band,1,2020-07-07,False,0.711272120475769,
1_002_20200707_043323(4),1.1331428289413452,210.0,147.0,115.0,32.0,27115,2,3band,1,2020-07-07,False,0.7043939232826233,
1_002_20200707_043327(5),1.1785104274749756,210.0,147.0,117.0,30.0,27151,2,3band,1,2020-07-07,False,0.7030186653137207,
1_002_20200707_043331(4),1.1301074028015137,210.0,147.0,117.0,30.0,27193,2,3band,1,2020-07-07,False,0.7143285870552063,
1_002_20200707_043441(2),1.2708019018173218,210.0,146.0,115.0,31.0,27393,2,3band,1,2020-07-07,False,0.7114046812057495,
1_002_20200707_043449(4),1.1391831636428833,210.0,147.0,117.0,30.0,27332,2,3band,1,2020-07-07,False,0.7087439894676208,
1_002_20200707_043453(4),1.1906023025512695,210.0,147.0,116.0,31.0,27316,2,3band,1,2020-07-07,False,0.7067690491676331,
2_002_20200707_043655(6),1.4677739143371582,210.0,111.0,79.0,32.0,27372,2,3band,2,2020-07-07,False,0.7415664196014404,
2_002_20200707_043659(3),1.4288917779922485,210.0,111.0,78.0,33.0,27265,3,3band,2,2020-07-07,False,0.7432515621185303,
2_002_20200707_043703(4),1.4078634977340698,210.0,111.0,79.0,32.0,27417,2,3band,2,2020-07-07,False,0.718267560005188,
2_002_20200707_043707(4),1.498031735420227,210.0,111.0,80.0,31.0,27430,2,3band,2,2020-07-07,False,0.7381975054740906,
2_002_20200707_043711(3),1.4378187656402588,210.0,111.0,80.0,31.0,27438,2,3band,2,2020-07-07,False,0.7429820895195007,
2_002_20200707_043715(5),1.5128577947616577,210.0,110.0,80.0,30.0,27416,2,3band,2,2020-07-07,False,0.7341195344924927,
3_001_20200707_043717(1),3.3933370113372803,210.0,127.0,95.0,32.0,50876,3,3band,3,2020-07-07,False,0.6888366937637329,
3_001_20200707_043827(5),3.5393295288085938,210.0,127.0,95.0,32.0,50325,3,3band,3,2020-07-07,False,0.6926226615905762,
3_001_20200707_043842(1),3.439481735229492,210.0,127.0,95.0,32.0,50220,3,3band,3,2020-07-07,False,0.6843150854110718,
3_001_20200707_043856(6),3.582456350326538,210.0,127.0,96.0,31.0,50179,3,3band,3,2020-07-07,False,0.6876842975616455,
3_001_20200707_043900(9),3.4379665851593018,210.0,127.0,95.0,32.0,50227,3,3band,3,2020-07-07,False,0.6815436482429504,
3_001_20200707_044035(7),3.5990853309631348,210.0,127.0,97.0,30.0,50246,3,3band,3,2020-07-07,False,0.6812436580657959,
1_002_20200707_083007(7),1.173970103263855,210.0,147.0,115.0,32.0,27067,3,3band,1,2020-07-07,False,0.7059018611907959,
1_002_20200707_083011(7),1.2526495456695557,210.0,146.0,114.0,32.0,26943,3,3band,1,2020-07-07,False,0.7198410034179688,
1_002_20200707_083015(6),1.1860731840133667,210.0,146.0,115.0,31.0,26937,3,3band,1,2020-07-07,False,0.726762592792511,
1_002_20200707_083019(7),1.204218864440918,210.0,146.0,115.0,31.0,27237,2,3band,1,2020-07-07,False,0.714443564414978,
1_002_20200707_083023(7),1.2163310050964355,210.0,146.0,115.0,31.0,27265,2,3band,1,2020-07-07,False,0.7100135087966919,
1_002_20200707_083027(5),1.1679275035858154,210.0,146.0,116.0,30.0,27234,2,3band,1,2020-07-07,False,0.7221031188964844,
2_002_20200707_083236(0),1.5431156158447266,210.0,110.0,78.0,32.0,27168,3,3band,2,2020-07-07,False,0.7421384453773499,
2_002_20200707_083240(0),1.4825999736785889,210.0,110.0,78.0,32.0,27044,3,3band,2,2020-07-07,False,0.7332674264907837,
2_002_20200707_083246(1),1.449316382408142,210.0,109.0,78.0,31.0,27054,4,3band,2,2020-07-07,False,0.7372039556503296,
2_002_20200707_083250(0),1.4968221187591553,210.0,113.0,78.0,35.0,27514,2,3band,2,2020-07-07,False,0.7165418267250061,
3_001_20200707_083252(0),3.406951904296875,210.0,128.0,95.0,33.0,51148,3,3band,3,2020-07-07,False,0.7122464776039124,
2_002_20200707_083254(0),1.5261722803115845,210.0,113.0,80.0,33.0,27497,3,3band,2,2020-07-07,False,0.7336810827255249,
3_001_20200707_083254(7),3.5400965213775635,210.0,128.0,94.0,34.0,51053,3,3band,3,2020-07-07,False,0.6880788207054138,
3_001_20200707_083257(4),3.5680761337280273,210.0,127.0,95.0,32.0,51197,3,3band,3,2020-07-07,False,0.6834679245948792,
2_002_20200707_083258(1),1.438122034072876,210.0,113.0,78.0,35.0,27402,2,3band,2,2020-07-07,False,0.7158817648887634,
3_001_20200707_083259(9),3.5915145874023438,210.0,127.0,96.0,31.0,50130,4,3band,3,2020-07-07,False,0.6768412590026855,
3_001_20200707_083302(4),3.4689910411834717,210.0,127.0,94.0,33.0,50357,3,3band,3,2020-07-07,False,0.6968536972999573,
3_001_20200707_083305(1),3.606654644012451,210.0,126.0,95.0,31.0,50214,3,3band,3,2020-07-07,False,0.6983957290649414,
1_002_20200707_123124(2),1.2102738618850708,210.0,145.0,115.0,30.0,26794,3,3band,1,2020-07-07,False,0.7180351614952087,
1_002_20200707_123128(4),1.1649011373519897,210.0,145.0,115.0,30.0,26774,3,3band,1,2020-07-07,False,0.7233229875564575,
1_002_20200707_123132(4),1.1376696825027466,210.0,146.0,114.0,32.0,26929,3,3band,1,2020-07-07,False,0.7094437479972839,
1_002_20200707_123136(3),1.1890989542007446,210.0,147.0,115.0,32.0,27222,2,3band,1,2020-07-07,False,0.7073051333427429,
1_002_20200707_123140(3),1.2284432649612427,210.0,146.0,116.0,30.0,27169,2,3band,1,2020-07-07,False,0.7159489393234253,
1_002_20200707_123144(3),1.1770060062408447,210.0,146.0,116.0,30.0,27206,2,3band,1,2020-07-07,False,0.7147256731987,
2_002_20200707_123354(0),1.5204222202301025,210.0,109.0,78.0,31.0,27173,3,3band,2,2020-07-07,False,0.725368082523346,
2_002_20200707_123358(1),1.4977291822433472,210.0,111.0,81.0,30.0,27102,2,3band,2,2020-07-07,False,0.7108538150787354,
2_002_20200707_123402(0),1.647505521774292,210.0,109.0,77.0,32.0,27126,2,3band,2,2020-07-07,False,0.7375333309173584,
2_002_20200707_123408(2),1.6036312580108643,210.0,110.0,77.0,33.0,26841,4,3band,2,2020-07-07,False,0.7078847289085388,
2_002_20200707_123412(1),1.5733734369277954,210.0,110.0,77.0,33.0,26811,4,3band,2,2020-07-07,False,0.7484288215637207,
2_002_20200707_123416(0),1.6338891983032227,210.0,110.0,77.0,33.0,26836,3,3band,2,2020-07-07,False,0.7481852173805237,
3_001_20200707_123433(4),3.4145193099975586,210.0,127.0,96.0,31.0,50104,3,3band,3,2020-07-07,False,0.6912083625793457,
3_001_20200707_123441(2),3.4659557342529297,210.0,127.0,95.0,32.0,50001,3,3band,3,2020-07-07,False,0.7040959596633911,
3_001_20200707_123448(9),3.43721079826355,210.0,127.0,95.0,32.0,50168,3,3band,3,2020-07-07,False,0.6640860438346863,
3_001_20200707_123557(9),3.3585405349731445,210.0,127.0,95.0,32.0,50958,3,3band,3,2020-07-07,False,0.688951313495636,
3_001_20200707_123605(6),3.4432640075683594,210.0,127.0,96.0,31.0,50758,3,3band,3,2020-07-07,False,0.6809372305870056,
3_001_20200707_123640(2),3.409968614578247,210.0,128.0,93.0,35.0,51373,3,3band,3,2020-07-07,False,0.6851390600204468,
3_001_20200708_041209(1),3.6006031036376953,210.0,127.0,98.0,29.0,50124,3,3band,3,2020-07-08,False,0.6665512919425964,
3_001_20200708_041212(4),3.6724541187286377,210.0,127.0,97.0,30.0,50125,3,3band,3,2020-07-08,False,0.7017687559127808,
3_001_20200708_041219(0),3.39332914352417,210.0,127.0,97.0,30.0,50086,3,3band,3,2020-07-08,False,0.6928699016571045,
3_001_20200708_041228(7),3.5196616649627686,210.0,127.0,97.0,30.0,49956,3,3band,3,2020-07-08,False,0.6762921810150146,
3_001_20200708_041231(7),3.526092529296875,210.0,127.0,97.0,30.0,49980,3,3band,3,2020-07-08,False,0.6932042837142944,
2_002_20200708_092945(9),1.5431156158447266,210.0,110.0,79.0,31.0,27509,2,3band,2,2020-07-08,False,0.7197232842445374,
2_002_20200708_092949(9),1.5355517864227295,210.0,109.0,78.0,31.0,27464,2,3band,2,2020-07-08,False,0.731353759765625,
2_002_20200708_092953(7),1.499241828918457,209.0,109.0,78.0,31.0,27606,2,3band,2,2020-07-08,False,0.7373676300048828,
2_002_20200708_092957(7),1.5249608755111694,210.0,109.0,78.0,31.0,27091,3,3band,2,2020-07-08,False,0.7100622057914734,
2_002_20200708_093001(9),1.5400898456573486,208.0,108.0,76.0,32.0,27193,4,3band,2,2020-07-08,False,0.7283596396446228,
2_002_20200708_093005(8),1.6338891983032227,210.0,110.0,77.0,33.0,27091,3,3band,2,2020-07-08,False,0.7205977439880371,
1_002_20200708_093546(5),1.1724656820297241,210.0,145.0,117.0,28.0,27347,2,3band,1,2020-07-08,False,0.712263286113739,
1_002_20200708_093556(1),1.1270619630813599,210.0,145.0,115.0,30.0,27387,2,3band,1,2020-07-08,False,0.7183142900466919,
1_002_20200708_093600(2),1.1376607418060303,210.0,144.0,116.0,28.0,27288,2,3band,1,2020-07-08,False,0.7200169563293457,
1_002_20200708_093604(2),1.1739813089370728,210.0,143.0,114.0,29.0,26854,3,3band,1,2020-07-08,False,0.7127045392990112,
1_002_20200708_093608(1),1.223902940750122,210.0,143.0,114.0,29.0,26797,3,3band,1,2020-07-08,False,0.7140989303588867,
1_002_20200708_093612(3),1.214836835861206,210.0,143.0,114.0,29.0,26861,3,3band,1,2020-07-08,False,0.7199833393096924,
3_001_20200708_093645(7),3.5340359210968018,210.0,127.0,98.0,29.0,49461,3,3band,3,2020-07-08,False,0.6919556856155396,
3_001_20200708_093653(4),3.68229603767395,210.0,128.0,98.0,30.0,50014,3,3band,3,2020-07-08,False,0.6720917224884033,
3_001_20200708_093657(4),3.7216334342956543,210.0,128.0,98.0,30.0,50172,3,3band,3,2020-07-08,False,0.6887726783752441,
3_001_20200708_093703(5),3.4114913940429688,210.0,129.0,99.0,30.0,50999,3,3band,3,2020-07-08,False,0.6813164949417114,
3_001_20200708_093714(9),3.3464481830596924,210.0,129.0,99.0,30.0,51220,3,3band,3,2020-07-08,False,0.680575966835022,
3_001_20200708_093723(4),3.4349515438079834,210.0,129.0,99.0,30.0,50851,3,3band,3,2020-07-08,False,0.6623659729957581,
1_002_20200708_122738(0),1.2223871946334839,210.0,144.0,115.0,29.0,27360,2,3band,1,2020-07-08,False,0.7154099941253662,
1_002_20200708_122742(0),1.2012054920196533,210.0,144.0,115.0,29.0,27347,2,3band,1,2020-07-08,False,0.7103752493858337,
1_002_20200708_122745(8),1.1512806415557861,210.0,143.0,114.0,29.0,27409,2,3band,1,2020-07-08,False,0.7170143723487854,
1_002_20200708_122749(9),1.1255687475204468,210.0,146.0,114.0,32.0,26863,2,3band,1,2020-07-08,False,0.7168595194816589,
1_002_20200708_122753(9),1.1316090822219849,210.0,144.0,114.0,30.0,26862,2,3band,1,2020-07-08,False,0.7169466614723206,
1_002_20200708_122757(9),1.2193551063537598,210.0,144.0,114.0,30.0,26910,3,3band,1,2020-07-08,False,0.7041756510734558,
2_002_20200708_123021(9),1.5264737606048584,208.0,109.0,75.0,34.0,27264,4,3band,2,2020-07-08,False,0.7416025996208191,
2_002_20200708_123025(7),1.6036312580108643,210.0,110.0,78.0,32.0,27082,4,3band,2,2020-07-08,False,0.7250872254371643,
2_002_20200708_123029(7),1.561270833015442,209.0,109.0,77.0,32.0,27178,3,3band,2,2020-07-08,False,0.7340956330299377,
2_002_20200708_123034(0),1.5310125350952148,208.0,109.0,77.0,32.0,27704,2,3band,2,2020-07-08,False,0.7349043488502502,
2_002_20200708_123037(8),1.531013011932373,209.0,109.0,77.0,32.0,27647,2,3band,2,2020-07-08,False,0.7345361113548279,
2_002_20200708_123041(7),1.571860671043396,210.0,111.0,80.0,31.0,27549,2,3band,2,2020-07-08,False,0.7385094165802002,
3_001_20200708_123604(8),3.6800179481506348,210.0,127.0,98.0,29.0,50464,3,3band,3,2020-07-08,False,0.6728145480155945,
3_001_20200708_123620(9),3.491668939590454,210.0,128.0,98.0,30.0,49724,3,3band,3,2020-07-08,False,0.701141893863678,
1_002_20200708_123746(2),1.1497807502746582,210.0,145.0,115.0,30.0,27393,2,3band,1,2020-07-08,False,0.7116876840591431,
1_002_20200708_123750(2),1.1074028015136719,210.0,146.0,115.0,31.0,27342,2,3band,1,2020-07-08,False,0.7067210674285889,
1_002_20200708_123754(3),1.186084508895874,210.0,144.0,115.0,29.0,27306,2,3band,1,2020-07-08,False,0.7113805413246155,
1_002_20200708_123800(1),1.1467413902282715,210.0,144.0,115.0,29.0,26867,3,3band,1,2020-07-08,False,0.721452534198761,
1_002_20200708_123804(2),1.2329728603363037,210.0,143.0,114.0,29.0,26910,3,3band,1,2020-07-08,False,0.7128678560256958,
1_002_20200708_123808(2),1.1951618194580078,210.0,143.0,114.0,29.0,26824,3,3band,1,2020-07-08,False,0.7113465070724487,
3_001_20200708_123811(1),3.358539342880249,210.0,128.0,100.0,28.0,50120,3,3band,3,2020-07-08,False,0.6877803802490234,
3_001_20200708_123855(3),3.4614179134368896,210.0,127.0,98.0,29.0,49370,3,3band,3,2020-07-08,False,0.6848093867301941,
3_001_20200708_123935(2),3.373671054840088,210.0,127.0,98.0,29.0,49336,3,3band,3,2020-07-08,False,0.7020257115364075,
3_001_20200708_123946(1),3.298024892807007,210.0,130.0,100.0,30.0,50695,3,3band,3,2020-07-08,False,0.6581214070320129,
1_002_20200708_163727(3),1.143723487854004,210.0,144.0,115.0,29.0,27217,2,3band,1,2020-07-08,False,0.7101566195487976,
1_002_20200708_163731(2),1.1497807502746582,210.0,145.0,115.0,30.0,27260,2,3band,1,2020-07-08,False,0.7150421142578125,
1_002_20200708_163735(1),1.1195149421691895,210.0,146.0,115.0,31.0,27306,2,3band,1,2020-07-08,False,0.7170087695121765,
1_002_20200708_163739(3),1.2254084348678589,210.0,145.0,114.0,31.0,26959,3,3band,1,2020-07-08,False,0.7149136662483215,
1_002_20200708_163743(1),1.243559718132019,210.0,144.0,114.0,30.0,26859,2,3band,1,2020-07-08,False,0.7149888277053833,
1_002_20200708_163747(2),1.2314519882202148,210.0,144.0,114.0,30.0,26911,3,3band,1,2020-07-08,False,0.7271898984909058,
3_001_20200708_163845(3),3.176999092102051,210.0,130.0,99.0,31.0,50171,3,3band,3,2020-07-08,False,0.6896398663520813,
3_001_20200708_163848(2),3.177004814147949,210.0,130.0,100.0,30.0,50161,3,3band,3,2020-07-08,False,0.6978446245193481,
3_001_20200708_163851(0),3.146746873855591,210.0,130.0,99.0,31.0,50210,3,3band,3,2020-07-08,False,0.7024951577186584,
3_001_20200708_163853(5),3.1769933700561523,210.0,130.0,100.0,30.0,49173,3,3band,3,2020-07-08,False,0.6837812662124634,
3_001_20200708_163856(2),3.2836415767669678,210.0,129.0,99.0,30.0,49186,3,3band,3,2020-07-08,False,0.6832435131072998,
3_001_20200708_163858(9),3.1732208728790283,210.0,129.0,100.0,29.0,49297,3,3band,3,2020-07-08,False,0.6717297434806824,
2_002_20200708_163937(6),1.500754714012146,210.0,109.0,77.0,32.0,27024,3,3band,2,2020-07-08,False,0.723691999912262,
2_002_20200708_163941(4),1.6263145208358765,209.0,108.0,77.0,31.0,27077,3,3band,2,2020-07-08,False,0.7395275235176086,
2_002_20200708_163945(4),1.5431156158447266,210.0,109.0,77.0,32.0,26998,3,3band,2,2020-07-08,False,0.7219884991645813,
2_002_20200708_163949(4),1.5431156158447266,210.0,110.0,79.0,31.0,27327,2,3band,2,2020-07-08,False,0.7231701612472534,
2_002_20200708_163953(3),1.5404682159423828,210.0,111.0,80.0,31.0,27302,3,3band,2,2020-07-08,False,0.7448097467422485,
2_002_20200708_163957(5),1.5733734369277954,210.0,110.0,78.0,32.0,27443,2,3band,2,2020-07-08,False,0.7118520140647888,
1_002_20200708_203120(0),1.2057480812072754,210.0,143.0,115.0,28.0,26783,3,3band,1,2020-07-08,False,0.7104531526565552,
1_002_20200708_203124(1),1.1346495151519775,210.0,144.0,114.0,30.0,26737,3,3band,1,2020-07-08,False,0.7092074155807495,
2_002_20200708_203125(0),1.5680782794952393,210.0,109.0,79.0,30.0,27071,4,3band,2,2020-07-08,False,0.7369124889373779,
1_002_20200708_203128(1),1.152785062789917,210.0,144.0,114.0,30.0,26844,2,3band,1,2020-07-08,False,0.7179432511329651,
2_002_20200708_203128(9),1.5945539474487305,210.0,109.0,79.0,30.0,27054,4,3band,2,2020-07-08,False,0.7259331345558167,
1_002_20200708_203132(0),1.2027076482772827,210.0,143.0,114.0,29.0,26705,3,3band,1,2020-07-08,False,0.720909833908081,
2_002_20200708_203132(7),1.6096829175949097,210.0,108.0,78.0,30.0,27096,4,3band,2,2020-07-08,False,0.7326695919036865,
1_002_20200708_203135(9),1.213316559791565,210.0,143.0,114.0,29.0,26567,2,3band,1,2020-07-08,False,0.7219374179840088,
2_002_20200708_203136(7),1.5915281772613525,210.0,108.0,77.0,31.0,27063,2,3band,2,2020-07-08,False,0.7377169132232666,
1_002_20200708_203139(9),1.2813926935195923,210.0,143.0,113.0,30.0,26595,2,3band,1,2020-07-08,False,0.7125405073165894,
2_002_20200708_203140(7),1.64901864528656,210.0,109.0,79.0,30.0,27029,4,3band,2,2020-07-08,False,0.7305058240890503,
2_002_20200708_203144(7),1.623299479484558,210.0,109.0,79.0,30.0,26965,4,3band,2,2020-07-08,False,0.7365171909332275,
3_001_20200708_203204(7),3.4009015560150146,210.0,127.0,97.0,30.0,48122,4,3band,3,2020-07-08,False,0.6945568323135376,
3_001_20200708_203208(3),3.322233200073242,210.0,126.0,97.0,29.0,47800,3,3band,3,2020-07-08,False,0.6889492869377136,
3_001_20200708_203247(7),3.2133028507232666,210.0,126.0,96.0,30.0,47510,3,3band,3,2020-07-08,False,0.6687530875205994,
3_001_20200708_203804(5),3.237518787384033,210.0,127.0,97.0,30.0,48052,3,3band,3,2020-07-08,False,0.6813048720359802,
3_001_20200708_203844(8),3.4054417610168457,210.0,127.0,97.0,30.0,47681,3,3band,3,2020-07-08,False,0.6803725957870483,
3_001_20200708_203917(6),3.410733699798584,210.0,127.0,98.0,29.0,48426,3,3band,3,2020-07-08,False,0.670074462890625,
1_002_20200713_090619(5),1.184564232826233,210.0,144.0,114.0,30.0,27733,3,3band,1,2020-07-13,False,0.715909481048584,
1_002_20200713_090624(6),1.2012054920196533,210.0,144.0,114.0,30.0,27602,2,3band,1,2020-07-13,False,0.7062133550643921,
1_002_20200713_090627(7),1.2223713397979736,210.0,144.0,114.0,30.0,27373,3,3band,1,2020-07-13,False,0.7070533633232117,
1_002_20200713_090630(9),1.2269309759140015,210.0,144.0,114.0,30.0,27073,3,3band,1,2020-07-13,False,0.7094916701316833,
1_002_20200713_090633(9),1.254157304763794,210.0,143.0,114.0,29.0,27115,2,3band,1,2020-07-13,False,0.700660228729248,
1_002_20200713_090637(0),1.2133041620254517,210.0,144.0,114.0,30.0,27040,2,3band,1,2020-07-13,False,0.7127262353897095,
3_001_20200713_091052(5),3.4190545082092285,210.0,127.0,98.0,29.0,49422,3,3band,3,2020-07-13,False,0.6839793920516968,
2_002_20200713_091056(8),1.5068073272705078,206.0,108.0,77.0,31.0,27580,3,3band,2,2020-07-13,False,0.732514500617981,
2_002_20200713_091100(5),1.5763992071151733,206.0,108.0,77.0,31.0,27290,3,3band,2,2020-07-13,False,0.7436935305595398,
2_002_20200713_091103(8),1.5355511903762817,207.0,109.0,77.0,32.0,27149,2,3band,2,2020-07-13,False,0.7416431307792664,
3_001_20200713_091104(2),3.2193562984466553,210.0,127.0,98.0,29.0,49683,3,3band,3,2020-07-13,False,0.6846792697906494,
2_002_20200713_091106(9),1.5128588676452637,206.0,108.0,77.0,31.0,27209,2,3band,2,2020-07-13,False,0.7431246638298035,
2_002_20200713_091109(9),1.534038782119751,207.0,109.0,77.0,32.0,27169,2,3band,2,2020-07-13,False,0.7459821701049805,
2_002_20200713_091112(5),1.5597574710845947,207.0,109.0,78.0,31.0,27226,3,3band,2,2020-07-13,False,0.7264339327812195,
3_001_20200713_091113(2),3.3820009231567383,210.0,127.0,99.0,28.0,49929,4,3band,3,2020-07-13,False,0.684799075126648,
3_001_20200713_091125(7),3.328282594680786,210.0,127.0,97.0,30.0,49865,3,3band,3,2020-07-13,False,0.696708083152771,
3_001_20200713_091129(5),3.1906192302703857,210.0,127.0,97.0,30.0,49823,3,3band,3,2020-07-13,False,0.6863589882850647,
3_001_20200713_091141(5),3.264751434326172,210.0,128.0,99.0,29.0,50058,3,3band,3,2020-07-13,False,0.6531755328178406,
3_001_20200713_123019(3),3.3918259143829346,210.0,127.0,98.0,29.0,49842,3,3band,3,2020-07-13,False,0.6630545258522034,
3_001_20200713_123032(8),3.161874294281006,210.0,127.0,99.0,28.0,50060,3,3band,3,2020-07-13,False,0.6789783835411072,
3_001_20200713_123043(4),3.4198110103607178,210.0,127.0,99.0,28.0,49939,3,3band,3,2020-07-13,False,0.6890602707862854,
3_001_20200713_123049(2),3.264739990234375,210.0,128.0,99.0,29.0,50201,3,3band,3,2020-07-13,False,0.6690502762794495,
3_001_20200713_123108(0),3.391822338104248,210.0,127.0,99.0,28.0,50260,3,3band,3,2020-07-13,False,0.6963585615158081,
3_001_20200713_123114(3),3.4182987213134766,210.0,127.0,99.0,28.0,50273,3,3band,3,2020-07-13,False,0.6884571313858032,
2_002_20200713_123358(8),1.6036312580108643,210.0,110.0,80.0,30.0,27154,3,3band,2,2020-07-13,False,0.7049672603607178,
1_002_20200713_123402(2),1.1686749458312988,210.0,145.0,115.0,30.0,27110,2,3band,1,2020-07-13,False,0.7066619396209717,
2_002_20200713_123403(4),1.5431156158447266,210.0,110.0,81.0,29.0,27165,4,3band,2,2020-07-13,False,0.7304968237876892,
1_002_20200713_123406(6),1.1709522008895874,210.0,144.0,115.0,29.0,27034,3,3band,1,2020-07-13,False,0.7119123339653015,
2_002_20200713_123408(0),1.5431156158447266,210.0,110.0,80.0,30.0,27120,4,3band,2,2020-07-13,False,0.7442900538444519,
1_002_20200713_123411(2),1.1800216436386108,210.0,146.0,114.0,32.0,27070,2,3band,1,2020-07-13,False,0.7042107582092285,
2_002_20200713_123412(4),1.5128577947616577,210.0,110.0,81.0,29.0,27198,4,3band,2,2020-07-13,False,0.7319810390472412,
1_002_20200713_123415(6),1.202717900276184,210.0,145.0,117.0,28.0,27038,2,3band,1,2020-07-13,False,0.7142893075942993,
2_002_20200713_123416(9),1.5431156158447266,210.0,110.0,80.0,30.0,27162,2,3band,2,2020-07-13,False,0.7203477621078491,
1_002_20200713_123420(2),1.2178524732589722,210.0,145.0,117.0,28.0,26972,3,3band,1,2020-07-13,False,0.7232199311256409,
2_002_20200713_123421(4),1.6641470193862915,210.0,110.0,81.0,29.0,27163,3,3band,2,2020-07-13,False,0.7228198051452637,
1_002_20200713_123424(6),1.2133132219314575,210.0,144.0,117.0,27.0,27053,2,3band,1,2020-07-13,False,0.709519624710083,
1_002_20200713_163527(7),1.1694331169128418,210.0,147.0,114.0,33.0,26973,3,3band,1,2020-07-13,False,0.7182888388633728,
1_002_20200713_163532(0),1.1951731443405151,210.0,145.0,114.0,31.0,26800,2,3band,1,2020-07-13,False,0.7033963203430176,
1_002_20200713_163536(6),1.2223825454711914,210.0,143.0,113.0,30.0,26406,3,3band,1,2020-07-13,False,0.7131170034408569,
1_002_20200713_163541(1),1.2186096906661987,210.0,143.0,114.0,29.0,26499,3,3band,1,2020-07-13,False,0.7149649262428284,
1_002_20200713_163551(8),1.25265634059906,210.0,144.0,114.0,30.0,26456,3,3band,1,2020-07-13,False,0.7197313904762268,
1_002_20200713_163657(7),1.1346348524093628,210.0,145.0,117.0,28.0,26780,2,3band,1,2020-07-13,False,0.7073320746421814,
3_001_20200713_163743(9),3.313162326812744,210.0,125.0,95.0,30.0,48970,3,3band,3,2020-07-13,False,0.6894015669822693,
2_002_20200713_163753(9),1.5612703561782837,210.0,109.0,79.0,30.0,26819,3,3band,2,2020-07-13,False,0.7348338961601257,
3_001_20200713_163757(3),3.322235584259033,210.0,122.0,92.0,30.0,47496,3,3band,3,2020-07-13,False,0.6799622178077698,
2_002_20200713_163814(8),1.5915281772613525,210.0,109.0,80.0,29.0,26969,3,3band,2,2020-07-13,False,0.7162474989891052,
2_002_20200713_163819(2),1.5990926027297974,210.0,109.0,79.0,30.0,26830,4,3band,2,2020-07-13,False,0.7480475306510925,
2_002_20200713_163823(7),1.5945539474487305,210.0,109.0,79.0,30.0,26707,4,3band,2,2020-07-13,False,0.7407348155975342,
2_002_20200713_163828(2),1.6308634281158447,210.0,108.0,79.0,29.0,26686,4,3band,2,2020-07-13,False,0.7342770099639893,
2_002_20200713_163832(8),1.6081693172454834,210.0,109.0,79.0,30.0,26705,4,3band,2,2020-07-13,False,0.7075929641723633,
3_001_20200713_163904(8),3.197427272796631,210.0,127.0,97.0,30.0,49416,3,3band,3,2020-07-13,False,0.706483006477356,
3_001_20200713_163925(9),3.3978755474090576,210.0,127.0,97.0,30.0,49470,3,3band,3,2020-07-13,False,0.6971550583839417,
3_001_20200713_163945(4),3.553703546524048,210.0,123.0,91.0,32.0,47904,3,3band,3,2020-07-13,False,0.6844830513000488,
3_001_20200713_164009(3),3.394857406616211,210.0,123.0,92.0,31.0,47673,3,3band,3,2020-07-13,False,0.7108463048934937,
1_002_20200713_202453(5),1.1603732109069824,210.0,147.0,115.0,32.0,26802,2,3band,1,2020-07-13,False,0.7208400368690491,
1_002_20200713_202457(9),1.0907819271087646,210.0,147.0,115.0,32.0,26835,2,3band,1,2020-07-13,False,0.719505250453949,
1_002_20200713_202502(4),1.0953189134597778,210.0,147.0,115.0,32.0,26904,2,3band,1,2020-07-13,False,0.704559326171875,
1_002_20200713_202507(0),1.1739808320999146,210.0,148.0,115.0,33.0,27300,3,3band,1,2020-07-13,False,0.684230625629425,
1_002_20200713_202511(3),1.133123755455017,210.0,147.0,115.0,32.0,27143,2,3band,1,2020-07-13,False,0.7005102038383484,
1_002_20200713_202515(8),1.1391831636428833,210.0,147.0,117.0,30.0,27136,2,3band,1,2020-07-13,False,0.7082196474075317,
3_001_20200713_202630(0),3.2882018089294434,210.0,129.0,98.0,31.0,49631,3,3band,3,2020-07-13,False,0.6927573084831238,
3_001_20200713_202634(5),3.2677783966064453,210.0,130.0,99.0,31.0,49714,3,3band,3,2020-07-13,False,0.6883400082588196,
3_001_20200713_202639(1),3.267772674560547,210.0,130.0,99.0,31.0,49715,3,3band,3,2020-07-13,False,0.6930601000785828,
3_001_20200713_202643(6),3.2677783966064453,210.0,130.0,98.0,32.0,50440,3,3band,3,2020-07-13,False,0.6978973150253296,
3_001_20200713_202648(2),3.146746873855591,210.0,130.0,98.0,32.0,50491,3,3band,3,2020-07-13,False,0.6897594928741455,
3_001_20200713_202652(6),3.3282713890075684,210.0,130.0,98.0,32.0,50371,3,3band,3,2020-07-13,False,0.7063488960266113,
2_002_20200713_202718(1),1.5425108671188354,210.0,112.0,80.0,32.0,27478,2,3band,2,2020-07-13,False,0.7373136878013611,
2_002_20200713_202722(5),1.4977295398712158,210.0,113.0,80.0,33.0,27377,2,3band,2,2020-07-13,False,0.7369001507759094,
2_002_20200713_202726(9),1.455368995666504,210.0,112.0,81.0,31.0,27374,2,3band,2,2020-07-13,False,0.7120267152786255,
2_002_20200713_202731(4),1.5878974199295044,210.0,111.0,80.0,31.0,27027,3,3band,2,2020-07-13,False,0.708291232585907,
2_002_20200713_202735(9),1.4841128587722778,210.0,111.0,80.0,31.0,26953,5,3band,2,2020-07-13,False,0.7259756326675415,
2_002_20200713_202743(4),1.5083191394805908,210.0,111.0,79.0,32.0,26946,3,3band,2,2020-07-13,False,0.7392176389694214,
1_002_20200714_002645(1),1.2768466472625732,210.0,147.0,115.0,32.0,27179,2,3band,1,2020-07-14,False,0.7090956568717957,
1_002_20200714_002649(5),1.1467413902282715,210.0,147.0,114.0,33.0,27156,2,3band,1,2020-07-14,False,0.711516261100769,
1_002_20200714_002654(1),1.1936393976211548,210.0,147.0,114.0,33.0,27243,2,3band,1,2020-07-14,False,0.7086622714996338,
1_002_20200714_002658(5),1.1421993970870972,210.0,147.0,115.0,32.0,26624,3,3band,1,2020-07-14,False,0.7184734344482422,
1_002_20200714_002703(0),1.180039644241333,210.0,146.0,115.0,31.0,26752,3,3band,1,2020-07-14,False,0.7119631767272949,
1_002_20200714_002707(5),1.0953205823898315,210.0,147.0,115.0,32.0,26735,3,3band,1,2020-07-14,False,0.7093144059181213,
2_002_20200714_002857(2),1.6036312580108643,210.0,110.0,77.0,33.0,27470,2,3band,2,2020-07-14,False,0.7424687743186951,
2_002_20200714_002901(5),1.5279868841171265,210.0,111.0,79.0,32.0,27406,2,3band,2,2020-07-14,False,0.7344325184822083,
2_002_20200714_002904(6),1.4689842462539673,210.0,111.0,77.0,34.0,27480,3,3band,2,2020-07-14,False,0.7361595034599304,
2_002_20200714_002907(5),1.4378187656402588,210.0,111.0,80.0,31.0,27007,2,3band,2,2020-07-14,False,0.7443649768829346,
2_002_20200714_002910(7),1.498031735420227,210.0,111.0,79.0,32.0,27036,4,3band,2,2020-07-14,False,0.7382158041000366,
2_002_20200714_002915(0),1.4384238719940186,210.0,111.0,79.0,32.0,27006,3,3band,2,2020-07-14,False,0.7174232602119446,
3_001_20200714_003045(4),3.1891074180603027,210.0,129.0,100.0,29.0,50537,3,3band,3,2020-07-14,False,0.6967290639877319,
3_001_20200714_003052(4),3.428133487701416,210.0,129.0,99.0,30.0,50466,3,3band,3,2020-07-14,False,0.6944916844367981,
3_001_20200714_003110(6),3.3131537437438965,210.0,128.0,99.0,29.0,50356,3,3band,3,2020-07-14,False,0.7009649872779846,
3_001_20200714_003118(1),3.3018064498901367,210.0,129.0,99.0,30.0,49682,3,3band,3,2020-07-14,False,0.6827144622802734,
3_001_20200714_003133(7),3.449312925338745,210.0,128.0,99.0,29.0,49714,3,3band,3,2020-07-14,False,0.6681378483772278,
3_001_20200714_003137(8),3.37972092628479,210.0,128.0,99.0,29.0,49805,3,3band,3,2020-07-14,False,0.6939037442207336,
1_002_20200714_042619(3),1.2496145963668823,210.0,147.0,118.0,29.0,27212,2,3band,1,2020-07-14,False,0.7068459391593933,
1_002_20200714_042623(8),1.1936393976211548,210.0,147.0,118.0,29.0,27335,2,3band,1,2020-07-14,False,0.7148125767707825,
1_002_20200714_042628(4),1.1255687475204468,210.0,147.0,118.0,29.0,27277,3,3band,1,2020-07-14,False,0.7036185264587402,
1_002_20200714_042632(8),1.1119544506072998,210.0,147.0,115.0,32.0,26770,3,3band,1,2020-07-14,False,0.7091765403747559,
1_002_20200714_042637(4),1.1210284233093262,210.0,147.0,115.0,32.0,26828,3,3band,1,2020-07-14,False,0.7151705622673035,
1_002_20200714_042641(8),1.2095239162445068,210.0,147.0,114.0,33.0,26806,3,3band,1,2020-07-14,True,,0.694162130355835
3_001_20200714_042943(8),3.4046833515167236,210.0,129.0,99.0,30.0,50764,3,3band,3,2020-07-14,False,0.7050253748893738,
3_001_20200714_042948(4),3.468992233276367,210.0,129.0,99.0,30.0,50431,3,3band,3,2020-07-14,False,0.7063287496566772,
3_001_20200714_042957(3),3.19288969039917,210.0,129.0,99.0,30.0,50615,3,3band,3,2020-07-14,False,0.688923180103302,
3_001_20200714_043001(8),3.2859320640563965,210.0,128.0,99.0,29.0,49674,3,3band,3,2020-07-14,False,0.6915229558944702,
3_001_20200714_043006(2),3.376704216003418,210.0,128.0,99.0,29.0,49712,3,3band,3,2020-07-14,False,0.661803126335144,
3_001_20200714_043010(8),3.328291654586792,210.0,128.0,99.0,29.0,49659,3,3band,3,2020-07-14,False,0.6940799355506897,
2_002_20200714_043014(3),1.6338891983032227,210.0,110.0,79.0,31.0,27110,4,3band,2,2020-07-14,False,0.734479546546936,
2_002_20200714_043020(0),1.587594985961914,210.0,111.0,80.0,31.0,26978,3,3band,2,2020-07-14,False,0.7330974340438843,
2_002_20200714_043024(4),1.6641470193862915,210.0,110.0,79.0,31.0,26975,2,3band,2,2020-07-14,False,0.7120621204376221,
2_002_20200714_043029(1),1.5431156158447266,210.0,110.0,81.0,29.0,27466,3,3band,2,2020-07-14,False,0.7318820357322693,
2_002_20200714_043033(4),1.5261722803115845,210.0,113.0,82.0,31.0,27390,2,3band,2,2020-07-14,False,0.7297844290733337,
2_002_20200714_043037(9),1.601211428642273,210.0,112.0,82.0,30.0,27456,2,3band,2,2020-07-14,False,0.7362058162689209,
1_002_20200714_083054(2),1.1293572187423706,210.0,147.0,118.0,29.0,26794,3,3band,1,2020-07-14,True,,0.7010175585746765
1_002_20200714_083057(5),1.122541904449463,210.0,146.0,114.0,32.0,26566,2,3band,1,2020-07-14,True,,0.6847638487815857
1_002_20200714_083101(7),1.0968323945999146,210.0,145.0,114.0,31.0,26442,2,3band,1,2020-07-14,True,,0.6967066526412964
1_002_20200714_083106(2),1.1558153629302979,210.0,144.0,114.0,30.0,26156,2,3band,1,2020-07-14,True,,0.7058064341545105
1_002_20200714_083110(8),1.1558153629302979,210.0,144.0,114.0,30.0,26189,2,3band,1,2020-07-14,True,,0.700651228427887
1_002_20200714_083115(1),1.1913838386535645,210.0,145.0,116.0,29.0,26192,2,3band,1,2020-07-14,True,,0.7131938934326172
3_001_20200714_084009(9),3.275334358215332,210.0,125.0,95.0,30.0,47411,5,3band,3,2020-07-14,False,0.6724027395248413,
3_001_20200714_084013(3),3.335848569869995,210.0,125.0,94.0,31.0,47467,3,3band,3,2020-07-14,False,0.6888671517372131,
3_001_20200714_084020(1),3.4009015560150146,210.0,124.0,94.0,30.0,47415,3,3band,3,2020-07-14,False,0.6846627593040466,
3_001_20200714_084027(0),3.4432623386383057,210.0,124.0,93.0,31.0,47172,3,3band,3,2020-07-14,False,0.6908467411994934,
3_001_20200714_084047(6),3.3676211833953857,210.0,124.0,94.0,30.0,47218,4,3band,3,2020-07-14,False,0.6962419748306274,
3_001_20200714_084106(0),3.4266204833984375,210.0,125.0,94.0,31.0,47649,3,3band,3,2020-07-14,False,0.6985467672348022,
1_002_20200714_123109(8),1.1195285320281982,210.0,150.0,115.0,35.0,26874,3,3band,1,2020-07-14,True,,0.7105417847633362
1_002_20200714_123113(1),1.089259386062622,210.0,150.0,115.0,35.0,27043,3,3band,1,2020-07-14,True,,0.7018840909004211
1_002_20200714_123117(3),1.186084508895874,210.0,147.0,117.0,30.0,26841,3,3band,1,2020-07-14,True,,0.6988933086395264
1_002_20200714_123120(4),1.208756923675537,210.0,147.0,116.0,31.0,26883,2,3band,1,2020-07-14,True,,0.7008092403411865
1_002_20200714_123123(5),1.1043871641159058,210.0,148.0,117.0,31.0,26949,3,3band,1,2020-07-14,True,,0.6865681409835815
1_002_20200714_123126(4),1.1006044149398804,210.0,147.0,115.0,32.0,26872,2,3band,1,2020-07-14,True,,0.6859223246574402
3_001_20200714_123235(9),3.2133028507232666,210.0,129.0,98.0,31.0,49868,3,3band,3,2020-07-14,False,0.7008478045463562,
3_001_20200714_123240(4),3.09228253364563,210.0,129.0,99.0,30.0,50032,3,3band,3,2020-07-14,False,0.6660162806510925,
3_001_20200714_123244(9),3.125566244125366,210.0,129.0,99.0,30.0,49924,3,3band,3,2020-07-14,False,0.6806448101997375,
3_001_20200714_123249(5),3.221623420715332,210.0,129.0,99.0,30.0,49770,3,3band,3,2020-07-14,False,0.6812137365341187,
3_001_20200714_123253(9),3.231457471847534,210.0,128.0,98.0,30.0,49487,3,3band,3,2020-07-14,False,0.6682976484298706,
3_001_20200714_123258(4),3.23600697517395,210.0,128.0,97.0,31.0,49194,3,3band,3,2020-07-14,False,0.6795802116394043,
1_002_20200714_163046(2),1.1210284233093262,210.0,147.0,119.0,28.0,27072,2,3band,1,2020-07-14,True,,0.6788814663887024
1_002_20200714_163049(8),1.131600022315979,210.0,146.0,118.0,28.0,26921,2,3band,1,2020-07-14,True,,0.6896315217018127
1_002_20200714_163053(5),1.137671947479248,210.0,146.0,115.0,31.0,26677,2,3band,1,2020-07-14,True,,0.6915404796600342
1_002_20200714_163056(8),1.19515061378479,210.0,145.0,115.0,30.0,26519,2,3band,1,2020-07-14,True,,0.7083093523979187
3_001_20200714_163058(0),3.15280818939209,210.0,127.0,97.0,30.0,49293,3,3band,3,2020-07-14,False,0.6977977752685547,
1_002_20200714_163100(2),1.1497694253921509,210.0,145.0,115.0,30.0,26696,2,3band,1,2020-07-14,True,,0.703640341758728
3_001_20200714_163100(9),3.071101427078247,210.0,126.0,96.0,30.0,48735,3,3band,3,2020-07-14,False,0.6766526699066162,
1_002_20200714_163103(5),1.2632278203964233,210.0,145.0,115.0,30.0,26730,2,3band,1,2020-07-14,True,,0.700404167175293
3_001_20200714_163104(1),3.3161795139312744,210.0,126.0,95.0,31.0,48409,3,3band,3,2020-07-14,False,0.6846572160720825,
3_001_20200714_163107(2),3.5370616912841797,210.0,124.0,95.0,29.0,47894,3,3band,3,2020-07-14,False,0.6801261305809021,
3_001_20200714_163110(3),3.340385913848877,210.0,124.0,93.0,31.0,47517,3,3band,3,2020-07-14,False,0.6718365550041199,
3_001_20200714_163113(3),3.550673246383667,210.0,124.0,93.0,31.0,47762,3,3band,3,2020-07-14,False,0.6952860951423645,
1_002_20200714_225756(0),1.1679105758666992,210.0,147.0,117.0,30.0,26740,3,3band,1,2020-07-14,True,,0.6977911591529846
1_002_20200714_225759(8),1.1437139511108398,210.0,147.0,118.0,29.0,26726,2,3band,1,2020-07-14,True,,0.7023767828941345
1_002_20200714_225803(3),1.1354105472564697,210.0,147.0,118.0,29.0,26757,3,3band,1,2020-07-14,True,,0.6845260262489319
1_002_20200714_225807(3),1.1475008726119995,210.0,147.0,115.0,32.0,26937,2,3band,1,2020-07-14,True,,0.6808586716651917
1_002_20200714_225810(5),1.1407055854797363,210.0,148.0,117.0,31.0,27274,2,3band,1,2020-07-14,True,,0.7054134011268616
1_002_20200714_225817(4),1.089259386062622,210.0,150.0,114.0,36.0,27295,2,3band,1,2020-07-14,True,,0.6965696215629578
3_001_20200714_225902(4),3.298024892807007,210.0,130.0,98.0,32.0,49853,3,3band,3,2020-07-14,False,0.6879559755325317,
3_001_20200714_225906(4),3.1701855659484863,210.0,129.0,99.0,30.0,49196,5,3band,3,2020-07-14,False,0.6798030138015747,
3_001_20200714_225909(9),3.2027227878570557,210.0,129.0,99.0,30.0,49389,3,3band,3,2020-07-14,False,0.6691032648086548,
3_001_20200714_225913(0),3.287813901901245,210.0,131.0,100.0,31.0,50479,3,3band,3,2020-07-14,False,0.6975092887878418,
3_001_20200714_225916(1),3.2280547618865967,210.0,131.0,100.0,31.0,50502,3,3band,3,2020-07-14,False,0.6739624738693237,
3_001_20200714_225919(2),3.237520456314087,210.0,130.0,99.0,31.0,50460,3,3band,3,2020-07-14,False,0.6882405281066895,
2_002_20200714_230002(9),1.5122532844543457,210.0,112.0,79.0,33.0,27347,3,3band,2,2020-07-14,False,0.721829354763031,
2_002_20200714_230006(3),1.4087718725204468,210.0,113.0,77.0,36.0,27473,3,3band,2,2020-07-14,False,0.7409281730651855,
2_002_20200714_230010(7),1.5261722803115845,210.0,113.0,78.0,35.0,27442,2,3band,2,2020-07-14,False,0.7437312006950378,
2_002_20200714_230014(1),1.5122532844543457,210.0,112.0,79.0,33.0,26915,3,3band,2,2020-07-14,False,0.7325380444526672,
2_002_20200714_230017(3),1.5559735298156738,210.0,113.0,82.0,31.0,26812,2,3band,2,2020-07-14,False,0.7409712672233582,
2_002_20200714_230020(6),1.503780484199524,210.0,112.0,78.0,34.0,26776,3,3band,2,2020-07-14,False,0.7351883053779602,
1_002_20200715_002443(4),1.2027150392532349,210.0,147.0,118.0,29.0,26730,3,3band,1,2020-07-15,True,,
1_002_20200715_002447(9),1.0983366966247559,210.0,147.0,115.0,32.0,26588,2,3band,1,2020-07-15,True,,
1_002_20200715_002456(9),1.1981780529022217,210.0,147.0,116.0,31.0,26538,3,3band,1,2020-07-15,True,,
1_002_20200715_002509(0),1.1664073467254639,210.0,147.0,118.0,29.0,27182,2,3band,1,2020-07-15,True,,
1_002_20200715_002513(4),1.0922948122024536,210.0,147.0,118.0,29.0,27136,2,3band,1,2020-07-15,True,,
1_002_20200715_002517(9),1.1860626935958862,210.0,147.0,118.0,29.0,27162,2,3band,1,2020-07-15,False,0.7134910821914673,
3_001_20200715_002651(8),3.2844078540802,210.0,129.0,100.0,29.0,49736,3,3band,3,2020-07-15,False,0.7081369161605835,
3_001_20200715_002656(3),3.2488558292388916,210.0,129.0,100.0,29.0,49435,3,3band,3,2020-07-15,False,0.6963817477226257,
3_001_20200715_002700(8),3.1966712474823,210.0,129.0,99.0,30.0,49504,3,3band,3,2020-07-15,False,0.6838386058807373,
3_001_20200715_002705(1),3.138415813446045,210.0,131.0,99.0,32.0,50483,3,3band,3,2020-07-15,False,0.6963942050933838,
2_002_20200715_002706(2),1.4977291822433472,210.0,111.0,79.0,32.0,27001,4,3band,2,2020-07-15,False,0.7332267165184021,
3_001_20200715_002709(8),3.2677783966064453,210.0,130.0,99.0,31.0,50440,3,3band,3,2020-07-15,False,0.6695720553398132,
2_002_20200715_002710(7),1.5715585947036743,210.0,112.0,79.0,33.0,26886,2,3band,2,2020-07-15,False,0.7366907596588135,
3_001_20200715_002714(2),3.198186159133911,210.0,131.0,100.0,31.0,50366,3,3band,3,2020-07-15,False,0.7116818428039551,
2_002_20200715_002715(0),1.4977291822433472,210.0,111.0,78.0,33.0,26873,3,3band,2,2020-07-15,False,0.7120525240898132,
2_002_20200715_002719(6),1.423295259475708,210.0,112.0,82.0,30.0,27274,2,3band,2,2020-07-15,False,0.7305253744125366,
2_002_20200715_002728(6),1.3918275833129883,210.0,112.0,80.0,32.0,27320,2,3band,2,2020-07-15,False,0.7308571338653564,
2_002_20200715_002733(1),1.527986764907837,210.0,112.0,80.0,32.0,27309,2,3band,2,2020-07-15,False,0.7411933541297913,
3_001_20200715_042104(4),3.298024892807007,210.0,130.0,98.0,32.0,50300,3,3band,3,2020-07-15,False,0.6930787563323975,
3_001_20200715_042108(8),3.2677557468414307,210.0,130.0,99.0,31.0,50415,3,3band,3,2020-07-15,False,0.6691093444824219,
3_001_20200715_042113(4),3.177004814147949,210.0,130.0,99.0,31.0,50436,3,3band,3,2020-07-15,False,0.7051087021827698,
3_001_20200715_042118(0),3.1482484340667725,210.0,129.0,99.0,30.0,49543,3,3band,3,2020-07-15,False,0.6813247799873352,
3_001_20200715_042122(5),3.266253709793091,210.0,129.0,99.0,30.0,49435,3,3band,3,2020-07-15,False,0.6918010115623474,
3_001_20200715_042127(0),3.3887977600097656,210.0,129.0,98.0,31.0,49471,3,3band,3,2020-07-15,False,0.7014962434768677,
1_002_20200715_042354(7),1.2148170471191406,210.0,148.0,119.0,29.0,27228,2,3band,1,2020-07-15,False,0.7082692980766296,
1_002_20200715_042358(9),1.167928695678711,210.0,148.0,119.0,29.0,27226,2,3band,1,2020-07-15,False,0.7104243040084839,
1_002_20200715_042403(5),1.164902925491333,210.0,148.0,118.0,30.0,27162,2,3band,1,2020-07-15,False,0.705737292766571,
2_002_20200715_042403(8),1.557639718055725,210.0,111.0,81.0,30.0,27393,2,3band,2,2020-07-15,False,0.7287120819091797,
1_002_20200715_042408(0),1.1452364921569824,210.0,147.0,120.0,27.0,26775,2,3band,1,2020-07-15,False,0.7045509815216064,
2_002_20200715_042408(4),1.4087718725204468,210.0,113.0,83.0,30.0,27385,2,3band,2,2020-07-15,False,0.7365678548812866,
1_002_20200715_042412(5),1.0499145984649658,210.0,147.0,118.0,29.0,26751,3,3band,1,2020-07-15,False,0.7086839079856873,
2_002_20200715_042412(9),1.5431156158447266,210.0,114.0,83.0,31.0,27390,2,3band,2,2020-07-15,False,0.7353195548057556,
1_002_20200715_042416(9),1.2004456520080566,210.0,147.0,118.0,29.0,26705,2,3band,1,2020-07-15,False,0.7201434373855591,
2_002_20200715_042417(3),1.3639899492263794,210.0,112.0,81.0,31.0,26850,4,3band,2,2020-07-15,False,0.7450467348098755,
2_002_20200715_042421(7),1.438122034072876,210.0,113.0,80.0,33.0,26944,3,3band,2,2020-07-15,False,0.7313279509544373,
2_002_20200715_042426(3),1.3794218301773071,210.0,113.0,81.0,32.0,26915,3,3band,2,2020-07-15,False,0.7234417200088501,
2_002_20200715_083106(3),1.428135871887207,210.0,112.0,81.0,31.0,26809,3,3band,2,2020-07-15,False,0.7231132388114929,
2_002_20200715_083109(1),1.3936426639556885,210.0,112.0,80.0,32.0,26756,3,3band,2,2020-07-15,False,0.718904972076416,
2_002_20200715_083113(8),1.473522663116455,210.0,112.0,81.0,31.0,26857,3,3band,2,2020-07-15,False,0.7303730845451355,
1_002_20200715_083116(0),1.1164722442626953,210.0,147.0,118.0,29.0,26623,2,3band,1,2020-07-15,False,0.7169256210327148,
2_002_20200715_083118(3),1.4614194631576538,210.0,112.0,81.0,31.0,26856,3,3band,2,2020-07-15,False,0.7176701426506042,
1_002_20200715_083120(5),1.1648927927017212,210.0,147.0,118.0,29.0,26516,2,3band,1,2020-07-15,False,0.7159044742584229,
2_002_20200715_083122(8),1.432674527168274,210.0,112.0,82.0,30.0,26803,4,3band,2,2020-07-15,False,0.7163335084915161,
1_002_20200715_083124(9),1.192133903503418,210.0,146.0,117.0,29.0,26278,2,3band,1,2020-07-15,False,0.7125496864318848,
2_002_20200715_083127(3),1.479574203491211,210.0,112.0,81.0,31.0,26862,3,3band,2,2020-07-15,False,0.7401973009109497,
1_002_20200715_083129(4),1.1497660875320435,210.0,146.0,115.0,31.0,26231,2,3band,1,2020-07-15,False,0.711408793926239,
1_002_20200715_083134(0),1.1679185628890991,210.0,146.0,118.0,28.0,26331,2,3band,1,2020-07-15,False,0.7124624252319336,
1_002_20200715_083138(5),1.246580958366394,210.0,146.0,117.0,29.0,26202,2,3band,1,2020-07-15,False,0.7104731798171997,
3_001_20200715_083509(3),3.298035144805908,210.0,128.0,98.0,30.0,49039,3,3band,3,2020-07-15,False,0.6802101731300354,
3_001_20200715_083513(8),3.304086446762085,210.0,128.0,98.0,30.0,48925,3,3band,3,2020-07-15,False,0.7074256539344788,
3_001_20200715_083518(2),3.3071038722991943,210.0,127.0,97.0,30.0,48594,3,3band,3,2020-07-15,False,0.6922765970230103,
3_001_20200715_083522(7),3.405440092086792,210.0,127.0,97.0,30.0,48458,3,3band,3,2020-07-15,False,0.688464343547821,
3_001_20200715_083527(3),3.331315040588379,210.0,127.0,97.0,30.0,48400,4,3band,3,2020-07-15,False,0.6910269856452942,
3_001_20200715_083531(8),3.3645920753479004,210.0,126.0,97.0,29.0,47880,3,3band,3,2020-07-15,False,0.6965565085411072,
1_002_20200721_163237(8),1.2889634370803833,210.0,142.0,107.0,35.0,28778,1,1band,1,2020-07-21,False,0.732369065284729,
1_002_20200721_163239(7),1.2193489074707031,210.0,146.0,114.0,32.0,28807,1,1band,1,2020-07-21,False,0.7226133942604065,
1_002_20200721_163244(4),1.2072502374649048,210.0,144.0,113.0,31.0,28946,1,1band,1,2020-07-21,False,0.7109962105751038,
1_002_20200721_163245(6),1.2223871946334839,210.0,144.0,113.0,31.0,28747,1,1band,1,2020-07-21,False,0.737716555595398,
1_002_20200721_163248(8),1.254157304763794,210.0,143.0,114.0,29.0,28845,1,1band,1,2020-07-21,False,0.7170381546020508,
1_002_20200721_163249(9),1.3131674528121948,210.0,143.0,110.0,33.0,28626,1,1band,1,2020-07-21,False,0.7106835842132568,
1_002_20200721_163253(3),1.2117962837219238,210.0,143.0,114.0,29.0,28550,1,1band,1,2020-07-21,False,0.7481063604354858,
1_002_20200721_163253(9),1.1830508708953857,210.0,144.0,113.0,31.0,28991,1,1band,1,2020-07-21,False,0.7180251479148865,
1_002_20200721_163257(5),1.1951426267623901,210.0,144.0,110.0,34.0,28735,1,1band,1,2020-07-21,False,0.7207862734794617,
1_002_20200721_163257(9),1.2042279243469238,210.0,143.0,114.0,29.0,28593,1,1band,1,2020-07-21,False,0.7379888296127319,
1_002_20200721_163301(1),1.1951494216918945,210.0,144.0,109.0,35.0,28925,1,1band,1,2020-07-21,False,0.7193368077278137,
1_002_20200721_163302(4),1.2027223110198975,210.0,143.0,113.0,30.0,28526,1,1band,1,2020-07-21,False,0.722384512424469,
2_002_20200721_163536(6),1.5370640754699707,207.0,106.0,74.0,32.0,28970,2,3band,2,2020-07-21,False,0.727769136428833,
2_002_20200721_163539(9),1.518910527229309,207.0,108.0,73.0,35.0,29333,1,1band,2,2020-07-21,False,0.7468110918998718,
2_002_20200721_163543(2),1.5733734369277954,207.0,110.0,76.0,34.0,29342,2,3band,2,2020-07-21,False,0.7464599013328552,
2_002_20200721_163548(0),1.5718605518341064,207.0,107.0,75.0,32.0,29002,1,1band,2,2020-07-21,False,0.730356752872467,
2_002_20200721_163551(3),1.6009835004806519,208.0,111.0,80.0,31.0,29246,1,1band,2,2020-07-21,False,0.7117506861686707,
2_002_20200721_163554(6),1.570347785949707,208.0,111.0,80.0,31.0,29187,1,1band,2,2020-07-21,False,0.7429926991462708,
3_001_20200721_163828(2),3.2859230041503906,210.0,128.0,97.0,31.0,53400,1,1band,3,2020-07-21,False,0.6532593369483948,
3_001_20200721_163831(6),3.326770305633545,210.0,129.0,97.0,32.0,53255,1,1band,3,2020-07-21,False,0.5360297560691833,
3_001_20200721_163835(0),3.3018124103546143,210.0,129.0,97.0,32.0,53423,1,1band,3,2020-07-21,False,0.6075869798660278,
3_001_20200721_163838(2),3.364593744277954,210.0,127.0,96.0,31.0,52538,1,1band,3,2020-07-21,False,0.560019314289093,
3_001_20200721_163841(6),3.51285719871521,210.0,127.0,97.0,30.0,52535,1,1band,3,2020-07-21,False,0.4549591541290283,
3_001_20200721_163845(0),3.4614171981811523,210.0,127.0,97.0,30.0,52764,1,1band,3,2020-07-21,False,0.596346378326416,
3_001_20200722_003342(7),3.428123712539673,210.0,127.0,96.0,31.0,52427,1,1band,3,2020-07-22,False,0.6775319576263428,
1_002_20200722_003343(8),1.1770071983337402,210.0,147.0,114.0,33.0,28606,1,1band,1,2020-07-22,False,0.7254742980003357,
3_001_20200722_003351(5),3.4175448417663574,210.0,127.0,97.0,30.0,52109,1,1band,3,2020-07-22,False,0.6507737636566162,
1_002_20200722_003354(1),1.1815441846847534,210.0,147.0,117.0,30.0,28668,1,1band,1,2020-07-22,False,0.7369694709777832,
2_002_20200722_003424(1),1.4096792936325073,210.0,113.0,81.0,32.0,28673,1,1band,2,2020-07-22,False,0.7187141180038452,
2_002_20200722_003428(4),1.5261722803115845,210.0,113.0,82.0,31.0,28283,1,1band,2,2020-07-22,False,0.7224665880203247,
1_002_20200722_043432(7),1.2556582689285278,210.0,147.0,118.0,29.0,28728,1,1band,1,2020-07-22,False,0.7299824357032776,
1_002_20200722_043437(0),1.1543132066726685,210.0,149.0,120.0,29.0,28940,1,1band,1,2020-07-22,False,0.723047137260437,
2_002_20200722_043525(6),1.5261722803115845,210.0,113.0,82.0,31.0,28361,1,1band,2,2020-07-22,False,0.7416743636131287,
2_002_20200722_043529(9),1.452343463897705,210.0,114.0,81.0,33.0,28665,1,1band,2,2020-07-22,False,0.7285959720611572,
3_001_20200722_043531(1),3.294989585876465,210.0,127.0,95.0,32.0,52248,1,1band,3,2020-07-22,False,0.5740282535552979,
3_001_20200722_043535(5),3.356271266937256,210.0,127.0,93.0,34.0,51723,1,1band,3,2020-07-22,False,0.6878153085708618,
1_002_20200722_083131(9),1.1679264307022095,210.0,147.0,121.0,26.0,28485,1,1band,1,2020-07-22,False,0.71088707447052,
1_002_20200722_083136(6),1.0907609462738037,210.0,147.0,121.0,26.0,28740,1,1band,1,2020-07-22,False,0.723322868347168,
2_002_20200722_083350(7),1.452343463897705,210.0,114.0,82.0,32.0,28491,1,1band,2,2020-07-22,False,0.7209083437919617,
2_002_20200722_083355(2),1.452343463897705,210.0,114.0,83.0,31.0,28135,1,1band,2,2020-07-22,False,0.7240583896636963,
3_001_20200722_083525(2),3.3222310543060303,210.0,128.0,97.0,31.0,52421,1,1band,3,2020-07-22,False,0.7004287838935852,
3_001_20200722_083529(6),3.3585405349731445,210.0,130.0,98.0,32.0,53048,1,1band,3,2020-07-22,False,0.671670138835907,
1_002_20200722_130939(5),1.1845619678497314,210.0,147.0,117.0,30.0,28361,1,1band,1,2020-07-22,False,0.7263749837875366,
1_002_20200722_130944(0),1.2329825162887573,210.0,147.0,117.0,30.0,28130,1,1band,1,2020-07-22,False,0.7404776215553284,
2_002_20200722_131101(2),1.5158835649490356,210.0,112.0,82.0,30.0,27491,2,3band,2,2020-07-22,False,0.7209325432777405,
2_002_20200722_131105(7),1.438122034072876,210.0,113.0,79.0,34.0,28082,1,1band,2,2020-07-22,False,0.7249379754066467,
3_001_20200722_131315(1),3.3464372158050537,210.0,128.0,97.0,31.0,52314,1,1band,3,2020-07-22,False,0.5354364514350891,
3_001_20200722_131319(5),3.3540124893188477,210.0,129.0,98.0,31.0,52949,1,1band,3,2020-07-22,False,0.5765978097915649,
1_002_20200722_162848(2),1.2284477949142456,210.0,146.0,116.0,30.0,28035,1,1band,1,2020-07-22,False,0.7138885855674744,
1_002_20200722_162852(6),1.164902925491333,210.0,148.0,119.0,29.0,28702,1,1band,1,2020-07-22,False,0.7283999919891357,
2_002_20200722_163020(9),1.5128577947616577,207.0,110.0,76.0,34.0,28373,1,1band,2,2020-07-22,False,0.7213034629821777,
2_002_20200722_163034(4),1.5658090114593506,207.0,109.0,76.0,33.0,28539,1,1band,2,2020-07-22,False,0.7283090353012085,
3_001_20200722_163247(7),3.302574396133423,210.0,129.0,99.0,30.0,52787,1,1band,3,2020-07-22,False,0.5283463597297668,
3_001_20200722_163255(2),3.3570282459259033,210.0,129.0,98.0,31.0,52569,1,1band,3,2020-07-22,False,0.5884947776794434,
3_001_20200723_003047(2),3.287435293197632,210.0,129.0,100.0,29.0,52536,1,1band,3,2020-07-23,False,0.6267775893211365,
3_001_20200723_003051(9),3.3630802631378174,210.0,128.0,98.0,30.0,52661,1,1band,3,2020-07-23,False,0.6497285962104797,
2_002_20200723_003123(9),1.4803305864334106,209.0,113.0,82.0,31.0,28868,1,1band,2,2020-07-23,False,0.730452299118042,
2_002_20200723_003128(3),1.5419808626174927,209.0,111.0,79.0,32.0,28373,1,1band,2,2020-07-23,False,0.7267037630081177,
1_002_20200723_003208(1),1.184570550918579,210.0,148.0,120.0,28.0,28272,1,1band,1,2020-07-23,False,0.7215378880500793,
1_002_20200723_003212(6),1.189109206199646,210.0,148.0,119.0,29.0,28175,1,1band,1,2020-07-23,False,0.7178279757499695,
2_002_20200723_043243(7),1.4243537187576294,209.0,113.0,82.0,31.0,28806,1,1band,2,2020-07-23,False,0.721924364566803,
2_002_20200723_043248(3),1.4810870885849,210.0,112.0,81.0,31.0,28416,1,1band,2,2020-07-23,False,0.737109363079071,
1_002_20200723_043256(5),1.128583312034607,210.0,148.0,121.0,27.0,27944,1,1band,1,2020-07-23,False,0.7153946757316589,
1_002_20200723_043258(3),1.068078875541687,210.0,148.0,121.0,27.0,28263,1,1band,1,2020-07-23,False,0.7216545343399048,
3_001_20200723_043303(9),3.397876262664795,210.0,128.0,97.0,31.0,52410,1,1band,3,2020-07-23,False,0.6957356929779053,
3_001_20200723_043308(5),3.3312976360321045,210.0,129.0,97.0,32.0,52413,1,1band,3,2020-07-23,False,0.5850539207458496,
1_002_20200723_082303(8),1.1195060014724731,210.0,150.0,118.0,32.0,28146,1,1band,1,2020-07-23,False,0.7339810132980347,
1_002_20200723_082309(9),1.1391674280166626,210.0,147.0,121.0,26.0,27810,1,1band,1,2020-07-23,False,0.7245398163795471,
2_002_20200723_082414(2),1.4788180589675903,208.0,112.0,81.0,31.0,28811,1,1band,2,2020-07-23,False,0.7354986071586609,
2_002_20200723_082418(9),1.4825999736785889,208.0,110.0,79.0,31.0,28564,1,1band,2,2020-07-23,False,0.7231582999229431,
3_001_20200723_082647(1),3.2889480590820312,210.0,128.0,98.0,30.0,52286,1,1band,3,2020-07-23,False,0.604262113571167,
3_001_20200723_082651(6),3.3161799907684326,210.0,129.0,97.0,32.0,52890,1,1band,3,2020-07-23,False,0.6328878998756409,
1_002_20200723_123129(3),1.1951584815979004,210.0,147.0,120.0,27.0,27951,1,1band,1,2020-07-23,False,0.7400352954864502,
1_002_20200723_123133(9),1.1497650146484375,210.0,148.0,120.0,28.0,27799,1,1band,1,2020-07-23,False,0.7229161262512207,
2_002_20200723_123231(8),1.5431156158447266,207.0,110.0,77.0,33.0,28797,1,1band,2,2020-07-23,False,0.7314000725746155,
2_002_20200723_123236(1),1.4478034973144531,208.0,109.0,77.0,32.0,28749,1,1band,2,2020-07-23,False,0.7327819466590881,
3_001_20200723_123426(4),3.3872859477996826,210.0,128.0,98.0,30.0,52557,1,1band,3,2020-07-23,False,0.6102087497711182,
3_001_20200723_123428(2),3.328282594680786,210.0,130.0,97.0,33.0,52768,1,1band,3,2020-07-23,False,0.6741788983345032,
1_002_20200723_162937(5),1.1679185628890991,210.0,146.0,114.0,32.0,26902,1,1band,1,2020-07-23,False,0.7271726131439209,
1_002_20200723_162948(2),1.26248300075531,210.0,147.0,120.0,27.0,27968,1,1band,1,2020-07-23,False,0.722933292388916,
2_002_20200723_163042(4),1.4704968929290771,208.0,106.0,76.0,30.0,27982,1,1band,2,2020-07-23,False,0.726972222328186,
2_002_20200723_163045(7),1.4220843315124512,207.0,104.0,74.0,30.0,27366,1,1band,2,2020-07-23,False,0.7225295305252075,
3_001_20200723_163233(0),3.385772466659546,210.0,127.0,97.0,30.0,51392,1,1band,3,2020-07-23,False,0.526016116142273,
3_001_20200723_163243(6),3.567319393157959,210.0,128.0,98.0,30.0,52315,1,1band,3,2020-07-23,False,0.5885095000267029,
1_002_20200723_203129(9),1.1437122821807861,210.0,148.0,120.0,28.0,27990,1,1band,1,2020-07-23,False,0.7297861576080322,
1_002_20200723_203134(3),1.1527889966964722,210.0,148.0,118.0,30.0,27873,1,1band,1,2020-07-23,False,0.730749249458313,
2_002_20200723_203159(2),1.5128577947616577,208.0,110.0,77.0,33.0,28573,1,1band,2,2020-07-23,False,0.7331830859184265,
2_002_20200723_203202(3),1.479574203491211,208.0,111.0,78.0,33.0,28540,1,1band,2,2020-07-23,False,0.7395761609077454,
3_001_20200723_203353(2),3.43569278717041,210.0,128.0,97.0,31.0,52290,1,1band,3,2020-07-23,False,0.7042969465255737,
3_001_20200723_203357(7),3.314667224884033,210.0,128.0,97.0,31.0,52208,1,1band,3,2020-07-23,False,0.4922178089618683,
2_002_20200724_003143(3),1.445534586906433,208.0,113.0,80.0,33.0,29094,1,1band,2,2020-07-24,False,0.7277326583862305,
2_002_20200724_003148(0),1.4791964292526245,209.0,113.0,78.0,35.0,29028,1,1band,2,2020-07-24,False,0.7216973900794983,
1_002_20200724_003201(9),1.1618669033050537,210.0,148.0,121.0,27.0,28272,1,1band,1,2020-07-24,False,0.7298077940940857,
3_001_20200724_003201(1),3.505290985107422,210.0,127.0,95.0,32.0,51997,1,1band,3,2020-07-24,False,0.6364554762840271,
1_002_20200724_003206(4),1.089259386062622,210.0,150.0,121.0,29.0,28340,1,1band,1,2020-07-24,False,0.7148973345756531,
3_001_20200724_003210(1),3.3025693893432617,210.0,129.0,97.0,32.0,52692,1,1band,3,2020-07-24,False,0.6624770760536194,
1_002_20200727_091655(1),1.1346461772918701,210.0,147.0,115.0,32.0,28913,1,1band,1,2020-07-27,False,0.7411754131317139,
1_002_20200727_091657(1),1.186084508895874,210.0,147.0,116.0,31.0,29368,1,1band,1,2020-07-27,False,0.7196900248527527,
2_002_20200727_091734(5),1.5128577947616577,206.0,110.0,79.0,31.0,29142,1,1band,2,2020-07-27,False,0.7374064326286316,
2_002_20200727_091737(7),1.4984853267669678,207.0,112.0,80.0,32.0,29558,1,1band,2,2020-07-27,False,0.7285011410713196,
3_001_20200727_091913(0),3.331310272216797,210.0,127.0,96.0,31.0,51271,1,1band,3,2020-07-27,False,0.5392909049987793,
3_001_20200727_091915(2),3.133131980895996,210.0,132.0,104.0,28.0,53617,1,1band,3,2020-07-27,False,0.577392041683197,
1_002_20200727_110524(7),1.4372121095657349,210.0,148.0,,,6169,0,no_band,1,2020-07-27,False,0.0019221088150516,
1_002_20200727_110529(6),1.4009038209915161,210.0,139.0,,,25955,0,no_band,1,2020-07-27,False,0.0049550738185644,
1_002_20200727_110632(2),1.4039227962493896,210.0,142.0,,,11962,0,no_band,1,2020-07-27,False,0.0067251161672174,
1_002_20200727_110645(7),1.3797335624694824,210.0,139.0,,,15012,0,no_band,1,2020-07-27,False,0.0,
1_002_20200727_110753(2),1.4160304069519043,210.0,138.0,,,21853,0,no_band,1,2020-07-27,False,0.0,
1_002_20200727_110806(8),1.4644384384155273,210.0,138.0,,,19546,0,no_band,1,2020-07-27,False,0.0,
1_002_20200727_110914(3),1.5476435422897339,210.0,137.0,,,23034,0,no_band,1,2020-07-27,False,0.0,
1_002_20200727_111038(1),0.0,210.0,,,,0,0,no_band,1,2020-07-27,False,0.0,
1_002_20200727_111132(2),1.4326932430267334,210.0,143.0,,,7980,0,no_band,1,2020-07-27,False,0.0,
1_002_20200727_111239(7),1.3313051462173462,210.0,145.0,,,13111,0,no_band,1,2020-07-27,False,0.0,
1_002_20200727_111347(3),1.4765371084213257,210.0,138.0,,,21769,0,no_band,1,2020-07-27,False,0.0,
1_002_20200727_111441(3),1.3857715129852295,210.0,137.0,,,24624,0,no_band,1,2020-07-27,False,0.0,
1_002_20200727_111454(8),1.4372131824493408,210.0,137.0,,,25280,0,no_band,1,2020-07-27,False,0.0,
1_002_20200727_111648(3),0.8169276118278503,210.0,182.0,,,219,0,no_band,1,2020-07-27,False,0.0,
1_002_20200727_111742(3),1.5431156158447266,210.0,150.0,,,4903,0,no_band,1,2020-07-27,False,0.0,
1_002_20200727_111849(9),1.254152774810791,210.0,149.0,,,15248,0,no_band,1,2020-07-27,False,0.0,
1_002_20200727_111943(9),1.3388781547546387,210.0,140.0,,,20822,0,no_band,1,2020-07-27,False,0.0,
1_002_20200727_112037(9),1.3978803157806396,210.0,138.0,,,23929,0,no_band,1,2020-07-27,False,0.0,
1_002_20200727_112148(2),0.8471967577934265,210.0,181.0,,,347,0,no_band,1,2020-07-27,False,0.0,
1_002_20200727_112242(2),0.0,210.0,,,,0,0,no_band,1,2020-07-27,False,0.0,
1_002_20200727_112336(2),1.195156216621399,210.0,150.0,,,4531,0,no_band,1,2020-07-27,False,0.0,
1_002_20200727_112341(2),1.4674749374389648,210.0,137.0,,,26198,0,no_band,1,2020-07-27,False,0.0066742966882884,
1_002_20200727_112430(3),1.3888040781021118,210.0,142.0,,,11481,0,no_band,1,2020-07-27,False,0.0,
1_002_20200727_112443(8),1.3751908540725708,210.0,144.0,,,9621,0,no_band,1,2020-07-27,False,0.0,
1_002_20200727_112537(8),1.3767099380493164,210.0,141.0,,,16186,0,no_band,1,2020-07-27,False,0.0022689828183501,
1_002_20200727_112631(9),1.3767144680023193,210.0,140.0,,,19284,0,no_band,1,2020-07-27,False,0.0,
1_002_20200727_112645(4),1.422095537185669,210.0,140.0,,,25143,0,no_band,1,2020-07-27,False,0.0,
1_002_20200727_112930(2),0.5332901477813721,210.0,180.0,178.0,2.0,643,1,1band,1,2020-07-27,False,0.0,
1_002_20200727_112943(7),0.0,210.0,179.0,175.0,4.0,727,1,1band,1,2020-07-27,False,0.0,
1_002_20200727_113037(7),1.2425673007965088,210.0,154.0,,,5164,0,no_band,1,2020-07-27,False,0.0,
1_002_20200727_113131(8),1.394840955734253,210.0,143.0,,,10978,0,no_band,1,2020-07-27,False,0.0,
1_002_20200727_113239(4),1.346454381942749,210.0,143.0,,,17900,0,no_band,1,2020-07-27,False,0.0010831077815964,
1_002_20200727_113333(4),1.3358495235443115,210.0,141.0,,,21901,0,no_band,1,2020-07-27,False,0.0,
1_002_20200727_113346(9),1.4508332014083862,210.0,139.0,,,25914,0,no_band,1,2020-07-27,False,0.0,
1_002_20200727_113747(4),0.45386072993278503,210.0,174.0,154.0,20.0,2070,1,1band,1,2020-07-27,False,0.0,
1_002_20200727_113854(9),1.4674654006958008,210.0,140.0,,,13815,0,no_band,1,2020-07-27,False,0.0,
1_002_20200727_113908(4),1.406955361366272,210.0,139.0,,,16171,0,no_band,1,2020-07-27,False,0.0,
1_002_20200727_114002(5),1.458389163017273,210.0,136.0,,,22141,0,no_band,1,2020-07-27,False,0.0,
1_002_20200727_114016(0),1.5370663404464722,210.0,134.0,,,23880,0,no_band,1,2020-07-27,False,0.0,
1_002_20200727_114123(5),1.4780539274215698,210.0,137.0,,,25945,0,no_band,1,2020-07-27,False,0.0,
1_002_20200727_114126(2),0.8320735096931458,210.0,182.0,,,232,0,no_band,1,2020-07-27,False,0.0,
1_002_20200727_114220(2),1.487632393836975,210.0,151.0,,,3749,0,no_band,1,2020-07-27,False,0.0,
1_002_20200727_114405(6),0.5174018144607544,210.0,172.0,150.0,22.0,2485,1,1band,1,2020-07-27,False,0.0,
1_002_20200727_114459(7),1.2793687582015991,210.0,151.0,,,7103,0,no_band,1,2020-07-27,False,0.0,
1_002_20200727_114513(1),1.3797210454940796,210.0,146.0,,,10248,0,no_band,1,2020-07-27,False,0.0,
1_002_20200727_114607(2),1.4281381368637085,210.0,142.0,,,15020,0,no_band,1,2020-07-27,False,0.0,
1_002_20200727_114714(8),1.465211033821106,210.0,137.0,,,19075,0,no_band,1,2020-07-27,False,0.0,
1_002_20200727_114822(4),1.5037838220596313,210.0,136.0,,,23683,0,no_band,1,2020-07-27,False,0.0,
1_002_20200727_115040(1),0.7863115072250366,210.0,177.0,163.0,14.0,1648,1,1band,1,2020-07-27,False,0.0,
1_002_20200727_115147(7),1.2814029455184937,210.0,147.0,,,9048,0,no_band,1,2020-07-27,False,0.0,
1_002_20200727_115201(2),1.3993937969207764,210.0,145.0,134.0,11.0,8143,1,1band,1,2020-07-27,False,0.0,
1_002_20200727_115255(2),1.4372074604034424,210.0,140.0,,,15564,0,no_band,1,2020-07-27,False,0.0,
1_002_20200727_115308(8),1.4621778726577759,210.0,137.0,,,18549,0,no_band,1,2020-07-27,False,0.0,
1_002_20200727_115402(8),1.5219385623931885,210.0,136.0,,,23694,0,no_band,1,2020-07-27,False,0.0,
1_002_20200727_115416(3),1.5279901027679443,210.0,136.0,,,23396,0,no_band,1,2020-07-27,False,0.0,
1_002_20200727_115510(3),1.3963804244995117,210.0,137.0,,,24891,0,no_band,1,2020-07-27,False,0.0,
1_002_20200727_115526(5),0.0,210.0,,,,0,0,no_band,1,2020-07-27,False,0.0,
1_002_20200727_115620(5),1.428125262260437,210.0,151.0,,,4197,0,no_band,1,2020-07-27,False,0.0,
1_002_20200727_115634(1),1.3888007402420044,210.0,148.0,,,6204,0,no_band,1,2020-07-27,False,0.0,
1_002_20200727_115728(1),1.4311672449111938,210.0,143.0,,,9336,0,no_band,1,2020-07-27,False,0.0,
1_002_20200727_115741(6),1.3918263912200928,210.0,140.0,,,11947,0,no_band,1,2020-07-27,False,0.0,
1_002_20200727_115822(2),1.3956103324890137,210.0,143.0,,,12712,0,no_band,1,2020-07-27,False,0.0,
1_002_20200727_115835(7),1.3797210454940796,210.0,142.0,,,13731,0,no_band,1,2020-07-27,False,0.0,
1_002_20200727_115929(8),1.429657220840454,210.0,140.0,,,14987,0,no_band,1,2020-07-27,False,0.0,
1_002_20200727_120023(8),1.4447691440582275,210.0,135.0,,,23140,0,no_band,1,2020-07-27,False,0.0,
1_002_20200727_120134(0),0.0,210.0,,,,0,0,no_band,1,2020-07-27,False,0.0,
1_002_20200727_120228(0),0.0,210.0,,,,0,0,no_band,1,2020-07-27,False,0.0,
1_002_20200727_120322(1),1.2360002994537354,210.0,153.0,,,5274,0,no_band,1,2020-07-27,False,0.0,
1_002_20200727_120429(7),1.406955361366272,210.0,143.0,,,15624,0,no_band,1,2020-07-27,False,0.0,
1_002_20200727_120523(7),1.3494700193405151,210.0,142.0,,,18855,0,no_band,1,2020-07-27,False,0.0,
1_002_20200727_120631(2),1.3464341163635254,210.0,140.0,,,25493,0,no_band,1,2020-07-27,False,0.0,
1_002_20200727_120835(5),0.511841893196106,210.0,175.0,153.0,22.0,2139,1,1band,1,2020-07-27,False,0.0,
1_002_20200727_120943(0),1.2793909311294556,210.0,151.0,,,4792,0,no_band,1,2020-07-27,False,0.0,
1_002_20200727_121037(1),1.3888086080551147,210.0,144.0,,,10129,0,no_band,1,2020-07-27,False,0.0,
1_002_20200727_121131(2),1.3751846551895142,210.0,143.0,,,11986,0,no_band,1,2020-07-27,False,0.0,
1_002_20200727_121144(7),1.366113543510437,210.0,141.0,,,16946,0,no_band,1,2020-07-27,False,0.0,
1_002_20200727_121238(7),1.3918207883834839,210.0,140.0,,,20289,0,no_band,1,2020-07-27,False,0.0,
1_002_20200727_121332(7),1.409980058670044,210.0,139.0,,,23848,0,no_band,1,2020-07-27,False,0.0,
1_002_20200727_121537(1),0.0,210.0,,,,0,0,no_band,1,2020-07-27,False,0.0,
1_002_20200727_121541(9),1.4462904930114746,210.0,138.0,,,25949,0,no_band,1,2020-07-27,False,0.001635045511648,
1_002_20200727_121631(1),1.473522663116455,210.0,148.0,,,5687,0,no_band,1,2020-07-27,False,0.0,
1_002_20200727_121725(1),1.2708064317703247,210.0,150.0,,,9007,0,no_band,1,2020-07-27,False,0.0,
1_002_20200727_121819(1),1.4160372018814087,210.0,138.0,,,23011,0,no_band,1,2020-07-27,False,0.0,
1_002_20200727_121913(2),1.4039182662963867,210.0,139.0,,,25820,0,no_band,1,2020-07-27,False,0.0,
1_002_20200727_121926(7),1.4341919422149658,210.0,138.0,,,25014,0,no_band,1,2020-07-27,False,0.0,
1_002_20200727_122023(4),0.0,210.0,179.0,174.0,5.0,776,1,1band,1,2020-07-27,False,0.0,
1_002_20200727_122117(5),1.0287278890609741,210.0,159.0,153.0,6.0,3574,1,1band,1,2020-07-27,False,0.0,
1_002_20200727_122131(0),1.2793687582015991,210.0,151.0,,,6398,0,no_band,1,2020-07-27,False,0.0,
1_002_20200727_122225(0),1.3358681201934814,210.0,143.0,,,12552,0,no_band,1,2020-07-27,False,0.0,
1_002_20200727_122319(0),1.3555057048797607,210.0,142.0,,,15084,0,no_band,1,2020-07-27,False,0.0,
1_002_20200727_122332(6),1.3857793807983398,210.0,142.0,,,17269,0,no_band,1,2020-07-27,False,0.0,
1_002_20200727_122413(1),1.3736763000488281,210.0,142.0,,,20011,0,no_band,1,2020-07-27,False,0.0,
1_002_20200727_122426(6),1.3963651657104492,210.0,141.0,,,22456,0,no_band,1,2020-07-27,False,0.0,
1_002_20200727_122630(9),0.0,210.0,,,,0,0,no_band,1,2020-07-27,False,0.0,
1_002_20200727_122724(9),0.9077161550521851,210.0,160.0,154.0,6.0,3170,1,1band,1,2020-07-27,False,0.0,
1_002_20200727_122819(0),1.3615776300430298,210.0,148.0,,,7776,0,no_band,1,2020-07-27,False,0.0,
1_002_20200727_122832(5),1.3091334104537964,210.0,151.0,,,5969,0,no_band,1,2020-07-27,False,0.0,
1_002_20200727_122926(5),1.496212124824524,210.0,143.0,,,9501,0,no_band,1,2020-07-27,False,0.0,
1_002_20200727_122940(0),1.3585394620895386,210.0,144.0,,,15100,0,no_band,1,2020-07-27,False,0.0,
1_002_20200727_123034(0),1.3736717700958252,210.0,142.0,,,15495,0,no_band,1,2020-07-27,False,0.0,
1_002_20200727_123047(6),1.4614229202270508,210.0,136.0,,,18198,0,no_band,1,2020-07-27,False,0.0,
3_001_20200727_123118(0),3.4160306453704834,210.0,129.0,99.0,30.0,52144,1,1band,3,2020-07-27,False,0.6978433728218079,
3_001_20200727_123121(5),3.2980475425720215,210.0,130.0,99.0,31.0,52653,1,1band,3,2020-07-27,False,0.6910156011581421,
1_002_20200727_123141(6),1.3161818981170654,210.0,141.0,,,26062,0,no_band,1,2020-07-27,False,0.0,
1_002_20200727_123155(1),1.4402390718460083,210.0,137.0,,,25566,0,no_band,1,2020-07-27,False,0.0,
2_002_20200727_123224(5),1.4773051738739014,210.0,112.0,79.0,33.0,28729,1,1band,2,2020-07-27,False,0.7403898239135742,
2_002_20200727_123227(4),1.5397117137908936,209.0,111.0,79.0,32.0,28721,1,1band,2,2020-07-27,False,0.7305878400802612,
1_002_20200727_123300(5),1.3343478441238403,210.0,147.0,118.0,29.0,28844,1,1band,1,2020-07-27,False,0.7239472270011902,
1_002_20200727_123306(5),1.2874431610107422,210.0,147.0,120.0,27.0,28725,1,1band,1,2020-07-27,False,0.6929839849472046,
1_002_20200727_123318(9),0.0,210.0,176.0,162.0,14.0,1826,1,1band,1,2020-07-27,False,0.0,
2_002_20200727_163325(2),1.5132360458374023,210.0,111.0,80.0,31.0,28544,1,1band,2,2020-07-27,False,0.7351899743080139,
2_002_20200727_163329(7),1.4803309440612793,210.0,112.0,81.0,31.0,28623,1,1band,2,2020-07-27,False,0.7358194589614868,
1_002_20200727_163511(2),1.2768466472625732,210.0,147.0,121.0,26.0,28596,1,1band,1,2020-07-27,False,0.7102037072181702,
1_002_20200727_163515(3),1.2647355794906616,210.0,147.0,117.0,30.0,28517,1,1band,1,2020-07-27,False,0.7257511615753174,
3_001_20200727_163532(4),3.237509250640869,210.0,130.0,100.0,30.0,52039,1,1band,3,2020-07-27,False,0.6123554110527039,
3_001_20200727_163538(3),3.2768449783325195,210.0,129.0,98.0,31.0,51618,1,1band,3,2020-07-27,False,0.4965332150459289,
1_002_20200727_204612(5),1.223884105682373,210.0,149.0,120.0,29.0,28132,1,1band,1,2020-07-27,False,0.715202808380127,
1_002_20200727_204634(7),1.2601935863494873,210.0,148.0,120.0,28.0,27839,1,1band,1,2020-07-27,False,0.7111412286758423,
2_002_20200727_204743(0),1.45234215259552,210.0,110.0,80.0,30.0,28786,1,1band,2,2020-07-27,False,0.7265171408653259,
2_002_20200727_204746(6),1.5504907369613647,210.0,113.0,81.0,32.0,28994,1,1band,2,2020-07-27,False,0.7399343848228455,
3_001_20200727_204954(7),3.139561653137207,210.0,131.0,102.0,29.0,52904,1,1band,3,2020-07-27,True,,0.6888478994369507
3_001_20200727_204958(2),3.190600633621216,210.0,132.0,100.0,32.0,53075,1,1band,3,2020-07-27,True,,0.7172819375991821
1_002_20200728_014051(7),1.2889611721038818,210.0,147.0,116.0,31.0,28717,1,1band,1,2020-07-28,False,0.6991587281227112,
1_002_20200728_014055(8),1.2904644012451172,210.0,147.0,118.0,29.0,28325,1,1band,1,2020-07-28,False,0.73673015832901,
2_002_20200728_014158(9),1.452343463897705,210.0,114.0,83.0,31.0,28794,1,1band,2,2020-07-28,False,0.7284982800483704,
2_002_20200728_014203(2),1.4245058298110962,210.0,114.0,80.0,34.0,29014,1,1band,2,2020-07-28,False,0.726365327835083,
3_001_20200728_014351(3),3.1996989250183105,210.0,131.0,100.0,31.0,52828,1,1band,3,2020-07-28,True,,0.7432071566581726
3_001_20200728_014355(2),3.2889373302459717,210.0,131.0,101.0,30.0,52565,1,1band,3,2020-07-28,True,,0.7599218487739563
3_001_20200728_043138(3),3.328282594680786,210.0,130.0,102.0,28.0,52440,1,1band,3,2020-07-28,True,,0.7199523448944092
3_001_20200728_043141(5),3.2617154121398926,210.0,129.0,99.0,30.0,51834,1,1band,3,2020-07-28,True,,0.7097560167312622
2_002_20200728_043429(7),1.4825999736785889,210.0,110.0,78.0,32.0,28634,1,1band,2,2020-07-28,False,0.7209264039993286,
2_002_20200728_043435(6),1.438122034072876,210.0,113.0,82.0,31.0,29041,1,1band,2,2020-07-28,False,0.7167497873306274,
1_002_20200728_043519(6),1.3298041820526123,210.0,147.0,117.0,30.0,28590,1,1band,1,2020-07-28,False,0.6949306130409241,
1_002_20200728_043558(2),1.2813870906829834,210.0,147.0,115.0,32.0,28479,1,1band,1,2020-07-28,False,0.6810706853866577,
2_002_20200728_083031(3),1.4813909530639648,210.0,114.0,84.0,30.0,28765,1,1band,2,2020-07-28,False,0.7314763069152832,
2_002_20200728_083035(2),1.4659597873687744,210.0,115.0,84.0,31.0,28819,1,1band,2,2020-07-28,False,0.7379165291786194,
1_002_20200728_083046(1),1.27230966091156,210.0,147.0,121.0,26.0,28554,1,1band,1,2020-07-28,False,0.7299416661262512,
1_002_20200728_083049(8),1.343402624130249,210.0,147.0,121.0,26.0,28630,1,1band,1,2020-07-28,False,0.7201309204101562,
3_001_20200728_083108(2),3.2980360984802246,210.0,130.0,98.0,32.0,52567,1,1band,3,2020-07-28,True,,0.7030472159385681
3_001_20200728_083116(1),3.288947343826294,210.0,128.0,97.0,31.0,51175,1,1band,3,2020-07-28,True,,0.6777883768081665
2_002_20200728_123102(5),1.3797250986099243,210.0,115.0,83.0,32.0,28989,1,1band,2,2020-07-28,False,0.7274977564811707,
2_002_20200728_123106(5),1.3942484855651855,210.0,114.0,83.0,31.0,28908,1,1band,2,2020-07-28,False,0.7332574725151062,
3_001_20200728_123129(2),3.169440984725952,210.0,131.0,100.0,31.0,52656,1,1band,3,2020-07-28,True,,0.6435898542404175
3_001_20200728_123132(4),3.4190561771392822,210.0,130.0,99.0,31.0,52449,1,1band,3,2020-07-28,True,,0.769169270992279
1_002_20200728_123133(9),1.3131561279296875,210.0,147.0,119.0,28.0,28629,1,1band,1,2020-07-28,False,0.7266237735748291,
1_002_20200728_123137(7),1.2632300853729248,210.0,149.0,117.0,32.0,28788,1,1band,1,2020-07-28,False,0.7084200382232666,
1_002_20200728_163521(8),1.3086156845092773,210.0,147.0,117.0,30.0,28183,1,1band,1,2020-07-28,False,0.6958493590354919,
1_002_20200728_163525(0),1.269291877746582,210.0,147.0,116.0,31.0,28180,1,1band,1,2020-07-28,False,0.7026432752609253,
2_002_20200728_163706(6),1.4296516180038452,210.0,115.0,83.0,32.0,29004,1,1band,2,2020-07-28,False,0.734900951385498,
2_002_20200728_163710(5),1.4232959747314453,210.0,114.0,84.0,30.0,29012,1,1band,2,2020-07-28,False,0.7196147441864014,
3_001_20200728_163910(5),3.1921279430389404,210.0,130.0,101.0,29.0,52761,1,1band,3,2020-07-28,True,,0.6169698238372803
3_001_20200728_163913(6),3.0798025131225586,210.0,131.0,101.0,30.0,52876,1,1band,3,2020-07-28,True,,0.7287501692771912
2_002_20200810_084910(4),1.6193667650222778,210.0,114.0,85.0,29.0,29087,1,1band,2,2020-08-10,False,0.7302913665771484,
2_002_20200810_084913(2),1.6036313772201538,210.0,115.0,83.0,32.0,28946,1,1band,2,2020-08-10,False,0.7267656326293945,
3_001_20200810_085043(8),3.6308610439300537,210.0,130.0,97.0,33.0,52482,1,1band,3,2020-08-10,True,,0.7136023044586182
3_001_20200810_085047(2),3.5991010665893555,210.0,129.0,97.0,32.0,52333,1,1band,3,2020-08-10,False,0.6833181977272034,
2_002_20200810_123005(5),1.5945539474487305,210.0,116.0,83.0,33.0,28222,1,1band,2,2020-08-10,False,0.7339808344841003,
2_002_20200810_123009(4),1.6928919553756714,210.0,117.0,84.0,33.0,28482,1,1band,2,2020-08-10,False,0.7247257232666016,
3_001_20200810_123047(8),3.5862207412719727,210.0,131.0,95.0,36.0,52782,1,1band,3,2020-08-10,True,,0.7459604740142822
3_001_20200810_123051(3),3.7685341835021973,210.0,127.0,95.0,32.0,51350,1,1band,3,2020-08-10,True,,0.6135839223861694
2_002_20200810_163043(1),1.4913771152496338,210.0,117.0,86.0,31.0,28575,1,1band,2,2020-08-10,False,0.7314176559448242,
2_002_20200810_163047(0),1.5757964849472046,210.0,117.0,87.0,30.0,28674,1,1band,2,2020-08-10,False,0.7339390516281128,
3_001_20200810_163112(8),3.6482603549957275,210.0,131.0,96.0,35.0,53061,2,3band,3,2020-08-10,True,,0.7188238501548767
3_001_20200810_163116(0),3.714059352874756,210.0,129.0,97.0,32.0,52495,1,1band,3,2020-08-10,True,,0.7734759449958801
1_002_20200810_202919(7),1.267013669013977,210.0,151.0,122.0,29.0,28422,1,1band,1,2020-08-10,False,0.736582338809967,
1_002_20200810_202923(8),1.2793687582015991,210.0,151.0,122.0,29.0,28580,1,1band,1,2020-08-10,False,0.7149121165275574,
2_002_20200810_203016(8),1.6187517642974854,210.0,115.0,85.0,30.0,28607,1,1band,2,2020-08-10,False,0.719778835773468,
2_002_20200810_203020(9),1.6202731132507324,210.0,117.0,86.0,31.0,28504,1,1band,2,2020-08-10,False,0.7268690466880798,
3_001_20200810_203208(7),3.535548686981201,210.0,129.0,97.0,32.0,52411,1,1band,3,2020-08-10,True,,0.7282163500785828
3_001_20200810_203212(6),3.6913766860961914,210.0,130.0,98.0,32.0,52580,1,1band,3,2020-08-10,True,,0.6340305209159851
2_002_20200811_002929(3),1.6556652784347534,210.0,114.0,83.0,31.0,28222,1,1band,2,2020-08-11,False,0.7085528373718262,
2_002_20200811_002936(8),1.6435617208480835,210.0,113.0,82.0,31.0,28398,2,3band,2,2020-08-11,False,0.7232663631439209,
1_002_20200811_003007(9),1.4281381368637085,210.0,147.0,118.0,29.0,28308,1,1band,1,2020-08-11,False,0.734187662601471,
1_002_20200811_003029(6),1.368383765220642,210.0,147.0,119.0,28.0,28270,1,1band,1,2020-08-11,False,0.731236457824707,
3_001_20200811_003323(2),3.570345401763916,210.0,130.0,100.0,30.0,52189,1,1band,3,2020-08-11,True,,0.6309616565704346
3_001_20200811_003327(0),3.574129343032837,210.0,132.0,104.0,28.0,52807,1,1band,3,2020-08-11,True,,0.6946339011192322
1_002_20200811_043034(0),1.3040786981582642,210.0,148.0,122.0,26.0,28660,1,1band,1,2020-08-11,False,0.7286630272865295,
3_001_20200811_043037(3),3.7397892475128174,210.0,128.0,97.0,31.0,51277,1,1band,3,2020-08-11,True,,0.6955244541168213
1_002_20200811_043038(0),1.3313220739364624,210.0,149.0,121.0,28.0,28338,1,1band,1,2020-08-11,False,0.7334020733833313,
3_001_20200811_043041(6),3.645995616912842,210.0,130.0,101.0,29.0,52169,2,3band,3,2020-08-11,True,,0.6538989543914795
1_002_20200814_032746(6),1.3010755777359009,210.0,150.0,121.0,29.0,28701,1,1band,1,2020-08-14,False,0.7257564663887024,
1_002_20200814_032749(8),1.2798736095428467,210.0,151.0,122.0,29.0,28856,1,1band,1,2020-08-14,False,0.7276086807250977,
2_002_20200814_032826(3),1.5703517198562622,210.0,117.0,87.0,30.0,29383,1,1band,2,2020-08-14,False,0.7259055972099304,
2_002_20200814_032835(5),1.6060528755187988,210.0,114.0,84.0,30.0,29465,1,1band,2,2020-08-14,False,0.7346727252006531,
3_001_20200814_033012(7),3.665651321411133,210.0,128.0,98.0,30.0,52274,1,1band,3,2020-08-14,True,,
3_001_20200814_033016(6),3.423586368560791,210.0,132.0,100.0,32.0,54048,1,1band,3,2020-08-14,True,,
1_002_20200814_042920(3),1.3615686893463135,210.0,150.0,123.0,27.0,28417,1,1band,1,2020-08-14,False,0.7330173850059509,
1_002_20200814_042924(9),1.379722237586975,210.0,148.0,120.0,28.0,27796,1,1band,1,2020-08-14,False,0.7293716669082642,
2_002_20200814_043103(6),1.5733734369277954,210.0,115.0,83.0,32.0,29077,1,1band,2,2020-08-14,False,0.7309841513633728,
2_002_20200814_043115(5),1.5443272590637207,210.0,114.0,83.0,31.0,28596,1,1band,2,2020-08-14,False,0.7239441871643066,
3_001_20200814_043321(6),3.503779411315918,210.0,132.0,100.0,32.0,53333,1,1band,3,2020-08-14,True,,
3_001_20200814_043345(8),3.630849599838257,210.0,130.0,99.0,31.0,52312,1,1band,3,2020-08-14,False,0.6415143013000488,
3_001_20200814_083045(8),3.4988622665405273,210.0,131.0,98.0,33.0,53112,1,1band,3,2020-08-14,True,,
3_001_20200814_083051(9),3.5400874614715576,210.0,130.0,98.0,32.0,52856,1,1band,3,2020-08-14,True,,
2_002_20200814_083411(8),1.5007545948028564,210.0,116.0,83.0,33.0,28720,1,1band,2,2020-08-14,False,0.7154954075813293,
2_002_20200814_083414(7),1.4947047233581543,210.0,115.0,84.0,31.0,28635,1,1band,2,2020-08-14,False,0.7196205258369446,
1_002_20200814_083424(4),1.3313220739364624,210.0,150.0,122.0,28.0,28143,1,1band,1,2020-08-14,False,0.7245631814002991,
1_002_20200814_083428(5),1.2859364748001099,210.0,152.0,122.0,30.0,28358,1,1band,1,2020-08-14,False,0.7361561059951782,
3_001_20200814_123136(2),3.742804765701294,210.0,128.0,96.0,32.0,52025,1,1band,3,2020-08-14,True,,
3_001_20200814_123143(5),3.6656463146209717,210.0,129.0,97.0,32.0,52176,1,1band,3,2020-08-14,True,,
2_002_20200814_123224(3),1.597581148147583,210.0,114.0,82.0,32.0,28332,1,1band,2,2020-08-14,False,0.7441847324371338,
2_002_20200814_123228(8),1.539486050605774,210.0,114.0,84.0,30.0,28582,1,1band,2,2020-08-14,False,0.7267624735832214,
1_002_20200814_123337(2),1.309384822845459,210.0,151.0,122.0,29.0,28132,1,1band,1,2020-08-14,False,0.7376373410224915,
1_002_20200814_123341(8),1.2793909311294556,210.0,151.0,122.0,29.0,28202,1,1band,1,2020-08-14,False,0.7296785712242126,
3_001_20200814_163101(7),3.6773722171783447,210.0,131.0,99.0,32.0,52377,1,1band,3,2020-08-14,True,,
3_001_20200814_163105(1),3.5574755668640137,210.0,131.0,99.0,32.0,52128,1,1band,3,2020-08-14,True,,
2_002_20200814_163309(9),1.4856277704238892,210.0,117.0,86.0,31.0,28320,1,1band,2,2020-08-14,False,0.7368751168251038,
2_002_20200814_163312(9),1.5930370092391968,210.0,117.0,85.0,32.0,28413,1,1band,2,2020-08-14,False,0.721035897731781,
1_002_20200814_163500(4),1.2576844692230225,210.0,152.0,122.0,30.0,28148,1,1band,1,2020-08-14,False,0.740257978439331,
1_002_20200814_163506(3),1.2344970703125,210.0,152.0,123.0,29.0,28210,1,1band,1,2020-08-14,False,0.7314678430557251,
1_002_20200814_203159(5),1.3025777339935303,210.0,151.0,121.0,30.0,28224,1,1band,1,2020-08-14,False,0.7190198302268982,
1_002_20200814_203205(7),1.3313220739364624,210.0,150.0,120.0,30.0,27697,1,1band,1,2020-08-14,False,0.6962226033210754,
2_002_20200814_203248(3),1.6248078346252441,210.0,117.0,85.0,32.0,28326,1,1band,2,2020-08-14,False,0.7271763682365417,
2_002_20200814_203255(7),1.6036312580108643,210.0,117.0,87.0,30.0,28510,1,1band,2,2020-08-14,False,0.726580798625946,
3_001_20200814_203438(9),3.45536732673645,210.0,132.0,101.0,31.0,53232,1,1band,3,2020-08-14,True,,
3_001_20200814_203442(4),3.5915257930755615,210.0,129.0,99.0,30.0,51386,1,1band,3,2020-08-14,True,,
2_002_20200815_003211(1),1.5915281772613525,210.0,117.0,87.0,30.0,28516,1,1band,2,2020-08-15,False,0.7287918329238892,
2_002_20200815_003217(4),1.5612703561782837,210.0,117.0,85.0,32.0,28478,1,1band,2,2020-08-15,False,0.7313348054885864,
3_001_20200815_003438(6),3.4088449478149414,210.0,131.0,102.0,29.0,53261,1,1band,3,2020-08-15,True,,0.6893221735954285
3_001_20200815_003529(0),3.5574867725372314,210.0,131.0,100.0,31.0,53163,1,1band,3,2020-08-15,True,,0.5448238253593445
1_002_20200818_082854(5),1.3630702495574951,210.0,147.0,122.0,25.0,28591,1,1band,1,2020-08-18,False,0.735799252986908,
1_002_20200818_082858(4),1.3396310806274414,210.0,148.0,116.0,32.0,28865,1,1band,1,2020-08-18,False,0.7189223170280457,
3_001_20200818_083145(2),3.2707903385162354,210.0,133.0,105.0,28.0,53797,1,1band,3,2020-08-18,True,,
3_001_20200818_083159(7),3.3581652641296387,210.0,133.0,106.0,27.0,53292,1,1band,3,2020-08-18,True,,
1_002_20200818_123358(2),1.3267714977264404,210.0,149.0,120.0,29.0,28321,1,1band,1,2020-08-18,False,0.7378033995628357,
1_002_20200818_123404(8),1.2708064317703247,210.0,150.0,122.0,28.0,28747,1,1band,1,2020-08-18,False,0.725551187992096,
2_002_20200818_123445(7),1.5939499139785767,210.0,113.0,83.0,30.0,29046,1,1band,2,2020-08-18,False,0.7064297795295715,
2_002_20200818_123452(1),1.601211667060852,210.0,114.0,82.0,32.0,28917,1,1band,2,2020-08-18,False,0.7395442128181458,
3_001_20200818_123634(4),3.370645523071289,210.0,132.0,101.0,31.0,53542,1,1band,3,2020-08-18,True,,
3_001_20200818_123638(1),3.400146961212158,210.0,132.0,103.0,29.0,52888,1,1band,3,2020-08-18,False,0.6334819793701172,
1_002_20200818_162920(4),1.249636173248291,210.0,149.0,121.0,28.0,28438,1,1band,1,2020-08-18,False,0.7267026305198669,
1_002_20200818_162926(0),1.2965145111083984,210.0,149.0,122.0,27.0,28489,1,1band,1,2020-08-18,False,0.7277459502220154,
2_002_20200818_163006(5),1.5866880416870117,210.0,113.0,82.0,31.0,28744,1,1band,2,2020-08-18,False,0.7294480204582214,
2_002_20200818_163014(5),1.4850214719772339,210.0,114.0,84.0,30.0,28942,1,1band,2,2020-08-18,False,0.7386197447776794,
3_001_20200818_163230(6),3.5884897708892822,210.0,131.0,99.0,32.0,52837,1,1band,3,2020-08-18,True,,
3_001_20200818_163233(9),3.570345401763916,210.0,130.0,99.0,31.0,52613,1,1band,3,2020-08-18,True,,
1_002_20200818_203120(5),1.2254208326339722,210.0,152.0,121.0,31.0,28631,1,1band,1,2020-08-18,False,0.7230400443077087,
1_002_20200818_203125(0),1.2284250259399414,210.0,152.0,119.0,33.0,28711,1,1band,1,2020-08-18,False,0.7360533475875854,
2_002_20200818_203329(0),1.5104384422302246,210.0,114.0,85.0,29.0,28809,1,1band,2,2020-08-18,False,0.7357486486434937,
2_002_20200818_203333(4),1.5090773105621338,210.0,115.0,85.0,30.0,28871,1,1band,2,2020-08-18,False,0.7334065437316895,
3_001_20200818_203601(4),3.72163462638855,210.0,130.0,99.0,31.0,52365,1,1band,3,2020-08-18,True,,
3_001_20200818_203607(4),3.7549068927764893,210.0,128.0,97.0,31.0,52106,1,1band,3,2020-08-18,True,,
3_001_20200819_003039(4),3.3971211910247803,210.0,132.0,101.0,31.0,53360,1,1band,3,2020-08-19,True,,0.6813080310821533
3_001_20200819_003044(1),3.378587245941162,210.0,131.0,100.0,31.0,53118,1,1band,3,2020-08-19,True,,0.5386717915534973
2_002_20200819_003211(0),1.6024969816207886,208.0,113.0,81.0,32.0,28819,1,1band,2,2020-08-19,False,0.7371625900268555,
2_002_20200819_003213(8),1.545952558517456,208.0,113.0,80.0,33.0,28941,1,1band,2,2020-08-19,False,0.7269622087478638,
1_002_20200819_003332(8),1.3161818981170654,210.0,149.0,122.0,27.0,28213,1,1band,1,2020-08-19,False,0.7226162552833557,
1_002_20200819_003335(8),1.3010529279708862,210.0,150.0,122.0,28.0,28615,1,1band,1,2020-08-19,False,0.7250106334686279,
3_001_20200819_043209(9),3.4848580360412598,210.0,132.0,101.0,31.0,53389,1,1band,3,2020-08-19,True,,0.7007908225059509
3_001_20200819_043216(0),3.642206907272339,210.0,127.0,95.0,32.0,51343,1,1band,3,2020-08-19,True,,0.6642964482307434
2_002_20200819_043343(8),1.596672773361206,210.0,113.0,81.0,32.0,28335,1,1band,2,2020-08-19,False,0.733330249786377,
2_002_20200819_043346(8),1.494704008102417,210.0,114.0,82.0,32.0,28365,1,1band,2,2020-08-19,False,0.7259678840637207,
1_002_20200819_043606(7),1.3010755777359009,210.0,150.0,122.0,28.0,28514,1,1band,1,2020-08-19,False,0.7166888117790222,
1_002_20200819_043611(2),1.2405372858047485,210.0,150.0,122.0,28.0,28789,1,1band,1,2020-08-19,False,0.7266783714294434,
1_002_20200819_083137(5),1.3312995433807373,210.0,150.0,120.0,30.0,28274,1,1band,1,2020-08-19,False,0.716944694519043,
1_002_20200819_083145(2),1.3091334104537964,210.0,151.0,122.0,29.0,28445,1,1band,1,2020-08-19,False,0.7256877422332764,
2_002_20200819_083326(7),1.4886515140533447,210.0,113.0,81.0,32.0,28716,1,1band,2,2020-08-19,False,0.7358823418617249,
2_002_20200819_083328(5),1.5612703561782837,210.0,114.0,83.0,31.0,28423,1,1band,2,2020-08-19,False,0.7358255982398987,
3_001_20200819_083353(5),3.5476536750793457,210.0,132.0,99.0,33.0,52976,1,1band,3,2020-08-19,True,,0.7082931995391846
3_001_20200819_083401(0),3.4379682540893555,210.0,131.0,102.0,29.0,53181,1,1band,3,2020-08-19,True,,0.6153709888458252
1_002_20200819_124134(7),1.2677817344665527,210.0,152.0,122.0,30.0,28311,1,1band,1,2020-08-19,False,0.727946400642395,
1_002_20200819_124140(8),1.2435539960861206,210.0,151.0,125.0,26.0,28710,1,1band,1,2020-08-19,False,0.7206966876983643,
2_002_20200819_124217(5),1.6260228157043457,210.0,113.0,81.0,32.0,28121,1,1band,2,2020-08-19,False,0.7434649467468262,
2_002_20200819_124225(2),1.4583946466445923,210.0,114.0,83.0,31.0,28574,1,1band,2,2020-08-19,False,0.7295984029769897,
3_001_20200819_124414(0),3.422084331512451,210.0,132.0,100.0,32.0,52987,1,1band,3,2020-08-19,True,,0.672917366027832
3_001_20200819_124415(9),3.4258666038513184,210.0,132.0,104.0,28.0,53744,1,1band,3,2020-08-19,True,,0.578657329082489
1_002_20200819_162347(4),1.199186086654663,210.0,152.0,126.0,26.0,28614,1,1band,1,2020-08-19,False,0.7255314588546753,
1_002_20200819_162352(0),1.279884934425354,210.0,152.0,124.0,28.0,28440,1,1band,1,2020-08-19,False,0.7266988158226013,
2_002_20200819_162523(2),1.4795775413513184,210.0,116.0,85.0,31.0,28225,2,3band,2,2020-08-19,False,0.7308214902877808,
2_002_20200819_162527(8),1.478971004486084,210.0,116.0,85.0,31.0,28320,1,1band,2,2020-08-19,False,0.719658613204956,
3_001_20200819_162723(4),3.6006031036376953,210.0,130.0,98.0,32.0,52567,1,1band,3,2020-08-19,True,,0.6854750514030457
3_001_20200819_162727(9),3.3146684169769287,210.0,133.0,100.0,33.0,53290,1,1band,3,2020-08-19,False,0.6165661215782166,
1_002_20200821_150301(4),1.3313220739364624,210.0,150.0,122.0,28.0,29076,1,1band,1,2020-08-21,False,0.7280851006507874,
1_002_20200821_150305(3),1.3312995433807373,210.0,150.0,120.0,30.0,28898,1,1band,1,2020-08-21,False,0.7237638831138611,
2_002_20200821_150506(5),1.6369149684906006,210.0,114.0,84.0,30.0,28852,1,1band,2,2020-08-21,False,0.7316842079162598,
2_002_20200821_150510(6),1.6282159090042114,210.0,113.0,82.0,31.0,28698,1,1band,2,2020-08-21,False,0.7371433973312378,
3_001_20200821_150525(5),3.376697063446045,210.0,132.0,99.0,33.0,53946,1,1band,3,2020-08-21,True,,
3_001_20200821_150529(4),3.3823695182800293,210.0,131.0,99.0,32.0,53550,1,1band,3,2020-08-21,True,,
3_001_20200821_163349(7),3.6959149837493896,210.0,128.0,98.0,30.0,52329,1,1band,3,2020-08-21,True,,
3_001_20200821_163353(8),3.4341866970062256,210.0,132.0,101.0,31.0,53927,1,1band,3,2020-08-21,True,,
2_002_20200821_163435(4),1.6019294261932373,209.0,113.0,81.0,32.0,29018,1,1band,2,2020-08-21,False,0.7289605140686035,
2_002_20200821_163441(6),1.5733723640441895,210.0,114.0,83.0,31.0,29207,1,1band,2,2020-08-21,False,0.7234569787979126,
1_002_20200821_163620(7),1.2957680225372314,210.0,149.0,118.0,31.0,28339,1,1band,1,2020-08-21,False,0.741619348526001,
1_002_20200821_163624(8),1.2526302337646484,210.0,151.0,122.0,29.0,28973,1,1band,1,2020-08-21,False,0.7179403901100159,
2_002_20200821_203925(1),1.5343414545059204,210.0,113.0,82.0,31.0,29170,1,1band,2,2020-08-21,False,0.7095445990562439,
2_002_20200821_203927(9),1.5479577779769897,210.0,114.0,81.0,33.0,29317,1,1band,2,2020-08-21,False,0.7243610620498657,
1_002_20200821_203950(2),1.2708064317703247,210.0,150.0,124.0,26.0,29069,1,1band,1,2020-08-21,False,0.7159867286682129,
1_002_20200821_203953(0),1.4084761142730713,210.0,147.0,122.0,25.0,28256,1,1band,1,2020-08-21,False,0.716184675693512,
2_002_20200826_023149(2),1.5728058815002441,206.0,113.0,80.0,33.0,29184,1,1band,2,2020-08-26,False,0.7233812212944031,
2_002_20200826_023154(4),1.5930410623550415,205.0,109.0,77.0,32.0,28889,2,3band,2,2020-08-26,False,0.7337794899940491,
1_002_20200826_023155(3),1.3956096172332764,210.0,147.0,118.0,29.0,28953,1,1band,1,2020-08-26,False,0.7239243388175964,
1_002_20200826_023200(9),1.4039273262023926,210.0,146.0,117.0,29.0,28441,1,1band,1,2020-08-26,False,0.7422369122505188,
3_001_20200826_023328(3),3.3956072330474854,210.0,133.0,105.0,28.0,53679,1,1band,3,2020-08-26,True,,0.6189903020858765
3_001_20200826_023332(5),3.6005918979644775,210.0,130.0,100.0,30.0,52147,1,1band,3,2020-08-26,True,,0.6999083757400513
2_002_20200826_043116(7),1.6214845180511475,210.0,113.0,80.0,33.0,28257,1,1band,2,2020-08-26,False,0.7326237559318542,
1_002_20200826_043121(8),1.341911792755127,210.0,149.0,121.0,28.0,28596,1,1band,1,2020-08-26,False,0.736670196056366,
2_002_20200826_043121(1),1.5818465948104858,210.0,114.0,85.0,29.0,28525,1,1band,2,2020-08-26,False,0.7241194844245911,
1_002_20200826_043125(8),1.3842829465866089,210.0,147.0,120.0,27.0,28374,1,1band,1,2020-08-26,False,0.7154049277305603,
3_001_20200826_043252(8),3.5007517337799072,210.0,129.0,100.0,29.0,52241,1,1band,3,2020-08-26,True,,0.713943362236023
3_001_20200826_043255(8),3.560134172439575,210.0,131.0,99.0,32.0,52672,1,1band,3,2020-08-26,True,,0.6797237396240234
1_002_20200826_123052(0),1.2708064317703247,210.0,150.0,120.0,30.0,28378,1,1band,1,2020-08-26,False,0.7426091432571411,
1_002_20200826_123059(6),1.3615686893463135,210.0,150.0,121.0,29.0,28643,1,1band,1,2020-08-26,False,0.7303730845451355,
2_002_20200826_123512(3),1.5506800413131714,210.0,115.0,83.0,32.0,29195,2,3band,2,2020-08-26,False,0.7366726398468018,
2_002_20200826_123515(1),1.4090750217437744,210.0,117.0,86.0,31.0,29146,1,1band,2,2020-08-26,False,0.729127824306488,
3_001_20200826_123711(3),3.789703845977783,210.0,128.0,98.0,30.0,51275,1,1band,3,2020-08-26,True,,0.6318738460540771
3_001_20200826_123714(5),3.8154327869415283,210.0,128.0,97.0,31.0,51434,1,1band,3,2020-08-26,True,,0.706666886806488
2_002_20200826_163123(8),1.7064988613128662,210.0,106.0,75.0,31.0,26317,1,1band,2,2020-08-26,False,0.7458579540252686,
2_002_20200826_163126(9),1.7488586902618408,210.0,108.0,75.0,33.0,26348,1,1band,2,2020-08-26,False,0.7210099697113037,
1_002_20200827_162026(7),1.4765461683273315,210.0,142.0,112.0,30.0,26376,1,1band,1,2020-08-27,False,0.7304157018661499,
1_002_20200827_162032(0),1.4281245470046997,210.0,142.0,111.0,31.0,26370,1,1band,1,2020-08-27,False,0.7160995602607727,
2_002_20200828_002838(9),1.67775559425354,210.0,103.0,76.0,27.0,26557,1,1band,2,2020-08-28,False,0.7115296125411987,
2_002_20200828_002842(8),1.6520438194274902,210.0,106.0,79.0,27.0,27685,1,1band,2,2020-08-28,False,0.7315976619720459,
2_002_20200831_083537(6),1.6641470193862915,207.0,106.0,75.0,31.0,27239,2,3band,2,2020-08-31,False,0.6811953783035278,
1_002_20200831_083541(7),1.422095537185669,210.0,144.0,115.0,29.0,27283,1,1band,1,2020-08-31,False,0.7180224061012268,
2_002_20200831_083543(5),1.5431156158447266,206.0,107.0,77.0,30.0,27922,1,1band,2,2020-08-31,False,0.7358685731887817,
1_002_20200831_083545(0),1.361568570137024,210.0,145.0,115.0,30.0,27326,1,1band,1,2020-08-31,False,0.7300649881362915,
3_001_20200831_083711(6),3.4720067977905273,210.0,129.0,100.0,29.0,50915,1,1band,3,2020-08-31,True,,0.7058517932891846
3_001_20200831_083714(8),3.667170286178589,210.0,126.0,97.0,29.0,49503,1,1band,3,2020-08-31,True,,0.6267822980880737
1_002_20200831_123127(7),1.48412024974823,210.0,143.0,113.0,30.0,26456,1,1band,1,2020-08-31,False,0.7023261189460754,
2_002_20200831_123129(1),1.6278376579284668,210.0,106.0,77.0,29.0,26549,1,1band,2,2020-08-31,False,0.7443757057189941,
1_002_20200831_123134(5),1.338881492614746,210.0,147.0,118.0,29.0,27206,1,1band,1,2020-08-31,False,0.7202710509300232,
2_002_20200831_123136(7),1.6338891983032227,210.0,110.0,82.0,28.0,27548,1,1band,2,2020-08-31,False,0.7166777849197388,
3_001_20200831_123316(5),3.744319438934326,210.0,125.0,95.0,30.0,49851,1,1band,3,2020-08-31,True,,0.6913852095603943
3_001_20200831_123324(1),3.45990252494812,210.0,127.0,98.0,29.0,50706,1,1band,3,2020-08-31,False,0.6535733342170715,
1_002_20200831_163123(9),1.4372143745422363,210.0,144.0,113.0,31.0,26377,1,1band,1,2020-08-31,False,0.7361930012702942,
1_002_20200831_163130(0),1.4099901914596558,210.0,146.0,115.0,31.0,27128,1,1band,1,2020-08-31,False,0.7366435527801514,
2_002_20200831_163149(1),1.6369149684906006,210.0,108.0,77.0,31.0,27675,1,1band,2,2020-08-31,True,,0.7072246670722961
2_002_20200831_163150(6),1.6399407386779785,210.0,106.0,76.0,30.0,26438,1,1band,2,2020-08-31,True,,0.6927197575569153
3_001_20200831_163330(7),3.6595981121063232,210.0,124.0,97.0,27.0,49176,1,1band,3,2020-08-31,False,0.6772778630256653,
3_001_20200831_163332(1),3.618746519088745,210.0,127.0,97.0,30.0,50510,1,1band,3,2020-08-31,False,0.6994088292121887,
1_002_20200831_203044(7),1.3978667259216309,210.0,143.0,115.0,28.0,26270,1,1band,1,2020-08-31,False,0.7308635115623474,
1_002_20200831_203049(3),1.3751885890960693,210.0,143.0,117.0,26.0,26311,1,1band,1,2020-08-31,False,0.7251809239387512,
2_002_20200831_203101(4),1.5279884338378906,210.0,107.0,77.0,30.0,26459,1,1band,2,2020-08-31,True,,0.7211362719535828
2_002_20200831_203105(9),1.5688347816467285,210.0,107.0,77.0,30.0,26668,1,1band,2,2020-08-31,True,,0.714752733707428
3_001_20200831_203249(0),3.5400876998901367,210.0,125.0,95.0,30.0,49109,1,1band,3,2020-08-31,False,0.6443586349487305,
3_001_20200831_203253(5),3.509829521179199,210.0,126.0,96.0,30.0,49321,1,1band,3,2020-08-31,False,0.5177000761032104,
1_002_20200901_003102(0),1.3797211647033691,210.0,146.0,114.0,32.0,26266,1,1band,1,2020-09-01,False,0.7244946956634521,
1_002_20200901_003105(0),1.3766975402832031,210.0,145.0,115.0,30.0,26184,1,1band,1,2020-09-01,False,0.725040078163147,
1_002_20200901_003108(0),1.4447860717773438,210.0,145.0,114.0,31.0,26175,1,1band,1,2020-09-01,False,0.7398936748504639,
1_002_20200901_003111(0),1.346449851989746,210.0,146.0,114.0,32.0,26179,1,1band,1,2020-09-01,False,0.7323313355445862,
1_002_20200901_003114(0),1.4220843315124512,210.0,145.0,115.0,30.0,26173,1,1band,1,2020-09-01,False,0.7289852499961853,
1_002_20200901_003117(0),1.397887110710144,210.0,146.0,114.0,32.0,26180,1,1band,1,2020-09-01,False,0.7301433086395264,
2_002_20200901_003133(6),1.6338891983032227,210.0,108.0,78.0,30.0,26536,1,1band,2,2020-09-01,True,,
2_002_20200901_003136(6),1.5885024070739746,210.0,108.0,77.0,31.0,26632,1,1band,2,2020-09-01,True,,
2_002_20200901_003139(6),1.6157344579696655,210.0,108.0,77.0,31.0,26742,1,1band,2,2020-09-01,True,,
2_002_20200901_003142(6),1.6384278535842896,210.0,107.0,78.0,29.0,26685,1,1band,2,2020-09-01,True,,
2_002_20200901_003145(6),1.6535471677780151,210.0,107.0,77.0,30.0,26734,1,1band,2,2020-09-01,False,0.7185760736465454,
2_002_20200901_003148(6),1.5953112840652466,210.0,107.0,77.0,30.0,26744,1,1band,2,2020-09-01,True,,
3_001_20200901_003429(1),3.585463047027588,210.0,125.0,96.0,29.0,49468,1,1band,3,2020-09-01,False,0.6406400203704834,
3_001_20200901_003433(7),3.7367606163024902,210.0,125.0,95.0,30.0,49582,1,1band,3,2020-09-01,False,0.6417686343193054,
3_001_20200901_003438(1),3.6157236099243164,210.0,125.0,96.0,29.0,49708,1,1band,3,2020-09-01,False,0.6702842116355896,
3_001_20200901_003442(7),3.6762475967407227,210.0,125.0,95.0,30.0,49817,1,1band,3,2020-09-01,False,0.5385714769363403,
3_001_20200901_003447(1),3.673210620880127,210.0,126.0,96.0,30.0,49798,1,1band,3,2020-09-01,False,0.5571193695068359,
3_001_20200901_003451(7),3.5854742527008057,210.0,125.0,96.0,29.0,49767,1,1band,3,2020-09-01,False,0.6737751364707947,
1_002_20200901_043047(9),1.2919836044311523,210.0,146.0,114.0,32.0,25987,1,1band,1,2020-09-01,False,0.7430103421211243,
1_002_20200901_043050(9),1.4251179695129395,210.0,144.0,115.0,29.0,25946,1,1band,1,2020-09-01,False,0.7293241620063782,
1_002_20200901_043055(4),1.3464397192001343,210.0,145.0,115.0,30.0,26020,1,1band,1,2020-09-01,False,0.7164650559425354,
1_002_20200901_043058(4),1.3585394620895386,210.0,144.0,117.0,27.0,25948,1,1band,1,2020-09-01,False,0.7173948884010315,
1_002_20200901_043104(4),1.3555147647857666,210.0,146.0,115.0,31.0,25847,1,1band,1,2020-09-01,False,0.7216909527778625,
2_002_20200901_043133(6),1.6338891983032227,210.0,110.0,77.0,33.0,26635,1,1band,2,2020-09-01,True,,
2_002_20200901_043136(6),1.4856269359588623,210.0,108.0,77.0,31.0,26693,1,1band,2,2020-09-01,True,,
2_002_20200901_043139(6),1.5862332582473755,210.0,109.0,77.0,32.0,26713,1,1band,2,2020-09-01,True,,
2_002_20200901_043142(6),1.6270811557769775,210.0,109.0,77.0,32.0,26706,1,1band,2,2020-09-01,True,,
2_002_20200901_043145(5),1.620273470878601,210.0,109.0,77.0,32.0,26717,1,1band,2,2020-09-01,True,,
2_002_20200901_043148(6),1.6838146448135376,210.0,109.0,76.0,33.0,26788,1,1band,2,2020-09-01,True,,
3_001_20200901_043410(8),3.624800443649292,210.0,122.0,90.0,32.0,48439,1,1band,3,2020-09-01,False,0.6296051144599915,
3_001_20200901_043415(3),3.6800215244293213,210.0,125.0,93.0,32.0,49243,1,1band,3,2020-09-01,False,0.6746023297309875,
3_001_20200901_043419(9),3.536296844482422,210.0,125.0,94.0,31.0,49553,1,1band,3,2020-09-01,False,0.5285515785217285,
3_001_20200901_043424(4),3.667168140411377,210.0,126.0,96.0,30.0,49600,1,1band,3,2020-09-01,False,0.6821591258049011,
3_001_20200901_043428(8),3.6535472869873047,210.0,125.0,95.0,30.0,49764,1,1band,3,2020-09-01,False,0.6782772541046143,
3_001_20200901_043433(3),3.797262191772461,210.0,125.0,95.0,30.0,49682,1,1band,3,2020-09-01,False,0.6877977252006531,
2_002_20200901_083204(5),1.647505521774292,210.0,111.0,82.0,29.0,27499,1,1band,2,2020-09-01,True,,
1_002_20200901_083206(9),1.3071157932281494,210.0,147.0,119.0,28.0,26763,1,1band,1,2020-09-01,False,0.7043611407279968,
2_002_20200901_083212(5),1.6641470193862915,210.0,110.0,78.0,32.0,26627,1,1band,2,2020-09-01,False,0.7166947722434998,
1_002_20200901_083213(5),1.458380103111267,210.0,146.0,115.0,31.0,26012,1,1band,1,2020-09-01,False,0.715049684047699,
3_001_20200901_083346(7),3.565805435180664,210.0,128.0,99.0,29.0,50921,1,1band,3,2020-09-01,False,0.6676455736160278,
3_001_20200901_083356(1),3.642953872680664,210.0,126.0,97.0,29.0,49636,1,1band,3,2020-09-01,False,0.6427167654037476,
3_001_20200901_083422(0),3.744319438934326,210.0,125.0,96.0,29.0,49341,1,1band,3,2020-09-01,False,0.6868804097175598,
3_001_20200901_083438(5),3.6671690940856934,210.0,128.0,97.0,31.0,51173,1,1band,3,2020-09-01,False,0.654244601726532,
3_001_20200901_083442(9),3.603627920150757,210.0,128.0,97.0,31.0,50839,1,1band,3,2020-09-01,False,0.6409400701522827,
2_002_20200901_083452(2),1.7074048519134521,210.0,111.0,81.0,30.0,26810,1,1band,2,2020-09-01,True,,
2_002_20200901_083456(7),1.6338891983032227,210.0,110.0,80.0,30.0,26672,3,3band,2,2020-09-01,True,,
2_002_20200901_083501(2),1.7095235586166382,210.0,109.0,79.5,29.5,26726,2,3band,2,2020-09-01,True,,
3_001_20200901_083502(5),3.4810848236083984,210.0,128.0,98.0,30.0,50689,1,1band,3,2020-09-01,False,0.6739373207092285,
2_002_20200901_083505(8),1.5555223226547241,210.0,113.0,83.0,30.0,27476,2,3band,2,2020-09-01,True,,
2_002_20200901_083510(2),1.5555223226547241,210.0,113.0,81.0,32.0,27528,1,1band,2,2020-09-01,True,,
2_002_20200901_083514(7),1.5848724842071533,210.0,113.0,80.0,33.0,27511,2,3band,2,2020-09-01,True,,
1_002_20200901_083714(2),1.3010755777359009,210.0,150.0,117.0,33.0,27062,1,1band,1,2020-09-01,False,0.7388913631439209,
1_002_20200901_083717(4),1.3615686893463135,210.0,150.0,120.0,30.0,26805,1,1band,1,2020-09-01,False,0.7387740015983582,
1_002_20200901_083721(9),1.31013023853302,210.0,149.0,119.0,30.0,26813,1,1band,1,2020-09-01,False,0.7252991199493408,
1_002_20200901_083726(4),1.332841157913208,210.0,147.0,118.0,29.0,25987,1,1band,1,2020-09-01,False,0.7350172400474548,
1_002_20200901_083730(8),1.3630719184875488,210.0,147.0,117.0,30.0,25970,1,1band,1,2020-09-01,False,0.7134883403778076,
1_002_20200901_083735(4),1.3283042907714844,210.0,147.0,115.0,32.0,25972,1,1band,1,2020-09-01,False,0.7233136892318726,
2_002_20200901_123049(7),1.6036312580108643,210.0,109.0,77.0,32.0,26345,1,1band,2,2020-09-01,True,,
2_002_20200901_123052(7),1.5431156158447266,210.0,110.0,78.0,32.0,26639,1,1band,2,2020-09-01,True,,
3_001_20200901_123053(8),3.5431132316589355,210.0,123.0,94.0,29.0,49138,1,1band,3,2020-09-01,False,0.6234758496284485,
2_002_20200901_123055(9),1.677460789680481,210.0,111.0,81.0,30.0,26568,2,3band,2,2020-09-01,False,0.7191188335418701,
3_001_20200901_123056(9),3.494699716567993,210.0,127.0,97.0,30.0,50512,1,1band,3,2020-09-01,False,0.6953190565109253,
2_002_20200901_123100(3),1.5261722803115845,210.0,113.0,82.0,31.0,27280,1,1band,2,2020-09-01,True,,
3_001_20200901_123100(2),3.4402365684509277,210.0,128.0,97.0,31.0,50621,1,1band,3,2020-09-01,False,0.663479208946228,
3_001_20200901_123103(2),3.6974282264709473,210.0,122.0,93.0,29.0,48093,1,1band,3,2020-09-01,False,0.5873129367828369,
2_002_20200901_123104(8),1.601211428642273,210.0,112.0,80.0,32.0,27324,1,1band,2,2020-09-01,True,,
3_001_20200901_123106(4),3.509829521179199,210.0,125.0,95.0,30.0,49284,2,3band,3,2020-09-01,False,0.5515797734260559,
2_002_20200901_123109(2),1.6021201610565186,210.0,113.0,83.0,30.0,27284,1,1band,2,2020-09-01,True,,
3_001_20200901_123109(7),3.6066548824310303,210.0,126.0,96.0,30.0,49273,1,1band,3,2020-09-01,False,0.5163744688034058,
1_002_20200901_123248(2),1.3615686893463135,210.0,147.0,118.0,29.0,26599,1,1band,1,2020-09-01,False,0.7393422722816467,
1_002_20200901_123251(2),1.2813836336135864,210.0,147.0,118.0,29.0,26597,1,1band,1,2020-09-01,False,0.734474778175354,
1_002_20200901_123256(0),1.3585305213928223,210.0,148.0,119.0,29.0,26797,1,1band,1,2020-09-01,False,0.7169714570045471,
1_002_20200901_123300(3),1.3237547874450684,210.0,145.0,118.0,27.0,25871,1,1band,1,2020-09-01,False,0.7157036662101746,
1_002_20200901_123304(6),1.3736717700958252,210.0,146.0,115.0,31.0,25912,1,1band,1,2020-09-01,False,0.7275083661079407,
1_002_20200901_123309(1),1.3676280975341797,210.0,147.0,117.0,30.0,25913,1,1band,1,2020-09-01,False,0.7375561594963074,
1_002_20200901_190126(8),1.3464397192001343,210.0,143.0,114.0,29.0,25236,1,1band,1,2020-09-01,False,0.7302436232566833,
1_002_20200901_190132(2),1.3494654893875122,210.0,146.0,119.0,27.0,25837,1,1band,1,2020-09-01,False,0.7230414152145386,
1_002_20200901_190331(8),1.3192144632339478,210.0,146.0,117.0,29.0,25734,1,1band,1,2020-09-01,False,0.7098116278648376,
1_002_20200901_190334(8),1.3025658130645752,210.0,147.0,120.0,27.0,26649,1,1band,1,2020-09-01,False,0.7059653401374817,
1_002_20200901_190337(5),1.2919857501983643,210.0,148.0,118.0,30.0,26671,1,1band,1,2020-09-01,False,0.7179554104804993,
1_002_20200901_190344(1),1.393341064453125,210.0,147.0,115.0,32.0,26335,1,1band,1,2020-09-01,False,0.733569860458374,
2_002_20200901_191340(2),1.6792747974395752,210.0,108.0,78.0,30.0,26743,1,1band,2,2020-09-01,True,,
2_002_20200901_191343(2),1.601211428642273,210.0,112.0,82.0,30.0,27100,1,1band,2,2020-09-01,True,,
2_002_20200901_191346(1),1.6308640241622925,210.0,112.0,82.0,30.0,27332,1,1band,2,2020-09-01,True,,
2_002_20200901_191348(8),1.6006054878234863,210.0,109.0,78.0,31.0,26589,1,1band,2,2020-09-01,True,,
2_002_20200901_191351(5),1.6901583671569824,210.0,112.0,83.0,29.0,26569,1,1band,2,2020-09-01,True,,
2_002_20200901_191354(2),1.677460789680481,210.0,111.0,82.0,29.0,26583,1,1band,2,2020-09-01,False,0.7152369618415833,
1_002_20200901_203149(6),1.3313220739364624,210.0,146.0,119.0,27.0,25830,1,1band,1,2020-09-01,False,0.7455344200134277,
1_002_20200901_203156(2),1.2950013875961304,210.0,147.0,115.0,32.0,25864,1,1band,1,2020-09-01,False,0.7308589816093445,
1_002_20200901_203200(2),1.332844614982605,210.0,147.0,117.0,30.0,25888,1,1band,1,2020-09-01,False,0.7404425740242004,
1_002_20200901_203204(5),1.355517029762268,210.0,147.0,116.0,31.0,26001,1,1band,1,2020-09-01,False,0.7279950976371765,
1_002_20200901_203208(8),1.355517029762268,210.0,147.0,115.0,32.0,26034,1,1band,1,2020-09-01,False,0.7224893569946289,
1_002_20200901_203213(2),1.3176931142807007,210.0,147.0,117.0,30.0,26047,1,1band,1,2020-09-01,False,0.7226795554161072,
2_002_20200901_203328(4),1.6641470193862915,210.0,110.0,78.0,32.0,26711,2,3band,2,2020-09-01,False,0.7202581763267517,
2_002_20200901_203332(1),1.6142226457595825,210.0,113.0,81.0,32.0,26754,1,1band,2,2020-09-01,False,0.7282110452651978,
2_002_20200901_203335(1),1.6308640241622925,210.0,112.0,80.0,32.0,26722,1,1band,2,2020-09-01,False,0.7244438529014587,
2_002_20200901_203338(1),1.617550253868103,210.0,111.0,79.0,32.0,26814,1,1band,2,2020-09-01,False,0.7337222695350647,
2_002_20200901_203341(0),1.70741605758667,210.0,111.0,80.0,31.0,26750,1,1band,2,2020-09-01,False,0.7275298833847046,
2_002_20200901_203343(7),1.5733734369277954,210.0,110.0,78.0,32.0,26798,1,1band,2,2020-09-01,False,0.7244409918785095,
1_002_20200902_003106(3),1.3933377265930176,210.0,147.0,115.0,32.0,25947,1,1band,1,2020-09-02,False,0.7139036059379578,
1_002_20200902_003115(0),1.367612361907959,210.0,147.0,115.0,32.0,26047,1,1band,1,2020-09-02,False,0.7143447995185852,
1_002_20200902_003119(5),1.5007433891296387,210.0,146.0,118.0,28.0,26003,1,1band,1,2020-09-02,False,0.7151376605033875,
1_002_20200902_003123(6),1.4084587097167969,210.0,147.0,118.0,29.0,26102,1,1band,1,2020-09-02,False,0.7068556547164917,
1_002_20200902_003127(7),1.3948601484298706,210.0,147.0,115.0,32.0,26094,1,1band,1,2020-09-02,False,0.7313191294670105,
1_002_20200902_003132(0),1.3494654893875122,210.0,148.0,114.0,34.0,26052,1,1band,1,2020-09-02,False,0.7286493182182312,
2_002_20200902_003149(5),1.5733734369277954,210.0,110.0,79.0,31.0,26624,1,1band,2,2020-09-02,False,0.7103666067123413,
2_002_20200902_003152(5),1.5419059991836548,210.0,112.0,81.0,31.0,26674,1,1band,2,2020-09-02,False,0.7298299670219421,
2_002_20200902_003155(5),1.557639718055725,210.0,111.0,79.0,32.0,26805,1,1band,2,2020-09-02,False,0.7089357376098633,
2_002_20200902_003158(2),1.587594985961914,210.0,111.0,79.0,32.0,26893,1,1band,2,2020-09-02,False,0.721916675567627,
2_002_20200902_003200(9),1.5419059991836548,210.0,112.0,78.0,34.0,26901,1,1band,2,2020-09-02,False,0.7215357422828674,
2_002_20200902_003203(7),1.601211428642273,210.0,112.0,80.0,32.0,26928,1,1band,2,2020-09-02,False,0.7175462245941162,
1_002_20200902_043107(7),1.357016921043396,210.0,147.0,118.0,29.0,25974,1,1band,1,2020-09-02,False,0.7254170775413513,
1_002_20200902_043112(1),1.3222301006317139,210.0,147.0,117.0,30.0,26016,1,1band,1,2020-09-02,False,0.7290982604026794,
1_002_20200902_043116(4),1.401649832725525,210.0,147.0,115.0,32.0,26116,2,3band,1,2020-09-02,False,0.7219803929328918,
1_002_20200902_043120(6),1.3630911111831665,210.0,147.0,115.0,32.0,26161,1,1band,1,2020-09-02,False,0.7234899997711182,
1_002_20200902_043124(9),1.3766874074935913,210.0,148.0,114.0,34.0,26121,2,3band,1,2020-09-02,False,0.7182652950286865,
1_002_20200902_043129(2),1.376707673072815,210.0,148.0,114.0,34.0,26154,1,1band,1,2020-09-02,False,0.7144103646278381,
2_002_20200902_043143(0),1.6025726795196533,210.0,111.0,78.0,33.0,26809,1,1band,2,2020-09-02,False,0.7090322971343994,
2_002_20200902_043145(9),1.6308640241622925,210.0,112.0,80.0,32.0,26747,1,1band,2,2020-09-02,False,0.7179998159408569,
2_002_20200902_043148(8),1.587594985961914,210.0,111.0,77.0,34.0,26726,1,1band,2,2020-09-02,False,0.7279229164123535,
2_002_20200902_043151(7),1.5419059991836548,210.0,112.0,78.0,34.0,26799,1,1band,2,2020-09-02,False,0.7134807705879211,
2_002_20200902_043154(5),1.617550253868103,210.0,111.0,77.0,34.0,26776,1,1band,2,2020-09-02,False,0.7166666984558105,
2_002_20200902_043157(3),1.5555223226547241,210.0,113.0,79.0,34.0,26797,1,1band,2,2020-09-02,False,0.6998425126075745,
1_002_20200902_082600(3),1.4462984800338745,210.0,147.0,114.0,33.0,25916,1,1band,1,2020-09-02,False,0.7356907725334167,
1_002_20200902_082609(0),1.394840955734253,210.0,147.0,115.0,32.0,25946,1,1band,1,2020-09-02,False,0.7259834408760071,
1_002_20200902_082613(2),1.3676270246505737,210.0,146.0,115.0,31.0,25983,1,1band,1,2020-09-02,False,0.741455614566803,
1_002_20200902_082621(8),1.307094931602478,210.0,148.0,121.0,27.0,26647,1,1band,1,2020-09-02,False,0.7299128770828247,
1_002_20200902_082626(3),1.2708064317703247,210.0,150.0,118.0,32.0,26786,1,1band,1,2020-09-02,False,0.7219719886779785,
1_002_20200902_082638(8),1.2708154916763306,210.0,148.0,120.0,28.0,26734,1,1band,1,2020-09-02,False,0.7380935549736023,
2_002_20200902_082641(4),1.5104384422302246,210.0,114.0,81.0,33.0,27647,1,1band,2,2020-09-02,False,0.7496618628501892,
2_002_20200902_082645(7),1.5685336589813232,210.0,114.0,84.0,30.0,27505,1,1band,2,2020-09-02,False,0.7469162344932556,
2_002_20200902_082650(0),1.5555223226547241,210.0,113.0,81.0,32.0,27516,1,1band,2,2020-09-02,False,0.7241776585578918,
2_002_20200902_082654(4),1.5715585947036743,210.0,112.0,81.0,31.0,26701,1,1band,2,2020-09-02,False,0.733116626739502,
2_002_20200902_082658(4),1.5715585947036743,210.0,112.0,78.0,34.0,26669,1,1band,2,2020-09-02,False,0.7273315787315369,
2_002_20200902_082702(8),1.587594985961914,210.0,111.0,79.0,32.0,26627,1,1band,2,2020-09-02,False,0.728318452835083,
1_002_20200904_230034(7),1.3857929706573486,210.0,142.0,114.0,28.0,26489,1,1band,1,2020-09-04,False,0.7231768369674683,
1_002_20200904_230038(7),1.366113543510437,210.0,141.0,110.0,31.0,26261,1,1band,1,2020-09-04,False,0.7285618185997009,
1_002_20200904_230042(8),1.4009038209915161,210.0,139.0,109.0,30.0,25646,1,1band,1,2020-09-04,False,0.7184833288192749,
2_002_20200904_230043(1),1.709525227546692,209.0,105.0,75.0,30.0,27149,1,1band,2,2020-09-04,False,0.7329684495925903,
1_002_20200904_230047(1),1.4992305040359497,210.0,139.0,109.0,30.0,25979,1,1band,1,2020-09-04,False,0.691813588142395,
2_002_20200904_230047(0),1.6505235433578491,210.0,103.0,73.0,30.0,26779,1,1band,2,2020-09-04,False,0.7237184643745422,
1_002_20200904_230050(8),1.3887836933135986,210.0,138.0,107.0,31.0,25606,1,1band,1,2020-09-04,False,0.739069402217865,
2_002_20200904_230050(7),1.7594529390335083,210.0,101.0,71.0,30.0,26121,2,3band,2,2020-09-04,False,0.7173378467559814,
1_002_20200904_230054(7),1.5400785207748413,210.0,139.0,110.0,29.0,26084,1,1band,1,2020-09-04,False,0.7162554264068604,
2_002_20200904_230054(2),1.7700438499450684,209.0,100.0,70.0,30.0,26048,1,1band,2,2020-09-04,True,,0.7355329394340515
2_002_20200904_230057(6),1.6535567045211792,210.0,101.0,72.0,29.0,26118,1,1band,2,2020-09-04,True,,0.709376871585846
2_002_20200904_230105(4),1.6792702674865723,209.0,100.0,70.0,30.0,26073,1,1band,2,2020-09-04,True,,0.7054714560508728
1_002_20200904_230301(9),1.3918377161026,210.0,142.0,114.0,28.0,26720,1,1band,1,2020-09-04,False,0.7115699052810669,
1_002_20200904_230305(2),1.4992491006851196,210.0,137.0,109.0,28.0,25269,1,1band,1,2020-09-04,False,0.7321738600730896,
1_002_20200904_230308(3),1.5249541997909546,210.0,138.0,109.0,29.0,25421,1,1band,1,2020-09-04,False,0.7283614873886108,
1_002_20200904_230314(3),1.4583982229232788,210.0,138.0,108.0,30.0,25697,1,1band,1,2020-09-04,False,0.7325059175491333,
1_002_20200904_230345(2),1.4160361289978027,210.0,143.0,114.0,29.0,26831,1,1band,1,2020-09-04,False,0.7467030882835388,
1_002_20200904_230349(3),1.3252546787261963,210.0,144.0,114.0,30.0,26776,1,1band,1,2020-09-04,False,0.713714063167572,
3_001_20200904_230425(6),3.63993501663208,210.0,124.0,97.0,27.0,49732,1,1band,3,2020-09-04,False,0.6919425129890442,
3_001_20200904_230429(3),3.7821388244628906,210.0,122.0,94.0,28.0,48844,1,1band,3,2020-09-04,False,0.6449865102767944,
3_001_20200904_230433(1),3.7670154571533203,210.0,120.0,91.0,29.0,47958,1,1band,3,2020-09-04,False,0.6513544321060181,
3_001_20200904_230437(0),3.676236391067505,210.0,120.0,92.0,28.0,48226,1,1band,3,2020-09-04,False,0.6303789615631104,
3_001_20200904_230440(7),3.7745800018310547,210.0,120.0,90.0,30.0,47772,2,3band,3,2020-09-04,False,0.6176549792289734,
3_001_20200904_230444(3),3.7065000534057617,210.0,120.0,91.0,29.0,48077,1,1band,3,2020-09-04,False,0.6089901328086853,
1_002_20200905_003146(9),1.385774850845337,210.0,143.0,115.0,28.0,26692,1,1band,1,2020-09-05,False,0.7343806028366089,
1_002_20200905_003154(8),1.4583823680877686,210.0,144.0,115.0,29.0,26811,1,1band,1,2020-09-05,False,0.7303503155708313,
1_002_20200905_003158(8),1.3797346353530884,210.0,142.0,113.0,29.0,26392,1,1band,1,2020-09-05,False,0.7194902896881104,
1_002_20200905_003202(9),1.3615866899490356,210.0,142.0,110.0,32.0,26084,1,1band,1,2020-09-05,False,0.7081891298294067,
1_002_20200905_003210(8),1.4281426668167114,210.0,142.0,109.0,33.0,26107,1,1band,1,2020-09-05,False,0.7404999732971191,
1_002_20200905_003220(7),1.4281471967697144,210.0,142.0,108.0,34.0,26430,1,1band,1,2020-09-05,False,0.7101719379425049,
2_002_20200905_003315(2),1.8078632354736328,210.0,105.0,75.0,30.0,26474,2,3band,2,2020-09-05,True,,0.7312512993812561
2_002_20200905_003319(2),1.5491671562194824,210.0,106.0,77.0,29.0,26876,1,1band,2,2020-09-05,True,,0.7246174812316895
2_002_20200905_003323(3),1.6187602281570435,210.0,108.0,77.0,31.0,26959,1,1band,2,2020-09-05,True,,0.7184821367263794
2_002_20200905_003327(3),1.6732243299484253,210.0,108.0,77.0,31.0,27017,1,1band,2,2020-09-05,True,,0.7007892727851868
2_002_20200905_003331(2),1.6641379594802856,210.0,106.0,76.0,30.0,26883,1,1band,2,2020-09-05,True,,0.7175968289375305
2_002_20200905_003335(3),1.662624478340149,210.0,107.0,77.0,30.0,27042,2,3band,2,2020-09-05,True,,0.7230393290519714
3_001_20200905_003911(9),3.4825987815856934,210.0,121.0,88.0,33.0,48936,1,1band,3,2020-09-05,False,0.5997939705848694,
3_001_20200905_003914(9),3.630856513977051,210.0,122.0,91.0,31.0,49518,1,1band,3,2020-09-05,False,0.6747773289680481,
3_001_20200905_003918(2),3.703474283218384,210.0,122.0,88.0,34.0,48951,1,1band,3,2020-09-05,False,0.6620018482208252,
3_001_20200905_003921(2),3.6822993755340576,210.0,122.0,89.0,33.0,49402,1,1band,3,2020-09-05,False,0.5907090902328491,
3_001_20200905_003924(3),3.5597476959228516,210.0,123.0,89.0,34.0,49462,1,1band,3,2020-09-05,False,0.6818240284919739,
3_001_20200905_003927(3),3.7624785900115967,210.0,123.0,91.0,32.0,49511,1,1band,3,2020-09-05,False,0.502159833908081,
1_002_20200905_043116(7),1.3645943403244019,210.0,147.0,115.0,32.0,27468,1,1band,1,2020-09-05,False,0.7297229766845703,
1_002_20200905_043119(3),1.3918331861495972,210.0,146.0,113.0,33.0,27161,1,1band,1,2020-09-05,False,0.7018986940383911,
1_002_20200905_043122(0),1.3328253030776978,210.0,147.0,111.0,36.0,27309,1,1band,1,2020-09-05,False,0.7100657224655151,
1_002_20200905_043124(6),1.3842637538909912,210.0,147.0,110.0,37.0,27390,1,1band,1,2020-09-05,False,0.7382878065109253,
1_002_20200905_043129(6),1.3010438680648804,210.0,146.0,108.0,38.0,27190,1,1band,1,2020-09-05,False,0.6900591850280762,
1_002_20200905_043135(3),1.3766975402832031,210.0,145.0,110.0,35.0,27161,1,1band,1,2020-09-05,False,0.7021276950836182,
2_002_20200905_043156(0),1.5431156158447266,210.0,110.0,81.0,29.0,27921,1,1band,2,2020-09-05,True,,0.6749992966651917
2_002_20200905_043200(0),1.5431156158447266,210.0,110.0,82.0,28.0,27784,1,1band,2,2020-09-05,True,,0.70525062084198
2_002_20200905_043204(0),1.5733734369277954,210.0,110.0,83.0,27.0,27844,1,1band,2,2020-09-05,True,,0.6903479099273682
2_002_20200905_043208(0),1.5882000923156738,210.0,111.0,82.0,29.0,27757,1,1band,2,2020-09-05,True,,0.7144486904144287
2_002_20200905_043212(1),1.5882000923156738,210.0,111.0,82.0,29.0,27830,1,1band,2,2020-09-05,True,,0.7032416462898254
2_002_20200905_043216(0),1.5431163311004639,210.0,112.0,81.0,31.0,27818,1,1band,2,2020-09-05,True,,0.667851448059082
3_001_20200905_043356(8),3.649014711380005,210.0,128.0,97.0,31.0,51805,1,1band,3,2020-09-05,False,0.653484582901001,
3_001_20200905_043359(9),3.5068037509918213,210.0,127.0,92.0,35.0,51212,1,1band,3,2020-09-05,False,0.6916581988334656,
3_001_20200905_043402(9),3.74583101272583,210.0,127.0,93.0,34.0,51170,1,1band,3,2020-09-05,False,0.6034693717956543,
3_001_20200905_043406(0),3.505290985107422,210.0,127.0,95.0,32.0,51185,1,1band,3,2020-09-05,False,0.5658508539199829,
3_001_20200905_043409(3),3.593029022216797,210.0,124.0,92.0,32.0,50394,1,1band,3,2020-09-05,False,0.645000696182251,
3_001_20200905_043412(3),3.3676178455352783,210.0,124.0,91.0,33.0,50262,1,1band,3,2020-09-05,False,0.6813656091690063,
1_002_20200905_083100(6),1.4145159721374512,210.0,143.0,113.0,30.0,26337,1,1band,1,2020-09-05,False,0.7186217904090881,
1_002_20200905_083104(6),1.47655189037323,210.0,143.0,113.0,30.0,26316,1,1band,1,2020-09-05,False,0.7125465869903564,
1_002_20200905_083116(7),1.4099901914596558,210.0,142.0,113.0,29.0,26901,1,1band,1,2020-09-05,False,0.7325505614280701,
1_002_20200905_083120(6),1.3842592239379883,210.0,145.0,114.0,31.0,27256,1,1band,1,2020-09-05,False,0.7255322337150574,
1_002_20200905_083124(7),1.45234215259552,210.0,145.0,115.0,30.0,27279,1,1band,1,2020-09-05,False,0.7419688105583191,
1_002_20200905_083134(7),1.429640293121338,210.0,145.0,115.0,30.0,27204,1,1band,1,2020-09-05,False,0.7317880392074585,
2_002_20200905_083407(3),1.6641379594802856,210.0,106.0,77.0,29.0,27514,2,3band,2,2020-09-05,True,,0.7076343894004822
2_002_20200905_083410(5),1.6157350540161133,210.0,109.0,77.0,32.0,27848,1,1band,2,2020-09-05,True,,0.7178984880447388
2_002_20200905_083413(6),1.5915281772613525,210.0,109.0,77.0,32.0,27857,1,1band,2,2020-09-05,True,,0.7206379175186157
2_002_20200905_083416(3),1.6520438194274902,210.0,106.0,76.0,30.0,27054,2,3band,2,2020-09-05,True,,0.7096554040908813
2_002_20200905_083419(3),1.5733734369277954,210.0,110.0,79.0,31.0,27014,1,1band,2,2020-09-05,True,,0.7301682829856873
2_002_20200905_083422(4),1.6187602281570435,210.0,109.0,79.0,30.0,26955,1,1band,2,2020-09-05,True,,0.7300224900245667
3_001_20200905_083552(0),3.570345401763916,210.0,125.0,96.0,29.0,49472,1,1band,3,2020-09-05,False,0.6482337117195129,
3_001_20200905_083555(2),3.6550650596618652,210.0,126.0,95.0,31.0,49808,1,1band,3,2020-09-05,False,0.7043665051460266,
3_001_20200905_083558(2),3.425107717514038,210.0,126.0,96.0,30.0,49874,1,1band,3,2020-09-05,False,0.6903784871101379,
3_001_20200905_083603(0),3.6338868141174316,210.0,127.0,97.0,30.0,51145,1,1band,3,2020-09-05,False,0.6493454575538635,
3_001_20200905_083606(6),3.5204150676727295,210.0,127.0,98.0,29.0,50947,1,1band,3,2020-09-05,False,0.700339674949646,
3_001_20200905_083609(7),3.645979881286621,210.0,128.0,97.0,31.0,51161,1,1band,3,2020-09-05,False,0.6343389749526978,
1_002_20200905_123051(5),1.3978848457336426,210.0,146.0,119.0,27.0,27192,1,1band,1,2020-09-05,False,0.7013152837753296,
1_002_20200905_123055(5),1.3502306938171387,210.0,147.0,117.0,30.0,27060,1,1band,1,2020-09-05,False,0.7296093702316284,
2_002_20200905_123055(0),1.5416027307510376,210.0,109.0,77.0,32.0,27775,1,1band,2,2020-09-05,True,,0.7184015512466431
2_002_20200905_123058(4),1.6036312580108643,210.0,110.0,79.0,31.0,27758,1,1band,2,2020-09-05,True,,0.7217699885368347
1_002_20200905_123059(6),1.4281471967697144,210.0,146.0,117.0,29.0,26995,1,1band,1,2020-09-05,False,0.6980825066566467,
2_002_20200905_123102(0),1.6036312580108643,210.0,110.0,78.0,32.0,27786,1,1band,2,2020-09-05,True,,0.7203018069267273
1_002_20200905_123103(4),1.4145170450210571,210.0,145.0,114.0,31.0,26366,1,1band,1,2020-09-05,True,,0.713996171951294
2_002_20200905_123105(0),1.4856269359588623,210.0,108.0,78.0,30.0,26767,1,1band,2,2020-09-05,True,,0.7147560119628906
1_002_20200905_123107(5),1.35249924659729,210.0,144.0,114.0,30.0,26364,1,1band,1,2020-09-05,True,,0.6882619857788086
2_002_20200905_123108(4),1.4810870885849,210.0,107.0,77.0,30.0,26800,1,1band,2,2020-09-05,True,,0.7172654867172241
1_002_20200905_123111(6),1.3691415786743164,210.0,145.0,113.0,32.0,26320,1,1band,1,2020-09-05,True,,0.7021406888961792
2_002_20200905_123112(0),1.5612612962722778,210.0,106.0,76.0,30.0,26859,2,3band,2,2020-09-05,True,,0.7139868140220642
3_001_20200905_123258(6),3.546138048171997,210.0,128.0,99.0,29.0,51151,1,1band,3,2020-09-05,False,0.6458909511566162,
3_001_20200905_123303(2),3.4946916103363037,210.0,128.0,99.0,29.0,51027,1,1band,3,2020-09-05,False,0.6720356345176697,
3_001_20200905_123307(6),3.5552165508270264,210.0,128.0,99.0,29.0,51203,1,1band,3,2020-09-05,False,0.6939696073532104,
3_001_20200905_123312(1),3.5824530124664307,210.0,126.0,96.0,30.0,49426,1,1band,3,2020-09-05,False,0.5948016047477722,
3_001_20200905_123316(6),3.5552165508270264,210.0,125.0,96.0,29.0,49670,1,1band,3,2020-09-05,False,0.5636365413665771,
3_001_20200905_123321(0),3.47957181930542,210.0,125.0,96.0,29.0,49567,1,1band,3,2020-09-05,False,0.6567240357398987,
1_002_20200905_163920(4),1.3963690996170044,210.0,143.0,114.0,29.0,26187,1,1band,1,2020-09-05,True,,0.7158979177474976
2_002_20200905_163922(9),1.6490192413330078,210.0,108.0,76.0,32.0,26859,1,1band,2,2020-09-05,True,,0.6984552145004272
1_002_20200905_163924(2),1.4130080938339233,210.0,144.0,114.0,30.0,26189,1,1band,1,2020-09-05,True,,0.7160188555717468
2_002_20200905_163926(4),1.5068062543869019,210.0,106.0,76.0,30.0,26937,1,1band,2,2020-09-05,True,,0.6974433064460754
1_002_20200905_163928(3),1.4583970308303833,210.0,143.0,114.0,29.0,26168,1,1band,1,2020-09-05,True,,0.6998767256736755
2_002_20200905_163929(7),1.5370640754699707,210.0,106.0,76.0,30.0,26924,2,3band,2,2020-09-05,True,,0.701149046421051
1_002_20200905_163932(3),1.3252671957015991,210.0,147.0,117.0,30.0,27126,1,1band,1,2020-09-05,True,,0.7047339677810669
2_002_20200905_163932(9),1.498031735420227,210.0,111.0,79.0,32.0,27698,1,1band,2,2020-09-05,True,,0.7193999886512756
1_002_20200905_163936(3),1.3298041820526123,210.0,147.0,117.0,30.0,27060,1,1band,1,2020-09-05,True,,0.7051960825920105
2_002_20200905_163936(2),1.6043877601623535,210.0,111.0,78.0,33.0,27700,1,1band,2,2020-09-05,True,,0.7392767071723938
2_002_20200905_163939(7),1.561270833015442,210.0,109.0,78.0,31.0,27745,1,1band,2,2020-09-05,True,,0.6846500039100647
1_002_20200905_163940(2),1.3388848304748535,210.0,147.0,119.0,28.0,27042,1,1band,1,2020-09-05,True,,0.724858283996582
3_001_20200905_164117(6),3.5718581676483154,210.0,127.0,97.0,30.0,49631,1,1band,3,2020-09-05,False,0.6294167637825012,
3_001_20200905_164122(0),3.624800205230713,210.0,126.0,96.0,30.0,49477,1,1band,3,2020-09-05,False,0.6482328176498413,
3_001_20200905_164126(5),3.6648941040039062,210.0,125.0,96.0,29.0,49422,1,1band,3,2020-09-05,False,0.6001361608505249,
3_001_20200905_164131(0),3.682288408279419,210.0,129.0,99.0,30.0,51390,1,1band,3,2020-09-05,False,0.6563664674758911,
3_001_20200905_164135(4),3.57942271232605,210.0,127.0,97.0,30.0,50982,1,1band,3,2020-09-05,False,0.6957340240478516,
3_001_20200905_164140(0),3.5975773334503174,210.0,128.0,97.0,31.0,51122,1,1band,3,2020-09-05,False,0.7020724415779114,
1_002_20200905_203836(3),1.3071157932281494,210.0,148.0,115.0,33.0,27323,1,1band,1,2020-09-05,True,,0.7237698435783386
1_002_20200905_203840(3),1.369131326675415,210.0,147.0,118.0,29.0,27133,1,1band,1,2020-09-05,True,,0.7063645124435425
1_002_20200905_203844(2),1.2889385223388672,210.0,147.0,114.0,33.0,26980,1,1band,1,2020-09-05,True,,0.6977781057357788
1_002_20200905_203848(4),1.3464397192001343,210.0,145.0,117.0,28.0,26832,1,1band,1,2020-09-05,True,,0.7040081024169922
1_002_20200905_203856(3),1.3993937969207764,210.0,145.0,114.0,31.0,26624,1,1band,1,2020-09-05,True,,0.6947746872901917
1_002_20200905_203900(3),1.3192144632339478,210.0,146.0,115.0,31.0,26746,1,1band,1,2020-09-05,True,,0.730009913444519
2_002_20200905_204033(3),1.6338891983032227,210.0,110.0,79.0,31.0,27576,2,3band,2,2020-09-05,True,,0.7124057412147522
2_002_20200905_204039(5),1.5104384422302246,210.0,114.0,80.0,34.0,27740,1,1band,2,2020-09-05,True,,0.7289868593215942
2_002_20200905_204042(9),1.5733734369277954,210.0,110.0,77.0,33.0,27776,1,1band,2,2020-09-05,True,,0.7321633696556091
2_002_20200905_204046(0),1.587594985961914,210.0,111.0,80.0,31.0,27811,1,1band,2,2020-09-05,True,,0.7130855917930603
2_002_20200905_204049(1),1.5347946882247925,210.0,109.0,76.0,33.0,27662,2,3band,2,2020-09-05,True,,0.7063356637954712
2_002_20200905_204052(3),1.647505521774292,210.0,111.0,79.0,32.0,27759,1,1band,2,2020-09-05,True,,0.7039059996604919
3_001_20200905_204255(4),3.4810898303985596,210.0,128.0,97.0,31.0,51408,1,1band,3,2020-09-05,False,0.6780286431312561,
3_001_20200905_204300(0),3.5052921772003174,210.0,128.0,97.0,31.0,50756,1,1band,3,2020-09-05,False,0.6851865649223328,
3_001_20200905_204304(5),3.641449451446533,210.0,127.0,96.0,31.0,50913,1,1band,3,2020-09-05,False,0.6968245506286621,
3_001_20200905_204309(0),3.558241605758667,210.0,128.0,96.0,32.0,51037,1,1band,3,2020-09-05,False,0.6983904838562012,
3_001_20200905_204313(4),3.5113375186920166,210.0,128.0,96.0,32.0,50964,1,1band,3,2020-09-05,False,0.6605899333953857,
3_001_20200905_204317(9),3.624809503555298,210.0,128.0,97.0,31.0,50752,1,1band,3,2020-09-05,False,0.6808204054832458,
1_002_20200906_003059(0),1.3040786981582642,210.0,147.0,121.0,26.0,27343,1,1band,1,2020-09-06,True,,0.7479461431503296
1_002_20200906_003114(8),1.2745782136917114,210.0,147.0,120.0,27.0,27305,1,1band,1,2020-09-06,True,,0.7497595548629761
2_002_20200906_003114(0),1.587594985961914,210.0,111.0,81.0,30.0,27828,1,1band,2,2020-09-06,True,,0.731288731098175
2_002_20200906_003117(3),1.587594985961914,210.0,111.0,82.0,29.0,27630,1,1band,2,2020-09-06,True,,0.7462074160575867
1_002_20200906_003118(7),1.3645926713943481,210.0,147.0,118.0,29.0,27295,1,1band,1,2020-09-06,True,,0.7481200098991394
2_002_20200906_003120(8),1.62859308719635,210.0,113.0,82.0,31.0,27817,1,1band,2,2020-09-06,True,,0.7354562878608704
1_002_20200906_003122(7),1.3509767055511475,210.0,147.0,118.0,29.0,27229,1,1band,1,2020-09-06,True,,0.7625895142555237
2_002_20200906_003124(0),1.6187596321105957,210.0,112.5,80.0,32.5,27804,1,1band,2,2020-09-06,True,,0.7339113354682922
1_002_20200906_003126(8),1.3767088651657104,210.0,147.0,119.0,28.0,27193,1,1band,1,2020-09-06,True,,0.7485384941101074
2_002_20200906_003127(3),1.5733734369277954,210.0,112.0,82.0,30.0,27805,1,1band,2,2020-09-06,True,,0.7245703935623169
2_002_20200906_003130(7),1.5173964500427246,210.0,111.0,79.0,32.0,27785,1,1band,2,2020-09-06,True,,0.7202349305152893
1_002_20200906_003132(7),1.4296470880508423,210.0,147.0,120.0,27.0,27358,1,1band,1,2020-09-06,True,,0.7524272799491882
1_002_20200907_184813(1),1.3555363416671753,210.0,147.0,117.0,30.0,27984,1,1band,1,2020-09-07,True,,
1_002_20200907_184815(7),1.3464362621307373,210.0,147.0,116.0,31.0,27959,2,3band,1,2020-09-07,True,,
1_002_20200907_184818(2),1.3237547874450684,210.0,145.0,114.0,31.0,27706,1,1band,1,2020-09-07,True,,
1_002_20200907_184823(7),1.3434207439422607,210.0,146.0,114.0,32.0,27695,1,1band,1,2020-09-07,True,,
1_002_20200907_184826(3),1.3555058240890503,210.0,146.0,113.0,33.0,27687,1,1band,1,2020-09-07,True,,
1_002_20200907_184828(8),1.3418992757797241,210.0,147.0,114.0,33.0,27635,1,1band,1,2020-09-07,True,,
2_002_20200907_184832(7),1.6338891983032227,209.0,110.0,79.0,31.0,28064,1,1band,2,2020-09-07,False,0.7207413911819458,
2_002_20200907_184835(6),1.7246626615524292,209.0,110.0,76.0,34.0,28262,1,1band,2,2020-09-07,False,0.7117578983306885,
2_002_20200907_184838(9),1.7549091577529907,209.0,110.0,77.0,33.0,27961,1,1band,2,2020-09-07,False,0.7343415021896362,
2_002_20200907_184841(6),1.7700386047363281,209.0,109.0,77.0,32.0,27839,1,1band,2,2020-09-07,False,0.7073997259140015,
2_002_20200907_184844(1),1.6127086877822876,208.0,108.0,75.0,33.0,28161,1,1band,2,2020-09-07,False,0.7330695986747742,
2_002_20200907_184846(7),1.6338891983032227,209.0,110.0,77.0,33.0,27875,1,1band,2,2020-09-07,False,0.7164844870567322,
3_001_20200907_185040(2),3.4130043983459473,210.0,127.0,95.0,32.0,51301,1,1band,3,2020-09-07,False,0.6262857913970947,
3_001_20200907_185043(2),3.5597550868988037,210.0,127.0,94.0,33.0,51280,1,1band,3,2020-09-07,False,0.6861916184425354,
3_001_20200907_185046(1),3.474276542663574,210.0,127.0,95.0,32.0,52209,1,1band,3,2020-09-07,False,0.6117687225341797,
3_001_20200907_185049(1),3.5521810054779053,210.0,127.0,95.0,32.0,52100,1,1band,3,2020-09-07,False,0.5750654339790344,
3_001_20200907_185052(1),3.411491632461548,210.0,127.0,97.0,30.0,51796,1,1band,3,2020-09-07,False,0.6537083387374878,
3_001_20200907_185055(2),3.547642230987549,210.0,127.0,95.0,32.0,51459,1,1band,3,2020-09-07,False,0.6811721920967102,
2_002_20200907_204436(3),1.6641470193862915,209.0,105.0,73.0,32.0,26700,3,3band,2,2020-09-07,False,0.7191076874732971,
3_001_20200907_204437(0),3.470494508743286,210.0,127.0,96.0,31.0,51710,2,3band,3,2020-09-07,False,0.6455782651901245,
2_002_20200907_204440(8),1.6490135192871094,210.0,106.0,77.0,29.0,26781,2,3band,2,2020-09-07,False,0.7136415243148804,
3_001_20200907_204440(2),3.468991279602051,210.0,127.0,97.0,30.0,51599,1,1band,3,2020-09-07,False,0.6942545175552368,
3_001_20200907_204443(2),3.5007524490356445,210.0,127.0,97.0,30.0,51476,1,1band,3,2020-09-07,False,0.7151188254356384,
2_002_20200907_204445(2),1.5998491048812866,208.0,105.0,76.0,29.0,26969,1,1band,2,2020-09-07,False,0.721653938293457,
3_001_20200907_204446(0),3.638422727584839,210.0,125.0,95.0,30.0,49649,1,1band,3,2020-09-07,False,0.6228413581848145,
3_001_20200907_204448(8),3.5173940658569336,210.0,125.0,95.0,30.0,49451,1,1band,3,2020-09-07,False,0.6511287093162537,
2_002_20200907_204449(9),1.7057517766952515,210.0,109.0,78.0,31.0,28063,1,1band,2,2020-09-07,False,0.7197284698486328,
3_001_20200907_204451(8),3.558242082595825,210.0,124.0,94.0,30.0,49744,1,1band,3,2020-09-07,False,0.7032830715179443,
2_002_20200907_204454(2),1.6777629852294922,210.0,109.0,77.0,32.0,27885,1,1band,2,2020-09-07,False,0.7131199240684509,
2_002_20200907_204458(7),1.5930410623550415,209.0,109.0,79.0,30.0,27748,1,1band,2,2020-09-07,False,0.7415568828582764,
1_002_20200907_204635(5),1.3328253030776978,210.0,147.0,114.0,33.0,27607,1,1band,1,2020-09-07,True,,
1_002_20200907_204640(0),1.2465968132019043,210.0,147.0,118.0,29.0,27750,1,1band,1,2020-09-07,True,,
1_002_20200907_204644(5),1.337362289428711,210.0,147.0,115.0,32.0,27752,1,1band,1,2020-09-07,True,,
1_002_20200907_204649(0),1.3948601484298706,210.0,144.0,112.0,32.0,26646,1,1band,1,2020-09-07,True,,
1_002_20200907_204653(4),1.3842693567276,210.0,143.0,113.0,30.0,26625,1,1band,1,2020-09-07,True,,
1_002_20200907_204657(8),1.4160293340682983,210.0,143.0,113.0,30.0,26603,1,1band,1,2020-09-07,False,0.7251121401786804,
3_001_20200908_003050(8),3.6414473056793213,210.0,123.0,96.0,27.0,48789,1,1band,3,2020-09-08,False,0.6198771595954895,
2_002_20200908_003059(0),1.7004473209381104,210.0,106.0,77.0,29.0,26854,1,1band,2,2020-09-08,False,0.7104101777076721,
3_001_20200908_003059(1),3.615720748901367,210.0,125.0,97.0,28.0,49394,1,1band,3,2020-09-08,False,0.5321388840675354,
2_002_20200908_003103(2),1.6580885648727417,210.0,106.0,77.0,29.0,26817,1,1band,2,2020-09-08,False,0.7319974899291992,
3_001_20200908_003103(1),3.6853251457214355,210.0,124.0,95.0,29.0,49520,1,1band,3,2020-09-08,False,0.6918053030967712,
2_002_20200908_003107(5),1.6187630891799927,209.0,105.0,75.0,30.0,26831,1,1band,2,2020-09-08,False,0.7228584289550781,
3_001_20200908_003107(4),3.47957181930542,210.0,128.0,97.0,31.0,51597,1,1band,3,2020-09-08,False,0.6788786053657532,
2_002_20200908_003111(0),1.6338891983032227,210.0,110.0,76.0,34.0,28053,1,1band,2,2020-09-08,False,0.7125132083892822,
3_001_20200908_003111(1),3.518141746520996,210.0,127.0,97.0,30.0,51313,1,1band,3,2020-09-08,False,0.670885443687439,
2_002_20200908_003115(3),1.500754714012146,209.0,108.0,76.0,32.0,27961,1,1band,2,2020-09-08,False,0.7086331844329834,
3_001_20200908_003115(2),3.6066532135009766,210.0,127.0,97.0,30.0,51088,1,1band,3,2020-09-08,False,0.7056957483291626,
2_002_20200908_003119(9),1.6036312580108643,210.0,110.0,75.0,35.0,27965,1,1band,2,2020-09-08,False,0.7104399800300598,
1_002_20200908_003259(2),1.3766896724700928,210.0,144.0,113.0,31.0,26762,1,1band,1,2020-09-08,False,0.7267026305198669,
1_002_20200908_003303(8),1.385774850845337,210.0,143.0,113.0,30.0,26592,1,1band,1,2020-09-08,False,0.7439194321632385,
1_002_20200908_003308(2),1.3646091222763062,210.0,143.0,113.0,30.0,26520,1,1band,1,2020-09-08,False,0.7293494343757629,
1_002_20200908_003312(9),1.3320567607879639,210.0,147.0,115.0,32.0,27621,1,1band,1,2020-09-08,False,0.7150263786315918,
1_002_20200908_003321(8),1.4160394668579102,210.0,146.0,114.0,32.0,27490,1,1band,1,2020-09-08,False,0.7330932021141052,
1_002_20200908_003330(9),1.3918263912200928,210.0,144.0,114.0,30.0,27465,1,1band,1,2020-09-08,False,0.7309415340423584,
1_002_20200908_043104(3),1.3645943403244019,210.0,143.0,113.0,30.0,26438,1,1band,1,2020-09-08,False,0.7376425266265869,
1_002_20200908_043108(7),1.380477786064148,210.0,143.0,113.0,30.0,26302,1,1band,1,2020-09-08,False,0.7199179530143738,
1_002_20200908_043113(2),1.3751885890960693,210.0,143.0,111.0,32.0,26351,1,1band,1,2020-09-08,False,0.718862771987915,
1_002_20200908_043117(6),1.3298041820526123,210.0,147.0,116.0,31.0,27463,1,1band,1,2020-09-08,False,0.7092773914337158,
2_002_20200908_043119(7),1.6671727895736694,210.0,106.0,75.0,31.0,26993,1,1band,2,2020-09-08,False,0.7147027254104614,
1_002_20200908_043122(1),1.3812458515167236,210.0,147.0,114.0,33.0,27220,1,1band,1,2020-09-08,False,0.7242000699043274,
2_002_20200908_043124(3),1.621787190437317,210.0,106.0,74.0,32.0,26915,1,1band,2,2020-09-08,False,0.7342267632484436,
1_002_20200908_043126(7),1.4160350561141968,210.0,146.0,114.0,32.0,27200,1,1band,1,2020-09-08,False,0.7177854776382446,
2_002_20200908_043128(8),1.6641470193862915,210.0,106.0,73.0,33.0,26947,1,1band,2,2020-09-08,False,0.7239381074905396,
2_002_20200908_043133(4),1.6338891983032227,210.0,110.0,77.0,33.0,27964,2,3band,2,2020-09-08,False,0.714786946773529,
2_002_20200908_043137(8),1.6036312580108643,210.0,110.0,77.0,33.0,27872,2,3band,2,2020-09-08,False,0.6770009994506836,
2_002_20200908_043142(4),1.6127086877822876,210.0,109.0,76.0,33.0,27813,1,1band,2,2020-09-08,False,0.7356507182121277,
3_001_20200908_043328(0),3.4167866706848145,210.0,127.0,94.0,33.0,50135,1,1band,3,2020-09-08,False,0.6024987101554871,
3_001_20200908_043332(2),3.551431179046631,210.0,125.0,94.0,31.0,49326,1,1band,3,2020-09-08,False,0.6428284645080566,
3_001_20200908_043336(7),3.441746711730957,210.0,125.0,94.0,31.0,49501,1,1band,3,2020-09-08,False,0.6645360589027405,
3_001_20200908_043341(4),3.531010150909424,210.0,128.0,97.0,31.0,51291,1,1band,3,2020-09-08,False,0.7003393173217773,
3_001_20200908_043345(8),3.4644534587860107,210.0,128.0,97.0,31.0,51370,1,1band,3,2020-09-08,False,0.7067285776138306,
3_001_20200908_043350(5),3.52193284034729,210.0,128.0,97.0,31.0,51216,1,1band,3,2020-09-08,False,0.6065733432769775,
2_002_20200912_021355(2),1.6338891983032227,205.0,108.0,77.0,31.0,28587,1,1band,2,2020-09-12,False,0.7301720380783081,
2_002_20200912_021400(1),1.6444793939590454,206.0,109.0,77.0,32.0,28376,1,1band,2,2020-09-12,False,0.7418015599250793,
2_002_20200912_021403(1),1.6671727895736694,206.0,108.0,77.0,31.0,28400,1,1band,2,2020-09-12,False,0.7269032001495361,
1_002_20200912_021405(0),1.3736672401428223,210.0,142.0,114.0,28.0,26562,1,1band,1,2020-09-12,False,0.7437538504600525,
2_002_20200912_021406(0),1.6338891983032227,207.0,106.0,78.0,28.0,27068,1,1band,2,2020-09-12,False,0.741564929485321,
2_002_20200912_021409(1),1.6505309343338013,204.0,103.0,75.0,28.0,27107,2,3band,2,2020-09-12,False,0.7262417674064636,
1_002_20200912_021411(6),1.3736830949783325,210.0,143.0,112.0,31.0,26698,1,1band,1,2020-09-12,False,0.7274395227432251,
2_002_20200912_021412(4),1.6399339437484741,205.0,102.0,74.0,28.0,27070,1,1band,2,2020-09-12,False,0.7260203957557678,
1_002_20200912_021417(8),1.3237537145614624,210.0,143.0,111.0,32.0,27382,1,1band,1,2020-09-12,False,0.7314491868019104,
1_002_20200912_021420(7),1.3736830949783325,210.0,143.0,114.0,29.0,27156,1,1band,1,2020-09-12,False,0.7104349136352539,
1_002_20200912_021423(8),1.434187412261963,210.0,146.0,113.0,33.0,27792,1,1band,1,2020-09-12,False,0.7371934056282043,
1_002_20200912_021430(0),1.3993995189666748,210.0,145.0,114.0,31.0,27611,1,1band,1,2020-09-12,False,0.7365845441818237,
3_001_20200912_021546(2),3.661109685897827,210.0,126.0,97.0,29.0,49628,1,1band,3,2020-09-12,False,0.6926482915878296,
3_001_20200912_021549(3),3.6944003105163574,210.0,126.0,97.0,29.0,49629,1,1band,3,2020-09-12,False,0.6223165392875671,
3_001_20200912_021552(4),3.611945629119873,210.0,125.0,96.0,29.0,49122,1,1band,3,2020-09-12,False,0.6970776915550232,
3_001_20200912_021555(0),3.4742658138275146,210.0,129.0,99.0,30.0,51604,1,1band,3,2020-09-12,False,0.6875855326652527,
3_001_20200912_021601(0),3.527984380722046,210.0,128.0,100.0,28.0,51443,1,1band,3,2020-09-12,False,0.6717023849487305,
3_001_20200912_021604(3),3.5824389457702637,210.0,127.0,98.0,29.0,51183,1,1band,3,2020-09-12,False,0.6178711652755737,
1_002_20200912_043042(7),1.3857704401016235,210.0,144.0,114.0,30.0,27271,1,1band,1,2020-09-12,False,0.7307456731796265,
1_002_20200912_043047(4),1.3676269054412842,210.0,146.0,118.0,28.0,27746,1,1band,1,2020-09-12,False,0.7283141016960144,
1_002_20200912_043051(8),1.3116527795791626,210.0,147.0,119.0,28.0,27804,1,1band,1,2020-09-12,False,0.7204403281211853,
1_002_20200912_043056(4),1.3918286561965942,210.0,142.0,113.0,29.0,26137,1,1band,1,2020-09-12,False,0.7289425730705261,
2_002_20200912_043058(7),1.6096829175949097,210.0,106.0,78.0,28.0,26688,1,1band,2,2020-09-12,False,0.733378529548645,
2_002_20200912_043103(1),1.6338891983032227,209.0,105.0,76.0,29.0,26784,2,3band,2,2020-09-12,False,0.719982922077179,
1_002_20200912_043105(3),1.355520486831665,210.0,143.0,114.0,29.0,26463,1,1band,1,2020-09-12,False,0.7314817905426025,
2_002_20200912_043107(6),1.6036313772201538,209.0,106.0,76.0,30.0,26854,1,1band,2,2020-09-12,False,0.7275813221931458,
2_002_20200912_043112(2),1.556731939315796,209.0,109.0,77.0,32.0,27951,1,1band,2,2020-09-12,False,0.727502703666687,
2_002_20200912_043116(6),1.6338891983032227,210.0,110.0,81.0,29.0,27862,1,1band,2,2020-09-12,False,0.7062171101570129,
2_002_20200912_043121(1),1.5423591136932373,210.0,111.0,81.0,30.0,27851,1,1band,2,2020-09-12,False,0.7130007147789001,
1_002_20200912_043123(2),1.3767088651657104,210.0,143.0,114.0,29.0,26531,1,1band,1,2020-09-12,False,0.7231229543685913,
3_001_20200912_043256(0),3.509828567504883,210.0,128.0,97.0,31.0,51212,1,1band,3,2020-09-12,False,0.6311023831367493,
3_001_20200912_043259(2),3.435697317123413,210.0,129.0,98.0,31.0,51475,1,1band,3,2020-09-12,False,0.5996003150939941,
3_001_20200912_043302(3),3.373669385910034,210.0,129.0,98.0,31.0,51520,1,1band,3,2020-09-12,False,0.6277921199798584,
3_001_20200912_043304(9),3.4947006702423096,210.0,125.0,95.0,30.0,49490,2,3band,3,2020-09-12,False,0.692367672920227,
3_001_20200912_043307(9),3.59303879737854,210.0,125.0,95.0,30.0,49410,1,1band,3,2020-09-12,False,0.5942454934120178,
3_001_20200912_043310(9),3.524958610534668,210.0,125.0,95.0,30.0,49450,1,1band,3,2020-09-12,False,0.6277074217796326,
2_002_20200912_122945(7),1.6157344579696655,210.0,107.0,77.0,30.0,26628,1,1band,2,2020-09-12,False,0.7228958606719971,
2_002_20200912_122948(3),1.6217859983444214,210.0,106.0,76.0,30.0,26683,1,1band,2,2020-09-12,False,0.72902512550354,
2_002_20200912_122951(2),1.5416027307510376,210.0,107.0,77.0,30.0,26761,1,1band,2,2020-09-12,False,0.7270935773849487,
2_002_20200912_122954(2),1.5068062543869019,210.0,107.0,77.0,30.0,26768,1,1band,2,2020-09-12,False,0.7026536464691162,
2_002_20200912_122957(0),1.5915213823318481,210.0,106.0,77.0,29.0,26741,1,1band,2,2020-09-12,False,0.7407842874526978,
2_002_20200912_122959(9),1.6399316787719727,210.0,106.0,76.0,30.0,26768,1,1band,2,2020-09-12,False,0.7415146827697754,
3_001_20200912_123123(1),3.5703368186950684,210.0,125.0,95.0,30.0,49695,1,1band,3,2020-09-12,False,0.6317756175994873,
3_001_20200912_123126(0),3.547652006149292,210.0,125.0,95.0,30.0,49468,1,1band,3,2020-09-12,False,0.6196647882461548,
3_001_20200912_123129(3),3.5400874614715576,210.0,125.0,95.0,30.0,49419,1,1band,3,2020-09-12,False,0.691415548324585,
3_001_20200912_123132(4),3.6232964992523193,210.0,125.0,96.0,29.0,49326,1,1band,3,2020-09-12,False,0.6741493940353394,
3_001_20200912_123135(5),3.6278271675109863,210.0,124.0,95.0,29.0,49279,1,1band,3,2020-09-12,False,0.5515189170837402,
3_001_20200912_123138(5),3.5741190910339355,210.0,125.0,96.0,29.0,49393,1,1band,3,2020-09-12,False,0.5605161190032959,
1_002_20200912_123204(6),1.4674676656723022,210.0,144.0,114.0,30.0,26326,1,1band,1,2020-09-12,False,0.7300220727920532,
1_002_20200912_123207(7),1.4099771976470947,210.0,143.0,117.0,26.0,26352,1,1band,1,2020-09-12,False,0.7483733296394348,
1_002_20200912_123210(6),1.3646091222763062,210.0,143.0,114.0,29.0,26465,1,1band,1,2020-09-12,False,0.7118696570396423,
1_002_20200912_123216(4),1.3449342250823975,210.0,143.0,114.0,29.0,26242,1,1band,1,2020-09-12,False,0.7339404225349426,
1_002_20200912_123219(3),1.331310749053955,210.0,144.0,114.0,30.0,26302,1,1band,1,2020-09-12,False,0.7206808924674988,
1_002_20200912_123222(2),1.4039409160614014,210.0,144.0,115.0,29.0,26226,1,1band,1,2020-09-12,False,0.7304444313049316,
1_002_20200912_163052(9),1.2435630559921265,210.0,143.0,116.0,27.0,26278,1,1band,1,2020-09-12,False,0.7451278567314148,
1_002_20200912_163058(9),1.3388837575912476,210.0,145.0,115.0,30.0,26291,1,1band,1,2020-09-12,False,0.7277714610099792,
1_002_20200912_163101(7),1.3766918182373047,210.0,145.0,115.0,30.0,26176,1,1band,1,2020-09-12,False,0.7312039136886597,
1_002_20200912_163104(6),1.361568570137024,210.0,146.0,114.0,32.0,26227,1,1band,1,2020-09-12,False,0.7175114154815674,
1_002_20200912_163113(5),1.337362289428711,210.0,144.0,114.0,30.0,26260,1,1band,1,2020-09-12,False,0.715722918510437,
1_002_20200912_163116(5),1.3237547874450684,210.0,145.0,115.0,30.0,26325,1,1band,1,2020-09-12,False,0.7503003478050232,
2_002_20200912_163155(6),1.6187618970870972,210.0,107.0,77.0,30.0,26692,1,1band,2,2020-09-12,False,0.7039003968238831,
2_002_20200912_163158(6),1.5627832412719727,210.0,107.0,77.0,30.0,26751,1,1band,2,2020-09-12,False,0.7234369516372681,
2_002_20200912_163201(5),1.5673218965530396,210.0,108.0,77.0,31.0,26734,1,1band,2,2020-09-12,False,0.7157940864562988,
2_002_20200912_163204(3),1.5763992071151733,210.0,108.0,77.0,31.0,26787,1,1band,2,2020-09-12,False,0.7243760824203491,
2_002_20200912_163207(3),1.5461413860321045,210.0,108.0,77.0,31.0,26743,1,1band,2,2020-09-12,False,0.7153472900390625,
2_002_20200912_163210(1),1.5310146808624268,210.0,106.0,77.0,29.0,26840,1,1band,2,2020-09-12,False,0.7237249612808228,
3_001_20200912_163419(0),3.534024477005005,210.0,126.0,97.0,29.0,49682,1,1band,3,2020-09-12,False,0.6695342659950256,
3_001_20200912_163423(5),3.570345401763916,210.0,126.0,97.0,29.0,49652,1,1band,3,2020-09-12,False,0.5537786483764648,
3_001_20200912_163427(9),3.6126973628997803,210.0,126.0,97.0,29.0,49551,1,1band,3,2020-09-12,False,0.6849674582481384,
3_001_20200912_163432(2),3.350984573364258,210.0,125.0,94.0,31.0,49218,1,1band,3,2020-09-12,False,0.6843264698982239,
3_001_20200912_163436(7),3.403935670852661,210.0,125.0,94.0,31.0,49309,1,1band,3,2020-09-12,False,0.6417151093482971,
3_001_20200912_163441(0),3.502265214920044,210.0,125.0,95.0,30.0,49292,1,1band,3,2020-09-12,False,0.5411428809165955,
1_002_20200912_202615(3),1.4145170450210571,210.0,145.0,115.0,30.0,25998,1,1band,1,2020-09-12,False,0.7320459485054016,
2_002_20200912_202615(6),1.6127086877822876,210.0,112.0,79.0,33.0,27172,1,1band,2,2020-09-12,False,0.730513870716095,
1_002_20200912_202619(7),1.4372133016586304,210.0,145.0,115.0,30.0,26259,1,1band,1,2020-09-12,False,0.727453351020813,
2_002_20200912_202620(0),1.5261722803115845,210.0,113.0,81.0,32.0,27399,1,1band,2,2020-09-12,False,0.7327808737754822,
2_002_20200912_202624(4),1.5261722803115845,210.0,113.0,83.0,30.0,27338,2,3band,2,2020-09-12,False,0.7277920246124268,
1_002_20200912_202628(8),1.3752055168151855,210.0,147.0,120.0,27.0,26894,1,1band,1,2020-09-12,False,0.7483271360397339,
2_002_20200912_202629(0),1.7549091577529907,210.0,110.0,81.0,29.0,26302,1,1band,2,2020-09-12,False,0.7319129705429077,
1_002_20200912_202633(1),1.3283042907714844,210.0,147.0,118.0,29.0,26867,1,1band,1,2020-09-12,False,0.7114202976226807,
2_002_20200912_202633(4),1.6535568237304688,210.0,109.0,81.0,28.0,26363,1,1band,2,2020-09-12,False,0.7207534313201904,
1_002_20200912_202637(8),1.3071141242980957,210.0,147.0,119.0,28.0,26787,1,1band,1,2020-09-12,False,0.7482876181602478,
2_002_20200912_202637(9),1.6263247728347778,210.0,109.0,80.0,29.0,26390,1,1band,2,2020-09-12,False,0.7267624735832214,
1_002_20200912_202646(7),1.2814029455184937,210.0,147.0,119.0,28.0,26662,1,1band,1,2020-09-12,False,0.731220543384552,
3_001_20200912_202811(1),3.6006009578704834,210.0,126.0,97.0,29.0,49291,1,1band,3,2020-09-12,False,0.5763224363327026,
3_001_20200912_202815(6),3.6308610439300537,210.0,126.0,96.0,30.0,49387,1,1band,3,2020-09-12,False,0.6694798469543457,
3_001_20200912_202820(0),3.6974191665649414,210.0,126.0,97.0,29.0,49312,1,1band,3,2020-09-12,False,0.6378574967384338,
3_001_20200912_202824(6),3.455354690551758,210.0,129.0,98.0,31.0,51064,1,1band,3,2020-09-12,False,0.6143607497215271,
3_001_20200912_202829(2),3.459892988204956,210.0,129.0,99.0,30.0,51079,1,1band,3,2020-09-12,False,0.6212285757064819,
3_001_20200912_202833(7),3.540086507797241,210.0,128.0,98.0,30.0,51306,1,1band,3,2020-09-12,False,0.6684821844100952,
1_002_20200914_082846(9),1.3555147647857666,210.0,146.0,118.0,28.0,27513,1,1band,1,2020-09-14,False,0.7375404238700867,
1_002_20200914_082856(2),1.3888007402420044,210.0,147.0,115.0,32.0,27797,1,1band,1,2020-09-14,False,0.7382581233978271,
2_002_20200914_082856(6),1.6671648025512695,204.0,104.0,76.0,28.0,27234,1,1band,2,2020-09-14,False,0.7259649634361267,
2_002_20200914_082900(7),1.6096829175949097,205.0,106.0,78.0,28.0,27107,1,1band,2,2020-09-14,False,0.7266209721565247,
2_002_20200914_082903(8),1.6580862998962402,205.0,106.0,77.0,29.0,27152,2,3band,2,2020-09-14,False,0.7312988638877869,
1_002_20200914_082904(6),1.2768466472625732,210.0,147.0,117.0,30.0,27659,1,1band,1,2020-09-14,False,0.7329679131507874,
2_002_20200914_082906(7),1.4614194631576538,204.0,107.0,76.0,31.0,27910,1,1band,2,2020-09-14,False,0.7285448312759399,
2_002_20200914_082909(7),1.539333701133728,205.0,111.0,81.0,30.0,28171,1,1band,2,2020-09-14,False,0.7373864650726318,
1_002_20200914_082910(5),1.4220843315124512,210.0,140.0,110.0,30.0,26287,1,1band,1,2020-09-14,False,0.7395914196968079,
2_002_20200914_082913(3),1.5128577947616577,205.0,110.0,77.0,33.0,28176,1,1band,2,2020-09-14,False,0.7230576276779175,
1_002_20200914_082918(3),1.3343478441238403,210.0,143.0,110.0,33.0,26789,1,1band,1,2020-09-14,False,0.7350072264671326,
1_002_20200914_082925(8),1.349483609199524,210.0,142.0,114.0,28.0,26513,1,1band,1,2020-09-14,False,0.7247337102890015,
3_001_20200914_083101(5),3.3282837867736816,210.0,131.0,98.0,33.0,51644,1,1band,3,2020-09-14,False,0.6352401375770569,
3_001_20200914_083105(1),3.5098297595977783,210.0,130.0,100.0,30.0,51500,1,1band,3,2020-09-14,False,0.5978229641914368,
3_001_20200914_083108(8),3.328294038772583,210.0,130.0,101.0,29.0,51328,1,1band,3,2020-09-14,False,0.6533448100090027,
3_001_20200914_083111(5),3.5627808570861816,210.0,127.0,98.0,29.0,49491,1,1band,3,2020-09-14,False,0.6033862829208374,
3_001_20200914_083114(5),3.553711414337158,210.0,127.0,97.0,30.0,49573,1,1band,3,2020-09-14,False,0.60957932472229,
3_001_20200914_083117(5),3.5521883964538574,210.0,126.0,98.0,28.0,49509,1,1band,3,2020-09-14,False,0.6245120167732239,
1_002_20200914_123926(8),1.4462860822677612,210.0,142.0,114.0,28.0,26546,1,1band,1,2020-09-14,False,0.7205049991607666,
1_002_20200914_123931(3),1.3676270246505737,210.0,142.0,114.0,28.0,26443,1,1band,1,2020-09-14,False,0.7243231534957886,
1_002_20200914_123935(7),1.4402368068695068,210.0,142.0,114.0,28.0,26399,1,1band,1,2020-09-14,False,0.7268862724304199,
2_002_20200914_123939(3),1.6717028617858887,208.0,105.0,74.0,31.0,27078,1,1band,2,2020-09-14,False,0.7369304299354553,
1_002_20200914_123940(1),1.2859240770339966,210.0,147.0,118.0,29.0,27183,1,1band,1,2020-09-14,False,0.7289644479751587,
2_002_20200914_123943(9),1.573373556137085,207.0,105.0,73.0,32.0,26919,1,1band,2,2020-09-14,False,0.7232178449630737,
1_002_20200914_123944(7),1.3040889501571655,210.0,146.0,116.0,30.0,27257,1,1band,1,2020-09-14,False,0.7186775207519531,
2_002_20200914_123948(3),1.6111958026885986,208.0,105.0,74.0,31.0,26843,1,1band,2,2020-09-14,False,0.7251843810081482,
1_002_20200914_123949(5),1.325268268585205,210.0,146.0,114.0,32.0,27298,1,1band,1,2020-09-14,False,0.7043323516845703,
2_002_20200914_123952(7),1.5461413860321045,207.0,107.0,77.0,30.0,27850,1,1band,2,2020-09-14,False,0.7351523041725159,
2_002_20200914_123957(3),1.5703494548797607,207.0,107.0,77.0,30.0,27878,1,1band,2,2020-09-14,False,0.7409741282463074,
2_002_20200914_124001(9),1.559757947921753,208.0,108.0,77.0,31.0,27775,1,1band,2,2020-09-14,False,0.7110281586647034,
3_001_20200914_124151(5),3.4553656578063965,210.0,124.0,95.0,29.0,49681,1,1band,3,2020-09-14,False,0.7056063413619995,
3_001_20200914_124155(9),3.4856200218200684,210.0,124.0,94.0,30.0,49666,1,1band,3,2020-09-14,False,0.6761955618858337,
3_001_20200914_124200(5),3.532519578933716,210.0,124.0,94.0,30.0,49685,1,1band,3,2020-09-14,False,0.6588330864906311,
3_001_20200914_124205(0),3.6475026607513428,210.0,127.0,97.0,30.0,51264,1,1band,3,2020-09-14,False,0.643771231174469,
3_001_20200914_124209(5),3.534036874771118,210.0,127.0,97.0,30.0,51207,1,1band,3,2020-09-14,False,0.6882331371307373,
3_001_20200914_124214(0),3.4084737300872803,210.0,127.0,97.0,30.0,51444,1,1band,3,2020-09-14,False,0.6507395505905151,
1_002_20200914_163056(7),1.406955361366272,210.0,145.0,120.0,25.0,27440,1,1band,1,2020-09-14,False,0.7336373329162598,
2_002_20200914_163059(4),1.5189093351364136,209.0,106.0,77.0,29.0,27977,1,1band,2,2020-09-14,False,0.7173148393630981,
1_002_20200914_163101(1),1.4281426668167114,210.0,146.0,117.0,29.0,27396,1,1band,1,2020-09-14,False,0.7308556437492371,
2_002_20200914_163104(0),1.5763992071151733,209.0,108.0,77.0,31.0,27850,1,1band,2,2020-09-14,False,0.7406538724899292,
1_002_20200914_163105(7),1.3434207439422607,210.0,146.0,116.0,30.0,27364,1,1band,1,2020-09-14,False,0.7386749982833862,
2_002_20200914_163108(5),1.6036313772201538,209.0,108.0,77.0,31.0,27867,1,1band,2,2020-09-14,False,0.7091116309165955,
1_002_20200914_163110(1),1.41754949092865,210.0,143.0,114.0,29.0,26490,1,1band,1,2020-09-14,False,0.7395128011703491,
2_002_20200914_163113(0),1.633880615234375,209.0,105.0,76.0,29.0,27018,1,1band,2,2020-09-14,False,0.7126625776290894,
1_002_20200914_163114(5),1.3646091222763062,210.0,143.0,113.0,30.0,26523,1,1band,1,2020-09-14,False,0.7323391437530518,
2_002_20200914_163117(5),1.6717114448547363,209.0,105.0,75.0,30.0,26886,1,1band,2,2020-09-14,False,0.7035226225852966,
1_002_20200914_163119(3),1.3842693567276,210.0,143.0,113.0,30.0,26471,1,1band,1,2020-09-14,False,0.7148528099060059,
2_002_20200914_163122(1),1.603622317314148,210.0,106.0,77.0,29.0,26805,1,1band,2,2020-09-14,False,0.7283169031143188,
3_001_20200914_163305(1),3.5945515632629395,210.0,127.0,99.0,28.0,51718,1,1band,3,2020-09-14,False,0.6561399102210999,
3_001_20200914_163315(7),3.6490135192871094,210.0,126.0,95.0,31.0,51156,1,1band,3,2020-09-14,False,0.7015584111213684,
3_001_20200914_163320(2),3.437209129333496,210.0,127.0,97.0,30.0,51297,1,1band,3,2020-09-14,False,0.6995545625686646,
3_001_20200914_163324(7),3.5733633041381836,210.0,124.0,94.0,30.0,49556,1,1band,3,2020-09-14,False,0.6581598520278931,
3_001_20200914_163333(8),3.468226909637451,210.0,123.0,93.0,30.0,49570,1,1band,3,2020-09-14,False,0.6675133109092712,
3_001_20200914_163338(3),3.567319631576538,210.0,124.0,94.0,30.0,49609,1,1band,3,2020-09-14,False,0.6876690983772278,
1_002_20200914_202928(5),1.343428611755371,210.0,143.0,113.0,30.0,26478,1,1band,1,2020-09-14,False,0.715200662612915,
1_002_20200914_202931(6),1.3645910024642944,210.0,144.0,114.0,30.0,26472,1,1band,1,2020-09-14,False,0.72547447681427,
1_002_20200914_202934(5),1.3434184789657593,210.0,144.0,114.0,30.0,26421,1,1band,1,2020-09-14,False,0.7238792181015015,
1_002_20200914_202937(6),1.363088846206665,210.0,143.0,114.0,29.0,26458,1,1band,1,2020-09-14,False,0.7403771877288818,
1_002_20200914_202943(5),1.3252739906311035,210.0,143.0,114.0,29.0,26428,1,1band,1,2020-09-14,False,0.7192049622535706,
1_002_20200914_202948(1),1.3434139490127563,210.0,143.0,114.0,29.0,26552,1,1band,1,2020-09-14,False,0.7030925750732422,
2_002_20200914_203029(2),1.6278376579284668,210.0,106.0,78.0,28.0,26825,1,1band,2,2020-09-14,False,0.7120830416679382,
2_002_20200914_203032(1),1.5975797176361084,210.0,106.0,77.0,29.0,26858,1,1band,2,2020-09-14,False,0.7436736822128296,
2_002_20200914_203035(2),1.5975815057754517,210.0,107.0,77.0,30.0,26828,1,1band,2,2020-09-14,False,0.736208975315094,
2_002_20200914_203038(1),1.6217859983444214,210.0,106.0,77.0,29.0,26864,1,1band,2,2020-09-14,False,0.7317839860916138,
2_002_20200914_203041(1),1.6338891983032227,210.0,106.0,77.0,29.0,26869,1,1band,2,2020-09-14,False,0.715801477432251,
2_002_20200914_203045(7),1.6338891983032227,210.0,106.0,77.0,29.0,26943,1,1band,2,2020-09-14,False,0.7187540531158447,
3_001_20200914_203322(0),3.547651767730713,210.0,125.0,96.0,29.0,49657,1,1band,3,2020-09-14,False,0.6448190212249756,
3_001_20200914_203326(4),3.6838107109069824,210.0,125.0,96.0,29.0,49756,1,1band,3,2020-09-14,False,0.4864411056041717,
3_001_20200914_203330(8),3.59757399559021,210.0,124.0,95.0,29.0,49540,1,1band,3,2020-09-14,False,0.528864324092865,
3_001_20200914_203335(4),3.6081676483154297,210.0,125.0,95.0,30.0,49511,1,1band,3,2020-09-14,False,0.6387578248977661,
3_001_20200914_203340(0),3.5627808570861816,210.0,125.0,95.0,30.0,49497,1,1band,3,2020-09-14,False,0.648870587348938,
3_001_20200914_203344(4),3.6187498569488525,210.0,124.0,95.0,29.0,49404,1,1band,3,2020-09-14,False,0.6750527024269104,
1_002_20200915_003458(4),1.3570361137390137,210.0,144.0,115.0,29.0,26799,1,1band,1,2020-09-15,False,0.7106910943984985,
2_002_20200915_003459(4),1.6210296154022217,210.0,107.0,75.0,32.0,26932,1,1band,2,2020-09-15,False,0.7390686869621277,
2_002_20200915_003502(0),1.6656502485275269,210.0,107.0,77.0,30.0,26878,2,3band,2,2020-09-15,False,0.7211536765098572,
2_002_20200915_003504(5),1.5839654207229614,210.0,107.0,77.0,30.0,26847,1,1band,2,2020-09-15,False,0.7422159910202026,
1_002_20200915_003505(7),1.3313277959823608,210.0,145.0,113.0,32.0,26628,1,1band,1,2020-09-15,False,0.7357462644577026,
2_002_20200915_003507(2),1.6232988834381104,210.0,107.0,77.0,30.0,26922,2,3band,2,2020-09-15,False,0.7366032600402832,
2_002_20200915_003509(8),1.5885040760040283,210.0,107.0,76.0,31.0,26887,1,1band,2,2020-09-15,False,0.7197990417480469,
1_002_20200915_003510(7),1.2829005718231201,210.0,146.0,113.0,33.0,26653,1,1band,1,2020-09-15,False,0.7182790040969849,
2_002_20200915_003512(4),1.6853275299072266,210.0,108.0,77.0,31.0,26887,1,1band,2,2020-09-15,False,0.7448475956916809,
1_002_20200915_003515(6),1.3751953840255737,210.0,143.0,111.0,32.0,26438,1,1band,1,2020-09-15,False,0.7079028487205505,
1_002_20200915_003523(1),1.2919836044311523,210.0,144.0,110.0,34.0,26424,1,1band,1,2020-09-15,False,0.7468473315238953,
1_002_20200915_003532(1),1.4213321208953857,210.0,141.0,108.0,33.0,26063,1,1band,1,2020-09-15,False,0.7152782082557678,
3_001_20200915_003734(8),3.6694321632385254,210.0,123.0,93.0,30.0,49587,2,3band,3,2020-09-15,False,0.6333476305007935,
3_001_20200915_003737(5),3.7533979415893555,210.0,124.0,92.0,32.0,49916,1,1band,3,2020-09-15,False,0.6291395425796509,
3_001_20200915_003740(4),3.8366029262542725,210.0,122.0,90.0,32.0,49594,2,3band,3,2020-09-15,False,0.6729799509048462,
3_001_20200915_003743(5),3.4614171981811523,210.0,126.0,92.0,34.0,50373,1,1band,3,2020-09-15,False,0.614290714263916,
3_001_20200915_003746(5),3.5370571613311768,210.0,122.0,91.0,31.0,49262,1,1band,3,2020-09-15,False,0.5566484928131104,
3_001_20200915_003749(6),3.827531337738037,210.0,120.0,89.0,31.0,48432,1,1band,3,2020-09-15,False,0.5763069987297058,
1_002_20200915_043352(7),1.4417468309402466,210.0,139.0,110.0,29.0,25382,1,1band,1,2020-09-15,False,0.7459294199943542,
1_002_20200915_043355(3),1.3993971347808838,210.0,141.0,112.0,29.0,25802,1,1band,1,2020-09-15,False,0.7332236170768738,
1_002_20200915_043358(1),1.3464510440826416,210.0,141.0,110.0,31.0,25538,1,1band,1,2020-09-15,False,0.7092365026473999,
1_002_20200915_043401(0),1.3767032623291016,210.0,140.0,108.0,32.0,25498,1,1band,1,2020-09-15,False,0.725672721862793,
2_002_20200915_043405(0),1.5915281772613525,210.0,108.0,77.0,31.0,26928,1,1band,2,2020-09-15,False,0.7264562845230103,
1_002_20200915_043406(9),1.3328299522399902,210.0,141.0,109.0,32.0,25567,1,1band,1,2020-09-15,False,0.7172397375106812,
2_002_20200915_043410(8),1.5733734369277954,210.0,106.0,76.0,30.0,26931,1,1band,2,2020-09-15,False,0.734038770198822,
2_002_20200915_043413(6),1.5612703561782837,210.0,108.0,76.0,32.0,26840,1,1band,2,2020-09-15,False,0.7270464301109314,
1_002_20200915_043416(7),1.3373624086380005,210.0,142.0,110.0,32.0,25922,1,1band,1,2020-09-15,False,0.723874032497406,
2_002_20200915_043416(5),1.6021201610565186,210.0,107.0,76.0,31.0,26963,1,1band,2,2020-09-15,False,0.7134501338005066,
2_002_20200915_043419(5),1.6217859983444214,210.0,106.0,75.0,31.0,27023,1,1band,2,2020-09-15,False,0.726861298084259,
2_002_20200915_043422(4),1.597579836845398,210.0,107.0,75.0,32.0,26904,1,1band,2,2020-09-15,False,0.7210302948951721,
3_001_20200915_043556(4),3.5968167781829834,210.0,125.0,95.0,30.0,49893,1,1band,3,2020-09-15,False,0.6528749465942383,
3_001_20200915_043601(0),3.5249557495117188,210.0,125.0,94.0,31.0,49761,1,1band,3,2020-09-15,False,0.6932910680770874,
3_001_20200915_043605(3),3.521932601928711,210.0,124.0,93.0,31.0,49551,1,1band,3,2020-09-15,False,0.4734672605991363,
3_001_20200915_043609(9),3.4402365684509277,210.0,124.0,92.0,32.0,49705,1,1band,3,2020-09-15,False,0.6466049551963806,
3_001_20200915_043614(4),3.4281322956085205,210.0,122.0,91.0,31.0,49539,1,1band,3,2020-09-15,False,0.6498720049858093,
3_001_20200915_043618(9),3.425867795944214,210.0,123.0,92.0,31.0,49863,1,1band,3,2020-09-15,False,0.6572368144989014,
2_002_20200915_083044(8),1.5431156158447266,210.0,110.0,79.0,31.0,27426,1,1band,2,2020-09-15,False,0.7218353152275085,
2_002_20200915_083047(9),1.6036312580108643,210.0,110.0,79.0,31.0,27508,1,1band,2,2020-09-15,False,0.724319338798523,
2_002_20200915_083050(8),1.498031735420227,210.0,111.0,81.0,30.0,27469,2,3band,2,2020-09-15,False,0.6878448128700256,
1_002_20200915_083053(7),1.3751885890960693,210.0,143.0,114.0,29.0,26720,1,1band,1,2020-09-15,False,0.7341324090957642,
2_002_20200915_083053(9),1.6217859983444214,210.0,108.0,78.0,30.0,26484,1,1band,2,2020-09-15,False,0.7190055847167969,
1_002_20200915_083056(7),1.325247883796692,210.0,144.0,114.0,30.0,26609,1,1band,1,2020-09-15,False,0.7280380129814148,
2_002_20200915_083056(9),1.671712040901184,210.0,109.0,78.0,31.0,26536,2,3band,2,2020-09-15,False,0.7220677137374878,
2_002_20200915_083059(9),1.6210296154022217,210.0,109.0,79.0,30.0,26456,1,1band,2,2020-09-15,False,0.7233524322509766,
1_002_20200915_083101(1),1.3706538677215576,210.0,144.0,114.0,30.0,26578,1,1band,1,2020-09-15,False,0.7161518931388855,
1_002_20200915_083104(1),1.337362289428711,210.0,147.0,118.0,29.0,27528,1,1band,1,2020-09-15,False,0.7424811720848083,
1_002_20200915_083107(1),1.3161897659301758,210.0,147.0,118.0,29.0,27414,1,1band,1,2020-09-15,False,0.7306691408157349,
1_002_20200915_083117(6),1.320730209350586,210.0,147.0,115.0,32.0,27485,1,1band,1,2020-09-15,False,0.7208070158958435,
3_001_20200915_083241(0),3.5642905235290527,210.0,124.0,96.0,28.0,49518,2,3band,3,2020-09-15,False,0.6634901165962219,
3_001_20200915_083245(4),3.6989383697509766,210.0,125.0,94.0,31.0,49662,1,1band,3,2020-09-15,False,0.6639428734779358,
3_001_20200915_083250(0),3.518907070159912,210.0,124.0,95.0,29.0,49404,1,1band,3,2020-09-15,False,0.684849739074707,
3_001_20200915_083254(5),3.573380708694458,210.0,127.0,97.0,30.0,51397,1,1band,3,2020-09-15,False,0.6405330896377563,
3_001_20200915_083259(0),3.5537025928497314,210.0,127.0,97.0,30.0,51350,1,1band,3,2020-09-15,False,0.6670515537261963,
3_001_20200915_083303(4),3.605139970779419,210.0,127.0,97.0,30.0,51229,1,1band,3,2020-09-15,False,0.666179358959198,
1_002_20200915_123113(2),1.416043996810913,210.0,143.0,115.0,28.0,26764,2,3band,1,2020-09-15,False,0.7062537670135498,
1_002_20200915_123117(6),1.3608214855194092,210.0,143.0,115.0,28.0,26508,1,1band,1,2020-09-15,False,0.7098692059516907,
2_002_20200915_123120(2),1.6641384363174438,210.0,105.0,76.0,29.0,26707,1,1band,2,2020-09-15,False,0.7271085381507874,
2_002_20200915_123124(8),1.6459832191467285,210.0,106.0,76.0,30.0,26606,1,1band,2,2020-09-15,False,0.7148434519767761,
1_002_20200915_123126(5),1.4523398876190186,210.0,142.0,114.0,28.0,26515,1,1band,1,2020-09-15,False,0.7170372009277344,
2_002_20200915_123129(4),1.6520347595214844,210.0,106.0,76.0,30.0,26646,1,1band,2,2020-09-15,False,0.7201687693595886,
1_002_20200915_123131(1),1.344171166419983,210.0,147.0,117.0,30.0,27665,1,1band,1,2020-09-15,False,0.7288551926612854,
2_002_20200915_123133(8),1.6036312580108643,210.0,110.0,79.0,31.0,27632,1,1band,2,2020-09-15,False,0.706822395324707,
1_002_20200915_123135(7),1.257177472114563,210.0,147.0,117.0,30.0,27530,1,1band,1,2020-09-15,False,0.7447263598442078,
2_002_20200915_123138(3),1.6036312580108643,210.0,110.0,77.0,33.0,27629,1,1band,2,2020-09-15,False,0.7189469933509827,
1_002_20200915_123140(1),1.3925933837890625,210.0,147.0,116.0,31.0,27591,1,1band,1,2020-09-15,False,0.727998673915863,
2_002_20200915_123142(8),1.618760585784912,210.0,111.0,77.0,34.0,27660,1,1band,2,2020-09-15,False,0.7103326320648193,
3_001_20200915_123359(7),3.483351230621338,210.0,125.0,96.0,29.0,49866,1,1band,3,2020-09-15,False,0.6002913117408752,
3_001_20200915_123404(4),3.5794193744659424,210.0,124.0,95.0,29.0,49672,1,1band,3,2020-09-15,False,0.6317165493965149,
3_001_20200915_123409(0),3.6187498569488525,210.0,124.0,95.0,29.0,49607,1,1band,3,2020-09-15,False,0.6566612720489502,
3_001_20200915_123413(3),3.5204193592071533,210.0,128.0,98.0,30.0,51528,1,1band,3,2020-09-15,False,0.6984242796897888,
3_001_20200915_123417(9),3.5468955039978027,210.0,127.0,98.0,29.0,51335,1,1band,3,2020-09-15,False,0.7020728588104248,
3_001_20200915_123422(2),3.6202690601348877,210.0,127.0,98.0,29.0,51402,1,1band,3,2020-09-15,False,0.7065757513046265,
1_002_20200915_163129(0),1.2874466180801392,210.0,147.0,117.0,30.0,27431,1,1band,1,2020-09-15,False,0.7227751016616821,
1_002_20200915_163133(5),1.3615798950195312,210.0,148.0,115.0,33.0,27405,1,1band,1,2020-09-15,False,0.7388784885406494,
1_002_20200915_163144(0),1.320730209350586,210.0,148.0,115.0,33.0,27551,1,1band,1,2020-09-15,False,0.7339538335800171,
2_002_20200915_163147(0),1.664140224456787,210.0,106.0,76.0,30.0,26629,1,1band,2,2020-09-15,False,0.7234739661216736,
2_002_20200915_163150(3),1.5975797176361084,210.0,106.0,76.0,30.0,26613,1,1band,2,2020-09-15,False,0.7468690276145935,
2_002_20200915_163153(6),1.6807887554168701,210.0,109.0,79.0,30.0,26633,1,1band,2,2020-09-15,False,0.7353603839874268,
1_002_20200915_163154(5),1.3736717700958252,210.0,144.0,113.0,31.0,26514,1,1band,1,2020-09-15,False,0.7230222821235657,
1_002_20200915_163158(9),1.3918263912200928,210.0,144.0,114.0,30.0,26571,1,1band,1,2020-09-15,False,0.7323262095451355,
2_002_20200915_163158(2),1.6018162965774536,210.0,112.0,81.0,31.0,27614,2,3band,2,2020-09-15,False,0.7155154347419739,
1_002_20200915_163203(4),1.4009003639221191,210.0,144.0,114.0,30.0,26483,1,1band,1,2020-09-15,False,0.7143805623054504,
2_002_20200915_163204(1),1.6036312580108643,210.0,110.0,78.0,32.0,27470,1,1band,2,2020-09-15,False,0.729000449180603,
2_002_20200915_163207(2),1.5888053178787231,210.0,111.0,78.0,33.0,27601,1,1band,2,2020-09-15,False,0.7214188575744629,
3_001_20200915_164139(8),3.5975773334503174,210.0,127.0,97.0,30.0,50011,1,1band,3,2020-09-15,False,0.5161113739013672,
3_001_20200915_164147(9),3.4553656578063965,210.0,127.0,97.0,30.0,49930,1,1band,3,2020-09-15,False,0.5696759819984436,
3_001_20200915_164151(3),3.6142079830169678,210.0,127.0,97.0,30.0,50026,1,1band,3,2020-09-15,False,0.491856575012207,
3_001_20200915_164155(7),3.4228384494781494,210.0,129.0,99.0,30.0,51698,1,1band,3,2020-09-15,False,0.6766682863235474,
3_001_20200915_164159(6),3.5718584060668945,210.0,129.0,99.0,30.0,52041,1,1band,3,2020-09-15,False,0.6638551950454712,
3_001_20200915_164202(8),3.4916744232177734,210.0,129.0,99.0,30.0,51441,1,1band,3,2020-09-15,False,0.5374534726142883,
1_002_20200915_203209(5),1.3464566469192505,210.0,145.0,117.0,28.0,26772,1,1band,1,2020-09-15,False,0.7167823314666748,
1_002_20200915_203212(5),1.285927414894104,210.0,144.0,116.0,28.0,26857,1,1band,1,2020-09-15,False,0.734481930732727,
1_002_20200915_203215(5),1.35249924659729,210.0,144.0,115.0,29.0,26907,1,1band,1,2020-09-15,False,0.7453123927116394,
1_002_20200915_203218(5),1.3343478441238403,210.0,143.0,114.0,29.0,26416,1,1band,1,2020-09-15,False,0.7208505868911743,
2_002_20200915_203221(1),1.6338891983032227,210.0,110.0,81.0,29.0,27072,1,1band,2,2020-09-15,False,0.7173739671707153,
1_002_20200915_203224(4),1.3736717700958252,210.0,142.0,113.0,29.0,25930,1,1band,1,2020-09-15,False,0.7221725583076477,
2_002_20200915_203224(0),1.5582444667816162,210.0,109.0,78.0,31.0,27217,1,1band,2,2020-09-15,False,0.7481697797775269,
2_002_20200915_203227(0),1.5733734369277954,210.0,110.0,78.0,32.0,27370,1,1band,2,2020-09-15,False,0.7056937217712402,
1_002_20200915_203229(1),1.3736717700958252,210.0,144.0,114.0,30.0,26354,1,1band,1,2020-09-15,False,0.7389761805534363,
2_002_20200915_203230(0),1.6369149684906006,210.0,107.0,77.0,30.0,27218,1,1band,2,2020-09-15,False,0.7175332307815552,
2_002_20200915_203233(0),1.6036312580108643,210.0,110.0,80.0,30.0,27294,1,1band,2,2020-09-15,False,0.7097678184509277,
2_002_20200915_203236(0),1.5885024070739746,210.0,108.0,78.0,30.0,26783,2,3band,2,2020-09-15,False,0.719307541847229,
3_001_20200915_203430(3),3.5007524490356445,210.0,127.0,99.0,28.0,50701,1,1band,3,2020-09-15,False,0.5911466479301453,
3_001_20200915_203446(9),3.3948588371276855,210.0,126.0,97.0,29.0,49089,1,1band,3,2020-09-15,False,0.6808568835258484,
3_001_20200915_203451(3),3.6611154079437256,210.0,124.0,95.0,29.0,48507,1,1band,3,2020-09-15,False,0.6943342089653015,
3_001_20200915_203455(9),3.6096765995025635,210.0,123.0,95.0,28.0,48276,1,1band,3,2020-09-15,False,0.6410636901855469,
3_001_20200915_203500(5),3.582437038421631,210.0,124.0,95.0,29.0,48232,1,1band,3,2020-09-15,False,0.6900063753128052,
3_001_20200915_203504(9),3.621783494949341,210.0,123.0,93.0,30.0,48267,1,1band,3,2020-09-15,False,0.6776667237281799,
2_002_20200915_215738(0),1.791223168373108,210.0,102.0,135.0,-33.0,25865,1,1band,2,2020-09-15,False,0.65790855884552,
1_002_20200916_003104(1),1.3025754690170288,210.0,147.0,116.0,31.0,27566,1,1band,1,2020-09-16,False,0.7055138349533081,
1_002_20200916_003107(1),1.2844207286834717,210.0,147.0,117.0,30.0,27448,1,1band,1,2020-09-16,False,0.719880998134613,
2_002_20200916_003108(4),1.5585473775863647,210.0,111.0,80.0,31.0,27502,1,1band,2,2020-09-16,False,0.7330262064933777,
1_002_20200916_003110(0),1.255674123764038,210.0,147.0,118.0,29.0,27514,1,1band,1,2020-09-16,False,0.7051281332969666,
2_002_20200916_003111(4),1.5582448244094849,210.0,111.0,81.0,30.0,27528,1,1band,2,2020-09-16,False,0.7292875647544861,
1_002_20200916_003113(0),1.2859240770339966,210.0,147.0,119.0,28.0,27453,1,1band,1,2020-09-16,False,0.7099135518074036,
2_002_20200916_003114(5),1.5582448244094849,210.0,111.0,80.0,31.0,27486,1,1band,2,2020-09-16,False,0.7070523500442505,
1_002_20200916_003115(9),1.2738322019577026,210.0,147.0,119.0,28.0,27489,1,1band,1,2020-09-16,False,0.7165621519088745,
2_002_20200916_003117(4),1.5431163311004639,210.0,112.0,79.0,33.0,27547,1,1band,2,2020-09-16,False,0.7059317231178284,
1_002_20200916_003118(8),1.2806377410888672,210.0,147.0,118.0,29.0,27547,1,1band,1,2020-09-16,False,0.7202218174934387,
2_002_20200916_003120(4),1.4986376762390137,210.0,113.0,79.0,34.0,27542,1,1band,2,2020-09-16,False,0.7252455949783325,
2_002_20200916_003123(4),1.514068603515625,210.0,112.0,78.0,34.0,27537,1,1band,2,2020-09-16,False,0.7088887095451355,
3_001_20200916_003358(0),3.3479511737823486,210.0,131.0,101.0,30.0,51481,1,1band,3,2020-09-16,False,0.5286415815353394,
3_001_20200916_003402(5),3.3180716037750244,210.0,131.0,101.0,30.0,51683,1,1band,3,2020-09-16,False,0.6681363582611084,
3_001_20200916_003407(1),3.3585405349731445,210.0,130.0,100.0,30.0,51502,1,1band,3,2020-09-16,False,0.6506860256195068,
3_001_20200916_003411(6),3.474282741546631,210.0,128.0,98.0,30.0,51051,1,1band,3,2020-09-16,False,0.6240113973617554,
3_001_20200916_003416(1),3.378220319747925,210.0,131.0,99.0,32.0,51810,1,1band,3,2020-09-16,False,0.6135730147361755,
3_001_20200916_003420(6),3.449308395385742,210.0,130.0,99.0,31.0,51362,1,1band,3,2020-09-16,False,0.6065449118614197,
2_002_20200916_043144(0),1.5727689266204834,210.0,112.0,82.0,30.0,27586,1,1band,2,2020-09-16,False,0.7325307130813599,
2_002_20200916_043146(9),1.5727689266204834,210.0,112.0,83.0,29.0,27535,1,1band,2,2020-09-16,False,0.7160772681236267,
1_002_20200916_043147(8),1.341902732849121,210.0,147.0,120.0,27.0,27717,1,1band,1,2020-09-16,False,0.7160730361938477,
1_002_20200916_043150(7),1.3388656377792358,210.0,147.0,120.0,27.0,27597,1,1band,1,2020-09-16,False,0.7000980973243713,
2_002_20200916_043150(0),1.4541583061218262,210.0,112.0,79.0,33.0,27659,1,1band,2,2020-09-16,False,0.7146982550621033,
2_002_20200916_043152(7),1.5882000923156738,210.0,111.0,79.0,32.0,27602,1,1band,2,2020-09-16,False,0.7217782735824585,
1_002_20200916_043153(7),1.3252671957015991,210.0,147.0,117.0,30.0,27683,1,1band,1,2020-09-16,False,0.72421795129776,
2_002_20200916_043155(6),1.5727689266204834,210.0,112.0,78.0,34.0,27649,1,1band,2,2020-09-16,False,0.7130038142204285,
1_002_20200916_043156(6),1.3040786981582642,210.0,147.0,121.0,26.0,27604,1,1band,1,2020-09-16,False,0.7261785864830017,
2_002_20200916_043158(6),1.557337760925293,210.0,113.0,77.0,36.0,27867,1,1band,2,2020-09-16,False,0.6878610253334045,
1_002_20200916_043202(6),1.2708064317703247,210.0,150.0,115.0,35.0,27727,1,1band,1,2020-09-16,False,0.7048014402389526,
1_002_20200916_043211(3),1.2344948053359985,210.0,148.0,118.0,30.0,27786,1,1band,1,2020-09-16,False,0.705890417098999,
3_001_20200916_043423(1),3.3184499740600586,210.0,131.0,101.0,30.0,51610,1,1band,3,2020-09-16,False,0.6860098242759705,
3_001_20200916_043427(7),3.258312463760376,210.0,131.0,100.0,31.0,51581,1,1band,3,2020-09-16,False,0.5967732071876526,
3_001_20200916_043432(0),3.377830982208252,210.0,131.0,102.0,29.0,51594,1,1band,3,2020-09-16,False,0.6843860149383545,
3_001_20200916_043436(2),3.407721757888794,210.0,131.0,102.0,29.0,51741,1,1band,3,2020-09-16,False,0.6165555119514465,
3_001_20200916_043440(6),3.4375789165496826,210.0,131.0,102.0,29.0,51854,1,1band,3,2020-09-16,False,0.6562104821205139,
3_001_20200916_043445(1),3.377830982208252,210.0,131.0,103.0,28.0,51677,1,1band,3,2020-09-16,False,0.600024938583374,
1_002_20200916_083037(0),1.3804783821105957,210.0,145.0,114.0,31.0,27162,1,1band,1,2020-09-16,False,0.7355000972747803,
1_002_20200916_083045(8),1.3434252738952637,210.0,147.0,118.0,29.0,27419,1,1band,1,2020-09-16,False,0.7247523069381714,
1_002_20200916_083050(2),1.296523928642273,210.0,147.0,118.0,29.0,27457,1,1band,1,2020-09-16,False,0.7053487300872803,
1_002_20200916_083057(6),1.3146729469299316,210.0,143.0,114.0,29.0,26318,1,1band,1,2020-09-16,False,0.7176971435546875,
2_002_20200916_083057(9),1.70953369140625,210.0,109.0,78.0,31.0,26262,1,1band,2,2020-09-16,False,0.7268491983413696,
2_002_20200916_083102(3),1.6777629852294922,210.0,109.0,79.0,30.0,26479,1,1band,2,2020-09-16,False,0.7187774181365967,
1_002_20200916_083106(3),1.3313266038894653,210.0,144.0,114.0,30.0,26258,1,1band,1,2020-09-16,False,0.7397333979606628,
2_002_20200916_083106(8),1.582451343536377,210.0,108.0,77.0,31.0,26362,1,1band,2,2020-09-16,False,0.7299358248710632,
2_002_20200916_083111(3),1.452947974205017,210.0,112.0,81.0,31.0,27582,1,1band,2,2020-09-16,False,0.7202491760253906,
2_002_20200916_083115(8),1.498031735420227,210.0,111.0,81.0,30.0,27480,2,3band,2,2020-09-16,False,0.7259215712547302,
2_002_20200916_083120(2),1.557639718055725,210.0,111.0,79.0,32.0,27415,1,1band,2,2020-09-16,False,0.7247735857963562,
1_002_20200916_083126(7),1.2919676303863525,210.0,144.0,114.0,30.0,26422,1,1band,1,2020-09-16,False,0.7306556105613708,
3_001_20200916_083309(1),3.4629292488098145,210.0,129.0,100.0,29.0,51094,1,1band,3,2020-09-16,False,0.6568624973297119,
3_001_20200916_083313(6),3.3903112411499023,210.0,129.0,99.0,30.0,50889,1,1band,3,2020-09-16,False,0.5366314053535461,
3_001_20200916_083318(0),3.378218173980713,210.0,129.0,101.0,28.0,51152,1,1band,3,2020-09-16,False,0.6293714046478271,
3_001_20200916_083322(4),3.564293622970581,210.0,127.0,98.0,29.0,49474,2,3band,3,2020-09-16,False,0.6730412244796753,
3_001_20200916_083327(0),3.496213674545288,210.0,127.0,98.0,29.0,49323,1,1band,3,2020-09-16,False,0.5407088398933411,
3_001_20200916_083331(6),3.453852653503418,210.0,127.0,98.0,29.0,49381,1,1band,3,2020-09-16,False,0.6559787392616272,
1_002_20200916_122636(6),1.367631435394287,210.0,144.0,117.0,27.0,26231,1,1band,1,2020-09-16,False,0.7381991744041443,
2_002_20200916_122640(9),1.527986764907837,210.0,108.0,79.0,29.0,26610,1,1band,2,2020-09-16,False,0.7348079085350037,
1_002_20200916_122641(1),1.3343286514282227,210.0,144.0,114.0,30.0,26175,1,1band,1,2020-09-16,False,0.7211438417434692,
1_002_20200916_122645(6),1.3857839107513428,210.0,144.0,115.0,29.0,26197,1,1band,1,2020-09-16,False,0.7334920763969421,
2_002_20200916_122645(5),1.5733745098114014,210.0,108.0,76.0,32.0,26608,1,1band,2,2020-09-16,False,0.7248890995979309,
1_002_20200916_122650(1),1.2556757926940918,210.0,147.0,121.0,26.0,27099,1,1band,1,2020-09-16,False,0.7407956123352051,
2_002_20200916_122650(1),1.5824507474899292,210.0,108.0,76.0,32.0,26567,1,1band,2,2020-09-16,False,0.7323828935623169,
1_002_20200916_122654(7),1.2995383739471436,210.0,147.0,118.0,29.0,27119,1,1band,1,2020-09-16,False,0.7294154763221741,
2_002_20200916_122654(5),1.557639718055725,210.0,111.0,80.0,31.0,27473,1,1band,2,2020-09-16,False,0.7088652849197388,
1_002_20200916_122659(2),1.2874466180801392,210.0,147.0,118.0,29.0,27088,1,1band,1,2020-09-16,False,0.717003345489502,
2_002_20200916_122659(0),1.5733734369277954,210.0,110.0,80.0,30.0,27505,1,1band,2,2020-09-16,False,0.7037720084190369,
2_002_20200916_122703(5),1.617550253868103,210.0,111.0,79.0,32.0,27443,1,1band,2,2020-09-16,False,0.718861997127533,
3_001_20200916_122859(1),3.5173957347869873,210.0,127.0,97.0,30.0,49443,1,1band,3,2020-09-16,False,0.5430039763450623,
3_001_20200916_122903(5),3.638415813446045,210.0,127.0,97.0,30.0,49465,1,1band,3,2020-09-16,False,0.5556391477584839,
3_001_20200916_122908(1),3.57942271232605,210.0,127.0,97.0,30.0,49300,1,1band,3,2020-09-16,False,0.62237149477005,
3_001_20200916_122912(6),3.447800874710083,210.0,129.0,100.0,29.0,51213,1,1band,3,2020-09-16,False,0.6162994503974915,
3_001_20200916_122917(1),3.5397093296051025,210.0,129.0,100.0,29.0,51211,1,1band,3,2020-09-16,False,0.5878832936286926,
3_001_20200916_122921(6),3.424351215362549,210.0,129.0,100.0,29.0,51093,1,1band,3,2020-09-16,False,0.6608611345291138,
1_002_20200916_203122(3),1.366109013557434,210.0,147.0,121.0,26.0,27383,1,1band,1,2020-09-16,False,0.734394371509552,
1_002_20200916_203126(3),1.3419010639190674,210.0,147.0,120.0,27.0,27390,1,1band,1,2020-09-16,False,0.7442114353179932,
1_002_20200916_203130(2),1.3509767055511475,210.0,147.0,118.0,29.0,27284,1,1band,1,2020-09-16,False,0.7294012308120728,
2_002_20200916_203132(4),1.557639718055725,210.0,111.0,83.0,28.0,27158,1,1band,2,2020-09-16,False,0.7198781371116638,
1_002_20200916_203134(2),1.355517029762268,210.0,147.0,118.0,29.0,27371,1,1band,1,2020-09-16,False,0.7072941064834595,
2_002_20200916_203136(3),1.5733734369277954,210.0,110.0,82.0,28.0,26963,1,1band,2,2020-09-16,False,0.7345018982887268,
1_002_20200916_203138(2),1.382748007774353,210.0,146.0,117.0,29.0,26984,1,1band,1,2020-09-16,False,0.7277817726135254,
2_002_20200916_203140(2),1.677460789680481,210.0,111.0,81.0,30.0,26878,1,1band,2,2020-09-16,False,0.7210625410079956,
1_002_20200916_203142(2),1.3842676877975464,210.0,145.0,118.0,27.0,27223,1,1band,1,2020-09-16,False,0.7462372183799744,
2_002_20200916_203144(3),1.6338891983032227,210.0,110.0,81.0,29.0,26863,1,1band,2,2020-09-16,False,0.7314984202384949,
2_002_20200916_203148(2),1.7246626615524292,210.0,110.0,81.0,29.0,26693,1,1band,2,2020-09-16,False,0.7321862578392029,
2_002_20200916_203152(3),1.6641470193862915,210.0,110.0,81.0,29.0,26757,1,1band,2,2020-09-16,False,0.7352373600006104,
1_002_20200917_003202(9),1.340386986732483,210.0,148.0,117.0,31.0,27678,1,1band,1,2020-09-17,False,0.6931531429290771,
1_002_20200917_003206(8),1.3388848304748535,210.0,147.0,120.0,27.0,27369,1,1band,1,2020-09-17,False,0.7367362380027771,
1_002_20200917_003210(8),1.3464397192001343,210.0,147.0,118.0,29.0,27444,1,1band,1,2020-09-17,False,0.7363298535346985,
1_002_20200917_003214(8),1.355517029762268,210.0,147.0,119.0,28.0,27510,1,1band,1,2020-09-17,False,0.7246391177177429,
1_002_20200917_003218(8),1.3736717700958252,210.0,146.0,118.0,28.0,27464,1,1band,1,2020-09-17,False,0.7297263741493225,
1_002_20200917_003222(9),1.3313266038894653,210.0,146.0,117.0,29.0,27276,1,1band,1,2020-09-17,False,0.7121776342391968,
2_002_20200917_003224(9),1.5419059991836548,210.0,112.0,84.0,28.0,27475,1,1band,2,2020-09-17,False,0.718578577041626,
2_002_20200917_003228(7),1.4674720764160156,210.0,113.0,84.0,29.0,27530,1,1band,2,2020-09-17,False,0.7226966023445129,
2_002_20200917_003234(6),1.4977291822433472,210.0,111.0,85.0,26.0,27400,1,1band,2,2020-09-17,False,0.7141774296760559,
2_002_20200917_003238(7),1.4087718725204468,210.0,113.0,85.0,28.0,27454,1,1band,2,2020-09-17,False,0.7067265510559082,
2_002_20200917_003242(7),1.438122034072876,210.0,113.0,85.0,28.0,27575,1,1band,2,2020-09-17,False,0.7037230730056763,
2_002_20200917_003246(7),1.4968221187591553,210.0,113.0,85.0,28.0,27559,1,1band,2,2020-09-17,False,0.7084828615188599,
3_001_20200917_003431(4),3.4493138790130615,210.0,130.0,102.0,28.0,51227,1,1band,3,2020-09-17,False,0.6962028741836548,
3_001_20200917_003434(7),3.3585405349731445,210.0,130.0,101.0,29.0,50951,1,1band,3,2020-09-17,False,0.6134299635887146,
3_001_20200917_003438(0),3.388787031173706,210.0,130.0,101.0,29.0,51162,1,1band,3,2020-09-17,False,0.6613991856575012,
3_001_20200917_003441(4),3.388798236846924,210.0,130.0,102.0,28.0,51218,1,1band,3,2020-09-17,False,0.6861909627914429,
3_001_20200917_003444(9),3.328294038772583,210.0,130.0,100.0,30.0,51318,1,1band,3,2020-09-17,False,0.7010670900344849,
3_001_20200917_003448(2),3.2579450607299805,210.0,131.0,100.0,31.0,51336,1,1band,3,2020-09-17,False,0.6181283593177795,
1_002_20200917_043057(1),1.3328219652175903,210.0,147.0,118.0,29.0,27611,1,1band,1,2020-09-17,False,0.7313569784164429,
2_002_20200917_043058(6),1.5261722803115845,210.0,113.0,85.0,28.0,27572,1,1band,2,2020-09-17,False,0.7348621487617493,
1_002_20200917_043101(1),1.2934924364089966,210.0,148.0,120.0,28.0,27640,1,1band,1,2020-09-17,False,0.7164966464042664,
2_002_20200917_043102(6),1.4968221187591553,210.0,113.0,84.0,29.0,27547,1,1band,2,2020-09-17,False,0.7035027146339417,
1_002_20200917_043105(2),1.2950127124786377,210.0,149.0,118.0,31.0,27701,1,1band,1,2020-09-17,False,0.7308389544487,
2_002_20200917_043106(5),1.4378187656402588,210.0,111.0,83.0,28.0,27332,1,1band,2,2020-09-17,False,0.7093234658241272,
1_002_20200917_043109(1),1.2405372858047485,210.0,150.0,119.0,31.0,27551,1,1band,1,2020-09-17,False,0.7216060161590576,
2_002_20200917_043110(7),1.5122532844543457,210.0,112.0,83.0,29.0,27656,1,1band,2,2020-09-17,False,0.6935576796531677,
1_002_20200917_043113(2),1.2708064317703247,210.0,150.0,118.0,32.0,27723,1,1band,1,2020-09-17,False,0.7343011498451233,
2_002_20200917_043114(6),1.4826006889343262,210.0,112.0,84.0,28.0,27634,1,1band,2,2020-09-17,False,0.7176436185836792,
1_002_20200917_043117(2),1.2102681398391724,210.0,150.0,121.0,29.0,27624,1,1band,1,2020-09-17,False,0.7339761853218079,
2_002_20200917_043118(5),1.6338778734207153,210.0,110.0,77.0,33.0,27462,1,1band,2,2020-09-17,False,0.7245460748672485,
1_002_20200917_083653(7),1.3540012836456299,210.0,145.0,114.0,31.0,26509,1,1band,1,2020-09-17,False,0.7336492538452148,
1_002_20200917_083659(5),1.3540126085281372,210.0,145.0,114.0,31.0,26392,1,1band,1,2020-09-17,False,0.7298023700714111,
1_002_20200917_083703(5),1.3842592239379883,210.0,145.0,115.0,30.0,26390,1,1band,1,2020-09-17,False,0.7378827929496765,
1_002_20200917_083707(4),1.3131651878356934,210.0,146.0,115.0,31.0,27106,1,1band,1,2020-09-17,False,0.727856457233429,
1_002_20200917_083711(6),1.2390260696411133,210.0,147.0,118.0,29.0,27382,1,1band,1,2020-09-17,False,0.7261943221092224,
1_002_20200917_083721(4),1.3040889501571655,210.0,148.0,115.0,33.0,27479,1,1band,1,2020-09-17,False,0.7214682698249817,
2_002_20200917_083825(7),1.5715585947036743,210.0,112.0,80.0,32.0,27430,2,3band,2,2020-09-17,False,0.7221598029136658,
2_002_20200917_083829(7),1.5261722803115845,210.0,113.0,81.0,32.0,27476,1,1band,2,2020-09-17,False,0.7310619354248047,
2_002_20200917_083833(6),1.5848724842071533,210.0,113.0,82.0,31.0,27383,1,1band,2,2020-09-17,False,0.714530348777771,
2_002_20200917_083836(7),1.6459922790527344,210.0,108.0,77.0,31.0,26374,2,3band,2,2020-09-17,False,0.7180948257446289,
2_002_20200917_083840(1),1.527986764907837,210.0,108.0,77.0,31.0,26347,1,1band,2,2020-09-17,False,0.7133434414863586,
2_002_20200917_083843(4),1.6338891983032227,210.0,110.0,80.0,30.0,26383,1,1band,2,2020-09-17,False,0.7213599681854248,
3_001_20200917_084022(3),3.464444637298584,210.0,127.0,98.0,29.0,48641,1,1band,3,2020-09-17,False,0.6762236952781677,
3_001_20200917_084025(3),3.512099027633667,210.0,127.0,99.0,28.0,48763,1,1band,3,2020-09-17,False,0.6493979692459106,
3_001_20200917_084031(1),3.3471946716308594,210.0,131.0,100.0,31.0,50981,1,1band,3,2020-09-17,False,0.6062033772468567,
3_001_20200917_084034(2),3.3056023120880127,210.0,132.0,101.0,31.0,50894,1,1band,3,2020-09-17,False,0.6466042995452881,
3_001_20200917_084037(3),3.2465877532958984,210.0,132.0,101.0,31.0,50885,1,1band,3,2020-09-17,False,0.6400518417358398,
3_001_20200917_084040(4),3.2170872688293457,210.0,132.0,100.0,32.0,50787,1,1band,3,2020-09-17,False,0.6990243196487427,
1_002_20200917_123052(0),1.2919857501983643,210.0,148.0,121.0,27.0,27506,1,1band,1,2020-09-17,False,0.7359621524810791,
1_002_20200917_123056(0),1.3245172500610352,210.0,147.0,119.0,28.0,27372,1,1band,1,2020-09-17,False,0.735166609287262,
1_002_20200917_123100(0),1.4410008192062378,210.0,147.0,118.0,29.0,27340,1,1band,1,2020-09-17,False,0.7407586574554443,
2_002_20200917_123114(9),1.5122532844543457,210.0,112.0,81.0,31.0,27544,1,1band,2,2020-09-17,False,0.7294486165046692,
1_002_20200917_123116(1),1.4039409160614014,210.0,144.0,113.0,31.0,26255,1,1band,1,2020-09-17,False,0.7265969514846802,
2_002_20200917_123118(9),1.587594985961914,210.0,111.0,80.0,31.0,27475,1,1band,2,2020-09-17,False,0.7245649099349976,
1_002_20200917_123120(2),1.4130148887634277,210.0,144.0,113.0,31.0,26201,1,1band,1,2020-09-17,False,0.7285258173942566,
2_002_20200917_123122(9),1.5276844501495361,210.0,111.0,78.0,33.0,27429,1,1band,2,2020-09-17,False,0.7243669033050537,
1_002_20200917_123124(2),1.3434184789657593,210.0,144.0,113.0,31.0,26395,1,1band,1,2020-09-17,False,0.7076255679130554,
2_002_20200917_123126(9),1.5400898456573486,210.0,108.0,77.0,31.0,26418,1,1band,2,2020-09-17,False,0.7182446122169495,
2_002_20200917_123130(9),1.45234215259552,210.0,110.0,80.0,30.0,26362,1,1band,2,2020-09-17,False,0.7232027649879456,
2_002_20200917_123135(0),1.6232988834381104,210.0,107.0,77.0,30.0,26504,1,1band,2,2020-09-17,False,0.7229230403900146,
3_001_20200917_123309(3),3.4674642086029053,210.0,131.0,102.0,29.0,50923,1,1band,3,2020-09-17,False,0.6352962255477905,
3_001_20200917_123313(1),3.5098297595977783,210.0,130.0,102.0,28.0,50611,1,1band,3,2020-09-17,False,0.7012122273445129,
3_001_20200917_123316(8),3.5756404399871826,210.0,127.0,97.0,30.0,48871,1,1band,3,2020-09-17,False,0.6698850989341736,
3_001_20200917_123325(3),3.5242021083831787,210.0,127.0,98.0,29.0,48962,1,1band,3,2020-09-17,False,0.6832602024078369,
3_001_20200917_123329(1),3.490152597427368,210.0,127.0,98.0,29.0,48862,1,1band,3,2020-09-17,False,0.621186375617981,
3_001_20200917_123340(7),3.438725471496582,210.0,127.0,99.0,28.0,48747,1,1band,3,2020-09-17,False,0.5986130833625793,
1_002_20200917_162809(7),1.434187412261963,210.0,144.0,113.0,31.0,26286,1,1band,1,2020-09-17,False,0.726223349571228,
1_002_20200917_162813(7),1.4357190132141113,210.0,143.0,114.0,29.0,26389,1,1band,1,2020-09-17,False,0.744749903678894,
1_002_20200917_162817(7),1.3918321132659912,210.0,145.0,115.0,30.0,26432,1,1band,1,2020-09-17,False,0.7278358340263367,
1_002_20200917_162821(7),1.3736717700958252,210.0,147.0,115.0,32.0,27186,1,1band,1,2020-09-17,False,0.7436270117759705,
1_002_20200917_162825(6),1.3040786981582642,210.0,147.0,121.0,26.0,27386,1,1band,1,2020-09-17,False,0.7232027649879456,
2_002_20200917_162827(5),1.5431156158447266,210.0,110.0,80.0,30.0,27475,1,1band,2,2020-09-17,False,0.7127012610435486,
1_002_20200917_162829(8),1.3513658046722412,210.0,147.0,119.0,28.0,27404,1,1band,1,2020-09-17,False,0.7261277437210083,
2_002_20200917_162841(6),1.4826006889343262,210.0,112.0,83.0,29.0,27467,1,1band,2,2020-09-17,False,0.7231786847114563,
2_002_20200917_162845(6),1.423295259475708,210.0,112.0,82.0,30.0,27389,1,1band,2,2020-09-17,False,0.7127600312232971,
2_002_20200917_162851(6),1.6036312580108643,210.0,110.0,79.0,31.0,26436,1,1band,2,2020-09-17,False,0.7176011204719543,
2_002_20200917_162855(9),1.6157350540161133,210.0,109.0,78.0,31.0,26429,2,3band,2,2020-09-17,False,0.7152631878852844,
2_002_20200917_162859(9),1.5715585947036743,210.0,112.0,80.0,32.0,26490,1,1band,2,2020-09-17,False,0.7201555371284485,
3_001_20200917_163039(1),3.514366626739502,210.0,127.0,97.0,30.0,48626,1,1band,3,2020-09-17,False,0.622905433177948,
3_001_20200917_163043(0),3.603619337081909,210.0,127.0,97.0,30.0,48702,1,1band,3,2020-09-17,False,0.6676504611968994,
3_001_20200917_163046(8),3.547642230987549,210.0,127.0,97.0,30.0,48708,1,1band,3,2020-09-17,False,0.6439732313156128,
3_001_20200917_163049(9),3.3585290908813477,210.0,130.0,101.0,29.0,50675,1,1band,3,2020-09-17,False,0.6468149423599243,
3_001_20200917_163052(9),3.377063035964966,210.0,131.0,100.0,31.0,50645,1,1band,3,2020-09-17,False,0.5563376545906067,
3_001_20200917_163109(2),3.42208194732666,210.0,129.0,99.0,30.0,50669,1,1band,3,2020-09-17,False,0.544780969619751,
1_002_20200917_202944(0),1.3222367763519287,210.0,144.0,114.0,30.0,26350,1,1band,1,2020-09-17,False,0.7376785278320312,
1_002_20200917_202952(6),1.3252592086791992,210.0,146.0,118.0,28.0,26606,1,1band,1,2020-09-17,False,0.7398822903633118,
1_002_20200917_202955(7),1.3464397192001343,210.0,147.0,117.0,30.0,26620,1,1band,1,2020-09-17,False,0.7314358353614807,
1_002_20200917_202958(6),1.3071157932281494,210.0,147.0,118.0,29.0,26637,1,1band,1,2020-09-17,False,0.7115228772163391,
1_002_20200917_203001(5),1.3192286491394043,210.0,147.0,118.0,29.0,26626,1,1band,1,2020-09-17,False,0.7358142733573914,
1_002_20200917_203004(3),1.2836748361587524,210.0,147.0,118.0,29.0,26628,1,1band,1,2020-09-17,False,0.7306764721870422,
2_002_20200917_203038(6),1.557639718055725,210.0,111.0,80.0,31.0,26674,1,1band,2,2020-09-17,False,0.7404563426971436,
2_002_20200917_203042(6),1.587594985961914,210.0,111.0,81.0,30.0,26728,2,3band,2,2020-09-17,False,0.7242568731307983,
2_002_20200917_203046(7),1.557639718055725,210.0,111.0,80.0,31.0,26698,1,1band,2,2020-09-17,False,0.7233850359916687,
2_002_20200917_203050(7),1.557639718055725,210.0,111.0,80.0,31.0,26736,1,1band,2,2020-09-17,False,0.7370962500572205,
2_002_20200917_203054(5),1.6641470193862915,210.0,110.0,79.0,31.0,26665,1,1band,2,2020-09-17,False,0.7187997698783875,
2_002_20200917_203058(6),1.587594985961914,210.0,111.0,79.0,32.0,26664,1,1band,2,2020-09-17,False,0.7332183122634888,
3_001_20200917_203305(3),3.7723164558410645,210.0,128.0,98.0,30.0,49774,1,1band,3,2020-09-17,False,0.6697817444801331,
3_001_20200917_203308(8),3.5552165508270264,210.0,128.0,99.0,29.0,49615,1,1band,3,2020-09-17,False,0.5073930621147156,
3_001_20200917_203312(3),3.5521912574768066,210.0,128.0,98.0,30.0,49619,1,1band,3,2020-09-17,False,0.5810614228248596,
3_001_20200917_203315(7),3.4977266788482666,210.0,128.0,97.0,31.0,49833,1,1band,3,2020-09-17,False,0.6115686297416687,
3_001_20200917_203322(3),3.479581832885742,210.0,128.0,97.0,31.0,49854,1,1band,3,2020-09-17,False,0.5484173893928528,
3_001_20200917_203325(7),3.3736681938171387,210.0,128.0,97.0,31.0,49998,1,1band,3,2020-09-17,False,0.5230098366737366,
1_002_20200918_003438(7),1.2677602767944336,210.0,148.0,122.0,26.0,27559,1,1band,1,2020-09-18,False,0.7391982078552246,
1_002_20200918_003442(6),1.2405372858047485,210.0,150.0,120.0,30.0,27559,1,1band,1,2020-09-18,False,0.7151917219161987,
1_002_20200918_003445(5),1.2594702243804932,210.0,149.0,118.0,31.0,27596,1,1band,1,2020-09-18,False,0.7078768014907837,
1_002_20200918_003448(4),1.2405372858047485,210.0,150.0,121.0,29.0,27645,1,1band,1,2020-09-18,False,0.7214655876159668,
1_002_20200918_003451(0),1.2708064317703247,210.0,150.0,120.0,30.0,27610,1,1band,1,2020-09-18,False,0.7218645811080933,
1_002_20200918_003453(6),1.1497751474380493,210.0,150.0,117.0,33.0,27596,1,1band,1,2020-09-18,False,0.7340320944786072,
2_002_20200918_003519(6),1.5122532844543457,210.0,112.0,81.0,31.0,27259,1,1band,2,2020-09-18,False,0.7301419973373413,
2_002_20200918_003523(4),1.4968221187591553,210.0,113.0,84.0,29.0,27528,1,1band,2,2020-09-18,False,0.7053935527801514,
2_002_20200918_003527(3),1.4527970552444458,210.0,113.0,83.0,30.0,27426,1,1band,2,2020-09-18,False,0.7236120700836182,
2_002_20200918_003531(2),1.5555223226547241,210.0,113.0,85.0,28.0,27433,1,1band,2,2020-09-18,False,0.7154760360717773,
2_002_20200918_003535(0),1.5104384422302246,210.0,114.0,84.0,30.0,27435,1,1band,2,2020-09-18,False,0.7173687219619751,
2_002_20200918_003538(9),1.5104384422302246,210.0,114.0,85.0,29.0,27515,1,1band,2,2020-09-18,False,0.7174791693687439,
3_001_20200918_004019(6),3.4689815044403076,210.0,128.0,98.0,30.0,50503,1,1band,3,2020-09-18,False,0.657503604888916,
3_001_20200918_004022(5),3.5461392402648926,210.0,128.0,97.0,31.0,50490,1,1band,3,2020-09-18,False,0.64295893907547,
3_001_20200918_004025(8),3.4054503440856934,210.0,129.0,100.0,29.0,51313,1,1band,3,2020-09-18,False,0.624197781085968,
3_001_20200918_004029(0),3.4583914279937744,210.0,128.0,97.0,31.0,50558,1,1band,3,2020-09-18,False,0.4465246200561523,
3_001_20200918_004032(2),3.4493138790130615,210.0,130.0,97.0,33.0,51370,1,1band,3,2020-09-18,False,0.693200409412384,
3_001_20200918_004036(3),3.465965986251831,210.0,128.0,97.0,31.0,50816,1,1band,3,2020-09-18,False,0.7036057710647583,
2_002_20200918_043323(0),1.5555223226547241,210.0,113.0,83.0,30.0,27710,1,1band,2,2020-09-18,False,0.7187380194664001,
2_002_20200918_043326(6),1.452343463897705,210.0,114.0,83.0,31.0,27655,1,1band,2,2020-09-18,False,0.7206332683563232,
1_002_20200918_043330(3),1.2556757926940918,210.0,148.0,121.0,27.0,27776,1,1band,1,2020-09-18,False,0.7233772277832031,
2_002_20200918_043330(5),1.5104384422302246,210.0,114.0,83.0,31.0,27587,1,1band,2,2020-09-18,False,0.7229472398757935,
1_002_20200918_043332(9),1.2586920261383057,210.0,149.0,119.0,30.0,27811,1,1band,1,2020-09-18,False,0.743800938129425,
2_002_20200918_043334(3),1.452343463897705,210.0,114.0,83.0,31.0,27606,1,1band,2,2020-09-18,False,0.7047016024589539,
1_002_20200918_043335(6),1.2587019205093384,210.0,148.0,118.0,30.0,27595,1,1band,1,2020-09-18,False,0.7298249006271362,
1_002_20200918_043338(2),1.2617069482803345,210.0,149.0,115.0,34.0,27615,1,1band,1,2020-09-18,False,0.735982358455658,
2_002_20200918_043338(2),1.5234496593475342,210.0,115.0,84.0,31.0,27679,1,1band,2,2020-09-18,False,0.7322359681129456,
1_002_20200918_043341(9),1.2405372858047485,210.0,150.0,115.0,35.0,27710,1,1band,1,2020-09-18,False,0.6944368481636047,
2_002_20200918_043342(2),1.527986764907837,210.0,115.0,83.0,32.0,27517,1,1band,2,2020-09-18,False,0.7092949151992798,
1_002_20200918_043345(9),1.2496041059494019,210.0,151.0,117.0,34.0,27762,1,1band,1,2020-09-18,False,0.735256016254425,
3_001_20200918_043556(8),3.2753331661224365,210.0,132.0,102.0,30.0,51761,1,1band,3,2020-09-18,False,0.6684725284576416,
3_001_20200918_043559(9),3.2571775913238525,210.0,131.0,100.0,31.0,51335,1,1band,3,2020-09-18,False,0.6603633761405945,
3_001_20200918_043602(9),3.346827745437622,210.0,131.0,100.0,31.0,51594,1,1band,3,2020-09-18,False,0.5855467319488525,
3_001_20200918_043606(0),3.245842933654785,210.0,132.0,100.0,32.0,51390,2,3band,3,2020-09-18,False,0.7043033838272095,
3_001_20200918_043609(2),3.227309226989746,210.0,131.0,98.0,33.0,51400,1,1band,3,2020-09-18,False,0.6597638130187988,
3_001_20200918_043612(4),3.334324836730957,210.0,132.0,99.0,33.0,51708,1,1band,3,2020-09-18,False,0.6853142976760864,
2_002_20200918_083026(0),1.6459922790527344,210.0,106.0,77.0,29.0,25928,1,1band,2,2020-09-18,False,0.7216715812683105,
2_002_20200918_083029(4),1.5400898456573486,210.0,109.0,79.0,30.0,26138,1,1band,2,2020-09-18,False,0.7220839858055115,
2_002_20200918_083033(4),1.617550253868103,210.0,111.0,82.0,29.0,26243,2,3band,2,2020-09-18,False,0.7310392260551453,
3_001_20200918_083036(8),3.4795830249786377,210.0,130.0,99.0,31.0,51236,1,1band,3,2020-09-18,False,0.6589157581329346,
2_002_20200918_083037(6),1.4968221187591553,210.0,113.0,84.0,29.0,27754,1,1band,2,2020-09-18,False,0.7093884944915771,
3_001_20200918_083039(9),3.3585517406463623,210.0,130.0,100.0,30.0,50725,1,1band,3,2020-09-18,False,0.6763999462127686,
2_002_20200918_083041(4),1.4674720764160156,210.0,113.0,83.0,30.0,27582,1,1band,2,2020-09-18,False,0.7342557907104492,
3_001_20200918_083042(8),3.346816301345825,210.0,131.0,101.0,30.0,51504,1,1band,3,2020-09-18,False,0.6673517823219299,
2_002_20200918_083045(4),1.5555223226547241,210.0,113.0,84.0,29.0,27479,1,1band,2,2020-09-18,False,0.7101304531097412,
3_001_20200918_083045(5),3.6618704795837402,210.0,127.0,97.0,30.0,49052,1,1band,3,2020-09-18,False,0.5889597535133362,
3_001_20200918_083048(5),3.555215358734131,210.0,128.0,99.0,29.0,49477,1,1band,3,2020-09-18,False,0.5498915910720825,
3_001_20200918_083051(4),3.580930709838867,210.0,127.0,99.0,28.0,49109,1,1band,3,2020-09-18,False,0.4545096457004547,
1_002_20200918_083240(7),1.3918377161026,210.0,146.0,118.0,28.0,26615,1,1band,1,2020-09-18,False,0.7281454205513,
1_002_20200918_083244(8),1.2995400428771973,210.0,147.0,118.0,29.0,26941,1,1band,1,2020-09-18,False,0.7221396565437317,
1_002_20200918_083248(7),1.282152533531189,210.0,149.0,120.0,29.0,27560,1,1band,1,2020-09-18,False,0.7397515773773193,
1_002_20200918_083254(8),1.3025754690170288,210.0,147.0,118.0,29.0,26513,1,1band,1,2020-09-18,False,0.736463189125061,
1_002_20200918_083302(6),1.2700570821762085,210.0,147.0,114.0,33.0,26314,1,1band,1,2020-09-18,False,0.7526004314422607,
1_002_20200918_083306(7),1.3116527795791626,210.0,147.0,114.0,33.0,26216,1,1band,1,2020-09-18,False,0.7527211904525757,
3_001_20200918_123033(2),3.5370633602142334,210.0,127.0,97.0,30.0,48480,1,1band,3,2020-09-18,False,0.5339294075965881,
3_001_20200918_123038(9),3.531010150909424,210.0,127.0,97.0,30.0,48528,1,1band,3,2020-09-18,False,0.5574130415916443,
3_001_20200918_123042(8),3.592282295227051,210.0,127.0,97.0,30.0,48558,1,1band,3,2020-09-18,False,0.6398643851280212,
3_001_20200918_123046(4),3.2745771408081055,210.0,132.0,102.0,30.0,51330,1,1band,3,2020-09-18,False,0.6412330269813538,
3_001_20200918_123050(1),3.376707077026367,210.0,131.0,101.0,30.0,51585,1,1band,3,2020-09-18,False,0.5997607707977295,
3_001_20200918_123054(1),3.3165698051452637,210.0,131.0,99.0,32.0,51168,1,1band,3,2020-09-18,False,0.696893036365509,
2_002_20200918_123100(6),1.6444793939590454,210.0,109.0,77.0,32.0,26537,1,1band,2,2020-09-18,False,0.7108975052833557,
2_002_20200918_123104(6),1.5552198886871338,210.0,108.0,77.0,31.0,26502,1,1band,2,2020-09-18,False,0.7368962168693542,
2_002_20200918_123108(7),1.5854771137237549,210.0,109.0,77.0,32.0,26423,1,1band,2,2020-09-18,False,0.7099258899688721,
2_002_20200918_123112(8),1.4674720764160156,210.0,113.0,80.0,33.0,27529,2,3band,2,2020-09-18,False,0.7020329833030701,
2_002_20200918_123116(5),1.4364567995071411,210.0,113.0,80.0,33.0,27570,2,3band,2,2020-09-18,False,0.7204212546348572,
2_002_20200918_123120(6),1.5718605518341064,210.0,113.0,79.0,34.0,27532,1,1band,2,2020-09-18,False,0.7199863791465759,
1_002_20200918_123306(7),1.391815185546875,210.0,146.0,115.0,31.0,26493,1,1band,1,2020-09-18,False,0.7276285886764526,
1_002_20200918_123310(6),1.3653578758239746,210.0,145.0,114.0,31.0,26341,1,1band,1,2020-09-18,False,0.7381084561347961,
1_002_20200918_123314(6),1.3691415786743164,210.0,145.0,114.0,31.0,26408,1,1band,1,2020-09-18,False,0.7306704521179199,
1_002_20200918_123318(7),1.2708064317703247,210.0,150.0,117.0,33.0,27505,1,1band,1,2020-09-18,False,0.7012749314308167,
1_002_20200918_123322(5),1.3736605644226074,210.0,148.0,117.0,31.0,27315,1,1band,1,2020-09-18,False,0.731248140335083,
1_002_20200918_123331(0),1.4190664291381836,210.0,147.0,117.0,30.0,27172,1,1band,1,2020-09-18,False,0.7175392508506775,
3_001_20200918_163052(9),3.5612680912017822,210.0,129.0,98.0,31.0,50632,1,1band,3,2020-09-18,False,0.6611719131469727,
3_001_20200918_163056(2),3.3585405349731445,210.0,130.0,101.0,29.0,51112,1,1band,3,2020-09-18,False,0.6666415333747864,
2_002_20200918_163058(9),1.6036312580108643,210.0,110.0,80.0,30.0,26181,1,1band,2,2020-09-18,False,0.7113006711006165,
3_001_20200918_163059(3),3.393338680267334,210.0,132.0,102.0,30.0,51096,1,1band,3,2020-09-18,False,0.6775525808334351,
2_002_20200918_163102(9),1.6036312580108643,210.0,110.0,81.0,29.0,26338,1,1band,2,2020-09-18,False,0.728964626789093,
3_001_20200918_163104(4),3.5431063175201416,210.0,127.0,98.0,29.0,49493,1,1band,3,2020-09-18,False,0.6672681570053101,
2_002_20200918_163106(9),1.5537058115005493,210.0,109.0,78.0,31.0,26345,1,1band,2,2020-09-18,False,0.7259687781333923,
3_001_20200918_163107(6),3.546138048171997,210.0,128.0,99.0,29.0,49361,1,1band,3,2020-09-18,False,0.4208510816097259,
2_002_20200918_163110(9),1.438122034072876,210.0,113.0,82.0,31.0,27439,1,1band,2,2020-09-18,False,0.7285985946655273,
3_001_20200918_163110(8),3.5431132316589355,210.0,127.0,98.0,29.0,48925,1,1band,3,2020-09-18,False,0.6547205448150635,
2_002_20200918_163114(8),1.438122034072876,210.0,113.0,83.0,30.0,27317,1,1band,2,2020-09-18,False,0.7289723753929138,
2_002_20200918_163118(7),1.5400898456573486,210.0,113.0,81.0,32.0,27182,1,1band,2,2020-09-18,False,0.7415051460266113,
1_002_20200918_163302(9),1.294999122619629,210.0,148.0,117.0,31.0,26881,1,1band,1,2020-09-18,False,0.712212860584259,
1_002_20200918_163306(9),1.2602043151855469,210.0,149.0,120.0,29.0,27353,1,1band,1,2020-09-18,False,0.71084064245224,
1_002_20200918_163310(9),1.27078378200531,210.0,150.0,120.0,30.0,27370,1,1band,1,2020-09-18,False,0.706587016582489,
1_002_20200918_163314(9),1.337362289428711,210.0,147.0,115.0,32.0,26467,1,1band,1,2020-09-18,False,0.7149191498756409,
1_002_20200918_163318(8),1.3313175439834595,210.0,146.0,115.0,31.0,26361,1,1band,1,2020-09-18,False,0.7215169668197632,
1_002_20200918_163322(9),1.3388667106628418,210.0,145.0,117.0,28.0,26407,1,1band,1,2020-09-18,False,0.727595865726471,
2_002_20200921_111920(1),1.709525227546692,208.0,105.0,76.0,29.0,27072,1,1band,2,2020-09-21,False,0.7339465022087097,
2_002_20200921_111923(3),1.5294996500015259,207.0,103.0,75.0,28.0,27018,1,1band,2,2020-09-21,False,0.7274225354194641,
2_002_20200921_111926(6),1.6036313772201538,208.0,104.0,74.5,29.5,26855,1,1band,2,2020-09-21,False,0.7319930195808411,
1_002_20200921_111929(2),1.349483609199524,210.0,142.0,115.0,27.0,26491,1,1band,1,2020-09-21,False,0.7373957633972168,
2_002_20200921_111930(0),1.6255682706832886,208.0,103.0,74.0,29.0,26849,1,1band,2,2020-09-21,False,0.716651976108551,
1_002_20200921_111932(4),1.3146729469299316,210.0,143.0,114.0,29.0,26474,1,1band,1,2020-09-21,False,0.7177172303199768,
2_002_20200921_111933(1),1.5400898456573486,208.0,104.0,74.0,30.0,26943,1,1band,2,2020-09-21,False,0.7217864394187927,
2_002_20200921_111936(2),1.6732243299484253,208.0,104.0,75.0,29.0,26892,1,1band,2,2020-09-21,False,0.7305058240890503,
1_002_20200921_111939(0),1.3540228605270386,210.0,143.0,114.0,29.0,26482,1,1band,1,2020-09-21,False,0.7202191948890686,
1_002_20200921_111942(1),1.3237537145614624,210.0,143.0,114.0,29.0,26561,1,1band,1,2020-09-21,False,0.7326484322547913,
1_002_20200921_111948(3),1.3494609594345093,210.0,142.0,114.0,28.0,26444,1,1band,1,2020-09-21,False,0.7361233830451965,
1_002_20200921_111951(8),1.3343478441238403,210.0,143.0,111.0,32.0,26434,1,1band,1,2020-09-21,False,0.7314998507499695,
3_001_20200921_112114(8),3.6005918979644775,210.0,120.0,92.0,28.0,47642,1,1band,3,2020-09-21,False,0.6725837588310242,
3_001_20200921_112118(0),3.4644484519958496,210.0,120.0,90.0,30.0,47836,1,1band,3,2020-09-21,False,0.5700200200080872,
3_001_20200921_112121(3),3.7670156955718994,210.0,120.0,91.0,29.0,47554,1,1band,3,2020-09-21,False,0.5516120195388794,
3_001_20200921_112127(9),3.6474976539611816,210.0,119.0,90.0,29.0,47203,3,3band,3,2020-09-21,False,0.6683735251426697,
3_001_20200921_112145(1),3.6149675846099854,210.0,121.0,94.0,27.0,48608,1,1band,3,2020-09-21,False,0.5871601104736328,
3_001_20200921_112148(7),3.403930187225342,210.0,120.0,91.0,29.0,48494,1,1band,3,2020-09-21,False,0.6918224096298218,
1_002_20200921_123148(8),1.346454381942749,210.0,143.0,115.0,28.0,26487,1,1band,1,2020-09-21,False,0.7288150191307068,
2_002_20200921_123149(8),1.5370640754699707,210.0,106.0,78.0,28.0,26898,1,1band,2,2020-09-21,False,0.7142085433006287,
2_002_20200921_123152(7),1.567324161529541,210.0,106.0,77.0,29.0,27013,1,1band,2,2020-09-21,False,0.7306329011917114,
1_002_20200921_123153(3),1.3645910024642944,210.0,144.0,115.0,29.0,26656,1,1band,1,2020-09-21,False,0.7271353602409363,
2_002_20200921_123155(7),1.6096829175949097,210.0,106.0,77.0,29.0,26984,1,1band,2,2020-09-21,False,0.7313135266304016,
1_002_20200921_123157(8),1.314687728881836,210.0,143.0,115.0,28.0,26558,1,1band,1,2020-09-21,False,0.7220905423164368,
2_002_20200921_123158(9),1.5612703561782837,210.0,106.0,77.0,29.0,27054,1,1band,2,2020-09-21,False,0.7242645025253296,
2_002_20200921_123201(8),1.6565824747085571,210.0,107.0,78.0,29.0,27094,1,1band,2,2020-09-21,False,0.7310233116149902,
1_002_20200921_123202(3),1.355520486831665,210.0,143.0,115.0,28.0,26490,1,1band,1,2020-09-21,False,0.7331511974334717,
1_002_20200921_123206(8),1.3161852359771729,210.0,143.0,116.0,27.0,26524,1,1band,1,2020-09-21,False,0.7054183483123779,
2_002_20200921_123207(6),1.6762410402297974,210.0,106.0,77.0,29.0,26891,1,1band,2,2020-09-21,False,0.7402654886245728,
1_002_20200921_123211(3),1.2934800386428833,210.0,145.0,114.0,31.0,26592,1,1band,1,2020-09-21,False,0.7269002795219421,
3_001_20200921_123501(8),3.5370616912841797,210.0,124.0,93.0,31.0,49931,1,1band,3,2020-09-21,False,0.6206916570663452,
3_001_20200921_123506(3),3.512855291366577,210.0,124.0,94.0,30.0,49879,1,1band,3,2020-09-21,False,0.5580401420593262,
3_001_20200921_123510(8),3.4629335403442383,210.0,123.0,93.0,30.0,49728,1,1band,3,2020-09-21,False,0.5789494514465332,
3_001_20200921_123515(3),3.4054436683654785,210.0,123.0,92.0,31.0,49549,1,1band,3,2020-09-21,False,0.4616069793701172,
3_001_20200921_123524(3),3.5037741661071777,210.0,123.0,93.0,30.0,49760,1,1band,3,2020-09-21,False,0.5705791711807251,
3_001_20200921_123528(7),3.5945401191711426,210.0,122.0,93.0,29.0,49605,1,1band,3,2020-09-21,False,0.6322817206382751,
2_002_20200921_163038(3),1.500756859779358,209.0,106.0,75.0,31.0,26974,1,1band,2,2020-09-21,False,0.728746235370636,
2_002_20200921_163042(3),1.527986764907837,210.0,108.0,78.0,30.0,27008,1,1band,2,2020-09-21,False,0.7314642667770386,
2_002_20200921_163045(4),1.593041181564331,210.0,107.0,77.0,30.0,27094,1,1band,2,2020-09-21,False,0.7321065664291382,
2_002_20200921_163049(6),1.4402390718460083,210.0,102.0,74.0,28.0,26784,2,3band,2,2020-09-21,False,0.7225887775421143,
1_002_20200921_163052(8),1.354000210762024,210.0,143.0,116.0,27.0,26672,1,1band,1,2020-09-21,False,0.7320045828819275,
2_002_20200921_163052(5),1.6157344579696655,210.0,106.0,77.0,29.0,26867,1,1band,2,2020-09-21,False,0.7377646565437317,
1_002_20200921_163055(8),1.31013822555542,210.0,144.0,114.0,30.0,26757,1,1band,1,2020-09-21,False,0.7364726066589355,
2_002_20200921_163055(5),1.5673218965530396,210.0,107.0,77.0,30.0,27021,1,1band,2,2020-09-21,False,0.7298128604888916,
1_002_20200921_163102(0),1.3857861757278442,210.0,144.0,114.0,30.0,26580,1,1band,1,2020-09-21,False,0.7168642282485962,
1_002_20200921_163105(3),1.391842246055603,210.0,144.0,114.0,30.0,26611,1,1band,1,2020-09-21,False,0.7391666173934937,
1_002_20200921_163110(2),1.3010574579238892,210.0,144.0,114.0,30.0,26734,1,1band,1,2020-09-21,False,0.7257816791534424,
1_002_20200921_163113(3),1.3464397192001343,210.0,143.0,114.0,29.0,26610,1,1band,1,2020-09-21,False,0.7329949736595154,
3_001_20200921_163325(1),3.473520278930664,210.0,124.0,95.0,29.0,49874,1,1band,3,2020-09-21,False,0.6549001336097717,
3_001_20200921_163329(4),3.482597589492798,210.0,124.0,94.0,30.0,49958,1,1band,3,2020-09-21,False,0.6074548959732056,
3_001_20200921_163333(8),3.502264976501465,210.0,125.0,95.0,30.0,50178,1,1band,3,2020-09-21,False,0.6846615076065063,
3_001_20200921_163338(1),3.4190640449523926,210.0,124.0,94.0,30.0,49865,1,1band,3,2020-09-21,False,0.6470987796783447,
3_001_20200921_163342(6),3.5703420639038086,210.0,124.0,94.0,30.0,49939,1,1band,3,2020-09-21,False,0.6683209538459778,
3_001_20200921_163346(9),3.5968165397644043,210.0,125.0,95.0,30.0,49886,1,1band,3,2020-09-21,False,0.5478633046150208,
2_002_20200921_202239(4),1.6338891983032227,210.0,110.0,80.0,30.0,27751,3,3band,2,2020-09-21,False,0.7323889136314392,
2_002_20200921_202244(0),1.6338891983032227,210.0,110.0,79.0,31.0,27770,1,1band,2,2020-09-21,False,0.6956726908683777,
1_002_20200921_202245(2),1.4145159721374512,210.0,143.0,114.0,29.0,26460,1,1band,1,2020-09-21,False,0.7246758937835693,
2_002_20200921_202248(6),1.589259386062622,210.0,109.0,78.0,31.0,27863,2,3band,2,2020-09-21,False,0.705524742603302,
2_002_20200921_202253(0),1.521936297416687,210.0,108.0,79.0,29.0,26917,1,1band,2,2020-09-21,False,0.7166549563407898,
1_002_20200921_202254(1),1.3237547874450684,210.0,145.0,115.0,30.0,27068,1,1band,1,2020-09-21,False,0.743675708770752,
1_002_20200921_202257(2),1.3630911111831665,210.0,147.0,117.0,30.0,27296,1,1band,1,2020-09-21,False,0.728391706943512,
2_002_20200921_202257(4),1.6006066799163818,210.0,108.0,79.0,29.0,26901,1,1band,2,2020-09-21,False,0.7411891222000122,
1_002_20200921_202300(1),1.3002877235412598,210.0,147.0,118.0,29.0,27302,1,1band,1,2020-09-21,False,0.7410207986831665,
2_002_20200921_202303(6),1.6338891983032227,210.0,110.0,79.0,31.0,26924,1,1band,2,2020-09-21,False,0.7034879922866821,
1_002_20200921_202312(1),1.2859432697296143,210.0,147.0,115.0,32.0,27546,1,1band,1,2020-09-21,False,0.7331148386001587,
1_002_20200921_202315(3),1.3116527795791626,210.0,147.0,119.0,28.0,27441,1,1band,1,2020-09-21,False,0.7146106958389282,
3_001_20200921_202521(5),3.586982011795044,210.0,121.0,93.0,28.0,48680,1,1band,3,2020-09-21,False,0.682138204574585,
3_001_20200921_202526(0),3.5158777236938477,210.0,124.0,94.0,30.0,49474,1,1band,3,2020-09-21,False,0.6198848485946655,
3_001_20200921_202530(4),3.43721866607666,210.0,124.0,94.0,30.0,49556,1,1band,3,2020-09-21,False,0.604618489742279,
3_001_20200921_202534(9),3.4901628494262695,210.0,127.0,95.0,32.0,51413,1,1band,3,2020-09-21,False,0.5006351470947266,
3_001_20200921_202539(4),3.5037779808044434,210.0,127.0,97.0,30.0,51451,1,1band,3,2020-09-21,False,0.6400678753852844,
3_001_20200921_202547(2),3.5098297595977783,210.0,126.0,95.0,31.0,51215,1,1band,3,2020-09-21,False,0.6845036149024963,
2_002_20200922_003106(0),1.573373556137085,210.0,105.0,75.0,30.0,27098,2,3band,2,2020-09-22,False,0.7248050570487976,
1_002_20200922_003107(0),1.423589825630188,210.0,143.0,111.0,32.0,26272,1,1band,1,2020-09-22,False,0.7201046347618103,
2_002_20200922_003110(6),1.6217859983444214,210.0,106.0,75.0,31.0,26973,1,1band,2,2020-09-22,False,0.7266900539398193,
2_002_20200922_003115(1),1.5809295177459717,210.0,105.0,75.0,30.0,26906,2,3band,2,2020-09-22,False,0.7161970734596252,
1_002_20200922_003116(0),1.3146650791168213,210.0,143.0,114.0,29.0,26229,1,1band,1,2020-09-22,False,0.7258533835411072,
2_002_20200922_003119(6),1.5189110040664673,210.0,107.0,78.0,29.0,27881,2,3band,2,2020-09-22,False,0.714364230632782,
1_002_20200922_003120(5),1.313159465789795,210.0,143.0,113.0,30.0,26107,1,1band,1,2020-09-22,False,0.7254366874694824,
1_002_20200922_003123(5),1.3396308422088623,210.0,147.0,117.0,30.0,27161,1,1band,1,2020-09-22,False,0.7292400598526001,
2_002_20200922_003124(2),1.5431156158447266,210.0,110.0,81.0,29.0,27853,1,1band,2,2020-09-22,False,0.7406432032585144,
2_002_20200922_003128(7),1.583964228630066,210.0,109.0,79.0,30.0,27722,1,1band,2,2020-09-22,False,0.7263733148574829,
1_002_20200922_003129(5),1.3676223754882812,210.0,146.0,116.0,30.0,27153,1,1band,1,2020-09-22,False,0.7344116568565369,
1_002_20200922_003134(1),1.307111382484436,210.0,146.0,117.0,29.0,27205,1,1band,1,2020-09-22,False,0.7082163095474243,
3_001_20200922_003308(2),3.543109893798828,210.0,124.0,95.0,29.0,49561,1,1band,3,2020-09-22,False,0.6708492040634155,
3_001_20200922_003312(7),3.4130120277404785,210.0,123.0,94.0,29.0,49575,1,1band,3,2020-09-22,False,0.5362192392349243,
3_001_20200922_003317(2),3.4614171981811523,210.0,123.0,94.0,29.0,49369,2,3band,3,2020-09-22,False,0.6249357461929321,
3_001_20200922_003321(7),3.447801113128662,210.0,127.0,97.0,30.0,51362,1,1band,3,2020-09-22,False,0.6590351462364197,
3_001_20200922_003326(6),3.564284086227417,210.0,127.0,97.0,30.0,51384,1,1band,3,2020-09-22,False,0.6504859328269958,
3_001_20200922_003330(7),3.4341866970062256,210.0,127.0,96.0,31.0,51288,1,1band,3,2020-09-22,False,0.6403692364692688,
1_002_20200922_043105(7),1.3555147647857666,210.0,146.0,118.0,28.0,27257,1,1band,1,2020-09-22,False,0.7202852964401245,
2_002_20200922_043107(1),1.6202731132507324,210.0,109.0,77.0,32.0,27832,1,1band,2,2020-09-22,False,0.7085287570953369,
1_002_20200922_043110(2),1.3131753206253052,210.0,147.0,117.0,30.0,27093,1,1band,1,2020-09-22,False,0.7230685353279114,
2_002_20200922_043111(6),1.5854771137237549,210.0,109.0,77.0,32.0,27761,1,1band,2,2020-09-22,False,0.7165539860725403,
1_002_20200922_043114(8),1.3555363416671753,210.0,147.0,115.0,32.0,27122,1,1band,1,2020-09-22,False,0.7026640176773071,
2_002_20200922_043116(0),1.5521929264068604,210.0,108.0,77.0,31.0,27630,1,1band,2,2020-09-22,False,0.7194055914878845,
1_002_20200922_043119(3),1.2647435665130615,210.0,143.0,114.0,29.0,26165,1,1band,1,2020-09-22,False,0.7338802814483643,
2_002_20200922_043120(5),1.5310125350952148,210.0,106.0,76.0,30.0,26895,2,3band,2,2020-09-22,False,0.7267603278160095,
1_002_20200922_043123(8),1.3040821552276611,210.0,144.0,113.0,31.0,26217,1,1band,1,2020-09-22,False,0.7359397411346436,
2_002_20200922_043125(0),1.5975797176361084,210.0,106.0,74.0,32.0,26758,1,1band,2,2020-09-22,False,0.7097916007041931,
1_002_20200922_043128(2),1.3449194431304932,210.0,143.0,114.0,29.0,26031,1,1band,1,2020-09-22,False,0.7424831986427307,
2_002_20200922_043129(5),1.5673218965530396,210.0,106.0,74.0,32.0,26855,1,1band,2,2020-09-22,False,0.7414219379425049,
3_001_20200922_043310(0),3.4871363639831543,210.0,127.0,98.0,29.0,51497,1,1band,3,2020-09-22,False,0.6061995625495911,
3_001_20200922_043314(4),3.3131635189056396,210.0,127.0,96.0,31.0,51155,1,1band,3,2020-09-22,False,0.6733974814414978,
3_001_20200922_043318(9),3.393338680267334,210.0,127.0,96.0,31.0,51005,1,1band,3,2020-09-22,False,0.6342570781707764,
3_001_20200922_043323(4),3.5408363342285156,210.0,123.0,94.0,29.0,49421,2,3band,3,2020-09-22,False,0.6313248872756958,
3_001_20200922_043327(8),3.422842025756836,210.0,123.0,92.0,31.0,49327,2,3band,3,2020-09-22,False,0.6706055402755737,
3_001_20200922_043332(5),3.5718469619750977,210.0,123.0,93.0,30.0,49367,2,3band,3,2020-09-22,False,0.6378709673881531,
2_002_20200922_083741(5),1.5431156158447266,210.0,106.0,76.0,30.0,26800,1,1band,2,2020-09-22,False,0.7368256449699402,
2_002_20200922_083744(6),1.5431156158447266,210.0,106.0,76.0,30.0,26905,1,1band,2,2020-09-22,False,0.7290253043174744,
2_002_20200922_083747(7),1.5642961263656616,210.0,106.0,76.0,30.0,26980,1,1band,2,2020-09-22,False,0.7180063724517822,
2_002_20200922_083750(6),1.6096829175949097,210.0,106.0,76.0,30.0,26944,1,1band,2,2020-09-22,False,0.7285708785057068,
1_002_20200922_083752(7),1.3222367763519287,210.0,144.0,114.0,30.0,26269,1,1band,1,2020-09-22,False,0.728441059589386,
2_002_20200922_083753(5),1.5552186965942383,210.0,106.0,76.0,30.0,26848,1,1band,2,2020-09-22,False,0.728388249874115,
1_002_20200922_083755(7),1.3010483980178833,210.0,144.0,114.0,30.0,26189,1,1band,1,2020-09-22,False,0.7337632775306702,
2_002_20200922_083756(6),1.5068085193634033,210.0,106.0,76.0,30.0,26874,1,1band,2,2020-09-22,False,0.720869243144989,
1_002_20200922_083758(7),1.3388837575912476,210.0,145.0,115.0,30.0,26220,1,1band,1,2020-09-22,False,0.7252733111381531,
1_002_20200922_083801(7),1.3071112632751465,210.0,146.0,114.0,32.0,26284,1,1band,1,2020-09-22,False,0.7168537378311157,
1_002_20200922_083807(4),1.2738198041915894,210.0,146.0,114.0,32.0,26298,1,1band,1,2020-09-22,False,0.7242486476898193,
1_002_20200922_083810(4),1.2829005718231201,210.0,146.0,114.0,32.0,26253,1,1band,1,2020-09-22,False,0.7258040904998779,
3_001_20200922_084020(7),3.599090337753296,210.0,123.0,93.0,30.0,49737,1,1band,3,2020-09-22,False,0.6768355965614319,
3_001_20200922_084025(1),3.5037779808044434,210.0,124.0,94.0,30.0,49769,1,1band,3,2020-09-22,False,0.5717661380767822,
3_001_20200922_084029(7),3.5098297595977783,210.0,125.0,94.0,31.0,49835,1,1band,3,2020-09-22,False,0.6901680827140808,
3_001_20200922_084034(2),3.456878423690796,210.0,125.0,94.0,31.0,50041,1,1band,3,2020-09-22,False,0.6087819337844849,
3_001_20200922_084038(7),3.4947049617767334,210.0,125.0,94.0,31.0,50148,1,1band,3,2020-09-22,False,0.5266361236572266,
3_001_20200922_084043(2),3.518907070159912,210.0,124.0,94.0,30.0,50006,1,1band,3,2020-09-22,False,0.6218242049217224,
1_002_20200922_122708(6),1.2677886486053467,210.0,148.0,119.0,29.0,27189,1,1band,1,2020-09-22,False,0.7173047661781311,
1_002_20200922_122713(0),1.294998049736023,210.0,147.0,120.0,27.0,27255,1,1band,1,2020-09-22,False,0.7349316477775574,
1_002_20200922_122717(4),1.3479429483413696,210.0,147.0,118.0,29.0,27353,1,1band,1,2020-09-22,False,0.7286057472229004,
1_002_20200922_122721(8),1.2995383739471436,210.0,147.0,121.0,26.0,27331,1,1band,1,2020-09-22,False,0.6960849761962891,
1_002_20200922_122724(8),1.2889702320098877,210.0,148.0,118.0,30.0,27310,1,1band,1,2020-09-22,False,0.7321353554725647,
2_002_20200922_122726(9),1.5282896757125854,210.0,111.0,81.0,30.0,27743,1,1band,2,2020-09-22,False,0.7102123498916626,
1_002_20200922_122727(6),1.3040980100631714,210.0,147.0,118.0,29.0,27414,1,1band,1,2020-09-22,False,0.7203519344329834,
2_002_20200922_122730(0),1.5282896757125854,210.0,111.0,78.0,33.0,27839,1,1band,2,2020-09-22,False,0.699969470500946,
2_002_20200922_122732(8),1.5282896757125854,210.0,111.0,77.0,34.0,27899,1,1band,2,2020-09-22,False,0.7270683646202087,
2_002_20200922_122737(2),1.4983344078063965,210.0,111.0,81.0,30.0,27851,1,1band,2,2020-09-22,False,0.7081730961799622,
2_002_20200922_122741(6),1.5282896757125854,210.0,111.0,79.0,32.0,27868,1,1band,2,2020-09-22,False,0.6865036487579346,
2_002_20200922_122746(0),1.5134636163711548,210.0,112.0,81.0,31.0,27821,1,1band,2,2020-09-22,False,0.7378031015396118,
3_001_20200922_122947(8),3.518907070159912,210.0,128.0,99.0,29.0,51687,1,1band,3,2020-09-22,False,0.647610604763031,
3_001_20200922_122952(4),3.502265691757202,210.0,128.0,98.0,30.0,51639,1,1band,3,2020-09-22,False,0.6724463701248169,
3_001_20200922_123001(2),3.4553654193878174,210.0,128.0,98.0,30.0,51632,1,1band,3,2020-09-22,False,0.711532473564148,
3_001_20200922_123005(5),3.531010150909424,210.0,128.0,97.0,31.0,51675,1,1band,3,2020-09-22,False,0.6367582082748413,
3_001_20200922_123014(3),3.4009015560150146,210.0,126.0,96.0,30.0,51111,1,1band,3,2020-09-22,False,0.6193953156471252,
3_001_20200922_123018(6),3.3948497772216797,210.0,128.0,98.0,30.0,51670,1,1band,3,2020-09-22,False,0.6249013543128967,
2_002_20200922_163036(2),1.5189093351364136,210.0,108.0,77.0,31.0,26917,1,1band,2,2020-09-22,False,0.7330504059791565,
2_002_20200922_163039(5),1.597579836845398,210.0,108.0,77.0,31.0,26955,1,1band,2,2020-09-22,False,0.728025496006012,
2_002_20200922_163043(6),1.5128588676452637,210.0,108.0,77.0,31.0,26975,1,1band,2,2020-09-22,False,0.7027378678321838,
2_002_20200922_163047(8),1.5521929264068604,210.0,108.0,77.0,31.0,26952,1,1band,2,2020-09-22,False,0.722832441329956,
1_002_20200922_163053(8),1.3464430570602417,210.0,144.0,116.0,28.0,26486,1,1band,1,2020-09-22,False,0.7346184253692627,
2_002_20200922_163053(8),1.5642971992492676,210.0,108.0,79.0,29.0,27022,1,1band,2,2020-09-22,False,0.7282654047012329,
1_002_20200922_163056(8),1.3827457427978516,210.0,144.0,115.0,29.0,26428,1,1band,1,2020-09-22,False,0.742026150226593,
1_002_20200922_163059(6),1.2889407873153687,210.0,146.0,114.0,32.0,26545,1,1band,1,2020-09-22,False,0.7463415861129761,
2_002_20200922_163059(7),1.597580909729004,210.0,108.0,78.0,30.0,26964,1,1band,2,2020-09-22,False,0.7361930012702942,
1_002_20200922_163102(5),1.2481000423431396,210.0,147.0,114.0,33.0,26518,1,1band,1,2020-09-22,False,0.7234623432159424,
1_002_20200922_163105(5),1.308637261390686,210.0,145.0,115.0,30.0,26483,1,1band,1,2020-09-22,False,0.7219915390014648,
1_002_20200922_163110(0),1.249631643295288,210.0,146.0,114.0,32.0,26456,1,1band,1,2020-09-22,False,0.7265233397483826,
3_001_20200922_163323(0),3.502265214920044,210.0,125.0,95.0,30.0,49717,1,1band,3,2020-09-22,False,0.5363405346870422,
3_001_20200922_163326(0),3.667163610458374,210.0,122.0,93.0,29.0,48692,1,1band,3,2020-09-22,False,0.6851676106452942,
3_001_20200922_163329(0),3.5355424880981445,210.0,121.0,92.0,29.0,48315,1,1band,3,2020-09-22,False,0.6176325678825378,
3_001_20200922_163332(2),3.5400874614715576,210.0,120.0,91.0,29.0,48053,1,1band,3,2020-09-22,True,,0.6640547513961792
3_001_20200922_163335(3),3.7564258575439453,210.0,119.0,91.0,28.0,47545,1,1band,3,2020-09-22,True,,0.6718423962593079
3_001_20200922_163338(3),3.586987018585205,210.0,119.0,90.0,29.0,47501,1,1band,3,2020-09-22,False,0.6772295236587524,
