image_id,obj,id,h,v,hv,mean,std
1_002_20200623_003346(4),0,0.983099098484497,0.9838987676726056,0.9891536581833824,0.9808538982186391,0.9842513556397811,0.0035131800401712564
1_002_20200623_003346(4),1,0.9913033068734219,0.9898766711500697,0.9866064775364027,0.9916056744960953,0.9898480325139973,0.002288786260785124
1_002_20200623_003346(4),2,0.9851477197161501,0.9891562116064456,0.9873797376414034,0.9892669987830246,0.9877376669367559,0.0019310674821552201
1_002_20200623_003350(4),0,0.9867938235560108,0.9899920192645298,0.9853514113372536,0.9893904772793947,0.9878819328592972,0.0021844672832202782
1_002_20200623_003350(4),1,0.9889545773298061,0.9807519451504215,0.9892325242043851,0.9850743707446105,0.9860033543573058,0.003982359608134566
1_002_20200623_003350(4),2,0.9834621559524068,0.9820320556091007,0.9867693476915781,0.9887971229162099,0.9852651705423239,0.0030790220444497406
1_002_20200623_003354(3),0,0.9861470892044829,0.9817459739405267,0.9873686717037885,0.9828313176261394,0.9845232631187344,0.002665156399535765
1_002_20200623_003354(3),1,0.9899758943328604,0.9881096350429374,0.9862767354318311,0.9876118966767673,0.987993540371099,0.0015314781869659928
1_002_20200623_003354(3),2,0.9866297124913701,0.9914245740721981,0.9869950396769975,0.9889107277358739,0.9884900134941099,0.002197294760558878
1_002_20200623_003358(2),0,0.9915801881172661,0.9837908229559446,0.987781091088897,0.9874874239049135,0.9876598815167553,0.003182391730405112
1_002_20200623_003358(2),1,0.9860178115537359,0.9835720519570004,0.9844476416604071,0.9833844140886187,0.9843554798149405,0.0012011894756171243
1_002_20200623_003358(2),2,0.987191689971691,0.9852329453056838,0.9878005228191081,0.9840394263586232,0.9860661461137765,0.0017394183016764678
1_002_20200623_003402(2),0,0.9875418182204763,0.986612243925017,0.9780608891085071,0.9818317014512664,0.9835116631763167,0.004411687507636789
1_002_20200623_003402(2),1,0.9939414309590012,0.9856613653304167,0.9914809227895517,0.9922568930639298,0.9908351530357248,0.003598861164266172
1_002_20200623_003402(2),2,0.9842620514588132,0.9871488337047256,0.9834239632293774,0.9867208263637269,0.9853889186891608,0.0018259389027148471
1_002_20200623_003410(2),0,0.9862814257092954,0.9849066168583573,0.9882010386428799,0.9891898641623684,0.9871447363432252,0.0019194449218537704
1_002_20200623_003410(2),1,0.9862823265159368,0.9769571258444059,0.9853959949632479,0.9847010145014224,0.9833341154562533,0.004300298635486423
1_002_20200623_003410(2),2,0.9802146746613046,0.9828111996725476,0.9923281775958566,0.9872230681521521,0.9856442800204652,0.005312689757459966
1_002_20200623_043039(3),0,0.9837434699950052,0.9868062315002382,0.9856151454321039,0.9840694436461044,0.9850585726433629,0.0014226683729429799
1_002_20200623_043039(3),1,0.9838102646516597,0.9798061832196882,0.9811730775201283,0.9810841724521554,0.9814684244609079,0.0016814815733642177
1_002_20200623_043039(3),2,0.9822963020665316,0.9858340469969255,0.9818387019732668,0.9861037134963262,0.9840181911332626,0.002262875088694604
1_002_20200623_043043(2),0,0.9886764625610506,0.984499791656913,0.9893660271366398,0.9842223571462848,0.9866911596252221,0.002707607997426568
1_002_20200623_043043(2),1,0.9859994653831045,0.9831282746696227,0.9884856350309474,0.9885828427686078,0.9865490544630706,0.0025749059348318757
1_002_20200623_043043(2),2,0.9872911875265721,0.9905608182502866,0.9895196759394365,0.9852537644159266,0.9881563615330554,0.0023673919800449436
1_002_20200623_043047(2),0,0.9928551150331751,0.9883307953702116,0.9923521745049723,0.9888892896824244,0.9906068436476958,0.002326033204777666
1_002_20200623_043047(2),1,0.9881242374792217,0.9889812721177538,0.984866319907169,0.9933590780636894,0.9888327268919586,0.0034997267622336485
1_002_20200623_043047(2),2,0.9861016515836796,0.9842925800545329,0.9848413588538639,0.9853715618574211,0.9851517880873744,0.000771393959947595
1_002_20200623_043051(3),0,0.9928907758839391,0.9862924440081972,0.9867936780269683,0.9888345175112567,0.9887028538575904,0.003000614059974915
1_002_20200623_043051(3),1,0.9915411140368229,0.985826473882883,0.9918174418683381,0.9922125214589788,0.9903493878117557,0.003027838145386134
1_002_20200623_043051(3),2,0.9843264409218788,0.9881168713132952,0.9877385508148919,0.9895025740550012,0.9874211092762667,0.002198053820343259
1_002_20200623_043055(3),0,0.9921039501337312,0.9848891335538543,0.9922447738448393,0.9874803774680464,0.9891795587501178,0.003616746877860239
1_002_20200623_043055(3),1,0.986304337026002,0.982469589311364,0.987070596481149,0.9830670948572955,0.9847279044189526,0.0022972172577636436
1_002_20200623_043055(3),2,0.987263702826533,0.9826648273220241,0.9907127297121482,0.9898308916014656,0.9876180378655427,0.0036117256858888822
1_002_20200623_043059(4),0,0.9891597855852476,0.9818018793297224,0.9889592410222452,0.9821883804564019,0.9855273215984043,0.004082495707059932
1_002_20200623_043059(4),1,0.9891193004649079,0.9873158243954208,0.9859852433850946,0.9879360098236465,0.9875890945172674,0.0013049770733184643
1_002_20200623_043059(4),2,0.9895483535987687,0.9899157084312892,0.9885521325603159,0.9890574222483396,0.9892684042096783,0.0005929960313127347
1_002_20200623_082258(6),0,0.9835550914288065,0.9830980489532163,0.9861572707045508,0.9849855844149749,0.9844489988753871,0.0013940651465976176
1_002_20200623_082258(6),1,0.9860148868259633,0.981434725614662,0.9803039678949999,0.9840153847473531,0.9829422412707446,0.0025707247673169256
1_002_20200623_082258(6),2,0.9801067809420615,0.9833654075819238,0.9841437544534279,0.9863841742706012,0.9835000293120036,0.002599033904500557
1_002_20200623_082302(6),0,0.986104507845837,0.9842411898563779,0.981658255468155,0.9856182856573298,0.9844055597069249,0.0019943108281333982
1_002_20200623_082302(6),1,0.9923023829176223,0.9883067342770024,0.9913451058497721,0.9824724565330327,0.9886066698943574,0.004430043685602886
1_002_20200623_082302(6),2,0.9867711565928461,0.9867630363853922,0.9878526631274042,0.9853166462210904,0.9866758755816832,0.0010406742780929641
1_002_20200623_082306(5),0,0.9900243569316037,0.9877955468375825,0.9913311315888095,0.9892892848233493,0.9896100800453362,0.0014752495936030299
1_002_20200623_082306(5),1,0.9902138647127471,0.9879484414640154,0.986033646590019,0.9903390267457591,0.988633744878135,0.002052227799006875
1_002_20200623_082306(5),2,0.9832854884595638,0.9881340166569997,0.9900700084542249,0.9830024930806891,0.9861230016628694,0.0035313877776316244
1_002_20200623_082310(6),0,0.9861201105867191,0.9893460417437218,0.9819475201211322,0.9866488467550394,0.9860156298016531,0.003057942664664453
1_002_20200623_082310(6),1,0.9840588299670925,0.9801230320558869,0.9852920008217543,0.9831690737861298,0.9831607341577159,0.0022042819908017963
1_002_20200623_082310(6),2,0.9833989879693752,0.9815575988131546,0.9798370681623376,0.9884309517314255,0.9833061516690732,0.0037132273350095097
1_002_20200623_082314(4),0,0.978863726633738,0.9780182997513728,0.986512544819689,0.9894928768322758,0.9832218620092689,0.005663468442348193
1_002_20200623_082314(4),1,0.9787088466893413,0.9829978632790243,0.0,0.0,0.4904266774920914,0.5662986555447519
1_002_20200623_082314(4),2,0.9874956461224471,0.9856166237955991,0.9865633644482145,0.988474581809972,0.9870375540440581,0.0012272999763820968
1_002_20200623_082318(5),0,0.9851748427872599,0.9867891145980168,0.9871531195694079,0.9910596193453535,0.9875441740750095,0.0024963389620295965
1_002_20200623_082318(5),1,0.0,0.0,0.0,0.0,0.0,0.0
1_002_20200623_082318(5),2,0.0,0.0,0.0,0.0,0.0,0.0
1_002_20200623_123032(7),0,0.9870021476559155,0.9828182128686893,0.9897062055216921,0.988945963830964,0.9871181324693152,0.0030844691958181055
1_002_20200623_123032(7),1,0.9724714172277791,0.9780941266773275,0.9837753895361127,0.9745018695586879,0.9772107007499767,0.004955608101084664
1_002_20200623_123032(7),2,0.9871752836247695,0.9867532301123048,0.9800919996609044,0.9841469290667039,0.9845418606161707,0.0032548581761533578
1_002_20200623_123036(5),0,0.9833633153469776,0.9867118979471019,0.9874490144578886,0.9924119699657836,0.9874840494294379,0.0037355185071505474
1_002_20200623_123036(5),1,0.9877952739134568,0.9884682662096634,0.9850050186651153,0.9842628229380744,0.9863828454315775,0.0020604882924066936
1_002_20200623_123036(5),2,0.9898500741497308,0.9864439632003025,0.9839752653142274,0.9795337123208054,0.9849507537462665,0.004340849777621404
1_002_20200623_123040(5),0,0.9748836804271295,0.9856852616809944,0.9760229172383951,0.9840119878632235,0.9801509618024355,0.005486984672758202
1_002_20200623_123040(5),1,0.9786360062706967,0.9890319880100814,0.9859847040992883,0.9752861145078031,0.9822347032219674,0.006363937249227869
1_002_20200623_123040(5),2,0.9916097775744671,0.9860286896392345,0.9906127741167727,0.9855550420550461,0.9884515708463801,0.003104045838163267
1_002_20200623_123044(3),0,0.9919985124799725,0.9853559315896168,0.9867515822813554,0.9854370069073263,0.9873857583145678,0.0031409928797600903
1_002_20200623_123044(3),1,0.9912475867344648,0.9856124914098042,0.9857856487959029,0.9873380403591911,0.9874959418248408,0.0026186676072318922
1_002_20200623_123044(3),2,0.9871225740780727,0.9861639245165188,0.988252570426181,0.9850654700021244,0.9866511347557242,0.0013587442449142781
1_002_20200623_123048(4),0,0.987319832900127,0.9847810055548909,0.9847298906108602,0.9879403589022026,0.9861927719920203,0.0016790307429756933
1_002_20200623_123048(4),1,0.9865405307157292,0.983779264248982,0.9873148718095316,0.9847704493127497,0.9856012790217482,0.0016154060196043912
1_002_20200623_123048(4),2,0.9897232151994404,0.9878826760139556,0.9920864156068556,0.990305246485747,0.9899993883264997,0.0017326256272599083
1_002_20200623_123052(5),0,0.9910835444911097,0.980349219316387,0.9898654421376475,0.9844027993952618,0.9864252513351015,0.004984746226460631
1_002_20200623_123052(5),1,0.9823282328561221,0.985449692415257,0.9868290969941781,0.9855601737030988,0.985041798992164,0.0019142417740205461
1_002_20200623_123052(5),2,0.9920608903920308,0.9774169798372017,0.9913141519376475,0.9835416685564607,0.9860834226808352,0.006944023674767627
1_002_20200623_163039(5),0,0.980643268711102,0.9887816869565216,0.982871483957461,0.9874262993902182,0.9849306847538256,0.0038157810306540833
1_002_20200623_163039(5),1,0.9922258728685529,0.9861946686891045,0.9903661929075882,0.9871036776478941,0.9889726030282849,0.0028128075343305634
1_002_20200623_163039(5),2,0.9797574608141251,0.9843003797368525,0.9847938438653396,0.9751909874399011,0.9810106679640546,0.0044934705596749
1_002_20200623_163043(7),0,0.9829492343886642,0.9833803368750342,0.984652186637237,0.9839068905243843,0.9837221621063299,0.0007333330216693305
1_002_20200623_163043(7),1,0.9836196869422221,0.9766447372444892,0.9910551609423556,0.9841283117464334,0.983861974218875,0.005886710558150242
1_002_20200623_163043(7),2,0.9918869231435081,0.9807812547047898,0.9872054016712016,0.9833842899218236,0.9858144673603307,0.004832128913647647
1_002_20200623_163047(6),0,0.9881544877925328,0.9877006002863062,0.9872653316686717,0.9909433977416793,0.9885159543722974,0.0016585132732067909
1_002_20200623_163047(6),1,0.9812386321863588,0.9799980404521986,0.9884185329022034,0.9829302689133167,0.9831463686135193,0.003714558917475195
1_002_20200623_163047(6),2,0.9930326008230037,0.9862465130255187,0.9935374017419395,0.0,0.7432041288976154,0.49548057162400894
1_002_20200623_163051(7),0,0.9809624359099132,0.9890502042933429,0.9797534429511845,0.9856999437955084,0.9838665067374872,0.004304382761715901
1_002_20200623_163051(7),1,0.9870570701110478,0.9909014570266051,0.9831123598763685,0.9905625283411695,0.9879083538387978,0.0036391185313064136
1_002_20200623_163051(7),2,0.9851173638949937,0.989769717238514,0.9847778306583773,0.9900540385856041,0.9874297375943724,0.0028718253748173383
1_002_20200623_163055(6),0,0.9871289712469048,0.9831126115909937,0.9860645388928082,0.9836742848079013,0.9849951016346521,0.0019135848927714061
1_002_20200623_163055(6),1,0.9897818170855651,0.986556868582574,0.9860220631753538,0.9901581447137671,0.9881297233893149,0.002141651268786512
1_002_20200623_163055(6),2,0.9846907410697224,0.9881879903073834,0.9855266203864168,0.9846963955458529,0.9857754368273438,0.0016556186043379625
1_002_20200623_163059(6),0,0.9844411665895807,0.9880736206285479,0.9900485110071022,0.9858132151893998,0.9870941283536576,0.002474316514081361
1_002_20200623_163059(6),1,0.9888610586261092,0.9790264602947617,0.9728043651138027,0.9800402162765491,0.9801830250778056,0.006610873002888364
1_002_20200623_163059(6),2,0.9836583816163421,0.9844463585787089,0.982057214681554,0.9878917391032704,0.9845134234949688,0.0024618131801302594
1_002_20200623_203040(4),0,0.9861428243204117,0.9878018146993381,0.9891488491380537,0.9861525723144519,0.9873115151180639,0.0014520303696285227
1_002_20200623_203040(4),1,0.0,0.0,0.0,0.0,0.0,0.0
1_002_20200623_203040(4),2,0.986655884659047,0.9898071762322284,0.9885672523923006,0.9919153762862105,0.9892364223924466,0.002206771200429351
1_002_20200623_203044(0),0,0.9925301966053393,0.9808034982885903,0.9907033889788579,0.9877272417935502,0.9879410814165843,0.005153676408728689
1_002_20200623_203044(0),1,0.991700506277926,0.9816021155083964,0.9850103204884656,0.9843231679830793,0.9856590275644668,0.0042880975644804566
1_002_20200623_203044(0),2,0.9863390499974953,0.9872053683036492,0.9885770545007442,0.9885903996925927,0.9876779681236204,0.0011040742758664037
1_002_20200623_203047(7),0,0.9877568867595439,0.9818156407572486,0.9895202011409604,0.9879801331156395,0.9867682154433481,0.0033935054008668174
1_002_20200623_203047(7),1,0.985621526291871,0.9880469523155285,0.9877777723348614,0.9861798367485957,0.9869065219227141,0.001188688896093927
1_002_20200623_203047(7),2,0.9872161756755202,0.9897649200457334,0.9869274699217656,0.9882330706707164,0.9880354090784339,0.0012817892227144987
1_002_20200623_203051(2),0,0.9823121808261205,0.9815228431418381,0.9887301823793386,0.9849677768007303,0.984383245787007,0.003251089438350221
1_002_20200623_203051(2),1,0.9867844642247727,0.9904078592945663,0.9863916772358323,0.9833491092868166,0.9867332775104969,0.002891046908494762
1_002_20200623_203051(2),2,0.9898732606843954,0.9859215258891492,0.9862887279099185,0.9856685715536886,0.986938021509288,0.0019733201910148105
1_002_20200623_203054(7),0,0.9788235805083392,0.9840617288234175,0.9898611301999863,0.983783908833214,0.9841325870912392,0.0045139913774761955
1_002_20200623_203054(7),1,0.9865385134263592,0.9763715974228097,0.9809951461830744,0.9845457180887661,0.9821127437802524,0.004461561267579044
1_002_20200623_203054(7),2,0.9842898345920925,0.9924644675032788,0.98600454756422,0.9878678648418076,0.9876566786253497,0.003522527941700838
1_002_20200623_203058(3),0,0.9771220128048932,0.9816672105793182,0.9815689085383619,0.9854500075823083,0.9814520348762203,0.0034055267303267655
1_002_20200623_203058(3),1,0.9849370889467074,0.9848350101626685,0.9863348688880933,0.9801849743810722,0.9840729855946353,0.002680802322400584
1_002_20200623_203058(3),2,0.987774010730177,0.9868831013522107,0.9918876063387185,0.9897627123135441,0.9890768576836626,0.002227156752545017
2_002_20200623_003351(2),0,0.9880822526235484,0.9940080258983891,0.9950251479592502,0.9929819244641593,0.9925243377363367,0.003076626296014185
2_002_20200623_003351(2),1,0.9916011295297706,0.9895370885739947,0.9878634306087172,0.9900317089821846,0.9897583394236668,0.0015395061595776809
2_002_20200623_003351(2),2,0.989162665959024,0.9919250547082478,0.9916982130447581,0.9919932477953365,0.9911947953768416,0.0013606106808875982
2_002_20200623_003355(7),0,0.991421452449795,0.9926170742259955,0.9921198924076043,0.993597860439954,0.9924390698808372,0.0009150410923694149
2_002_20200623_003355(7),1,0.9875317422103648,0.9924582366559045,0.9917100099069645,0.9900650795739083,0.9904412670867855,0.0021821034682055034
2_002_20200623_003355(7),2,0.9947939707108866,0.9925316779420503,0.9943445251320098,0.9908712606490152,0.9931353586084904,0.0017984852612637045
2_002_20200623_003400(2),0,0.9935488847102367,0.9915894012162759,0.992047499401049,0.9941503157323547,0.9928340252649791,0.0012126220321022258
2_002_20200623_003400(2),1,0.9923884009891668,0.9802537502423214,0.9923859335279006,0.9905779862718395,0.9889015177578071,0.005827919514670883
2_002_20200623_003400(2),2,0.9921387581792074,0.989219062314923,0.9902929375812431,0.995033147443738,0.9916709763797779,0.002545184183702561
2_002_20200623_003404(7),0,0.9865533677384382,0.9913390598428016,0.9924678053599659,0.9936100100828071,0.9909925607560033,0.0031012838139636008
2_002_20200623_003404(7),1,0.9843216496203215,0.9889444523922386,0.9900177036132254,0.992975724978394,0.9890648826510449,0.0035923677672874497
2_002_20200623_003404(7),2,0.9873710654550719,0.9944413411192908,0.9883834790996648,0.9945288608814128,0.9911811866388601,0.0038375218123395194
2_002_20200623_003409(2),0,0.994052261967718,0.9923847932169935,0.9907154035632305,0.9931164149196667,0.9925672184169022,0.0014106107840588368
2_002_20200623_003409(2),1,0.9918010377904823,0.9917915522308488,0.990410794542992,0.9916176403535251,0.9914052562294621,0.0006683134760330139
2_002_20200623_003409(2),2,0.9936113172946298,0.9931393379930521,0.990597693530204,0.9945021395169059,0.9929626220836979,0.001674816903384472
2_002_20200623_003413(7),0,0.9898874832798963,0.9885799527343478,0.9954220142339381,0.9928932450693908,0.9916956738293932,0.0030712136955289362
2_002_20200623_003413(7),1,0.986878324773221,0.9920359225071976,0.9879591796101974,0.9926722701469766,0.9898864242593981,0.0028950655999040054
2_002_20200623_003413(7),2,0.9957802892695538,0.9938503661213289,0.9955657813945255,0.9933099355602727,0.9946265930864202,0.0012314226059797944
2_002_20200623_043056(0),0,0.9895698787825404,0.9837033037198789,0.9915933081200811,0.9892278158973776,0.9885235766299695,0.003378805680975152
2_002_20200623_043056(0),1,0.9927763045826329,0.9934461049127616,0.9892221695484336,0.9903096866376151,0.9914385664203609,0.002000544829711061
2_002_20200623_043056(0),2,0.9881853323268881,0.9880443475546121,0.9930929167701847,0.9938669699132203,0.9907973916412263,0.003114153281928584
2_002_20200623_043100(6),0,0.9912070382780303,0.9831067059613372,0.9925845349215601,0.9920625466569309,0.9897402064544647,0.004458639285539459
2_002_20200623_043100(6),1,0.9884296219330645,0.9923713969524514,0.9939610989642752,0.9918381491097076,0.9916500667398747,0.0023286496050534088
2_002_20200623_043100(6),2,0.9879379261194349,0.9889797719647179,0.9904963669785821,0.9911420958021976,0.9896390402162332,0.001451735635910857
2_002_20200623_043105(0),0,0.9904906951709717,0.9898939233769523,0.9908872479076273,0.9917221523800265,0.9907485047088944,0.000766814726306926
2_002_20200623_043105(0),1,0.9923818288846966,0.9914966706980847,0.9872424541526853,0.9952567689920974,0.991594430681891,0.0033157188538524497
2_002_20200623_043105(0),2,0.9860815101856247,0.9825574506296018,0.9899683037740943,0.9922771720046796,0.9877211091485001,0.004287938373842417
2_002_20200623_043109(4),0,0.9842915431460503,0.9924235491842285,0.9921636244717086,0.9914696283397894,0.9900870862854442,0.003884619781008971
2_002_20200623_043109(4),1,0.9826750084774373,0.9813635517997142,0.9878459605105239,0.9903037193916324,0.985547060044827,0.004229309357937175
2_002_20200623_043109(4),2,0.9902725354198431,0.9913117319838277,0.9921590597593529,0.9920863588295699,0.9914574214981484,0.000878073434587803
2_002_20200623_043115(4),0,0.9882561964814877,0.9904833782329983,0.9942517289153895,0.993557721160267,0.9916372561975356,0.002786075640634339
2_002_20200623_043115(4),1,0.9915337335577451,0.9902397764934258,0.9857451553894093,0.9915549992444116,0.9897684161712479,0.0027517892618190757
2_002_20200623_043115(4),2,0.9913186421045326,0.9888668644531293,0.9949568395495463,0.9954761357814911,0.9926546204721748,0.0031301275362484583
2_002_20200623_043120(0),0,0.9900682410807821,0.9884100526837687,0.9911625692405264,0.9881049582444542,0.9894364553123829,0.0014381712169756248
2_002_20200623_043120(0),1,0.9923545952719609,0.9932798232775808,0.9890564522372515,0.989874689878192,0.9911413901662463,0.0019996881913356473
2_002_20200623_043120(0),2,0.9937386766075952,0.9890118525809889,0.9952099643739449,0.9899485042293202,0.9919772494479623,0.0029699863732673927
2_002_20200623_082249(3),0,0.9906606126413043,0.9918200937232726,0.9914504682002293,0.993422137621358,0.991838328046541,0.0011613546825352647
2_002_20200623_082249(3),1,0.9917106459250963,0.9911510970838453,0.9910703860209726,0.9865172820997907,0.9901123527824263,0.002413565246196431
2_002_20200623_082249(3),2,0.9904455728128051,0.9858954609127505,0.9886289953572859,0.991522782173538,0.9891232028140948,0.0024609755726685586
2_002_20200623_082253(8),0,0.9932660442945093,0.9906634472606896,0.9907010735909918,0.9898467741333201,0.9911193348198777,0.001484424489115395
2_002_20200623_082253(8),1,0.9803987686166156,0.9884079664879392,0.9855471435692362,0.9832830966651585,0.9844092438347374,0.003397877650618665
2_002_20200623_082253(8),2,0.991392498421375,0.9860399012206494,0.9935169793344117,0.9896711784366526,0.9901551393532722,0.0031624056549412007
2_002_20200623_082258(4),0,0.9905559085265232,0.9899576226234875,0.9915799913730933,0.988480749079817,0.9901435679007302,0.0012952321878009676
2_002_20200623_082258(4),1,0.9913626459366865,0.9878268599829001,0.9897007125850112,0.9870301598312993,0.9889800945839742,0.001943196407686234
2_002_20200623_082258(4),2,0.9939685910811463,0.9785052419730769,0.9909469595242687,0.9887159300041575,0.9880341806456623,0.0067073830571527686
2_002_20200623_082302(7),0,0.9902910417695263,0.9899049135914,0.9905831474611534,0.9857751703889889,0.9891385683027671,0.0022594051329384306
2_002_20200623_082302(7),1,0.9908318295955881,0.9902111099131908,0.9914138018882691,0.9916250639385911,0.9910204513339098,0.0006353195405497727
2_002_20200623_082302(7),2,0.9918151449896963,0.9891577944855603,0.987353731296548,0.9885273498810301,0.9892135051632087,0.0018886680820749363
2_002_20200623_082307(2),0,0.9912447770307036,0.9882887668863851,0.9919866272720924,0.9918513635672079,0.9908428836890972,0.0017330331741507142
2_002_20200623_082307(2),1,0.9920994999051069,0.9896320246063587,0.995533086535893,0.9929363399880444,0.9925502377588509,0.0024334881942228584
2_002_20200623_082307(2),2,0.9878458725086967,0.9843792912687667,0.988252025661369,0.989061720326959,0.9873847274414479,0.0020663827252344565
2_002_20200623_082311(8),0,0.9862552723491187,0.991981591648189,0.989918949207658,0.9911323729751049,0.9898220465450177,0.0025240086302397383
2_002_20200623_082311(8),1,0.992185545411685,0.9896292660822132,0.9899440627028013,0.9913900168701094,0.9907872227667022,0.0012069865405331074
2_002_20200623_082311(8),2,0.985828351599982,0.9941590262916444,0.9908352986766195,0.9908703707555264,0.9904232618309431,0.003436995630346732
2_002_20200623_123042(0),0,0.9826451796538984,0.9861678728633023,0.9911220262082413,0.9909253254120806,0.9877151010343806,0.004082919605425897
2_002_20200623_123042(0),1,0.9866589492992948,0.9899553453610687,0.9829284063232521,0.9846374559532047,0.9860450392342051,0.0030200480663058124
2_002_20200623_123042(0),2,0.9918766060251754,0.9912538675578325,0.9943828382929634,0.9876629186690054,0.9912940576362441,0.002772887424843877
2_002_20200623_123046(4),0,0.9888597987595666,0.9873407117495849,0.9887160957255066,0.9895143375570333,0.9886077359479228,0.0009133371592183839
2_002_20200623_123046(4),1,0.9899225605549176,0.9924291115051472,0.9939647700296237,0.9912126761485132,0.9918822795595504,0.0017247858842827527
2_002_20200623_123046(4),2,0.9895960543104165,0.9841874361400641,0.9865563734712997,0.989164896913399,0.987376190208795,0.002514459537600396
2_002_20200623_123051(1),0,0.9887428715231326,0.9845882464396625,0.9915960528155775,0.9884127773672328,0.9883349870364013,0.002877790599600776
2_002_20200623_123051(1),1,0.9899496778478863,0.9883202338854155,0.9906104212802855,0.982170082190113,0.9877626038009251,0.003850567341798303
2_002_20200623_123051(1),2,0.9896231839895885,0.9879940883016658,0.9866909080256233,0.9902256898698887,0.9886334675466917,0.0016017754603033874
2_002_20200623_123055(5),0,0.9914085632290462,0.9897075346689757,0.9909903627838278,0.9924867997875569,0.9911483151173517,0.0011489223257910486
2_002_20200623_123055(5),1,0.9862666437858083,0.9904616440246728,0.9888892896824244,0.9916292782236387,0.9893117139291361,0.002319794380670453
2_002_20200623_123100(0),0,0.9927957486453128,0.9881480539611944,0.9925328661010078,0.9899181098509491,0.990848694639616,0.0022201276941736315
2_002_20200623_123100(0),1,0.98834413327234,0.9892321034986126,0.9943255284191637,0.9941641331074587,0.9915164745743938,0.0031719068796287964
2_002_20200623_123100(0),2,0.9903970574957466,0.9918285052365747,0.9928111080638461,0.9970916101523277,0.9930320702371238,0.002882160616789683
2_002_20200623_123104(5),0,0.9899134717403152,0.9867817316131159,0.9878556295555035,0.9916611929645447,0.9890530064683698,0.0021706710346977125
2_002_20200623_123104(5),1,0.9915251735009537,0.9925349490913257,0.9886802844235637,0.9927620997277713,0.9913756266859036,0.0018755950252819017
2_002_20200623_123104(5),2,0.9920744512440108,0.9929074468600682,0.9937746688739126,0.9876415330106966,0.991599524997172,0.002728440701750371
2_002_20200623_163020(3),0,0.9921247747941739,0.9887348396662671,0.9880307637645839,0.9869001185873195,0.988947624203086,0.0022488867948272577
2_002_20200623_163020(3),1,0.9863129515247708,0.9853307060065033,0.9799681627646227,0.9835329819361655,0.9837862005580156,0.002793534188719531
2_002_20200623_163020(3),2,0.9871281497374471,0.9915693498600496,0.9903373908436004,0.9869716903398656,0.9890016451952407,0.0023099802039575545
2_002_20200623_163023(3),0,0.9799193461736154,0.9746878393129542,0.9811267927587188,0.9774749756697554,0.978302238478761,0.0028484726470007354
2_002_20200623_163023(3),1,0.9888530949323588,0.9908454958093386,0.987454852178163,0.9872067363150643,0.9885900448087312,0.0016691773703263438
2_002_20200623_163023(3),2,0.9863130308597723,0.9823136633982525,0.989883109863601,0.9803698251254447,0.9847199073117676,0.004239100849219392
2_002_20200623_163026(3),0,0.9835956842018655,0.9880550083708148,0.9859936809862984,0.9924827268691868,0.9875317751070414,0.0037702449760142723
2_002_20200623_163026(3),1,0.9878834979824932,0.9901303622666309,0.9877255564024182,0.9871979255656296,0.988234335554293,0.001297562610649788
2_002_20200623_163026(3),2,0.9862589516683172,0.9829871653650989,0.9948789519321958,0.9885558740336071,0.9881702357498048,0.0050223770983725685
2_002_20200623_163029(6),0,0.9891159059711345,0.9835658805843822,0.9942355182534398,0.991364464694537,0.9895704423758734,0.004518215528073883
2_002_20200623_163029(6),1,0.9955722870997541,0.9901482672287515,0.9908632872890173,0.9941116604708363,0.9926738755220899,0.0025900413274373537
2_002_20200623_163029(6),2,0.9917116234334932,0.9935694611647545,0.9911922947355377,0.9902911886387439,0.9916911419931322,0.001382897969332988
2_002_20200623_163032(5),0,0.9866281212805382,0.9843648161932959,0.9887632762665641,0.9856490611630886,0.9863513187258717,0.0018559379325819153
2_002_20200623_163032(5),1,0.9927563587101232,0.9839360583329276,0.9871573540626951,0.987390127964319,0.9878099747675163,0.0036549568065104986
2_002_20200623_163032(5),2,0.9930108283120649,0.9842292940333266,0.9915591577103035,0.989634304166421,0.989608396055529,0.003843497803196381
2_002_20200623_163035(5),0,0.9917860461776764,0.9906180825221419,0.9927650006621183,0.9904587541153483,0.9914069708693212,0.0010815733669611658
2_002_20200623_163035(5),1,0.9928665707423161,0.9927006556927461,0.991006240671729,0.990811964339965,0.9918463578616892,0.0010872635308573492
2_002_20200623_163035(5),2,0.9924353337813951,0.986862767627086,0.9922879663155266,0.9874834668271579,0.9897673836377915,0.0030069012383512205
2_002_20200623_203033(6),0,0.994218943298919,0.9926947806829974,0.9936990967682061,0.9932037093700526,0.9934541325300439,0.000654285864343365
2_002_20200623_203033(6),1,0.9883803091717039,0.9923806825808773,0.9905230944482117,0.9907487782662036,0.9905082161167491,0.0016423773560049532
2_002_20200623_203033(6),2,0.9867128873681555,0.9872195181137162,0.9877329094551016,0.9909859462154836,0.9881628152881142,0.0019276054048681668
2_002_20200623_203038(0),0,0.9899264458948845,0.9891164766568972,0.993448952135142,0.9930081436164692,0.9913750045758482,0.002173144589266692
2_002_20200623_203038(0),1,0.9907925960605817,0.9896953853407763,0.9888360485360637,0.9914105439209869,0.9901836434646022,0.001144627462092944
2_002_20200623_203038(0),2,0.9918395219190129,0.9938467303062054,0.992074326185193,0.9945526049872861,0.9930782958494243,0.0013299868277186085
2_002_20200623_203042(5),0,0.9901207400433127,0.9862553342674266,0.9936136572643606,0.9931068274025455,0.9907741397444114,0.0033838255256801197
2_002_20200623_203042(5),1,0.9923853771610288,0.9903588262193714,0.9894847238959706,0.9898669136645685,0.9905239602352349,0.0012914932674620175
2_002_20200623_203042(5),2,0.9911203163621487,0.98778202310107,0.9934529934476007,0.9920535733967363,0.9911022265768888,0.002412139023995144
2_002_20200623_203047(0),0,0.9877574179034568,0.9877675623726083,0.9920272340014434,0.9922845550565533,0.9899591923335155,0.0025387110023517992
2_002_20200623_203047(0),1,0.9930964947057095,0.9929191702374097,0.9844896312528654,0.9918698749324094,0.9905937927820986,0.0041052840282343305
2_002_20200623_203047(0),2,0.9910163554634462,0.9899594331636137,0.9885048791468483,0.9929465577696878,0.9906068063858989,0.0018689887811377923
2_002_20200623_203050(0),0,0.9846562839514739,0.9914251003037561,0.9920849790431359,0.9844175199989409,0.9881459708243266,0.004177229381563431
2_002_20200623_203050(0),1,0.9913449961737594,0.9933299820239521,0.9885925200738019,0.9924599368746457,0.9914318587865397,0.002059871016900402
2_002_20200623_203050(0),2,0.991380983859775,0.9883201176970172,0.9845295182047341,0.9900863922525371,0.9885792530035158,0.0029770604939768535
2_002_20200623_203054(6),0,0.9936233368310923,0.9912734307314209,0.9916547774533709,0.9875796948585885,0.9910328099686182,0.0025218759744745794
2_002_20200623_203054(6),1,0.9916456623957735,0.9912262594100695,0.9931733482999199,0.9891220212963923,0.9912918228505387,0.0016710952286393336
2_002_20200623_203054(6),2,0.9835944761304865,0.985981746712283,0.9856208194625323,0.9902251797639032,0.9863555555173014,0.0027855054169198873
3_001_20200623_003516(8),0,0.9793575986107933,0.975614154634971,0.9846318901385962,0.9840925196230338,0.9809240407518487,0.004259735398176534
3_001_20200623_003516(8),1,0.9840543308753019,0.9904966491855804,0.9872568698109132,0.9830533199779153,0.9862152924624277,0.003370594593322755
3_001_20200623_003516(8),2,0.9825713458684733,0.9810747133662981,0.9839221695873797,0.9811873748354542,0.9821889009144013,0.0013410136483002508
3_001_20200623_003520(5),0,0.9799500605982302,0.9841321661236874,0.9846549085946971,0.980622963916523,0.9823400248082844,0.0023965728635092546
3_001_20200623_003520(5),1,0.9863530820461619,0.9783013726731757,0.982979513019915,0.9886389970120449,0.9840682411878244,0.004492750013129291
3_001_20200623_003520(5),2,0.9844531745576905,0.9861609359633529,0.983535056393084,0.9868241419963288,0.985243327227614,0.001514761984689796
3_001_20200623_003524(0),0,0.9868109269150126,0.9860011985233643,0.9868107216795537,0.9879763270334755,0.9868997935378515,0.0008128608818768898
3_001_20200623_003524(0),1,0.9821820305023203,0.9869078469523038,0.9828904933235203,0.9880615462351034,0.985010479253312,0.0029099528399418326
3_001_20200623_003524(0),2,0.982359016851348,0.9789631726762541,0.9843227440369143,0.9824815424936404,0.9820316190145393,0.0022341469124837685
3_001_20200623_003529(0),0,0.9891793963844286,0.9815886132694218,0.9845653788309443,0.9837877007523805,0.9847802723092939,0.0031921966082859997
3_001_20200623_003529(0),1,0.9909611703075778,0.9916776755029557,0.9757532451096519,0.9844593812121673,0.9857128680330882,0.0073911867090533465
3_001_20200623_003529(0),2,0.9755510007354421,0.9899416799693636,0.9792562308930237,0.9862032421558351,0.9827380384384161,0.006523715271651234
3_001_20200623_003532(5),0,0.9808655695745965,0.9861671526257911,0.9842319492003577,0.9903874977917527,0.9854130422981245,0.0039744340863912195
3_001_20200623_003532(5),1,0.9756725999509736,0.9885211035166565,0.9864687825378085,0.988600945248446,0.9848158578134711,0.006174869960731354
3_001_20200623_003532(5),2,0.9833020879713111,0.9854350216541052,0.9810877935370751,0.9813695989146617,0.9827986255192883,0.0020143751825623052
3_001_20200623_003536(0),0,0.990744994005317,0.9877979467507665,0.982844360904481,0.9806947031992352,0.9855205012149499,0.00458010685956128
3_001_20200623_003536(0),1,0.9809578900391985,0.971002140818172,0.9765375787980187,0.9902777293913253,0.9796938347616787,0.008147068114600437
3_001_20200623_003536(0),2,0.9825932255555427,0.9920020799178508,0.9901080410479031,0.9900525684351267,0.9886889787391058,0.004163650681427869
3_001_20200623_043227(1),0,0.9915387502032494,0.9831355569128316,0.9877595181526304,0.9848652378491919,0.9868247657794759,0.0036762944621809767
3_001_20200623_043227(1),1,0.9846025499426962,0.9825981622580833,0.9788121472744298,0.9777950526515956,0.9809519780317012,0.0031927862079932003
3_001_20200623_043227(1),2,0.9845478614245008,0.9914835821274866,0.9802706408563964,0.9938962983717463,0.9875495956950325,0.0062649947137814275
3_001_20200623_043231(6),0,0.982920170796623,0.9831434229809688,0.9852726400679184,0.9831272580905448,0.9836158729840137,0.0011091787086769782
3_001_20200623_043231(6),1,0.9830776877961886,0.9742239775030112,0.9726156668600342,0.9864261122054835,0.9790858610911793,0.006716032863665666
3_001_20200623_043231(6),2,0.9772725852604102,0.9915754056096945,0.9835314618989884,0.9825101159364312,0.983722392176381,0.005909763032188887
3_001_20200623_043236(1),0,0.9831448157207908,0.9856076690573291,0.9872226765207386,0.9851572678604479,0.9852831072898265,0.0016788285140359742
3_001_20200623_043236(1),1,0.9799987657575635,0.9872992079070289,0.9790062933386005,0.983599113492754,0.9824758451239868,0.003772721040316731
3_001_20200623_043236(1),2,0.9726118092977944,0.9877519929158918,0.9801177405480052,0.9869143906157305,0.9818489833443554,0.007043352866661435
3_001_20200623_043240(6),0,0.9863235438163308,0.9794749477603221,0.9837575478233883,0.9873343757542721,0.9842226037885784,0.003504929318359451
3_001_20200623_043240(6),1,0.9832585278840724,0.9894341778733576,0.9842185407797995,0.9872385422471117,0.9860374471960853,0.0028290882930375755
3_001_20200623_043240(6),2,0.9909305306981183,0.9860812420675967,0.9826510801974695,0.9833853039280385,0.9857620392228057,0.003747983071164852
3_001_20200623_043245(2),0,0.9868470503535853,0.9771225140900892,0.9863881148471021,0.9876211079034835,0.984494696798565,0.004941056683154918
3_001_20200623_043245(2),1,0.9887807497559975,0.9793846111621816,0.9705214727743804,0.9820533638026092,0.9801850493737922,0.007558705309969342
3_001_20200623_043245(2),2,0.983891639737052,0.9883723851455671,0.9853093318623715,0.9803208461140344,0.9844735507147562,0.0033408090802685775
3_001_20200623_043249(6),0,0.9873904494582609,0.9859811084247071,0.9887118089364082,0.9882940834040785,0.9875943625558637,0.001208644574428492
3_001_20200623_043249(6),1,0.9871757098719641,0.9768949077468251,0.9655869676477243,0.9775850886012057,0.9768106684669299,0.008831994229462157
3_001_20200623_043249(6),2,0.9867337887641431,0.985838217589766,0.9913213475353146,0.98894322978308,0.9882091459180758,0.0024510309325428826
3_001_20200623_082407(9),0,0.9756512311033014,0.9823933508703325,0.983193083371411,0.9889139880886344,0.9825379133584198,0.005432337357808584
3_001_20200623_082407(9),1,0.98490879512446,0.9849982513649488,0.9591922709157314,0.9822247218455117,0.977831009812663,0.012492286813393948
3_001_20200623_082407(9),2,0.9823841288960129,0.9915917240909717,0.9842806571205276,0.9905404609812106,0.9871992427721807,0.004551962767231315
3_001_20200623_082411(0),0,0.9843576236933058,0.9833096296069922,0.9848554389618359,0.9855910699976382,0.984528440564943,0.0009575642393868596
3_001_20200623_082411(0),1,0.9911725567019884,0.9867385653910342,0.9900739229701198,0.9791870683834978,0.9867930283616599,0.005409809957233099
3_001_20200623_082411(0),2,0.977898254354754,0.988691819214819,0.9845084236652036,0.9878260509146605,0.9847311370373593,0.004899094549646998
3_001_20200623_082414(1),0,0.9843264803514227,0.9803387010685013,0.9785057687443443,0.9750985765883423,0.9795673816881527,0.003844528351470972
3_001_20200623_082414(1),1,0.9924032420946655,0.9861300766680511,0.983159710987078,0.984918107146915,0.9866527842241773,0.004022919922627074
3_001_20200623_082414(1),2,0.9674161066824136,0.0,0.9831315441447334,0.9854414311784067,0.7339972705013884,0.4893970434558427
3_001_20200623_082416(7),0,0.9742320192642112,0.9811132745505401,0.977933934868621,0.9801971083346154,0.978369084254497,0.0030646867235366976
3_001_20200623_082416(7),1,0.9765664959067875,0.9695801169356005,0.9639421485164582,0.9798106917926561,0.9724748632878756,0.00711202303975618
3_001_20200623_082416(7),2,0.9518542288727853,0.9826234726950077,0.9748831521316519,0.985425565448525,0.9736966047869925,0.015228862608279799
3_001_20200623_082419(6),0,0.9736217756113184,0.981306849805839,0.9837863219579638,0.9897246962729993,0.9821099109120301,0.006670548655895931
3_001_20200623_082419(6),1,0.9786380257213784,0.9815490279889721,0.9762512728598667,0.9805778434130923,0.9792540424958274,0.0023391956904989402
3_001_20200623_082419(6),2,0.9739252137879696,0.9754914718542529,0.9684257531671878,0.9747249993445655,0.973141859538494,0.0032084426578211887
3_001_20200623_082422(5),0,0.9774065396901069,0.9829324487749319,0.9831676931768801,0.9897188198743985,0.9833063753790794,0.005036088410030055
3_001_20200623_082422(5),1,0.9807662420571513,0.9885545482478995,0.979592703369495,0.988344883355592,0.9843145942575344,0.004799565846714587
3_001_20200623_082422(5),2,0.9742117156665338,0.9828828047141749,0.9684865903923681,0.9783651573396908,0.9759865670281919,0.006126867959662354
3_001_20200623_123214(3),0,0.9756538888001127,0.984943068556475,0.9823085284585935,0.9873895591509774,0.9825737612415396,0.005058343262766307
3_001_20200623_123214(3),1,0.9779254464584113,0.9845153830060707,0.9813765891924353,0.9808005321731461,0.9811544877075158,0.002701662339263306
3_001_20200623_123214(3),2,0.9834007663086389,0.9738191875763346,0.9684675316785423,0.9804687189340472,0.9765390511243907,0.006710005172594802
3_001_20200623_123223(3),0,0.9732292103327447,0.9813738798674492,0.9813869908348114,0.9827143678400856,0.9796761122187727,0.004343695115767297
3_001_20200623_123223(3),1,0.9813978879748219,0.9883408618336192,0.9804821627037528,0.9814438289843898,0.9829161853741458,0.0036434709358523255
3_001_20200623_123223(3),2,0.9862289894938642,0.9711190968200821,0.9791467795719999,0.9872007962776452,0.9809239155408979,0.007457339199960473
3_001_20200623_123232(3),0,0.9830742414941948,0.9841935420133395,0.9870262454858588,0.9830004156004678,0.9843236111484652,0.0018826330260943388
3_001_20200623_123232(3),1,0.9856185978126095,0.9826546840683887,0.9829060949854397,0.9845282797293144,0.9839269141489381,0.0014004850733007215
3_001_20200623_123232(3),2,0.9740550840522766,0.9701594889710382,0.9668582835275196,0.972600882261715,0.9709184347031373,0.003148016577675621
3_001_20200623_123236(9),0,0.9887475095413298,0.9881082203705754,0.9903280300317524,0.9840468500527707,0.9878076524991071,0.002675170415294929
3_001_20200623_123236(9),1,0.9837337741685837,0.9791216971544363,0.9802506648645174,0.9818929905656437,0.9812497816882952,0.0020092216165167693
3_001_20200623_123236(9),2,0.9788435919251024,0.9838817550952966,0.9771534266291747,0.9809697630441578,0.9802121341734329,0.0029022243735167146
3_001_20200623_123241(3),0,0.9866690714639632,0.9881889752005227,0.9919246509017081,0.9856795902978789,0.9881155719660182,0.0027410971503583803
3_001_20200623_123241(3),1,0.9779793649874136,0.9856304831036963,0.9856486670662734,0.9884070349148608,0.9844163875180609,0.004485274673181476
3_001_20200623_123241(3),2,0.9909839638634617,0.984436306370786,0.9772448313225103,0.9891198271202417,0.9854462321692499,0.006122219046182907
3_001_20200623_123245(8),0,0.9760935517216125,0.9812570537871087,0.9865970270000826,0.978305257863989,0.9805632225931983,0.004544761077872512
3_001_20200623_123245(8),1,0.9888224799951665,0.9871970158408687,0.9839265687688299,0.9817673872317585,0.9854283629591558,0.003178379699197808
3_001_20200623_123245(8),2,0.9643731143082684,0.9809006407387335,0.9837498905797826,0.988459570014712,0.9793708039103742,0.010473031453532844
3_001_20200623_163159(5),0,0.9818088783240112,0.9656920284908572,0.9746133784564904,0.981450523583818,0.9758912022137942,0.007562647746788477
3_001_20200623_163159(5),1,0.972110904822467,0.9827977732224353,0.9837741519002948,0.9794686333897913,0.979537865833747,0.005283233189844441
3_001_20200623_163159(5),2,0.9741594002632283,0.9643116555387324,0.953787637362141,0.9772176695102398,0.9673690906685853,0.010597273125349608
3_001_20200623_163209(3),0,0.9759319361710568,0.9870064311938072,0.9852943855408004,0.9799103449285134,0.9820357744585444,0.005069525523233325
3_001_20200623_163209(3),1,0.9834447915863666,0.9868005421447629,0.9893242613700894,0.9836146964528618,0.9857960728885202,0.002813301699908112
3_001_20200623_163209(3),2,0.9774334826941179,0.9668948025758508,0.9818856739509862,0.9664282647664809,0.9731605559968589,0.00772375118313813
3_001_20200623_163212(9),0,0.9836720006000663,0.9840263929451901,0.9881671669125084,0.9905297391306793,0.986598824897111,0.003321419877199374
3_001_20200623_163212(9),1,0.9879962584534245,0.9848867520831927,0.9831538714249828,0.9764185745568025,0.9831138641296006,0.004892491154023789
3_001_20200623_163212(9),2,0.987269170409946,0.9789891599321168,0.9719013806467679,0.9795904163356908,0.9794375318311304,0.006280991124929272
3_001_20200623_163216(2),0,0.9816553895072051,0.9857198718608612,0.9888938045596685,0.9898886488086651,0.9865394286841,0.0037097112769150587
3_001_20200623_163216(2),1,0.991983324000006,0.9897403628028187,0.9826823893688307,0.987426102007138,0.9879580445446984,0.00397890409805165
3_001_20200623_163216(2),2,0.9833665364691624,0.9782446853819261,0.9832128903947777,0.9806618872322567,0.9813714998695308,0.002425655171646913
3_001_20200623_163219(5),0,0.9808637062868801,0.9819929945620619,0.9904876480866985,0.9871723580869312,0.9851291767556429,0.004506206165926121
3_001_20200623_163219(5),1,0.9711750169598528,0.9837202082117273,0.9841572354587916,0.9897798070380559,0.9822080669171069,0.007855895219880935
3_001_20200623_163219(5),2,0.9864980894340658,0.9781329540282233,0.9872551901936869,0.9783615526066616,0.9825619465656594,0.0049926292585496254
3_001_20200623_163222(9),0,0.9811370238761334,0.9831320366160373,0.9760653756443237,0.9827608453381023,0.9807738203686491,0.003256317992690137
3_001_20200623_163222(9),1,0.0,0.0,0.9857820020851561,0.9904119776949671,0.4940484949450308,0.5704811944802605
3_001_20200623_163222(9),2,0.9889127553354935,0.9874102208491018,0.9868246717412819,0.9870041332656272,0.9875379452978761,0.0009487062465376316
3_001_20200623_203217(4),0,0.9893061895055091,0.9875230162873627,0.9858509044846112,0.9891958368921017,0.9879689867923962,0.001630790668869486
3_001_20200623_203217(4),1,0.979266725539495,0.9797529177703621,0.982741128399658,0.9886309583643306,0.9825979325184614,0.004305382475109265
3_001_20200623_203217(4),2,0.9855844480378023,0.9870680890409653,0.9775483686754394,0.9821271930594084,0.983082024703404,0.004230204248493759
3_001_20200623_203222(0),0,0.9856454223026648,0.9847331123571456,0.9869476708534997,0.9869583336984002,0.9860711348029276,0.0010842774132076606
3_001_20200623_203222(0),1,0.9857013053306822,0.9836993222749401,0.9803749291193862,0.9862765322450775,0.9840130222425215,0.0026650770195065492
3_001_20200623_203222(0),2,0.9826704329342056,0.9836303692910615,0.9805906227833127,0.9850677050686563,0.982989782519309,0.00187848033700665
3_001_20200623_203226(3),0,0.9729236015219864,0.9837478792942692,0.9829990656520871,0.9808958963837885,0.9801416107130329,0.004961143193655932
3_001_20200623_203226(3),1,0.9861989648441944,0.9849557079685535,0.9846342369050243,0.9896095452004205,0.9863496137295482,0.0022756200035807354
3_001_20200623_203226(3),2,0.9804025236356997,0.9895163539049138,0.9810188468815519,0.9893548847447654,0.9850731522917328,0.005044053851691979
3_001_20200623_203230(9),0,0.9833709996094244,0.9856314831180988,0.9878569007015902,0.9846336066043373,0.9853732475083627,0.0018966008304398135
3_001_20200623_203230(9),1,0.9929918120649944,0.9849779628734037,0.9799039619277888,0.9876754087169869,0.9863872863957934,0.005455844186976013
3_001_20200623_203230(9),2,0.9860734558576009,0.9862371646981486,0.9913572121900711,0.9877121633550541,0.9878449990252187,0.002454708607871078
3_001_20200623_203235(3),0,0.982623182686067,0.9852360509538891,0.9844132031489405,0.9858293493373986,0.9845254465315738,0.0013947912014490853
3_001_20200623_203235(3),1,0.9817494995207116,0.9868047173865323,0.969643438116307,0.9832682611745925,0.9803664790495358,0.0074558166300918135
3_001_20200623_203235(3),2,0.9810148213687333,0.984155952437009,0.9814775989801012,0.9815793552641097,0.9820569320124883,0.001420749526293474
3_001_20200623_203247(5),0,0.9907164729321369,0.9840894757034038,0.9891828331610397,0.9841622075969052,0.9870377473483714,0.003420304548776537
3_001_20200623_203247(5),1,0.9965870622511397,0.9869677277097129,0.9727343573570126,0.9855352292085079,0.9854560941315933,0.00979850900690122
3_001_20200623_203247(5),2,0.982825744869558,0.9941726264077272,0.9824994432824449,0.9864305942654241,0.9864821022062886,0.005427624914528166
1_002_20200624_003107(0),0,0.9908479927309627,0.9858519009158273,0.9887393600352797,0.9821010041512389,0.9868850644583271,0.0037902450452078546
1_002_20200624_003107(0),1,0.9900475781561444,0.9825160764261661,0.9907545582908569,0.9888128110213941,0.9880327559736404,0.003764304069730215
1_002_20200624_003107(0),2,0.9865719406074702,0.9859304007751406,0.9851879515607667,0.9856644606176267,0.985838688390251,0.000577316699221493
1_002_20200624_003111(0),0,0.9903714861831152,0.988794801126138,0.9893706078081193,0.9843621697508453,0.9882247662170545,0.0026561846586688263
1_002_20200624_003111(0),1,0.9937955185169455,0.9861080061099399,0.9914561450240276,0.9921410736703032,0.9908751858303041,0.0033263759606688833
1_002_20200624_003111(0),2,0.9809333126203444,0.9893005545931436,0.9847216504142365,0.9860147342956944,0.9852425629808548,0.003459505409567807
1_002_20200624_003115(1),0,0.9908783646114919,0.9782712812992539,0.9859044034901467,0.9787268614575811,0.9834452277146185,0.006064425536608806
1_002_20200624_003115(1),1,0.9896209799325328,0.9876818156842918,0.9866412700577133,0.9884075892466408,0.9880879137302947,0.001253020078927075
1_002_20200624_003115(1),2,0.9881063653710216,0.9855312067472334,0.9906322222584479,0.9875513818398658,0.9879552940541422,0.0020998501138691887
1_002_20200624_003119(1),0,0.9884906264643194,0.9772374128045267,0.9896118991999322,0.9895528993564904,0.9862232094563171,0.006012647070004577
1_002_20200624_003119(1),1,0.9924423133107934,0.9867700507009451,0.9865505613117923,0.9809975428429756,0.9866901170416267,0.004673293917491348
1_002_20200624_003119(1),2,0.9905014981643512,0.9807675285739772,0.9748201138738779,0.9804651405108485,0.9816385702807636,0.006510977640932251
1_002_20200624_003123(1),0,0.9918018259178315,0.981001351503905,0.9887091337353366,0.9863194469306318,0.9869579395219263,0.004561378819139754
1_002_20200624_003123(1),1,0.9876242988529247,0.9915874710581932,0.9804601037142883,0.9847636812810638,0.9861088887266174,0.004691470537115076
1_002_20200624_003123(1),2,0.9819069941916031,0.9832070140104263,0.9896664564979646,0.9886489991222712,0.9858573659555663,0.00387006412540585
1_002_20200624_003127(0),0,0.9892127294579521,0.9851281740552738,0.9894172644093449,0.985389196898299,0.9872868412052174,0.0023458222702307844
1_002_20200624_003127(0),1,0.9791791534641336,0.9834543933572881,0.9865835997629684,0.9916743905079133,0.9852228842730758,0.005263956735915189
1_002_20200624_003127(0),2,0.9880118994619119,0.979185668141,0.9835586611171878,0.9782649915903118,0.982255305077603,0.0044789280161215165
1_002_20200624_043128(1),0,0.9900725842902341,0.9893273873894124,0.9936938271058874,0.9858497539876919,0.9897358881933064,0.003217015007126846
1_002_20200624_043128(1),1,0.9851987381771277,0.9675556476705786,0.9841113711699475,0.9882168138393451,0.9812706427142498,0.009306808519779613
1_002_20200624_043128(1),2,0.988444120043332,0.981029843974847,0.9848021959740129,0.988206660665411,0.9856207051644008,0.0034835231776787633
1_002_20200624_043132(2),0,0.9905192630668211,0.9838109633405778,0.9915944096555511,0.9825572351266769,0.9871204677974068,0.004595065367341963
1_002_20200624_043132(2),1,0.9938084096040313,0.9881567988913577,0.992711857021573,0.9920236468228449,0.9916751780849518,0.0024580346175236086
1_002_20200624_043132(2),2,0.9890194077777198,0.9786163784907351,0.9910645946660879,0.9880849451458958,0.9866963315201097,0.005528480652337225
1_002_20200624_043136(1),0,0.9919830830945301,0.9789886180209194,0.993260726910269,0.9778458148317534,0.985519560714368,0.008230884196477542
1_002_20200624_043136(1),1,0.9811201843619501,0.9793577972504772,0.9905013735197795,0.9793844003395159,0.9825909388679307,0.005337702041476613
1_002_20200624_043136(1),2,0.9933903059532123,0.978147642521514,0.9885976107271549,0.9834073819918633,0.9858857352984361,0.006575032673933309
1_002_20200624_043140(2),0,0.9900975265768693,0.9773792874999276,0.9874192002363472,0.9800679301735333,0.9837409861216694,0.005997149739223828
1_002_20200624_043140(2),1,0.9749766290293592,0.971917282606587,0.9809197825051578,0.9771470926656535,0.9762401967016894,0.0037861666241582425
1_002_20200624_043140(2),2,0.9920569962462057,0.9839900189118662,0.9902854193505688,0.9896074375142493,0.9889849680057226,0.00348642682173311
1_002_20200624_043144(2),0,0.9855670626739655,0.9834013039148634,0.9870608842520917,0.9849394733963425,0.9852421810593157,0.0015158814770226227
1_002_20200624_043144(2),1,0.9847796202128659,0.9811230628226437,0.9874853512770208,0.9813583460889009,0.9836865951003578,0.003034122255531798
1_002_20200624_043144(2),2,0.9839771427589349,0.9817239457285217,0.9735739820098841,0.9825745652268643,0.9804624089310512,0.004685312463377604
1_002_20200624_043148(1),0,0.9926353764503527,0.9885981576731009,0.9893278339034808,0.9895940008836946,0.9900388422276573,0.0017814767856764878
1_002_20200624_043148(1),1,0.9850991466239981,0.9810263870016934,0.9855249128838499,0.9818813584333108,0.9833829512357131,0.002261378801096565
1_002_20200624_043148(1),2,0.9883430660761976,0.9806542018690086,0.9835772479460653,0.9913543877648272,0.9859822259140247,0.0047821002524408955
1_002_20200624_083045(5),0,0.9875197223482132,0.983505644533708,0.9877584077125641,0.9906717594868351,0.9873638835203301,0.002944372404333698
1_002_20200624_083045(5),1,0.9788943852868077,0.9757484179910743,0.9877194987303138,0.9774381289654643,0.9799501077434151,0.005336734968389365
1_002_20200624_083045(5),2,0.9841344564708566,0.9895921235835481,0.9910309497780758,0.9855353491301331,0.9875732197406535,0.0032664904300831344
1_002_20200624_083049(6),0,0.992077173731149,0.9796433068624449,0.9876013871222113,0.9850153453388699,0.9860843032636688,0.005191183088000134
1_002_20200624_083049(6),1,0.9865566948610209,0.9817204160086608,0.9900323157758502,0.9739765299033528,0.9830714891372212,0.0069556559358721105
1_002_20200624_083049(6),2,0.981792756040313,0.9897009295481161,0.9877961087245695,0.9893221217111693,0.9871529790060419,0.003667098676849044
1_002_20200624_083053(3),0,0.9913514225502932,0.9877446894391347,0.9944358334134885,0.9905501278545145,0.9910205183143577,0.0027523442640875573
1_002_20200624_083053(3),1,0.9856847037720989,0.9809498049471995,0.9870879189353524,0.985402641710265,0.984781267341229,0.0026585114346598885
1_002_20200624_083053(3),2,0.987103778399318,0.9830862589845784,0.9868730782640337,0.9884480282486738,0.9863777859741509,0.0023016249659840835
1_002_20200624_083057(4),0,0.9893062760668381,0.9809974733781507,0.9876195243594035,0.9815992985321569,0.9848806430841373,0.004200552621258159
1_002_20200624_083057(4),1,0.9854173857886152,0.970748858135681,0.9905957281881389,0.9813851248162734,0.9820367742321771,0.008416767472899553
1_002_20200624_083057(4),2,0.9894722000324447,0.9580488321047601,0.9856606051609523,0.9775179654395655,0.9776749006844306,0.014001844455380443
1_002_20200624_083101(4),0,0.9789643459046758,0.9863183895063982,0.9813309761014716,0.9911132379319744,0.98443173736113,0.005407063156124124
1_002_20200624_083101(4),1,0.9880918159252353,0.9864831240342041,0.9872225181988765,0.9876143665474842,0.98735295617645,0.0006801644732800211
1_002_20200624_083101(4),2,0.9890558496197033,0.9746536201172652,0.9858921265770682,0.9870532382061654,0.9841637086300505,0.006473320548076991
1_002_20200624_083105(5),0,0.9855182381873077,0.9778991357832028,0.9880503772695063,0.9805986357458377,0.9830165967464636,0.004605507513248262
1_002_20200624_083105(5),1,0.9875051895082626,0.9754100239154743,0.9812347833691575,0.9754103985876442,0.9798900988451347,0.005771671278729595
1_002_20200624_083105(5),2,0.9848488459491269,0.9716035347228891,0.9830560651838169,0.969767359947969,0.9773189514509506,0.007731026403197669
1_002_20200624_123122(6),0,0.9921297452573531,0.968165402553064,0.9929490741028132,0.9881764636731604,0.9853551713965977,0.011647747311679479
1_002_20200624_123122(6),1,0.9836324744099206,0.9852505306040622,0.989533047794964,0.9763615543296335,0.9836944017846452,0.005485915631100067
1_002_20200624_123122(6),2,0.9844394715351338,0.9840015128705814,0.9907060778645581,0.9895984389818481,0.9871863753130303,0.0034590550894719823
1_002_20200624_123126(4),0,0.9887999834263848,0.9831658731386412,0.9890495646357231,0.9782951162741516,0.9848276343687252,0.005132884025478082
1_002_20200624_123126(4),1,0.9897436905173723,0.9893111514446997,0.0,0.9873305365049551,0.7415963446167568,0.4943986792765552
1_002_20200624_123126(4),2,0.9846708351712185,0.9828562276652032,0.9788136322408687,0.9767441142958222,0.9807712023432781,0.003633363255242001
1_002_20200624_123129(9),0,0.9892830213196121,0.9824555938079681,0.9923314740182061,0.985866478442621,0.9874841418971019,0.004267541322030499
1_002_20200624_123129(9),1,0.9889044127805591,0.9675489798204073,0.9846882757570864,0.9800462611116881,0.9802969823674352,0.009236625394552504
1_002_20200624_123129(9),2,0.9875808754643427,0.9762604611070127,0.9898730742558984,0.9919758131021621,0.986422555982354,0.007008438182471086
1_002_20200624_123133(0),0,0.9864576796190899,0.9870650341393788,0.9897965732226867,0.9834302202199086,0.986687376800266,0.00261225045015374
1_002_20200624_123133(0),1,0.9893796926550948,0.9721350824053574,0.9910365141115582,0.9817897736688607,0.9835852657102178,0.008629928075086071
1_002_20200624_123133(0),2,0.9812217887117082,0.9792555327523034,0.982109887770042,0.9773511744984054,0.9799845959331148,0.002122416306784571
1_002_20200624_123136(5),0,0.986098437712372,0.9878155931803857,0.9933682734144156,0.9790980446907366,0.9865950872494774,0.005882686275349904
1_002_20200624_123136(5),1,0.9827486565771557,0.9768436092370709,0.9840171881590783,0.9800736907737349,0.9809207861867599,0.003176463329769264
1_002_20200624_123136(5),2,0.9844203940790529,0.9749430967438457,0.9876758699150101,0.9794757014207994,0.981628765539677,0.005588515413344914
1_002_20200624_123143(7),0,0.9875145961265483,0.9866333007944145,0.9864188700647398,0.9788141018272717,0.9848452172032436,0.004048603165371905
1_002_20200624_123143(7),1,0.9829125780508162,0.9611760592332838,0.9830310395984062,0.9681925783355735,0.9738280638045199,0.010940065184073094
1_002_20200624_123143(7),2,0.9827240329947879,0.977086044878369,0.9809075810594926,0.9831903357898293,0.9809769986806197,0.002774606900160659
1_002_20200624_162522(0),0,0.9912679464760936,0.9831060345196762,0.9913368770963734,0.9762022315148575,0.9854782724017501,0.0072919138310742855
1_002_20200624_162522(0),1,0.9819544056166124,0.9824981466379638,0.9799783399224656,0.9862238502735752,0.9826636856126543,0.0026087247940715834
1_002_20200624_162522(0),2,0.9848721408558059,0.9841333611216548,0.9868226979256537,0.9810107488551398,0.9842097371895635,0.0024156229074456283
1_002_20200624_162527(8),0,0.9803665765465435,0.9642470126482383,0.9890325033453814,0.9717559799679025,0.9763505181270165,0.0107170596103945
1_002_20200624_162527(8),1,0.9825549829879734,0.9699920222141252,0.9882825009747992,0.9753704540703982,0.9790499900618239,0.00802309166952297
1_002_20200624_162527(8),2,0.9834452867427221,0.9805238538455664,0.9842075037046887,0.9916712581755692,0.9849619756171366,0.004746260644501069
1_002_20200624_162531(7),0,0.9932637965698732,0.9831014912126333,0.9914646637122013,0.9786565510922878,0.9866216256467489,0.006913928245886196
1_002_20200624_162531(7),1,0.9825456270071717,0.9845487673969446,0.9830154066699397,0.9756492019416922,0.9814397507539372,0.003953989288747522
1_002_20200624_162531(7),2,0.9866069451571877,0.9838668177176967,0.9868081560158904,0.9862633374925492,0.9858863140958309,0.0013649925415109517
1_002_20200624_162536(8),0,0.9841359400710802,0.9737031744661042,0.9865837818714578,0.9738650501882611,0.9795719866492258,0.0067578848585835025
1_002_20200624_162536(8),1,0.9927649900764162,0.9845522934515057,0.9883614370869304,0.9817470484635656,0.9868564422696045,0.004781595041639376
1_002_20200624_162536(8),2,0.9811897166576131,0.9798977228920135,0.9868563137212264,0.9841773944280221,0.9830302869247187,0.0031174237760733005
1_002_20200624_162540(3),0,0.9814742787021249,0.986000578923522,0.9887060358908227,0.9790162529832868,0.9837992866249391,0.0043667283252788085
1_002_20200624_162540(3),1,0.987105449100061,0.9725586251872717,0.986400965681864,0.9747446012892447,0.9802024103146103,0.007622098651172841
1_002_20200624_162540(3),2,0.9856762963879456,0.9676441213610363,0.9802147944410167,0.9848803808416501,0.9796038982579122,0.00832916052344015
1_002_20200624_162543(7),0,0.9793805432028415,0.9710301526944934,0.9874654791910394,0.9826424970344264,0.9801296680307002,0.006915942990503939
1_002_20200624_162543(7),1,0.9799020199908444,0.0,0.0,0.0,0.2449755049977111,0.4899510099954222
1_002_20200624_162543(7),2,0.975990067557793,0.9714398872185495,0.9766187046315826,0.977678137492047,0.9754316992249931,0.0027508668338554897
1_002_20200624_203003(9),0,0.9886846412829836,0.9858038708085924,0.9928525726167851,0.9854656013201334,0.9882016715071236,0.0034205101566022575
1_002_20200624_203003(9),1,0.9692615750321276,0.980607187685285,0.982316911611922,0.9791895186159084,0.9778437982363107,0.005862609856376779
1_002_20200624_203003(9),2,0.983846603693665,0.9857212683419597,0.9884431985030655,0.9904982701056914,0.9871273351610954,0.002934559682854289
1_002_20200624_203012(9),0,0.9896958054402909,0.9825813038125729,0.9923991117557964,0.9794299823396937,0.9860265508370885,0.006040347810253994
1_002_20200624_203012(9),1,0.985084393034655,0.9777119869868731,0.989739204527165,0.9855648065579347,0.984525097776657,0.004999973112429299
1_002_20200624_203012(9),2,0.9878715310776603,0.9850763680750247,0.9893900400425127,0.9784022215898012,0.9851850401962498,0.004862019293835662
1_002_20200624_203017(4),0,0.0,0.0,0.0,0.0,0.0,0.0
1_002_20200624_203017(4),1,0.9888873776653819,0.9805342176370606,0.9870521347826454,0.9858275896524975,0.9855753299343963,0.003588270748418368
1_002_20200624_203017(4),2,0.9859773051740527,0.9915556207271695,0.9902960410009509,0.9911065285796182,0.9897338738704479,0.0025580450096337895
1_002_20200624_203021(9),0,0.9888754085096273,0.985630106936657,0.986297394579401,0.9850574176844511,0.986465081927534,0.001684883293259374
1_002_20200624_203021(9),1,0.9883877045807824,0.9764432555904489,0.9944844030565084,0.9646322462146565,0.980986902360599,0.01322968760228623
1_002_20200624_203021(9),2,0.9873736321360018,0.9857646674189326,0.9921871418700298,0.9808091258407943,0.9865336418164397,0.004691447941817182
1_002_20200624_203026(4),0,0.9890117641050885,0.9840379452787852,0.9880103012926454,0.9845105615223528,0.986392643049718,0.0024875319603763477
1_002_20200624_203026(4),1,0.979812909211025,0.9666873076189668,0.9852555076195874,0.9742794457194156,0.9765087925422488,0.007934182691782823
1_002_20200624_203026(4),2,0.9894860474928652,0.9800017030171844,0.9897333278029172,0.9848421163303306,0.9860157986608244,0.004597445903337822
1_002_20200624_203044(4),0,0.9869096828472608,0.9885628209475813,0.9876587476314718,0.9841647826553873,0.9868240085204254,0.0018972858097739266
1_002_20200624_203044(4),1,0.9835164298431429,0.9828734790708955,0.9870307587085215,0.9789216198054658,0.9830855718570064,0.0033233325611016396
1_002_20200624_203044(4),2,0.9866037668043997,0.9802583297238272,0.9836179792736363,0.9898521146102103,0.9850830476030183,0.004102069186483064
2_002_20200624_003115(6),0,0.9896904481421169,0.9805526647843946,0.9889320953181682,0.98540951823436,0.98614618161976,0.004169462149461779
2_002_20200624_003115(6),1,0.9871519979910022,0.9880094704927718,0.9813384118544992,0.9708217035320442,0.9818303959675794,0.007914833491432639
2_002_20200624_003115(6),2,0.9832628589999796,0.9834219597507852,0.9881251717279466,0.9851753134759925,0.984996325988676,0.002258705310030376
2_002_20200624_003118(6),0,0.9877598963272857,0.9824836295448232,0.9811201843619501,0.9821488571410322,0.9833781418437728,0.0029782230427369684
2_002_20200624_003118(6),1,0.979337701619919,0.9898981138799856,0.9819254961609352,0.9906633048988851,0.9854561541399312,0.005678803640528258
2_002_20200624_003118(6),2,0.9852270327636933,0.989724291090643,0.9794447573939719,0.9853345411102727,0.9849326555896452,0.00421603950300862
2_002_20200624_003123(0),0,0.986401386564733,0.9724073381262964,0.9831962065931431,0.9892714980283625,0.9828191073281337,0.007371413524450755
2_002_20200624_003123(0),1,0.9764505750497791,0.981819813220245,0.9841044511169783,0.982759970377822,0.9812837024412062,0.0033557177702996733
2_002_20200624_003123(0),2,0.9833524156100633,0.9817293680570939,0.9845779784556854,0.9848314032805867,0.9836227913508573,0.0014178951550908132
2_002_20200624_003127(5),0,0.9834782075800041,0.9764020387028435,0.9852132574160152,0.989900573773428,0.9837485193680726,0.0055987224013726985
2_002_20200624_003127(5),1,0.9862509463464845,0.9856473838986273,0.9717633181899082,0.9837527141566935,0.9818535906479284,0.006810527946919053
2_002_20200624_003127(5),2,0.9855196139545932,0.9852245169948922,0.9897819005408914,0.9867042644730153,0.986807573990848,0.00208344280700656
2_002_20200624_003132(0),0,0.9824057165286582,0.9845509590838201,0.9866278791261657,0.9782814971581072,0.9829665129741877,0.0035674424743515347
2_002_20200624_003132(0),1,0.9865234019698941,0.987598711839382,0.9880144545910016,0.984212433000835,0.9865872503502782,0.0017033105361396119
2_002_20200624_003132(0),2,0.9869679817540078,0.9900211364863989,0.9854716016521758,0.9818399613812404,0.9860751703184557,0.0033994632485530194
2_002_20200624_003136(5),0,0.9828811923918582,0.9855743079061884,0.9860837085934313,0.9861325806353457,0.9851679473817059,0.0015452629949169825
2_002_20200624_003136(5),1,0.9897763843594327,0.9871514120600521,0.9675677896092739,0.982868437851675,0.9818410059701084,0.009932286822551975
2_002_20200624_003136(5),2,0.9879711476045185,0.9887301071276878,0.9887414354540928,0.9882684141169665,0.9884277760758164,0.0003758067168260338
2_002_20200624_043136(9),0,0.988740465459855,0.9835048114867821,0.9865207297035045,0.9879354293201101,0.986675358992563,0.002304251408090683
2_002_20200624_043136(9),1,0.9836006180977961,0.9851487567787485,0.984809382092134,0.9843194901802054,0.984469561787221,0.0006719048292654703
2_002_20200624_043136(9),2,0.9819520663473141,0.9763302734158469,0.9857969841488754,0.9855485078558983,0.9824069579419836,0.004415677929760469
2_002_20200624_043141(4),0,0.9840847841267258,0.9761580160770321,0.9876902328412267,0.9777006424004714,0.981408418861364,0.005414131312066696
2_002_20200624_043141(4),1,0.98968641293719,0.9803099810416213,0.9839919250160367,0.986338926779807,0.9850818114436638,0.003947189366858937
2_002_20200624_043141(4),2,0.9801559809950628,0.9842087435874465,0.9895005271466687,0.9906808153641141,0.986136516773323,0.0048802436115928305
2_002_20200624_043145(8),0,0.9816856485683657,0.9720007530566113,0.9879748439824096,0.9876636636656106,0.9823312273182494,0.007470402863820128
2_002_20200624_043145(8),1,0.9857297543386729,0.9827931501988235,0.9862493536715592,0.9789184983258605,0.983422689133729,0.003366335117678102
2_002_20200624_043145(8),2,0.9801987984371245,0.9836589326798555,0.9870275953691502,0.9882836425513587,0.9847922422593722,0.003631840501061276
2_002_20200624_043150(3),0,0.9884538847133835,0.9889283645113056,0.9852245545462791,0.9853403901499757,0.986986798480236,0.001978061739954272
2_002_20200624_043150(3),1,0.9809113351555997,0.9850319203199063,0.9866105298056842,0.982720494618025,0.9838185699748039,0.002511642393625306
2_002_20200624_043150(3),2,0.988560307655556,0.982111912762181,0.9803041707446274,0.9846638949966429,0.9839100715397519,0.0035790520751786997
2_002_20200624_043154(8),0,0.9805155902076087,0.972994251840325,0.9854483667981133,0.9879648711682444,0.9817307700035728,0.006595148590982527
2_002_20200624_043154(8),1,0.9803483737437338,0.9899214187933344,0.9750403525194594,0.9782340652450171,0.9808860525753862,0.0064065640079204985
2_002_20200624_043154(8),2,0.9815231371456185,0.985763875341968,0.9807412575796663,0.9905792441935042,0.9846518785651892,0.004525931929310085
2_002_20200624_043159(4),0,0.989863113597428,0.9860914543665572,0.9858592546045764,0.9889654494097859,0.9876948179945868,0.0020212271764966693
2_002_20200624_043159(4),1,0.9860039280861942,0.986448283045556,0.9836482352047938,0.9830822574465198,0.9847956759457659,0.0016776378898844153
2_002_20200624_043159(4),2,0.9767621340206027,0.9855954188936114,0.9883722385060025,0.9872986689209375,0.9845071150852884,0.005288386292819071
2_002_20200624_083032(4),0,0.9885337766401948,0.9736059905205824,0.9905786641322614,0.9840148537105947,0.9841833212509083,0.007566046509573359
2_002_20200624_083032(4),1,0.98754497683469,0.9846483887905723,0.9814816098440012,0.9797811146740806,0.983364022535836,0.003440478736727416
2_002_20200624_083032(4),2,0.9773059487764552,0.9807035595695331,0.9812767522950208,0.9823906248885561,0.9804192213823913,0.0021905178667591782
2_002_20200624_083036(9),0,0.9905724185253513,0.9664973488263803,0.9893214588512173,0.9713421984369426,0.9794333561599728,0.012310705425849187
2_002_20200624_083036(9),1,0.98060768232839,0.988809339611973,0.9788798454851366,0.977898254354754,0.9815487804450633,0.004968263936821088
2_002_20200624_083036(9),2,0.9782646803068225,0.9825998398252083,0.980469086224362,0.9776083783999914,0.9797354961890961,0.002267932116404126
2_002_20200624_083041(3),0,0.9791943683555396,0.9824623600085397,0.9662889649312078,0.9799522045185989,0.9769744744534715,0.0072592884613006505
2_002_20200624_083041(3),1,0.9892600299139792,0.9882743053820437,0.984838395765519,0.9746886370406833,0.9842653420255563,0.006659838918287087
2_002_20200624_083041(3),2,0.9820794347358865,0.9860619890490805,0.9835712217018704,0.9811022490008364,0.9832037236219184,0.002159086008259426
2_002_20200624_083045(8),0,0.97547892440183,0.9762648933141513,0.9861338547537509,0.9894245657442093,0.9818255595534854,0.007012063162693008
2_002_20200624_083045(8),1,0.9812197597628907,0.9887921867748992,0.980690725516846,0.9824340682002072,0.9832841850637107,0.003743824505144362
2_002_20200624_083045(8),2,0.9839478257666202,0.9855653959387243,0.9897382973705993,0.9818035650993084,0.985263771043813,0.0033574345651248023
2_002_20200624_083050(4),0,0.9883874501618555,0.9848062601267679,0.9901708529291646,0.9924820833318561,0.988961661637411,0.003237931079155697
2_002_20200624_083050(4),1,0.982947003447261,0.9887494860554565,0.978922251636244,0.9889103043531431,0.9848822613730261,0.004845874406676349
2_002_20200624_083050(4),2,0.9825307328678766,0.9797598907445602,0.9802172497902852,0.9829063704515291,0.9813535609635626,0.001594567741602223
2_002_20200624_083054(9),0,0.9845051627184181,0.9780513829210875,0.9823282437494893,0.9816010789032272,0.9816214670730556,0.0026808674202601123
2_002_20200624_083054(9),1,0.9793293877732591,0.9812822514982978,0.9770057741172405,0.9589016234172522,0.9741297592015123,0.010301486374937314
2_002_20200624_083054(9),2,0.9793345827058318,0.9909384258058725,0.9865720187097646,0.9865695452897559,0.9858536431278062,0.004809079712750123
2_002_20200624_123144(0),0,0.9855537796421376,0.9844176082878048,0.9721191747608633,0.9772759396568345,0.97984162558691,0.006318948031701663
2_002_20200624_123144(0),1,0.9867015096894607,0.9757446867339358,0.987363461953141,0.9823361508516425,0.983036452307045,0.005348393073170886
2_002_20200624_123144(0),2,0.9818366956854572,0.9797435358571722,0.9848165653999541,0.98661838038357,0.9832537943315384,0.0030601076148499187
2_002_20200624_123148(2),0,0.9894633285432594,0.9867254520693831,0.9751860645549775,0.9853904525512821,0.9841913244297255,0.006238280851079869
2_002_20200624_123148(2),1,0.9855233713741339,0.9829003835270005,0.9852416885325596,0.9818922790279976,0.9838894306154229,0.0017762500277934083
2_002_20200624_123148(2),2,0.9836482045738928,0.9846177936034581,0.9827445137493496,0.9808043740363066,0.9829537214907518,0.0016242849819791084
2_002_20200624_123152(7),0,0.9795467367101387,0.9869406827440793,0.9774779035439506,0.9811009698251292,0.9812665732058244,0.004063446768057407
2_002_20200624_123152(7),1,0.9842554926187176,0.9836230916118446,0.9871255004970109,0.9814136781737416,0.9841044407253287,0.002353828009622354
2_002_20200624_123152(7),2,0.9863250853943574,0.9856581870519172,0.9826099668782412,0.9810762593911928,0.9839173746789271,0.002490565520964068
2_002_20200624_123157(4),0,0.9754548057751337,0.9832007077773066,0.9846112316232052,0.9761001623709272,0.9798417268866432,0.004735515104674542
2_002_20200624_123157(4),1,0.9865395134067906,0.9827597569672504,0.9648873272597194,0.9806581741363105,0.9787111929425176,0.00953176216899312
2_002_20200624_123157(4),2,0.969995205002005,0.9824814343506084,0.9753743933096216,0.9854296306593103,0.9783201658303864,0.006972402608122853
2_002_20200624_123201(7),0,0.9895935068837012,0.9889638291369022,0.9833482385652842,0.9890140569200399,0.9877299078764818,0.002935054096911357
2_002_20200624_123201(7),1,0.9845497707344446,0.9883431434119113,0.9797438413158382,0.9844101513231446,0.9842617266963347,0.003520144407796651
2_002_20200624_123201(7),2,0.989974688919603,0.9890056283752032,0.979685023828154,0.9778286588542743,0.9841234999943087,0.006255575780129169
2_002_20200624_123206(2),0,0.9855331073827625,0.9837787875587926,0.981665356936503,0.9814546074278051,0.9831079648264658,0.0019275223966235596
2_002_20200624_123206(2),1,0.9782393628808923,0.9763558555856909,0.9803670406569966,0.9820517967712237,0.9792535139737009,0.0024829589110557104
2_002_20200624_123206(2),2,0.9827031360512856,0.9894168423670499,0.9853024351180043,0.9854826339681815,0.9857262618761302,0.0027687938283203328
2_002_20200624_162708(9),0,0.9819631839249484,0.9755883169837074,0.9830162602595571,0.9804402658747673,0.9802520067607451,0.0032840355521544812
2_002_20200624_162708(9),1,0.9838113278639788,0.987365641840037,0.9884949351427014,0.9837361426704015,0.9858520118792797,0.0024438639346889795
2_002_20200624_162708(9),2,0.9887996464859434,0.9844749377678579,0.974189851047031,0.9727189820622518,0.9800458543407711,0.007836272261881586
2_002_20200624_162713(4),0,0.985526408111348,0.9787404340558639,0.9804508094336666,0.9760630240090684,0.9801951689024867,0.003986574907422121
2_002_20200624_162713(4),1,0.9858708311946042,0.9849482836152107,0.9903045463135953,0.9869543423226643,0.9870195008615186,0.0023384576214881612
2_002_20200624_162713(4),2,0.9818638205628677,0.9819280270092268,0.9808442491041061,0.9792108103446191,0.9809617267552049,0.0012684660938988021
2_002_20200624_162717(9),0,0.9811807842758199,0.9812521550571782,0.9815792199171632,0.9831768118176004,0.9817972427669405,0.0009359284892861347
2_002_20200624_162717(9),1,0.9822663115132393,0.978146639226831,0.9908626384949025,0.9892476028399183,0.9851307980187227,0.005966177842657383
2_002_20200624_162717(9),2,0.9917698677556347,0.9781115775256802,0.9802831366012653,0.9732434694726738,0.9808520128388135,0.007851180251365601
2_002_20200624_162722(4),0,0.9885830709040119,0.9827375181729163,0.9883237965416183,0.9908261645884247,0.9876176375517427,0.0034419438777804805
2_002_20200624_162722(4),1,0.9919609414049907,0.9833127866941717,0.9786983554748737,0.9686940299670409,0.9806665283852692,0.009691592085878414
2_002_20200624_162722(4),2,0.9917779805816693,0.9916119771237598,0.9849064639878199,0.989179250738883,0.989368918108033,0.00320335065391658
2_002_20200624_203111(4),0,0.974263715179736,0.9822341011287822,0.9784427870061521,0.9909523632249444,0.9814732416349037,0.007108529624164813
2_002_20200624_203111(4),1,0.9757247118812105,0.9730877687914241,0.9788816428568498,0.9670463207246253,0.9736851110635274,0.005019769886108503
2_002_20200624_203111(4),2,0.9734392239188911,0.9847790044718197,0.9753588785288413,0.9841578321837373,0.9794337347758223,0.005871615856242714
2_002_20200624_203114(3),0,0.9781873389327954,0.9810053909924764,0.959204370569755,0.963132694909298,0.9703824488510813,0.010820837540087919
2_002_20200624_203114(3),1,0.974811641637398,0.9834451010605335,0.984732977325181,0.9802831246582356,0.9808182111703371,0.004419318939678091
2_002_20200624_203114(3),2,0.987084926701648,0.9829165918614423,0.9760478955950294,0.9753450886028582,0.9803486256902445,0.0056422177764124054
2_002_20200624_203117(3),0,0.9898148434964354,0.9867316491348912,0.9835306812939847,0.9696648479109147,0.9824355054590566,0.00889195487832765
2_002_20200624_203117(3),1,0.9860148240195475,0.9833763623423759,0.9872428120015746,0.9816255387233065,0.9845648842717012,0.0025381068291257637
2_002_20200624_203117(3),2,0.984817227889748,0.9872779245247745,0.9848463921293686,0.9638949853436816,0.9802091324718932,0.010937061429206616
2_002_20200624_203120(3),0,0.993591798196101,0.9901268579928685,0.9915772962087424,0.9800850993606153,0.9888452629395817,0.006010450746714435
2_002_20200624_203120(3),1,0.9785653899921036,0.977744601782106,0.9726850385736244,0.991012539148313,0.9800018923740368,0.0077873742222952765
2_002_20200624_203120(3),2,0.986858129943601,0.9725060499005784,0.9815119396138507,0.9805986475275534,0.980368691746396,0.005924352011223742
2_002_20200624_203123(3),0,0.9802112487025555,0.9797360203479838,0.964715915786669,0.9824333419897658,0.9767741317067435,0.00812432130024022
2_002_20200624_203123(3),1,0.9860217582420855,0.984936564325919,0.9882180464092002,0.9792682457685565,0.9846111536864403,0.0038145352460108085
2_002_20200624_203123(3),2,0.980930827865585,0.9835754546132628,0.9811502748105317,0.9745791321286231,0.9800589223545007,0.003844709327984889
2_002_20200624_203126(3),0,0.9773081688350521,0.9841097759904832,0.9847518432830209,0.984572696407,0.9826856211288891,0.0035951605127716264
2_002_20200624_203126(3),1,0.9862077578865377,0.9879934942264924,0.9825366766977484,0.9707632490974943,0.9818752944770682,0.0077484963342958155
2_002_20200624_203126(3),2,0.9742689596118428,0.9511152569051271,0.9806898806104857,0.9843758505118012,0.9726124869098143,0.014927556307214577
3_001_20200624_003240(4),0,0.9880328890322382,0.9854873150613892,0.9894823681316403,0.9856836885149085,0.987171565185044,0.001926323310723307
3_001_20200624_003240(4),1,0.9801069494048729,0.9855256512837051,0.9899262946297608,0.9807700780023374,0.984082243330169,0.004582930760404226
3_001_20200624_003240(4),2,0.9877427482285553,0.980204982455454,0.9807433533459515,0.9802540731071906,0.9822362892842879,0.003679009659609178
3_001_20200624_003244(2),0,0.9866699772334009,0.9863131366391875,0.9916541380563358,0.9861355385809355,0.9876931976274649,0.0026499622068055285
3_001_20200624_003244(2),1,0.9655799857249554,0.984193273991665,0.9812141534042296,0.9784416793105727,0.9773572731078557,0.008195260187366684
3_001_20200624_003244(2),2,0.9812942512813942,0.9853044913374163,0.985332479028315,0.989316277316128,0.9853118747408134,0.0032750072416291827
3_001_20200624_003247(7),0,0.9835227399700263,0.9856590389240824,0.9748998328578848,0.9893841538541198,0.9833664414015284,0.00614211570596286
3_001_20200624_003247(7),1,0.9858174725138801,0.9828179787792957,0.9813469735724931,0.9777159484825254,0.9819245933370485,0.003366451244150966
3_001_20200624_003247(7),2,0.9771037162626462,0.9886673493315961,0.9883891693292132,0.9852827394769824,0.9848607436001094,0.005394119914469737
3_001_20200624_003251(1),0,0.9857260502098962,0.9875039212183824,0.9907773997621954,0.9844310625875781,0.987109608444513,0.00275057672800826
3_001_20200624_003251(1),1,0.9863925633270799,0.9808966988076057,0.9841735988533766,0.975510060132927,0.9817432302802473,0.004729059624676731
3_001_20200624_003251(1),2,0.980641681207281,0.9747775072926367,0.9792445967742878,0.9814842153817132,0.9790370001639797,0.0029860921757524604
3_001_20200624_003254(3),0,0.9862300880195253,0.9862787848297593,0.9890498513825189,0.9835562608805002,0.986278746278076,0.00224301269631526
3_001_20200624_003254(3),1,0.9923592858706988,0.9787160974689667,0.994089084938805,0.9747419029254268,0.9849765928009743,0.009686491428350213
3_001_20200624_003254(3),2,0.9852523678559137,0.9879088609478707,0.987897655858089,0.9820930971571766,0.9857879954547626,0.0027621192233121786
3_001_20200624_003303(5),0,0.9707115469228778,0.9778120459603139,0.9827164851517225,0.9823601372033571,0.9784000538095678,0.005590847621925375
3_001_20200624_003303(5),1,0.986293785484341,0.9819126264223378,0.9745131656666629,0.9850531153305347,0.9819431732259691,0.005285373287195687
3_001_20200624_003303(5),2,0.9830303972415908,0.9862225120459295,0.0,0.9875814453792471,0.7392085886666919,0.4928094175879409
3_001_20200624_043315(2),0,0.9932691621111687,0.9883230143816821,0.9930150624195079,0.9845461467756073,0.9897883464219914,0.004169557494969074
3_001_20200624_043315(2),1,0.9848098431374369,0.9777480555361135,0.9906996802674419,0.9865723484709051,0.9849574818529745,0.005403031921473716
3_001_20200624_043315(2),2,0.9916155073401772,0.9868809984703607,0.9851589639401613,0.9883376902257045,0.987998289994101,0.0027391949325528565
3_001_20200624_043324(2),0,0.9874631738756587,0.9844398732670727,0.9908294950309613,0.9883927457701897,0.9877813219859706,0.0026414450412123465
3_001_20200624_043324(2),1,0.9835831186901342,0.9703270585451038,0.9899021307688672,0.9817834836554091,0.9813989479148786,0.008161072694528256
3_001_20200624_043324(2),2,0.9916237637015484,0.9852993970868777,0.9857075724986742,0.9902463245971174,0.9882192644710543,0.003190287859029126
3_001_20200624_043328(7),0,0.9910892013944077,0.9860662027946802,0.9917553707381495,0.9876440629357343,0.9891387094657429,0.002727978523356979
3_001_20200624_043328(7),1,0.9858203676201499,0.9859711894239679,0.9862040140857653,0.9835536756841681,0.9853873117035128,0.0012325683824158295
3_001_20200624_043328(7),2,0.9891039672609576,0.9907560349473203,0.9860790612167213,0.988338595365565,0.988569414697641,0.0019426950852913117
3_001_20200624_043333(2),0,0.9840025957175069,0.9877171911746243,0.9895461226227449,0.9804606133693583,0.9854316307210585,0.004037572899165491
3_001_20200624_043333(2),1,0.9806519803904226,0.9855644105565831,0.9859558724497735,0.9809776671951455,0.9832874826479812,0.0028627390386967056
3_001_20200624_043333(2),2,0.9901455111927461,0.9829483251244133,0.9922555422561565,0.9854773870751504,0.9877066914121166,0.004252518213893177
3_001_20200624_043337(8),0,0.9910577186430284,0.9818652232254009,0.9915689082227228,0.9857013327430462,0.9875482957085495,0.004625651642988072
3_001_20200624_043337(8),1,0.9885594012376302,0.9783648085168501,0.9901879787863994,0.981853319970726,0.9847413771279014,0.005575071871685596
3_001_20200624_043337(8),2,0.9891743197058095,0.9898219099345756,0.9914813139098128,0.9848084599668098,0.9888215008792519,0.0028463076739771074
3_001_20200624_043349(7),0,0.9893104736146147,0.9857289697863096,0.9920108643353978,0.9902576230409627,0.9893269826943212,0.0026467137834199407
3_001_20200624_043349(7),1,0.9848992585123101,0.98705043316988,0.9818126392112738,0.9905303477680683,0.986073169665383,0.0036674999541912896
3_001_20200624_043349(7),2,0.9835064261261459,0.979234654143469,0.9867402145467354,0.9811457666907133,0.9826567653767659,0.0032347304284938224
3_001_20200624_083150(7),0,0.9807919469488695,0.9871492020670579,0.9811030210806685,0.9939487344565621,0.9857482261382895,0.006200905946227309
3_001_20200624_083150(7),1,0.9863890362278335,0.9857580474541521,0.9869112805845217,0.9849103235770865,0.9859921719608985,0.0008616790041549176
3_001_20200624_083150(7),2,0.9851716229455512,0.9846777920944345,0.9880934603426353,0.9868140991808498,0.9861892436408677,0.0015638119398752308
3_001_20200624_083153(8),0,0.9875717539294884,0.9811404178732753,0.9811044614572138,0.988620275992768,0.9846092273131863,0.004048913356193198
3_001_20200624_083153(8),1,0.9873712057669474,0.9907768742915164,0.9885315253162389,0.9821547776845285,0.9872085957648078,0.0036537776544088756
3_001_20200624_083153(8),2,0.9935679927578703,0.9858230807736514,0.990317376390149,0.9877936603488618,0.9893755275676331,0.003345944096849163
3_001_20200624_083156(9),0,0.983406927233932,0.9860716943014298,0.9823134344784613,0.9874449078439135,0.9848092409644341,0.002361924507815243
3_001_20200624_083156(9),1,0.978087989314501,0.9824767512219807,0.9889419403679887,0.9780024498506016,0.981877282688768,0.005152404760461534
3_001_20200624_083156(9),2,0.9836956761506217,0.9839183232594895,0.9822917303514387,0.9795371754965815,0.9823607263145329,0.002015390695976753
3_001_20200624_083159(6),0,0.975307280425051,0.9858558407829845,0.9887237544250707,0.9820741547377727,0.9829902575927197,0.005800917615534842
3_001_20200624_083159(6),1,0.9638980427411379,0.9847687647578672,0.9934687287979148,0.9866993916319974,0.9822087319822294,0.012764386141075808
3_001_20200624_083159(6),2,0.9794273456445057,0.9866434820913774,0.9879166182790163,0.9905305244634067,0.9861294926195765,0.00475204723130317
3_001_20200624_083202(6),0,0.0,0.0,0.0,0.0,0.0,0.0
3_001_20200624_083202(6),1,0.9611815270708008,0.9757680915277684,0.9658434890644916,0.9745446531384453,0.9693344402003765,0.0070046394290740124
3_001_20200624_083202(6),2,0.9898755735500181,0.9783014374311989,0.9929713015577534,0.9786776151045301,0.9849564819108751,0.007575147565659739
3_001_20200624_083205(7),0,0.0,0.0,0.0,0.0,0.0,0.0
3_001_20200624_083205(7),1,0.9922818552613119,0.9891344043885436,0.9888128783461686,0.986735043194549,0.9892410452976432,0.002289197166234479
3_001_20200624_083205(7),2,0.9809367838541808,0.9852131259028911,0.9888856067668647,0.9870894820682306,0.9855312496480417,0.0034102843773949503
3_001_20200624_123313(4),0,0.0,0.0,0.9853022668713676,0.0,0.2463255667178419,0.4926511334356838
3_001_20200624_123313(4),1,0.9868877233178913,0.9873374034583434,0.9913305092828925,0.9870601265488125,0.9881539406519849,0.002125798429212247
3_001_20200624_123313(4),2,0.9772711302102615,0.9692408795401627,0.9827022372449068,0.9810303988910839,0.9775611614716037,0.005993815644222667
3_001_20200624_123317(8),0,0.978698686977638,0.9852998832066657,0.9790246607908133,0.9835068374782061,0.9816325171133308,0.003284860461608835
3_001_20200624_123317(8),1,0.9853130688194993,0.9865441038401627,0.9738629242286735,0.9805808266861176,0.9815752308936133,0.005748322785563986
3_001_20200624_123317(8),2,0.9898694210835788,0.9789009247961518,0.9830220236873474,0.9792400563490069,0.9827581064790212,0.0050955855060958325
3_001_20200624_123322(3),0,0.9888665291380841,0.9871648411374739,0.9812324118925372,0.9863305458380881,0.9858985820015459,0.003284907844820688
3_001_20200624_123322(3),1,0.0,0.9869887065917318,0.9874192002363472,0.9819303022990856,0.7390845522817912,0.49272933774432326
3_001_20200624_123322(3),2,0.0,0.0,0.0,0.0,0.0,0.0
3_001_20200624_123326(6),0,0.9857039367203716,0.9869368905851209,0.9897817475390424,0.9877204668304721,0.9875357604187517,0.0017119966649716413
3_001_20200624_123326(6),1,0.9782305848290993,0.9875185288356989,0.9889961612518594,0.9844671121833584,0.9848030967750039,0.004770260646554502
3_001_20200624_123326(6),2,0.9749995276672891,0.98020250185317,0.9765341593082676,0.9899841031235342,0.9804300729880653,0.006733009389872281
3_001_20200624_123331(2),0,0.9777683982807706,0.9829223623207712,0.9864299552958941,0.984588003418352,0.982927179828947,0.0037256239404588726
3_001_20200624_123331(2),1,0.9774260362487166,0.9864944714249002,0.9864571989938327,0.9671346730600018,0.9793780949318628,0.00920993016523768
3_001_20200624_123331(2),2,0.9776791192522531,0.9845724434536511,0.9883751632963874,0.9870149103782262,0.9844104090951296,0.004755320560249557
3_001_20200624_123335(6),0,0.9737788144304603,0.9787856314879899,0.9783096603658599,0.9768361477601119,0.9769275635111055,0.0022572539315902423
3_001_20200624_123335(6),1,0.9756547746438331,0.9829470140210176,0.9796875590824304,0.9759926229720998,0.9785704926798452,0.0034423151266340037
3_001_20200624_123335(6),2,0.9851578709293441,0.9855762867051919,0.9864376213025091,0.9881411467824935,0.9863282314298847,0.0013208321606947191
3_001_20200624_162816(3),0,0.9796465212601285,0.0,0.0,0.0,0.24491163031503213,0.4898232606300642
3_001_20200624_162816(3),1,0.9803916847143445,0.9602386600187502,0.9854053926404684,0.9815757344458345,0.9769028679548493,0.011313653636072006
3_001_20200624_162816(3),2,0.9881364957307222,0.9868719111936337,0.994604046021164,0.9814003783220758,0.9877532078168989,0.005422669086171935
3_001_20200624_162821(2),0,0.9772291151112129,0.984888884900741,0.9701757313319704,0.967477096328056,0.974942706917995,0.0078019979622495576
3_001_20200624_162821(2),1,0.9848854034019783,0.9905380544772255,0.9842897654566083,0.9805511654707005,0.9850660972016281,0.004121580044451306
3_001_20200624_162821(2),2,0.9777256840601493,0.987567345949061,0.9816852108184807,0.9883104552925357,0.9838221740300566,0.00503006902254929
3_001_20200624_162831(2),0,0.9927812724612567,0.9898098203995733,0.9907873087545234,0.9895013303121202,0.9907199329818683,0.001479522143936453
3_001_20200624_162831(2),1,0.9839535359216793,0.9805304248160244,0.9813435310413666,0.976249202637289,0.9805191736040898,0.0031993326574961682
3_001_20200624_162831(2),2,0.9826992623455906,0.984248100078732,0.9854698888026868,0.9795272653034807,0.9829861291326225,0.0025695436890305523
3_001_20200624_162835(8),0,0.9824482080395758,0.979717435319301,0.9789078292601314,0.9867174035244288,0.9819477190358592,0.003522095714592939
3_001_20200624_162835(8),1,0.9864341562872851,0.9852232965319417,0.9868314543544597,0.9866452618694418,0.9862835422607822,0.0007252250979732247
3_001_20200624_162835(8),2,0.973432540575512,0.9769718576046464,0.9788480536272596,0.9841814077742828,0.9783584648954252,0.004484557617763816
3_001_20200624_203149(7),0,0.979911715958029,0.9803924217309342,0.9801054091286292,0.979783712976389,0.9800483149484953,0.00026479093071364536
3_001_20200624_203149(7),1,0.9829457028335099,0.9888277416256889,0.981067870354094,0.9872327808091929,0.9850185239056215,0.0036201898640391347
3_001_20200624_203149(7),2,0.9800644586729913,0.9918546282465983,0.9778165861978106,0.9884168480320749,0.9845381302873687,0.006677536631415021
3_001_20200624_203154(3),0,0.9712989097381595,0.9885550740053726,0.9745399766907423,0.9870788059887737,0.980368191605762,0.008723098675589602
3_001_20200624_203154(3),1,0.9726191762016413,0.9792959422606898,0.9795527228652374,0.9816573339060052,0.9782812938083935,0.003920172864458473
3_001_20200624_203154(3),2,0.9857761712056942,0.9870436838872331,0.9738935692015399,0.9884346868034933,0.9837870277744901,0.0066844036784923285
3_001_20200624_203203(1),0,0.9664975183664835,0.9810290346975274,0.9808196416694144,0.9700043239471524,0.9745876296701445,0.007456233735201579
3_001_20200624_203203(1),1,0.9850601937706176,0.9839896577340506,0.9733010128499295,0.9836571263584231,0.9815019976782553,0.005499998295981936
3_001_20200624_203203(1),2,0.9779454935612926,0.9887800599360139,0.9837488443308194,0.9752325154116439,0.9814267283099425,0.006053951261285253
3_001_20200624_203207(8),0,0.9860802589318637,0.9897792923036355,0.9819253407482912,0.9880293730890861,0.9864535662682192,0.003375786600978631
3_001_20200624_203207(8),1,0.9724222765129578,0.9835798095674742,0.9808707859678857,0.9803912805340395,0.9793160381455893,0.0048054511814008315
3_001_20200624_203207(8),2,0.9866816442129775,0.9794691647993613,0.9936294239576202,0.9822872667937652,0.9855168749409311,0.006169151906758163
3_001_20200624_203212(2),0,0.9882100016159631,0.986767341374835,0.9781631690513435,0.9838696748754989,0.9842525467294101,0.004442700104306431
3_001_20200624_203212(2),1,0.984694655891143,0.9856657242157782,0.9850854621292393,0.9710916730799545,0.9816343788290288,0.0070397836562573705
3_001_20200624_203212(2),2,0.9789451131035437,0.9745331017150509,0.9843838517612864,0.97557147053125,0.9783583842777828,0.0044365971954900985
3_001_20200624_203225(8),0,0.953856417444623,0.9843530863839013,0.9688563669073765,0.975670143922347,0.970684003664562,0.012886858049503243
3_001_20200624_203225(8),1,0.9691505446983348,0.9837963565431509,0.9673898246782628,0.9760760470494294,0.9741031932422946,0.007471001985407986
3_001_20200624_203225(8),2,0.9735923116991901,0.9626718143816835,0.9797274021089045,0.9789948807834683,0.9737466022433117,0.007873777712962111
1_002_20200622_203053(2),0,0.9898345351257466,0.9876660927480578,0.9890003458961035,0.9923289422431387,0.9897074790032617,0.0019626094746928026
1_002_20200622_203053(2),1,0.9853311912721464,0.985833285301332,0.9904875889760764,0.9869221545585075,0.9871435550270156,0.00232615923458485
1_002_20200622_203053(2),2,0.9913292889725885,0.9856809808726076,0.9853723066992988,0.9842265394010723,0.9866522789863917,0.003180166873417024
1_002_20200622_203057(3),0,0.9867028182698947,0.9840319797753035,0.9910818350098524,0.9924353776246342,0.9885630026699211,0.0038871694337578
1_002_20200622_203057(3),1,0.9863888168561076,0.9893433445317841,0.9888173584485179,0.988946178678818,0.9883739246288069,0.0013422041657583385
1_002_20200622_203057(3),2,0.9764934249835369,0.9849886283322716,0.9819417638878991,0.9863796884229524,0.982450876406665,0.0043827758217420566
1_002_20200622_203101(3),0,0.9877495131907186,0.9895641224127188,0.9739565225756801,0.9787967212509185,0.9825167198575091,0.007397372866545858
1_002_20200622_203101(3),1,0.9873232111677068,0.9811580124028493,0.9909463280836772,0.9892910975829875,0.9871796623093052,0.004278894087707104
1_002_20200622_203101(3),2,0.9880752198205772,0.9812517773066931,0.9884473296107588,0.9834674220689268,0.9853104372017389,0.0035286230477163233
1_002_20200622_203105(4),0,0.9869068609218435,0.9912701797683904,0.9902738057075962,0.9901487805399195,0.9896499067344373,0.001896286725598974
1_002_20200622_203105(4),1,0.9855999505245945,0.9873553011703468,0.9790134959098734,0.984994334302925,0.9842407704769349,0.0036258300052746184
1_002_20200622_203105(4),2,0.9802668167321954,0.9725080168961294,0.9675489615004894,0.9755482330324245,0.9739680070403096,0.005338783712424234
1_002_20200622_203109(3),0,0.9903601937101344,0.9894444825553858,0.9896744540094239,0.9862778043301882,0.988939233651283,0.0018164212938409038
1_002_20200622_203109(3),1,0.9817604643406452,0.9936850685277022,0.9821713771888374,0.9804476551704456,0.9845161413069077,0.00615666251943346
1_002_20200622_203109(3),2,0.9794028713993943,0.9779992524951593,0.9782639928756997,0.9751506357582834,0.9777041881321342,0.0018080006358511212
1_002_20200622_203121(4),0,0.9914376376226525,0.9867715852127783,0.990623706691719,0.9868939349117534,0.9889317161097257,0.0024468477994663103
1_002_20200622_203121(4),1,0.9902679077780112,0.9833052046937656,0.9838352600881322,0.9836134690896304,0.9852554604123849,0.0033486928009891694
1_002_20200622_203121(4),2,0.9901337708757257,0.987535270385145,0.9884569232940573,0.9893017957776589,0.9888569400831468,0.0011157983216793287
1_002_20200905_123103(4),0,0.984736227463106,0.9805727013724037,0.9825573321032683,0.9809033496926932,0.9821924026578678,0.0019051953479039653
1_002_20200905_123107(5),0,0.9742106798594834,0.9811879258744791,0.9861374716569302,0.9874102043834686,0.9822365704435904,0.00598604191767481
1_002_20200905_123111(6),0,0.9868757698693303,0.9833238222036307,0.9808373243920894,0.9773361122794445,0.9820932571861237,0.00402469513021873
1_002_20200905_163920(4),0,0.9780150912582287,0.9766657577004033,0.9751157895948854,0.9705039778967558,0.9750751541125683,0.003269584756127328
1_002_20200905_163924(2),0,0.9847735581150413,0.9799761983626892,0.9747127507208988,0.9779860526706968,0.9793621399673316,0.004209946582997447
1_002_20200905_163928(3),0,0.9857363760056782,0.9876121160565058,0.9732455612954306,0.9742730496309577,0.980216775747143,0.007507390944513602
1_002_20200905_163932(3),0,0.9720896662602304,0.9857708571160122,0.9848096414315408,0.9838993321495525,0.9816423742393339,0.006414152089257575
1_002_20200905_163936(3),0,0.9835312770216387,0.97525903767977,0.9840848140766006,0.9805169854210021,0.9808480285497527,0.004042400747350274
1_002_20200905_163940(2),0,0.9655272919968929,0.9787476248088739,0.9756945091767762,0.9870162190127376,0.9767464112488202,0.008877855258617687
1_002_20200905_203836(3),0,0.9835990827853329,0.9879146355268108,0.9794154212416651,0.9773005525897221,0.9820574230358827,0.004700767414978239
1_002_20200905_203840(3),0,0.9769433407615479,0.9795493481369918,0.9883129199369072,0.983833621694617,0.9821598076325159,0.004989604858724369
1_002_20200905_203844(2),0,0.986962332547128,0.9797855304004042,0.9821256534241298,0.9818263269047697,0.9826749608191079,0.003041506349026124
1_002_20200905_203848(4),0,0.9758767607253652,0.9855611961680224,0.9819164026375277,0.989649757970472,0.9832510293753469,0.005843562409337235
1_002_20200905_203856(3),0,0.983134236873315,0.9849036643197787,0.9797522948665537,0.9805983412009851,0.9820971343151581,0.0023591555849353726
1_002_20200905_203900(3),0,0.9777709895868698,0.9890490205354199,0.9791143254372323,0.973797082570414,0.9799328545324839,0.006483204713885912
2_002_20200622_203136(3),0,0.9848145105694145,0.9850148704598255,0.9903934569469626,0.991879265944293,0.9880255259801238,0.003643856720786554
2_002_20200622_203136(3),1,0.983233543288527,0.9837651310205455,0.9865154187001018,0.9884964271869431,0.9855026300490294,0.0024600961875091477
2_002_20200622_203136(3),2,0.9873329857908172,0.986499702025548,0.9865349999691264,0.9838579911905092,0.9860564197440002,0.0015152829427433198
2_002_20200622_203140(8),0,0.9837749939069662,0.9915254671359979,0.9851249741683555,0.994222929240881,0.9886620911130501,0.005017195707925825
2_002_20200622_203140(8),1,0.983689115493521,0.9879929793420347,0.9852308151386562,0.9885540910516067,0.9863667502564547,0.002301387792068195
2_002_20200622_203140(8),2,0.9799793561882394,0.9931725641475515,0.985031626165426,0.9908535133366696,0.9872592649594716,0.005939842169590515
2_002_20200622_203145(3),0,0.9889683047660828,0.9913353098843027,0.9890492117082801,0.9900649843762728,0.9898544526837346,0.0011061845540034
2_002_20200622_203145(3),1,0.9800301984766244,0.9890372435142745,0.9831369606698728,0.9877844733745236,0.9849972190088238,0.0041722271813617465
2_002_20200622_203145(3),2,0.9896190854107232,0.9798899035807669,0.9929262198986353,0.9910344716678029,0.9883674201394821,0.005811791807847646
2_002_20200622_203149(8),0,0.9874419093244132,0.9833535659579378,0.9883296575178274,0.9853368455071502,0.9861154945768322,0.0022283355284054376
2_002_20200622_203149(8),1,0.9836980900015184,0.987311566298296,0.9765597605273372,0.9826888147106152,0.9825645578844417,0.004468109779328313
2_002_20200622_203149(8),2,0.9856398387958608,0.9898557727822548,0.9872662706687981,0.9873674746894469,0.9875323392340901,0.0017395281123484927
2_002_20200622_203154(3),0,0.9887787326859971,0.9859674199511879,0.9844054597702241,0.9885959697620088,0.9869368955423545,0.0021207656887951756
2_002_20200622_203154(3),1,0.9827177682654712,0.9860437263427965,0.9827216064390717,0.9906721215977126,0.9855388056612631,0.003763896068526973
2_002_20200622_203154(3),2,0.9882107977105556,0.9838057073701119,0.9919100686167851,0.9891849151869083,0.9882778722210902,0.0033675082302808967
2_002_20200622_203158(8),0,0.9858023174617836,0.9907693228282639,0.9858500167063655,0.9924459161477687,0.9887168932860454,0.0034074336426659136
2_002_20200622_203158(8),1,0.9819139481728211,0.9875007132044052,0.9849369554083031,0.9841559325445197,0.9846268873325122,0.002304839448501429
2_002_20200622_203158(8),2,0.9839809372498228,0.9867246353585075,0.9895091603644882,0.9913641544930607,0.9878947218664698,0.003231624301387526
2_002_20200831_163149(1),0,0.9850903621245927,0.9887927860966332,0.9901798365381397,0.984577560226505,0.9871601362464676,0.002753046748558121
2_002_20200831_163150(6),0,0.9792737651510894,0.9873996792542651,0.9903686872714996,0.9876278300392015,0.9861674904290139,0.0047897245639307055
2_002_20200831_203101(4),0,0.9830844946241398,0.984929265761741,0.9847312700501274,0.9942283442518128,0.9867433436719554,0.005058053939317999
2_002_20200831_203105(9),0,0.9862860793545662,0.9954939092613304,0.9910649820988471,0.9924174620754147,0.9913156081975396,0.0038310684137070057
2_002_20200904_230054(2),0,0.984685491008955,0.9837340283134125,0.9853095747884157,0.986967812391594,0.9851742266255943,0.0013599390558108506
2_002_20200904_230057(6),0,0.9782608538045249,0.9901965058564639,0.9848512802737066,0.9876699056223134,0.9852446363892522,0.00514233702699186
2_002_20200904_230105(4),0,0.9832055629163445,0.9797526002135817,0.9819501592668177,0.9812797593040826,0.9815470204252066,0.0014381303282709399
2_002_20200905_003315(2),0,0.9745802589908938,0.9840281953257318,0.9844172256997334,0.9860774700910673,0.9822757875268566,0.005206746914938135
2_002_20200905_003319(2),0,0.9812077427762915,0.9854560132200363,0.9871377536923287,0.9852774986064804,0.9847697520737843,0.002518207219642172
2_002_20200905_003323(3),0,0.9806638492904556,0.9863700015322986,0.9816230511954674,0.9823464822559479,0.9827508460685423,0.002509267701359049
2_002_20200905_003327(3),0,0.9821010922349782,0.982012163587098,0.9876829560343975,0.98061564226475,0.9831029635303059,0.0031281884546877892
2_002_20200905_003331(2),0,0.9826914806426919,0.9846843885970434,0.9846885754793,0.9922347489080781,0.9860747984067784,0.004212943654774711
2_002_20200905_003335(3),0,0.9841607956413325,0.9858670938674124,0.9872695110318552,0.9905389373546316,0.986959084473808,0.002703983183545789
2_002_20200905_043156(0),0,0.989168490450699,0.9842636932872832,0.9758064596782617,0.9903908750083715,0.9849073796061539,0.006619840457962905
2_002_20200905_043200(0),0,0.9903001576487709,0.9849536020089992,0.98705818161118,0.992476196783116,0.9886970345130165,0.0033442087752873317
2_002_20200905_043204(0),0,0.9901435451140358,0.9855967426557177,0.9909364225205729,0.9841619192482672,0.9877096573846483,0.0033359994633165965
2_002_20200905_043208(0),0,0.9804704368548028,0.9874765907220385,0.9829552598849779,0.9864046831110375,0.9843267426432142,0.0032141063453348523
2_002_20200905_043212(1),0,0.9797924694942632,0.9918458019464326,0.9891752011606187,0.9900773743311911,0.9877227117331264,0.005401937194556922
2_002_20200905_043216(0),0,0.9906021826537346,0.985812261913038,0.9929037199241582,0.9833641854118885,0.9881705874757047,0.004358072897623633
2_002_20200905_083407(3),0,0.9891196808291538,0.9869075494495084,0.9780572936446256,0.9803455747984896,0.9836075246804443,0.005251012932998179
2_002_20200905_083410(5),0,0.980939291170539,0.9873592664596097,0.9868728227084274,0.9870340816448717,0.9855513654958619,0.0030813650557395553
2_002_20200905_083413(6),0,0.9827067308867213,0.9924665817956612,0.9855968897342113,0.9892276562647098,0.9874994646703259,0.004252410580354541
2_002_20200905_083416(3),0,0.9808297560944168,0.9885072417367696,0.9824794444192013,0.9886284268677885,0.985111217279544,0.004048081177953361
2_002_20200905_083419(3),0,0.9898134907858429,0.9819357065373415,0.9848783905695079,0.9840018337204595,0.985157355403288,0.0033402429978524432
2_002_20200905_083422(4),0,0.9864549529777722,0.9801479703091927,0.9799340780531914,0.98643577513471,0.9832431941187165,0.003698586580418906
2_002_20200905_123055(0),0,0.991397665997606,0.9908952680759961,0.9886141843969612,0.9886658072042513,0.9898932314187037,0.0014617264165826987
2_002_20200905_123058(4),0,0.9868234157047729,0.984400099368313,0.9900372372119107,0.9876684081109361,0.9872322900989832,0.0023271162291418008
2_002_20200905_123102(0),0,0.9860924368527395,0.9895934363107365,0.9901277984265204,0.9897022452458212,0.9888789792089545,0.00187194939914581
2_002_20200905_123105(0),0,0.9841790435784621,0.975369544938487,0.980737943769602,0.9828412257455194,0.9807819395080176,0.0038762923210492965
2_002_20200905_123108(4),0,0.9846196278255546,0.9929163956981687,0.9870653960455446,0.9882495973177283,0.988212754221749,0.003481024209240215
2_002_20200905_123112(0),0,0.9843569938500427,0.9878280454692918,0.991423703012129,0.9919655907783568,0.9888935832774551,0.003538113923684848
2_002_20200905_163922(9),0,0.9853292967946835,0.981999301322534,0.9924842482817567,0.9722981669405166,0.9830277533348728,0.0083845917553863
2_002_20200905_163926(4),0,0.9848647781945887,0.9917914996390098,0.9883875426783513,0.9859230053563425,0.987741706467073,0.0030769204930934904
2_002_20200905_163929(7),0,0.9794030572784311,0.9926854434533253,0.9845940196928503,0.9874827457591145,0.9860413165459303,0.005549273070161691
2_002_20200905_163932(9),0,0.9894906932542356,0.9813900967245508,0.989509913279997,0.978419476572634,0.9847025449578544,0.005671167308545663
2_002_20200905_163936(2),0,0.9855610487893699,0.9838844284800533,0.9899793387095424,0.9846300377291729,0.9860137134270346,0.0027312696667637325
2_002_20200905_163939(7),0,0.9881804607098529,0.9868450366137175,0.9799295200274815,0.9916384370327315,0.9866483635959458,0.0049135762144073974
2_002_20200905_204033(3),0,0.9898888005263872,0.9862531846836431,0.9847094280840963,0.9868099178155201,0.9869153327774116,0.002172331956098484
2_002_20200905_204039(5),0,0.9899539664560941,0.9912875582057579,0.9881837842206628,0.9886421248564532,0.989516858434742,0.0013986525413929526
2_002_20200905_204042(9),0,0.9891700864605301,0.9875890232229053,0.9882253382748656,0.9919730690115899,0.9892393792424727,0.0019347536724101059
2_002_20200905_204046(0),0,0.9870470209702716,0.9884007817980274,0.9889773994653633,0.9875836515633126,0.9880022134492437,0.0008558487442156286
2_002_20200905_204049(1),0,0.9864165837980985,0.9906500447390626,0.9894910417976583,0.985922355849901,0.9881200065461802,0.0023102776571787683
2_002_20200905_204052(3),0,0.9924060239947678,0.9864614804353895,0.98478191943871,0.9916065903928901,0.9888140035654394,0.0037635630031486325
3_001_20200622_203305(8),0,0.0,0.0,0.0,0.0,0.0,0.0
3_001_20200622_203305(8),1,0.9824605631185018,0.0,0.0,0.0,0.24561514077962546,0.49123028155925086
3_001_20200622_203305(8),2,0.9622279750120544,0.972025641203338,0.9727938502725086,0.9791393527266067,0.9715467048036269,0.00698263988536788
3_001_20200622_203309(1),0,0.9777326887864084,0.9761748102225901,0.9767792911141864,0.9760389189193861,0.9766814272606428,0.0007711908369993175
3_001_20200622_203309(1),1,0.9680962463724019,0.9669647207950154,0.9767408167143595,0.9695723063008371,0.9703435225456535,0.0043964644373332695
3_001_20200622_203309(1),2,0.9583299369157299,0.9476001221080931,0.963146071629203,0.953397600431857,0.9556184327712207,0.00666440804252673
3_001_20200622_203312(6),0,0.97161576693087,0.9725354152842997,0.9690673768614548,0.9661997284872405,0.9698545718909662,0.002844074869408712
3_001_20200622_203312(6),1,0.9671955124388211,0.9807220940770327,0.9735576814573269,0.9713999764481607,0.9732188161053354,0.005656924217419886
3_001_20200622_203312(6),2,0.9704249197129795,0.978343068726201,0.9806861016204699,0.9768321492071966,0.9765715598167117,0.004393813433549338
3_001_20200622_203316(0),0,0.0,0.0,0.0,0.0,0.0,0.0
3_001_20200622_203316(0),1,0.9782135005618084,0.9761851174031154,0.9766365038496293,0.97544582621412,0.9766202370071683,0.0011700887637792901
3_001_20200622_203316(0),2,0.9813567738836244,0.9874968905366315,0.9719380371643358,0.9884922796817973,0.9823209953165972,0.0076072374532053936
3_001_20200622_203319(4),0,0.975417329140255,0.9816625256149292,0.9776980573740555,0.9706428455128524,0.976355189410523,0.004600056762181815
3_001_20200622_203319(4),1,0.9775020895481455,0.9732813483431768,0.9809457903281874,0.9653239253267505,0.9742632883865651,0.006733549913877231
3_001_20200622_203319(4),2,0.9779139577182384,0.9829378762558132,0.980533733230433,0.9741670534389251,0.9788881551608524,0.0037570391824784926
3_001_20200622_203330(3),0,0.9666980466197191,0.9822403152204929,0.9823477665239119,0.9839817502579241,0.978816969655512,0.008118478420691489
3_001_20200622_203330(3),1,0.9756504737571066,0.9744533217079417,0.9711730834036673,0.9772405692986544,0.9746293620418426,0.0025715057001001853
3_001_20200622_203330(3),2,0.963476036303471,0.960619770664712,0.976495047196844,0.9796536233115563,0.9700611193691457,0.009414774621443665
3_001_20200811_003323(2),0,0.9414383953336439,0.9779732790060375,0.9435991363073442,0.9693127198479939,0.9580808826237549,0.018335348018113647
3_001_20200811_003327(0),0,0.9557448327811906,0.9668321502551882,0.9639557084470093,0.9344578862109946,0.9552476444235957,0.014634347693006509
3_001_20200811_043037(3),0,0.9753972821498705,0.9580798937702951,0.9659093415045823,0.9446058743316209,0.9609980979390923,0.013021491589722224
3_001_20200811_043041(6),0,0.962745180646216,0.9831044082797016,0.9529866411955893,0.9764257893727778,0.9688155048735712,0.013533796612800363
3_001_20200815_003438(6),0,0.9649971564204476,0.973829542345053,0.9666257201616012,0.9488718772997417,0.9635810740567109,0.01053038034541486
3_001_20200815_003529(0),0,0.9863009323239209,0.9856252160271812,0.9749813827804227,0.9542832016321208,0.9752976831909115,0.014938071128291997
3_001_20200819_003039(4),0,0.9810566377669117,0.9824745877607082,0.9723164598254985,0.9705035732843601,0.9765878146593696,0.0060521881095285555
3_001_20200819_003044(1),0,0.9744566420929259,0.9792287640092063,0.9793839042789876,0.979958126546542,0.9782568592319154,0.0025528278577254325
3_001_20200819_043209(9),0,0.9763867317804308,0.9795497053385487,0.9809930271850262,0.9758429875514427,0.9781931129638621,0.002480992069776996
3_001_20200819_043216(0),0,0.9781078586278849,0.9764502278707645,0.9731363661099618,0.9783177900504157,0.9765030606647568,0.002394858574463318
3_001_20200819_083353(5),0,0.9760919480518456,0.9734281047459306,0.9422756772734201,0.8950021455041619,0.9466994688938395,0.037729391653039374
3_001_20200819_083401(0),0,0.9428176459779185,0.9692642135350945,0.9274183819422398,0.9454501176699915,0.9462375897813111,0.017288764300675497
3_001_20200819_124414(0),0,0.9629131838959105,0.9692156230184135,0.9421556100734904,0.9425496700595425,0.9542085217618392,0.013930610589354308
3_001_20200819_124415(9),0,0.9741289336377711,0.9705745426979301,0.9615288455737417,0.9689536916939214,0.968796503400841,0.005305336760439057
3_001_20200819_162723(4),0,0.9747417112289618,0.966196007400791,0.9801031587003458,0.954224320499097,0.968816299457299,0.011288570571070546
3_001_20200831_083711(6),0,0.9821721014758189,0.9786856530734095,0.9728228558049979,0.9912505616595244,0.9812327930034377,0.007712607746584058
3_001_20200831_083714(8),0,0.9683533804868745,0.9683990733784986,0.9868375767538679,0.9780724042950455,0.9754156087285716,0.008881192718503027
3_001_20200831_123316(5),0,0.9609856559147352,0.9764563514667409,0.9670735309975769,0.9821919000809202,0.9716768596149934,0.00946752500712021
1_002_20200625_003116(4),0,0.9896714379878169,0.9888961915650158,0.9783887757394529,0.9811187449932176,0.9845187875713759,0.00562283459447247
1_002_20200625_003116(4),1,0.9804635999598619,0.9849920901683151,0.9892557802293309,0.9848524206531041,0.984890972752653,0.0035900271656790356
1_002_20200625_003116(4),2,0.9702960663190302,0.9560152555404634,0.9814830146069211,0.9862995473112224,0.9735234709444093,0.013460265102552256
1_002_20200625_003120(7),0,0.9847708920844536,0.9821370221120139,0.9850521864943327,0.9836903075772941,0.9839126020670236,0.0013212889461660204
1_002_20200625_003120(7),1,0.9855314650981236,0.9782504609910069,0.9887100305499559,0.988093184974577,0.9851462854034159,0.004798793399594946
1_002_20200625_003120(7),2,0.9828026294755983,0.9886656711260482,0.9864536768949153,0.9778249518901955,0.9839367323466893,0.004737718209868741
1_002_20200625_003125(4),0,0.9746818408907312,0.9779981516748005,0.9800217343536514,0.983835270201244,0.9791342492801068,0.003829790494326404
1_002_20200625_003125(4),1,0.9752910927177996,0.9747979720573415,0.9716562311540221,0.9633852883769936,0.9712826460765391,0.005505542227968293
1_002_20200625_003125(4),2,0.9749463330962045,0.9807426040437505,0.9742683752777606,0.9819682475580075,0.9779813899939308,0.0039377398305834406
1_002_20200625_003130(0),0,0.9865068216907635,0.9861478370062546,0.9872346959733954,0.9886295183473288,0.9871297182544356,0.0010973470363691371
1_002_20200625_003130(0),1,0.9884637884086332,0.9844911263506182,0.9789625166533928,0.9825197900753435,0.983609305371997,0.003963302611388399
1_002_20200625_003130(0),2,0.9801228877578041,0.9888270167755234,0.9840277647723971,0.9778401589593441,0.9827044570662672,0.004815349653137871
1_002_20200625_003134(4),0,0.9821547886673112,0.986213327685915,0.9915314519433323,0.9897863854606798,0.9874214884393095,0.004150595010376811
1_002_20200625_003134(4),1,0.9839440549331169,0.9824877922125125,0.9867736510014837,0.9747321543140882,0.9819844131153003,0.0051518813333855185
1_002_20200625_003134(4),2,0.9799430945488455,0.9850664170979463,0.9800997044165253,0.9850450290657711,0.982538561282272,0.002907284308450095
1_002_20200625_003139(0),0,0.9851185538022883,0.9812811426206204,0.9843990978053005,0.9862424060691674,0.9842603000743442,0.0021260281889351512
1_002_20200625_003139(0),1,0.9866094042760587,0.9775557140897481,0.9784273908592507,0.9741263444322394,0.9791797134143243,0.00528961899709023
1_002_20200625_003139(0),2,0.977805643410222,0.9727199432374133,0.9838747218299658,0.9758212355816375,0.9775553860148096,0.004704091073630132
1_002_20200625_042934(9),0,0.9851514340094059,0.9790315938247272,0.9803018199673066,0.984719073391883,0.9823009802983307,0.003090727557873166
1_002_20200625_042934(9),1,0.9841602785610554,0.9773415146988054,0.9833865972285313,0.985426772115496,0.982578790650972,0.0035913652602644537
1_002_20200625_042934(9),2,0.9754981098602467,0.968210918196182,0.9916071256207278,0.9809574261234958,0.9790683949501631,0.009855961693129415
1_002_20200625_042939(2),0,0.9866507468567403,0.9862420431216166,0.9846920847684785,0.9830439877125747,0.9851572156148525,0.0016421089246393542
1_002_20200625_042939(2),1,0.9838891690488608,0.9867744052485846,0.9837137473498327,0.9830788434371664,0.9843640412711112,0.0016441790036159371
1_002_20200625_042939(2),2,0.9713962338772355,0.9808676190147189,0.9808610158958458,0.9817451904007004,0.9787175147971252,0.004898486806322815
1_002_20200625_042943(7),0,0.9870449480164528,0.9769657941623487,0.9871662043216772,0.9819527537419052,0.9832824250605959,0.0048616928486072
1_002_20200625_042943(7),1,0.9843425410480282,0.9685951776797799,0.962721746236382,0.9758652191334469,0.9728811710244092,0.009342576320429556
1_002_20200625_042943(7),2,0.9769830271229603,0.9744496584314352,0.9757509669261237,0.9812554744075876,0.9771097817220267,0.002951014974671732
1_002_20200625_042948(3),0,0.990893923312733,0.9807756202729225,0.9835794099764199,0.9838068315986037,0.9847639462901698,0.004312870564887056
1_002_20200625_042948(3),1,0.9864748593373881,0.9811581733348099,0.9817353825739618,0.9771400937901443,0.9816271272590761,0.003823855499828008
1_002_20200625_042948(3),2,0.9771768006066015,0.9822478943862311,0.9864354338773461,0.9837847504190195,0.9824112198222995,0.003894727409575498
1_002_20200625_042952(8),0,0.9736199234661544,0.9787198940537251,0.9822851383602944,0.9885934091710739,0.9808045912628119,0.006293465338953497
1_002_20200625_042952(8),1,0.9798701617537516,0.9735010760827004,0.9848517977655916,0.979557993396054,0.9794452572495245,0.0046460457514015145
1_002_20200625_042952(8),2,0.9839678742386042,0.9758209515025236,0.9822768081250081,0.9767923918459314,0.9797145064280168,0.00401476654809942
1_002_20200625_042957(3),0,0.9840404870619035,0.9852697374196898,0.9868454632745693,0.9844350225143218,0.9851476775676212,0.0012424603219887292
1_002_20200625_042957(3),1,0.9824360624400366,0.9797079538556053,0.9759951216880949,0.977515068701224,0.9789135516712402,0.0027995324092163075
1_002_20200625_042957(3),2,0.9779773583455614,0.9700314954078502,0.9744415112351723,0.9718432820860423,0.9735734117686565,0.0034490028685407975
1_002_20200714_042641(8),0,0.9866065208351853,0.9804303109203735,0.9880150478239725,0.9795434227483826,0.9836488255819785,0.004282718254037165
1_002_20200714_042641(8),1,0.9763704136139718,0.9871820854839163,0.9795507769115577,0.9751206371011952,0.9795559782776603,0.005415336608611572
1_002_20200714_042641(8),2,0.9723811512566983,0.972388348814771,0.9823422044269203,0.9805692805725512,0.9769202462677351,0.005286919698056126
1_002_20200714_083054(2),0,0.9848567419509502,0.981058935534996,0.9888506482314489,0.9880527758411813,0.9857047753896441,0.003545542305741272
1_002_20200714_083054(2),1,0.9809411830820479,0.9734767561347797,0.9854326650359858,0.9829347871060617,0.9806963478397188,0.00515188507942069
1_002_20200714_083054(2),2,0.9816534449354817,0.978541460853527,0.982509122356346,0.9725460004683935,0.978812507153437,0.004512148917837167
1_002_20200714_083057(5),0,0.9909194721675719,0.9805000243239385,0.9843535785526258,0.9794593751096458,0.9838081125384455,0.005187290037742863
1_002_20200714_083057(5),1,0.9839914334598361,0.9811136316095476,0.9811261250996514,0.9797158329091354,0.9814867557695426,0.001796186165982875
1_002_20200714_083057(5),2,0.0,0.0,0.0,0.0,0.0,0.0
1_002_20200714_083101(7),0,0.9831274362575788,0.9802618563898653,0.985452510179721,0.9857678626715172,0.9836524163746705,0.002548656631490887
1_002_20200714_083101(7),1,0.97637191773884,0.980699935323089,0.971027828950309,0.9523967866204033,0.9701241171581604,0.012462716196075106
1_002_20200714_083101(7),2,0.9838229788923049,0.9863379586091063,0.9874410384121575,0.9899715173066974,0.9868933733050664,0.0025502101154419787
1_002_20200714_083106(2),0,0.9791376365938537,0.9765126081166535,0.9860328668400368,0.9777782068700506,0.9798653296051487,0.004249112666318276
1_002_20200714_083106(2),1,0.9755811985667252,0.9683161531782504,0.9614753568481911,0.9669278035402743,0.9680751280333603,0.005810121087703859
1_002_20200714_083106(2),2,0.9756751985407384,0.9781062665144975,0.9843743855417959,0.9820626091614498,0.9800546149396204,0.003901615410348038
1_002_20200714_083110(8),0,0.9892942963930114,0.988139139090025,0.984503990981952,0.9777559405594121,0.9849233417561001,0.005195962917396498
1_002_20200714_083110(8),1,0.9884941240170525,0.9745306809876394,0.9822568918125971,0.9706478149453294,0.9789823779406546,0.007968234865262285
1_002_20200714_083110(8),2,0.9764974179519309,0.9775852883156553,0.9813189162258151,0.9753107366744725,0.9776780897919685,0.002598882837693783
1_002_20200714_083115(1),0,0.979366734361971,0.9809197360359135,0.9748275250737204,0.9833301625340667,0.9796110395014179,0.0035817248187863344
1_002_20200714_083115(1),1,0.9798748162245399,0.9813950447703569,0.9760615875837172,0.984788892320356,0.9805300852247425,0.0036185835867860883
1_002_20200714_083115(1),2,0.9776834836601086,0.976488654845025,0.9796551317676458,0.9805874050302167,0.978603668825749,0.0018583871613867084
1_002_20200714_123109(8),0,0.9852889329493573,0.987487686035555,0.9798751321608782,0.9844808732506687,0.9842831560991148,0.0032015811873776245
1_002_20200714_123109(8),1,0.9858578964013063,0.9712162889115067,0.9701919830276637,0.9758472167319482,0.9757783462681063,0.007155927510522402
1_002_20200714_123109(8),2,0.9760454297620333,0.9780267839693065,0.9765323317140927,0.9825300639463417,0.9782836523479436,0.0029537973939537596
1_002_20200714_123113(1),0,0.977175069900357,0.9726418984795141,0.9830283226064767,0.9839848012419853,0.9792075230570833,0.005312224517734307
1_002_20200714_123113(1),1,0.9854412920672599,0.9834664534556018,0.984912558708638,0.9895617243515373,0.9858455071457592,0.0026143163158007464
1_002_20200714_123113(1),2,0.9818270740687887,0.9889935258172776,0.9881365663310977,0.9800548611761225,0.9847530068483217,0.004474525348649035
1_002_20200714_123117(3),0,0.9864045691456391,0.9688315609100794,0.9815613467923076,0.9833794261145341,0.98004422574064,0.0077374207298350406
1_002_20200714_123117(3),1,0.9800730882663183,0.9676453639045792,0.9813136772127067,0.9717951683662861,0.9752068244374726,0.0065774680287803864
1_002_20200714_123117(3),2,0.9706427615634674,0.9768328339327126,0.968328351297115,0.9768098313990843,0.9731534445480947,0.004339436406480872
1_002_20200714_123120(4),0,0.9740356118888382,0.9783504897404013,0.9822822891990329,0.9836556056540255,0.9795809991205744,0.004326848713749134
1_002_20200714_123120(4),1,0.9657552948395495,0.9789086763792522,0.9655914801637612,0.9731665009872994,0.9708554880924656,0.006426932209410611
1_002_20200714_123120(4),2,0.9752798471082036,0.9836439668393018,0.9846262450475667,0.9835413503197228,0.9817728523286987,0.004356207121549325
1_002_20200714_123123(5),0,0.9866947412692257,0.9819188235102002,0.9917201874639611,0.9870757447441063,0.9868523742468733,0.004004591985977185
1_002_20200714_123123(5),1,0.9803888077486445,0.9631008645004236,0.9707726668310629,0.9693488902633502,0.9709028073358703,0.007148102560773023
1_002_20200714_123123(5),2,0.9677243624930745,0.9695473040149659,0.9739251683235286,0.9744552425139839,0.9714130193363881,0.0032991462210803253
1_002_20200714_123126(4),0,0.9725303749912785,0.9820055288148368,0.988950556396099,0.9855706442369843,0.9822642761097996,0.007081765208553007
1_002_20200714_123126(4),1,0.9827278486321752,0.9794189508796984,0.967543318535999,0.9773940704585469,0.9767710471266049,0.0065328404102259156
1_002_20200714_123126(4),2,0.9700542215984578,0.978204076608068,0.9748044029974178,0.9745261954364416,0.9743972241600963,0.0033434625269178264
1_002_20200714_163046(2),0,0.9782106672405055,0.9819692889453226,0.9781758230057838,0.9731356508488735,0.9778728575101214,0.003625271528229766
1_002_20200714_163046(2),1,0.9784152735227697,0.9765914729006786,0.9868067019586046,0.982402807615669,0.9810540639994305,0.0045383509239241985
1_002_20200714_163046(2),2,0.9754401117909574,0.971810571193265,0.9802895133076444,0.9707143450196642,0.9745636353278828,0.004318575677068627
1_002_20200714_163049(8),0,0.9754677952529042,0.9796827210465787,0.9765916386928917,0.97168107484088,0.9758558074583136,0.003304827837999027
1_002_20200714_163049(8),1,0.9816877698473244,0.9742520242815383,0.9890042931931478,0.9821788054479214,0.981780723192483,0.006028498449106381
1_002_20200714_163049(8),2,0.9760695714844935,0.9728684940226354,0.9842880567423347,0.9786699447407055,0.9779740167475421,0.004832000651282906
1_002_20200714_163053(5),0,0.982359114748557,0.9751542125750875,0.9795587075384526,0.9747625251141975,0.9779586399940736,0.003651682611488723
1_002_20200714_163053(5),1,0.9810059465103158,0.9727791015814128,0.9753679863597128,0.9809086387779073,0.9775154183073372,0.004112659009920254
1_002_20200714_163053(5),2,0.9531856876063026,0.9761716542006595,0.9469448532910735,0.9752452433441361,0.962886859610543,0.015027482818203361
1_002_20200714_163056(8),0,0.9809332313476297,0.9741655049182885,0.9732101207354144,0.9713896505195107,0.9749246268802108,0.004167940458236434
1_002_20200714_163056(8),1,0.9813006371002998,0.9793115823981572,0.9801964250671378,0.9642520977321977,0.9762651855744481,0.008049952983945832
1_002_20200714_163056(8),2,0.9750668470509575,0.973993772196518,0.9733025130904509,0.9731940925453701,0.973889306220824,0.0008612324074836461
1_002_20200714_163100(2),0,0.9720524892577075,0.9700964217849833,0.9789253473749974,0.9767583992037616,0.9744581644053625,0.004084885776225941
1_002_20200714_163100(2),1,0.9809322328304868,0.9866540196945058,0.9846219179227628,0.9833675410215855,0.9838939278673353,0.002394215043104683
1_002_20200714_163100(2),2,0.9761211513598758,0.9739336841381868,0.9789301102691418,0.9754625598932491,0.9761118764151133,0.002090347787763281
1_002_20200714_163103(5),0,0.9885271666527854,0.9785004491359598,0.9806848339936544,0.9853161231994068,0.9832571432454515,0.004518681920751928
1_002_20200714_163103(5),1,0.9804623911481596,0.9857606429278621,0.9788667663349377,0.9674785096630651,0.9781420775185061,0.00769552353698449
1_002_20200714_163103(5),2,0.9735928172961876,0.9809551875965997,0.9792821851069502,0.9817176142367295,0.9788869510591168,0.0036730694998609063
1_002_20200714_225756(0),0,0.9867137046705025,0.9769767891082983,0.9842510990061283,0.9772973493483427,0.9813097355333179,0.004923689982601001
1_002_20200714_225756(0),1,0.9797378413949579,0.9788697550130216,0.9796257305081584,0.974409183458237,0.9781606275935938,0.002530502237578291
1_002_20200714_225756(0),2,0.9665648793380484,0.9765624023208678,0.9845245930724755,0.9792533384662383,0.9767263032994076,0.007538360356036474
1_002_20200714_225759(8),0,0.969732619352104,0.96605611220226,0.9697592121184523,0.9683801834545687,0.9684820317818462,0.001740748667622222
1_002_20200714_225759(8),1,0.9757737689712622,0.9799346962286989,0.9710687198339484,0.9618790535425477,0.9721640596441143,0.007754437743752079
1_002_20200714_225759(8),2,0.9772531106515628,0.9790801083855584,0.9727720864570033,0.9807387517746177,0.9774610143171856,0.0034348360879992617
1_002_20200714_225803(3),0,0.9886400043599839,0.9890907279337003,0.98649066947997,0.9850352600616507,0.9873141654588262,0.0018960993693564827
1_002_20200714_225803(3),1,0.9810172390760589,0.9759809876015857,0.9829078430727813,0.9716678901729606,0.9778934899808467,0.005076655843468332
1_002_20200714_225803(3),2,0.9802432965812354,0.9810959791914744,0.9815848586662308,0.9802963060485439,0.9808051101218711,0.000649904774450045
1_002_20200714_225807(3),0,0.9811393364519584,0.9741778607915519,0.9794162262919175,0.9731726984091809,0.9769765304861522,0.0038979806593880833
1_002_20200714_225807(3),1,0.9563393223166949,0.9619224151471117,0.9675385543275727,0.9715377288199809,0.96433450515284,0.006630572853383714
1_002_20200714_225807(3),2,0.977436776676624,0.9763404394087318,0.9624886841837952,0.9703288378801955,0.9716486845373367,0.006859596102332037
1_002_20200714_225810(5),0,0.9823756963257599,0.9814392664173444,0.9879617121074283,0.9827075867079359,0.9836210653896171,0.0029431756143862894
1_002_20200714_225810(5),1,0.9803734777478095,0.9757434476199898,0.9764020943489014,0.9741741335210099,0.9766732883094276,0.002637885921740111
1_002_20200714_225810(5),2,0.9717484289687428,0.9688428963617085,0.9685039970256438,0.9728845175989326,0.970494959988757,0.002158272287767824
1_002_20200714_225817(4),0,0.9838136363537838,0.9820226312993335,0.9773639592648925,0.9690253767746296,0.9780564009231598,0.006605947214996371
1_002_20200714_225817(4),1,0.9758536160647606,0.9719514357783572,0.974705591033197,0.9662634438459164,0.9721935216805578,0.004279065787555776
1_002_20200714_225817(4),2,0.9819633944717214,0.9800306089277014,0.9723021105306909,0.9776596762129354,0.9779889475357623,0.004179838290826375
1_002_20200906_003059(0),0,0.9908265155424296,0.9903461463290555,0.9896109195934709,0.9950678320601257,0.9914628533812705,0.002454756642045662
1_002_20200906_003114(8),0,0.9871671660063025,0.9945435851252747,0.9892624835448044,0.9944180854155411,0.9913478300229808,0.0037177923737873844
1_002_20200906_003118(7),0,0.987938212349861,0.9929924161276468,0.991630429441331,0.9959077808669947,0.9921172096964583,0.0033083424820567636
1_002_20200906_003122(7),0,0.9926896543628841,0.9928423224173677,0.9957631694618972,0.9914757887729817,0.9931927337537827,0.0018194245221024399
1_002_20200906_003126(8),0,0.9927451153161042,0.9916709567134298,0.9910671689693175,0.989047152782105,0.991132598445239,0.001553855947201257
1_002_20200906_003132(7),0,0.9896909384452708,0.9912792494004724,0.9933003934013969,0.9928814830467871,0.9917880160734818,0.0016471726594389179
2_002_20200625_003352(9),0,0.9912955179888466,0.9939194705108823,0.9927591608127982,0.9963300434352093,0.993576048186934,0.0021268561843340145
2_002_20200625_003352(9),1,0.99101575297289,0.979916944557412,0.991595457497039,0.9917090793666615,0.9885593085985006,0.00576957049843483
2_002_20200625_003352(9),2,0.9910733960987964,0.9880080698957521,0.995627287633737,0.9918406502785955,0.9916373509767202,0.003133190674172066
2_002_20200625_003357(4),0,0.990081537786051,0.9930194901277559,0.9933486979375713,0.9928432828760099,0.992323252181847,0.0015090837872085321
2_002_20200625_003357(4),1,0.9909479760701432,0.9926634723038168,0.9903522322108137,0.9933049191445426,0.9918171499323291,0.001394174297903944
2_002_20200625_003357(4),2,0.9934506374746388,0.9950067323872127,0.9920177720785462,0.9803533395553135,0.9902071203739278,0.006681619930261504
2_002_20200625_003401(8),0,0.9927538419235069,0.9938539583043159,0.9922205243782445,0.9892479940779911,0.9920190796710147,0.001968599375238338
2_002_20200625_003401(8),1,0.9865637898897653,0.985526703449876,0.9879584332745642,0.9923463356655045,0.9880988155699275,0.0030018438082870824
2_002_20200625_003401(8),2,0.9886409510497383,0.9908613980513108,0.9877124135750553,0.9940036657654057,0.9903046071103775,0.002797634113431787
2_002_20200625_003406(3),0,0.9909792803627198,0.9879306969724652,0.9933493919893704,0.9925888235106396,0.9912120482087988,0.002400360769722174
2_002_20200625_003406(3),1,0.9905619670408441,0.9931063992375413,0.991755763606268,0.9932508345298083,0.9921687411036155,0.0012652275501844514
2_002_20200625_003406(3),2,0.9891599241489881,0.9917690830643734,0.9893731056872578,0.993648060291997,0.9909875432981541,0.0021319596333408027
2_002_20200625_003410(8),0,0.9896432777816435,0.990158009736607,0.9938506740860842,0.9907985845707075,0.9911126365437606,0.0018855419855396635
2_002_20200625_003410(8),1,0.9910770296013838,0.9935081337624037,0.9912699343737766,0.9838370601391973,0.9899230394691902,0.004204674565509764
2_002_20200625_003410(8),2,0.9907879553948412,0.9925799744833754,0.987253028044299,0.9893257596463706,0.9899866793922216,0.0022566115649081168
2_002_20200625_003415(4),0,0.9915492846912795,0.9945010089790142,0.9923775846803647,0.9887142952836628,0.9917855434085803,0.0023953183057802254
2_002_20200625_003415(4),1,0.9940309119713034,0.9933625831614991,0.9923387277749244,0.9928271885063139,0.9931398528535101,0.0007264423645516341
2_002_20200625_003415(4),2,0.9867871192979975,0.9884920500797516,0.9932698625899924,0.9908239501415999,0.9898432455273354,0.0028207045633877946
2_002_20200906_003114(0),0,0.986326494712387,0.989630237262487,0.9891306555725387,0.9946523115765806,0.9899349247809983,0.0034647842252587525
2_002_20200906_003117(3),0,0.9891546504281572,0.991144286306267,0.9874934763432858,0.9922146124804047,0.9900017563895287,0.002098504546078829
2_002_20200906_003120(8),0,0.9877660584303539,0.9899246787297162,0.9869618327458445,0.9906148080968756,0.9888168445006975,0.0017325501193749357
2_002_20200906_003124(0),0,0.9916118879616953,0.9937012550162002,0.9870487903506213,0.9933791683430017,0.9914352754178797,0.0030651713644459203
2_002_20200906_003127(3),0,0.9908953568755635,0.9919879287883301,0.9852125904466341,0.9891469221191268,0.9893106995574136,0.0029720933421852323
2_002_20200906_003130(7),0,0.987533980082205,0.9902147179030403,0.9930823225385347,0.9942218173038778,0.9912632094569145,0.0030038319451203203
3_001_20200625_003507(0),0,0.9883327457651884,0.9821384070507575,0.9847317716388446,0.9622076257460216,0.9793526375502031,0.011708819589981073
3_001_20200625_003507(0),1,0.9856892031174501,0.9851328359997754,0.9854969970891816,0.9818979150978104,0.9845542378260544,0.0017858487733758274
3_001_20200625_003507(0),2,0.9849315462806084,0.986024018205845,0.9880202909667128,0.9714511643731553,0.9826067549565803,0.0075462113278354104
3_001_20200625_003511(4),0,0.9823094661414989,0.980669511296527,0.984145147765577,0.9863790123682505,0.9833757843929634,0.0024544006027655925
3_001_20200625_003511(4),1,0.9888091749976889,0.9843515113577466,0.9825840373779523,0.9795874404081092,0.9838330410353743,0.0038564169686627287
3_001_20200625_003511(4),2,0.9862954445295216,0.9907736889170274,0.9936252224496198,0.9878706285802733,0.9896412461191105,0.0032395456902857126
3_001_20200625_003515(9),0,0.9721953670104613,0.9832818278584817,0.9820610207440847,0.9891071670790993,0.9816613456730318,0.0070197509720092656
3_001_20200625_003515(9),1,0.9823514882827596,0.9806098845389132,0.9834507326489795,0.9754544748476863,0.9804666450795847,0.003540234478986218
3_001_20200625_003515(9),2,0.9813023503356885,0.9749950400160134,0.9825824553975996,0.9844912533795651,0.9808427747822166,0.004112788847163584
3_001_20200625_003520(4),0,0.9872422710640403,0.979091920951894,0.9822555692225581,0.9724399739854969,0.9802574338059973,0.006198160881059223
3_001_20200625_003520(4),1,0.9855276817232852,0.9787430433286479,0.990213273490911,0.9867165950097466,0.9853001483881477,0.004802517308216551
3_001_20200625_003520(4),2,0.9888815134829693,0.9863040636170192,0.9850280389944036,0.9882962172222022,0.9871274583291485,0.0017821566736027515
3_001_20200625_003524(9),0,0.983215572295339,0.9742875175181727,0.9811705386487898,0.9749172369790532,0.9783977163603387,0.004468696696631091
3_001_20200625_003524(9),1,0.9851591900720341,0.978099766538949,0.981252979217854,0.9818302520160346,0.9815855469612179,0.0028920622459608354
3_001_20200625_003524(9),2,0.9814132917950338,0.9857223087842111,0.9824533415323865,0.9906202389877387,0.9850522952748425,0.0041411681996832
3_001_20200625_003529(2),0,0.9790525195501182,0.9753999347483454,0.9791490460044397,0.9728963810686959,0.9766244703428999,0.003036831807562964
3_001_20200625_003529(2),1,0.9848375038684731,0.9843890694191807,0.9835568148071503,0.9852053649197403,0.9844971882536361,0.00071023958618107
3_001_20200625_003529(2),2,0.9892111821008859,0.9806375649458713,0.9922912762758562,0.9821953862376706,0.986083852390071,0.0055705929774478476
3_001_20200625_043323(7),0,0.9883772388414531,0.9823984652062969,0.9739748051331251,0.967052428969207,0.9779507345375206,0.009364389622233262
3_001_20200625_043323(7),1,0.9908315425844281,0.9826427009256697,0.9887467955223995,0.9844230911948967,0.9866610325568484,0.0037814869948329605
3_001_20200625_043323(7),2,0.985815856851381,0.9874103608062759,0.9802359618803002,0.976829122513513,0.9825728255128675,0.004911552903090232
3_001_20200625_043328(3),0,0.9823453394094118,0.9827529266640698,0.9907244385773945,0.9703331587369054,0.9815389658469454,0.008407674301037995
3_001_20200625_043328(3),1,0.9666325722987512,0.9673729863802992,0.978877845440235,0.9791770523940241,0.9730151141283274,0.006950097058248863
3_001_20200625_043328(3),2,0.9895035618578442,0.985479709966581,0.9898978933619004,0.9836418629499033,0.9871307570340573,0.0030651582089739953
3_001_20200625_043337(3),0,0.9922914765066204,0.987155872956487,0.9812433621152642,0.986585689552976,0.9868191002828368,0.004516770750971311
3_001_20200625_043337(3),1,0.9888424620604647,0.9831547820053965,0.9937182348469771,0.9865847877675864,0.9880750666701063,0.004429611538523608
3_001_20200625_043337(3),2,0.9819500262083887,0.9839877915408857,0.9813950902645013,0.9900243773978747,0.9843393213529126,0.003950555380058071
3_001_20200625_043341(7),0,0.9837921811612176,0.9753567851962881,0.9784927247204469,0.9762958291345722,0.9784843800531311,0.00377467115336565
3_001_20200625_043341(7),1,0.9924202124516435,0.9883289453467939,0.9883072537263806,0.9904302125728863,0.9898716560244261,0.001969300727462163
3_001_20200625_043341(7),2,0.9606024387496526,0.984333014662038,0.9694250509382205,0.9865258475400553,0.9752215879724916,0.012357504417413023
3_001_20200625_043346(2),0,0.9846825124117708,0.9820571926154518,0.9849990308735683,0.9784370419207695,0.9825439444553901,0.0030388867483196317
3_001_20200625_043346(2),1,0.0,0.9611080511970417,0.0,0.0,0.24027701279926042,0.4805540255985208
3_001_20200625_043346(2),2,0.9883293169186825,0.9910666941421081,0.9823860626952411,0.9727607268265601,0.9836357001456479,0.008105067316929377
3_001_20200625_043359(8),0,0.9920355344805816,0.9826847134306947,0.9828534767168925,0.9783212974427881,0.9839737555177392,0.0057694371888601225
3_001_20200625_043359(8),1,0.9830827721242533,0.9851428730130427,0.9815493216429827,0.9910082128545334,0.985195794908703,0.004145223583405702
3_001_20200625_043359(8),2,0.9912568346497872,0.983206554682596,0.9874811969872229,0.9884417546370323,0.9875965852391596,0.003336536117759826
3_001_20200727_204954(7),0,0.9787936222017758,0.9881900147376986,0.9749965457219913,0.9773416625107749,0.9798304612930602,0.005788437561838495
3_001_20200727_204958(2),0,0.0,0.9606329062856084,0.0,0.9780308156151069,0.4846659304751788,0.5596890804360346
3_001_20200728_014351(3),0,0.9621440873355314,0.9728240965077258,0.958331694692225,0.9637797045535254,0.9642698957722519,0.006142636003925462
3_001_20200728_014355(2),0,0.9745215457879398,0.9703882313990979,0.9793357135135575,0.9564226493910089,0.970167035022901,0.009865486869264192
3_001_20200728_043138(3),0,0.9771887637569747,0.973946423083917,0.9509162685841902,0.9390452113148526,0.9602741666849837,0.018360038054770208
3_001_20200728_043141(5),0,0.9606131036703218,0.9762413399811918,0.9723980756811224,0.9804451883800064,0.9724244269281606,0.008532476995011449
3_001_20200728_083108(2),0,0.9485387968415512,0.9409983629987071,0.9652551381122231,0.9571994672091343,0.9529979412904038,0.010516107365511135
3_001_20200728_083116(1),0,0.9805891377223434,0.9798715472526369,0.9861557403121515,0.9847149416843901,0.9828328417428804,0.003076113775594953
3_001_20200728_123129(2),0,0.9538228141484248,0.947638053509718,0.951512091156003,0.943558947097796,0.9491329764779854,0.0045077474876964166
3_001_20200728_123132(4),0,0.9487128865119899,0.9253249775165745,0.9366049986807379,0.9416571469607502,0.9380750024175131,0.009844124872173825
3_001_20200728_163910(5),0,0.9721617594380718,0.9632048334670986,0.9775692664039348,0.9812085227004458,0.9735360955023877,0.00782637381955127
3_001_20200728_163913(6),0,0.8088175273074822,0.817051508138301,0.9068398512321119,0.7544995910243109,0.8218021194255515,0.06311950068475793
3_001_20200810_085043(8),0,0.98255110313613,0.9531040497267103,0.9466019976279417,0.9301025429826321,0.9530899233683535,0.02189729169154787
3_001_20200810_123047(8),0,0.9514589806648809,0.9329250003240386,0.9805066375559642,0.9513536779761115,0.9540610741302488,0.019665556396765146
3_001_20200810_123051(3),0,0.9655014211415514,0.9701770760049729,0.9617876747787777,0.9554598315555087,0.9632315008702027,0.006214955878369896
3_001_20200810_163112(8),0,0.9941528567799486,0.9895993489922154,0.988950911885322,0.985470166573369,0.9895433210577138,0.003568029091103127
3_001_20200810_163116(0),0,0.9809335099957242,0.9799458085223938,0.9768493032224288,0.9761978313476837,0.9784816132720576,0.002311980482245327
3_001_20200810_203208(7),0,0.9845496830663288,0.974786313306459,0.9739437878796475,0.9546264323281946,0.9719765541451575,0.012528302000437282
3_001_20200810_203212(6),0,0.9665083485393101,0.978520783539617,0.9747747972186952,0.9777299745119851,0.9743834759524018,0.0054920284894382195
3_001_20200826_023328(3),0,0.9132599537689216,0.9199017510697021,0.0,0.9390146941169755,0.6930440997388998,0.4621583688935737
3_001_20200826_023332(5),0,0.98335150357551,0.9816872647996013,0.9845132749799094,0.9859815309557749,0.9838833935776989,0.0018170323444696873
3_001_20200826_043252(8),0,0.9797412264636822,0.9744564932046816,0.9852374300266237,0.9720700861313898,0.9778763089565943,0.0058614953720255054
3_001_20200826_043255(8),0,0.8794863447764586,0.8553525979999254,0.9505842342490971,0.9141645536224994,0.8998969326619951,0.041527329950183135
3_001_20200826_123711(3),0,0.9489156619103826,0.9464979523184875,0.9735827190978368,0.95444493768954,0.9558603177540617,0.012274213368593342
3_001_20200826_123714(5),0,0.9866908649503354,0.9841108328117361,0.974417980568225,0.9796866650377832,0.9812265858420199,0.005382245151531667
3_001_20200922_163332(2),0,0.9800170119649769,0.9775273876519447,0.9828872909703658,0.9891799789508235,0.9824029173845278,0.005020840437229762
3_001_20200922_163335(3),0,0.9705365670835664,0.9864815709013414,0.9698301185904489,0.9803117942263543,0.9767900127004278,0.008038966633077797
