image_id,obj,id,h,v,hv,mean,std
1_002_20200623_003346(4),0,0.9786279433619083,0.9740533732424298,0.9768570925455402,0.9780366556153087,0.9768937661912968,0.002031644961999579
1_002_20200623_003346(4),1,0.9794365836926104,0.9721238275009266,0.9814387222863207,0.9746186183406885,0.9769044379551366,0.004283717390947787
1_002_20200623_003346(4),2,0.9692360447112716,0.9766875584196322,0.977033928172469,0.9792427544410474,0.975550071436105,0.004358843451675673
1_002_20200623_003350(4),0,0.9754290629572787,0.9803806626627359,0.9778802275665137,0.9787695429766425,0.9781148740407927,0.002068093295696329
1_002_20200623_003350(4),1,0.9740031891801044,0.9731217272706322,0.9777582926137623,0.9803587621034632,0.9763104927919906,0.0033653372416327125
1_002_20200623_003350(4),2,0.979521846220944,0.9787152434069132,0.9749259156819894,0.9730971951242434,0.9765650501085225,0.003059343847467414
1_002_20200623_003354(3),0,0.9790667329475343,0.9733328549936555,0.9863112001239175,0.9770138263341772,0.9789311535998211,0.005462006944482662
1_002_20200623_003354(3),1,0.977544193572422,0.9756262044890399,0.9794583117595468,0.978373096918056,0.9777504516847662,0.001618583915961398
1_002_20200623_003354(3),2,0.9770039030118398,0.9821457432202088,0.9756669009954638,0.9792689061737022,0.9785213633503036,0.0028369931810631565
1_002_20200623_003358(2),0,0.977649267168177,0.9726924262767148,0.9747685093097351,0.9820043693778648,0.9767786430331229,0.0040333611781788
1_002_20200623_003358(2),1,0.9776164429369602,0.97901210540121,0.9843465929712,0.9856507962945449,0.9816564844009787,0.003937253143502849
1_002_20200623_003358(2),2,0.9770190612973079,0.9784070662597593,0.9667528587232738,0.9723337488855396,0.9736281837914702,0.0052688210074101115
1_002_20200623_003402(2),0,0.9802880745608296,0.9732028122227271,0.9769702464194308,0.9725881580017771,0.9757623228011911,0.003585522975916707
1_002_20200623_003402(2),1,0.9752331703601759,0.9829874989342297,0.9813246471057655,0.9730115753377687,0.9781392229344849,0.004774607095927267
1_002_20200623_003402(2),2,0.9708662152799494,0.9763683289985366,0.9771340502468078,0.9788871223522738,0.975813929219392,0.0034628729835541284
1_002_20200623_003410(2),0,0.9768329736881776,0.9715329812115756,0.9756300727599982,0.9763211140961462,0.9750792854389745,0.0024150363168721034
1_002_20200623_003410(2),1,0.9773389025750193,0.967728835545416,0.9799354111004611,0.9756834863711991,0.9751716588980238,0.005261427785374247
1_002_20200623_003410(2),2,0.9729984120731106,0.9702531591418753,0.9784953024982741,0.9701759233679339,0.9729806992702984,0.003903733491587532
1_002_20200623_043039(3),0,0.9734948314118294,0.9732446952512986,0.9819805575127166,0.9761981385706825,0.9762295556866318,0.004060505621898853
1_002_20200623_043039(3),1,0.9743777360546052,0.9821789916754087,0.9811653098675185,0.9860400318127877,0.98094051735258,0.004853160359257084
1_002_20200623_043039(3),2,0.9668644312551188,0.9755936234869803,0.9790338309893867,0.981849840850751,0.9758354316455593,0.006504874983193485
1_002_20200623_043043(2),0,0.9860345644120216,0.9852264192045982,0.9820106897159295,0.980254171698907,0.9833814612578641,0.002714269746945909
1_002_20200623_043043(2),1,0.9763907409127182,0.978117919077503,0.9703324599424774,0.97994195559175,0.9761957688811121,0.004169131886113613
1_002_20200623_043043(2),2,0.9779346325922675,0.9765074287072757,0.9818260785480628,0.9756451015079975,0.9779783103389009,0.002733409602178558
1_002_20200623_043047(2),0,0.9811884883392203,0.9779272458152157,0.9828509578711143,0.9825781104889885,0.9811362006286347,0.0022597655811510474
1_002_20200623_043047(2),1,0.9793378877627485,0.9726621817789006,0.979898979794793,0.9745037643057473,0.9766007034105473,0.0035721100924148807
1_002_20200623_043047(2),2,0.9801697815177156,0.9822007082527028,0.9766105705120006,0.9742784779654446,0.9783148845619659,0.0035467136462407423
1_002_20200623_043051(3),0,0.9808359485210555,0.981240350813917,0.9805300121080298,0.9820708496101691,0.9811692902632929,0.0006677454941091707
1_002_20200623_043051(3),1,0.9797826107145118,0.9816929863644847,0.9759998944705837,0.9808487660109455,0.9795810643901315,0.002512149195324968
1_002_20200623_043051(3),2,0.9781062043159594,0.9736143116868344,0.9761182981252601,0.9696922257053942,0.974382759958362,0.003627108809008549
1_002_20200623_043055(3),0,0.9825144663344937,0.9825109514612024,0.981274827984609,0.9815425002799875,0.9819606865150731,0.0006467212821511476
1_002_20200623_043055(3),1,0.9800319400325871,0.9772873265771846,0.9675028179204876,0.965417909886801,0.972559998604265,0.007182433343195097
1_002_20200623_043055(3),2,0.9770772539973248,0.9778181693671623,0.9806794266116102,0.9732193035037546,0.9771985383699631,0.0030740605905448396
1_002_20200623_043059(4),0,0.9810775516294612,0.9786279898711331,0.9796198175273338,0.9834325481506377,0.9806894767946415,0.0020871784642942193
1_002_20200623_043059(4),1,0.9736883321082963,0.9738763451688631,0.9789640998566341,0.9741373908782259,0.9751665420030049,0.002538392539445565
1_002_20200623_043059(4),2,0.9813220255718088,0.9777849794791574,0.981573925968687,0.9769888453806792,0.9794174441000831,0.002369309119449687
1_002_20200623_082258(6),0,0.9819116048457679,0.9757469406547157,0.9812963717580461,0.9750564109174481,0.9785028320439944,0.003600756961117105
1_002_20200623_082258(6),1,0.9733809782392301,0.9813545144782104,0.9808396161934155,0.9840640565913488,0.9799097913755512,0.004576575120016367
1_002_20200623_082258(6),2,0.9711280844718386,0.9710150603459068,0.9757039230534396,0.9666375340567215,0.9711211504819767,0.00370206806563383
1_002_20200623_082302(6),0,0.9806558110155359,0.9812403168829537,0.9729278312314105,0.9733615771462253,0.9770463840690312,0.004515060533535953
1_002_20200623_082302(6),1,0.973021014133844,0.9756976534730537,0.9708778556570518,0.9756989605848321,0.9738238709621954,0.0023345668588904767
1_002_20200623_082302(6),2,0.9756880119247233,0.9780459790562818,0.981607138525943,0.9873657936022594,0.9806767307773019,0.005079940631630881
1_002_20200623_082306(5),0,0.9798910092227,0.979141587494007,0.9868339124483897,0.9837410421060483,0.9824018878177863,0.003576322415300543
1_002_20200623_082306(5),1,0.9774749154023014,0.9834802530336373,0.9672903221707196,0.975955271981524,0.9760501906470456,0.0066828131045859425
1_002_20200623_082306(5),2,0.9746355818595371,0.9756018895236432,0.9790070273569106,0.9776435698829428,0.9767220171557585,0.001973020459929084
1_002_20200623_082310(6),0,0.9740236770560022,0.979298444294183,0.9836264084236378,0.9803485195956577,0.9793242623423702,0.003985575440474939
1_002_20200623_082310(6),1,0.9728458105353449,0.9773350890022555,0.9781245030991952,0.9724034186709702,0.9751772053269415,0.0029705398051334143
1_002_20200623_082310(6),2,0.9762528129462602,0.97863599767789,0.974670547120244,0.977206699468028,0.9766915143031056,0.0016656528833734051
1_002_20200623_082314(4),0,0.9805291066320191,0.9836337386512536,0.9824241703993281,0.9782787138824358,0.9812164323912591,0.0023384187953359053
1_002_20200623_082314(4),1,0.9792675317892869,0.0,0.9737729401702505,0.0,0.48826011798988433,0.563798683499265
1_002_20200623_082314(4),2,0.9827808280730886,0.979091018933243,0.9764233858277954,0.97533005220474,0.9784063212597168,0.003316654187086032
1_002_20200623_082318(5),0,0.9839674828139933,0.9765645552125792,0.9832668194649721,0.9769686461032814,0.9801918758987065,0.003968927276926867
1_002_20200623_082318(5),1,0.0,0.0,0.0,0.9805667981406699,0.24514169953516748,0.49028339907033497
1_002_20200623_082318(5),2,0.0,0.0,0.0,0.0,0.0,0.0
1_002_20200623_123032(7),0,0.9797538691864873,0.9715507839875517,0.9748354074918685,0.9696894274485365,0.973957372028611,0.004411248595502309
1_002_20200623_123032(7),1,0.9728315433786575,0.9762121148760241,0.9687273588497854,0.9704011775449756,0.9720430486623606,0.0032502500781148385
1_002_20200623_123032(7),2,0.9758655291871691,0.967771108397021,0.978141779367236,0.9709864599985134,0.9731912192374849,0.004686809295956966
1_002_20200623_123036(5),0,0.9745173898871441,0.9773769836266815,0.9757752958371481,0.9807188332070337,0.9770971256395018,0.0026831173894116185
1_002_20200623_123036(5),1,0.9783042344191171,0.9781701546405756,0.9811801749497119,0.9759385494555023,0.9783982783662266,0.0021486507094494543
1_002_20200623_123036(5),2,0.9676649772924472,0.9640600245074357,0.9738723152625255,0.9808957493392636,0.9716232666004181,0.007391613293216693
1_002_20200623_123040(5),0,0.9736950151195597,0.9709122646224099,0.9757615187976174,0.9705941913571795,0.9727407474741917,0.00244858726821338
1_002_20200623_123040(5),1,0.9723819216413576,0.9727833972285497,0.9776226740508507,0.980374079417081,0.9757905180844597,0.0038741508974681734
1_002_20200623_123040(5),2,0.9757755199720837,0.9793699318861459,0.9787750878010596,0.97895138696686,0.9782179816565373,0.0016473067936274351
1_002_20200623_123044(3),0,0.9797142832756985,0.9776159332378361,0.9794670002227613,0.9776741864401063,0.9786178507941006,0.0011280603029756207
1_002_20200623_123044(3),1,0.9739315317821308,0.9718923613752896,0.9674031703969711,0.9699526611916008,0.9707949311864981,0.0027842459370220327
1_002_20200623_123044(3),2,0.9763630662933288,0.9839823600833603,0.983787851140103,0.9846833486912177,0.9822041565520024,0.003913005043885966
1_002_20200623_123048(4),0,0.9840467636716974,0.9787094740373518,0.9777179169398849,0.975721887889616,0.9790490106346375,0.0035559516637597675
1_002_20200623_123048(4),1,0.9755540162355696,0.9727494698245224,0.9790786082023206,0.977873504776835,0.976313899759812,0.002790374187285379
1_002_20200623_123048(4),2,0.9804941797043165,0.9790280409053046,0.974338972962362,0.9744514544399427,0.9770781620029815,0.00315562745432841
1_002_20200623_123052(5),0,0.9816982732915565,0.9761380020623909,0.9787098729204763,0.9756874398799736,0.9780583970385993,0.0027678195192963506
1_002_20200623_123052(5),1,0.9752806277863341,0.9723212034358493,0.9778361354409234,0.9775924491222155,0.9757576039463305,0.002564066088534891
1_002_20200623_123052(5),2,0.9807291384832462,0.9792559789345556,0.9784170819037352,0.9786059084380974,0.9792520269399085,0.001048248771608493
1_002_20200623_163039(5),0,0.9759569741595887,0.973979670679853,0.9793188314685688,0.9732888517390977,0.975636082011777,0.0027030109005536517
1_002_20200623_163039(5),1,0.975275467232801,0.980164330545924,0.9777013682253237,0.9788896580077594,0.9780077060029521,0.0020806922156861984
1_002_20200623_163039(5),2,0.9716763459313711,0.9774172734787931,0.9777352614967932,0.9780885952929917,0.9762293690499874,0.0030477079220650313
1_002_20200623_163043(7),0,0.978003141663972,0.9744417991094355,0.9777730502790999,0.9749775753705003,0.976298891605752,0.0018504306875755656
1_002_20200623_163043(7),1,0.9686548572737074,0.9652917739818724,0.9789055861630974,0.9761278542610489,0.9722450179199316,0.006342356084338175
1_002_20200623_163043(7),2,0.9783525917496662,0.9752325593704517,0.9758769369493949,0.9771091253026688,0.9766428033430453,0.001380358885773519
1_002_20200623_163047(6),0,0.9739939125455805,0.9774682583390528,0.9724172828162704,0.9816129111026161,0.97637309120088,0.0040810135470143215
1_002_20200623_163047(6),1,0.9754539163356866,0.9609254317760482,0.9789493719024647,0.9785078104613095,0.9734591326188772,0.008499111605379611
1_002_20200623_163047(6),2,0.9760529833293667,0.9789971626088187,0.974717160832957,0.9823144332320644,0.9780204350008017,0.003375149573857519
1_002_20200623_163051(7),0,0.9786498225887458,0.9760864947089387,0.9754864908948967,0.9779644566328781,0.9770468162063649,0.0015020570195959512
1_002_20200623_163051(7),1,0.9802206239143252,0.9785388849309178,0.9834681411740144,0.9776750695288259,0.9799756798870208,0.0025569820220837
1_002_20200623_163051(7),2,0.9749185262928493,0.9771213606315061,0.9805762825357236,0.9728030920623391,0.9763548153806045,0.003320945720551323
1_002_20200623_163055(6),0,0.9832712409278124,0.9795100784256482,0.979973119004092,0.9747730236790622,0.9793818655091537,0.0034992705625268385
1_002_20200623_163055(6),1,0.9780153138329344,0.9777552004549541,0.9784543980072163,0.9739489008399785,0.9770434532837708,0.0020831159995471117
1_002_20200623_163055(6),2,0.9738632624418438,0.9697205588934111,0.9820981019798251,0.9821868245138927,0.9769671869572432,0.006210713079954613
1_002_20200623_163059(6),0,0.9774941828950485,0.9706621730014668,0.980418669732206,0.976089552332992,0.9761661444904284,0.00408848894034558
1_002_20200623_163059(6),1,0.976299435823177,0.9776381886826311,0.9686645118789982,0.9806153072868445,0.9758043609179128,0.005090208662903773
1_002_20200623_163059(6),2,0.9788424961004415,0.9748091904662065,0.978574120838168,0.9757463900249994,0.9769930493574538,0.0020202012631048228
1_002_20200623_203040(4),0,0.982315166099439,0.9809007919738824,0.9808799711296213,0.9866336093764017,0.9826823846448361,0.002718442768966808
1_002_20200623_203040(4),1,0.0,0.0,0.0,0.0,0.0,0.0
1_002_20200623_203040(4),2,0.9791210942857698,0.9764356578369983,0.979552335298663,0.9775013363496794,0.9781526059427776,0.001445599624270465
1_002_20200623_203044(0),0,0.97819492703241,0.9775959040696879,0.9721502252842738,0.9810650890460736,0.9772515363581114,0.0037226842403948342
1_002_20200623_203044(0),1,0.9784985257365455,0.9742945458233814,0.9841116964895017,0.979835500621094,0.9791850671676307,0.004044884765876446
1_002_20200623_203044(0),2,0.9755699816848804,0.9794468346448391,0.9712177094887292,0.9766767498495089,0.9757278189169895,0.003420406776267349
1_002_20200623_203047(7),0,0.98316174098071,0.9759794386640486,0.9814654681033939,0.9755262609253469,0.9790332271683748,0.0038550771165445762
1_002_20200623_203047(7),1,0.9774865835617567,0.9795376764331633,0.9824348305541366,0.9689452509173425,0.9771010853665998,0.005803793534502237
1_002_20200623_203047(7),2,0.980678959001028,0.9803735803576688,0.9777343418097121,0.9675017101973757,0.9765721478414462,0.006189785159187771
1_002_20200623_203051(2),0,0.9802505311600469,0.977310352553802,0.9804608933177098,0.9730691188701636,0.9777727239754306,0.00344980536527009
1_002_20200623_203051(2),1,0.9736646443040984,0.9738059058217182,0.9718076601886176,0.9773674362132929,0.9741614116319317,0.002323209104686417
1_002_20200623_203051(2),2,0.9743251913555233,0.975468654930161,0.9775479334145762,0.9778103722014799,0.9762880379754351,0.001676205381363707
1_002_20200623_203054(7),0,0.9735319758132317,0.970713767430036,0.9745253638397484,0.9658009677937336,0.9711430187191874,0.003910206272101577
1_002_20200623_203054(7),1,0.9830989789627287,0.9835151865853328,0.981723742424121,0.9814104408636056,0.982437087208947,0.0010268499500136119
1_002_20200623_203054(7),2,0.981214958492808,0.9725753310629083,0.9770221685334947,0.9714986389594769,0.975577774262172,0.004454141550050551
1_002_20200623_203058(3),0,0.9776259621881108,0.973134394152303,0.9789110226278265,0.9714064863119806,0.9752694663200552,0.0035728211459632535
1_002_20200623_203058(3),1,0.9736508100092066,0.9780094277431888,0.9771229923006635,0.9750310731514168,0.975953575801119,0.001978872034622111
1_002_20200623_203058(3),2,0.9782593686277479,0.9797899859917495,0.9645305438524314,0.9754523217486931,0.9745080550551555,0.0068899326878152055
2_002_20200623_003351(2),0,0.9791424559206974,0.9771252686797259,0.9824015869923464,0.9833910924025654,0.9805151009988337,0.0028985785953496513
2_002_20200623_003351(2),1,0.982791858710208,0.9834121603160388,0.9794094504532891,0.9803997295390826,0.9815032997546547,0.0019066729261789622
2_002_20200623_003351(2),2,0.9827731677254948,0.9844356139405687,0.9855389833883892,0.9774115043788159,0.9825398173583171,0.0036029195553420293
2_002_20200623_003355(7),0,0.9840902791394724,0.9813828129308205,0.976963059088917,0.9757397001587268,0.9795439628294842,0.0038808865083398035
2_002_20200623_003355(7),1,0.976383671989516,0.9793793632288889,0.9821757006835695,0.9826604243081175,0.980149790052523,0.002897401192185522
2_002_20200623_003355(7),2,0.9803559149059613,0.973697170309183,0.9863642524412578,0.9790104066956071,0.9798569360880023,0.005204276204693611
2_002_20200623_003400(2),0,0.9793289879041265,0.9816373260511603,0.9766091506005186,0.9799290696843695,0.9793761335600437,0.0020878335861717868
2_002_20200623_003400(2),1,0.9771609072038261,0.9854052990894547,0.9756734830039083,0.97745862287984,0.9789245780442574,0.004390479229898704
2_002_20200623_003400(2),2,0.9833674453948332,0.9758508242902981,0.9836348121226973,0.9835554941738087,0.9816021439954095,0.003835852100744319
2_002_20200623_003404(7),0,0.977703430108172,0.9805551968516958,0.9779502664925062,0.9847509567163423,0.980239962542179,0.0032723664168248148
2_002_20200623_003404(7),1,0.9798395162788233,0.9836729704181049,0.9821302470806926,0.9848102135293365,0.9826132368267393,0.0021507011793940847
2_002_20200623_003404(7),2,0.9802444185635234,0.9828162687510311,0.9855909829453543,0.9823965792759544,0.9827620623839658,0.002196803600820257
2_002_20200623_003409(2),0,0.9773258976401514,0.9757876108085298,0.983157299821986,0.9835998109272786,0.9799676547994864,0.003992411224704691
2_002_20200623_003409(2),1,0.9822445194039309,0.9825385886896396,0.9813682453296748,0.9737260089647491,0.9799693405969986,0.0041918014697901185
2_002_20200623_003409(2),2,0.9799622374745073,0.984166499253408,0.9766487157345972,0.9751913695570482,0.9789922055048902,0.003985497711449424
2_002_20200623_003413(7),0,0.9781904347634138,0.9757468182933517,0.9867469194892342,0.9845663143610033,0.9813126217267507,0.005191156814647676
2_002_20200623_003413(7),1,0.985099911339824,0.9845651488017281,0.9818748819838116,0.9841522890946159,0.9839230578049949,0.001419487732616582
2_002_20200623_003413(7),2,0.9832241632846472,0.9810455214737338,0.98640676277482,0.971264063343528,0.9804851277191822,0.006529679597579555
2_002_20200623_043056(0),0,0.9880764048835107,0.9838486109124375,0.9843295068730943,0.9785543867598736,0.9837022273572291,0.003917848031061084
2_002_20200623_043056(0),1,0.9886435499447557,0.9771328977448447,0.9807167751471104,0.9812905894943198,0.9819459530827577,0.004829205774665587
2_002_20200623_043056(0),2,0.9837740575734671,0.9788631473472981,0.9810369674363769,0.9823243821564007,0.9814996386283856,0.0020831334036265315
2_002_20200623_043100(6),0,0.983186978991274,0.9793652241356455,0.980462254864545,0.9760279105869557,0.9797605921446051,0.0029620761226378588
2_002_20200623_043100(6),1,0.9787793174624766,0.9775370885576642,0.9791915942398495,0.9805718145825236,0.9790199537106284,0.001250936649447238
2_002_20200623_043100(6),2,0.981278707817355,0.9750902793852088,0.9807317228415073,0.9765838994256735,0.9784211523674362,0.003053662951318123
2_002_20200623_043105(0),0,0.9843607082313256,0.9814973966180004,0.9776079693003131,0.9766973731172257,0.9800408618167162,0.00355342320179459
2_002_20200623_043105(0),1,0.978517008280599,0.9795429512384946,0.9762190706204064,0.9838222658769304,0.9795253240041075,0.0031839196081413605
2_002_20200623_043105(0),2,0.978010158819353,0.9822401506217153,0.9798272355080895,0.9771959594947136,0.9793183761109678,0.002236946501574912
2_002_20200623_043109(4),0,0.9784071224841009,0.9756585591753729,0.9808282241381243,0.9791478761487478,0.9785104454865865,0.002154247502146852
2_002_20200623_043109(4),1,0.9825767242345435,0.9848503633760468,0.9847593577905613,0.9845130915101775,0.9841748842278323,0.0010749234011751916
2_002_20200623_043109(4),2,0.9801237325705768,0.9853787395344641,0.984135317835664,0.9827330127203289,0.9830927006652584,0.002255154927457572
2_002_20200623_043115(4),0,0.9824173342106136,0.9809422916996485,0.9828133784862022,0.9814849677115969,0.9819144930270154,0.0008545001935204021
2_002_20200623_043115(4),1,0.983344603946365,0.9808678648848312,0.981404573582299,0.9800830317404566,0.981425018538488,0.0013900329605494406
2_002_20200623_043115(4),2,0.984559973600967,0.9824362488705288,0.9776409370555937,0.977835266510862,0.9806181065094879,0.0034376200210344456
2_002_20200623_043120(0),0,0.9779673756365181,0.9764620432904351,0.9792988807276521,0.9703231807551965,0.9760128701024505,0.003966202177259699
2_002_20200623_043120(0),1,0.9894301870636255,0.9814656363369912,0.9787607839302657,0.9780210374401064,0.9819194111927472,0.005221491163159385
2_002_20200623_043120(0),2,0.9822604367317118,0.9811144107003272,0.9808142337530878,0.9795697161246062,0.9809396993274333,0.0011056622361361973
2_002_20200623_082249(3),0,0.9744096976243758,0.9733714156460495,0.9829343483627916,0.9806911142954696,0.9778516439821716,0.0046838700577837705
2_002_20200623_082249(3),1,0.9838293681081738,0.9823253833484686,0.9798553948870019,0.9813565078309816,0.9818416635436564,0.0016698895699336796
2_002_20200623_082249(3),2,0.982458834055436,0.9762850056575901,0.9770879661190325,0.9789347378494198,0.9786916359203697,0.002745572580853413
2_002_20200623_082253(8),0,0.9866272344580592,0.976256838785286,0.9817449090714953,0.9681729549306524,0.9782004843113732,0.007914168061713488
2_002_20200623_082253(8),1,0.9720940365655212,0.9727336068393827,0.980216600412014,0.9774808949154411,0.9756312846830898,0.0038882232221882445
2_002_20200623_082253(8),2,0.9755238896172407,0.9754814648970256,0.9777995235868229,0.9776057086304437,0.9766026466828832,0.0012727153383534798
2_002_20200623_082258(4),0,0.9773997886569262,0.9770033636115215,0.978329902495257,0.978928900609061,0.9779154888431913,0.0008749592757349864
2_002_20200623_082258(4),1,0.9852446762547732,0.982849187877682,0.9752785284988864,0.9745586144496649,0.9794827517702517,0.005368279907575136
2_002_20200623_082258(4),2,0.9846703972787844,0.9828981354766995,0.9775410799061015,0.9797667362294326,0.9812190872227544,0.0031816036507336283
2_002_20200623_082302(7),0,0.9813829563729526,0.9742955464894874,0.9816681302897956,0.9774934973898105,0.9787100326355115,0.003505353476038665
2_002_20200623_082302(7),1,0.9750768401259107,0.9826895762030649,0.9728058793514074,0.9820202538270613,0.978148137376861,0.0049527951714253195
2_002_20200623_082302(7),2,0.9852938948320097,0.979950071863852,0.9839394922746282,0.9811220883265661,0.982576386824264,0.0024668076963736524
2_002_20200623_082307(2),0,0.9807109633226213,0.9812050224917475,0.9756663081415029,0.9753824656521136,0.9782411899019963,0.003145706321675399
2_002_20200623_082307(2),1,0.9779644851586934,0.9797436555371134,0.9791177642702933,0.982302932618351,0.9797822093961128,0.001834951469994231
2_002_20200623_082307(2),2,0.9849552566973271,0.9809949186241854,0.9811190379880391,0.9758199500308281,0.980722290835095,0.0037497857524022168
2_002_20200623_082311(8),0,0.9838299809311478,0.976060710459442,0.0,0.0,0.48997267284764745,0.5657805998004592
2_002_20200623_082311(8),1,0.980494284315546,0.9788112194595147,0.9755596362944147,0.9759669625392046,0.97770802565217,0.0023542268024163496
2_002_20200623_082311(8),2,0.9836679118385878,0.9815822099795487,0.9811960344729296,0.9732165262124101,0.979915670625869,0.004596177215506622
2_002_20200623_123042(0),0,0.9742170125462801,0.9711752679874223,0.9791248355270714,0.9752279714136822,0.9749362718686141,0.0032808351737856145
2_002_20200623_123042(0),1,0.9769884038434927,0.9742947374425419,0.9829805837104225,0.9847095394355758,0.9797433161080082,0.004913241520892641
2_002_20200623_123042(0),2,0.9788374718911731,0.9777698064967278,0.9779899005772603,0.9803383434596193,0.9787338806061952,0.001164470891913367
2_002_20200623_123046(4),0,0.9860682426692563,0.9817503104193913,0.9794278408223572,0.9802560357530334,0.9818756074160095,0.0029556986411926637
2_002_20200623_123046(4),1,0.9802660836812436,0.9777678926003559,0.9797175632857084,0.9840351318381462,0.9804466678513635,0.002621520852482649
2_002_20200623_123046(4),2,0.9799384078823963,0.9806497349130275,0.9783969160433224,0.9809088565337175,0.9799734788431159,0.001128278028700699
2_002_20200623_123051(1),0,0.980341779744721,0.9764363067553364,0.9799173792655195,0.9769830951025051,0.9784196402170205,0.0019945856802538442
2_002_20200623_123051(1),1,0.9842660763631507,0.9793341556031315,0.9814637604722726,0.9759102435965725,0.9802435590087818,0.003524872314169809
2_002_20200623_123051(1),2,0.9857905390786306,0.9798099656451515,0.9812494851687908,0.9748021426950253,0.9804130331468996,0.004526330526498131
2_002_20200623_123055(5),0,0.9823893784584082,0.9788308208902863,0.9848536846156631,0.9823245205348663,0.982099601124806,0.0024768568617160834
2_002_20200623_123055(5),1,0.9783999436594621,0.9830042080823477,0.98360362340805,0.9762890776415222,0.9803242131978455,0.003555373216321364
2_002_20200623_123100(0),0,0.9826222456201518,0.9794015963521859,0.9758649703792227,0.974557515771976,0.9781115820308841,0.0036372550937393473
2_002_20200623_123100(0),1,0.9802609942364457,0.9823750601049537,0.9818354367474074,0.9817133277223479,0.9815462047027887,0.0009037611225311705
2_002_20200623_123100(0),2,0.9834133293568897,0.9826917987481159,0.9808569836036932,0.9827200409111488,0.9824205381549619,0.0010944742140681274
2_002_20200623_123104(5),0,0.9745558993839497,0.9732813792446952,0.9813990423211177,0.9814430498920655,0.9776698427104571,0.004362693235549202
2_002_20200623_123104(5),1,0.9848305945266508,0.9864694371561168,0.9863562408921257,0.985679592548484,0.9858339662808444,0.0007543606850097069
2_002_20200623_123104(5),2,0.9833095817507547,0.981919402950981,0.984437047333753,0.9793895619484875,0.982263898495994,0.0021753556880968403
2_002_20200623_163020(3),0,0.981078063667787,0.9752304363534299,0.9808481463645446,0.9756625667831741,0.9782048032922339,0.0031912752382239552
2_002_20200623_163020(3),1,0.969932347925652,0.9718806212283716,0.9719101182479715,0.9783206190196788,0.9730109266054184,0.003658772540382587
2_002_20200623_163020(3),2,0.9861599048178163,0.9813257548382169,0.982868188838834,0.9774878389800663,0.9819604218687333,0.0035993748460562
2_002_20200623_163023(3),0,0.97328236544091,0.9820196855156136,0.9650135981145588,0.9645008065915777,0.971204113915665,0.008257371119202245
2_002_20200623_163023(3),1,0.9830328839160286,0.9757157033742705,0.9761133274223185,0.9792146187733749,0.9785191333714981,0.0033913992164953987
2_002_20200623_163023(3),2,0.9822731879789874,0.9779663487875647,0.9751531084151904,0.9766142937570474,0.9780017347346974,0.0030706258514109934
2_002_20200623_163026(3),0,0.9901062422373403,0.9788065043083634,0.9793404845542648,0.981659413860502,0.9824781612401177,0.0052339929493412304
2_002_20200623_163026(3),1,0.9753974316958196,0.9749111561999938,0.979350951081987,0.9748476861521763,0.9761268062824943,0.002163411688872528
2_002_20200623_163026(3),2,0.9831573549476441,0.9837680141525706,0.9836595505179038,0.9818831381525938,0.9831170144426781,0.0008645276303227988
2_002_20200623_163029(6),0,0.9803822557145664,0.9828015984134244,0.9833339805701737,0.9819629814837506,0.9821202040454788,0.0012887636286257889
2_002_20200623_163029(6),1,0.9814045904441492,0.9780216828209264,0.9787337868467713,0.9775149436364303,0.9789187509370694,0.001730993540521977
2_002_20200623_163029(6),2,0.97894962034251,0.9774641706402938,0.9822350704704429,0.9809479174066035,0.9798991947149626,0.002112436867856538
2_002_20200623_163032(5),0,0.9800304333282974,0.9744714559676778,0.9847453739255086,0.9689469960790231,0.9770485648251267,0.006841279517480819
2_002_20200623_163032(5),1,0.983262405048154,0.9835346430847316,0.9806003396955045,0.9870829002381003,0.9836200720166226,0.0026611517772952573
2_002_20200623_163032(5),2,0.9782993257671402,0.9732315736864029,0.9858005299229525,0.9801483772949947,0.9793699516678726,0.0051892262497851725
2_002_20200623_163035(5),0,0.9839503631928345,0.9811732791824435,0.981563544268183,0.9796340571219093,0.9815803109413426,0.0017861511300877894
2_002_20200623_163035(5),1,0.9800729623931144,0.9835488067252477,0.9781510517313099,0.9824786242041735,0.9810628612634614,0.0024250666017185613
2_002_20200623_163035(5),2,0.9807841526314501,0.9782198866231483,0.9787836390534287,0.9733717981992728,0.977789869126825,0.003144178649563794
2_002_20200623_203033(6),0,0.9837721917241411,0.9726911898011521,0.9870103140288038,0.9765551074967614,0.9800072007627146,0.006548784026159347
2_002_20200623_203033(6),1,0.9829594931164055,0.978667171349811,0.9830080508676686,0.9881782524372145,0.983203241942775,0.003891194284976171
2_002_20200623_203033(6),2,0.9743880145512471,0.9822785052497786,0.9799214011705942,0.9818768945097062,0.9796162038703314,0.0036343582537699598
2_002_20200623_203038(0),0,0.9739089121603979,0.9740988067771619,0.9835281438039458,0.9798386239593763,0.9778436216752204,0.004683282450465417
2_002_20200623_203038(0),1,0.9786146945818031,0.9828571996878023,0.9773908585126483,0.9811812631464769,0.9800110039821827,0.002468817444946208
2_002_20200623_203038(0),2,0.9831767121941475,0.9764283191582454,0.9832642791159013,0.9789982190482588,0.9804668823791383,0.003348411115628046
2_002_20200623_203042(5),0,0.9765616416349108,0.9776203567616243,0.9849802979550802,0.9822140449873328,0.980344085334737,0.003946170897030514
2_002_20200623_203042(5),1,0.982702339130312,0.9779480308494688,0.9793476018406896,0.9840891956384051,0.9810217918647188,0.0028568119783042357
2_002_20200623_203042(5),2,0.9786608723255342,0.977819955938826,0.9845086414293286,0.9772068846077474,0.979549088575359,0.003359658301989942
2_002_20200623_203047(0),0,0.9755691615537381,0.9784751610880494,0.9820061659273353,0.979167318546659,0.9788044517789454,0.002643115647586098
2_002_20200623_203047(0),1,0.9804452569305725,0.9816517971548107,0.9746826854511161,0.9808507711593,0.9794076276739498,0.0031896035940459024
2_002_20200623_203047(0),2,0.9768805137645757,0.9716096715213858,0.9811718249793215,0.9765723599097185,0.9765585925437504,0.003910564989145495
2_002_20200623_203050(0),0,0.9801117423666776,0.9750029846187354,0.9849479425933986,0.9768908498464836,0.9792383798563238,0.004351679319097082
2_002_20200623_203050(0),1,0.9818061065488077,0.9756156104793878,0.9771960667176935,0.9875952247568814,0.9805532521256926,0.00537928191102793
2_002_20200623_203050(0),2,0.9785612583450417,0.9765679059968054,0.9810872019234673,0.9789978515953665,0.9788035544651702,0.0018537914816685354
2_002_20200623_203054(6),0,0.9747265074627697,0.9752673783510112,0.9729918065346946,0.9725852868594678,0.9738927448019858,0.0013045961829300048
2_002_20200623_203054(6),1,0.9834098142718132,0.9783661539397209,0.9793615499265867,0.9867744049533705,0.9819779807728728,0.003870694835729295
2_002_20200623_203054(6),2,0.9793564052518912,0.9786515235300235,0.9784363636238916,0.9783938131235111,0.9787095263823294,0.00044576128034038234
3_001_20200623_003516(8),0,0.9558783079560254,0.960298721137714,0.9721528481932238,0.964564678330066,0.9632236389042572,0.006929122021050803
3_001_20200623_003516(8),1,0.9679440132074308,0.9698948575076889,0.9540518412818447,0.9637661983532877,0.9639142275875631,0.007054447360377663
3_001_20200623_003516(8),2,0.963509183411247,0.9686472805052425,0.947063632329044,0.9617757672069439,0.9602489658631194,0.00926183657160818
3_001_20200623_003520(5),0,0.9641370952322563,0.972952313641673,0.960023312416742,0.959429516265501,0.964135559389043,0.006239459777681598
3_001_20200623_003520(5),1,0.9623798643685646,0.9591127446860876,0.9724039688467332,0.9710679834616783,0.9662411403407659,0.006506467204533184
3_001_20200623_003520(5),2,0.9631394785029995,0.9714594853473439,0.9654206909493479,0.9701649384033277,0.9675461483007548,0.003920398623466715
3_001_20200623_003524(0),0,0.9644094921494869,0.9679584343299843,0.9720281098279275,0.9620154125663596,0.9666028622184395,0.004363731352241218
3_001_20200623_003524(0),1,0.9674316982731148,0.9626019334533503,0.9673394224663525,0.9641440313154919,0.9653792713770775,0.002400977051721699
3_001_20200623_003524(0),2,0.9713300027390922,0.9572397394624721,0.9643530413450209,0.945789785615533,0.9596781422905295,0.010900348504616166
3_001_20200623_003529(0),0,0.9664983513412574,0.9644009825528254,0.964984952986394,0.9622493121220473,0.964533399750631,0.0017606367870325415
3_001_20200623_003529(0),1,0.9599194980015103,0.962571492841809,0.9600353294460506,0.9589038315047032,0.9603575379485182,0.0015610419606310662
3_001_20200623_003529(0),2,0.9606375885159221,0.958754233411206,0.9591482331793523,0.9586836426655003,0.9593059244429951,0.0009110055511927958
3_001_20200623_003532(5),0,0.9668006487097114,0.9687498916255606,0.9604435160215725,0.9595502952207777,0.9638860878944056,0.004575356113266654
3_001_20200623_003532(5),1,0.9552640479493051,0.9654786918493226,0.9721546682915885,0.9678673768191624,0.9651911962273447,0.007171304214631308
3_001_20200623_003532(5),2,0.9632368987206136,0.9747254141762819,0.9685750690089017,0.9762484251156973,0.9706964517553736,0.005977796210930961
3_001_20200623_003536(0),0,0.9712386980099073,0.9799005825448223,0.9733855018135855,0.9588978690461939,0.9708556628536272,0.00878153756574037
3_001_20200623_003536(0),1,0.9624292490168533,0.9460014661283405,0.9701923830797903,0.9611899956996388,0.9599532734811557,0.010118501708619101
3_001_20200623_003536(0),2,0.9640774337830069,0.9719477551249843,0.9622192719735951,0.9530794679486498,0.962830982207559,0.007748879697734404
3_001_20200623_043227(1),0,0.9705077277697735,0.9747459389748397,0.9670226296548562,0.9750599398219324,0.9718340590553505,0.0038207485715397523
3_001_20200623_043227(1),1,0.9752923937665181,0.9731233122522218,0.9686081236059159,0.9668509711976025,0.9709687002055645,0.003910016758124896
3_001_20200623_043227(1),2,0.9701203351798868,0.9701124966071607,0.9658732190925886,0.9668064746417651,0.9682281313803504,0.0022134428154956943
3_001_20200623_043231(6),0,0.9658366053150039,0.947495407485249,0.9646074356293347,0.9618810084763498,0.9599551142264844,0.008469344575172393
3_001_20200623_043231(6),1,0.9633761760954273,0.9691562803890418,0.9593460156459678,0.9685975877520326,0.9651190149706174,0.0046463243250870695
3_001_20200623_043231(6),2,0.9749959979388882,0.961841720556165,0.9714553960924596,0.970493174187649,0.9696965721937905,0.0055830291574873415
3_001_20200623_043236(1),0,0.974293119291733,0.9748974257763378,0.9793127795246607,0.9721395395186098,0.9751607160278353,0.0030104919107788626
3_001_20200623_043236(1),1,0.9686665786546805,0.9621320839002512,0.9582531240949884,0.9694450816066513,0.9646242170641428,0.005366034398387931
3_001_20200623_043236(1),2,0.9601703332076024,0.9701181997132208,0.9717758087759936,0.9735075075722247,0.9688929623172604,0.00597746593119686
3_001_20200623_043240(6),0,0.9775612119917503,0.9655260534367581,0.9653208094288316,0.9654959129207011,0.9684759969445103,0.006057485952702996
3_001_20200623_043240(6),1,0.9730290710226379,0.9652731039140803,0.9697217400039748,0.9635200812803141,0.9678859990552517,0.004309276549058874
3_001_20200623_043240(6),2,0.9701248443274121,0.9689061123087297,0.9606687614600002,0.967822587340018,0.9668805763590399,0.004246649642651878
3_001_20200623_043245(2),0,0.9743494649803982,0.9712441315655278,0.9774695338229701,0.9646516485004153,0.9719286947173278,0.005476770794700825
3_001_20200623_043245(2),1,0.9610719824120804,0.9592289213440423,0.9711988898620736,0.969925562499308,0.965356339029376,0.006080410141471762
3_001_20200623_043245(2),2,0.9600902097913698,0.9644754070872332,0.9695185504308971,0.9706727467649942,0.9661892285186237,0.004875842956015132
3_001_20200623_043249(6),0,0.9772562194685434,0.9676326875122638,0.9739941702632511,0.9592246159789241,0.9695269233057456,0.00794615169016152
3_001_20200623_043249(6),1,0.9632271688104328,0.9637966890881332,0.9708803587507796,0.973550141872835,0.9678635896305452,0.005146968375400972
3_001_20200623_043249(6),2,0.9493118905991081,0.9622470604962021,0.9595965211230797,0.9633860842851081,0.9586353891258745,0.0064152078188700855
3_001_20200623_082407(9),0,0.9630706314317549,0.9751228254958005,0.9594116318362881,0.9650096169886732,0.9656536764381292,0.00672594079583322
3_001_20200623_082407(9),1,0.9684170115708108,0.9703221482782501,0.9771305535427552,0.9586167855913973,0.9686216247458035,0.0076470543917885915
3_001_20200623_082407(9),2,0.9742024670140755,0.971758410256065,0.9763556310101738,0.9747568951775306,0.9742683508644612,0.0019060916812451692
3_001_20200623_082411(0),0,0.9684553832477648,0.9696509553596427,0.9569132595567781,0.9554318793619812,0.9626128693815417,0.0074771160288737435
3_001_20200623_082411(0),1,0.9769058951286949,0.9711573561034003,0.9751887565720238,0.9626249997945175,0.971469251899659,0.006369455206807659
3_001_20200623_082411(0),2,0.977426128323103,0.9751882277288625,0.9695741643458997,0.971493115495912,0.9734204089734444,0.003543963343663559
3_001_20200623_082414(1),0,0.9720008297313486,0.9576529522266268,0.9612922088864826,0.9520514170992597,0.9607493519859294,0.008408967590857934
3_001_20200623_082414(1),1,0.9661428257536225,0.9612022986244816,0.9576244056011105,0.9683866046288833,0.9633390336520244,0.004849805262538292
3_001_20200623_082414(1),2,0.0,0.959458883836869,0.0,0.0,0.23986472095921724,0.47972944191843436
3_001_20200623_082416(7),0,0.9595882463894958,0.9682839926442353,0.9683676588608795,0.9686966524939455,0.966234137597139,0.004434172912647189
3_001_20200623_082416(7),1,0.9752143281113069,0.9669777725345297,0.9671548216545485,0.9666510361807319,0.9689994896202792,0.004148477267057804
3_001_20200623_082416(7),2,0.9559513056816835,0.9447793769329589,0.9539276609238043,0.9465432112360432,0.9503003886936225,0.005467721034914289
3_001_20200623_082419(6),0,0.9649310410752399,0.9679000637205792,0.9688874210050581,0.9625499531153245,0.9660671197290505,0.002885302910723245
3_001_20200623_082419(6),1,0.9811326170179926,0.968994172656891,0.9751737798279921,0.969663715175186,0.9737410711695155,0.0056522998718475615
3_001_20200623_082419(6),2,0.9691823975572648,0.9480126131278824,0.9753512235281356,0.9693811173527465,0.9654818378915073,0.011992735423902848
3_001_20200623_082422(5),0,0.9641740340541842,0.9628850349159481,0.9769395415765709,0.9616620439784934,0.9664151636312992,0.007090819136911621
3_001_20200623_082422(5),1,0.9667660909047465,0.9721867595620877,0.9778136117055468,0.9622746605377019,0.9697602806775207,0.006726653989844262
3_001_20200623_082422(5),2,0.9632600007376257,0.9544903288396532,0.9680017050842101,0.959614429814545,0.9613416161190086,0.005714318112832279
3_001_20200623_123214(3),0,0.9722973158104211,0.9760056614836171,0.9567681644538444,0.9725318444400681,0.9694007465469876,0.00859071047069712
3_001_20200623_123214(3),1,0.9611696500789668,0.95154959662036,0.9489075701903508,0.9543571858512114,0.9539960006852222,0.005274742271688577
3_001_20200623_123214(3),2,0.9651095355435528,0.9467329542826364,0.9552452209768894,0.9613426123187565,0.9571075807804588,0.00802221979189156
3_001_20200623_123223(3),0,0.9723369998739305,0.9534091605663051,0.9736491291403709,0.9618237068842904,0.9653047491162242,0.009534217511610717
3_001_20200623_123223(3),1,0.9728105539623066,0.9672117619935757,0.9659561536873911,0.9514240898840037,0.9643506398818192,0.009118288132712865
3_001_20200623_123223(3),2,0.9706822477239859,0.965410782605386,0.9714318540455397,0.9772121362741549,0.9711842551622666,0.0048298258332711555
3_001_20200623_123232(3),0,0.9749745387503809,0.9711046973552253,0.9670369491130052,0.9753100763046196,0.9721065653808079,0.0038812584785099203
3_001_20200623_123232(3),1,0.9662720030971618,0.9568589901691831,0.9685745728602125,0.964758405388921,0.9641159928788695,0.005086062579012056
3_001_20200623_123232(3),2,0.9576242795322599,0.9545684423574935,0.95362247625041,0.9704506750708828,0.9590664683027615,0.007779232161326937
3_001_20200623_123236(9),0,0.9723071339132797,0.9642727322725402,0.9687494840721315,0.9788261827800614,0.9710388832595033,0.006144717008976341
3_001_20200623_123236(9),1,0.9652659798297165,0.9610624252699408,0.9549934079689069,0.9464247222800861,0.9569366338371625,0.008178764596386511
3_001_20200623_123236(9),2,0.9728487830730622,0.9742851658291201,0.9677446106573332,0.9603484865318764,0.968806761522848,0.006298715007560016
3_001_20200623_123241(3),0,0.9709565774410669,0.9652888506031533,0.9641803456963739,0.9715520593936805,0.9679944582835687,0.003799054413491479
3_001_20200623_123241(3),1,0.9798838738870176,0.9705419872687776,0.9673750955140965,0.9639592826132112,0.9704400598207756,0.006845691899233892
3_001_20200623_123241(3),2,0.9628536755561141,0.9678574053667228,0.9541474299437789,0.9572401204992975,0.9605246578414783,0.006073185078563057
3_001_20200623_123245(8),0,0.9703077263218717,0.9670806113491415,0.9682194659054283,0.9526668057187228,0.9645686523237911,0.008046309732188358
3_001_20200623_123245(8),1,0.9775364522082611,0.9668451255324263,0.9643552739013944,0.9704631400339693,0.9697999979190128,0.005734944721712661
3_001_20200623_123245(8),2,0.970355090864815,0.9627597817588752,0.9539450249221149,0.9493330407303977,0.9590982345690506,0.009345913935307747
3_001_20200623_163159(5),0,0.9634651747358552,0.9693492667872201,0.9732317712039785,0.9637712491923114,0.9674543654798413,0.004706309815746361
3_001_20200623_163159(5),1,0.9619998008538504,0.9666629493077361,0.9723876846261743,0.9622778854546263,0.9658320800605968,0.004864324486902332
3_001_20200623_163159(5),2,0.9614965493849167,0.9529660814113745,0.956954351554186,0.9656049416829877,0.9592554810083662,0.005482997427881786
3_001_20200623_163209(3),0,0.9638036915675781,0.9678037453089849,0.9699228647851267,0.9580045548821975,0.9648837141359717,0.005241148159938339
3_001_20200623_163209(3),1,0.9755365551598605,0.9721516724295969,0.9759203273839144,0.9743051790774002,0.974478433512693,0.0016973031150651521
3_001_20200623_163209(3),2,0.9701518047898593,0.949627860860806,0.968481536836852,0.9712085965345313,0.9648674497555122,0.01022156618321045
3_001_20200623_163212(9),0,0.9613547737192301,0.9627161284760102,0.9641762617939008,0.9659274341115214,0.9635436495251657,0.001962871673281007
3_001_20200623_163212(9),1,0.9770166595961203,0.9690768338839767,0.9727473232780917,0.9730868178512871,0.9729819086523689,0.003245245772032194
3_001_20200623_163212(9),2,0.9524621318961749,0.9610977771923405,0.968609610799425,0.9704721137288257,0.9631604084041916,0.008202893986404721
3_001_20200623_163216(2),0,0.9768617033020716,0.9624946906205787,0.9763831020088537,0.9598523372095634,0.9688979582852668,0.008986540095911672
3_001_20200623_163216(2),1,0.9758886859467344,0.9602139149488018,0.9654477836657258,0.9697533757242611,0.9678259400713809,0.006641320993172392
3_001_20200623_163216(2),2,0.9745240737504554,0.9703660457309327,0.9696268730672233,0.9684882124407497,0.9707513012473402,0.0026311052083323344
3_001_20200623_163219(5),0,0.978159178079038,0.9659137148907402,0.9761341226908163,0.9561629228898523,0.9690924846376117,0.010150003949521251
3_001_20200623_163219(5),1,0.9542699721408617,0.9623021010621794,0.9652996312710934,0.9654811753072908,0.9618382199453563,0.005251858485519534
3_001_20200623_163219(5),2,0.9562643625470456,0.959359081869059,0.97081902071644,0.9650515154854221,0.9628734951544917,0.006426686123271534
3_001_20200623_163222(9),0,0.9685786162947595,0.9695449628912246,0.9599965038292909,0.9622254422484124,0.9650863813159218,0.004696327642884399
3_001_20200623_163222(9),1,0.0,0.0,0.9708956661502971,0.9722048268101036,0.4857751232401002,0.5609250509609267
3_001_20200623_163222(9),2,0.9618686775856198,0.9592076046206209,0.9746278655048471,0.9745795037403044,0.9675709128628481,0.008193113746522209
3_001_20200623_203217(4),0,0.9682790826498227,0.9609351488880067,0.9690963185416085,0.9668945295229467,0.9663012699005962,0.0036910365246045087
3_001_20200623_203217(4),1,0.9633517323092896,0.9609251663342366,0.9640805344913894,0.9550944333550624,0.9608629666224945,0.0040753953794417505
3_001_20200623_203217(4),2,0.9719113358752203,0.9699798727890672,0.9685550073488783,0.9630350552829522,0.9683703178240295,0.0038135116199791456
3_001_20200623_203222(0),0,0.9820834728982644,0.9765907754387981,0.9742309440544311,0.9638810626641044,0.9741965637638995,0.007623348568317355
3_001_20200623_203222(0),1,0.96361878277245,0.9567972189900859,0.9675261623616622,0.9591926805414274,0.9617837111664064,0.00475821316088606
3_001_20200623_203222(0),2,0.9680623055669383,0.9644368568862006,0.9722692769406373,0.9685621919805506,0.9683326578435817,0.003204164544690452
3_001_20200623_203226(3),0,0.9789842342289985,0.9703718775738245,0.9694970901694683,0.9680429070684194,0.9717240272601777,0.004934531679114943
3_001_20200623_203226(3),1,0.973366223444415,0.9652519160901006,0.959641174708917,0.9758388685333924,0.9685245456942062,0.007451298468961748
3_001_20200623_203226(3),2,0.9727465558289933,0.9727893856840635,0.9785662269062159,0.9652001312442146,0.9723255749158718,0.005480572662914243
3_001_20200623_203230(9),0,0.9810484263272825,0.9743325613725672,0.9677447498971498,0.9613156473959442,0.971110346248236,0.008493359570286673
3_001_20200623_203230(9),1,0.9767160434124491,0.9725446867384492,0.9702238062542744,0.9782104372256675,0.97442374340771,0.003686191143614528
3_001_20200623_203230(9),2,0.9693384860411952,0.9640143948923895,0.970562408023044,0.9658018160162767,0.9674292762432264,0.0030425668019486655
3_001_20200623_203235(3),0,0.9687318318175143,0.9604219739884354,0.9597488556640464,0.9653313678708091,0.9635585073352013,0.004252748443415629
3_001_20200623_203235(3),1,0.9705307046025203,0.962655419600956,0.9626283997239559,0.9574748915961917,0.9633223538809059,0.0053876249870320045
3_001_20200623_203235(3),2,0.9606050149348196,0.9550407334127305,0.9696897893033084,0.9748560544658971,0.9650478980291889,0.008899993279750551
3_001_20200623_203247(5),0,0.97273923643754,0.9679964465601262,0.9697314285907461,0.958587908781832,0.967263755092561,0.006106757307739561
3_001_20200623_203247(5),1,0.9797793381628314,0.9762100238405633,0.9806875132863097,0.9809451475772197,0.979405505716731,0.002188218117228387
3_001_20200623_203247(5),2,0.9756707542868926,0.9712955898409393,0.9637028763809417,0.9727415948227938,0.9708527038328918,0.005102211937248877
1_002_20200624_003107(0),0,0.9794405650765302,0.9787037221042914,0.9783533896946465,0.9767488829424406,0.9783116399544772,0.001136097540248958
1_002_20200624_003107(0),1,0.9795387945922259,0.9755936234869803,0.9832795407809406,0.9803666889222588,0.9796946619456014,0.003169952028677809
1_002_20200624_003107(0),2,0.9701934428364347,0.9623701099051024,0.9824645743751274,0.965253124031169,0.9700703127869583,0.008871890314464954
1_002_20200624_003111(0),0,0.9843654937907876,0.9824012948348534,0.9834272288570247,0.9777167666792977,0.9819776960404909,0.00295170450430447
1_002_20200624_003111(0),1,0.9723684374224377,0.9728839579546507,0.9751698582189422,0.9723229139208891,0.97318629187923,0.0013466314315647874
1_002_20200624_003111(0),2,0.9725221202057311,0.9715374872987272,0.9744033522564536,0.9693120571748655,0.9719437542339444,0.002119356180782848
1_002_20200624_003115(1),0,0.9792918242500425,0.9775110068219831,0.9821550200634734,0.9721152616816486,0.9777682782042869,0.004226404344989978
1_002_20200624_003115(1),1,0.9845662623946473,0.9708079717272897,0.9823723872168162,0.9802261519870685,0.9794931933314555,0.006055193084004231
1_002_20200624_003115(1),2,0.9764130173804755,0.9748058135917083,0.9868755050311786,0.9747534395751403,0.9782119438946257,0.005826846029041048
1_002_20200624_003119(1),0,0.9889900937399254,0.9724530919058256,0.9845964647754987,0.9820496408331459,0.9820223228135989,0.00699397276141511
1_002_20200624_003119(1),1,0.977602274020102,0.9787219760137081,0.9752605602429141,0.9735684181500107,0.9762883071066837,0.0023168450495732015
1_002_20200624_003119(1),2,0.9846516110170079,0.9770770876617011,0.9764802330596085,0.9764820674214313,0.9786727497899372,0.003995795208821
1_002_20200624_003123(1),0,0.980672948632163,0.9803618980646658,0.9813971027358359,0.9693928344496331,0.9779561959705745,0.005725357266736732
1_002_20200624_003123(1),1,0.9733529060737132,0.9772787628084577,0.9767568206784063,0.9789925689526449,0.9765952646283056,0.0023631354270424883
1_002_20200624_003123(1),2,0.9799228692019284,0.9753449179215817,0.9825053104890533,0.9749020694369448,0.978168791762377,0.003675500897880567
1_002_20200624_003127(0),0,0.9845465587092098,0.9716520144758015,0.9798611821314038,0.9719668262267114,0.9770066453857815,0.006300013817317211
1_002_20200624_003127(0),1,0.975934696996707,0.9790709942981354,0.9768807599009055,0.9793993946474986,0.9778214614608116,0.0016828552147086513
1_002_20200624_003127(0),2,0.9789106448719821,0.9797668972544362,0.9766269297037131,0.9732088189187671,0.9771283226872246,0.0029298835489874483
1_002_20200624_043128(1),0,0.979959296523515,0.9703204511585325,0.9780996447269806,0.971880313725437,0.9750649265336162,0.004683879354906336
1_002_20200624_043128(1),1,0.9799321738645792,0.9698529470821898,0.9722897252427232,0.9661909763209512,0.9720664556276108,0.005812063599905709
1_002_20200624_043128(1),2,0.978604558642289,0.9624953325894503,0.9792545128782382,0.9757703950509801,0.9740311997902394,0.007837934316176772
1_002_20200624_043132(2),0,0.9840811398029103,0.9712643643819717,0.9832075862241808,0.9678088136634013,0.9765904760181161,0.008274081022263055
1_002_20200624_043132(2),1,0.9754725519031688,0.9731123370145701,0.9807780616906313,0.9759975266652569,0.9763401193184067,0.0032137182020271545
1_002_20200624_043132(2),2,0.976770091950572,0.9799556354572083,0.9792213293215196,0.9725536669392556,0.9771251809171388,0.0033381701205274813
1_002_20200624_043136(1),0,0.9779618321439101,0.9771708202214986,0.9813529433413465,0.9747579979554525,0.9778108984155519,0.002726338482316594
1_002_20200624_043136(1),1,0.975208266092792,0.9733911609322535,0.9787513646074423,0.9743151919879748,0.9754164959051156,0.0023437548923828933
1_002_20200624_043136(1),2,0.9765894639432346,0.9772769350492361,0.9768097640646874,0.9716085701698811,0.9755711833067597,0.0026572460448148587
1_002_20200624_043140(2),0,0.9793883110986721,0.9669194551446842,0.9786299710967401,0.9673716726342816,0.9730773524935945,0.006858917657174159
1_002_20200624_043140(2),1,0.9763514172566848,0.9714580340009055,0.9675636336692374,0.9700876580604804,0.971365185746827,0.003694816218081438
1_002_20200624_043140(2),2,0.9845368975349279,0.9680709590594538,0.9799398839256594,0.9761626580001097,0.9771775996300378,0.006970186252335125
1_002_20200624_043144(2),0,0.9755920048639956,0.9625481006890398,0.979956026467428,0.9751404523114121,0.9733091460829688,0.007495470710857187
1_002_20200624_043144(2),1,0.974740969178981,0.9769137937491045,0.9815499220763962,0.977075727590427,0.9775701031487273,0.002858793856184943
1_002_20200624_043144(2),2,0.9766230987495811,0.963034857874213,0.9754119584079477,0.9682018568085771,0.9708179429600797,0.0063829233605915674
1_002_20200624_043148(1),0,0.9829019946389278,0.9766702094337343,0.9830678345807036,0.9756002405782582,0.979560069807906,0.003979297081464701
1_002_20200624_043148(1),1,0.9707278030875564,0.9743438101052824,0.9753032978982391,0.9776140001516099,0.9744972278106719,0.002863338293371838
1_002_20200624_043148(1),2,0.974367199533121,0.9683282433421436,0.9787263152327402,0.9734094649436734,0.9737078057629196,0.0042680571898040184
1_002_20200624_083045(5),0,0.9781149387709392,0.9770054427039027,0.9809234765918863,0.975765850218999,0.9779524270714317,0.0022008667254371393
1_002_20200624_083045(5),1,0.9735137786299518,0.9759124553970715,0.9776871710571452,0.9741746822522347,0.9753220218341009,0.001873381456174681
1_002_20200624_083045(5),2,0.9816729882003392,0.9779564398232319,0.9858575758719814,0.9763709700329575,0.9804644934821274,0.004226624521313377
1_002_20200624_083049(6),0,0.9737728321059872,0.9794207975417982,0.9763117750776407,0.973552121082105,0.9757643814518828,0.0027404004053507374
1_002_20200624_083049(6),1,0.9766566288415593,0.9723524971524622,0.9742939603137962,0.96879316760609,0.973024063478477,0.0033246378400580505
1_002_20200624_083049(6),2,0.982105015270405,0.9744107692180815,0.9837198274193008,0.979008110991522,0.9798109307248273,0.004096688137729782
1_002_20200624_083053(3),0,0.9821844020715148,0.9761075189052484,0.9835581283515924,0.9818316208636055,0.9809204175479903,0.003293906494667787
1_002_20200624_083053(3),1,0.9750765592172757,0.9616516457399931,0.9690462712283336,0.9729569029279237,0.9696828447783814,0.005908101671821803
1_002_20200624_083053(3),2,0.9780749839169346,0.9695000839152124,0.9794411984279832,0.9748622534365737,0.9754696299241761,0.004418356087914824
1_002_20200624_083057(4),0,0.9789390551905107,0.9694134889392884,0.9791002388556326,0.9677335459206402,0.973796582226518,0.006070302514040435
1_002_20200624_083057(4),1,0.9825990401695466,0.9634377595539887,0.9834015038764352,0.9682408819442779,0.974419796386062,0.010105365158703236
1_002_20200624_083057(4),2,0.9762773617825149,0.9716009515988591,0.9760283250854852,0.9739731707593461,0.9744699523065513,0.0021735693914471145
1_002_20200624_083101(4),0,0.9748142341780982,0.9569000610746641,0.9742033102456609,0.9655731237560954,0.9678726823136297,0.008444887579955268
1_002_20200624_083101(4),1,0.9686417703609077,0.9706018031902093,0.9767427528270605,0.9781035162861941,0.9735224606660929,0.004608243705325394
1_002_20200624_083101(4),2,0.9791802760059889,0.9733616427452569,0.9793151604698129,0.967404829529615,0.9748154771876685,0.0056665672048656435
1_002_20200624_083105(5),0,0.976493181017434,0.9673737800375705,0.9790892973155094,0.9697337539778952,0.9731725030871021,0.005522244118096323
1_002_20200624_083105(5),1,0.9696125664787376,0.9669459144105619,0.9823022808713386,0.9683536931714443,0.9718036137330206,0.007083358298159219
1_002_20200624_083105(5),2,0.9786341191521158,0.9725367782986416,0.9705859415363438,0.9676944284644329,0.9723628168628835,0.00462999752155858
1_002_20200624_123122(6),0,0.9792166612775673,0.9744324273456576,0.9788520342084027,0.9752237764564798,0.9769312248220269,0.0024543904362062164
1_002_20200624_123122(6),1,0.9765507108739807,0.972678767004834,0.9778654641002963,0.9758992331029448,0.975748543770514,0.0022038648181884773
1_002_20200624_123122(6),2,0.9798168784183068,0.9773547632043968,0.9794531932942427,0.9756297964699318,0.9780636578467196,0.0019519907742177258
1_002_20200624_123126(4),0,0.9860270592137417,0.9614975839699037,0.9843860552598774,0.9646101048943257,0.9741302008344621,0.012870289103824512
1_002_20200624_123126(4),1,0.9822767601317807,0.0,0.9789325835451125,0.0,0.4903023359192233,0.5661540173809918
1_002_20200624_123126(4),2,0.9763603945918777,0.9768758368114807,0.9712867155552737,0.9765525611099365,0.9752688770171422,0.002663280255315546
1_002_20200624_123129(9),0,0.9732757245252972,0.9662724357032008,0.9771078643634801,0.9752577560351524,0.9729784451567826,0.004736605636929269
1_002_20200624_123129(9),1,0.9837559765299494,0.9745960751405907,0.9805418502243715,0.9661733992163486,0.976266825277815,0.0077251079917014884
1_002_20200624_123129(9),2,0.9832992720377368,0.9750272390644443,0.9858375722706034,0.9757315399470635,0.979973905829962,0.005413188367815933
1_002_20200624_123133(0),0,0.9742392298921722,0.9576353881621642,0.9800211520313887,0.9736338024199583,0.9713823931264208,0.009606224735705387
1_002_20200624_123133(0),1,0.978056750099469,0.970487431568778,0.9846901133189135,0.9787948056438462,0.9780072751577518,0.0058261200790719345
1_002_20200624_123133(0),2,0.9837055019231656,0.9722844424502212,0.9685499066031708,0.9778511898052005,0.9755977601954395,0.006619761719490446
1_002_20200624_123136(5),0,0.9787954993693849,0.9690664814724628,0.975061469939951,0.9722422541621005,0.9737914262359748,0.0041383892223600845
1_002_20200624_123136(5),1,0.9753559287365196,0.9649183169094313,0.9703561343192766,0.9694381630022832,0.9700171357418776,0.004279828407557904
1_002_20200624_123136(5),2,0.9747962264722442,0.9785611091822177,0.9681743954996112,0.974593753517416,0.9740313711678723,0.004309832479378334
1_002_20200624_123143(7),0,0.9716887919025674,0.960019030638312,0.972020883246953,0.9664785520044334,0.9675518144480664,0.005626777721622538
1_002_20200624_123143(7),1,0.974372192037121,0.9708964027148527,0.9717362247584794,0.9684491501622273,0.9713634924181701,0.0024428648734840376
1_002_20200624_123143(7),2,0.9752821685588021,0.9779201143599937,0.97248630052542,0.9736620101359911,0.9748376483950517,0.0023530233545515727
1_002_20200624_162522(0),0,0.9809729959703041,0.9759916974904174,0.98315821331702,0.9721029582653412,0.9780564662607707,0.0049746522859796865
1_002_20200624_162522(0),1,0.976107176009004,0.9775760930379958,0.9690882857931018,0.9712564323738391,0.9735069968034851,0.003996186653623349
1_002_20200624_162522(0),2,0.9843889355585493,0.976653029513154,0.9734918904156553,0.9792873221229526,0.9784552944025777,0.004610997916733389
1_002_20200624_162527(8),0,0.9754843223060202,0.9699723052704706,0.97470246808679,0.9760630130931496,0.9740555271891076,0.002778650086101287
1_002_20200624_162527(8),1,0.9779627925808879,0.960808673286967,0.9718039284792471,0.9747528828647156,0.9713320693029545,0.007452806437944726
1_002_20200624_162527(8),2,0.9781137276421876,0.975009000346702,0.9765861452222658,0.9720571606857872,0.9754415084742357,0.0025879091818216083
1_002_20200624_162531(7),0,0.9835255606709244,0.9778779772649814,0.982817697792166,0.9721575508716683,0.9790946966499351,0.005263005829631233
1_002_20200624_162531(7),1,0.9792406682117669,0.9753148906179727,0.9728955460537764,0.9753220591467207,0.9756932910075592,0.0026262940813175446
1_002_20200624_162531(7),2,0.9799533159447784,0.9679490643248643,0.9773305276294276,0.9748117910598786,0.9750111747397372,0.005154846097965558
1_002_20200624_162536(8),0,0.984119446778228,0.9660528720229888,0.9758720411382765,0.9717603527140659,0.9744511781633898,0.007599700810529666
1_002_20200624_162536(8),1,0.9771577648269276,0.9703253761604979,0.9827773820050832,0.9664521516179253,0.9741781686526084,0.007242463044454701
1_002_20200624_162536(8),2,0.9773931833084725,0.9663279302979614,0.9682314512652764,0.9660156851761362,0.9694920625119616,0.005357666861767347
1_002_20200624_162540(3),0,0.9712659505832824,0.0,0.9765958321426048,0.9682364920717583,0.7290245686994115,0.4860286629513143
1_002_20200624_162540(3),1,0.974449642285195,0.9742248857115611,0.9767161918598875,0.9739770923441071,0.9748419530501877,0.0012643094285598247
1_002_20200624_162540(3),2,0.9736339217620341,0.9682529610354538,0.9627909638345485,0.9731068095911659,0.9694461640558005,0.005054801802063275
1_002_20200624_162543(7),0,0.9818366145820003,0.9620851191139626,0.9760486896882615,0.9681609022688936,0.9720328314132795,0.00868312726677745
1_002_20200624_162543(7),1,0.0,0.0,0.0,0.0,0.0,0.0
1_002_20200624_162543(7),2,0.972149569527793,0.9683581452555553,0.9672523606704692,0.9763334050223123,0.9710233701190325,0.004114556744713119
1_002_20200624_203003(9),0,0.9773610955040715,0.9814713304177626,0.9836864599124895,0.9798736799887153,0.9805981414557596,0.002664800227916706
1_002_20200624_203003(9),1,0.977281329268872,0.9757892911545022,0.9738892722124564,0.9688234676408456,0.9739458400691691,0.0036862672774417063
1_002_20200624_203003(9),2,0.9783822610733571,0.9772824666101536,0.981812325562681,0.9781064503913126,0.9788958759093761,0.001999646718417097
1_002_20200624_203012(9),0,0.981125819836899,0.9744018559372101,0.9823244309959444,0.9732159773149901,0.9777670210212609,0.00462197108099195
1_002_20200624_203012(9),1,0.978267334159715,0.9745493062656309,0.97505129907582,0.9780605702495093,0.9764821274376687,0.001954610978757583
1_002_20200624_203012(9),2,0.9843407915489263,0.981467865331878,0.9789801165372106,0.9783916849541517,0.9807951145930417,0.002713860141561039
1_002_20200624_203017(4),0,0.0,0.0,0.0,0.0,0.0,0.0
1_002_20200624_203017(4),1,0.9705957350552694,0.9720563445807708,0.9767011159710047,0.9737663260236178,0.9732798804076657,0.0026231760844200942
1_002_20200624_203017(4),2,0.9769112561753442,0.9726967925911648,0.9812404695719517,0.9752405117211552,0.976522257514904,0.0035911882497601313
1_002_20200624_203021(9),0,0.9816160645730806,0.9774372344465937,0.9810452822366326,0.9815141273943051,0.980403177162653,0.001992855690423265
1_002_20200624_203021(9),1,0.9710479829221172,0.9800674218346059,0.9798819316253446,0.9735586886514935,0.9761390062583903,0.004546738640864175
1_002_20200624_203021(9),2,0.9800443539900173,0.9744183967268905,0.9778116240857431,0.9768030436250748,0.9772693546069313,0.0023338155117993372
1_002_20200624_203026(4),0,0.9781125164651546,0.9727183157204357,0.9805882485730584,0.9784363729854892,0.9774638634360344,0.0033490561447194083
1_002_20200624_203026(4),1,0.9716333427201485,0.9753820945078071,0.9731098376679918,0.973116586603651,0.9733104653748996,0.001547280207128046
1_002_20200624_203026(4),2,0.9749958206461071,0.9716013876433636,0.9789987518467972,0.9767392225321487,0.9755837956671041,0.0031199479291894303
1_002_20200624_203044(4),0,0.981747497529046,0.973897456866499,0.983461009616602,0.9733951807613129,0.978125286193365,0.005222987574975734
1_002_20200624_203044(4),1,0.976617361385608,0.9659196366308356,0.9723100608196095,0.9719424343736688,0.9716973733024304,0.004397876938828716
1_002_20200624_203044(4),2,0.9775297504634806,0.9780115544615458,0.9766984722547203,0.9742647574001446,0.9766261336449727,0.0016650570398420576
2_002_20200624_003115(6),0,0.9803186117004852,0.9703106942421357,0.9834750763011062,0.9746881899650516,0.9771981430521947,0.005855881123767719
2_002_20200624_003115(6),1,0.9710612324224173,0.9627207568775954,0.983181071187673,0.9660640310343326,0.9707567728805047,0.008963914012528136
2_002_20200624_003115(6),2,0.9767727890088148,0.9684657074107369,0.9819482348882761,0.9761616713160535,0.9758371006559703,0.00555770512556421
2_002_20200624_003118(6),0,0.9794397688435943,0.9779323767684142,0.96723739705725,0.9695075248753521,0.9735292668861527,0.006057597014479266
2_002_20200624_003118(6),1,0.980521304381907,0.9720163332917034,0.9775938446209652,0.9701608271780275,0.9750730773681509,0.004813568718236196
2_002_20200624_003118(6),2,0.9768409397660044,0.9776381502421149,0.9772822916372625,0.9696148143105339,0.9753440489889789,0.003833383932519967
2_002_20200624_003123(0),0,0.9777953073646556,0.9775649883126344,0.9755860009258261,0.9810210913123752,0.9779918469788728,0.0022498335200570093
2_002_20200624_003123(0),1,0.9717105709289923,0.960045001014608,0.9809974266132955,0.9736083299058256,0.9715903321156805,0.008677074575641016
2_002_20200624_003123(0),2,0.9797883412466027,0.9772146205224134,0.9828508223354969,0.9764047641898878,0.9790646370736003,0.0029072571016107965
2_002_20200624_003127(5),0,0.9774302403725852,0.972366122130853,0.9772445524135693,0.9727841194511947,0.9749562585920506,0.0027558344047300272
2_002_20200624_003127(5),1,0.9750678811072485,0.9749783162226383,0.9679530821021499,0.9582153942433647,0.9690536684188503,0.007957212309256032
2_002_20200624_003127(5),2,0.9793585194879041,0.9690294726506836,0.9794290628108927,0.9657606182683011,0.9733944183044453,0.00705490587694972
2_002_20200624_003132(0),0,0.9732946358179984,0.966617448359508,0.9758266032619966,0.9617397406634896,0.969369607025748,0.00640020545099934
2_002_20200624_003132(0),1,0.9786693078842891,0.9700947495854878,0.9727457105038767,0.9690025925149287,0.9726280901221456,0.0043232778374147785
2_002_20200624_003132(0),2,0.9786513190504152,0.9725923023242462,0.9792668855331257,0.9754210833005901,0.9764828975520943,0.0030939091564211297
2_002_20200624_003136(5),0,0.9802582513541193,0.9750038813117139,0.9768313664279025,0.9682628992197715,0.9750890995783768,0.005045126273425137
2_002_20200624_003136(5),1,0.9753856511374953,0.973328051117448,0.968880564935063,0.955324753716817,0.9682297552267058,0.009021494416527984
2_002_20200624_003136(5),2,0.9826975026521844,0.9640809754636743,0.9858188976312026,0.9739192122552787,0.976629147000585,0.009765190085379589
2_002_20200624_043136(9),0,0.9809817243318328,0.98076429601333,0.9809432351157528,0.9820883282697834,0.9811943959326748,0.0006034379089048821
2_002_20200624_043136(9),1,0.9745167235444876,0.9650270503091648,0.9878925077540729,0.9736910942848763,0.9752818439731504,0.009439377238064855
2_002_20200624_043136(9),2,0.9791098036325678,0.9778636897167755,0.9786205288639785,0.9782220835154529,0.9784540264321937,0.0005354318352251635
2_002_20200624_043141(4),0,0.9825486524194231,0.9677632772632951,0.9813787624824167,0.9653027282109674,0.9742483550940256,0.008978086656148762
2_002_20200624_043141(4),1,0.9811887348116427,0.969485391781797,0.9806593641779843,0.9623137888458378,0.9734118199043155,0.009157700487401036
2_002_20200624_043141(4),2,0.9748679173831188,0.9624650220105138,0.9766135491426755,0.9667010306649286,0.9701618798003093,0.0067079535778617645
2_002_20200624_043145(8),0,0.9771869709572385,0.9785377280342913,0.9775028903911639,0.9814320358497722,0.9786649063081165,0.0019328523056408213
2_002_20200624_043145(8),1,0.9766424770807326,0.9657580843949597,0.9752443008490962,0.9718274194405475,0.972368070441334,0.004848624289953633
2_002_20200624_043145(8),2,0.9685584323064652,0.9562290548641639,0.9766161899634396,0.9687593259521698,0.9675407507715597,0.008422957952409818
2_002_20200624_043150(3),0,0.9851893690259977,0.975245656962843,0.9748410968777178,0.9693332041099892,0.976152331744137,0.006600756031407472
2_002_20200624_043150(3),1,0.973073329508418,0.9789225188332762,0.9813798173457716,0.9805041072954297,0.9784699432457239,0.003738692068597051
2_002_20200624_043150(3),2,0.9702132989884675,0.9723487752561478,0.9731025258008937,0.9678666574407424,0.9708828143715629,0.0023538347169511
2_002_20200624_043154(8),0,0.9786988784847976,0.967086591586041,0.9785906195947421,0.9687245784400911,0.9732751670264179,0.0062363719274673365
2_002_20200624_043154(8),1,0.9757995546776709,0.9668934701804835,0.9764880283747852,0.9696255441267839,0.9722016493399309,0.004695070184344802
2_002_20200624_043154(8),2,0.9761415182878029,0.9642186365492982,0.9772280418010498,0.9703334565513452,0.9719804132973741,0.005994721135138368
2_002_20200624_043159(4),0,0.97545643665601,0.9781794183354797,0.9790660455749367,0.9791843291681124,0.9779715574336347,0.0017356802942894353
2_002_20200624_043159(4),1,0.9784154799997089,0.965721173873216,0.9765673392715533,0.9692702414930373,0.9724935586593789,0.005997772088697236
2_002_20200624_043159(4),2,0.9841695426319218,0.9732133315108564,0.9825261144659668,0.9706628199785022,0.9776429521468118,0.006702871067960246
2_002_20200624_083032(4),0,0.9810729428488877,0.9575418115573318,0.9784841633073978,0.9604310031392127,0.9693824802132075,0.012108370765821436
2_002_20200624_083032(4),1,0.9728611586159461,0.9739741592551959,0.9675511342741853,0.9590268407918716,0.9683533232342998,0.006820096755874674
2_002_20200624_083032(4),2,0.9703411200894292,0.9703829580188081,0.9808905167282107,0.9740397884271379,0.9739135958158964,0.004963914317761951
2_002_20200624_083036(9),0,0.971522990016187,0.9591422080331825,0.9766094882075557,0.960548660672489,0.9669558367323535,0.00848835622943401
2_002_20200624_083036(9),1,0.9799010544484311,0.9754314616285628,0.9783556895354313,0.9790387759735456,0.9781817453964926,0.0019394881106184548
2_002_20200624_083036(9),2,0.9706975877361781,0.9693874625178854,0.9702178687495763,0.9737092217718599,0.9710030351938749,0.0018835520841339504
2_002_20200624_083041(3),0,0.9729357873550385,0.9725575021395165,0.9759893695780569,0.9627618101539226,0.9710611173066336,0.005742233160954536
2_002_20200624_083041(3),1,0.9787325726056417,0.9631034205635887,0.9754173038797456,0.9663362692221523,0.9708973915677821,0.007379464530481086
2_002_20200624_083041(3),2,0.9759079504714911,0.9727842638939898,0.9643195122095077,0.9755318446353245,0.9721358928025783,0.005393733974278076
2_002_20200624_083045(8),0,0.9759315741449073,0.9732403621586879,0.9715852046854087,0.971976937418876,0.97318351960197,0.001963456644481423
2_002_20200624_083045(8),1,0.9726584468262885,0.9754245328062121,0.9745351859590844,0.9731787863056832,0.9739492379743171,0.0012622159671781704
2_002_20200624_083045(8),2,0.9753185680381113,0.9673078509151628,0.9783449773526474,0.9821442104178938,0.9757789016809537,0.006300066343797844
2_002_20200624_083050(4),0,0.9797197676713085,0.9701468457552995,0.9829683266773088,0.9744561592373077,0.9768227748353062,0.0056665472557387
2_002_20200624_083050(4),1,0.9758893661832948,0.9685308755236076,0.983529532221323,0.9739919259078477,0.9754854249590182,0.00620395377764728
2_002_20200624_083050(4),2,0.967661172340653,0.966986990124743,0.9664195821024485,0.9610426432933424,0.9655275969652968,0.0030327335964242435
2_002_20200624_083054(9),0,0.9799202177930948,0.9695553002331204,0.974945557127032,0.9624091869991415,0.9717075655380972,0.007506093879603183
2_002_20200624_083054(9),1,0.9708757969146188,0.9713432345363511,0.9660196677214826,0.9544172434380732,0.9656639856526315,0.007874697130443326
2_002_20200624_083054(9),2,0.983075887056001,0.9742302508119455,0.9824213810010798,0.9653699086631293,0.976274356883039,0.00830927351040311
2_002_20200624_123144(0),0,0.9766876376623679,0.9770997501358399,0.9749688404377549,0.9701935023724662,0.9747374326521072,0.0031667383549162146
2_002_20200624_123144(0),1,0.9824854925288331,0.9681339024409806,0.9888981710677002,0.9736010983026547,0.9782796660850422,0.009224372436785396
2_002_20200624_123144(0),2,0.9783657504471518,0.9721777677936653,0.9827284224727557,0.9791772631561931,0.9781123009674415,0.00438655684429565
2_002_20200624_123148(2),0,0.9762496903177272,0.9643123427312756,0.9685895166706108,0.9553126180593211,0.9661160419447338,0.00873262474989736
2_002_20200624_123148(2),1,0.9777282194427103,0.9755107571002246,0.9780424605750623,0.9783844836873817,0.9774164802013448,0.001298440612171563
2_002_20200624_123148(2),2,0.976525274239941,0.972467676941603,0.971007425590546,0.9745733269922953,0.9736434259410963,0.0024152742522320836
2_002_20200624_123152(7),0,0.9731441306216855,0.9604389581301784,0.966828851697853,0.9667340466112158,0.9667864967652331,0.005187012625625495
2_002_20200624_123152(7),1,0.9700407785240135,0.9648825587472867,0.97546384220653,0.9699560996191062,0.970085819774234,0.004321107366933316
2_002_20200624_123152(7),2,0.9775469406654105,0.9773347978706999,0.9706589261880767,0.977488920530545,0.975757396313683,0.0034001587411060003
2_002_20200624_123157(4),0,0.9748447949906416,0.9720374104072781,0.9788069758572588,0.9697681367598132,0.9738643295037479,0.0038947611791299826
2_002_20200624_123157(4),1,0.9765325211560116,0.9729422040852572,0.9805806367914905,0.9684509791308735,0.9746265852909082,0.005165867861366018
2_002_20200624_123157(4),2,0.9604065341310385,0.9601100542460163,0.9635808020447483,0.9685731588030675,0.9631676373062177,0.003931194588081583
2_002_20200624_123201(7),0,0.9790521205213356,0.9588617102990903,0.9837596184133022,0.974621001543797,0.9740736126943812,0.010805952927381252
2_002_20200624_123201(7),1,0.9665434328462975,0.9778647677147073,0.9721386347609323,0.9698379175495033,0.9715961882178601,0.004768339674297636
2_002_20200624_123201(7),2,0.986976296090721,0.981453571295408,0.9813666834415697,0.9708117917821397,0.9801520856524597,0.006757219604682664
2_002_20200624_123206(2),0,0.9709874280755489,0.9807413061814891,0.9647709856612664,0.981112194775751,0.9744029786735139,0.007950455994891447
2_002_20200624_123206(2),1,0.9638535511714849,0.9578012742416929,0.9760298516078599,0.9562279379659391,0.9634781537467443,0.00899033985650424
2_002_20200624_123206(2),2,0.9669622979143911,0.9624200907184924,0.9759008062570386,0.9635311299792245,0.9672035812172867,0.006111972416831914
2_002_20200624_162708(9),0,0.9664938653417335,0.9603488297709025,0.969301631742392,0.9544886734573866,0.9626582500781037,0.006606104972045999
2_002_20200624_162708(9),1,0.9789395522424936,0.9735385036173009,0.9807893970032804,0.9695868402189387,0.9757135732705033,0.005113339182157551
2_002_20200624_162708(9),2,0.983474563231594,0.9697581321291341,0.969140225177019,0.9728374461844436,0.9738025916805477,0.006647652567865487
2_002_20200624_162713(4),0,0.9830294486781433,0.9708976302907752,0.97816302316154,0.9668443883003606,0.9747336226077048,0.007246524991592705
2_002_20200624_162713(4),1,0.9768811340244697,0.9694777890042681,0.9714832978301216,0.9783226300554967,0.974041212728589,0.004233338005618389
2_002_20200624_162713(4),2,0.9803801987349169,0.9745191773137583,0.9700227476149074,0.9771987764132042,0.9755302250191966,0.004384093734515375
2_002_20200624_162717(9),0,0.9721314977044538,0.9627826563385905,0.9753328090562539,0.9612995840396759,0.9678866367847434,0.006901792182366093
2_002_20200624_162717(9),1,0.9710049075328817,0.9645800255419069,0.9755241770575502,0.9734507562019178,0.971139966583564,0.004747354265191314
2_002_20200624_162717(9),2,0.9791139672245623,0.9572643582000693,0.9768393821999463,0.9753973389517804,0.9721537616440896,0.010043482636112523
2_002_20200624_162722(4),0,0.9759660509474404,0.9750113146045365,0.980057231802031,0.9750351672248848,0.9765174411447232,0.0024013678168709595
2_002_20200624_162722(4),1,0.9804070850411191,0.9783057576315198,0.9672335399842505,0.9670271372046432,0.9732433799653831,0.00711116935311383
2_002_20200624_162722(4),2,0.9778071801435189,0.9662367244406218,0.9795112608368208,0.969122340401369,0.9731693764555827,0.006485082506220799
2_002_20200624_203111(4),0,0.9761104031248443,0.9759946526881473,0.9775107655793722,0.9745467067064699,0.9760406320247085,0.0012110722013746315
2_002_20200624_203111(4),1,0.9687388985888483,0.9646031590239429,0.9791892761846939,0.9658334931702268,0.969591206741928,0.006629489611822962
2_002_20200624_203111(4),2,0.9678355859749195,0.9693980598381975,0.9706616554119715,0.9791269391935398,0.971755560104657,0.005048361510855633
2_002_20200624_203114(3),0,0.9623160229425126,0.9600407061126133,0.9695253580829228,0.9438533249588227,0.9589338530242179,0.010836150965714306
2_002_20200624_203114(3),1,0.9812648208515112,0.9696219195158131,0.978266656323844,0.9668055425466052,0.9739897348094434,0.00687772645255508
2_002_20200624_203114(3),2,0.9624778678833737,0.9657200186679366,0.9729231164802085,0.9693189978256375,0.9676100002142891,0.004511492354655722
2_002_20200624_203117(3),0,0.9854324768040686,0.9776977332216353,0.9836953203263917,0.9705716651585455,0.9793492988776603,0.006724767132034561
2_002_20200624_203117(3),1,0.9712272027070273,0.9712132924155202,0.9755696741380805,0.9702129776568721,0.972055786729375,0.002390236958248105
2_002_20200624_203117(3),2,0.9838438112328279,0.9738062189114755,0.980686145471868,0.9685651076589316,0.9767253208187757,0.006867102068723391
2_002_20200624_203120(3),0,0.9783120377198196,0.9724170358897227,0.9801086401638224,0.9666811827706409,0.9743797241360014,0.006093801585260024
2_002_20200624_203120(3),1,0.9787471494880211,0.9697262230800126,0.9657203373483294,0.9588399902241015,0.9682584250351162,0.008312973297697989
2_002_20200624_203120(3),2,0.9667458067816578,0.9723530593395014,0.9703148964276594,0.9658809191272162,0.9688236704190087,0.0030363159487414512
2_002_20200624_203123(3),0,0.9662210036219627,0.9641311904608442,0.9667435898440041,0.9547202706816146,0.9629540136521063,0.005603997969321938
2_002_20200624_203123(3),1,0.9756078905817337,0.9726633412082502,0.9777975446158065,0.9742830360768638,0.9750879531206635,0.0021709333942793035
2_002_20200624_203123(3),2,0.9614007894124319,0.9541837287638243,0.9701307960782579,0.9565569139996298,0.960568057063536,0.007047182348196684
2_002_20200624_203126(3),0,0.9744961345769452,0.9637284518816611,0.9800738296664077,0.9664267406486504,0.9711812891934162,0.007488123748988964
2_002_20200624_203126(3),1,0.9758216999408023,0.9711564504165169,0.9797839339348718,0.9634203405435364,0.9725456062089319,0.007031510167044651
2_002_20200624_203126(3),2,0.9543187209650307,0.9555900286636726,0.9636743665389574,0.95932819253037,0.9582278271745077,0.004207718594266904
3_001_20200624_003240(4),0,0.9759778490328497,0.9764236754571344,0.9757128964872097,0.9730432820488656,0.9752894257565148,0.0015258809483838813
3_001_20200624_003240(4),1,0.9624749421903813,0.9671699431553087,0.970087192410075,0.9660472980207424,0.9664448439441269,0.0031469897737913975
3_001_20200624_003240(4),2,0.9751078920818196,0.9669450886164532,0.9680943105980505,0.9681311814141096,0.9695696181776082,0.0037330178154914564
3_001_20200624_003244(2),0,0.9754318734002422,0.9760737666632128,0.9725278834432878,0.977010149577303,0.9752609182710114,0.0019338422632482804
3_001_20200624_003244(2),1,0.9658554985086674,0.9790155759647536,0.9646306773711655,0.9677413193977298,0.969310767810579,0.006595164948651201
3_001_20200624_003244(2),2,0.9815226063483691,0.9736023253909366,0.9840575779698183,0.969069765131349,0.9770630687101183,0.006944548993146373
3_001_20200624_003247(7),0,0.9743844365387313,0.9817190604833822,0.9692534760612731,0.97746029504425,0.9757043170319092,0.005247730662282208
3_001_20200624_003247(7),1,0.9631947489634056,0.9600647587205938,0.9572811607834236,0.9618731448337607,0.960603453325296,0.002559606038805547
3_001_20200624_003247(7),2,0.9723440745555217,0.981303430695536,0.980082385923603,0.9783460571931348,0.9780189870919489,0.003973109263989763
3_001_20200624_003251(1),0,0.9604982666653239,0.9657618121886576,0.9729262818508747,0.9761406619355388,0.9688317556600988,0.007048802437624782
3_001_20200624_003251(1),1,0.973135417431498,0.9717072299404534,0.970787880851883,0.9552114741729597,0.9677105005991986,0.00838847421342806
3_001_20200624_003251(1),2,0.9735267309363116,0.972112930347319,0.972021541298776,0.959364456601926,0.9692564147960832,0.006630536492190122
3_001_20200624_003254(3),0,0.9658627120206215,0.9687517440891761,0.9709011023626097,0.9624399195238919,0.9669888694990748,0.003668536008725227
3_001_20200624_003254(3),1,0.9768090733360759,0.9685698715494322,0.9683151379601963,0.9517015193022186,0.9663489005369807,0.0105318531744734
3_001_20200624_003254(3),2,0.9714528962437169,0.9671686725431329,0.9735418105773709,0.9755041221260946,0.9719168753725788,0.0035716224339441822
3_001_20200624_003303(5),0,0.9691582853079007,0.9580557723041949,0.9687971521862503,0.9654982352422168,0.9653773612601406,0.0051513956682502264
3_001_20200624_003303(5),1,0.9649658548968681,0.003751506522781711,0.9673424773350575,0.9831692513360526,0.72980727252269,0.4841046030351371
3_001_20200624_003303(5),2,0.9680886873584486,0.9672819774392934,0.9642845312934135,0.9704850681022672,0.9675350660483557,0.0025585828571167485
3_001_20200624_043315(2),0,0.974560959585955,0.9596334071570891,0.9762542185329242,0.9701388336695411,0.9701468547363774,0.007468084504663619
3_001_20200624_043315(2),1,0.9672146723636335,0.9691976297576859,0.9677967294765887,0.9768454937299604,0.9702636313319671,0.004466132836401096
3_001_20200624_043315(2),2,0.9727936847601542,0.9743104891550803,0.9769978219659015,0.9714039716661876,0.9738764918868309,0.0023956128378371405
3_001_20200624_043324(2),0,0.9714733394209344,0.9708558939008143,0.9762771912292874,0.9754424644759596,0.9735122222567488,0.002743720831076247
3_001_20200624_043324(2),1,0.9628598896829115,0.9707793912136627,0.977122220443764,0.9712961335688017,0.970514408727285,0.005857648758305812
3_001_20200624_043324(2),2,0.9746637759917491,0.0,0.9679581446978501,0.9780647405855417,0.7301716653187852,0.4867992192394551
3_001_20200624_043328(7),0,0.9806141789229644,0.9759015674335337,0.9837280678335696,0.9770585993686378,0.9793256033896764,0.0035545955956149313
3_001_20200624_043328(7),1,0.982875509606209,0.9731465285763067,0.9727275312301445,0.9621575101436515,0.972726769889078,0.0084633005253567
3_001_20200624_043328(7),2,0.9799001640577046,0.978318711230901,0.971910277565964,0.9837797847474941,0.9784772344005159,0.004942732734487322
3_001_20200624_043333(2),0,0.9718487070387122,0.0,0.9726706313847371,0.9800295115401862,0.7311372124909089,0.4874386853971106
3_001_20200624_043333(2),1,0.9653244408555939,0.9616021502561778,0.968019048405088,0.9608805956057646,0.9639565587806561,0.0033356514742489724
3_001_20200624_043333(2),2,0.9705195721168043,0.9589870167293356,0.976084627701688,0.9614695693761364,0.9667651964809911,0.007947554789049347
3_001_20200624_043337(8),0,0.9785572400114205,0.9715862722880411,0.9722636756070464,0.9737194617236693,0.9740316624075442,0.003145580607721301
3_001_20200624_043337(8),1,0.9796282596545185,0.9727161450594176,0.9679883310084801,0.9680920262500858,0.9721061904931256,0.005477951269927535
3_001_20200624_043337(8),2,0.9707396501058118,0.9703836926524607,0.976106086785217,0.9827675209233003,0.9749992376166975,0.005802834987983084
3_001_20200624_043349(7),0,0.9717742097772891,0.9741910226499305,0.9804119293400394,0.9774669441493717,0.9759610264791577,0.0037745053520071726
3_001_20200624_043349(7),1,0.9842167212022698,0.9595291767359505,0.9779828692577165,0.9641747353915695,0.9714758756468767,0.011557110008040961
3_001_20200624_043349(7),2,0.966422312419664,0.9704689453902703,0.9554212471073129,0.9735426699011496,0.9664637937045992,0.007918149705614316
3_001_20200624_083150(7),0,0.9598655265231932,0.9761155960928647,0.9737823728965297,0.9797413724081748,0.9723762169801906,0.008693352264777363
3_001_20200624_083150(7),1,0.9801553932519785,0.9813601394057133,0.9641764543094292,0.9729062556332593,0.9746495606500951,0.0079177254452681
3_001_20200624_083150(7),2,0.977121008883356,0.9720153233751787,0.9737198838140455,0.9810196460128325,0.9759689655213531,0.0039802107180859116
3_001_20200624_083153(8),0,0.9766818425187723,0.9718281379679303,0.9657586017947525,0.9772533979770757,0.9728804950646326,0.005335458166995939
3_001_20200624_083153(8),1,0.9676293492543405,0.9715108912351915,0.9747927328993774,0.9734812572180207,0.9718535576517325,0.003122473051502885
3_001_20200624_083153(8),2,0.9736641565100745,0.9678915507213409,0.9690180038753208,0.9732619675313685,0.9709589196595261,0.002932475757324275
3_001_20200624_083156(9),0,0.9807917169726552,0.9723906163220085,0.9654857145960236,0.9687818038342735,0.9718624629312402,0.0065869543681106955
3_001_20200624_083156(9),1,0.963230005159084,0.9640563295117024,0.9722440134472686,0.9595094762362829,0.9647599560885844,0.005367013242449143
3_001_20200624_083156(9),2,0.9751159363730854,0.9713594299268142,0.9541817109258868,0.9730688322642158,0.9684314773725006,0.009623163070868237
3_001_20200624_083159(6),0,0.9523519389617131,0.9646144761506561,0.9641140773838401,0.9703596202013849,0.9628600281743986,0.007556775030705636
3_001_20200624_083159(6),1,0.00031346293223665894,0.9806416631538353,0.9730021561442087,0.979257627021552,0.7333037273129581,0.4886714778352224
3_001_20200624_083159(6),2,0.9720782711214557,0.9718521721005302,0.968076999093786,0.9738644372854856,0.9714679699003144,0.002433229530897457
3_001_20200624_083202(6),0,0.0,0.0,0.0,0.0,0.0,0.0
3_001_20200624_083202(6),1,0.9528495533344675,0.9579073255709637,0.9607878846204052,0.9650795514476515,0.9591560787433719,0.005134262898002705
3_001_20200624_083202(6),2,0.9669704227992955,0.9758354518034358,0.9656876471321211,0.9550880503995671,0.9658953930336048,0.008501024850253575
3_001_20200624_083205(7),0,0.0,0.0,0.0,0.0,0.0,0.0
3_001_20200624_083205(7),1,0.9779278836614443,0.972911526189204,0.9782601313759616,0.9764803028470272,0.9763949610184093,0.002447469014393844
3_001_20200624_083205(7),2,0.9572613429946367,0.9742606550855881,0.956063674920785,0.963225582063621,0.9627028137661576,0.008317546742147375
3_001_20200624_123313(4),0,0.011149812977552355,0.005756249268104822,0.0005859620814432021,0.9739447287535621,0.24785918827016562,0.48407624121058307
3_001_20200624_123313(4),1,0.9806762484351138,0.9862561912514157,0.978018674090773,0.9695882913947599,0.9786348512930156,0.006939549586502118
3_001_20200624_123313(4),2,0.9720904582206288,0.0,0.9647076816878197,0.9602557832501215,0.7242634807896424,0.4828669868311799
3_001_20200624_123317(8),0,0.9658625664387075,0.9662653692569821,0.9688033811570453,0.9687916624917097,0.9674307448361112,0.0015867693658690389
3_001_20200624_123317(8),1,0.0,0.0,0.9690881388375286,0.9603509189997582,0.4823597644593217,0.5569925011411004
3_001_20200624_123317(8),2,0.9842326171377773,0.9758973858192014,0.9683412946054175,0.9731789841159142,0.9754125704195775,0.006658831716819805
3_001_20200624_123322(3),0,0.9767334862054042,0.9744418203096221,0.9821854496420513,0.9735465529135607,0.9767268272676597,0.003878659748473292
3_001_20200624_123322(3),1,0.9720140978213766,0.9729648636720285,0.9721166875706263,0.9740100591677856,0.9727764270579543,0.0009262394571620465
3_001_20200624_123322(3),2,0.0,0.0,0.0,0.0,0.0,0.0
3_001_20200624_123326(6),0,0.9787958601002469,0.9741227904635322,0.9712876065493178,0.9758879447774065,0.9750235504726259,0.0031488697989841973
3_001_20200624_123326(6),1,0.9716107728403941,0.9732750121422493,0.968597054688813,0.9737419444984352,0.9718061960424729,0.002326751761247421
3_001_20200624_123326(6),2,0.9726863660287071,0.9628352689133084,0.9670092071734177,0.9722223773990666,0.9686883048786249,0.0046744540021432125
3_001_20200624_123331(2),0,0.9686292614008319,0.9707826395440412,0.9728747490703016,0.9791443846498541,0.9728577586662572,0.0045353523724388665
3_001_20200624_123331(2),1,0.954621945859727,0.9525347064299609,0.9527941467079384,0.9629433949159135,0.9557235484783849,0.004902034246222719
3_001_20200624_123331(2),2,0.9719043368168726,0.9718064962094393,0.9674792055672321,0.9628129162326835,0.9685007387065568,0.004316918932658868
3_001_20200624_123335(6),0,0.0,0.0005517282441168155,0.970358849540252,0.9639572099285996,0.4837169469282421,0.5582358417001867
3_001_20200624_123335(6),1,0.9663544599709566,0.9679457893568926,0.9802739489650498,0.9655816365664044,0.9700389587148258,0.006893949886471792
3_001_20200624_123335(6),2,0.9706708651073526,0.9740139658684025,0.977960538834531,0.9685634203132202,0.9728021975308766,0.0041063640733746305
3_001_20200624_162816(3),0,0.0,0.0,0.0,0.0,0.0,0.0
3_001_20200624_162816(3),1,0.9653616489560503,0.9680590144994773,0.9668254098452442,0.9705147190916379,0.9676901980981024,0.0021820437064121864
3_001_20200624_162816(3),2,0.9667602982846635,0.9728719227669503,0.9755772594594619,0.9742856663018287,0.972373786703226,0.0039020043167077335
3_001_20200624_162821(2),0,0.970878241658869,0.9745044626426955,0.9712274460914727,0.9633308621540654,0.9699852531367756,0.004727389898117207
3_001_20200624_162821(2),1,0.9753083714994901,0.964425043284636,0.9764875001074945,0.9688421271166802,0.9712657605020752,0.0056650589587692686
3_001_20200624_162821(2),2,0.9710148039363045,0.9713106377917662,0.976613072580389,0.9631453728753602,0.970520971795955,0.005549191952376591
3_001_20200624_162831(2),0,0.9684650731102028,0.9738414074657256,0.9831245255500289,0.9847652315517263,0.9775490594194209,0.0077335729796005215
3_001_20200624_162831(2),1,0.0,0.0,0.9729168623937398,0.00376482893567219,0.244170422832353,0.48583420132197147
3_001_20200624_162831(2),2,0.9715636050095594,0.9775181853440116,0.9682655364947356,0.9710660048333958,0.9721033329204256,0.003890872393699691
3_001_20200624_162835(8),0,0.9853978948278085,0.9763719003458892,0.974633273460834,0.9761520243983214,0.9781387732582133,0.004900761359631628
3_001_20200624_162835(8),1,0.9788437612539398,0.9740868033608067,0.9779076850884032,0.9772843329267789,0.977030645657482,0.0020645541106824247
3_001_20200624_162835(8),2,0.9666043778022039,0.0,0.9610257670186197,0.0003255499494970724,0.4819889236925801,0.556369590528201
3_001_20200624_203149(7),0,0.9798767991393826,0.9795577876464197,0.9734196940344993,0.9734585638262839,0.9765782111616463,0.0036270735961191998
3_001_20200624_203149(7),1,0.9800062619071784,0.9790841501742948,0.9723821800402694,0.975100927123357,0.9766433798112749,0.0035498037381817334
3_001_20200624_203149(7),2,0.9786407399637711,0.9770743870310861,0.9735000265737913,0.9761288117360183,0.9763359913261667,0.0021558226549566006
3_001_20200624_203154(3),0,0.9668465352912329,0.9798514439039524,0.9678436938341018,0.97465365364954,0.9722988316697068,0.006114543511185462
3_001_20200624_203154(3),1,0.9662644645627501,0.9638562656814479,0.9672668451628924,0.9592835305181815,0.964167776481318,0.003556834979340742
3_001_20200624_203154(3),2,0.9715223690713342,0.9727085745554842,0.9764053737592743,0.9682823560451516,0.972229668357811,0.00335397344057775
3_001_20200624_203203(1),0,0.9574473212584732,0.930251654392934,0.9714410398525127,0.9471464190429697,0.9515716086367224,0.01735358798203139
3_001_20200624_203203(1),1,0.9801612253127395,0.9839817740008956,0.9670025200968552,0.970910838840734,0.9755140895628062,0.007893758766800886
3_001_20200624_203203(1),2,0.9739993993722778,0.9761310591718416,0.9574418813306939,0.9611099275332297,0.9671705668520107,0.009279045337544886
3_001_20200624_203207(8),0,0.9738766468543834,0.9688321822257977,0.9695433527335793,0.9684081696203343,0.9701650878585236,0.002518307888693764
3_001_20200624_203207(8),1,0.9638591600559596,0.9595644905161075,0.9730533741911584,0.9614671927699403,0.9644860543832914,0.005975708647718332
3_001_20200624_203207(8),2,0.9756966322559547,0.9695785191129619,0.9732727872233566,0.9756966935298719,0.9735611580305363,0.002890520858862667
3_001_20200624_203212(2),0,0.9715600785181259,0.9654645628219866,0.9741634958482589,0.961045408847771,0.9680583865090356,0.005928574420192739
3_001_20200624_203212(2),1,0.9825532592606974,0.983238060559227,0.9748533001676187,0.9696802472852665,0.9775812168182023,0.006495843182971044
3_001_20200624_203212(2),2,0.9718365425641868,0.9711784130089068,0.9547229179865012,0.970372802053397,0.967027668903248,0.008224977273179132
3_001_20200624_203225(8),0,0.9770614090350163,0.971183251884801,0.9676238018201863,0.9698100778593912,0.9714196351498487,0.004036686551995929
3_001_20200624_203225(8),1,0.9715616178093798,0.9693000725639501,0.9678455374548403,0.9664280860076797,0.9687838284589625,0.002191843528206235
3_001_20200624_203225(8),2,0.9645971111475874,0.9593809273730045,0.9691273323082522,0.9679640628621543,0.9652673584227497,0.004369245363657688
1_002_20200622_203053(2),0,0.9800630665106465,0.9742979735164922,0.9733541418036369,0.9720250242396804,0.974935051517614,0.0035435359191229618
1_002_20200622_203053(2),1,0.9752262934938213,0.9749389868708201,0.9816803568294029,0.9840297923407291,0.9789688573836933,0.00459027714136916
1_002_20200622_203053(2),2,0.9754332425044526,0.9759073923858042,0.982959008886463,0.9732775218591322,0.9768942914089631,0.004202001651663988
1_002_20200622_203057(3),0,0.9676756039380867,0.977076070059946,0.9772984433425513,0.9732604435212185,0.9738276402154507,0.004500667848577208
1_002_20200622_203057(3),1,0.9813776316226887,0.9792837199194984,0.9787859430275376,0.9753992453051549,0.9787116349687198,0.0024773821075736026
1_002_20200622_203057(3),2,0.9597617253481909,0.9547198710771899,0.9706358141049238,0.9671716372449274,0.9630722619438081,0.007181789120013495
1_002_20200622_203101(3),0,0.9800032545519092,0.9755202245350736,0.9788295551833157,0.9729104522100014,0.976815871620075,0.003222076638053272
1_002_20200622_203101(3),1,0.9703549841462924,0.9718651859857682,0.9793945013711478,0.979124570271434,0.9751848104436607,0.004746589435573422
1_002_20200622_203101(3),2,0.9770894332493617,0.9796340840841384,0.9716283321932518,0.9693499602563587,0.9744254524457777,0.004754336264153685
1_002_20200622_203105(4),0,0.9715124900626686,0.9714855769549486,0.9663191969018491,0.9771301530574258,0.971611854244223,0.004415490260810693
1_002_20200622_203105(4),1,0.972848339426286,0.9700468746225023,0.9757005841906495,0.9744901650616457,0.9732714908252709,0.0024469619417930534
1_002_20200622_203105(4),2,0.9615414820871039,0.9691844622464686,0.9652982905365319,0.971675727531822,0.9669249906004815,0.004446085563784719
1_002_20200622_203109(3),0,0.9738380315034763,0.9808739530706675,0.9720401434243373,0.9777518877667623,0.9761260039413108,0.003962978391280857
1_002_20200622_203109(3),1,0.9796101586324027,0.9795478645043929,0.9746045899265562,0.9764431545425782,0.9775514419014826,0.002458743257548228
1_002_20200622_203109(3),2,0.9710873220208592,0.9668915322900399,0.969849992090195,0.9643427537101424,0.9680429000278091,0.0030304464705949003
1_002_20200622_203121(4),0,0.9804046625755031,0.9785597666833056,0.9742399229545932,0.9791085498636273,0.9780782255192573,0.0026732206606672766
1_002_20200622_203121(4),1,0.9793229108215482,0.9854657277851188,0.9772286552635612,0.9821553150321687,0.9810431522255993,0.00357331304019043
1_002_20200622_203121(4),2,0.9741866125704887,0.9695943736588147,0.9747488175520261,0.971756981913359,0.9725716964236721,0.002371780003023538
1_002_20200905_123103(4),0,0.9722797672754053,0.9640040707834316,0.972874682571595,0.9721557648290846,0.970328571364879,0.004227993665975362
1_002_20200905_123107(5),0,0.9664717414093399,0.9729395822149762,0.9738934078563254,0.9671945135771418,0.9701248112644458,0.003832180392360596
1_002_20200905_123111(6),0,0.9682854542840424,0.9705046804785368,0.9688285215906631,0.9731684436990544,0.9701967750130742,0.0021947577627962514
1_002_20200905_163920(4),0,0.9733965679334957,0.9662885438873848,0.969573329627287,0.9655347754848623,0.9686983042332574,0.0035895315527069227
1_002_20200905_163924(2),0,0.9764276800649087,0.9781819769204141,0.9697448970568301,0.97334282178478,0.9744243439567332,0.0037058545820318725
1_002_20200905_163928(3),0,0.9810697845279591,0.974087156776693,0.9746643552232809,0.9732025596338119,0.9757559640404362,0.003593192161602283
1_002_20200905_163932(3),0,0.9601753955353632,0.9733307212336236,0.9728857085951284,0.9700352314407192,0.9691067642012086,0.006130623443123185
1_002_20200905_163936(3),0,0.9760620637814063,0.9727758074615028,0.9729107622279095,0.9716049561319914,0.9733383974007025,0.0019081017151561105
1_002_20200905_163940(2),0,0.9793938307466532,0.9734365977642366,0.9778634035162663,0.9661535933567877,0.9742118563459861,0.005936421023299335
1_002_20200905_203836(3),0,0.974350357770557,0.9748502104793458,0.9720558118358041,0.9728037250512666,0.9735150262842434,0.001305852439015286
1_002_20200905_203840(3),0,0.9630608662337762,0.9606858076213479,0.9746018679580184,0.9769919654010111,0.9688351268035383,0.008155628071230355
1_002_20200905_203844(2),0,0.9754057363932591,0.9730342242743044,0.9703256728273277,0.9527703645153981,0.9678839995025723,0.010287291062316333
1_002_20200905_203848(4),0,0.9781440291919139,0.9705480992968091,0.9801011086092818,0.9755556674830762,0.9760872261452703,0.004135463378400656
1_002_20200905_203856(3),0,0.9665710524437388,0.9666009957092957,0.963806852728261,0.9637377699489174,0.9651791677075532,0.001624788589976701
1_002_20200905_203900(3),0,0.9697220051463632,0.9640684749808942,0.9737700871620014,0.9718464842134272,0.9698517628756715,0.004195054007214277
2_002_20200622_203136(3),0,0.9790877679213158,0.9769891103000304,0.9774983245696147,0.9773275186997872,0.977725680372687,0.0009323878558160814
2_002_20200622_203136(3),1,0.976419280801043,0.9770340751402353,0.9756618920669098,0.9801183345180536,0.9773083956315605,0.0019555482989041563
2_002_20200622_203136(3),2,0.9802501969805989,0.9706240997608246,0.9777027588126156,0.976647158664693,0.976306053554683,0.004078725477129199
2_002_20200622_203140(8),0,0.9868925262397563,0.982582397726856,0.9753678641943083,0.9831473042950043,0.9819975231139813,0.004815859496481966
2_002_20200622_203140(8),1,0.9760748266822805,0.979486772328771,0.9754921635007073,0.9809201034280645,0.9779934664849559,0.002628869303925246
2_002_20200622_203140(8),2,0.9836474507832121,0.981468496145631,0.9760042754698954,0.9760936488976119,0.9793034678240876,0.00386200048821728
2_002_20200622_203145(3),0,0.9808340800575833,0.9783573321713304,0.9743909234028911,0.9764467774910713,0.977507278280719,0.002746302443219247
2_002_20200622_203145(3),1,0.982165595865658,0.9783458130586716,0.9720933798067548,0.9791395214489838,0.977936077545017,0.004228557772514426
2_002_20200622_203145(3),2,0.9751768089054584,0.9787741159117772,0.9757535067147467,0.9750461760451118,0.9761876518942735,0.0017514802133246994
2_002_20200622_203149(8),0,0.9760082107859754,0.980625070047949,0.9796315225592838,0.9834491527667165,0.9799284890399812,0.003073384066296709
2_002_20200622_203149(8),1,0.9809672212065925,0.9800616942673195,0.9726878254826518,0.9737904961881907,0.9768768092861886,0.004240592563419371
2_002_20200622_203149(8),2,0.9693306846002008,0.9734585638262839,0.9803425072712315,0.9727073386316121,0.973959773582332,0.004618353193987515
2_002_20200622_203154(3),0,0.9752191251369513,0.9809513214239882,0.9772077810583041,0.9796806011078357,0.9782647071817698,0.00255703699090349
2_002_20200622_203154(3),1,0.9710056536414585,0.9749468417814755,0.9739278202427955,0.9782396340681543,0.9745299874334709,0.0029843357555026334
2_002_20200622_203154(3),2,0.9782674188881295,0.9797452580951543,0.9848997798387537,0.9770860587474477,0.9799996288923712,0.003443139376014964
2_002_20200622_203158(8),0,0.9853391666688642,0.9812838574719022,0.9757568300289055,0.982357148865041,0.9811842507586782,0.004004407299626777
2_002_20200622_203158(8),1,0.9738537868008655,0.9732670324775554,0.973832972343166,0.9710584268954637,0.9730030546292626,0.0013246093722427434
2_002_20200622_203158(8),2,0.982059790970731,0.9780196042661907,0.9811661349752007,0.9767867448578447,0.9795080687674917,0.0025087580024453528
2_002_20200831_163149(1),0,0.9809757972315851,0.9794344389473176,0.9816108950268101,0.9765151775949761,0.9796340772001721,0.0022712266540134496
2_002_20200831_163150(6),0,0.976011993907722,0.9720405970175289,0.9797259497977963,0.9793991500033127,0.97679442268159,0.003586526122589193
2_002_20200831_203101(4),0,0.9785960302451416,0.9822103987171672,0.9757439018797051,0.9790732209511812,0.9789058879482988,0.00264839318893599
2_002_20200831_203105(9),0,0.9828017102502659,0.9824350980141116,0.984994545862816,0.9853820907625351,0.9839033612224322,0.0014996395884306795
2_002_20200904_230054(2),0,0.9850875222365667,0.9806922048927814,0.980487762794781,0.9829063066474275,0.9822934491428892,0.0021607811172451082
2_002_20200904_230057(6),0,0.9746220138275414,0.9795443667056283,0.9747063390886794,0.9872336784555257,0.9790265995193438,0.005935465520330808
2_002_20200904_230105(4),0,0.9861694414066512,0.9851900118306361,0.9725139605855841,0.981214058459085,0.9812718680704892,0.006219387980972351
2_002_20200905_003315(2),0,0.9794527501335847,0.9790178160050645,0.9793677821989399,0.9810193210236418,0.9797144173403077,0.0008900660446181514
2_002_20200905_003319(2),0,0.9736370353622917,0.980344593326441,0.9767793183027179,0.9844408618186734,0.9788004522025311,0.004652757180979244
2_002_20200905_003323(3),0,0.9766097563047258,0.9729245110484859,0.9811463850126391,0.9839760418085217,0.9786641735435931,0.004883362024606776
2_002_20200905_003327(3),0,0.9760146438550553,0.9835790366621857,0.9749582135441219,0.9841393784433174,0.9796728181261701,0.004858615704112407
2_002_20200905_003331(2),0,0.9812268344217265,0.9853768846832663,0.9802578557239229,0.9777094998743416,0.9811427686758143,0.0031887934504965
2_002_20200905_003335(3),0,0.9801220364036985,0.9773676688753595,0.9857699667164112,0.9829459867197087,0.9815514146787945,0.00361883331441019
2_002_20200905_043156(0),0,0.9806618424542137,0.9794370542483619,0.9695376137426969,0.9797967516903946,0.9773583155339168,0.00523907727729697
2_002_20200905_043200(0),0,0.981309506326987,0.9763633164413219,0.9763936900054571,0.9700402405871609,0.9760266883402318,0.004618575945106665
2_002_20200905_043204(0),0,0.9760914190580925,0.9822464218382206,0.9732928174400368,0.9790776279428721,0.9776770715698055,0.003854715648479516
2_002_20200905_043208(0),0,0.9738136350813058,0.9752948849763907,0.9793434533284896,0.9702439441590981,0.974673979386321,0.003766294159426008
2_002_20200905_043212(1),0,0.9759793272911316,0.9778372430523629,0.9823566692177959,0.9814753416168784,0.9794121452945421,0.0030106232309427515
2_002_20200905_043216(0),0,0.9738861701581936,0.9796217597061141,0.9765232033920437,0.9768701152219866,0.9767253121195845,0.002346057087587407
2_002_20200905_083407(3),0,0.9773931348769945,0.9778640903929994,0.9752308816803456,0.965971720843759,0.9741149569485246,0.005548574422925638
2_002_20200905_083410(5),0,0.977962516814945,0.9802506630718895,0.9846787393294795,0.9793693604658568,0.9805653199205427,0.002899662692451433
2_002_20200905_083413(6),0,0.9694705728949,0.9760696575016281,0.971983105023193,0.9803947081400756,0.9744795108899491,0.004790254928649717
2_002_20200905_083416(3),0,0.976263594243939,0.9835773336972495,0.980675953980577,0.9859197037268742,0.9816091464121599,0.004159344565760319
2_002_20200905_083419(3),0,0.977842408194956,0.9743423643491093,0.9786996486916065,0.9798233609687086,0.9776769455510952,0.002366419978063321
2_002_20200905_083422(4),0,0.9759379412026657,0.9783348249600273,0.9774875975574082,0.9772877930943066,0.977262039203602,0.000992579909315556
2_002_20200905_123055(0),0,0.0,0.0,0.9708291646900202,0.0,0.24270729117250506,0.4854145823450101
2_002_20200905_123058(4),0,0.983780997565959,0.9754930369137476,0.97541837493084,0.9763034658941897,0.977748968826184,0.004041276454390778
2_002_20200905_123102(0),0,0.9736121079909602,0.9788550805839921,0.9751041498953398,0.9767067294289208,0.9760695169748033,0.002246196551543953
2_002_20200905_123105(0),0,0.9756960501480691,0.9747825648729003,0.972315621296739,0.9731643431964457,0.9739896448785385,0.0015301436621252987
2_002_20200905_123108(4),0,0.9808273628677913,0.9787039262241856,0.9782841622068528,0.9870602415272469,0.9812189232065192,0.004050199631674321
2_002_20200905_123112(0),0,0.9670695874760016,0.971896801391956,0.9799693975471104,0.9825655024580338,0.9753753222182755,0.007162158816897189
2_002_20200905_163922(9),0,0.9863284332366306,0.9849171784889134,0.9705787509608141,0.9698877655448808,0.9779280320578096,0.008908286891842645
2_002_20200905_163926(4),0,0.9723226776086387,0.9856766609480786,0.974586428818222,0.9826614445098453,0.9788118029711961,0.0063746516172119355
2_002_20200905_163929(7),0,0.9733879272607463,0.9701991697842826,0.9834957222547736,0.9856713053413126,0.9781885311602788,0.007550582312075856
2_002_20200905_163932(9),0,0.9831906991589081,0.9782811511646081,0.9808164913063527,0.9770629948685663,0.9798378341246088,0.002727787171099003
2_002_20200905_163936(2),0,0.9847704563091697,0.9767929257485981,0.9790620584962157,0.9755916360527551,0.9790542691516846,0.0040734243685041655
2_002_20200905_163939(7),0,0.9797767270054735,0.9834285062163901,0.9739211707590354,0.9815230512089087,0.9796623637974519,0.004107731036739979
2_002_20200905_204033(3),0,0.973931800718914,0.9755258195258495,0.9680090759479533,0.971164821387694,0.9721578793951027,0.003300936828463746
2_002_20200905_204039(5),0,0.9746906314533538,0.9718713266790489,0.979307080821812,0.9737245048306212,0.9748983859462089,0.003163375681973449
2_002_20200905_204042(9),0,0.9776092390509343,0.9762805419340264,0.9802263984362755,0.968225646687064,0.975585456527075,0.00517313515876433
2_002_20200905_204046(0),0,0.9728311771953277,0.9763082572158801,0.9757035963294858,0.9744766345480198,0.9748299163221783,0.00153498910553308
2_002_20200905_204049(1),0,0.9768290687920009,0.9734524465460133,0.9818750641941719,0.9745602307094569,0.9766792025604107,0.003738156144685402
2_002_20200905_204052(3),0,0.9736429580365922,0.9737860458946229,0.9639944622692241,0.9788027871307303,0.9725565633327924,0.006191843214503318
3_001_20200622_203305(8),0,0.0,0.0,0.0,0.0,0.0,0.0
3_001_20200622_203305(8),1,0.9654704660536859,0.9713249630316525,0.9765995968319902,0.9753777229417486,0.9721931872147693,0.005016855142183908
3_001_20200622_203305(8),2,0.9661230978637559,0.9666719631249238,0.9617058193545838,0.9692740813057129,0.9659437404122441,0.0031418477987932955
3_001_20200622_203309(1),0,0.9639913556304789,0.9702529332523795,0.971951540577996,0.96827143537382,0.9686168162086686,0.00343081327003649
3_001_20200622_203309(1),1,0.9641828068588961,0.9669097320309846,0.9637165341863752,0.9541564984944283,0.962241392892671,0.005570877781394125
3_001_20200622_203309(1),2,0.9541384272063662,0.9615433163615886,0.968538908648699,0.9708391537498067,0.9637649514916151,0.007537476080513274
3_001_20200622_203312(6),0,0.967407037349797,0.9656680956208435,0.9673500049059467,0.9686037484611224,0.9672572215844274,0.001206856725285947
3_001_20200622_203312(6),1,0.9669723699593845,0.9701647954114945,0.9758847260806944,0.9649617613731233,0.9694959132061742,0.0047676387137242406
3_001_20200622_203312(6),2,0.9590598628819627,0.9669439531231165,0.9697777537288128,0.972777641153162,0.9671398027217635,0.005889759264300411
3_001_20200622_203316(0),0,0.0,0.965319254925264,0.0,0.0,0.241329813731316,0.482659627462632
3_001_20200622_203316(0),1,0.9745178023784851,0.9682756090650165,0.9677496736216123,0.9621201781323394,0.9681658157993633,0.0050689478584668565
3_001_20200622_203316(0),2,0.0,0.0,0.9672419584519142,0.9746104234931096,0.48546309548625594,0.5605725690324498
3_001_20200622_203319(4),0,0.963114387309684,0.9615582645146531,0.966705300186927,0.9632486757480646,0.9636566569398322,0.0021724012384703893
3_001_20200622_203319(4),1,0.9652941876337202,0.9675459197819989,0.9655463355073743,0.9736550389368864,0.9680103704649949,0.003895600682812568
3_001_20200622_203319(4),2,0.9655613176349713,0.9630971406069299,0.9614355711619521,0.967102984639886,0.9642992535109349,0.0025231901848308457
3_001_20200622_203330(3),0,0.9665770401822034,0.9740576073599367,0.9774846037605747,0.9717801828279502,0.9724748585326661,0.004577826148168174
3_001_20200622_203330(3),1,0.9637489046803075,0.9512523862969254,0.9677010942221878,0.960910623785327,0.960903252246187,0.007010650498032721
3_001_20200622_203330(3),2,0.9608052879765973,0.9508751663188239,0.9665065787919543,0.9688961586427574,0.9617707979325332,0.008017592808649816
3_001_20200811_003323(2),0,0.9602142292069622,0.9618026750112392,0.9674235093535779,0.9634636521022658,0.9632260164185112,0.0030968898714373444
3_001_20200811_003327(0),0,0.9536957798005379,0.9555836553117388,0.9591581103977836,0.9554706601370272,0.9559770514117719,0.0022901622250666833
3_001_20200811_043037(3),0,0.966057865610247,0.9539754155974842,0.9532865153763574,0.9444313873352892,0.9544377959798445,0.008882444761498009
3_001_20200811_043041(6),0,0.9727167016515857,0.9651403065705629,0.9492576715807282,0.931810163445385,0.9547312108120654,0.018139838288057538
3_001_20200815_003438(6),0,0.9592876325596382,0.957234182356616,0.9719043709618328,0.9583058179544249,0.961683000958128,0.006865652348388078
3_001_20200815_003529(0),0,0.9660330105194683,0.9604127196044109,0.9483237156904167,0.936208435143631,0.9527444702394818,0.013271157680848725
3_001_20200819_003039(4),0,0.9602683860685309,0.9629620268592508,0.9638235699338664,0.9651270370195861,0.9630452549703086,0.002054062519279158
3_001_20200819_003044(1),0,0.9610780391845544,0.957142722031095,0.9674655338201852,0.9667962334129556,0.9631206321121976,0.004909032850437181
3_001_20200819_043209(9),0,0.9724590342469789,0.9773455388278471,0.9639129976336133,0.9740493637544501,0.9719417336157223,0.0057262965631017255
3_001_20200819_043216(0),0,0.9562030201300615,0.9723963217830148,0.9581131665387547,0.9672028886031083,0.9634788492637348,0.007640201258712037
3_001_20200819_083353(5),0,0.9655097249087015,0.9575090021096647,0.9629413038264074,0.9429505929445086,0.9572276559473205,0.010085503160751602
3_001_20200819_083401(0),0,0.9640386913809055,0.9673738183530075,0.960931271125593,0.9650897504890324,0.9643583828371346,0.002675509129318635
3_001_20200819_124414(0),0,0.9468120253250603,0.9477895569394638,0.9574327238767908,0.9548630236353809,0.9517243324441739,0.005229733410882298
3_001_20200819_124415(9),0,0.9601282416779097,0.9446923895206899,0.9707377482550935,0.9552615754312248,0.9577049887212294,0.010817007941497158
3_001_20200819_162723(4),0,0.9698835649604959,0.965856107402073,0.9428501964594445,0.9407782233205751,0.9548420230356471,0.015156433232207679
3_001_20200831_083711(6),0,0.9576264384186135,0.9673226102954222,0.96693667491624,0.9746720528028009,0.9666394441082692,0.006983603086127493
3_001_20200831_083714(8),0,0.9576303147313662,0.9561840364666758,0.9683016911997768,0.9639214618733519,0.9615093760677927,0.005637968354662982
3_001_20200831_123316(5),0,0.9686781852848015,0.9637896993952726,0.9696549877636778,0.969996535312846,0.9680298519391495,0.00288144290607846
1_002_20200625_003116(4),0,0.9778935543537246,0.9726084506130529,0.9747986497306483,0.9713600420265515,0.9741651741809942,0.0028632303816546823
1_002_20200625_003116(4),1,0.9753627067848506,0.9763107528324646,0.971259385360242,0.9555604656165668,0.9696233276485311,0.009628134153393702
1_002_20200625_003116(4),2,0.9695118143033983,0.9605688392830123,0.9562534103105608,0.9687867643117487,0.96378020705218,0.0064519374199811
1_002_20200625_003120(7),0,0.9787153825257916,0.973797224563441,0.9776429165014643,0.9653250170321374,0.9738701351557086,0.006075487932680219
1_002_20200625_003120(7),1,0.9847962461238267,0.9737900101399342,0.978337454955188,0.9693506172159376,0.9765685821087216,0.006599061692685661
1_002_20200625_003120(7),2,0.9720443729642867,0.9736833163071884,0.9771333665642981,0.9728233976948331,0.9739211133826516,0.002243676468158458
1_002_20200625_003125(4),0,0.9734389106232475,0.9739516317808484,0.9733112269593378,0.9711921505487627,0.9729734799780491,0.0012193733628139624
1_002_20200625_003125(4),1,0.9645412929661173,0.9729417284014802,0.9635692218532819,0.9488583709634529,0.9624776535460831,0.010007194906167713
1_002_20200625_003125(4),2,0.9520866623849207,0.9636794276131148,0.9636897287711688,0.9639278919755171,0.9608459276861803,0.005840638062903664
1_002_20200625_003130(0),0,0.9789870188590946,0.9707497095569275,0.9802400025923066,0.9746953666001567,0.9761680244021212,0.004322599252499407
1_002_20200625_003130(0),1,0.9769891004882423,0.9759920416025277,0.9763916706558033,0.9677892193176347,0.974290508016052,0.0043535141765291925
1_002_20200625_003130(0),2,0.9743821217804836,0.9739700976474861,0.9729039965871162,0.9649184251005776,0.9715436602789158,0.004460520075775
1_002_20200625_003134(4),0,0.9787596726613131,0.9754936945272366,0.9821357988809097,0.9819779507377466,0.9795917792018016,0.0031439121076175303
1_002_20200625_003134(4),1,0.9709575229346812,0.966961975465974,0.9717472677272466,0.9590293546088607,0.9671740301841906,0.0058197945682278915
1_002_20200625_003134(4),2,0.9732854882152224,0.9719340196572575,0.9672283496735423,0.9788075953316535,0.9728138632194189,0.004765128226149736
1_002_20200625_003139(0),0,0.9823860574438031,0.9690208499102934,0.9877042943395619,0.9723055465315601,0.9778541870563046,0.008686727797982064
1_002_20200625_003139(0),1,0.9799387191027279,0.9772583110998749,0.9720996751500833,0.9749765736290908,0.9760683197454443,0.003333572663841882
1_002_20200625_003139(0),2,0.9721811456130723,0.9693540721575871,0.9702463105380431,0.9650715468454168,0.9692132687885299,0.0030027295551822743
1_002_20200625_042934(9),0,0.9781330148046357,0.9762690136529028,0.9698478297596099,0.9695659615619902,0.9734539549447847,0.004394647809097855
1_002_20200625_042934(9),1,0.9677611389411545,0.9711094875441774,0.9810764165766599,0.968102631073821,0.9720124185339531,0.006227122423989068
1_002_20200625_042934(9),2,0.9731750386935709,0.9700097214304447,0.9737628022922934,0.9720957576708485,0.9722608300217894,0.0016519117175759711
1_002_20200625_042939(2),0,0.9820911622035925,0.9815084172681363,0.9743138939850625,0.9691875896191883,0.9767752657689949,0.00617232150896983
1_002_20200625_042939(2),1,0.9694678680305386,0.9655591319519161,0.9633687435433363,0.9563721617060826,0.9636919763079684,0.005493370568715621
1_002_20200625_042939(2),2,0.9653514058228855,0.9611585861789617,0.9702310513956495,0.9698036199758261,0.9666361658433307,0.004266554234405715
1_002_20200625_042943(7),0,0.9789083045206631,0.9721634848835486,0.9824164744892333,0.9760841533638868,0.9773931043143329,0.004343284147618105
1_002_20200625_042943(7),1,0.9670811386730948,0.9645362461164602,0.9723392945152538,0.9641885536293194,0.967036308233532,0.003763140981833865
1_002_20200625_042943(7),2,0.9709714691505864,0.9641787094298758,0.9601482055814216,0.9634496386936974,0.9646870057138952,0.004541828911524248
1_002_20200625_042948(3),0,0.9818701192178091,0.9694182258035298,0.9748320437044693,0.9757623137835194,0.9754706756273319,0.005101566121770376
1_002_20200625_042948(3),1,0.968788911194497,0.9689194825067214,0.9584122209353145,0.9647434727082088,0.9652160218361855,0.004932753412378185
1_002_20200625_042948(3),2,0.9762881148541248,0.976078753500151,0.9765792284597227,0.9763322732904933,0.976319592526123,0.0002053987179988634
1_002_20200625_042952(8),0,0.9693052980067306,0.9746124170153496,0.9706061033262227,0.9684989383439414,0.9707556891730611,0.002713747987265325
1_002_20200625_042952(8),1,0.9654246884164156,0.9608003352388005,0.9710096637237771,0.9603197055457665,0.9643885982311898,0.0049780689066174005
1_002_20200625_042952(8),2,0.9682132091004786,0.9730049611803188,0.973777284077767,0.9636678029873486,0.9696658143364782,0.0046953980020940055
1_002_20200625_042957(3),0,0.9742891694075785,0.9807978566130476,0.9803904821150337,0.9784516285104269,0.9784822841615217,0.00297692494120658
1_002_20200625_042957(3),1,0.9791636284091251,0.9727800859305077,0.9792467989316784,0.9694279406748877,0.9751546134865497,0.004873443169293048
1_002_20200625_042957(3),2,0.9742638517362499,0.9621369143652595,0.968051237988715,0.9584356771622828,0.9657219203131268,0.006936183392678543
1_002_20200714_042641(8),0,0.9807799339793619,0.9784437302985018,0.9813894357796256,0.9720087866178815,0.9781554716688428,0.00428995557251473
1_002_20200714_042641(8),1,0.9609579520650899,0.9645223029279189,0.9634690160167693,0.9724522845696223,0.96535038889485,0.004965068437050596
1_002_20200714_042641(8),2,0.9617007268855177,0.957327066340619,0.9684223905201783,0.9673041410648902,0.9636885812028013,0.005160802905819416
1_002_20200714_083054(2),0,0.9814184978447217,0.9703248658882249,0.9805905073742477,0.9730994530491595,0.9763583310390884,0.005493620303365329
1_002_20200714_083054(2),1,0.9649412880561125,0.9612399063075698,0.969644398802816,0.9588870487537511,0.9636781604800624,0.004693659765433495
1_002_20200714_083054(2),2,0.9712230765222327,0.9712001424761993,0.9727213544269991,0.970243278217354,0.9713469629106963,0.001023714807231602
1_002_20200714_083057(5),0,0.9677773064640978,0.970362631560519,0.9765818621731659,0.9570953790090603,0.9679542948017108,0.008127779150468053
1_002_20200714_083057(5),1,0.9657285027343938,0.9684390582479426,0.9715364872701339,0.9536558297183197,0.9648399694926976,0.007824560989305215
1_002_20200714_083057(5),2,0.0,0.0,0.0,0.0,0.0,0.0
1_002_20200714_083101(7),0,0.9726563171734744,0.9832427932631401,0.9687350070761452,0.9724661974039319,0.974275078729173,0.006245124458498819
1_002_20200714_083101(7),1,0.9539751792904463,0.9579246086524033,0.9574880550222584,0.9400508252336499,0.9523596670496894,0.008394172678930776
1_002_20200714_083101(7),2,0.973380606712316,0.9755012458740572,0.9776282694440553,0.9723360774775281,0.9747115498769892,0.0023484144742700577
1_002_20200714_083106(2),0,0.9751088379574835,0.9719193006727741,0.9805535006035397,0.9741814115853514,0.9754407627047872,0.0036622817543232587
1_002_20200714_083106(2),1,0.9399523336447854,0.9556184127791905,0.9554810691611347,0.9619168986105795,0.9532421785489225,0.009354675587011438
1_002_20200714_083106(2),2,0.9691156713159438,0.9654467948835229,0.9683413694571901,0.9663326432336918,0.9673091197225872,0.0017079157193889993
1_002_20200714_083110(8),0,0.9769084921525993,0.982425913618605,0.9649933108633963,0.968787356566706,0.9732787683003266,0.007866950849758489
1_002_20200714_083110(8),1,0.9702484627471419,0.97027448193226,0.9509146710207382,0.9645407473883155,0.9639945907721139,0.009127440959640508
1_002_20200714_083110(8),2,0.9576983231808055,0.9622582171735161,0.9692172996233912,0.9675634302504251,0.9641843175570345,0.005244911718696695
1_002_20200714_083115(1),0,0.9702720578587698,0.9732607285928266,0.9732434557115525,0.9720089341616333,0.9721962940811956,0.0014103613117208398
1_002_20200714_083115(1),1,0.9729073408108594,0.9683765345565452,0.9715475780448806,0.9573755756436728,0.9675517572639896,0.007044709333783543
1_002_20200714_083115(1),2,0.9697216194841157,0.9758046547019693,0.9686710088711373,0.9738341805673421,0.9720078659061411,0.003372069986231117
1_002_20200714_123109(8),0,0.9797521776072595,0.9734544421386728,0.9735963850176462,0.974521567454518,0.9753311430545242,0.0029850935743387283
1_002_20200714_123109(8),1,0.9669351778241468,0.9545888086053096,0.9671334265796024,0.972003792481533,0.965165301372648,0.007430413613155072
1_002_20200714_123109(8),2,0.9621696362963752,0.9636510978073826,0.9593668773256434,0.9647040534338677,0.9624729162158172,0.0023170053549990102
1_002_20200714_123113(1),0,0.9741136848224063,0.9758472664841762,0.9804202693521098,0.974516861044827,0.9762245204258798,0.002893576627352368
1_002_20200714_123113(1),1,0.9887346768942348,0.975828596934444,0.9796519005772616,0.9630316569143996,0.9768117078300851,0.010662710668771433
1_002_20200714_123113(1),2,0.9749564907956962,0.9712874908369966,0.9757728608183683,0.961405943325649,0.9708556964441775,0.006594929875671382
1_002_20200714_123117(3),0,0.9795902640310128,0.9718459142367603,0.9806255212209672,0.977855369732007,0.9774792673051869,0.003925614207060371
1_002_20200714_123117(3),1,0.9640450772095573,0.9669665926917886,0.9680629587244693,0.9698787037212002,0.9672383330867538,0.0024441965598215355
1_002_20200714_123117(3),2,0.969836319346208,0.9703101362905101,0.9686779130992917,0.9702518870101653,0.9697690639365437,0.0007574102482391126
1_002_20200714_123120(4),0,0.9779541285372922,0.9747195056167396,0.9655180633613758,0.9734706208220922,0.9729155795843749,0.005281175428705531
1_002_20200714_123120(4),1,0.9694386364190307,0.9678207300575322,0.9728279701581349,0.9754320278133086,0.9713798411120016,0.003413348402696041
1_002_20200714_123120(4),2,0.9515558709117579,0.9647303685321889,0.9708141000348156,0.9661786678489247,0.9633197518319219,0.00826069790347367
1_002_20200714_123123(5),0,0.9788274301520727,0.9711669689801522,0.9890379652188998,0.9731280117496932,0.9780400940252044,0.008019589954939529
1_002_20200714_123123(5),1,0.9667571748650692,0.9656872883462012,0.9651442220719585,0.9557679125210289,0.9633391494510645,0.005091776697744183
1_002_20200714_123123(5),2,0.9594344576792639,0.9658625399692158,0.9562580859159348,0.9523680985439196,0.9584807955270835,0.0057068708569269575
1_002_20200714_123126(4),0,0.9745698210596075,0.9823208817470895,0.9786147411116931,0.9785551886816105,0.9785151581500001,0.0031654771132743494
1_002_20200714_123126(4),1,0.960882558707254,0.9661076380182153,0.9679328506818623,0.9608293052393807,0.9639380881616781,0.0036362006580811803
1_002_20200714_123126(4),2,0.9705339268732793,0.9616956628905283,0.9599745681964704,0.9677600381049194,0.9649910490162994,0.0049804767189474105
1_002_20200714_163046(2),0,0.9737186608202888,0.9657708583823538,0.9706599496698213,0.9665384044357591,0.9691719683270558,0.0037143733760412498
1_002_20200714_163046(2),1,0.9712877106901028,0.9725031118369817,0.9680146975427775,0.9716054494974685,0.9708527423918326,0.0019607807354983975
1_002_20200714_163046(2),2,0.958747374554251,0.9577635070963245,0.9663557160245476,0.9500338234213805,0.958225105274126,0.006675571577143552
1_002_20200714_163049(8),0,0.9590493380227679,0.9686108005148386,0.9694322630262133,0.9685690652011486,0.9664153666912422,0.0049267429669140545
1_002_20200714_163049(8),1,0.976761742465307,0.9609661450081657,0.974002244450753,0.9724845416651788,0.9710536683973512,0.006954177083928591
1_002_20200714_163049(8),2,0.9598619845977554,0.9511722855603509,0.9583356177806279,0.9677555838472066,0.9592813679464852,0.0068019877327416545
1_002_20200714_163053(5),0,0.9682182771862753,0.9573812758997741,0.9667848887765351,0.9657842650262596,0.9645421767222111,0.004877320163243222
1_002_20200714_163053(5),1,0.9672150954402264,0.9699050432036401,0.9598282255422229,0.9703929928532721,0.9668353392598403,0.004875921752229741
1_002_20200714_163053(5),2,0.9412181291734608,0.9414047988292411,0.9508975603816728,0.9567392540408353,0.9475649356063025,0.007604905075885448
1_002_20200714_163056(8),0,0.9679309227604785,0.9662522952229095,0.9670281545561662,0.9635343380639947,0.9661864276508872,0.001896460306677193
1_002_20200714_163056(8),1,0.9669988733238938,0.9619364359801333,0.9704921462509372,0.9588958711566233,0.9645808316778969,0.00516727426915464
1_002_20200714_163056(8),2,0.9553134743966015,0.9639674480641585,0.9722800601954487,0.9812404441238455,0.9682003566950135,0.011115711278086462
1_002_20200714_163100(2),0,0.9717846477126912,0.961124498005424,0.9730529992334579,0.9668647156672734,0.9682067151547116,0.005423616048827833
1_002_20200714_163100(2),1,0.9732727981838892,0.9561483020971305,0.9641255740144893,0.9637891584812147,0.9643339581941809,0.007005903624667331
1_002_20200714_163100(2),2,0.9547057664837982,0.956875492765589,0.961185786464324,0.9724536301200255,0.9613051689584342,0.007905200453859477
1_002_20200714_163103(5),0,0.9750586802848801,0.9639849483751542,0.9781171811240654,0.9591241588253424,0.9690712421523605,0.00899061136914963
1_002_20200714_163103(5),1,0.9730796555571749,0.9661107830673464,0.9785972873126786,0.9655364556787606,0.9708310454039901,0.006209785768997137
1_002_20200714_163103(5),2,0.957932911226791,0.9300841118991533,0.9543484187800921,0.9700498386550307,0.9531038201402667,0.01675254863699762
1_002_20200714_225756(0),0,0.9809220947609957,0.9807592713309479,0.9846246061109882,0.9795821078549848,0.9814720200144791,0.0021848718907372627
1_002_20200714_225756(0),1,0.9649005564455603,0.9712089443976053,0.9728407300337858,0.970616881001166,0.9698917779695293,0.0034578081874868656
1_002_20200714_225756(0),2,0.9589626189978687,0.967191960977288,0.9772431995714659,0.9694442562928361,0.9682105089598647,0.007520472966255057
1_002_20200714_225759(8),0,0.9725595034389699,0.978203777495391,0.9773793869819656,0.9692977093174253,0.974360094308438,0.004193641932200255
1_002_20200714_225759(8),1,0.9534084784365,0.9688565040384309,0.9637551927902847,0.9420376065000345,0.9570144454413125,0.011874071603751287
1_002_20200714_225759(8),2,0.956507908854059,0.963137382231246,0.9610868877544032,0.9709315424888133,0.9629159303321304,0.006019612811594775
1_002_20200714_225803(3),0,0.9792107522131079,0.9691279317844693,0.9779760549339522,0.9710612324224173,0.9743439928384867,0.004995365543659124
1_002_20200714_225803(3),1,0.9700746057984447,0.9573298716792534,0.9683101318392465,0.9594943540507953,0.963802240841935,0.006327534922189968
1_002_20200714_225803(3),2,0.9729713083705404,0.978059328516351,0.9646033224686489,0.9727953509310019,0.9721073275716356,0.00556645449083028
1_002_20200714_225807(3),0,0.9714261247433531,0.9707626291911386,0.9740098337678307,0.96712176127982,0.9708300872455355,0.0028414949528933996
1_002_20200714_225807(3),1,0.9502459346764548,0.9550139461546147,0.9567983718684188,0.9658993830326863,0.9569894089330436,0.0065523795131895496
1_002_20200714_225807(3),2,0.9607988123545608,0.9611180652178289,0.9592780860226239,0.9603710605370773,0.9603915060330228,0.0008028924432849344
1_002_20200714_225810(5),0,0.9810290775566319,0.9623478901584566,0.9664931611012079,0.9703453189688769,0.9700538619462933,0.008012508899476325
1_002_20200714_225810(5),1,0.9594134570733953,0.9701792349273983,0.945738909097659,0.9624450753465715,0.959444169111256,0.010199381869826447
1_002_20200714_225810(5),2,0.9598464574044911,0.9620239874346015,0.9584063086228333,0.9472466470635716,0.9568808501313744,0.0065927126480438735
1_002_20200714_225817(4),0,0.9704320647339014,0.9705077395805103,0.9696249400481217,0.967751306295248,0.9695790126644453,0.0012822963014845414
1_002_20200714_225817(4),1,0.9514309961041021,0.9664099135454249,0.9488704577646485,0.9604688447468837,0.9567950530402648,0.008114074297869207
1_002_20200714_225817(4),2,0.9702466910478004,0.9596478359637475,0.9643206773126112,0.956635692833379,0.9627127242893845,0.005934925436423651
1_002_20200906_003059(0),0,0.9754331498600793,0.9750650503526694,0.9797608760907155,0.9790320050797495,0.9773227703458035,0.002417561315772989
1_002_20200906_003114(8),0,0.9778584327412745,0.9786101156856724,0.9814664522548696,0.9788978904713243,0.9792082227882851,0.001567968085124354
1_002_20200906_003118(7),0,0.9786163975285008,0.9790992501647088,0.9794370632974357,0.9769593371381275,0.9785280120321932,0.0010986719446841834
1_002_20200906_003122(7),0,0.9821253995577297,0.9763053203601962,0.9838160199944477,0.9765663449925238,0.9797032712262245,0.0038370033606285013
1_002_20200906_003126(8),0,0.9780648448366218,0.9756579763960052,0.9769497994825114,0.9782453155504879,0.9772294840664065,0.001194096736040058
1_002_20200906_003132(7),0,0.9656875674021729,0.9728171040604067,0.9785551047605761,0.9777930699506173,0.9737132115434433,0.005924613828545206
2_002_20200625_003352(9),0,0.9892258159304509,0.9849418383956522,0.9844280274278135,0.9859596373912191,0.986138829786284,0.0021541608163213057
2_002_20200625_003352(9),1,0.9804839084482938,0.9744143232749136,0.9750411980457322,0.9824807763165723,0.9781050515213779,0.003992267562488357
2_002_20200625_003352(9),2,0.9744865659155657,0.9787639322996191,0.9777076109914736,0.9834153555617279,0.9785933661920966,0.0036937354653799677
2_002_20200625_003357(4),0,0.9814284561491518,0.9875796271218786,0.9872638191297245,0.9847548373512512,0.9852566849380016,0.002847913546986312
2_002_20200625_003357(4),1,0.9815884736199634,0.978991512310238,0.9824854278182762,0.9835184148984635,0.9816459571617353,0.001937368557798766
2_002_20200625_003357(4),2,0.9812125555055319,0.9815310658165312,0.973951857557725,0.9828055683163531,0.9798752617990353,0.0040084683481017005
2_002_20200625_003401(8),0,0.9860031778893561,0.9841971868568047,0.9853120893660581,0.9849471322027029,0.9851148965787304,0.0007523883531266351
2_002_20200625_003401(8),1,0.9849745233507755,0.9768510522296598,0.9830337149506281,0.9731789621370537,0.9795095631670292,0.005459842043155194
2_002_20200625_003401(8),2,0.977740309706478,0.9761188122925908,0.9811694096383495,0.9852412537479736,0.9800674463463479,0.004041034601730559
2_002_20200625_003406(3),0,0.983284069640782,0.975962627187082,0.9830923868542101,0.9830429969049113,0.9813455201467464,0.0035901012703536423
2_002_20200625_003406(3),1,0.9789780666677923,0.9730007977211089,0.9761687284684124,0.9806501683455863,0.9771994403007249,0.003354698306646637
2_002_20200625_003406(3),2,0.9755198343904505,0.9852972158010175,0.9825489509615964,0.9820245445895177,0.9813476364356455,0.00414181180485023
2_002_20200625_003410(8),0,0.9797737578651124,0.9785167935413975,0.9842958904659159,0.9839494333366615,0.9816339688022719,0.0029225770187244174
2_002_20200625_003410(8),1,0.9759932662074157,0.9705637878904653,0.9804470733333508,0.9796139092594537,0.9766545091726714,0.004497248039380517
2_002_20200625_003410(8),2,0.9752253612798135,0.9819119687539724,0.9750411876307368,0.9742580975520124,0.9766091538041338,0.0035599958597425487
2_002_20200625_003415(4),0,0.9812706001925905,0.9777243096891292,0.9810127177692775,0.9831955667760612,0.9808007986067646,0.002270486137849098
2_002_20200625_003415(4),1,0.9829342609552799,0.9736897294718185,0.9853658597872131,0.9809834885081335,0.9807433346806114,0.005032524767436311
2_002_20200625_003415(4),2,0.9794346380442943,0.9757972538090702,0.9801349141132462,0.9867658666803378,0.9805331681617371,0.004569492688312788
2_002_20200906_003114(0),0,0.9757928145104677,0.9692542687681861,0.981040454322737,0.9696716321474919,0.9739397924372206,0.005598345420100074
2_002_20200906_003117(3),0,0.9755376736828929,0.9720902204069046,0.976254871106008,0.9789764395397504,0.975714801183889,0.002834250062226801
2_002_20200906_003120(8),0,0.978794935140513,0.9717797488719184,0.9821939432149552,0.9740323450859939,0.9767002430783451,0.004686769283823321
2_002_20200906_003124(0),0,0.9728365364164934,0.9766158623546545,0.972184715144799,0.9711951897684016,0.9732080759210872,0.002369952736687501
2_002_20200906_003127(3),0,0.9777334316756676,0.9757367321155007,0.9809884978022572,0.9799832239788695,0.9786104713930738,0.0023499670469999145
2_002_20200906_003130(7),0,0.9713835021835253,0.9771264605378314,0.9745729151694308,0.9734741194159898,0.9741392493266944,0.0023908183395577533
3_001_20200625_003507(0),0,0.9751493089702248,0.9716602412932522,0.9781303102324159,0.9641790806888486,0.9722797352961854,0.006012987555900022
3_001_20200625_003507(0),1,0.9732578229483294,0.9718105813873672,0.9722658396040257,0.9784921910437485,0.9739566087458676,0.003083501369446151
3_001_20200625_003507(0),2,0.9695489456305243,0.971870905179757,0.975850051770872,0.9770515496262967,0.9735803630518626,0.0034821064389869835
3_001_20200625_003511(4),0,0.9690084951783358,0.9790759238624631,0.9660379141449259,0.9768477409001688,0.9727425185214733,0.006214486413881015
3_001_20200625_003511(4),1,0.9582700256957617,0.9597003375778751,0.9670444417050277,0.974714942077208,0.9649324367639681,0.007570128977534026
3_001_20200625_003511(4),2,0.9783249228485879,0.9767366907634413,0.9701036897499765,0.9807038785003327,0.9764672954655845,0.004544867685445713
3_001_20200625_003515(9),0,0.963850891901715,0.9735684724972136,0.9693074537582888,0.9750178708064097,0.9704361722409067,0.0050147512134880575
3_001_20200625_003515(9),1,0.962215913854707,0.9774781129910569,0.9644357494938219,0.9612470844606831,0.9663442152000672,0.007541651789552861
3_001_20200625_003515(9),2,0.9764667612523459,0.9711074180709058,0.9761331754493092,0.9793507967893914,0.9757645378904881,0.003424374843365406
3_001_20200625_003520(4),0,0.9780380690162069,0.9694862647344225,0.9684066750160425,0.9745323421690332,0.9726158377339262,0.00449387951452393
3_001_20200625_003520(4),1,0.9791887468392004,0.9737250567146569,0.9818349058750842,0.9739807234454139,0.9771823582185888,0.003994796361216793
3_001_20200625_003520(4),2,0.9774845264974829,0.9755020265956682,0.9758973249179651,0.9770734280558433,0.9764893265167398,0.0009410675917548508
3_001_20200625_003524(9),0,0.975465138008341,0.9616400830099887,0.9817080188072225,0.9644375541191625,0.9708126984861787,0.00940093149249699
3_001_20200625_003524(9),1,0.9499622423617222,0.9713175525109408,0.9715002958396689,0.9724830852197819,0.9663157939830285,0.010914375531116674
3_001_20200625_003524(9),2,0.9803036325696182,0.9777519452152603,0.9756082080135541,0.9719855922186101,0.9764123445042607,0.003520389380296
3_001_20200625_003529(2),0,0.9667498514213042,0.9712297060149085,0.9723630086191094,0.9674365190330907,0.9694447712721033,0.0027687404661846152
3_001_20200625_003529(2),1,0.9817044678216145,0.9743455428066412,0.9761986816474306,0.9778063868560977,0.9775137697829459,0.0031312773634390974
3_001_20200625_003529(2),2,0.9746267795936623,0.9834181841740401,0.9782058246222294,0.97809439035553,0.9785862946863655,0.00362452953870539
3_001_20200625_043323(7),0,0.9734807668807601,0.9710692753337997,0.9770288720645792,0.9716079506453786,0.9732967162311293,0.0026942088487158285
3_001_20200625_043323(7),1,0.9731305978605441,0.9709395194985941,0.9727788524499036,0.9724002971086033,0.9723123167294113,0.0009625577683313876
3_001_20200625_043323(7),2,0.9780263614232613,0.979591155128595,0.9721220963930955,0.9775511716762987,0.9768226961553126,0.0032526650546510585
3_001_20200625_043328(3),0,0.9788364189156438,0.963286527021083,0.9746624595198666,0.970241149505363,0.971756638740489,0.006648473055055059
3_001_20200625_043328(3),1,0.9683288423445019,0.9655690599337526,0.9608475503642192,0.9778113851804723,0.9681392094557365,0.007149846263030889
3_001_20200625_043328(3),2,0.9741772459619219,0.9784776292551384,0.9793137700942425,0.9767298163930742,0.9771746154260942,0.002269794235716016
3_001_20200625_043337(3),0,0.975866758531164,0.972122186910556,0.9633241088302695,0.9694952841159851,0.9702020845969936,0.00527830279675246
3_001_20200625_043337(3),1,0.973019711617396,0.9788138263384655,0.9776248373384012,0.9831562996636861,0.9781536687394872,0.004167305388436906
3_001_20200625_043337(3),2,0.9756936399079181,0.9778070750102189,0.9710481808837056,0.9732010440627443,0.9744374849661468,0.0029409879617630632
3_001_20200625_043341(7),0,0.9671421605822832,0.9678237117765063,0.9712704541048349,0.972897318282924,0.9697834111866371,0.0027522318566292913
3_001_20200625_043341(7),1,0.9747218081844767,0.9794203810473641,0.9811164474862217,0.9857064600638874,0.9802412741954875,0.004537714383266524
3_001_20200625_043341(7),2,0.9617417122537635,0.9717086830784838,0.9670522675909732,0.9727125937997265,0.9683038141807367,0.0050218861166564325
3_001_20200625_043346(2),0,0.9586131537115634,0.9727501704830576,0.9745529093931199,0.9742396883811758,0.9700389804922293,0.007657710051068397
3_001_20200625_043346(2),1,0.0,0.9550850901711043,0.0,0.0,0.23877127254277608,0.47754254508555216
3_001_20200625_043346(2),2,0.978062845049086,0.9809267978491596,0.9742836537185486,0.9740448176792564,0.9768295285740126,0.003293669614467954
3_001_20200625_043359(8),0,0.9801518104787811,0.9796979941606999,0.9649045203668418,0.970569295072657,0.9738309050197449,0.007409341473853846
3_001_20200625_043359(8),1,0.9678589580426831,0.9714824920457381,0.9808860909950219,0.9761374478947746,0.9740912472445544,0.005656968301052599
3_001_20200625_043359(8),2,0.9821466202373688,0.9820621675367089,0.969665356629641,0.976382402018826,0.9775641366056361,0.005916605452307643
3_001_20200727_204954(7),0,0.9770343298827421,0.975965655916454,0.9695919070087947,0.9654198085159961,0.9720029253309967,0.005482356604179772
3_001_20200727_204958(2),0,0.0,0.0,0.0,0.0,0.0,0.0
3_001_20200728_014351(3),0,0.9756595406752873,0.9508073786391993,0.9775572810464793,0.9541294903151437,0.9645384226690273,0.014024471256320888
3_001_20200728_014355(2),0,0.9699128396463279,0.9695742127348428,0.9757606422524563,0.968443824532457,0.970922879791521,0.0032857644737360665
3_001_20200728_043138(3),0,0.9669497076942305,0.9654467013489113,0.9706823535382253,0.9600691565783916,0.9657869797899397,0.004401738747766486
3_001_20200728_043141(5),0,0.95334006939496,0.9687308186473218,0.9662943879943279,0.9650723958874072,0.9633594179810041,0.006850489848512485
3_001_20200728_083108(2),0,0.977510360287565,0.967418087453633,0.9678234464627959,0.9595619429424388,0.9680784592866081,0.0073483088673619345
3_001_20200728_083116(1),0,0.969215908034343,0.9773358944520866,0.9539201258090151,0.9592970857909273,0.964942253521593,0.010411879055964251
3_001_20200728_123129(2),0,0.9707106307255629,0.9712676409141099,0.9747227544000459,0.9630446285909625,0.9699364136576702,0.004925354037505812
3_001_20200728_123132(4),0,0.9725077025175446,0.9543778993721245,0.9652227274853066,0.9708504044097129,0.9657396834461721,0.008191111681336752
3_001_20200728_163910(5),0,0.9753563620776116,0.9685528728084398,0.9746919678836502,0.965736215288121,0.9710843545144556,0.004700209770262187
3_001_20200728_163913(6),0,0.9711505629227534,0.9726448081924955,0.9519472650951448,0.9638530248700857,0.96489891527012,0.009450239582878349
3_001_20200810_085043(8),0,0.965342312194934,0.952765620666853,0.9733443641446492,0.9521215542484828,0.9608934628137297,0.010292803353323023
3_001_20200810_123047(8),0,0.9726404356060483,0.9551336074555875,0.9763558511912034,0.9649748377016893,0.967276182988632,0.009380012642451809
3_001_20200810_123051(3),0,0.9708845925815538,0.9824536512751452,0.9740529980425817,0.9739945246219336,0.9753464416303036,0.0049639098092027385
3_001_20200810_163112(8),0,0.9748664098816496,0.9767908721672633,0.9825288036024531,0.9705026606292402,0.9761721865701516,0.0049879163691973856
3_001_20200810_163116(0),0,0.971938033943234,0.975054203863047,0.9619257946770713,0.9645829417315746,0.9683752435537317,0.006144887579550207
3_001_20200810_203208(7),0,0.971472257075951,0.9666784430571643,0.9743664134133175,0.9788097772576748,0.9728317227010269,0.005092589682600483
3_001_20200810_203212(6),0,0.9702895695645246,0.9744760097709957,0.9734649961888815,0.9747865841779003,0.9732542899255755,0.0020554390451537176
3_001_20200826_023328(3),0,0.9650146237022894,0.0,0.0,0.0,0.24125365592557235,0.48250731185114465
3_001_20200826_023332(5),0,0.9747545004509117,0.9749656568959276,0.978301404048681,0.9677323303913435,0.973938472946716,0.00444493648140671
3_001_20200826_043252(8),0,0.9585427517742711,0.9685746348791313,0.9747721523474863,0.9605562694998557,0.9656114521251861,0.007488219116777078
3_001_20200826_043255(8),0,0.9633136406098404,0.9745397947232204,0.964940477036129,0.9631332316123953,0.9664817859953962,0.00543314211132446
3_001_20200826_123711(3),0,0.9686842594927956,0.9700537943308568,0.974673126745541,0.9768120926963207,0.9725558183163785,0.0038230859407091455
3_001_20200826_123714(5),0,0.9734769747096751,0.973439106991111,0.966347747308525,0.9702088715187405,0.970868175132013,0.0033805559119950298
3_001_20200922_163332(2),0,0.9763571121990906,0.9740764670327213,0.975103567740024,0.9730386045072471,0.9746439378697708,0.001419547375750763
3_001_20200922_163335(3),0,0.9716833766414402,0.9712812534168348,0.9673077485788869,0.9807798304459971,0.9727630522707897,0.005697674905595672
