image_id,obj,id,h,v,hv,mean,std
1_002_20200623_003346(4),0,0.9658385093167702,0.9658385093167702,0.9912663755458515,0.975,0.974485848544848,0.01199171088156523
1_002_20200623_003346(4),1,0.9658385093167702,0.975,0.9658385093167702,0.975,0.9704192546583851,0.005289389112140974
1_002_20200623_003346(4),2,0.9658385093167702,0.975,0.975,0.9912663755458515,0.9767762212156554,0.010581556875208316
1_002_20200623_003350(4),0,0.975,0.975,0.9658385093167702,0.9912663755458515,0.9767762212156554,0.010581556875208316
1_002_20200623_003350(4),1,0.9658385093167702,0.9658385093167702,0.9912663755458515,0.9658385093167702,0.9721954758740405,0.012713933114540665
1_002_20200623_003350(4),2,0.9912663755458515,0.975,0.975,0.9912663755458515,0.9831331877729257,0.009391396300136927
1_002_20200623_003354(3),0,0.975,0.9912663755458515,0.9658385093167702,0.975,0.9767762212156554,0.010581556875208318
1_002_20200623_003354(3),1,0.9658385093167702,0.9912663755458515,0.9912663755458515,0.9658385093167702,0.9785524424313109,0.014680785412277901
1_002_20200623_003354(3),2,0.975,0.9912663755458515,0.975,0.9912663755458515,0.9831331877729257,0.009391396300136927
1_002_20200623_003358(2),0,0.975,0.9658385093167702,0.9658385093167702,0.975,0.9704192546583851,0.005289389112140974
1_002_20200623_003358(2),1,0.9658385093167702,0.9658385093167702,0.9658385093167702,0.9912663755458515,0.9721954758740405,0.012713933114540665
1_002_20200623_003358(2),2,0.975,0.9658385093167702,0.9912663755458515,0.9912663755458515,0.9808428151021182,0.012603820916241926
1_002_20200623_003402(2),0,0.9658385093167702,0.9658385093167702,0.9658385093167702,0.9658385093167702,0.9658385093167702,0.0
1_002_20200623_003402(2),1,0.975,0.9658385093167702,0.975,0.975,0.9727096273291925,0.0045807453416149
1_002_20200623_003402(2),2,0.9658385093167702,0.9658385093167702,0.9658385093167702,0.9658385093167702,0.9658385093167702,0.0
1_002_20200623_003410(2),0,0.9658385093167702,0.975,0.9658385093167702,0.975,0.9704192546583851,0.005289389112140974
1_002_20200623_003410(2),1,0.9658385093167702,0.9658385093167702,0.9658385093167702,0.975,0.9681288819875776,0.0045807453416149
1_002_20200623_003410(2),2,0.9912663755458515,0.9912663755458515,0.9912663755458515,0.9912663755458515,0.9912663755458515,0.0
1_002_20200623_043039(3),0,0.975,0.9912663755458515,0.975,0.975,0.9790665938864629,0.008133187772925765
1_002_20200623_043039(3),1,0.9565217391304348,0.975,0.9658385093167702,0.9565217391304348,0.9634704968944099,0.008852634139416208
1_002_20200623_043039(3),2,0.9912663755458515,0.9658385093167702,0.975,0.9658385093167702,0.974485848544848,0.011991710881565231
1_002_20200623_043043(2),0,0.975,0.9912663755458515,0.9912663755458515,0.9658385093167702,0.9808428151021183,0.012603820916241926
1_002_20200623_043043(2),1,0.975,0.9658385093167702,0.9658385093167702,0.975,0.9704192546583851,0.005289389112140974
1_002_20200623_043043(2),2,0.975,0.975,0.9912663755458515,0.9912663755458515,0.9831331877729257,0.009391396300136927
1_002_20200623_043047(2),0,0.975,0.975,0.975,0.9912663755458515,0.9790665938864629,0.008133187772925765
1_002_20200623_043047(2),1,0.9658385093167702,0.9912663755458515,0.9912663755458515,0.975,0.9808428151021183,0.012603820916241926
1_002_20200623_043047(2),2,0.9658385093167702,0.975,0.9912663755458515,0.9912663755458515,0.9808428151021182,0.012603820916241926
1_002_20200623_043051(3),0,0.9912663755458515,0.9658385093167702,0.9912663755458515,0.9658385093167702,0.9785524424313109,0.014680785412277901
1_002_20200623_043051(3),1,0.975,0.9912663755458515,0.975,0.975,0.9790665938864629,0.008133187772925765
1_002_20200623_043051(3),2,0.975,0.9658385093167702,0.9658385093167702,0.9658385093167702,0.9681288819875776,0.0045807453416149
1_002_20200623_043055(3),0,0.975,0.975,0.9912663755458515,0.9658385093167702,0.9767762212156554,0.010581556875208316
1_002_20200623_043055(3),1,0.9658385093167702,0.975,0.9444444444444444,0.9658385093167702,0.9627803657694962,0.012964437967985798
1_002_20200623_043055(3),2,0.9658385093167702,0.975,0.975,0.975,0.9727096273291925,0.0045807453416149
1_002_20200623_043059(4),0,0.9912663755458515,0.9658385093167702,0.9658385093167702,0.9565217391304348,0.9698662833274567,0.01492745494878923
1_002_20200623_043059(4),1,0.9658385093167702,0.9658385093167702,0.9912663755458515,0.9912663755458515,0.9785524424313108,0.014680785412277901
1_002_20200623_043059(4),2,0.9912663755458515,0.975,0.9912663755458515,0.975,0.9831331877729258,0.009391396300136927
1_002_20200623_082258(6),0,0.975,0.9912663755458515,0.975,0.975,0.9790665938864629,0.008133187772925765
1_002_20200623_082258(6),1,0.9444444444444444,0.9658385093167702,0.9565217391304348,0.9658385093167702,0.9581608005521048,0.01014428198487861
1_002_20200623_082258(6),2,0.9658385093167702,0.9444444444444444,0.9658385093167702,0.9565217391304348,0.958160800552105,0.01014428198487861
1_002_20200623_082302(6),0,0.9658385093167702,0.9658385093167702,0.9658385093167702,0.975,0.9681288819875776,0.0045807453416149
1_002_20200623_082302(6),1,0.9658385093167702,0.9912663755458515,0.975,0.975,0.9767762212156554,0.01058155687520832
1_002_20200623_082302(6),2,0.975,0.9658385093167702,0.975,0.9912663755458515,0.9767762212156554,0.010581556875208316
1_002_20200623_082306(5),0,0.9912663755458515,0.975,0.9912663755458515,0.9912663755458515,0.9871997816593887,0.008133187772925765
1_002_20200623_082306(5),1,0.9444444444444444,0.9912663755458515,0.975,0.975,0.971427704997574,0.019554980459973934
1_002_20200623_082306(5),2,0.975,0.975,0.9658385093167702,0.975,0.9727096273291925,0.0045807453416149
1_002_20200623_082310(6),0,0.9658385093167702,0.9658385093167702,0.975,0.9658385093167702,0.9681288819875776,0.0045807453416149
1_002_20200623_082310(6),1,0.9658385093167702,0.9658385093167702,0.9658385093167702,0.9658385093167702,0.9658385093167702,0.0
1_002_20200623_082310(6),2,0.9658385093167702,0.975,0.9444444444444444,0.9658385093167702,0.9627803657694962,0.012964437967985798
1_002_20200623_082314(4),0,0.9658385093167702,0.975,0.9565217391304348,0.9658385093167702,0.9657996894409938,0.007543851587283355
1_002_20200623_082314(4),1,0.9444444444444444,0.0,0.9565217391304348,0.9658385093167702,0.7167011732229124,0.47788104703783474
1_002_20200623_082314(4),2,0.9658385093167702,0.9658385093167702,0.9658385093167702,0.9658385093167702,0.9658385093167702,0.0
1_002_20200623_082318(5),0,0.9912663755458515,0.9658385093167702,0.9565217391304348,0.9565217391304348,0.9675370907808727,0.01641787723198158
1_002_20200623_082318(5),1,0.0,0.0,0.9658385093167702,0.9658385093167702,0.4829192546583851,0.5576271233477441
1_002_20200623_082318(5),2,0.0,0.0,0.0,0.0,0.0,0.0
1_002_20200623_123032(7),0,0.975,0.9658385093167702,0.9444444444444444,0.9444444444444444,0.9574318495514147,0.015455928974773069
1_002_20200623_123032(7),1,0.8918918918918919,0.9565217391304348,0.9565217391304348,0.9658385093167702,0.9426934698673829,0.034151306649167996
1_002_20200623_123032(7),2,0.9658385093167702,0.975,0.9658385093167702,0.9658385093167702,0.9681288819875776,0.0045807453416149
1_002_20200623_123036(5),0,0.9658385093167702,0.9912663755458515,0.9565217391304348,0.9912663755458515,0.976223249884727,0.01778185987627114
1_002_20200623_123036(5),1,0.975,0.9658385093167702,0.9912663755458515,0.9658385093167702,0.974485848544848,0.011991710881565228
1_002_20200623_123036(5),2,0.9565217391304348,0.9565217391304348,0.9444444444444444,0.9565217391304348,0.9535024154589371,0.006038647342995196
1_002_20200623_123040(5),0,0.9444444444444444,0.9658385093167702,0.9565217391304348,0.9658385093167702,0.9581608005521048,0.01014428198487861
1_002_20200623_123040(5),1,0.9565217391304348,0.9658385093167702,0.9658385093167702,0.9658385093167702,0.9635093167701864,0.004658385093167683
1_002_20200623_123040(5),2,0.9658385093167702,0.975,0.9565217391304348,0.9912663755458515,0.9721566559982642,0.014805805046810267
1_002_20200623_123044(3),0,0.9912663755458515,0.9912663755458515,0.975,0.9912663755458515,0.9871997816593887,0.008133187772925765
1_002_20200623_123044(3),1,0.9658385093167702,0.9912663755458515,0.9658385093167702,0.9658385093167702,0.9721954758740405,0.012713933114540665
1_002_20200623_123044(3),2,0.9444444444444444,0.9658385093167702,0.9658385093167702,0.9565217391304348,0.958160800552105,0.01014428198487861
1_002_20200623_123048(4),0,0.975,0.9658385093167702,0.975,0.9658385093167702,0.9704192546583851,0.005289389112140974
1_002_20200623_123048(4),1,0.9658385093167702,0.975,0.975,0.9658385093167702,0.9704192546583851,0.005289389112140974
1_002_20200623_123048(4),2,0.975,0.9912663755458515,0.9658385093167702,0.9912663755458515,0.9808428151021182,0.012603820916241926
1_002_20200623_123052(5),0,0.9912663755458515,0.9658385093167702,0.9658385093167702,0.9658385093167702,0.9721954758740405,0.012713933114540665
1_002_20200623_123052(5),1,0.9912663755458515,0.9658385093167702,0.9912663755458515,1.0,0.9870928151021183,0.014755543025816628
1_002_20200623_123052(5),2,0.975,0.9912663755458515,0.9658385093167702,0.9912663755458515,0.9808428151021182,0.012603820916241926
1_002_20200623_163039(5),0,0.9658385093167702,0.975,0.975,0.9658385093167702,0.9704192546583851,0.005289389112140974
1_002_20200623_163039(5),1,0.9912663755458515,0.9658385093167702,0.9658385093167702,0.9912663755458515,0.9785524424313108,0.014680785412277901
1_002_20200623_163039(5),2,0.9444444444444444,0.9658385093167702,0.9658385093167702,0.9658385093167702,0.9604899930986888,0.010697032436162879
1_002_20200623_163043(7),0,0.9658385093167702,0.9658385093167702,0.9565217391304348,0.9444444444444444,0.958160800552105,0.01014428198487861
1_002_20200623_163043(7),1,0.9658385093167702,0.9658385093167702,0.9658385093167702,0.9658385093167702,0.9658385093167702,0.0
1_002_20200623_163043(7),2,0.9912663755458515,0.9658385093167702,0.975,0.9658385093167702,0.974485848544848,0.011991710881565231
1_002_20200623_163047(6),0,0.975,0.9912663755458515,0.8918918918918919,0.9658385093167702,0.9559991941886284,0.04401273691527925
1_002_20200623_163047(6),1,0.9565217391304348,0.9658385093167702,0.975,0.975,0.9680900621118013,0.008839118919657692
1_002_20200623_163047(6),2,0.9658385093167702,0.9658385093167702,0.9658385093167702,0.9658385093167702,0.9658385093167702,0.0
1_002_20200623_163051(7),0,0.975,0.975,0.975,0.9912663755458515,0.9790665938864629,0.008133187772925765
1_002_20200623_163051(7),1,0.9658385093167702,0.9658385093167702,0.9444444444444444,0.9658385093167702,0.9604899930986888,0.010697032436162879
1_002_20200623_163051(7),2,0.9565217391304348,0.9658385093167702,0.9658385093167702,1.0,0.9720496894409938,0.019144142866363276
1_002_20200623_163055(6),0,0.9658385093167702,0.975,0.975,0.9658385093167702,0.9704192546583851,0.005289389112140974
1_002_20200623_163055(6),1,0.9912663755458515,0.975,0.9912663755458515,0.9912663755458515,0.9871997816593887,0.008133187772925765
1_002_20200623_163055(6),2,0.9658385093167702,0.9912663755458515,0.975,0.9658385093167702,0.974485848544848,0.011991710881565231
1_002_20200623_163059(6),0,0.9658385093167702,0.9658385093167702,0.975,0.975,0.9704192546583851,0.005289389112140974
1_002_20200623_163059(6),1,0.9658385093167702,0.9912663755458515,0.9658385093167702,0.9658385093167702,0.9721954758740405,0.012713933114540665
1_002_20200623_163059(6),2,0.9658385093167702,0.9912663755458515,0.9658385093167702,0.9658385093167702,0.9721954758740405,0.012713933114540665
1_002_20200623_203040(4),0,0.9912663755458515,0.9658385093167702,0.9912663755458515,0.975,0.9808428151021183,0.012603820916241926
1_002_20200623_203040(4),1,0.0,0.0,0.0,0.0,0.0,0.0
1_002_20200623_203040(4),2,0.9658385093167702,0.9912663755458515,0.975,0.9912663755458515,0.9808428151021182,0.012603820916241926
1_002_20200623_203044(0),0,0.975,0.975,0.975,0.9658385093167702,0.9727096273291925,0.0045807453416149
1_002_20200623_203044(0),1,0.9658385093167702,0.9912663755458515,0.9912663755458515,0.9658385093167702,0.9785524424313109,0.014680785412277901
1_002_20200623_203044(0),2,0.9912663755458515,0.9912663755458515,0.9912663755458515,0.9912663755458515,0.9912663755458515,0.0
1_002_20200623_203047(7),0,0.9912663755458515,0.9658385093167702,0.9912663755458515,0.9658385093167702,0.9785524424313109,0.014680785412277901
1_002_20200623_203047(7),1,0.9658385093167702,0.9658385093167702,0.9912663755458515,0.9912663755458515,0.9785524424313108,0.014680785412277901
1_002_20200623_203047(7),2,0.9912663755458515,0.9912663755458515,0.975,0.9912663755458515,0.9871997816593887,0.008133187772925765
1_002_20200623_203051(2),0,0.9658385093167702,0.9658385093167702,0.975,0.9658385093167702,0.9681288819875776,0.0045807453416149
1_002_20200623_203051(2),1,0.0,0.9658385093167702,0.9444444444444444,0.9658385093167702,0.7190303657694962,0.47945965878475977
1_002_20200623_203051(2),2,0.975,0.9912663755458515,0.9658385093167702,0.9658385093167702,0.974485848544848,0.011991710881565228
1_002_20200623_203054(7),0,0.9565217391304348,0.9912663755458515,0.9444444444444444,0.9658385093167702,0.9645177671093753,0.019867118223476258
1_002_20200623_203054(7),1,0.9444444444444444,0.9912663755458515,0.9565217391304348,0.9565217391304348,0.9621885745627914,0.02020394937713997
1_002_20200623_203054(7),2,0.9658385093167702,0.9658385093167702,0.9658385093167702,0.9658385093167702,0.9658385093167702,0.0
1_002_20200623_203058(3),0,0.9658385093167702,0.9912663755458515,0.9658385093167702,0.9658385093167702,0.9721954758740405,0.012713933114540665
1_002_20200623_203058(3),1,0.9565217391304348,0.9658385093167702,0.9658385093167702,0.9658385093167702,0.9635093167701864,0.004658385093167683
1_002_20200623_203058(3),2,0.975,0.9658385093167702,0.9565217391304348,0.9912663755458515,0.9721566559982642,0.014805805046810267
2_002_20200623_003351(2),0,0.975,0.9912663755458515,0.9912663755458515,1.0,0.9893831877729258,0.010435286048665027
2_002_20200623_003351(2),1,1.0,0.9912663755458515,0.9912663755458515,0.975,0.9893831877729258,0.010435286048665027
2_002_20200623_003351(2),2,0.9912663755458515,1.0,0.9912663755458515,0.9912663755458515,0.9934497816593886,0.004366812227074246
2_002_20200623_003355(7),0,0.9658385093167702,0.9912663755458515,0.9912663755458515,0.9912663755458515,0.9849094089885813,0.012713933114540665
2_002_20200623_003355(7),1,0.9912663755458515,0.9912663755458515,0.9912663755458515,0.975,0.9871997816593886,0.008133187772925765
2_002_20200623_003355(7),2,0.9912663755458515,0.975,0.9912663755458515,0.9912663755458515,0.9871997816593887,0.008133187772925765
2_002_20200623_003400(2),0,1.0,0.9912663755458515,1.0,0.9912663755458515,0.9956331877729259,0.00504236042960373
2_002_20200623_003400(2),1,0.9912663755458515,0.9912663755458515,0.975,0.9658385093167702,0.9808428151021183,0.012603820916241926
2_002_20200623_003400(2),2,0.9912663755458515,0.9912663755458515,0.9912663755458515,0.9912663755458515,0.9912663755458515,0.0
2_002_20200623_003404(7),0,0.9912663755458515,0.9912663755458515,1.0,0.9912663755458515,0.9934497816593886,0.004366812227074246
2_002_20200623_003404(7),1,0.9912663755458515,0.9912663755458515,0.9912663755458515,0.9912663755458515,0.9912663755458515,0.0
2_002_20200623_003404(7),2,1.0,0.9912663755458515,1.0,0.9912663755458515,0.9956331877729259,0.00504236042960373
2_002_20200623_003409(2),0,0.9912663755458515,0.9912663755458515,1.0,0.9912663755458515,0.9934497816593886,0.004366812227074246
2_002_20200623_003409(2),1,1.0,0.9912663755458515,0.9912663755458515,0.9565217391304348,0.9847636225555345,0.019272802684381352
2_002_20200623_003409(2),2,1.0,0.9912663755458515,1.0,1.0,0.9978165938864629,0.004366812227074246
2_002_20200623_003413(7),0,0.9912663755458515,0.975,0.9912663755458515,0.9912663755458515,0.9871997816593887,0.008133187772925765
2_002_20200623_003413(7),1,1.0,1.0,0.9912663755458515,0.9912663755458515,0.9956331877729259,0.00504236042960373
2_002_20200623_003413(7),2,0.9912663755458515,0.9912663755458515,0.9912663755458515,0.9912663755458515,0.9912663755458515,0.0
2_002_20200623_043056(0),0,0.975,0.9912663755458515,0.9912663755458515,0.9912663755458515,0.9871997816593887,0.008133187772925765
2_002_20200623_043056(0),1,0.9912663755458515,1.0,0.9912663755458515,0.9912663755458515,0.9934497816593886,0.004366812227074246
2_002_20200623_043056(0),2,0.9912663755458515,0.9912663755458515,0.9912663755458515,0.9912663755458515,0.9912663755458515,0.0
2_002_20200623_043100(6),0,1.0,0.9912663755458515,0.9912663755458515,0.9912663755458515,0.9934497816593886,0.004366812227074246
2_002_20200623_043100(6),1,0.9912663755458515,0.9912663755458515,0.9912663755458515,0.9912663755458515,0.9912663755458515,0.0
2_002_20200623_043100(6),2,0.9912663755458515,0.9912663755458515,1.0,0.9912663755458515,0.9934497816593886,0.004366812227074246
2_002_20200623_043105(0),0,0.9912663755458515,0.9912663755458515,0.9912663755458515,0.9912663755458515,0.9912663755458515,0.0
2_002_20200623_043105(0),1,1.0,0.9912663755458515,1.0,0.9912663755458515,0.9956331877729259,0.00504236042960373
2_002_20200623_043105(0),2,0.9912663755458515,0.9912663755458515,0.9912663755458515,0.9912663755458515,0.9912663755458515,0.0
2_002_20200623_043109(4),0,0.9912663755458515,0.9912663755458515,1.0,0.9912663755458515,0.9934497816593886,0.004366812227074246
2_002_20200623_043109(4),1,0.9912663755458515,1.0,0.9912663755458515,0.9912663755458515,0.9934497816593886,0.004366812227074246
2_002_20200623_043109(4),2,1.0,0.9912663755458515,1.0,0.9912663755458515,0.9956331877729259,0.00504236042960373
2_002_20200623_043115(4),0,1.0,0.9912663755458515,0.9912663755458515,0.975,0.9893831877729258,0.010435286048665027
2_002_20200623_043115(4),1,0.975,0.975,0.9912663755458515,0.975,0.9790665938864629,0.008133187772925765
2_002_20200623_043115(4),2,0.9912663755458515,0.9912663755458515,0.9912663755458515,0.975,0.9871997816593886,0.008133187772925765
2_002_20200623_043120(0),0,0.9658385093167702,0.9912663755458515,0.9912663755458515,0.9912663755458515,0.9849094089885813,0.012713933114540665
2_002_20200623_043120(0),1,0.975,0.9912663755458515,0.9912663755458515,0.9912663755458515,0.9871997816593887,0.008133187772925765
2_002_20200623_043120(0),2,0.9912663755458515,0.9658385093167702,0.9912663755458515,0.9912663755458515,0.9849094089885813,0.012713933114540665
2_002_20200623_082249(3),0,0.9912663755458515,0.9912663755458515,1.0,0.9912663755458515,0.9934497816593886,0.004366812227074246
2_002_20200623_082249(3),1,0.9912663755458515,0.9912663755458515,1.0,0.9912663755458515,0.9934497816593886,0.004366812227074246
2_002_20200623_082249(3),2,0.9658385093167702,0.9912663755458515,0.9658385093167702,0.9912663755458515,0.9785524424313108,0.014680785412277901
2_002_20200623_082253(8),0,0.9912663755458515,0.9912663755458515,0.9658385093167702,0.9658385093167702,0.9785524424313109,0.014680785412277901
2_002_20200623_082253(8),1,0.975,0.975,1.0,0.9912663755458515,0.985316593886463,0.012434716666466028
2_002_20200623_082253(8),2,0.975,0.9912663755458515,0.975,0.9912663755458515,0.9831331877729257,0.009391396300136927
2_002_20200623_082258(4),0,1.0,1.0,0.9912663755458515,0.9912663755458515,0.9956331877729259,0.00504236042960373
2_002_20200623_082258(4),1,1.0,0.9912663755458515,1.0,0.9912663755458515,0.9956331877729259,0.00504236042960373
2_002_20200623_082258(4),2,0.975,0.9912663755458515,0.975,0.9912663755458515,0.9831331877729257,0.009391396300136927
2_002_20200623_082302(7),0,0.9912663755458515,0.9912663755458515,0.9912663755458515,0.975,0.9871997816593886,0.008133187772925765
2_002_20200623_082302(7),1,0.9912663755458515,0.9912663755458515,0.9912663755458515,0.9912663755458515,0.9912663755458515,0.0
2_002_20200623_082302(7),2,0.9912663755458515,0.9912663755458515,0.9912663755458515,0.9912663755458515,0.9912663755458515,0.0
2_002_20200623_082307(2),0,0.9912663755458515,0.9912663755458515,0.9912663755458515,0.9912663755458515,0.9912663755458515,0.0
2_002_20200623_082307(2),1,0.9912663755458515,0.975,1.0,0.9912663755458515,0.9893831877729258,0.010435286048665027
2_002_20200623_082307(2),2,0.975,0.9912663755458515,0.9912663755458515,0.9912663755458515,0.9871997816593887,0.008133187772925765
2_002_20200623_082311(8),0,1.0,1.0,0.0,0.0,0.5,0.5773502691896257
2_002_20200623_082311(8),1,0.9912663755458515,0.975,0.975,0.9658385093167702,0.9767762212156554,0.010581556875208316
2_002_20200623_082311(8),2,0.9912663755458515,0.9912663755458515,0.9912663755458515,1.0,0.9934497816593886,0.004366812227074246
2_002_20200623_123042(0),0,0.9912663755458515,1.0,0.9912663755458515,0.9658385093167702,0.9870928151021183,0.014755543025816628
2_002_20200623_123042(0),1,0.975,0.9912663755458515,0.9658385093167702,0.9912663755458515,0.9808428151021182,0.012603820916241926
2_002_20200623_123042(0),2,1.0,0.9912663755458515,1.0,0.9912663755458515,0.9956331877729259,0.00504236042960373
2_002_20200623_123046(4),0,0.9912663755458515,0.9658385093167702,1.0,0.9658385093167702,0.980735848544848,0.01756759291383571
2_002_20200623_123046(4),1,0.9912663755458515,0.9912663755458515,1.0,0.9912663755458515,0.9934497816593886,0.004366812227074246
2_002_20200623_123046(4),2,0.975,0.9658385093167702,0.975,0.975,0.9727096273291925,0.0045807453416149
2_002_20200623_123051(1),0,0.9912663755458515,0.9912663755458515,0.975,0.9912663755458515,0.9871997816593887,0.008133187772925765
2_002_20200623_123051(1),1,0.9912663755458515,0.975,0.9912663755458515,0.9658385093167702,0.9808428151021183,0.012603820916241926
2_002_20200623_123051(1),2,0.9658385093167702,0.9658385093167702,0.9912663755458515,0.9912663755458515,0.9785524424313108,0.014680785412277901
2_002_20200623_123055(5),0,0.9912663755458515,0.9912663755458515,1.0,0.9658385093167702,0.9870928151021183,0.014755543025816628
2_002_20200623_123055(5),1,0.9912663755458515,0.9912663755458515,1.0,0.9912663755458515,0.9934497816593886,0.004366812227074246
2_002_20200623_123100(0),0,0.9912663755458515,0.9658385093167702,0.9912663755458515,0.9912663755458515,0.9849094089885813,0.012713933114540665
2_002_20200623_123100(0),1,1.0,0.9912663755458515,0.9912663755458515,0.9912663755458515,0.9934497816593886,0.004366812227074246
2_002_20200623_123100(0),2,0.9912663755458515,0.9912663755458515,0.9912663755458515,0.9912663755458515,0.9912663755458515,0.0
2_002_20200623_123104(5),0,0.9912663755458515,0.975,0.9912663755458515,0.9912663755458515,0.9871997816593887,0.008133187772925765
2_002_20200623_123104(5),1,0.9912663755458515,0.9912663755458515,0.9912663755458515,0.9912663755458515,0.9912663755458515,0.0
2_002_20200623_123104(5),2,1.0,0.975,1.0,0.9912663755458515,0.9915665938864628,0.011786812424665118
2_002_20200623_163020(3),0,1.0,1.0,0.9912663755458515,0.9912663755458515,0.9956331877729259,0.00504236042960373
2_002_20200623_163020(3),1,0.9912663755458515,0.975,0.9912663755458515,0.9658385093167702,0.9808428151021183,0.012603820916241926
2_002_20200623_163020(3),2,0.9912663755458515,0.9912663755458515,1.0,1.0,0.9956331877729258,0.00504236042960373
2_002_20200623_163023(3),0,0.9658385093167702,0.9912663755458515,0.975,0.975,0.9767762212156554,0.01058155687520832
2_002_20200623_163023(3),1,0.9912663755458515,0.9658385093167702,0.975,0.9912663755458515,0.9808428151021182,0.012603820916241926
2_002_20200623_163023(3),2,0.975,0.9658385093167702,0.9912663755458515,0.9912663755458515,0.9808428151021182,0.012603820916241926
2_002_20200623_163026(3),0,0.9912663755458515,0.9912663755458515,0.9912663755458515,0.9912663755458515,0.9912663755458515,0.0
2_002_20200623_163026(3),1,0.975,0.9912663755458515,0.9912663755458515,0.9912663755458515,0.9871997816593887,0.008133187772925765
2_002_20200623_163026(3),2,0.9912663755458515,0.9912663755458515,0.9912663755458515,0.9912663755458515,0.9912663755458515,0.0
2_002_20200623_163029(6),0,0.9912663755458515,1.0,0.9912663755458515,0.9912663755458515,0.9934497816593886,0.004366812227074246
2_002_20200623_163029(6),1,0.9912663755458515,0.9912663755458515,0.9912663755458515,0.9658385093167702,0.9849094089885811,0.012713933114540665
2_002_20200623_163029(6),2,1.0,0.9912663755458515,0.9912663755458515,0.9912663755458515,0.9934497816593886,0.004366812227074246
2_002_20200623_163032(5),0,0.975,0.975,0.975,0.975,0.975,0.0
2_002_20200623_163032(5),1,0.9912663755458515,0.0,0.9912663755458515,0.9912663755458515,0.7434497816593886,0.49563318777292575
2_002_20200623_163032(5),2,0.9912663755458515,0.9658385093167702,0.9912663755458515,0.9912663755458515,0.9849094089885813,0.012713933114540665
2_002_20200623_163035(5),0,1.0,1.0,0.9912663755458515,0.9912663755458515,0.9956331877729259,0.00504236042960373
2_002_20200623_163035(5),1,1.0,0.9912663755458515,0.9912663755458515,0.9912663755458515,0.9934497816593886,0.004366812227074246
2_002_20200623_163035(5),2,1.0,0.9912663755458515,0.975,0.975,0.9853165938864629,0.012434716666466028
2_002_20200623_203033(6),0,1.0,0.975,0.9912663755458515,0.975,0.9853165938864629,0.012434716666466028
2_002_20200623_203033(6),1,1.0,1.0,0.9912663755458515,0.9912663755458515,0.9956331877729259,0.00504236042960373
2_002_20200623_203033(6),2,0.9912663755458515,0.9912663755458515,0.9912663755458515,0.9658385093167702,0.9849094089885811,0.012713933114540665
2_002_20200623_203038(0),0,0.9912663755458515,0.9912663755458515,0.9912663755458515,0.975,0.9871997816593886,0.008133187772925765
2_002_20200623_203038(0),1,0.9912663755458515,1.0,0.9912663755458515,0.9912663755458515,0.9934497816593886,0.004366812227074246
2_002_20200623_203038(0),2,0.9912663755458515,0.9912663755458515,0.9912663755458515,0.9912663755458515,0.9912663755458515,0.0
2_002_20200623_203042(5),0,1.0,0.9912663755458515,1.0,0.9912663755458515,0.9956331877729259,0.00504236042960373
2_002_20200623_203042(5),1,0.975,0.9912663755458515,1.0,0.9912663755458515,0.9893831877729258,0.010435286048665027
2_002_20200623_203042(5),2,0.9912663755458515,0.9912663755458515,0.9912663755458515,0.9912663755458515,0.9912663755458515,0.0
2_002_20200623_203047(0),0,1.0,0.9912663755458515,0.975,0.9912663755458515,0.9893831877729258,0.010435286048665027
2_002_20200623_203047(0),1,1.0,1.0,0.9912663755458515,0.9912663755458515,0.9956331877729259,0.00504236042960373
2_002_20200623_203047(0),2,0.9912663755458515,0.9912663755458515,0.975,0.9912663755458515,0.9871997816593887,0.008133187772925765
2_002_20200623_203050(0),0,0.9912663755458515,0.9912663755458515,0.9912663755458515,0.975,0.9871997816593886,0.008133187772925765
2_002_20200623_203050(0),1,0.9912663755458515,0.9912663755458515,1.0,0.9912663755458515,0.9934497816593886,0.004366812227074246
2_002_20200623_203050(0),2,0.9912663755458515,1.0,0.9912663755458515,0.9912663755458515,0.9934497816593886,0.004366812227074246
2_002_20200623_203054(6),0,0.9658385093167702,0.9912663755458515,0.975,0.975,0.9767762212156554,0.01058155687520832
2_002_20200623_203054(6),1,0.9912663755458515,0.9912663755458515,0.9912663755458515,0.9912663755458515,0.9912663755458515,0.0
2_002_20200623_203054(6),2,0.975,0.9912663755458515,0.975,0.9912663755458515,0.9831331877729257,0.009391396300136927
3_001_20200623_003516(8),0,0.9658385093167702,0.975,0.9912663755458515,0.9565217391304348,0.9721566559982642,0.014805805046810267
3_001_20200623_003516(8),1,0.975,0.9658385093167702,0.9565217391304348,0.9444444444444444,0.9604511732229124,0.013068378747348418
3_001_20200623_003516(8),2,0.9912663755458515,0.9444444444444444,0.975,0.9658385093167702,0.9691373323267666,0.019533615224864024
3_001_20200623_003520(5),0,0.9658385093167702,0.9565217391304348,1.0,0.9912663755458515,0.978406655998264,0.020563339460791634
3_001_20200623_003520(5),1,0.9658385093167702,0.9658385093167702,0.9565217391304348,0.9565217391304348,0.9611801242236024,0.005379039775058603
3_001_20200623_003520(5),2,0.9444444444444444,0.975,0.9565217391304348,0.9565217391304348,0.9581219806763284,0.012610367159274653
3_001_20200623_003524(0),0,0.9658385093167702,0.9565217391304348,0.975,0.9658385093167702,0.9657996894409938,0.007543851587283355
3_001_20200623_003524(0),1,0.9912663755458515,0.9912663755458515,0.9565217391304348,0.9658385093167702,0.9762232498847271,0.01778185987627114
3_001_20200623_003524(0),2,0.9658385093167702,0.9912663755458515,0.9565217391304348,0.9658385093167702,0.9698662833274566,0.01492745494878923
3_001_20200623_003529(0),0,0.9658385093167702,0.975,0.9444444444444444,0.9565217391304348,0.9604511732229124,0.013068378747348418
3_001_20200623_003529(0),1,0.9658385093167702,0.9658385093167702,0.9658385093167702,0.9658385093167702,0.9658385093167702,0.0
3_001_20200623_003529(0),2,0.9444444444444444,0.9658385093167702,0.9912663755458515,0.9658385093167702,0.9668469596559591,0.019150409085090036
3_001_20200623_003532(5),0,0.9912663755458515,0.9565217391304348,0.9658385093167702,0.9658385093167702,0.9698662833274567,0.01492745494878923
3_001_20200623_003532(5),1,0.975,0.9912663755458515,0.9444444444444444,0.9658385093167702,0.9691373323267666,0.019533615224864024
3_001_20200623_003532(5),2,0.9658385093167702,0.9912663755458515,0.9444444444444444,0.9658385093167702,0.9668469596559591,0.019150409085090036
3_001_20200623_003536(0),0,0.9912663755458515,0.9658385093167702,0.975,0.9565217391304348,0.9721566559982642,0.014805805046810267
3_001_20200623_003536(0),1,0.9658385093167702,0.9658385093167702,0.9658385093167702,0.9444444444444444,0.9604899930986888,0.010697032436162879
3_001_20200623_003536(0),2,0.9658385093167702,0.975,0.9658385093167702,0.9658385093167702,0.9681288819875776,0.0045807453416149
3_001_20200623_043227(1),0,0.9658385093167702,0.9658385093167702,0.9658385093167702,0.9658385093167702,0.9658385093167702,0.0
3_001_20200623_043227(1),1,0.9912663755458515,0.9658385093167702,0.9658385093167702,0.9658385093167702,0.9721954758740405,0.012713933114540665
3_001_20200623_043227(1),2,0.9658385093167702,0.9565217391304348,0.9658385093167702,0.9444444444444444,0.958160800552105,0.01014428198487861
3_001_20200623_043231(6),0,0.9658385093167702,0.9658385093167702,0.8666666666666667,0.9565217391304348,0.9387163561076604,0.04823350081471104
3_001_20200623_043231(6),1,0.9565217391304348,0.9658385093167702,0.975,0.9912663755458515,0.9721566559982642,0.014805805046810267
3_001_20200623_043231(6),2,0.9565217391304348,0.975,0.9658385093167702,0.9565217391304348,0.9634704968944099,0.008852634139416208
3_001_20200623_043236(1),0,0.9658385093167702,0.9658385093167702,0.9444444444444444,0.9444444444444444,0.9551414768806072,0.012351869113097592
3_001_20200623_043236(1),1,0.9658385093167702,0.9444444444444444,0.9444444444444444,0.8918918918918919,0.9366548225243878,0.03150007382488898
3_001_20200623_043236(1),2,0.975,0.987233289174558,0.9658385093167702,0.9658385093167702,0.9734775769520246,0.010136536215725508
3_001_20200623_043240(6),0,0.9565217391304348,0.9658385093167702,0.975,0.9912663755458515,0.9721566559982642,0.014805805046810267
3_001_20200623_043240(6),1,0.9565217391304348,0.9658385093167702,0.9912663755458515,0.975,0.9721566559982641,0.014805805046810267
3_001_20200623_043240(6),2,0.975,0.9444444444444444,0.9565217391304348,0.9912663755458515,0.9668081397801827,0.020585243728027783
3_001_20200623_043245(2),0,0.9658385093167702,0.975,0.9912663755458515,0.9565217391304348,0.9721566559982642,0.014805805046810267
3_001_20200623_043245(2),1,0.9658385093167702,0.9444444444444444,0.9658385093167702,0.9912663755458515,0.966846959655959,0.019150409085090036
3_001_20200623_043245(2),2,0.9565217391304348,0.9658385093167702,0.9444444444444444,0.9444444444444444,0.9528122843340234,0.010384027494554866
3_001_20200623_043249(6),0,0.9912663755458515,0.9658385093167702,0.9658385093167702,0.8918918918918919,0.9537088215178209,0.042919153863768315
3_001_20200623_043249(6),1,0.9658385093167702,0.9444444444444444,0.975,0.9658385093167702,0.9627803657694962,0.012964437967985798
3_001_20200623_043249(6),2,0.9658385093167702,0.9658385093167702,0.8918918918918919,0.9444444444444444,0.9420033387424691,0.03489673726448027
3_001_20200623_082407(9),0,0.9658385093167702,0.975,0.975,0.9444444444444444,0.9650707384403037,0.014413118403779419
3_001_20200623_082407(9),1,0.9444444444444444,0.9444444444444444,0.9658385093167702,0.9658385093167702,0.9551414768806074,0.012351869113097592
3_001_20200623_082407(9),2,0.9658385093167702,0.9658385093167702,0.9658385093167702,0.9658385093167702,0.9658385093167702,0.0
3_001_20200623_082411(0),0,0.9912663755458515,0.9444444444444444,0.9565217391304348,0.9658385093167702,0.9645177671093753,0.01986711822347626
3_001_20200623_082411(0),1,0.9658385093167702,0.9658385093167702,0.975,0.9658385093167702,0.9681288819875776,0.0045807453416149
3_001_20200623_082411(0),2,0.9658385093167702,0.975,0.9444444444444444,0.9565217391304348,0.9604511732229124,0.013068378747348418
3_001_20200623_082414(1),0,0.9658385093167702,0.9565217391304348,0.9658385093167702,0.9565217391304348,0.9611801242236024,0.005379039775058603
3_001_20200623_082414(1),1,0.9565217391304348,0.9444444444444444,0.9658385093167702,0.9565217391304348,0.9558316080055211,0.008770369238881193
3_001_20200623_082414(1),2,0.0,0.9658385093167702,0.0,0.0,0.24145962732919254,0.4829192546583851
3_001_20200623_082416(7),0,0.9444444444444444,0.9444444444444444,0.9565217391304348,0.9912663755458515,0.9591692508912939,0.0221425275537705
3_001_20200623_082416(7),1,0.9565217391304348,0.9565217391304348,0.9565217391304348,0.9658385093167702,0.9588509316770187,0.004658385093167683
3_001_20200623_082416(7),2,0.9658385093167702,0.9658385093167702,0.9444444444444444,0.9444444444444444,0.9551414768806072,0.012351869113097592
3_001_20200623_082419(6),0,0.9658385093167702,0.975,0.9565217391304348,0.9565217391304348,0.9634704968944099,0.008852634139416208
3_001_20200623_082419(6),1,0.975,0.9658385093167702,0.975,0.9658385093167702,0.9704192546583851,0.005289389112140974
3_001_20200623_082419(6),2,0.9444444444444444,0.8918918918918919,0.9658385093167702,0.9565217391304348,0.9396741461958853,0.03303692306577348
3_001_20200623_082422(5),0,0.9565217391304348,0.9444444444444444,0.8918918918918919,0.9658385093167702,0.9396741461958854,0.03303692306577348
3_001_20200623_082422(5),1,0.9658385093167702,0.9658385093167702,0.9658385093167702,0.9565217391304348,0.9635093167701863,0.004658385093167683
3_001_20200623_082422(5),2,0.9556377876386835,0.9444444444444444,0.9658385093167702,0.9658385093167702,0.9579398126791671,0.0102013577564221
3_001_20200623_123214(3),0,0.9444444444444444,0.9565217391304348,0.9565217391304348,0.8918918918918919,0.9373449536493015,0.030832243920134554
3_001_20200623_123214(3),1,0.9658385093167702,0.9658385093167702,0.9565217391304348,0.9658385093167702,0.9635093167701864,0.004658385093167683
3_001_20200623_123214(3),2,0.9658385093167702,0.8666666666666667,0.9565217391304348,0.9444444444444444,0.933367839889579,0.04532175747137883
3_001_20200623_123223(3),0,0.975,0.9658385093167702,0.9444444444444444,0.9658385093167702,0.9627803657694962,0.012964437967985798
3_001_20200623_123223(3),1,0.9658385093167702,0.8918918918918919,0.9658385093167702,0.9444444444444444,0.9420033387424691,0.03489673726448027
3_001_20200623_123223(3),2,0.9658385093167702,0.9444444444444444,0.9658385093167702,0.9912663755458515,0.966846959655959,0.019150409085090036
3_001_20200623_123232(3),0,0.9565217391304348,0.9658385093167702,0.975,0.9658385093167702,0.9657996894409938,0.007543851587283355
3_001_20200623_123232(3),1,0.9658385093167702,0.9658385093167702,0.975,0.9658385093167702,0.9681288819875776,0.0045807453416149
3_001_20200623_123232(3),2,0.8918918918918919,0.9444444444444444,0.9565217391304348,0.9565217391304348,0.9373449536493015,0.030832243920134554
3_001_20200623_123236(9),0,0.9658385093167702,0.9658385093167702,0.9658385093167702,0.975,0.9681288819875776,0.0045807453416149
3_001_20200623_123236(9),1,0.9658385093167702,0.9444444444444444,0.9444444444444444,0.9444444444444444,0.9497929606625259,0.010697032436162879
3_001_20200623_123236(9),2,0.975,0.9565217391304348,0.9444444444444444,0.975,0.9627415458937197,0.014988988311081745
3_001_20200623_123241(3),0,0.8918918918918919,0.8918918918918919,0.8666666666666667,0.8666666666666667,0.8792792792792793,0.014563790574152701
3_001_20200623_123241(3),1,0.9658385093167702,0.9658385093167702,0.9658385093167702,0.9658385093167702,0.9658385093167702,0.0
3_001_20200623_123241(3),2,0.9565217391304348,0.9444444444444444,0.9658385093167702,0.9565217391304348,0.9558316080055211,0.008770369238881193
3_001_20200623_123245(8),0,0.9658385093167702,0.9444444444444444,0.9912663755458515,0.9565217391304348,0.9645177671093752,0.019867118223476258
3_001_20200623_123245(8),1,0.9658385093167702,0.9658385093167702,0.9565217391304348,0.9565217391304348,0.9611801242236024,0.005379039775058603
3_001_20200623_123245(8),2,0.9565217391304348,0.9658385093167702,0.9565217391304348,0.9658385093167702,0.9611801242236025,0.005379039775058603
3_001_20200623_163159(5),0,0.9565217391304348,0.9565217391304348,0.9444444444444444,0.9658385093167702,0.955831608005521,0.008770369238881193
3_001_20200623_163159(5),1,0.9444444444444444,0.9912663755458515,0.9565217391304348,0.9444444444444444,0.9591692508912939,0.022142527553770497
3_001_20200623_163159(5),2,0.9444444444444444,0.9444444444444444,0.9444444444444444,0.9565217391304348,0.9474637681159419,0.006038647342995196
3_001_20200623_163209(3),0,0.9565217391304348,0.975,0.9658385093167702,0.8918918918918919,0.9473130350847743,0.037709700629695725
3_001_20200623_163209(3),1,0.9658385093167702,0.9658385093167702,0.9565217391304348,0.9658385093167702,0.9635093167701864,0.004658385093167683
3_001_20200623_163209(3),2,0.9444444444444444,0.8761370564234167,0.975,0.9912663755458515,0.9467119691034283,0.05089619433484984
3_001_20200623_163212(9),0,0.9565217391304348,0.975,0.9565217391304348,0.9658385093167702,0.96347049689441,0.008852634139416208
3_001_20200623_163212(9),1,0.9658385093167702,0.9565217391304348,0.9565217391304348,0.9658385093167702,0.9611801242236025,0.005379039775058603
3_001_20200623_163212(9),2,0.9658385093167702,0.9565217391304348,0.9912663755458515,0.9658385093167702,0.9698662833274566,0.01492745494878923
3_001_20200623_163216(2),0,0.9565217391304348,0.9565217391304348,0.9658385093167702,0.9444444444444444,0.9558316080055211,0.008770369238881193
3_001_20200623_163216(2),1,0.9912663755458515,0.9658385093167702,0.9912663755458515,0.8918918918918919,0.9600657880750914,0.047003396148125653
3_001_20200623_163216(2),2,0.9565217391304348,0.9658385093167702,0.9658385093167702,0.9658385093167702,0.9635093167701864,0.004658385093167683
3_001_20200623_163219(5),0,0.8918918918918919,0.9444444444444444,0.9565217391304348,0.9444444444444444,0.934325629977804,0.028856369613887517
3_001_20200623_163219(5),1,0.975,0.9658385093167702,0.9658385093167702,0.9658385093167702,0.9681288819875776,0.0045807453416149
3_001_20200623_163219(5),2,0.975,0.9565217391304348,0.9658385093167702,0.9444444444444444,0.9604511732229124,0.013068378747348418
3_001_20200623_163222(9),0,0.8666666666666667,0.9565217391304348,0.9658385093167702,0.9444444444444444,0.933367839889579,0.04532175747137883
3_001_20200623_163222(9),1,0.9658385093167702,0.0,0.9565217391304348,0.9658385093167702,0.7220496894409938,0.48138649527527977
3_001_20200623_163222(9),2,0.8918918918918919,0.9565217391304348,0.9444444444444444,0.9658385093167702,0.9396741461958854,0.03303692306577348
3_001_20200623_203217(4),0,0.975,0.9658385093167702,0.9912663755458515,0.9658385093167702,0.974485848544848,0.011991710881565228
3_001_20200623_203217(4),1,0.9444444444444444,0.9658385093167702,0.9912663755458515,0.9658385093167702,0.9668469596559591,0.019150409085090036
3_001_20200623_203217(4),2,0.9658385093167702,0.9565217391304348,0.9658385093167702,0.9565217391304348,0.9611801242236024,0.005379039775058603
3_001_20200623_203222(0),0,0.975,0.9658385093167702,0.9658385093167702,0.9444444444444444,0.9627803657694962,0.012964437967985798
3_001_20200623_203222(0),1,0.9444444444444444,0.9565217391304348,0.9658385093167702,0.9565217391304348,0.9558316080055211,0.008770369238881193
3_001_20200623_203222(0),2,0.9658385093167702,0.9565217391304348,0.9658385093167702,0.9658385093167702,0.9635093167701864,0.004658385093167683
3_001_20200623_203226(3),0,0.975,0.975,0.975,0.9658385093167702,0.9727096273291925,0.0045807453416149
3_001_20200623_203226(3),1,0.9658385093167702,0.9444444444444444,0.9658385093167702,0.975,0.9627803657694962,0.012964437967985798
3_001_20200623_203226(3),2,0.9912663755458515,0.9658385093167702,0.9912663755458515,0.9565217391304348,0.976223249884727,0.01778185987627114
3_001_20200623_203230(9),0,0.9912663755458515,0.975,0.975,0.9658385093167702,0.9767762212156554,0.010581556875208316
3_001_20200623_203230(9),1,0.9912663755458515,0.975,0.9912663755458515,0.9658385093167702,0.9808428151021183,0.012603820916241926
3_001_20200623_203230(9),2,0.9658385093167702,0.975,0.975,0.975,0.9727096273291925,0.0045807453416149
3_001_20200623_203235(3),0,0.975,0.975,0.9658385093167702,0.975,0.9727096273291925,0.0045807453416149
3_001_20200623_203235(3),1,0.8918918918918919,0.9565217391304348,0.9658385093167702,0.9658385093167702,0.9450226624139668,0.035691766119384356
3_001_20200623_203235(3),2,0.9658385093167702,0.9658385093167702,0.9565217391304348,0.9658385093167702,0.9635093167701864,0.004658385093167683
3_001_20200623_203247(5),0,0.9658385093167702,0.9658385093167702,0.9462398352812094,0.9565217391304348,0.958609648261296,0.009343170447261748
3_001_20200623_203247(5),1,0.9658385093167702,0.9658385093167702,1.0,0.9912663755458515,0.9807358485448481,0.017567592913835705
3_001_20200623_203247(5),2,0.9658385093167702,0.9658385093167702,0.9658385093167702,0.975,0.9681288819875776,0.0045807453416149
1_002_20200624_003107(0),0,1.0,0.9912663755458515,0.9912663755458515,0.9912663755458515,0.9934497816593886,0.004366812227074246
1_002_20200624_003107(0),1,0.975,0.9658385093167702,0.9912663755458515,0.9912663755458515,0.9808428151021182,0.012603820916241926
1_002_20200624_003107(0),2,0.9658385093167702,0.975,0.9912663755458515,0.975,0.9767762212156554,0.010581556875208318
1_002_20200624_003111(0),0,0.975,1.0,0.975,0.9912663755458515,0.985316593886463,0.012434716666466028
1_002_20200624_003111(0),1,0.9912663755458515,0.9912663755458515,0.975,0.9912663755458515,0.9871997816593887,0.008133187772925765
1_002_20200624_003111(0),2,0.9658385093167702,0.975,0.9912663755458515,0.9912663755458515,0.9808428151021182,0.012603820916241926
1_002_20200624_003115(1),0,0.975,0.975,0.9912663755458515,0.9912663755458515,0.9831331877729257,0.009391396300136927
1_002_20200624_003115(1),1,0.9658385093167702,1.0,0.9912663755458515,0.9912663755458515,0.9870928151021183,0.014755543025816628
1_002_20200624_003115(1),2,0.9912663755458515,1.0,0.9912663755458515,1.0,0.9956331877729258,0.00504236042960373
1_002_20200624_003119(1),0,0.975,0.975,0.9912663755458515,0.9912663755458515,0.9831331877729257,0.009391396300136927
1_002_20200624_003119(1),1,0.9912663755458515,0.9658385093167702,0.975,0.9658385093167702,0.974485848544848,0.011991710881565231
1_002_20200624_003119(1),2,0.9658385093167702,0.975,0.9658385093167702,0.975,0.9704192546583851,0.005289389112140974
1_002_20200624_003123(1),0,0.9658385093167702,0.9912663755458515,0.9912663755458515,0.975,0.9808428151021183,0.012603820916241926
1_002_20200624_003123(1),1,0.9658385093167702,0.9658385093167702,0.9658385093167702,0.975,0.9681288819875776,0.0045807453416149
1_002_20200624_003123(1),2,0.9658385093167702,0.975,0.9912663755458515,0.975,0.9767762212156554,0.010581556875208318
1_002_20200624_003127(0),0,0.9658385093167702,0.975,0.9658385093167702,0.975,0.9704192546583851,0.005289389112140974
1_002_20200624_003127(0),1,0.9912663755458515,0.9658385093167702,0.9912663755458515,0.975,0.9808428151021183,0.012603820916241926
1_002_20200624_003127(0),2,0.9658385093167702,0.9912663755458515,0.9912663755458515,0.975,0.9808428151021183,0.012603820916241926
1_002_20200624_043128(1),0,0.9912663755458515,0.975,0.9912663755458515,0.975,0.9831331877729258,0.009391396300136927
1_002_20200624_043128(1),1,0.975,0.9912663755458515,0.9912663755458515,0.975,0.9831331877729258,0.009391396300136927
1_002_20200624_043128(1),2,0.9658385093167702,0.9658385093167702,0.9658385093167702,0.9658385093167702,0.9658385093167702,0.0
1_002_20200624_043132(2),0,0.9658385093167702,0.975,0.975,0.9912663755458515,0.9767762212156554,0.010581556875208316
1_002_20200624_043132(2),1,0.975,0.9912663755458515,0.9912663755458515,1.0,0.9893831877729258,0.010435286048665027
1_002_20200624_043132(2),2,0.9658385093167702,0.9912663755458515,0.9912663755458515,0.9912663755458515,0.9849094089885813,0.012713933114540665
1_002_20200624_043136(1),0,0.9912663755458515,0.9565217391304348,0.9912663755458515,0.9912663755458515,0.9825802164419974,0.017372318207708348
1_002_20200624_043136(1),1,0.9658385093167702,0.9658385093167702,0.9658385093167702,0.9658385093167702,0.9658385093167702,0.0
1_002_20200624_043136(1),2,0.975,0.975,0.9912663755458515,0.975,0.9790665938864629,0.008133187772925765
1_002_20200624_043140(2),0,0.9658385093167702,0.9444444444444444,0.9658385093167702,0.9658385093167702,0.9604899930986888,0.010697032436162879
1_002_20200624_043140(2),1,0.9658385093167702,0.975,0.9565217391304348,0.9658385093167702,0.9657996894409938,0.007543851587283355
1_002_20200624_043140(2),2,0.975,0.9912663755458515,0.9912663755458515,1.0,0.9893831877729258,0.010435286048665027
1_002_20200624_043144(2),0,0.9565217391304348,0.9658385093167702,0.9912663755458515,0.9912663755458515,0.976223249884727,0.01778185987627114
1_002_20200624_043144(2),1,0.975,0.975,0.9658385093167702,0.9912663755458515,0.9767762212156554,0.010581556875208316
1_002_20200624_043144(2),2,0.9658385093167702,0.9658385093167702,0.9658385093167702,0.9658385093167702,0.9658385093167702,0.0
1_002_20200624_043148(1),0,0.975,0.9912663755458515,0.975,0.975,0.9790665938864629,0.008133187772925765
1_002_20200624_043148(1),1,0.9658385093167702,0.9658385093167702,0.9565217391304348,0.9658385093167702,0.9635093167701864,0.004658385093167683
1_002_20200624_043148(1),2,0.9658385093167702,0.9658385093167702,0.9658385093167702,0.975,0.9681288819875776,0.0045807453416149
1_002_20200624_083045(5),0,0.975,0.9658385093167702,0.9658385093167702,0.9912663755458515,0.974485848544848,0.01199171088156523
1_002_20200624_083045(5),1,0.9912663755458515,0.9912663755458515,0.9658385093167702,0.9912663755458515,0.9849094089885813,0.012713933114540665
1_002_20200624_083045(5),2,0.975,0.9912663755458515,0.9912663755458515,0.9912663755458515,0.9871997816593887,0.008133187772925765
1_002_20200624_083049(6),0,0.9565217391304348,0.9912663755458515,0.975,0.9912663755458515,0.9785136225555344,0.01654543137052254
1_002_20200624_083049(6),1,0.9658385093167702,0.9912663755458515,0.975,0.9658385093167702,0.974485848544848,0.011991710881565231
1_002_20200624_083049(6),2,0.9912663755458515,1.0,0.9658385093167702,1.0,0.9892762212156554,0.016158443779690574
1_002_20200624_083053(3),0,1.0,0.9658385093167702,0.9912663755458515,0.9912663755458515,0.9870928151021183,0.014755543025816628
1_002_20200624_083053(3),1,0.9658385093167702,0.9565217391304348,0.9444444444444444,0.975,0.9604511732229123,0.013068378747348421
1_002_20200624_083053(3),2,0.9658385093167702,0.9658385093167702,0.9658385093167702,0.975,0.9681288819875776,0.0045807453416149
1_002_20200624_083057(4),0,0.9912663755458515,0.9912663755458515,0.975,0.9912663755458515,0.9871997816593887,0.008133187772925765
1_002_20200624_083057(4),1,0.975,0.9658385093167702,0.9658385093167702,0.9658385093167702,0.9681288819875776,0.0045807453416149
1_002_20200624_083057(4),2,0.9658385093167702,0.9912663755458515,0.975,0.9658385093167702,0.974485848544848,0.011991710881565231
1_002_20200624_083101(4),0,0.9658385093167702,0.9658385093167702,0.9912663755458515,0.9912663755458515,0.9785524424313108,0.014680785412277901
1_002_20200624_083101(4),1,0.9912663755458515,0.9658385093167702,0.9658385093167702,0.9658385093167702,0.9721954758740405,0.012713933114540665
1_002_20200624_083101(4),2,0.9658385093167702,0.975,0.975,0.975,0.9727096273291925,0.0045807453416149
1_002_20200624_083105(5),0,0.9912663755458515,0.9912663755458515,0.9912663755458515,0.9912663755458515,0.9912663755458515,0.0
1_002_20200624_083105(5),1,0.9658385093167702,0.9658385093167702,0.9565217391304348,0.975,0.9657996894409938,0.007543851587283355
1_002_20200624_083105(5),2,0.9565217391304348,0.9658385093167702,0.9658385093167702,0.9658385093167702,0.9635093167701864,0.004658385093167683
1_002_20200624_123122(6),0,0.975,0.9565217391304348,0.975,0.9912663755458515,0.9744470286690716,0.014198802637206949
1_002_20200624_123122(6),1,0.9912663755458515,0.9658385093167702,0.9565217391304348,0.9658385093167702,0.9698662833274566,0.01492745494878923
1_002_20200624_123122(6),2,0.9658385093167702,0.975,0.9658385093167702,1.0,0.976669254658385,0.016142285862702888
1_002_20200624_123126(4),0,0.9658385093167702,0.975,0.9912663755458515,0.975,0.9767762212156554,0.010581556875208318
1_002_20200624_123126(4),1,0.9912663755458515,0.0,0.975,0.9912663755458515,0.7393831877729258,0.49298176475085564
1_002_20200624_123126(4),2,0.9658385093167702,0.9658385093167702,0.9912663755458515,0.975,0.974485848544848,0.01199171088156523
1_002_20200624_123129(9),0,0.9658385093167702,0.9658385093167702,0.9658385093167702,0.9658385093167702,0.9658385093167702,0.0
1_002_20200624_123129(9),1,0.9912663755458515,0.9565217391304348,0.975,0.975,0.9744470286690716,0.014198802637206949
1_002_20200624_123129(9),2,0.9912663755458515,0.975,0.9912663755458515,0.9912663755458515,0.9871997816593887,0.008133187772925765
1_002_20200624_123133(0),0,0.9658385093167702,0.9658385093167702,0.9658385093167702,0.9658385093167702,0.9658385093167702,0.0
1_002_20200624_123133(0),1,0.9912663755458515,0.9658385093167702,0.9912663755458515,0.9658385093167702,0.9785524424313109,0.014680785412277901
1_002_20200624_123133(0),2,0.9658385093167702,0.9912663755458515,0.975,0.9912663755458515,0.9808428151021182,0.012603820916241926
1_002_20200624_123136(5),0,0.9912663755458515,0.9912663755458515,0.9912663755458515,0.9658385093167702,0.9849094089885811,0.012713933114540665
1_002_20200624_123136(5),1,0.9658385093167702,0.9658385093167702,0.9658385093167702,0.9658385093167702,0.9658385093167702,0.0
1_002_20200624_123136(5),2,0.9658385093167702,0.975,0.9658385093167702,0.975,0.9704192546583851,0.005289389112140974
1_002_20200624_123143(7),0,0.9565217391304348,0.9658385093167702,0.9658385093167702,0.975,0.9657996894409938,0.007543851587283355
1_002_20200624_123143(7),1,0.975,0.9658385093167702,0.9658385093167702,0.9658385093167702,0.9681288819875776,0.0045807453416149
1_002_20200624_123143(7),2,0.9565217391304348,0.975,0.9658385093167702,0.9565217391304348,0.9634704968944099,0.008852634139416208
1_002_20200624_162522(0),0,0.975,0.9658385093167702,0.9658385093167702,0.9912663755458515,0.974485848544848,0.01199171088156523
1_002_20200624_162522(0),1,0.9658385093167702,0.9565217391304348,0.9565217391304348,0.9565217391304348,0.9588509316770186,0.004658385093167683
1_002_20200624_162522(0),2,0.9912663755458515,0.9565217391304348,0.9912663755458515,0.975,0.9785136225555345,0.01654543137052254
1_002_20200624_162527(8),0,0.975,0.9565217391304348,0.9658385093167702,0.9478080896462805,0.9612920845233713,0.011735292044793056
1_002_20200624_162527(8),1,0.975,0.9658385093167702,0.9912663755458515,0.9658385093167702,0.974485848544848,0.011991710881565228
1_002_20200624_162527(8),2,0.9658385093167702,0.9658385093167702,0.9565217391304348,0.9658385093167702,0.9635093167701864,0.004658385093167683
1_002_20200624_162531(7),0,0.975,0.9912663755458515,0.975,0.9912663755458515,0.9831331877729257,0.009391396300136927
1_002_20200624_162531(7),1,0.975,0.9658385093167702,0.9658385093167702,0.9658385093167702,0.9681288819875776,0.0045807453416149
1_002_20200624_162531(7),2,0.9658385093167702,0.9658385093167702,0.9658385093167702,0.9912663755458515,0.9721954758740405,0.012713933114540665
1_002_20200624_162536(8),0,0.9912663755458515,0.9658385093167702,0.9658385093167702,0.9658385093167702,0.9721954758740405,0.012713933114540665
1_002_20200624_162536(8),1,0.975,0.9912663755458515,0.975,0.9658385093167702,0.9767762212156554,0.010581556875208316
1_002_20200624_162536(8),2,0.975,0.9912663755458515,0.9658385093167702,0.9658385093167702,0.974485848544848,0.011991710881565228
1_002_20200624_162540(3),0,0.9658385093167702,0.9912663755458515,0.9658385093167702,0.9912663755458515,0.9785524424313108,0.014680785412277901
1_002_20200624_162540(3),1,0.9658385093167702,0.975,0.975,0.9658385093167702,0.9704192546583851,0.005289389112140974
1_002_20200624_162540(3),2,0.9658385093167702,0.9565217391304348,0.9658385093167702,0.9444444444444444,0.958160800552105,0.01014428198487861
1_002_20200624_162543(7),0,0.9658385093167702,0.975,0.9912663755458515,0.9912663755458515,0.9808428151021182,0.012603820916241926
1_002_20200624_162543(7),1,0.9658385093167702,0.0,0.0,0.0,0.24145962732919254,0.4829192546583851
1_002_20200624_162543(7),2,0.9565217391304348,0.975,0.9658385093167702,0.9658385093167702,0.9657996894409938,0.007543851587283355
1_002_20200624_203003(9),0,0.9912663755458515,0.9912663755458515,0.9912663755458515,1.0,0.9934497816593886,0.004366812227074246
1_002_20200624_203003(9),1,0.9658385093167702,0.9658385093167702,0.9658385093167702,0.9658385093167702,0.9658385093167702,0.0
1_002_20200624_203003(9),2,0.9658385093167702,0.9912663755458515,0.975,0.9912663755458515,0.9808428151021182,0.012603820916241926
1_002_20200624_203012(9),0,0.975,0.9658385093167702,0.975,0.9658385093167702,0.9704192546583851,0.005289389112140974
1_002_20200624_203012(9),1,0.9912663755458515,0.975,0.9912663755458515,0.975,0.9831331877729258,0.009391396300136927
1_002_20200624_203012(9),2,0.9658385093167702,0.975,0.9658385093167702,0.9912663755458515,0.974485848544848,0.01199171088156523
1_002_20200624_203017(4),0,0.0,0.0,0.0,0.0,0.0,0.0
1_002_20200624_203017(4),1,0.975,0.9658385093167702,0.975,0.975,0.9727096273291925,0.0045807453416149
1_002_20200624_203017(4),2,0.9912663755458515,0.9912663755458515,0.9912663755458515,0.9912663755458515,0.9912663755458515,0.0
1_002_20200624_203021(9),0,1.0,0.975,0.9912663755458515,0.975,0.9853165938864629,0.012434716666466028
1_002_20200624_203021(9),1,0.975,0.9658385093167702,0.9658385093167702,0.9658385093167702,0.9681288819875776,0.0045807453416149
1_002_20200624_203021(9),2,0.9912663755458515,0.975,0.9912663755458515,0.9912663755458515,0.9871997816593887,0.008133187772925765
1_002_20200624_203026(4),0,0.9912663755458515,0.9912663755458515,0.9912663755458515,0.9912663755458515,0.9912663755458515,0.0
1_002_20200624_203026(4),1,0.975,0.9565217391304348,0.9658385093167702,0.9658385093167702,0.9657996894409938,0.007543851587283355
1_002_20200624_203026(4),2,0.975,0.9912663755458515,0.9658385093167702,0.9912663755458515,0.9808428151021182,0.012603820916241926
1_002_20200624_203044(4),0,0.975,0.9912663755458515,0.9658385093167702,0.9912663755458515,0.9808428151021182,0.012603820916241926
1_002_20200624_203044(4),1,0.9912663755458515,0.9658385093167702,0.975,0.9565217391304348,0.9721566559982642,0.014805805046810267
1_002_20200624_203044(4),2,0.9565217391304348,0.975,0.9658385093167702,0.9912663755458515,0.9721566559982642,0.014805805046810267
2_002_20200624_003115(6),0,0.9658385093167702,0.9912663755458515,0.9658385093167702,0.975,0.974485848544848,0.01199171088156523
2_002_20200624_003115(6),1,0.9912663755458515,0.9912663755458515,0.8918918918918919,0.9565217391304348,0.9577365955285073,0.04685258146244325
2_002_20200624_003115(6),2,0.9912663755458515,0.975,0.9912663755458515,0.9912663755458515,0.9871997816593887,0.008133187772925765
2_002_20200624_003118(6),0,0.9912663755458515,0.9658385093167702,0.9912663755458515,0.9912663755458515,0.9849094089885813,0.012713933114540665
2_002_20200624_003118(6),1,0.975,0.975,0.9658385093167702,0.8918918918918919,0.9519326003021655,0.040259453670615356
2_002_20200624_003118(6),2,0.9658385093167702,0.9912663755458515,0.975,0.9658385093167702,0.974485848544848,0.011991710881565231
2_002_20200624_003123(0),0,0.9658385093167702,0.975,0.9912663755458515,0.9658385093167702,0.974485848544848,0.011991710881565228
2_002_20200624_003123(0),1,1.0,0.975,0.9658385093167702,0.9658385093167702,0.9766692546583852,0.016142285862702888
2_002_20200624_003123(0),2,0.9912663755458515,0.9658385093167702,0.9658385093167702,1.0,0.980735848544848,0.017567592913835705
2_002_20200624_003127(5),0,0.9658385093167702,0.9658385093167702,0.9912663755458515,0.9912663755458515,0.9785524424313108,0.014680785412277901
2_002_20200624_003127(5),1,0.9912663755458515,0.9912663755458515,0.9565217391304348,0.9444444444444444,0.9708747336666457,0.02405692386531903
2_002_20200624_003127(5),2,0.9565217391304348,0.9658385093167702,1.0,0.975,0.9743400621118012,0.018696140102861608
2_002_20200624_003132(0),0,0.9444444444444444,0.975,0.9658385093167702,0.975,0.9650707384403037,0.014413118403779419
2_002_20200624_003132(0),1,0.975,0.975,0.9658385093167702,0.9565217391304348,0.9680900621118012,0.008839118919657692
2_002_20200624_003132(0),2,0.9912663755458515,0.9658385093167702,1.0,0.9912663755458515,0.9870928151021183,0.014755543025816628
2_002_20200624_003136(5),0,0.9658385093167702,0.9565217391304348,0.9912663755458515,0.9912663755458515,0.976223249884727,0.01778185987627114
2_002_20200624_003136(5),1,0.9912663755458515,0.975,0.9565217391304348,0.9565217391304348,0.9698274634516801,0.01673784818459122
2_002_20200624_003136(5),2,0.9658385093167702,0.9658385093167702,0.9912663755458515,0.9912663755458515,0.9785524424313108,0.014680785412277901
2_002_20200624_043136(9),0,0.9912663755458515,1.0,0.9912663755458515,0.9912663755458515,0.9934497816593886,0.004366812227074246
2_002_20200624_043136(9),1,0.9912663755458515,0.9912663755458515,0.9658385093167702,0.975,0.9808428151021183,0.012603820916241926
2_002_20200624_043136(9),2,0.9912663755458515,0.9658385093167702,0.9912663755458515,1.0,0.9870928151021183,0.014755543025816628
2_002_20200624_043141(4),0,0.975,0.9658385093167702,0.9912663755458515,0.9658385093167702,0.974485848544848,0.011991710881565228
2_002_20200624_043141(4),1,0.9912663755458515,0.975,0.9912663755458515,0.9658385093167702,0.9808428151021183,0.012603820916241926
2_002_20200624_043141(4),2,0.9912663755458515,0.9912663755458515,0.9912663755458515,0.975,0.9871997816593886,0.008133187772925765
2_002_20200624_043145(8),0,0.9658385093167702,0.975,0.9912663755458515,0.9912663755458515,0.9808428151021182,0.012603820916241926
2_002_20200624_043145(8),1,0.9912663755458515,0.9658385093167702,0.9444444444444444,0.9565217391304348,0.9645177671093752,0.019867118223476258
2_002_20200624_043145(8),2,0.9658385093167702,0.9565217391304348,0.9912663755458515,0.9658385093167702,0.9698662833274566,0.01492745494878923
2_002_20200624_043150(3),0,1.0,0.975,0.975,0.9658385093167702,0.9789596273291926,0.014676719856000445
2_002_20200624_043150(3),1,1.0,0.9658385093167702,0.9912663755458515,0.9912663755458515,0.9870928151021183,0.014755543025816628
2_002_20200624_043150(3),2,0.9658385093167702,0.9658385093167702,0.9658385093167702,0.9658385093167702,0.9658385093167702,0.0
2_002_20200624_043154(8),0,0.9658385093167702,0.9658385093167702,0.9912663755458515,0.975,0.974485848544848,0.01199171088156523
2_002_20200624_043154(8),1,0.9912663755458515,0.9912663755458515,0.9658385093167702,0.9658385093167702,0.9785524424313109,0.014680785412277901
2_002_20200624_043154(8),2,0.9658385093167702,0.9658385093167702,0.9912663755458515,0.9912663755458515,0.9785524424313108,0.014680785412277901
2_002_20200624_043159(4),0,0.9912663755458515,0.9912663755458515,0.9912663755458515,0.975,0.9871997816593886,0.008133187772925765
2_002_20200624_043159(4),1,0.9912663755458515,0.975,0.9565217391304348,0.9912663755458515,0.9785136225555344,0.01654543137052254
2_002_20200624_043159(4),2,0.9658385093167702,0.975,0.9912663755458515,0.9912663755458515,0.9808428151021182,0.012603820916241926
2_002_20200624_083032(4),0,0.9565217391304348,0.9565217391304348,1.0,0.9658385093167702,0.96972049689441,0.020658594247903825
2_002_20200624_083032(4),1,0.975,0.9912663755458515,0.9658385093167702,0.9658385093167702,0.974485848544848,0.011991710881565228
2_002_20200624_083032(4),2,0.9565217391304348,0.9912663755458515,0.975,0.975,0.9744470286690716,0.014198802637206949
2_002_20200624_083036(9),0,0.9658385093167702,0.9658385093167702,0.9912663755458515,0.975,0.974485848544848,0.01199171088156523
2_002_20200624_083036(9),1,0.9912663755458515,0.9658385093167702,0.9658385093167702,0.9658385093167702,0.9721954758740405,0.012713933114540665
2_002_20200624_083036(9),2,0.9912663755458515,0.9658385093167702,0.975,0.9565217391304348,0.9721566559982642,0.014805805046810267
2_002_20200624_083041(3),0,0.9658385093167702,0.9658385093167702,0.9912663755458515,0.9912663755458515,0.9785524424313108,0.014680785412277901
2_002_20200624_083041(3),1,0.9658385093167702,0.9912663755458515,0.975,0.9565217391304348,0.9721566559982642,0.014805805046810267
2_002_20200624_083041(3),2,0.9912663755458515,0.975,0.975,0.9658385093167702,0.9767762212156554,0.010581556875208316
2_002_20200624_083045(8),0,0.9658385093167702,0.9444444444444444,0.9658385093167702,0.9912663755458515,0.966846959655959,0.019150409085090036
2_002_20200624_083045(8),1,0.9658385093167702,0.9912663755458515,0.975,0.9565217391304348,0.9721566559982642,0.014805805046810267
2_002_20200624_083045(8),2,0.975,0.9658385093167702,0.9912663755458515,0.9912663755458515,0.9808428151021182,0.012603820916241926
2_002_20200624_083050(4),0,0.9912663755458515,0.9658385093167702,0.9912663755458515,0.9658385093167702,0.9785524424313109,0.014680785412277901
2_002_20200624_083050(4),1,0.9912663755458515,0.9565217391304348,0.9444444444444444,0.9444444444444444,0.9591692508912939,0.0221425275537705
2_002_20200624_083050(4),2,0.975,0.9658385093167702,0.975,0.975,0.9727096273291925,0.0045807453416149
2_002_20200624_083054(9),0,0.9658385093167702,0.9658385093167702,0.9658385093167702,0.9658385093167702,0.9658385093167702,0.0
2_002_20200624_083054(9),1,0.9444444444444444,0.9565217391304348,0.9444444444444444,0.8666666666666667,0.9280193236714976,0.04129610713436182
2_002_20200624_083054(9),2,0.9658385093167702,0.9912663755458515,0.9912663755458515,0.9658385093167702,0.9785524424313109,0.014680785412277901
2_002_20200624_123144(0),0,0.9444444444444444,0.9912663755458515,0.9658385093167702,0.9912663755458515,0.9732039262132295,0.02261165856702249
2_002_20200624_123144(0),1,0.9912663755458515,0.9912663755458515,1.0,0.9912663755458515,0.9934497816593886,0.004366812227074246
2_002_20200624_123144(0),2,0.9565217391304348,0.975,0.9658385093167702,0.9912663755458515,0.9721566559982642,0.014805805046810267
2_002_20200624_123148(2),0,0.975,0.9912663755458515,0.9658385093167702,0.9912663755458515,0.9808428151021182,0.012603820916241926
2_002_20200624_123148(2),1,0.9912663755458515,0.9912663755458515,0.9912663755458515,0.9658385093167702,0.9849094089885811,0.012713933114540665
2_002_20200624_123148(2),2,0.9658385093167702,0.975,0.9658385093167702,0.975,0.9704192546583851,0.005289389112140974
2_002_20200624_123152(7),0,0.9444444444444444,0.9444444444444444,0.9658385093167702,0.9658385093167702,0.9551414768806074,0.012351869113097592
2_002_20200624_123152(7),1,0.9565217391304348,0.9658385093167702,0.9658385093167702,0.9565217391304348,0.9611801242236024,0.005379039775058603
2_002_20200624_123152(7),2,0.975,0.9912663755458515,0.9912663755458515,0.9658385093167702,0.9808428151021183,0.012603820916241926
2_002_20200624_123157(4),0,0.9658385093167702,0.9912663755458515,0.9658385093167702,0.975,0.974485848544848,0.01199171088156523
2_002_20200624_123157(4),1,0.9912663755458515,0.9912663755458515,0.9444444444444444,0.9658385093167702,0.9732039262132294,0.022611658567022488
2_002_20200624_123157(4),2,0.8666666666666667,0.9565217391304348,0.9565217391304348,0.9565217391304348,0.9340579710144927,0.04492753623188406
2_002_20200624_123201(7),0,0.9912663755458515,0.9658385093167702,0.9658385093167702,0.9658385093167702,0.9721954758740405,0.012713933114540665
2_002_20200624_123201(7),1,0.9658385093167702,0.975,0.9658385093167702,0.975,0.9704192546583851,0.005289389112140974
2_002_20200624_123201(7),2,0.9658385093167702,0.975,0.9658385093167702,0.9912663755458515,0.974485848544848,0.01199171088156523
2_002_20200624_123206(2),0,0.9912663755458515,0.975,0.9912663755458515,0.9658385093167702,0.9808428151021183,0.012603820916241926
2_002_20200624_123206(2),1,0.975,0.9444444444444444,0.8666666666666667,0.8918918918918919,0.9195007507507507,0.049180090994925846
2_002_20200624_123206(2),2,0.9658385093167702,0.9912663755458515,0.975,0.975,0.9767762212156554,0.01058155687520832
2_002_20200624_162708(9),0,0.9565217391304348,0.9444444444444444,0.9912663755458515,0.9912663755458515,0.9708747336666457,0.02405692386531903
2_002_20200624_162708(9),1,0.9658385093167702,0.975,0.9912663755458515,0.975,0.9767762212156554,0.010581556875208318
2_002_20200624_162708(9),2,0.9912663755458515,0.9912663755458515,0.9658385093167702,0.9658385093167702,0.9785524424313109,0.014680785412277901
2_002_20200624_162713(4),0,0.9658385093167702,0.9658385093167702,0.9658385093167702,0.9658385093167702,0.9658385093167702,0.0
2_002_20200624_162713(4),1,0.9658385093167702,0.975,0.9658385093167702,0.9658385093167702,0.9681288819875776,0.0045807453416149
2_002_20200624_162713(4),2,0.9658385093167702,0.975,0.9658385093167702,0.9658385093167702,0.9681288819875776,0.0045807453416149
2_002_20200624_162717(9),0,0.9658385093167702,0.975,0.9658385093167702,0.9912663755458515,0.974485848544848,0.01199171088156523
2_002_20200624_162717(9),1,0.975,0.975,0.9658385093167702,0.9912663755458515,0.9767762212156554,0.010581556875208316
2_002_20200624_162717(9),2,0.975,0.975,0.975,0.975,0.975,0.0
2_002_20200624_162722(4),0,0.9658385093167702,0.9658385093167702,0.9658385093167702,0.9658385093167702,0.9658385093167702,0.0
2_002_20200624_162722(4),1,0.9912663755458515,0.9912663755458515,0.9565217391304348,0.9565217391304348,0.9738940573381432,0.020059825187336504
2_002_20200624_162722(4),2,0.9912663755458515,0.9565217391304348,0.9912663755458515,0.975,0.9785136225555345,0.01654543137052254
2_002_20200624_203111(4),0,0.9912663755458515,0.9912663755458515,1.0,0.9912663755458515,0.9934497816593886,0.004366812227074246
2_002_20200624_203111(4),1,0.9658385093167702,0.9912663755458515,0.975,0.9912663755458515,0.9808428151021182,0.012603820916241926
2_002_20200624_203111(4),2,0.9912663755458515,0.9912663755458515,0.975,0.9565217391304348,0.9785136225555344,0.01654543137052254
2_002_20200624_203114(3),0,0.9658385093167702,0.9658385093167702,0.9444444444444444,0.9444444444444444,0.9551414768806072,0.012351869113097592
2_002_20200624_203114(3),1,0.9565217391304348,0.975,0.975,0.975,0.9703804347826087,0.009239130434782583
2_002_20200624_203114(3),2,0.9912663755458515,0.975,0.9444444444444444,0.9444444444444444,0.9637888161086852,0.023303192535476382
2_002_20200624_203117(3),0,0.9912663755458515,0.9912663755458515,0.9658385093167702,0.9658385093167702,0.9785524424313109,0.014680785412277901
2_002_20200624_203117(3),1,0.9912663755458515,0.975,0.9658385093167702,0.9658385093167702,0.974485848544848,0.011991710881565228
2_002_20200624_203117(3),2,0.9658385093167702,0.9912663755458515,0.9658385093167702,0.9565217391304348,0.9698662833274567,0.01492745494878923
2_002_20200624_203120(3),0,0.9658385093167702,0.9658385093167702,0.975,0.9658385093167702,0.9681288819875776,0.0045807453416149
2_002_20200624_203120(3),1,0.9658385093167702,0.975,0.8918918918918919,0.975,0.9519326003021655,0.040259453670615356
2_002_20200624_203120(3),2,0.975,0.975,0.9565217391304348,0.9658385093167702,0.9680900621118013,0.008839118919657692
2_002_20200624_203123(3),0,0.9565217391304348,0.9912663755458515,0.9658385093167702,0.9444444444444444,0.9645177671093752,0.01986711822347626
2_002_20200624_203123(3),1,0.9912663755458515,0.9658385093167702,0.9912663755458515,0.975,0.9808428151021183,0.012603820916241926
2_002_20200624_203123(3),2,0.9658385093167702,0.9565217391304348,0.9658385093167702,0.975,0.9657996894409938,0.007543851587283355
2_002_20200624_203126(3),0,0.975,0.9912663755458515,0.9658385093167702,0.9912663755458515,0.9808428151021182,0.012603820916241926
2_002_20200624_203126(3),1,0.9658385093167702,0.9658385093167702,0.9658385093167702,0.975,0.9681288819875776,0.0045807453416149
2_002_20200624_203126(3),2,0.9658385093167702,0.9444444444444444,0.9658385093167702,0.9658385093167702,0.9604899930986888,0.010697032436162879
3_001_20200624_003240(4),0,0.9444444444444444,0.9658385093167702,0.9658385093167702,0.9658385093167702,0.9604899930986888,0.010697032436162879
3_001_20200624_003240(4),1,0.9658385093167702,0.9658385093167702,0.9912663755458515,0.975,0.974485848544848,0.01199171088156523
3_001_20200624_003240(4),2,0.975,0.975,0.9658385093167702,0.9444444444444444,0.9650707384403037,0.014413118403779419
3_001_20200624_003244(2),0,0.975,0.975,0.9565217391304348,0.9565217391304348,0.9657608695652173,0.010668428887199578
3_001_20200624_003244(2),1,0.9658385093167702,0.975,0.9658385093167702,0.9565217391304348,0.9657996894409937,0.007543851587283355
3_001_20200624_003244(2),2,0.9658385093167702,0.9565217391304348,0.975,0.9658385093167702,0.9657996894409938,0.007543851587283355
3_001_20200624_003247(7),0,0.9658385093167702,0.9912663755458515,0.02857142857142857,0.0,0.4964190783585125,0.5569385886146999
3_001_20200624_003247(7),1,0.9658385093167702,0.9658385093167702,0.9658385093167702,0.8918918918918919,0.9473518549605506,0.036973308712439146
3_001_20200624_003247(7),2,0.9912663755458515,0.975,0.9658385093167702,0.9912663755458515,0.9808428151021182,0.012603820916241926
3_001_20200624_003251(1),0,0.9658385093167702,0.9658385093167702,0.9912663755458515,0.975,0.974485848544848,0.01199171088156523
3_001_20200624_003251(1),1,1.0,0.975,0.975,0.9658385093167702,0.9789596273291926,0.014676719856000445
3_001_20200624_003251(1),2,0.9658385093167702,0.9565217391304348,0.975,0.975,0.9680900621118013,0.008839118919657692
3_001_20200624_003254(3),0,0.9658385093167702,0.9658385093167702,0.9565217391304348,0.9658385093167702,0.9635093167701864,0.004658385093167683
3_001_20200624_003254(3),1,0.9912663755458515,0.9658385093167702,0.9912663755458515,0.8918918918918919,0.9600657880750914,0.047003396148125653
3_001_20200624_003254(3),2,0.9658385093167702,0.9658385093167702,0.9658385093167702,0.9658385093167702,0.9658385093167702,0.0
3_001_20200624_003303(5),0,0.0,0.9658385093167702,0.9565217391304348,0.9658385093167702,0.7220496894409938,0.48138649527527977
3_001_20200624_003303(5),1,0.8918918918918919,0.9565217391304348,0.02857142857142857,0.975,0.7129962648984388,0.4576722319687322
3_001_20200624_003303(5),2,0.0,0.0,0.0,0.02857142857142857,0.007142857142857143,0.014285714285714285
3_001_20200624_043315(2),0,0.9565217391304348,0.9658385093167702,0.9658385093167702,0.975,0.9657996894409938,0.007543851587283355
3_001_20200624_043315(2),1,0.9912663755458515,0.9565217391304348,0.975,0.975,0.9744470286690716,0.014198802637206949
3_001_20200624_043315(2),2,0.8918918918918919,0.9658385093167702,0.9444444444444444,0.9658385093167702,0.9420033387424692,0.03489673726448027
3_001_20200624_043324(2),0,0.9658385093167702,0.9565217391304348,0.9565217391304348,0.9658385093167702,0.9611801242236025,0.005379039775058603
3_001_20200624_043324(2),1,0.9565217391304348,0.9565217391304348,0.9912663755458515,0.975,0.9698274634516802,0.01673784818459122
3_001_20200624_043324(2),2,0.0,0.0,0.9658385093167702,0.975,0.48520962732919254,0.5602843017217554
3_001_20200624_043328(7),0,0.9658385093167702,0.9658385093167702,0.9912663755458515,0.9658385093167702,0.9721954758740405,0.012713933114540665
3_001_20200624_043328(7),1,1.0,0.9658385093167702,0.9912663755458515,0.9658385093167702,0.980735848544848,0.017567592913835705
3_001_20200624_043328(7),2,0.9658385093167702,0.975,0.9912663755458515,0.9912663755458515,0.9808428151021182,0.012603820916241926
3_001_20200624_043333(2),0,0.9658385093167702,0.0,0.02857142857142857,0.02857142857142857,0.2557453416149068,0.4735870071801533
3_001_20200624_043333(2),1,0.9912663755458515,0.9658385093167702,0.9658385093167702,0.9565217391304348,0.9698662833274567,0.01492745494878923
3_001_20200624_043333(2),2,0.9565217391304348,0.9444444444444444,0.9912663755458515,0.0,0.7230581397801827,0.4824471920495144
3_001_20200624_043337(8),0,0.9912663755458515,0.9912663755458515,0.9658385093167702,0.9658385093167702,0.9785524424313109,0.014680785412277901
3_001_20200624_043337(8),1,1.0,0.9658385093167702,0.9912663755458515,0.975,0.9830262212156554,0.015447189355208868
3_001_20200624_043337(8),2,0.975,0.9658385093167702,0.9658385093167702,0.9658385093167702,0.9681288819875776,0.0045807453416149
3_001_20200624_043349(7),0,0.9658385093167702,0.9912663755458515,0.9658385093167702,0.9912663755458515,0.9785524424313108,0.014680785412277901
3_001_20200624_043349(7),1,0.9658385093167702,0.9565217391304348,0.9658385093167702,0.9658385093167702,0.9635093167701864,0.004658385093167683
3_001_20200624_043349(7),2,0.9912663755458515,0.9912663755458515,0.9912663755458515,0.975,0.9871997816593886,0.008133187772925765
3_001_20200624_083150(7),0,0.9565217391304348,0.9565217391304348,0.9658385093167702,0.9912663755458515,0.9675370907808729,0.01641787723198158
3_001_20200624_083150(7),1,1.0,0.9912663755458515,0.975,0.9658385093167702,0.9830262212156554,0.015447189355208868
3_001_20200624_083150(7),2,0.02857142857142857,0.9658385093167702,0.9912663755458515,0.9912663755458515,0.7442356722449754,0.47726004924560406
3_001_20200624_083153(8),0,0.9658385093167702,0.9444444444444444,0.9912663755458515,0.9912663755458515,0.9732039262132295,0.022611658567022488
3_001_20200624_083153(8),1,1.0,0.975,0.975,0.9912663755458515,0.985316593886463,0.012434716666466028
3_001_20200624_083153(8),2,0.9658385093167702,0.9658385093167702,0.9658385093167702,0.9658385093167702,0.9658385093167702,0.0
3_001_20200624_083156(9),0,0.9912663755458515,0.975,0.9912663755458515,0.975,0.9831331877729258,0.009391396300136927
3_001_20200624_083156(9),1,0.975,0.9658385093167702,0.9565217391304348,0.9444444444444444,0.9604511732229124,0.013068378747348418
3_001_20200624_083156(9),2,0.9565217391304348,0.975,0.9565217391304348,0.9658385093167702,0.96347049689441,0.008852634139416208
3_001_20200624_083159(6),0,0.8918918918918919,0.9658385093167702,0.9444444444444444,0.9444444444444444,0.9366548225243878,0.03150007382488898
3_001_20200624_083159(6),1,0.0,0.9912663755458515,0.9658385093167702,0.9912663755458515,0.7370928151021183,0.491541388001118
3_001_20200624_083159(6),2,0.9444444444444444,0.9658385093167702,0.9444444444444444,0.9444444444444444,0.9497929606625259,0.010697032436162879
3_001_20200624_083202(6),0,0.0,0.0,0.0,0.0,0.0,0.0
3_001_20200624_083202(6),1,0.9658385093167702,0.9565217391304348,0.9658385093167702,0.9444444444444444,0.958160800552105,0.01014428198487861
3_001_20200624_083202(6),2,0.9444444444444444,0.975,0.975,0.9658385093167702,0.9650707384403037,0.014413118403779419
3_001_20200624_083205(7),0,0.0,0.0,0.0,0.0,0.0,0.0
3_001_20200624_083205(7),1,0.9912663755458515,0.9658385093167702,0.9912663755458515,0.9658385093167702,0.9785524424313109,0.014680785412277901
3_001_20200624_083205(7),2,0.0,0.975,0.9565217391304348,0.9444444444444444,0.7189915458937197,0.4794923613588725
3_001_20200624_123313(4),0,0.025309217448076456,0.02857142857142857,0.0,0.0,0.013470161504876257,0.015610915140551091
3_001_20200624_123313(4),1,0.975,0.9912663755458515,0.975,0.9688456270362497,0.9775280006455253,0.00960742995326208
3_001_20200624_123313(4),2,0.9658385093167702,0.9565217391304348,0.8918918918918919,0.0,0.7035630350847741,0.47019330527633474
3_001_20200624_123317(8),0,0.0,0.0,0.0,0.9565217391304348,0.2391304347826087,0.47826086956521746
3_001_20200624_123317(8),1,0.9658385093167702,0.0,0.0,0.9658385093167702,0.4829192546583851,0.5576271233477441
3_001_20200624_123317(8),2,0.975,0.9912663755458515,0.9565217391304348,0.0,0.7306970286690715,0.48733810094351016
3_001_20200624_123322(3),0,0.975,0.975,0.9912663755458515,0.975,0.9790665938864629,0.008133187772925765
3_001_20200624_123322(3),1,0.975,0.9658385093167702,0.9658385093167702,0.9565217391304348,0.9657996894409937,0.007543851587283355
3_001_20200624_123322(3),2,0.0,0.0,0.0,0.0,0.0,0.0
3_001_20200624_123326(6),0,0.8666666666666667,0.9658385093167702,0.9658385093167702,0.9658385093167702,0.9410455486542444,0.04958592132505174
3_001_20200624_123326(6),1,0.9565217391304348,0.975,0.9658385093167702,0.9912663755458515,0.9721566559982642,0.014805805046810267
3_001_20200624_123326(6),2,0.8666666666666667,0.9565217391304348,0.9444444444444444,0.9658385093167702,0.933367839889579,0.045321757471378836
3_001_20200624_123331(2),0,0.9565217391304348,0.9565217391304348,0.9658385093167702,0.9658385093167702,0.9611801242236025,0.005379039775058603
3_001_20200624_123331(2),1,0.9912663755458515,0.9658385093167702,0.9565217391304348,0.9658385093167702,0.9698662833274566,0.01492745494878923
3_001_20200624_123331(2),2,0.0,0.0,0.9912663755458515,0.0,0.24781659388646288,0.49563318777292575
3_001_20200624_123335(6),0,0.0,0.0,0.0,0.0,0.0,0.0
3_001_20200624_123335(6),1,0.975,0.9658385093167702,0.975,0.9658385093167702,0.9704192546583851,0.005289389112140974
3_001_20200624_123335(6),2,0.9658385093167702,0.9658385093167702,0.9658385093167702,0.9444444444444444,0.9604899930986888,0.010697032436162879
3_001_20200624_162816(3),0,0.0,0.0,0.0,0.0,0.0,0.0
3_001_20200624_162816(3),1,0.9658385093167702,0.975,0.9658385093167702,0.0,0.726669254658385,0.48446541998901216
3_001_20200624_162816(3),2,0.02857142857142857,0.9658385093167702,0.9658385093167702,0.9565217391304348,0.7291925465838509,0.4671013937553027
3_001_20200624_162821(2),0,0.9444444444444444,0.9658385093167702,0.9444444444444444,0.9565217391304348,0.9528122843340234,0.010384027494554866
3_001_20200624_162821(2),1,0.9912663755458515,0.9912663755458515,1.0,0.9658385093167702,0.9870928151021183,0.014755543025816628
3_001_20200624_162821(2),2,0.9658385093167702,0.9658385093167702,0.9912663755458515,0.9658385093167702,0.9721954758740405,0.012713933114540665
3_001_20200624_162831(2),0,0.9444444444444444,0.9912663755458515,0.9565217391304348,0.9912663755458515,0.9708747336666457,0.024056923865319033
3_001_20200624_162831(2),1,0.0,0.9444444444444444,0.9912663755458515,0.9658385093167702,0.7253873323267666,0.4839701211192188
3_001_20200624_162831(2),2,0.0,0.9658385093167702,0.9565217391304348,0.02857142857142857,0.48773291925465834,0.546827391395213
3_001_20200624_162835(8),0,0.9912663755458515,0.975,0.9658385093167702,0.9912663755458515,0.9808428151021182,0.012603820916241926
3_001_20200624_162835(8),1,0.9912663755458515,0.9912663755458515,0.9658385093167702,0.975,0.9808428151021183,0.012603820916241926
3_001_20200624_162835(8),2,0.9658385093167702,0.9565217391304348,0.9444444444444444,0.0,0.7167011732229123,0.4778810470378347
3_001_20200624_203149(7),0,0.975,0.9912663755458515,0.9658385093167702,0.9658385093167702,0.974485848544848,0.011991710881565228
3_001_20200624_203149(7),1,0.975,0.975,0.975,0.9658385093167702,0.9727096273291925,0.0045807453416149
3_001_20200624_203149(7),2,0.9658385093167702,0.9912663755458515,0.975,0.975,0.9767762212156554,0.01058155687520832
3_001_20200624_203154(3),0,0.975,0.975,0.975,0.975,0.975,0.0
3_001_20200624_203154(3),1,0.9658385093167702,0.9444444444444444,0.9658385093167702,0.9658385093167702,0.9604899930986888,0.010697032436162879
3_001_20200624_203154(3),2,0.975,0.9912663755458515,0.9658385093167702,0.9565217391304348,0.9721566559982642,0.014805805046810267
3_001_20200624_203203(1),0,0.9658385093167702,0.8918918918918919,0.8918918918918919,0.8918918918918919,0.9103785462481115,0.036973308712439146
3_001_20200624_203203(1),1,0.9658385093167702,0.9658385093167702,0.9658385093167702,0.9658385093167702,0.9658385093167702,0.0
3_001_20200624_203203(1),2,0.9444444444444444,0.9658385093167702,0.9658385093167702,0.9565217391304348,0.958160800552105,0.01014428198487861
3_001_20200624_203207(8),0,0.9444444444444444,0.975,0.9658385093167702,0.9658385093167702,0.9627803657694962,0.012964437967985798
3_001_20200624_203207(8),1,0.9658385093167702,0.9658385093167702,0.9658385093167702,0.9565217391304348,0.9635093167701863,0.004658385093167683
3_001_20200624_203207(8),2,0.9658385093167702,0.9444444444444444,0.9658385093167702,0.8918918918918919,0.9420033387424691,0.03489673726448027
3_001_20200624_203212(2),0,0.9565217391304348,0.9658385093167702,0.9444444444444444,0.9565217391304348,0.9558316080055209,0.008770369238881193
3_001_20200624_203212(2),1,0.9912663755458515,0.975,0.9565217391304348,0.9658385093167702,0.9721566559982641,0.014805805046810267
3_001_20200624_203212(2),2,0.9658385093167702,0.9658385093167702,0.9658385093167702,0.9658385093167702,0.9658385093167702,0.0
3_001_20200624_203225(8),0,0.9658385093167702,0.9565217391304348,0.8918918918918919,0.9444444444444444,0.9396741461958853,0.03303692306577348
3_001_20200624_203225(8),1,0.9658385093167702,0.9912663755458515,0.9912663755458515,0.9658385093167702,0.9785524424313109,0.014680785412277901
3_001_20200624_203225(8),2,0.8666666666666667,0.8918918918918919,0.9658385093167702,0.9658385093167702,0.9225588942980247,0.051025014448846336
1_002_20200622_203053(2),0,0.9912663755458515,0.975,0.9912663755458515,1.0,0.9893831877729258,0.010435286048665027
1_002_20200622_203053(2),1,0.9912663755458515,0.9912663755458515,0.9658385093167702,0.9912663755458515,0.9849094089885813,0.012713933114540665
1_002_20200622_203053(2),2,0.9912663755458515,0.975,0.9658385093167702,0.9912663755458515,0.9808428151021182,0.012603820916241926
1_002_20200622_203057(3),0,0.9565217391304348,0.9912663755458515,0.9658385093167702,0.9912663755458515,0.976223249884727,0.01778185987627114
1_002_20200622_203057(3),1,0.9912663755458515,0.975,0.975,0.975,0.9790665938864629,0.008133187772925765
1_002_20200622_203057(3),2,0.8918918918918919,0.9658385093167702,0.9444444444444444,0.9658385093167702,0.9420033387424692,0.03489673726448027
1_002_20200622_203101(3),0,0.975,0.975,0.9658385093167702,0.9658385093167702,0.9704192546583851,0.005289389112140974
1_002_20200622_203101(3),1,0.975,0.9658385093167702,0.9912663755458515,0.9912663755458515,0.9808428151021182,0.012603820916241926
1_002_20200622_203101(3),2,0.9565217391304348,0.975,0.9658385093167702,0.9565217391304348,0.9634704968944099,0.008852634139416208
1_002_20200622_203105(4),0,0.9565217391304348,0.975,0.9565217391304348,0.9912663755458515,0.9698274634516804,0.01673784818459122
1_002_20200622_203105(4),1,0.9912663755458515,0.9658385093167702,0.9565217391304348,0.9658385093167702,0.9698662833274566,0.01492745494878923
1_002_20200622_203105(4),2,0.9658385093167702,0.9658385093167702,0.8918918918918919,0.975,0.9496422276313581,0.03874169579143104
1_002_20200622_203109(3),0,0.975,0.9912663755458515,0.9444444444444444,0.9912663755458515,0.9754942988840369,0.022074529791586767
1_002_20200622_203109(3),1,0.9658385093167702,0.9912663755458515,1.0,0.9912663755458515,0.9870928151021183,0.014755543025816628
1_002_20200622_203109(3),2,0.9658385093167702,0.9912663755458515,0.9565217391304348,0.9444444444444444,0.9645177671093752,0.01986711822347626
1_002_20200622_203121(4),0,0.9912663755458515,0.975,0.9912663755458515,0.975,0.9831331877729258,0.009391396300136927
1_002_20200622_203121(4),1,0.9912663755458515,0.9912663755458515,0.9912663755458515,0.9658385093167702,0.9849094089885811,0.012713933114540665
1_002_20200622_203121(4),2,0.9912663755458515,0.975,0.9912663755458515,0.9658385093167702,0.9808428151021183,0.012603820916241926
1_002_20200905_123103(4),0,0.9658385093167702,0.9565217391304348,0.9565217391304348,0.9658385093167702,0.9611801242236025,0.005379039775058603
1_002_20200905_123107(5),0,0.9658385093167702,0.9658385093167702,0.975,0.9912663755458515,0.974485848544848,0.01199171088156523
1_002_20200905_123111(6),0,0.9565217391304348,0.9658385093167702,0.9444444444444444,0.9912663755458515,0.9645177671093752,0.01986711822347626
1_002_20200905_163920(4),0,0.9565217391304348,0.8918918918918919,0.9444444444444444,0.9444444444444444,0.934325629977804,0.028856369613887517
1_002_20200905_163924(2),0,0.9912663755458515,0.9565217391304348,0.9658385093167702,0.9444444444444444,0.9645177671093752,0.01986711822347626
1_002_20200905_163928(3),0,0.9658385093167702,0.9565217391304348,0.9658385093167702,0.9565217391304348,0.9611801242236024,0.005379039775058603
1_002_20200905_163932(3),0,0.9658385093167702,0.9658385093167702,0.9658385093167702,0.9658385093167702,0.9658385093167702,0.0
1_002_20200905_163936(3),0,0.9658385093167702,0.9912663755458515,0.9658385093167702,0.9565217391304348,0.9698662833274567,0.01492745494878923
1_002_20200905_163940(2),0,0.9658385093167702,0.9444444444444444,0.9444444444444444,0.9658385093167702,0.9551414768806074,0.012351869113097592
1_002_20200905_203836(3),0,0.9658385093167702,0.9658385093167702,0.9565217391304348,0.975,0.9657996894409938,0.007543851587283355
1_002_20200905_203840(3),0,0.9565217391304348,0.9658385093167702,0.9658385093167702,0.9658385093167702,0.9635093167701864,0.004658385093167683
1_002_20200905_203844(2),0,0.9444444444444444,0.9444444444444444,0.9658385093167702,0.8918918918918919,0.9366548225243878,0.03150007382488898
1_002_20200905_203848(4),0,0.9912663755458515,0.9912663755458515,0.9912663755458515,0.975,0.9871997816593886,0.008133187772925765
1_002_20200905_203856(3),0,0.9444444444444444,0.9444444444444444,0.9658385093167702,0.9565217391304348,0.9528122843340234,0.010384027494554866
1_002_20200905_203900(3),0,0.9658385093167702,0.9658385093167702,0.9658385093167702,0.9658385093167702,0.9658385093167702,0.0
2_002_20200622_203136(3),0,0.9658385093167702,0.9912663755458515,0.9912663755458515,0.9912663755458515,0.9849094089885813,0.012713933114540665
2_002_20200622_203136(3),1,0.9658385093167702,0.9658385093167702,0.975,0.975,0.9704192546583851,0.005289389112140974
2_002_20200622_203136(3),2,0.9912663755458515,0.975,0.9912663755458515,0.9658385093167702,0.9808428151021183,0.012603820916241926
2_002_20200622_203140(8),0,0.9912663755458515,0.9912663755458515,0.975,0.9912663755458515,0.9871997816593887,0.008133187772925765
2_002_20200622_203140(8),1,0.9912663755458515,0.9912663755458515,0.9912663755458515,0.9912663755458515,0.9912663755458515,0.0
2_002_20200622_203140(8),2,0.9912663755458515,0.9912663755458515,0.9912663755458515,0.9912663755458515,0.9912663755458515,0.0
2_002_20200622_203145(3),0,0.9658385093167702,0.975,0.9912663755458515,1.0,0.9830262212156554,0.015447189355208866
2_002_20200622_203145(3),1,0.9658385093167702,0.9966916046307422,0.9912663755458515,0.975,0.982199122373341,0.014279870968239017
2_002_20200622_203145(3),2,0.9912663755458515,0.9912663755458515,1.0,0.9912663755458515,0.9934497816593886,0.004366812227074246
2_002_20200622_203149(8),0,0.9912663755458515,0.9912663755458515,0.9912663755458515,0.9912663755458515,0.9912663755458515,0.0
2_002_20200622_203149(8),1,0.9912663755458515,0.9912663755458515,0.9912663755458515,0.9912663755458515,0.9912663755458515,0.0
2_002_20200622_203149(8),2,0.9912663755458515,0.9912663755458515,0.975,0.9912663755458515,0.9871997816593887,0.008133187772925765
2_002_20200622_203154(3),0,0.975,0.9658385093167702,0.975,0.9658385093167702,0.9704192546583851,0.005289389112140974
2_002_20200622_203154(3),1,0.9912663755458515,0.9658385093167702,0.975,0.975,0.9767762212156554,0.01058155687520832
2_002_20200622_203154(3),2,1.0,1.0,0.9912663755458515,1.0,0.9978165938864629,0.004366812227074246
2_002_20200622_203158(8),0,0.975,0.9912663755458515,0.975,0.9912663755458515,0.9831331877729257,0.009391396300136927
2_002_20200622_203158(8),1,0.9912663755458515,0.9912663755458515,0.975,0.9912663755458515,0.9871997816593887,0.008133187772925765
2_002_20200622_203158(8),2,0.9912663755458515,0.9912663755458515,0.975,0.975,0.9831331877729258,0.009391396300136927
2_002_20200831_163149(1),0,0.9912663755458515,0.9912663755458515,0.9658385093167702,0.9912663755458515,0.9849094089885813,0.012713933114540665
2_002_20200831_163150(6),0,0.9912663755458515,0.975,0.9912663755458515,0.975,0.9831331877729258,0.009391396300136927
2_002_20200831_203101(4),0,0.9912663755458515,0.9912663755458515,0.9912663755458515,0.9658385093167702,0.9849094089885811,0.012713933114540665
2_002_20200831_203105(9),0,1.0,0.9912663755458515,0.9912663755458515,0.9912663755458515,0.9934497816593886,0.004366812227074246
2_002_20200904_230054(2),0,0.9912663755458515,0.9912663755458515,0.9912663755458515,0.975,0.9871997816593886,0.008133187772925765
2_002_20200904_230057(6),0,1.0,0.9912663755458515,0.9658385093167702,0.9912663755458515,0.9870928151021183,0.014755543025816628
2_002_20200904_230105(4),0,0.9658385093167702,0.975,0.975,0.9565217391304348,0.9680900621118012,0.008839118919657692
2_002_20200905_003315(2),0,0.975,0.975,0.9912663755458515,0.975,0.9790665938864629,0.008133187772925765
2_002_20200905_003319(2),0,0.9912663755458515,0.9658385093167702,0.975,0.9658385093167702,0.974485848544848,0.011991710881565231
2_002_20200905_003323(3),0,0.9658385093167702,0.9658385093167702,0.9658385093167702,0.9658385093167702,0.9658385093167702,0.0
2_002_20200905_003327(3),0,0.9658385093167702,0.9912663755458515,0.975,0.975,0.9767762212156554,0.01058155687520832
2_002_20200905_003331(2),0,0.9912663755458515,0.9912663755458515,0.9912663755458515,0.975,0.9871997816593886,0.008133187772925765
2_002_20200905_003335(3),0,0.9912663755458515,0.9912663755458515,0.9912663755458515,0.9912663755458515,0.9912663755458515,0.0
2_002_20200905_043156(0),0,0.9912663755458515,0.9658385093167702,0.9912663755458515,0.975,0.9808428151021183,0.012603820916241926
2_002_20200905_043200(0),0,0.9658385093167702,0.9912663755458515,0.9912663755458515,0.9912663755458515,0.9849094089885813,0.012713933114540665
2_002_20200905_043204(0),0,0.9912663755458515,0.9912663755458515,0.9658385093167702,0.975,0.9808428151021183,0.012603820916241926
2_002_20200905_043208(0),0,0.9912663755458515,0.975,0.975,0.9658385093167702,0.9767762212156554,0.010581556875208316
2_002_20200905_043212(1),0,0.9912663755458515,0.9912663755458515,1.0,0.9912663755458515,0.9934497816593886,0.004366812227074246
2_002_20200905_043216(0),0,0.975,0.9658385093167702,0.975,0.9912663755458515,0.9767762212156554,0.010581556875208316
2_002_20200905_083407(3),0,0.9658385093167702,0.9658385093167702,0.9565217391304348,0.9658385093167702,0.9635093167701864,0.004658385093167683
2_002_20200905_083410(5),0,1.0,0.9658385093167702,0.9912663755458515,0.9912663755458515,0.9870928151021183,0.014755543025816628
2_002_20200905_083413(6),0,0.975,0.9912663755458515,0.9912663755458515,0.9912663755458515,0.9871997816593887,0.008133187772925765
2_002_20200905_083416(3),0,0.975,0.9912663755458515,0.975,0.975,0.9790665938864629,0.008133187772925765
2_002_20200905_083419(3),0,0.9912663755458515,0.9912663755458515,0.9912663755458515,0.9912663755458515,0.9912663755458515,0.0
2_002_20200905_083422(4),0,0.9912663755458515,0.9658385093167702,0.9658385093167702,0.9912663755458515,0.9785524424313108,0.014680785412277901
2_002_20200905_123055(0),0,0.0,0.0,0.0,0.0,0.0,0.0
2_002_20200905_123058(4),0,0.9912663755458515,0.9658385093167702,0.9658385093167702,0.9658385093167702,0.9721954758740405,0.012713933114540665
2_002_20200905_123102(0),0,0.9912663755458515,0.9912663755458515,0.9912663755458515,0.9912663755458515,0.9912663755458515,0.0
2_002_20200905_123105(0),0,0.975,0.9658385093167702,0.9565217391304348,0.9658385093167702,0.9657996894409938,0.007543851587283355
2_002_20200905_123108(4),0,0.9658385093167702,0.9658385093167702,0.975,0.9912663755458515,0.974485848544848,0.01199171088156523
2_002_20200905_123112(0),0,0.975,0.9658385093167702,0.9912663755458515,0.9912663755458515,0.9808428151021182,0.012603820916241926
2_002_20200905_163922(9),0,0.9658385093167702,0.9658385093167702,0.9565217391304348,0.9658385093167702,0.9635093167701864,0.004658385093167683
2_002_20200905_163926(4),0,0.975,0.9912663755458515,0.975,0.9912663755458515,0.9831331877729257,0.009391396300136927
2_002_20200905_163929(7),0,0.9912663755458515,0.9912663755458515,0.9912663755458515,0.9912663755458515,0.9912663755458515,0.0
2_002_20200905_163932(9),0,0.9658385093167702,0.9912663755458515,0.9658385093167702,0.9658385093167702,0.9721954758740405,0.012713933114540665
2_002_20200905_163936(2),0,0.975,0.9912663755458515,0.9658385093167702,0.975,0.9767762212156554,0.010581556875208318
2_002_20200905_163939(7),0,0.9912663755458515,0.9912663755458515,1.0,0.9912663755458515,0.9934497816593886,0.004366812227074246
2_002_20200905_204033(3),0,0.975,0.975,0.9912663755458515,0.9912663755458515,0.9831331877729257,0.009391396300136927
2_002_20200905_204039(5),0,0.9912663755458515,0.975,0.9912663755458515,0.9658385093167702,0.9808428151021183,0.012603820916241926
2_002_20200905_204042(9),0,0.975,0.9658385093167702,0.9658385093167702,0.975,0.9704192546583851,0.005289389112140974
2_002_20200905_204046(0),0,0.975,0.975,0.9658385093167702,0.9658385093167702,0.9704192546583851,0.005289389112140974
2_002_20200905_204049(1),0,0.9658385093167702,0.9658385093167702,0.9565217391304348,0.9658385093167702,0.9635093167701864,0.004658385093167683
2_002_20200905_204052(3),0,0.9912663755458515,0.975,0.9912663755458515,0.9912663755458515,0.9871997816593887,0.008133187772925765
3_001_20200622_203305(8),0,0.0,0.0,0.0,0.0,0.0,0.0
3_001_20200622_203305(8),1,0.9658385093167702,0.9658385093167702,0.0,0.0,0.4829192546583851,0.5576271233477441
3_001_20200622_203305(8),2,0.9658385093167702,0.9658385093167702,0.9658385093167702,0.9912663755458515,0.9721954758740405,0.012713933114540665
3_001_20200622_203309(1),0,0.9658385093167702,0.9444444444444444,0.9658385093167702,0.9565217391304348,0.958160800552105,0.01014428198487861
3_001_20200622_203309(1),1,0.9444444444444444,0.9658385093167702,0.9444444444444444,0.9444444444444444,0.9497929606625259,0.010697032436162879
3_001_20200622_203309(1),2,0.9565217391304348,0.9658385093167702,0.8666666666666667,0.9444444444444444,0.933367839889579,0.045321757471378836
3_001_20200622_203312(6),0,0.9565217391304348,0.9444444444444444,0.9565217391304348,0.9444444444444444,0.9504830917874396,0.00697282933803899
3_001_20200622_203312(6),1,0.9444444444444444,0.8666666666666667,0.975,0.8918918918918919,0.9195007507507507,0.049180090994925846
3_001_20200622_203312(6),2,0.9565217391304348,0.8918918918918919,0.9658385093167702,0.9658385093167702,0.9450226624139668,0.035691766119384356
3_001_20200622_203316(0),0,0.0,0.9658385093167702,0.0,0.0,0.24145962732919254,0.4829192546583851
3_001_20200622_203316(0),1,0.9658385093167702,0.9658385093167702,0.9658385093167702,0.9658385093167702,0.9658385093167702,0.0
3_001_20200622_203316(0),2,0.0,0.9912663755458515,0.9444444444444444,0.9912663755458515,0.7317442988840368,0.4883286077429251
3_001_20200622_203319(4),0,0.9658385093167702,0.8918918918918919,0.975,0.9658385093167702,0.9496422276313581,0.03874169579143104
3_001_20200622_203319(4),1,0.9658385093167702,0.9658385093167702,0.9565217391304348,0.9658385093167702,0.9635093167701864,0.004658385093167683
3_001_20200622_203319(4),2,0.8666666666666667,0.9565217391304348,0.9658385093167702,0.975,0.9410067287784679,0.050130895975938665
3_001_20200622_203330(3),0,0.8666666666666667,0.975,0.9658385093167702,0.9912663755458515,0.9496928878823221,0.056340746951331205
3_001_20200622_203330(3),1,0.8918918918918919,0.9444444444444444,0.9658385093167702,0.9912663755458515,0.9483603052997396,0.04223124498386971
3_001_20200622_203330(3),2,0.9444444444444444,0.9444444444444444,0.9658385093167702,0.9912663755458515,0.9614984434378777,0.022260905321168704
3_001_20200811_003323(2),0,0.9565217391304348,0.9565217391304348,0.9565217391304348,0.9565217391304348,0.9565217391304348,0.0
3_001_20200811_003327(0),0,0.8918918918918919,0.8918918918918919,0.8918918918918919,0.7942411924916307,0.8674792170418265,0.04882534970013058
3_001_20200811_043037(3),0,0.9565217391304348,0.8666666666666667,0.9444444444444444,0.8666666666666667,0.9085748792270532,0.04864196968151495
3_001_20200811_043041(6),0,0.8918918918918919,0.9565217391304348,0.8666666666666667,0.9658385093167702,0.9202297017514409,0.04854312687284107
3_001_20200815_003438(6),0,0.9444444444444444,0.8666666666666667,0.8918918918918919,0.8666666666666667,0.8924174174174174,0.03666646990918522
3_001_20200815_003529(0),0,0.975,0.9444444444444444,0.9444444444444444,0.783551781262818,0.9118601675379268,0.08674320460397736
3_001_20200819_003039(4),0,0.9444444444444444,0.9912663755458515,0.8918918918918919,0.9912663755458515,0.9547172718570098,0.047343543423664425
3_001_20200819_003044(1),0,0.9658385093167702,0.9912663755458515,0.9444444444444444,0.9912663755458515,0.9732039262132295,0.022611658567022488
3_001_20200819_043209(9),0,0.9444444444444444,0.9444444444444444,0.9444444444444444,0.9444444444444444,0.9444444444444444,0.0
3_001_20200819_043216(0),0,0.9658385093167702,0.9565217391304348,0.9912663755458515,0.975,0.9721566559982641,0.014805805046810267
3_001_20200819_083353(5),0,0.9444444444444444,0.9444444444444444,0.8666666666666667,0.6099199427356874,0.8413688745728107,0.15859564153541905
3_001_20200819_083401(0),0,0.9444444444444444,0.9565217391304348,0.8918918918918919,0.9658385093167702,0.9396741461958854,0.03303692306577348
3_001_20200819_124414(0),0,0.8918918918918919,0.9444444444444444,0.8666666666666667,0.8666666666666667,0.8924174174174174,0.03666646990918522
3_001_20200819_124415(9),0,0.9565217391304348,0.9565217391304348,0.9658385093167702,0.9444444444444444,0.9558316080055211,0.008770369238881193
3_001_20200819_162723(4),0,0.9444444444444444,0.8918918918918919,0.8918918918918919,0.8666666666666667,0.8987237237237237,0.03271792099516925
3_001_20200831_083711(6),0,0.9658385093167702,0.9658385093167702,0.9565217391304348,0.9565217391304348,0.9611801242236024,0.005379039775058603
3_001_20200831_083714(8),0,0.8666666666666667,0.8666666666666667,0.9444444444444444,0.8918918918918919,0.8924174174174175,0.03666646990918521
3_001_20200831_123316(5),0,0.9658385093167702,0.9444444444444444,0.9565217391304348,0.9658385093167702,0.9581608005521048,0.01014428198487861
1_002_20200625_003116(4),0,0.9658385093167702,0.975,0.8666666666666667,0.9658385093167702,0.9433359213250517,0.051294968631941766
1_002_20200625_003116(4),1,0.9658385093167702,0.9444444444444444,0.975,0.9658385093167702,0.9627803657694962,0.012964437967985798
1_002_20200625_003116(4),2,0.9658385093167702,0.9565217391304348,0.9565217391304348,0.9658385093167702,0.9611801242236025,0.005379039775058603
1_002_20200625_003120(7),0,0.9658385093167702,0.9658385093167702,0.0,0.9444444444444444,0.7190303657694962,0.47945965878475977
1_002_20200625_003120(7),1,0.975,0.975,0.9912663755458515,0.975,0.9790665938864629,0.008133187772925765
1_002_20200625_003120(7),2,0.975,0.9658385093167702,0.975,0.9658385093167702,0.9704192546583851,0.005289389112140974
1_002_20200625_003125(4),0,0.9658385093167702,0.9565217391304348,0.9565217391304348,0.9444444444444444,0.9558316080055211,0.008770369238881193
1_002_20200625_003125(4),1,0.8918918918918919,0.8666666666666667,0.8666666666666667,0.8918918918918919,0.8792792792792794,0.014563790574152701
1_002_20200625_003125(4),2,0.9565217391304348,0.9565217391304348,0.9658385093167702,0.9658385093167702,0.9611801242236025,0.005379039775058603
1_002_20200625_003130(0),0,0.9658385093167702,0.9565217391304348,0.975,0.9658385093167702,0.9657996894409938,0.007543851587283355
1_002_20200625_003130(0),1,0.9565217391304348,0.9444444444444444,0.9658385093167702,0.9658385093167702,0.958160800552105,0.01014428198487861
1_002_20200625_003130(0),2,0.9658385093167702,0.9658385093167702,0.975,0.9658385093167702,0.9681288819875776,0.0045807453416149
1_002_20200625_003134(4),0,0.975,0.9658385093167702,0.9658385093167702,0.9658385093167702,0.9681288819875776,0.0045807453416149
1_002_20200625_003134(4),1,0.9565217391304348,0.9444444444444444,0.9565217391304348,0.9565217391304348,0.9535024154589371,0.006038647342995196
1_002_20200625_003134(4),2,0.9658385093167702,0.9658385093167702,0.9658385093167702,0.9658385093167702,0.9658385093167702,0.0
1_002_20200625_003139(0),0,0.9912663755458515,0.9658385093167702,0.9912663755458515,0.9658385093167702,0.9785524424313109,0.014680785412277901
1_002_20200625_003139(0),1,0.9912663755458515,0.975,0.975,0.9658385093167702,0.9767762212156554,0.010581556875208316
1_002_20200625_003139(0),2,0.9658385093167702,0.9658385093167702,0.9658385093167702,0.9444444444444444,0.9604899930986888,0.010697032436162879
1_002_20200625_042934(9),0,0.9658385093167702,0.975,0.9658385093167702,0.9658385093167702,0.9681288819875776,0.0045807453416149
1_002_20200625_042934(9),1,0.9658385093167702,0.9444444444444444,0.9912663755458515,0.9440317750321164,0.9613952760847957,0.022366990310663457
1_002_20200625_042934(9),2,0.9658385093167702,0.9565217391304348,0.975,0.9658385093167702,0.9657996894409938,0.007543851587283355
1_002_20200625_042939(2),0,0.975,0.975,0.9912663755458515,0.9658385093167702,0.9767762212156554,0.010581556875208316
1_002_20200625_042939(2),1,0.9444444444444444,0.975,0.9658385093167702,0.9658385093167702,0.9627803657694962,0.012964437967985798
1_002_20200625_042939(2),2,0.9565217391304348,0.9658385093167702,0.9658385093167702,0.9565217391304348,0.9611801242236024,0.005379039775058603
1_002_20200625_042943(7),0,0.9658385093167702,0.9565217391304348,0.975,0.9565217391304348,0.9634704968944099,0.008852634139416208
1_002_20200625_042943(7),1,0.8918918918918919,0.9565217391304348,0.9658385093167702,0.9444444444444444,0.9396741461958853,0.03303692306577348
1_002_20200625_042943(7),2,0.9658385093167702,0.9565217391304348,0.9658385093167702,0.9565217391304348,0.9611801242236024,0.005379039775058603
1_002_20200625_042948(3),0,0.975,0.9658385093167702,0.9658385093167702,0.9658385093167702,0.9681288819875776,0.0045807453416149
1_002_20200625_042948(3),1,0.9565217391304348,0.8918918918918919,0.9565217391304348,0.8918918918918919,0.9242068155111633,0.037314059700857154
1_002_20200625_042948(3),2,0.975,0.975,0.9912663755458515,0.975,0.9790665938864629,0.008133187772925765
1_002_20200625_042952(8),0,0.9658385093167702,0.9658385093167702,0.9912663755458515,0.975,0.974485848544848,0.01199171088156523
1_002_20200625_042952(8),1,0.9444444444444444,0.9565217391304348,0.9658385093167702,0.9658385093167702,0.958160800552105,0.01014428198487861
1_002_20200625_042952(8),2,0.9444444444444444,0.9565217391304348,0.9565217391304348,0.9658385093167702,0.955831608005521,0.008770369238881193
1_002_20200625_042957(3),0,0.9658385093167702,0.9658385093167702,0.9658385093167702,0.9565217391304348,0.9635093167701863,0.004658385093167683
1_002_20200625_042957(3),1,0.9658385093167702,0.9565217391304348,0.975,0.9658385093167702,0.9657996894409938,0.007543851587283355
1_002_20200625_042957(3),2,0.9658385093167702,0.9444444444444444,0.9658385093167702,0.9658385093167702,0.9604899930986888,0.010697032436162879
1_002_20200714_042641(8),0,0.9912663755458515,0.975,0.975,0.975,0.9790665938864629,0.008133187772925765
1_002_20200714_042641(8),1,0.8918918918918919,0.9658385093167702,0.9565217391304348,0.9565217391304348,0.9426934698673828,0.034151306649167996
1_002_20200714_042641(8),2,0.9444444444444444,0.9444444444444444,0.9658385093167702,0.9658385093167702,0.9551414768806074,0.012351869113097592
1_002_20200714_083054(2),0,0.9658385093167702,0.9565217391304348,0.9912663755458515,0.9565217391304348,0.9675370907808727,0.01641787723198158
1_002_20200714_083054(2),1,0.9444444444444444,0.8918918918918919,0.8918918918918919,0.8918918918918919,0.90503003003003,0.026276276276276267
1_002_20200714_083054(2),2,0.9658385093167702,0.9565217391304348,0.9912663755458515,0.8918918918918919,0.9513796289712371,0.04228965173997292
1_002_20200714_083057(5),0,0.9658385093167702,0.8918918918918919,0.9912663755458515,0.9444444444444444,0.9483603052997396,0.042231244983869716
1_002_20200714_083057(5),1,0.975,0.9444444444444444,0.9912663755458515,0.8918918918918919,0.950650677970547,0.043717413192915375
1_002_20200714_083057(5),2,0.0,0.0,0.0,0.0,0.0,0.0
1_002_20200714_083101(7),0,0.9912663755458515,0.9658385093167702,0.9912663755458515,0.9658385093167702,0.9785524424313109,0.014680785412277901
1_002_20200714_083101(7),1,0.8918918918918919,0.9444444444444444,0.8918918918918919,0.8918918918918919,0.90503003003003,0.026276276276276267
1_002_20200714_083101(7),2,0.9444444444444444,0.9658385093167702,0.9658385093167702,0.9658385093167702,0.9604899930986888,0.010697032436162879
1_002_20200714_083106(2),0,0.9565217391304348,0.9565217391304348,0.9912663755458515,0.9658385093167702,0.9675370907808728,0.01641787723198158
1_002_20200714_083106(2),1,0.8666666666666667,0.9444444444444444,0.9444444444444444,0.9565217391304348,0.9280193236714975,0.04129610713436182
1_002_20200714_083106(2),2,0.9658385093167702,0.9565217391304348,0.975,0.9658385093167702,0.9657996894409938,0.007543851587283355
1_002_20200714_083110(8),0,0.9658385093167702,0.9565217391304348,0.9912663755458515,0.9658385093167702,0.9698662833274566,0.01492745494878923
1_002_20200714_083110(8),1,0.9658385093167702,0.975,0.9658385093167702,0.9565217391304348,0.9657996894409937,0.007543851587283355
1_002_20200714_083110(8),2,0.9565217391304348,0.9565217391304348,0.9444444444444444,0.9658385093167702,0.955831608005521,0.008770369238881193
1_002_20200714_083115(1),0,0.9565217391304348,0.9444444444444444,0.9565217391304348,0.9658385093167702,0.955831608005521,0.008770369238881193
1_002_20200714_083115(1),1,0.9658385093167702,0.9658385093167702,0.9565217391304348,0.9658385093167702,0.9635093167701864,0.004658385093167683
1_002_20200714_083115(1),2,0.9658385093167702,0.9444444444444444,0.9912663755458515,0.9912663755458515,0.9732039262132295,0.022611658567022488
1_002_20200714_123109(8),0,0.975,0.9658385093167702,0.9658385093167702,0.9658385093167702,0.9681288819875776,0.0045807453416149
1_002_20200714_123109(8),1,0.9658385093167702,0.8666666666666667,0.975,0.9565217391304348,0.941006728778468,0.050130895975938665
1_002_20200714_123109(8),2,0.9565217391304348,0.9658385093167702,0.8918918918918919,0.8918918918918919,0.9265360080577472,0.04018399450446907
1_002_20200714_123113(1),0,0.9565217391304348,0.9444444444444444,0.9658385093167702,0.9565217391304348,0.9558316080055211,0.008770369238881193
1_002_20200714_123113(1),1,0.9912663755458515,0.9912663755458515,0.975,0.9658385093167702,0.9808428151021183,0.012603820916241926
1_002_20200714_123113(1),2,0.9658385093167702,0.9658385093167702,0.9658385093167702,0.9658385093167702,0.9658385093167702,0.0
1_002_20200714_123117(3),0,0.975,0.9658385093167702,0.975,0.9658385093167702,0.9704192546583851,0.005289389112140974
1_002_20200714_123117(3),1,0.8918918918918919,0.8918918918918919,0.9444444444444444,0.9565217391304348,0.9211874918396656,0.03418508070618993
1_002_20200714_123117(3),2,0.9565217391304348,0.9658385093167702,0.9444444444444444,0.9565217391304348,0.9558316080055209,0.008770369238881193
1_002_20200714_123120(4),0,0.9658385093167702,0.9658385093167702,0.9658385093167702,0.9564479559453622,0.9634908709739182,0.004695276685703964
1_002_20200714_123120(4),1,0.9444444444444444,0.9565217391304348,0.975,0.9444444444444444,0.9551026570048309,0.014435061970902338
1_002_20200714_123120(4),2,0.9444444444444444,0.9658385093167702,0.8918918918918919,0.9658385093167702,0.9420033387424692,0.03489673726448027
1_002_20200714_123123(5),0,0.975,0.9658385093167702,0.9912663755458515,0.9658385093167702,0.974485848544848,0.011991710881565228
1_002_20200714_123123(5),1,0.9444444444444444,0.8666666666666667,0.8918918918918919,0.9444444444444444,0.9118618618618619,0.03900707091812509
1_002_20200714_123123(5),2,0.9444444444444444,0.9444444444444444,0.8918918918918919,0.9565217391304348,0.9343256299778038,0.028856369613887514
1_002_20200714_123126(4),0,0.975,0.975,0.9912663755458515,0.975,0.9790665938864629,0.008133187772925765
1_002_20200714_123126(4),1,0.8666666666666667,0.8918918918918919,0.9444444444444444,0.8918918918918919,0.8987237237237238,0.03271792099516925
1_002_20200714_123126(4),2,0.8918918918918919,0.9658385093167702,0.9565217391304348,0.9444444444444444,0.9396741461958853,0.03303692306577348
1_002_20200714_163046(2),0,0.975,0.9565217391304348,0.9658385093167702,0.9565217391304348,0.9634704968944099,0.008852634139416208
1_002_20200714_163046(2),1,0.975,0.9565217391304348,0.975,0.9658385093167702,0.9680900621118013,0.008839118919657692
1_002_20200714_163046(2),2,0.9444444444444444,0.9444444444444444,0.9565217391304348,0.8918918918918919,0.934325629977804,0.028856369613887517
1_002_20200714_163049(8),0,0.8918918918918919,0.9444444444444444,0.9444444444444444,0.9565217391304348,0.9343256299778038,0.028856369613887514
1_002_20200714_163049(8),1,0.9658385093167702,0.9658385093167702,0.9658385093167702,0.9444444444444444,0.9604899930986888,0.010697032436162879
1_002_20200714_163049(8),2,0.8918918918918919,0.8666666666666667,0.9658385093167702,0.8918918918918919,0.9040722399418051,0.042860124054014535
1_002_20200714_163053(5),0,0.8918918918918919,0.9658385093167702,0.9658385093167702,0.9658385093167702,0.9473518549605506,0.036973308712439146
1_002_20200714_163053(5),1,0.975,0.9912663755458515,0.9658385093167702,0.9658385093167702,0.974485848544848,0.011991710881565228
1_002_20200714_163053(5),2,0.9658385093167702,0.9444444444444444,0.9444444444444444,0.9565217391304348,0.9528122843340234,0.010384027494554866
1_002_20200714_163056(8),0,0.8918918918918919,0.9658385093167702,0.9658385093167702,0.9565217391304348,0.9450226624139668,0.035691766119384356
1_002_20200714_163056(8),1,0.9658385093167702,0.9658385093167702,0.8918918918918919,0.9565217391304348,0.9450226624139668,0.035691766119384356
1_002_20200714_163056(8),2,0.8918918918918919,0.8666666666666667,0.9658385093167702,0.9565217391304348,0.9202297017514409,0.04854312687284107
1_002_20200714_163100(2),0,0.8918918918918919,0.9565217391304348,0.9565217391304348,0.9658385093167702,0.9426934698673829,0.034151306649167996
1_002_20200714_163100(2),1,0.9658385093167702,0.9565217391304348,0.9658385093167702,0.9658385093167702,0.9635093167701864,0.004658385093167683
1_002_20200714_163100(2),2,0.9444444444444444,0.8666666666666667,0.8918918918918919,0.9444444444444444,0.9118618618618619,0.03900707091812509
1_002_20200714_163103(5),0,0.975,0.9658385093167702,0.9565217391304348,0.9658385093167702,0.9657996894409938,0.007543851587283355
1_002_20200714_163103(5),1,0.9658385093167702,0.8918918918918919,0.9912663755458515,0.8918918918918919,0.9352221671616014,0.05109905155766009
1_002_20200714_163103(5),2,0.9444444444444444,0.8918918918918919,0.9565217391304348,0.9658385093167702,0.9396741461958854,0.03303692306577348
1_002_20200714_225756(0),0,0.9658385093167702,0.9658385093167702,0.975,0.9912663755458515,0.974485848544848,0.01199171088156523
1_002_20200714_225756(0),1,0.9444444444444444,0.9658385093167702,0.975,0.9565217391304348,0.9604511732229124,0.013068378747348418
1_002_20200714_225756(0),2,0.9565217391304348,0.9658385093167702,0.9658385093167702,0.9658385093167702,0.9635093167701864,0.004658385093167683
1_002_20200714_225759(8),0,0.9444444444444444,0.9444444444444444,0.9658385093167702,0.9658385093167702,0.9551414768806074,0.012351869113097592
1_002_20200714_225759(8),1,0.8666666666666667,0.9565217391304348,0.9565217391304348,0.9444444444444444,0.9310386473429952,0.043290658061576365
1_002_20200714_225759(8),2,0.9444444444444444,0.9658385093167702,0.975,0.9658385093167702,0.9627803657694962,0.012964437967985798
1_002_20200714_225803(3),0,0.9912663755458515,0.9658385093167702,0.9912663755458515,0.9658385093167702,0.9785524424313109,0.014680785412277901
1_002_20200714_225803(3),1,0.9565217391304348,0.8918918918918919,0.8666666666666667,0.9444444444444444,0.9148811855333594,0.04266563579351671
1_002_20200714_225803(3),2,0.9565217391304348,0.9658385093167702,0.9565217391304348,0.975,0.96347049689441,0.008852634139416208
1_002_20200714_225807(3),0,0.8918918918918919,0.9565217391304348,0.9565217391304348,0.9444444444444444,0.9373449536493015,0.030832243920134554
1_002_20200714_225807(3),1,0.9444444444444444,0.9565217391304348,0.9565217391304348,0.8918918918918919,0.9373449536493015,0.030832243920134554
1_002_20200714_225807(3),2,0.9565217391304348,0.9565217391304348,0.9565217391304348,0.9444444444444444,0.9535024154589373,0.006038647342995196
1_002_20200714_225810(5),0,0.9658385093167702,0.9658385093167702,0.9658385093167702,0.9658385093167702,0.9658385093167702,0.0
1_002_20200714_225810(5),1,0.9658385093167702,0.9565217391304348,0.8666666666666667,0.9444444444444444,0.933367839889579,0.045321757471378836
1_002_20200714_225810(5),2,0.9658385093167702,0.8918918918918919,0.8666666666666667,0.9444444444444444,0.9172103780799432,0.04583332857435823
1_002_20200714_225817(4),0,0.8666666666666667,0.9565217391304348,0.8666666666666667,0.9565217391304348,0.9115942028985506,0.05187785027500985
1_002_20200714_225817(4),1,0.9658385093167702,0.9565217391304348,0.8918918918918919,0.8918918918918919,0.9265360080577472,0.04018399450446907
1_002_20200714_225817(4),2,0.9658385093167702,0.9565217391304348,0.9658385093167702,0.8918918918918919,0.9450226624139668,0.035691766119384356
1_002_20200906_003059(0),0,0.9658385093167702,0.9658385093167702,0.975,0.975,0.9704192546583851,0.005289389112140974
1_002_20200906_003114(8),0,0.9658385093167702,0.975,0.9658385093167702,0.9912663755458515,0.974485848544848,0.01199171088156523
1_002_20200906_003118(7),0,0.9912663755458515,0.9912663755458515,0.9912663755458515,0.9912663755458515,0.9912663755458515,0.0
1_002_20200906_003122(7),0,0.975,0.9912663755458515,0.9658385093167702,0.9912663755458515,0.9808428151021182,0.012603820916241926
1_002_20200906_003126(8),0,0.9658385093167702,0.975,0.9658385093167702,0.9658385093167702,0.9681288819875776,0.0045807453416149
1_002_20200906_003132(7),0,0.9658385093167702,0.9444444444444444,0.9912663755458515,0.9912663755458515,0.9732039262132295,0.022611658567022488
2_002_20200625_003352(9),0,0.9912663755458515,1.0,0.9912663755458515,1.0,0.9956331877729258,0.00504236042960373
2_002_20200625_003352(9),1,0.9912663755458515,0.9658385093167702,1.0,0.975,0.9830262212156554,0.015447189355208868
2_002_20200625_003352(9),2,0.9658385093167702,0.9912663755458515,1.0,0.9912663755458515,0.9870928151021183,0.014755543025816628
2_002_20200625_003357(4),0,0.9912663755458515,0.9912663755458515,0.9912663755458515,0.9912663755458515,0.9912663755458515,0.0
2_002_20200625_003357(4),1,0.9912663755458515,0.9912663755458515,0.9912663755458515,0.975,0.9871997816593886,0.008133187772925765
2_002_20200625_003357(4),2,0.9912663755458515,0.9912663755458515,0.9912663755458515,0.9565217391304348,0.9825802164419972,0.017372318207708348
2_002_20200625_003401(8),0,0.975,0.9912663755458515,0.9912663755458515,1.0,0.9893831877729258,0.010435286048665027
2_002_20200625_003401(8),1,0.975,0.9565217391304348,0.9658385093167702,0.9658385093167702,0.9657996894409938,0.007543851587283355
2_002_20200625_003401(8),2,0.9658385093167702,0.975,0.975,0.9912663755458515,0.9767762212156554,0.010581556875208316
2_002_20200625_003406(3),0,0.975,1.0,0.975,0.9658385093167702,0.9789596273291926,0.014676719856000445
2_002_20200625_003406(3),1,0.9912663755458515,0.9658385093167702,0.9658385093167702,0.9912663755458515,0.9785524424313108,0.014680785412277901
2_002_20200625_003406(3),2,0.975,0.9912663755458515,0.9912663755458515,0.975,0.9831331877729258,0.009391396300136927
2_002_20200625_003410(8),0,0.9912663755458515,0.9912663755458515,1.0,0.9912663755458515,0.9934497816593886,0.004366812227074246
2_002_20200625_003410(8),1,0.9912663755458515,0.9565217391304348,0.9658385093167702,0.9912663755458515,0.976223249884727,0.01778185987627114
2_002_20200625_003410(8),2,0.975,0.9658385093167702,0.9912663755458515,0.9658385093167702,0.974485848544848,0.011991710881565228
2_002_20200625_003415(4),0,0.9912663755458515,0.9912663755458515,0.975,0.9912663755458515,0.9871997816593887,0.008133187772925765
2_002_20200625_003415(4),1,1.0,0.9658385093167702,1.0,1.0,0.9914596273291926,0.01708074534161491
2_002_20200625_003415(4),2,0.975,0.9658385093167702,0.9658385093167702,0.9912663755458515,0.974485848544848,0.01199171088156523
2_002_20200906_003114(0),0,1.0,0.9912663755458515,0.9912663755458515,0.9912663755458515,0.9934497816593886,0.004366812227074246
2_002_20200906_003117(3),0,0.975,0.9912663755458515,0.975,0.9658385093167702,0.9767762212156554,0.010581556875208316
2_002_20200906_003120(8),0,0.9912663755458515,1.0,0.975,1.0,0.9915665938864628,0.011786812424665118
2_002_20200906_003124(0),0,0.975,0.9658385093167702,0.9912663755458515,0.975,0.9767762212156554,0.010581556875208318
2_002_20200906_003127(3),0,0.9912663755458515,0.975,0.975,0.975,0.9790665938864629,0.008133187772925765
2_002_20200906_003130(7),0,0.9912663755458515,0.9912663755458515,0.975,1.0,0.9893831877729258,0.010435286048665027
3_001_20200625_003507(0),0,0.9912663755458515,0.9565217391304348,0.975,0.9565217391304348,0.9698274634516804,0.01673784818459122
3_001_20200625_003507(0),1,0.9658385093167702,0.9658385093167702,0.9565217391304348,0.9565217391304348,0.9611801242236024,0.005379039775058603
3_001_20200625_003507(0),2,0.9658385093167702,0.9658385093167702,0.975,0.9565217391304348,0.9657996894409937,0.007543851587283355
3_001_20200625_003511(4),0,0.9658385093167702,0.9565217391304348,0.9658385093167702,0.9658385093167702,0.9635093167701864,0.004658385093167683
3_001_20200625_003511(4),1,0.9658385093167702,0.9658385093167702,0.9658385093167702,0.9444444444444444,0.9604899930986888,0.010697032436162879
3_001_20200625_003511(4),2,0.9565217391304348,0.9565217391304348,0.975,0.9658385093167702,0.96347049689441,0.008852634139416208
3_001_20200625_003515(9),0,0.9565217391304348,0.8918918918918919,0.9658385093167702,0.9565217391304348,0.942693469867383,0.034151306649167996
3_001_20200625_003515(9),1,0.975,0.9658385093167702,0.9658385093167702,0.9658385093167702,0.9681288819875776,0.0045807453416149
3_001_20200625_003515(9),2,0.9565217391304348,0.9658385093167702,0.9658385093167702,0.975,0.9657996894409938,0.007543851587283355
3_001_20200625_003520(4),0,0.9658385093167702,0.9658385093167702,0.975,0.9658385093167702,0.9681288819875776,0.0045807453416149
3_001_20200625_003520(4),1,0.9658385093167702,0.9658385093167702,0.9658385093167702,0.9658385093167702,0.9658385093167702,0.0
3_001_20200625_003520(4),2,0.975,0.9658385093167702,0.975,0.975,0.9727096273291925,0.0045807453416149
3_001_20200625_003524(9),0,0.9912663755458515,0.9658385093167702,0.9565217391304348,0.9658385093167702,0.9698662833274566,0.01492745494878923
3_001_20200625_003524(9),1,0.8918918918918919,0.9444444444444444,0.9444444444444444,0.9444444444444444,0.9313063063063063,0.026276276276276267
3_001_20200625_003524(9),2,0.9658385093167702,0.9912663755458515,0.9565217391304348,0.9658385093167702,0.9698662833274566,0.01492745494878923
3_001_20200625_003529(2),0,0.9658385093167702,0.9658385093167702,0.9565217391304348,0.9658385093167702,0.9635093167701864,0.004658385093167683
3_001_20200625_003529(2),1,0.975,0.9658385093167702,0.9444444444444444,0.9444444444444444,0.9574318495514147,0.015455928974773069
3_001_20200625_003529(2),2,0.9912663755458515,0.975,1.0,0.9912663755458515,0.9893831877729258,0.010435286048665027
3_001_20200625_043323(7),0,0.9444444444444444,0.9565217391304348,0.9658385093167702,0.9444444444444444,0.9528122843340234,0.010384027494554866
3_001_20200625_043323(7),1,0.975,0.9658385093167702,0.9658385093167702,0.9658385093167702,0.9681288819875776,0.0045807453416149
3_001_20200625_043323(7),2,0.975,0.9658385093167702,0.9658385093167702,0.9658385093167702,0.9681288819875776,0.0045807453416149
3_001_20200625_043328(3),0,0.9444444444444444,0.9658385093167702,0.9447887659747829,0.9658385093167702,0.955227557263192,0.012253278372085761
3_001_20200625_043328(3),1,0.9444444444444444,0.9565217391304348,0.9658385093167702,0.9565217391304348,0.9558316080055211,0.008770369238881193
3_001_20200625_043328(3),2,0.9658385093167702,0.9658385093167702,0.9658385093167702,0.9658385093167702,0.9658385093167702,0.0
3_001_20200625_043337(3),0,0.9565217391304348,0.9444444444444444,0.9444444444444444,0.9444444444444444,0.9474637681159421,0.006038647342995196
3_001_20200625_043337(3),1,0.9912663755458515,0.9658385093167702,0.9912663755458515,0.9565217391304348,0.976223249884727,0.01778185987627114
3_001_20200625_043337(3),2,0.9444444444444444,0.9565217391304348,0.9565217391304348,0.9444444444444444,0.9504830917874396,0.00697282933803899
3_001_20200625_043341(7),0,0.9565217391304348,0.9444444444444444,0.9658385093167702,0.9565217391304348,0.9558316080055211,0.008770369238881193
3_001_20200625_043341(7),1,0.9912663755458515,0.9658385093167702,0.9912663755458515,0.9658385093167702,0.9785524424313109,0.014680785412277901
3_001_20200625_043341(7),2,0.9565217391304348,0.9912663755458515,0.9444444444444444,0.9658385093167702,0.9645177671093753,0.019867118223476258
3_001_20200625_043346(2),0,0.9444444444444444,0.9658385093167702,0.9444444444444444,0.8918918918918919,0.9366548225243878,0.03150007382488898
3_001_20200625_043346(2),1,0.0,0.8666666666666667,0.0,0.0,0.21666666666666667,0.43333333333333335
3_001_20200625_043346(2),2,0.9444444444444444,0.9658385093167702,0.9444444444444444,0.9565217391304348,0.9528122843340234,0.010384027494554866
3_001_20200625_043359(8),0,0.9912663755458515,0.9658385093167702,0.9565217391304348,0.9658385093167702,0.9698662833274566,0.01492745494878923
3_001_20200625_043359(8),1,0.9444444444444444,0.9658385093167702,0.9565217391304348,0.9658385093167702,0.9581608005521048,0.01014428198487861
3_001_20200625_043359(8),2,0.9565217391304348,0.975,0.9658385093167702,0.9658385093167702,0.9657996894409938,0.007543851587283355
3_001_20200727_204954(7),0,0.9658385093167702,0.9658385093167702,0.9658385093167702,0.9658385093167702,0.9658385093167702,0.0
3_001_20200727_204958(2),0,0.0,0.0,0.0,0.0,0.0,0.0
3_001_20200728_014351(3),0,0.9565217391304348,0.9444444444444444,0.9658385093167702,0.9565217391304348,0.9558316080055211,0.008770369238881193
3_001_20200728_014355(2),0,0.9565217391304348,0.9444444444444444,0.9444444444444444,0.8918918918918919,0.934325629977804,0.028856369613887517
3_001_20200728_043138(3),0,0.9565217391304348,0.9565217391304348,0.9658385093167702,0.9565217391304348,0.9588509316770186,0.004658385093167683
3_001_20200728_043141(5),0,0.9658385093167702,0.8918918918918919,0.9658385093167702,0.9565217391304348,0.9450226624139668,0.035691766119384356
3_001_20200728_083108(2),0,0.9565217391304348,0.9565217391304348,0.8918918918918919,0.8918918918918919,0.9242068155111633,0.037314059700857154
3_001_20200728_083116(1),0,0.8918918918918919,0.9565217391304348,0.9565217391304348,0.9658385093167702,0.9426934698673829,0.034151306649167996
3_001_20200728_123129(2),0,0.8666666666666667,0.9444444444444444,0.8918918918918919,0.8666666666666667,0.8924174174174174,0.03666646990918522
3_001_20200728_123132(4),0,0.9444444444444444,0.8666666666666667,0.8918918918918919,0.8666666666666667,0.8924174174174174,0.03666646990918522
3_001_20200728_163910(5),0,0.9565217391304348,0.8666666666666667,0.9565217391304348,0.9565217391304348,0.9340579710144927,0.04492753623188406
3_001_20200728_163913(6),0,0.8918918918918919,0.8666666666666667,0.9444444444444444,0.8666666666666667,0.8924174174174174,0.03666646990918522
3_001_20200810_085043(8),0,0.8918918918918919,0.8918918918918919,0.9444444444444444,0.8666666666666667,0.8987237237237237,0.03271792099516925
3_001_20200810_123047(8),0,0.9444444444444444,0.9565217391304348,0.8918918918918919,0.8666666666666667,0.9148811855333595,0.04266563579351671
3_001_20200810_123051(3),0,0.9658385093167702,0.9444444444444444,0.8918918918918919,0.9658385093167702,0.9420033387424692,0.03489673726448027
3_001_20200810_163112(8),0,0.975,0.975,0.975,0.9565217391304348,0.9703804347826086,0.009239130434782583
3_001_20200810_163116(0),0,0.9658385093167702,0.975,0.9444444444444444,0.9444444444444444,0.9574318495514147,0.015455928974773069
3_001_20200810_203208(7),0,0.9658385093167702,0.9444444444444444,0.9565217391304348,0.9444444444444444,0.9528122843340234,0.010384027494554866
3_001_20200810_203212(6),0,0.9658385093167702,0.9658385093167702,0.9444444444444444,0.8918918918918919,0.9420033387424691,0.03489673726448027
3_001_20200826_023328(3),0,0.8918918918918919,0.8918918918918919,0.02857142857142857,0.0,0.45308880308880306,0.5068204041662857
3_001_20200826_023332(5),0,0.9565217391304348,0.9444444444444444,0.9658385093167702,0.9565217391304348,0.9558316080055211,0.008770369238881193
3_001_20200826_043252(8),0,0.8918918918918919,0.9444444444444444,0.9565217391304348,0.9565217391304348,0.9373449536493015,0.030832243920134554
3_001_20200826_043255(8),0,0.9444444444444444,0.8666666666666667,0.9565217391304348,0.9658385093167702,0.933367839889579,0.045321757471378836
3_001_20200826_123711(3),0,0.9658385093167702,0.9565217391304348,0.9565217391304348,0.9444444444444444,0.9558316080055211,0.008770369238881193
3_001_20200826_123714(5),0,0.9565217391304348,0.9658385093167702,0.9565217391304348,0.9444444444444444,0.9558316080055211,0.008770369238881193
3_001_20200922_163332(2),0,0.9444444444444444,0.8918918918918919,0.9444444444444444,0.9658385093167702,0.9366548225243877,0.03150007382488898
3_001_20200922_163335(3),0,0.9658385093167702,0.9658385093167702,0.9565217391304348,0.975,0.9657996894409938,0.007543851587283355
