image_id,obj,id,h,v,hv,mean,std
1_002_20200623_003346(4),0,0.9823944883203424,0.9816485470760694,0.9826926693192014,0.982258620243003,0.9822485812396541,0.0004391829070930115
1_002_20200623_003346(4),1,0.9837544774710036,0.9840955965259788,0.9840251981502895,0.9842329652587972,0.9840270593515174,0.00020116239922866907
1_002_20200623_003346(4),2,0.9848120770179369,0.9833050185460324,0.9831051368571462,0.9835489176891373,0.9836927875275633,0.0007679421825347765
1_002_20200623_003350(4),0,0.9840725768690339,0.9841688243599328,0.9854367484873456,0.9841836758558332,0.9844654563930364,0.0006493980512899919
1_002_20200623_003350(4),1,0.9836433595580654,0.9838228369326493,0.9834333012020704,0.9840954828119644,0.9837487451261875,0.00028067039135700025
1_002_20200623_003350(4),2,0.9835808669210492,0.9803800591934922,0.982821346959553,0.9792340925852474,0.9815040914148355,0.0020383409752580102
1_002_20200623_003354(3),0,0.9835206398662024,0.9846544096408085,0.9824491090988211,0.9839950731735057,0.9836548079448344,0.0009285642603931865
1_002_20200623_003354(3),1,0.9841138289356673,0.9839923851929254,0.9834604841873834,0.9831820632380003,0.9836871903884942,0.00044034587102035163
1_002_20200623_003354(3),2,0.9829510189654367,0.9845570153204045,0.9841114957564187,0.9839338266061718,0.9838883391621079,0.0006776343480358529
1_002_20200623_003358(2),0,0.984097347650394,0.9827920993370302,0.9840673857147271,0.985127496116838,0.9840210822047474,0.0009561225631417607
1_002_20200623_003358(2),1,0.9853318478694896,0.9854761992641625,0.9865463207432156,0.9847234407502511,0.9855194521567797,0.0007583225862524608
1_002_20200623_003358(2),2,0.9822364578212098,0.9835438409043111,0.9823717864667181,0.9858731915891313,0.9835063191953426,0.0016835681581052503
1_002_20200623_003402(2),0,0.9836615812599424,0.9829567885438687,0.984022430036702,0.9838181109542359,0.9836147276986872,0.00046284091316775236
1_002_20200623_003402(2),1,0.9834417860889927,0.9806770634907663,0.9815415679820577,0.9799649572121238,0.9814063436934852,0.001502304447216358
1_002_20200623_003402(2),2,0.9829447066634539,0.9838003876315846,0.9847423794813206,0.9832116609035418,0.9836747836699752,0.000796457218732682
1_002_20200623_003410(2),0,0.9810021429165744,0.9788481716059622,0.9824426496980492,0.9812038412422796,0.9808742013657163,0.0014933026314474696
1_002_20200623_003410(2),1,0.9827605786200055,0.9812786998865708,0.9831786260534131,0.9842127464481,0.9828576627520224,0.0012168015893288292
1_002_20200623_003410(2),2,0.9833485350332791,0.9841281106753463,0.9837163461673523,0.9833295132358087,0.9836306262779466,0.00037642314822526173
1_002_20200623_043039(3),0,0.9841995440082972,0.9852095372240958,0.982612274858085,0.9836328280817788,0.9839135460430642,0.0010852798791209655
1_002_20200623_043039(3),1,0.9832301083859921,0.9827940940633935,0.9834846240411262,0.9839317499238011,0.9833601441035782,0.0004759378126064647
1_002_20200623_043039(3),2,0.9837079368700986,0.9844147771041211,0.9843410504376326,0.9822564179851914,0.9836800455992609,0.0010007082970102058
1_002_20200623_043043(2),0,0.9849213374679666,0.9850795885547444,0.9850473516438414,0.9859548984204027,0.9852507940217388,0.000474343313819103
1_002_20200623_043043(2),1,0.9850303247002192,0.9841535926565292,0.9844018416686597,0.9808467906386914,0.9836081374160249,0.0018775108127570056
1_002_20200623_043043(2),2,0.9840053957512688,0.9852286356254562,0.9841527911039083,0.9831088139046804,0.9841239090963283,0.0008690451725091892
1_002_20200623_043047(2),0,0.9832801845746838,0.9807275896570964,0.9837861700239621,0.9824939209274358,0.9825719662957945,0.0013396118951580144
1_002_20200623_043047(2),1,0.9836531908410034,0.9842991570783567,0.9836458486855661,0.9835042214289227,0.9837756045084622,0.00035570481622623036
1_002_20200623_043047(2),2,0.9826215782529835,0.983240608580896,0.9807394443612208,0.9803438238997305,0.9817363637737078,0.0014117805223525356
1_002_20200623_043051(3),0,0.9853943439420106,0.9859075496199435,0.9848275501705758,0.9865033167813128,0.9856581901284607,0.0007155409993128303
1_002_20200623_043051(3),1,0.9834131998312078,0.9810198301190566,0.9826519893760315,0.981613157969744,0.98217454432401,0.0010662615028044573
1_002_20200623_043051(3),2,0.9840520482409019,0.9840237532974896,0.9854210690590824,0.9848673721025226,0.9845910606749991,0.0006776513329918447
1_002_20200623_043055(3),0,0.9854630500053311,0.9818387006636868,0.9849903758292528,0.9835629934296184,0.9839637799819723,0.0016307770751135826
1_002_20200623_043055(3),1,0.9824157783893785,0.9823802684903736,0.9828643418311872,0.9836170916291676,0.9828193700850267,0.0005756383665584399
1_002_20200623_043055(3),2,0.9857049146024827,0.9836735667602361,0.9831232714937532,0.9841746346690654,0.9841690968813843,0.0011102653709678314
1_002_20200623_043059(4),0,0.9856653946078862,0.9844330833566851,0.9854936810184257,0.9843584050428947,0.9849876410064728,0.0006877253625113598
1_002_20200623_043059(4),1,0.9840603332706702,0.9835247116070359,0.9823095045308091,0.980270386051104,0.9825412338649048,0.0016817986157274898
1_002_20200623_043059(4),2,0.9847996789126031,0.9837326550964292,0.9845047077432306,0.9830686284354307,0.9840264175469233,0.0007810998679107837
1_002_20200623_082258(6),0,0.9863229995955785,0.9870762831907701,0.985286820862409,0.9849559422525702,0.9859105114753319,0.000971144088786047
1_002_20200623_082258(6),1,0.9831171227475654,0.9837751724845132,0.983262349336958,0.9845568890491969,0.9836778834045583,0.0006504452741911061
1_002_20200623_082258(6),2,0.9832135818694381,0.9847540294283141,0.9846091487934597,0.9838442452010291,0.9841052513230603,0.0007160131052786732
1_002_20200623_082302(6),0,0.9823549360486685,0.9842018229195056,0.9839720057152069,0.9846993127863859,0.9838070193674417,0.0010145317228195563
1_002_20200623_082302(6),1,0.983075834793627,0.9822211718260316,0.9826334988736534,0.9816721518221327,0.9824006643288612,0.0005980566062317984
1_002_20200623_082302(6),2,0.9832248998333282,0.9839633608883641,0.983877606294408,0.9847524317899735,0.9839545747015185,0.0006258334921363937
1_002_20200623_082306(5),0,0.9839542551531595,0.9836558257260735,0.9845551731755512,0.9847692049129116,0.984233614741924,0.0005170875438993407
1_002_20200623_082306(5),1,0.9855248362911113,0.9867144185706779,0.9842161853679142,0.984435279105648,0.9852226798338378,0.001147404898070707
1_002_20200623_082306(5),2,0.9831884081181395,0.9814322148378782,0.9838145504901548,0.9797718310133009,0.9820517511148683,0.0018240350552765812
1_002_20200623_082310(6),0,0.9843809722916819,0.9848298614018536,0.9830000443163548,0.9840555114591817,0.984066597367268,0.000778687332922624
1_002_20200623_082310(6),1,0.9837754261551872,0.9825801094630564,0.9827440564652538,0.983541884419238,0.9831603691256838,0.0005870453066172613
1_002_20200623_082310(6),2,0.9823652579802047,0.9835943425142393,0.9834611542069337,0.9831531550098787,0.983143477427814,0.0005507319451969035
1_002_20200623_082314(4),0,0.985708682920371,0.9837875145789287,0.9834323729826592,0.9820950285757248,0.9837558997644209,0.0014919254041468653
1_002_20200623_082314(4),1,0.9842179800360872,0.0,0.9840496403881931,0.0,0.4920669051060701,0.5681899244008067
1_002_20200623_082314(4),2,0.9819981366725024,0.9859215948231487,0.9836224079268675,0.9856237425309589,0.9842914704883693,0.001838412253776597
1_002_20200623_082318(5),0,0.9865080047317788,0.9859402210667264,0.9841391301312757,0.9857712014313184,0.9855896393402749,0.0010170618299017462
1_002_20200623_082318(5),1,0.9846170616456197,0.0,0.9855909621124744,0.0,0.49255200593952353,0.568750205409854
1_002_20200623_082318(5),2,0.0,0.0,0.0,0.0,0.0,0.0
1_002_20200623_123032(7),0,0.9834844372468325,0.9822952687036252,0.9831215882533529,0.9831592471770975,0.983015135345227,0.0005068045968862902
1_002_20200623_123032(7),1,0.9826332811605017,0.9834176101745316,0.9840589058164828,0.9834964746683977,0.9834015679549785,0.0005864077932049934
1_002_20200623_123032(7),2,0.981862005587185,0.9847917354671506,0.9836157139926864,0.9856094321300809,0.9839697217942757,0.0016260530533532987
1_002_20200623_123036(5),0,0.9844422084980016,0.9836800820672091,0.9834274660742702,0.9831512607560311,0.983675254348878,0.0005550406255701303
1_002_20200623_123036(5),1,0.9828221871190941,0.9835686632429517,0.983250884070273,0.9847447953982882,0.9835966324576517,0.0008242911995588681
1_002_20200623_123036(5),2,0.981667534847871,0.9842748081449161,0.9811498581857223,0.9825308148051367,0.9824057539959116,0.0013700663505222138
1_002_20200623_123040(5),0,0.983479011783379,0.9826655139153562,0.9847907285542371,0.9833548044210335,0.9835725146685015,0.0008874750661256222
1_002_20200623_123040(5),1,0.9825626807535313,0.9850868408940668,0.9833911045176338,0.9854688349713295,0.9841273652841404,0.0013796680717133231
1_002_20200623_123040(5),2,0.9838973123606556,0.9839913952058588,0.9821035226792383,0.9823637988204261,0.9830890072665447,0.0009941107048220378
1_002_20200623_123044(3),0,0.984832355791915,0.9816691688993786,0.9843695454357384,0.9830362920440844,0.9834768405427791,0.0014254944600160988
1_002_20200623_123044(3),1,0.9836123856600659,0.9823166030596839,0.9834165642560044,0.9837127315433419,0.9832645711297741,0.0006438343669255203
1_002_20200623_123044(3),2,0.9860798868090455,0.9846740059129856,0.9836515139413076,0.985146160952083,0.9848878919038555,0.00101026934339903
1_002_20200623_123048(4),0,0.9856650699613402,0.9860174734472547,0.9852980326210977,0.9849456468422515,0.985481555717986,0.00046251642862382415
1_002_20200623_123048(4),1,0.9849061349672126,0.9822173263164937,0.9836440089212164,0.9809440131411103,0.9829278708365083,0.0017192001626447244
1_002_20200623_123048(4),2,0.9839346740220715,0.985407457076649,0.9816907537347351,0.9833921593757532,0.9836062610523022,0.001534836582874486
1_002_20200623_123052(5),0,0.9845028463930228,0.9825344258676236,0.9840697006292263,0.9835716023199078,0.9836696438024451,0.0008470741631124544
1_002_20200623_123052(5),1,0.9848381798256887,0.9865218318581284,0.9853271730195488,0.9855223566369306,0.9855523853350742,0.0007074692880200979
1_002_20200623_123052(5),2,0.9831618982062121,0.9807007516532097,0.9831919542119865,0.9801246541957567,0.9817948145667913,0.0016132086235406125
1_002_20200623_163039(5),0,0.9848993342830976,0.9832842351048292,0.9858823364724388,0.9843901560024874,0.9846140154657133,0.0010814302059654914
1_002_20200623_163039(5),1,0.9834330984009424,0.983996953811515,0.9817522589281948,0.9819893504559111,0.9827929153991408,0.0010936521815729343
1_002_20200623_163039(5),2,0.9839680115074345,0.9832289125650799,0.9837977306529173,0.9853133289116082,0.98407699590926,0.0008827289758871395
1_002_20200623_163043(7),0,0.9822008224514541,0.98040297289254,0.9826242967930656,0.9812727698049684,0.9816252154855071,0.0009912251261533231
1_002_20200623_163043(7),1,0.9815975837375954,0.980090976649023,0.9829541148138885,0.9807156080149324,0.9813395708038599,0.0012411875979283027
1_002_20200623_163043(7),2,0.983638442366246,0.984154968841529,0.9837759027410856,0.9853425846898433,0.9842279746596759,0.0007745111820599331
1_002_20200623_163047(6),0,0.9834025179290152,0.9791392008211082,0.9825339482013724,0.9771754807565324,0.980562786927007,0.0029126156301377505
1_002_20200623_163047(6),1,0.981265902157143,0.9793522230533056,0.9832619172302415,0.9803897811943487,0.9810674559087598,0.0016589462691678908
1_002_20200623_163047(6),2,0.9825484926306335,0.9817025979772455,0.9816087739463242,0.9802861791985858,0.9815365109381972,0.0009345664327713916
1_002_20200623_163051(7),0,0.9856584418421185,0.9858897807466925,0.9860173624202473,0.9840596423332079,0.9854063068355665,0.0009099841195960312
1_002_20200623_163051(7),1,0.9845729568932629,0.9834354071108933,0.9845695720246225,0.9824142083015404,0.9837480360825798,0.0010379866844644169
1_002_20200623_163051(7),2,0.9855581307420195,0.9848813205670552,0.9838325083745397,0.9840041399331992,0.9845690249042035,0.0008036190159464261
1_002_20200623_163055(6),0,0.9852437222023062,0.9859730009981624,0.9838868264803322,0.9858930830271507,0.9852491581769879,0.0009651536741121652
1_002_20200623_163055(6),1,0.9836279473544196,0.984683313809979,0.9827989560251702,0.9800788696319127,0.9827972717053703,0.001969508358634369
1_002_20200623_163055(6),2,0.9849497261847132,0.9852866340699044,0.9838284592849633,0.9839591363970578,0.9845059889841596,0.0007221273429632621
1_002_20200623_163059(6),0,0.9808400184903258,0.9810553834408257,0.0,0.9839135251243719,0.7364522317638809,0.490970153027993
1_002_20200623_163059(6),1,0.9821868857665588,0.9834390179176477,0.9820365962081734,0.9826336359513135,0.9825740339609232,0.0006299398662119943
1_002_20200623_163059(6),2,0.9860701368120228,0.9860302583705879,0.984975556509407,0.9851155870750907,0.9855478846917771,0.0005830587222679874
1_002_20200623_203040(4),0,0.9843970095356614,0.9857163301728871,0.9856460906079016,0.9850629788316952,0.9852056022870364,0.0006134700812573615
1_002_20200623_203040(4),1,0.0,0.0,0.0,0.0,0.0,0.0
1_002_20200623_203040(4),2,0.9836407851195782,0.9830412959298491,0.9829546082029801,0.9826912615842393,0.9830819877091616,0.00040116613768852817
1_002_20200623_203044(0),0,0.9856556812746232,0.9851790962009036,0.984257411843178,0.9837721435964754,0.984716083228795,0.0008560815711742587
1_002_20200623_203044(0),1,0.9836135312790943,0.985376780455354,0.9830041583611607,0.9821163943016815,0.9835277160993227,0.00137747899675594
1_002_20200623_203044(0),2,0.9840770688478303,0.9827114287036034,0.9814332296482051,0.9816240811791556,0.9824614520946985,0.0012153377099486658
1_002_20200623_203047(7),0,0.9836488244685306,0.9850137500741486,0.982403467210406,0.9834433064957768,0.9836273370622155,0.0010730528740995067
1_002_20200623_203047(7),1,0.9810650855078297,0.9822453218735128,0.983421457819889,0.9815916254006258,0.9820808726504643,0.0010157753252333895
1_002_20200623_203047(7),2,0.9811522689153352,0.9824499458538212,0.9796896992569843,0.9792068307275316,0.9806246861884181,0.0014713294498294553
1_002_20200623_203051(2),0,0.9819321986837032,0.9824796445043525,0.981563765104134,0.9839271759820466,0.9824756960685591,0.0010382384152376211
1_002_20200623_203051(2),1,0.9829588652550506,0.9817181503890501,0.9808428901613608,0.9793162056639576,0.9812090278673549,0.0015316624235232532
1_002_20200623_203051(2),2,0.9833759719000725,0.9828671452865705,0.9829237838969814,0.9814331873652355,0.982650022112215,0.0008425710422248569
1_002_20200623_203054(7),0,0.984961638762951,0.9842641853468678,0.9833224221709751,0.9838392322875386,0.9840968696420832,0.0006932931244998858
1_002_20200623_203054(7),1,0.9834933394618125,0.9835315247570001,0.984555997702718,0.9848035283599488,0.9840960975703699,0.0006816710479417268
1_002_20200623_203054(7),2,0.9833838677053783,0.9830558655075318,0.9847967179071049,0.9814416172236389,0.9831695170859134,0.0013774715140270825
1_002_20200623_203058(3),0,0.9844353239146175,0.9818095332040394,0.9833500770962742,0.9811434284891876,0.9826845906760298,0.0014887181861883865
1_002_20200623_203058(3),1,0.9833042735119152,0.9813465062155495,0.9830493269349274,0.9794128669052328,0.9817782433919062,0.0018005391982838512
1_002_20200623_203058(3),2,0.9822273775098429,0.979983481398687,0.980787278555672,0.9784011154561529,0.9803498132300887,0.0015966888196657706
2_002_20200623_003351(2),0,0.9846890074312997,0.9832047945492911,0.9852564097851859,0.9841640405095268,0.9843285630688259,0.0008719218285899609
2_002_20200623_003351(2),1,0.9864004964655413,0.9849589548046817,0.9842760265895198,0.9850461239402761,0.9851704004500048,0.0008894182970822299
2_002_20200623_003351(2),2,0.9846946257724247,0.9833070182590148,0.9835434371985055,0.9817158001469161,0.9833152203442153,0.0012265200786080498
2_002_20200623_003355(7),0,0.9847059983697314,0.9849278391633269,0.9856763590717401,0.985428813868804,0.9851847526184007,0.0004458897296156816
2_002_20200623_003355(7),1,0.9858340096374465,0.9851997580631167,0.9833473842915278,0.9807241408162558,0.9837763232020867,0.0022920184827081207
2_002_20200623_003355(7),2,0.9845678645495882,0.9785547952575064,0.983644905631165,0.9813416439094934,0.9820273023369382,0.002683252359213126
2_002_20200623_003400(2),0,0.9859352961130605,0.9852249758085936,0.9845246591395237,0.9829116536343596,0.9846491461738843,0.0012935917414805774
2_002_20200623_003400(2),1,0.98469968180052,0.9833450121783556,0.9839295050640954,0.9807404428685557,0.9831786604778816,0.0017175419893212683
2_002_20200623_003400(2),2,0.984547810507252,0.9822731797273138,0.9849117713549393,0.9826479281412567,0.9835951724326905,0.0013273894786251725
2_002_20200623_003404(7),0,0.9846161430692385,0.9827346067692999,0.9861935064863555,0.9847347027743919,0.9845697397748215,0.0014181792950118215
2_002_20200623_003404(7),1,0.9840266353083517,0.9826455910147799,0.9835210905897587,0.9839138919010062,0.9835268022034741,0.0006261622122842559
2_002_20200623_003404(7),2,0.9842804034240887,0.9808001376583876,0.9829160457780387,0.9796118493207978,0.9819021090453283,0.0020931620731503685
2_002_20200623_003409(2),0,0.9850078415440953,0.9825612817181786,0.9859460988275472,0.9842925142737652,0.9844519340908966,0.0014307972636879304
2_002_20200623_003409(2),1,0.9876070494495712,0.9862558665229874,0.9860429868512933,0.9859552951493334,0.9864652994932964,0.0007715584942531888
2_002_20200623_003409(2),2,0.9834782566342408,0.9779742081084718,0.9830371247754871,0.9775298283097066,0.9805048544569767,0.003188963519803358
2_002_20200623_003413(7),0,0.9845159023614992,0.9818741945090457,0.9852205731188479,0.984156133240878,0.9839417008075677,0.0014475019143315177
2_002_20200623_003413(7),1,0.9854141713120442,0.9816224190688044,0.9840918133362468,0.9814341175746149,0.9831406303229275,0.001940007639703229
2_002_20200623_003413(7),2,0.9835264286757658,0.9806204331611698,0.9845672112202402,0.9795201030451426,0.9820585440255796,0.0023776698613918864
2_002_20200623_043056(0),0,0.9849903029958392,0.982191450105378,0.9841943212711902,0.9822460262751104,0.9834055251618795,0.001408561440656361
2_002_20200623_043056(0),1,0.9832592379936622,0.9803441851709663,0.9827195535711937,0.9784408818507669,0.9811909646466473,0.0022281778506850077
2_002_20200623_043056(0),2,0.9840760369847465,0.9814945854770133,0.9831765918904415,0.9826470819660125,0.9828485740795534,0.0010782926435670918
2_002_20200623_043100(6),0,0.9843667664715413,0.9821433021003684,0.9849678295728596,0.9840992426555856,0.9838942852000887,0.0012225227259307408
2_002_20200623_043100(6),1,0.9845599787749025,0.9804381017509217,0.9833920734261096,0.9801062962273409,0.9821241125448187,0.002195099403638591
2_002_20200623_043100(6),2,0.9795412943118244,0.9745797468730513,0.9790293807588779,0.975187439699132,0.9770844654107214,0.0025619670479385625
2_002_20200623_043105(0),0,0.9864259022971131,0.9814829488608944,0.9869677950402228,0.9849944978043208,0.9849677860006378,0.0024678562021492657
2_002_20200623_043105(0),1,0.9845702178615628,0.9807503477722248,0.984186235740173,0.9809037276187264,0.9826026322481717,0.0020572172050035125
2_002_20200623_043105(0),2,0.9810706940891862,0.9764293518982505,0.9834857914719228,0.9810454803843071,0.9805078294609166,0.0029500351451774588
2_002_20200623_043109(4),0,0.9819939094111123,0.980764187636674,0.9827719666938197,0.982581652877016,0.9820279291546555,0.000905244310966462
2_002_20200623_043109(4),1,0.9829298865798316,0.9806069811130722,0.9835190389506709,0.9822074187412642,0.9823158313462097,0.0012591921724630908
2_002_20200623_043109(4),2,0.9851063956281212,0.9835818900668827,0.9857892681538589,0.9844199417235028,0.9847243738930913,0.0009447907407956764
2_002_20200623_043115(4),0,0.9826922027645854,0.9777809835591582,0.9843715901152216,0.9818812673877183,0.9816815109566708,0.0027995261754057586
2_002_20200623_043115(4),1,0.984969929237312,0.9818035906730561,0.9860468121768928,0.9815329516609336,0.9835883209370486,0.002262949818868855
2_002_20200623_043115(4),2,0.9839620570215912,0.9804899294810894,0.9841302604924193,0.9795027841865467,0.9820212577954117,0.0023736237933533215
2_002_20200623_043120(0),0,0.9845153591349467,0.9806282901506964,0.9856831155263054,0.982730800166341,0.9833893912445724,0.002205024280266522
2_002_20200623_043120(0),1,0.9801881189096723,0.9794239742785573,0.9836138795980954,0.977379123046496,0.9801512739582052,0.00259517378153849
2_002_20200623_043120(0),2,0.9851336761032219,0.9834011042458366,0.9846982426106563,0.9822694731436031,0.9838756240258295,0.0012992672349719293
2_002_20200623_082249(3),0,0.9822055893475601,0.981049076465662,0.9829492042478791,0.9827904890170758,0.9822485897695442,0.0008612387675530861
2_002_20200623_082249(3),1,0.9853950158732909,0.9847181615469324,0.9859267460653982,0.9842852380159856,0.9850812903754018,0.0007254380094744682
2_002_20200623_082249(3),2,0.9855517385768324,0.9858153579918698,0.9865764036783267,0.9875607459085319,0.9863760615388902,0.0009013898235362913
2_002_20200623_082253(8),0,0.9841613723020207,0.9806932986273598,0.9829174804255323,0.9795656603116064,0.9818344529166297,0.002084638690331076
2_002_20200623_082253(8),1,0.9849815830804031,0.9822184906909647,0.9855453941649581,0.9843726760417552,0.9842795359945202,0.0014550887521806916
2_002_20200623_082253(8),2,0.9838575387287036,0.9841790764023997,0.9824713750082605,0.9826543984018054,0.9832905971352923,0.0008537548243549862
2_002_20200623_082258(4),0,0.981547184306089,0.9789193870183971,0.9840981208314806,0.980573312707872,0.9812845012159597,0.002166795791657373
2_002_20200623_082258(4),1,0.9831916784235517,0.982341427901573,0.984614905894378,0.9822275742302434,0.9830938966124365,0.001101476909888764
2_002_20200623_082258(4),2,0.9861657961896456,0.9857632089103849,0.9860919347055539,0.9861968911049901,0.9860544577276436,0.0001990928740823924
2_002_20200623_082302(7),0,0.980260241092799,0.9764661378075163,0.9801227709829989,0.9749536765921156,0.9779507066188575,0.002660698318430491
2_002_20200623_082302(7),1,0.983331017366308,0.9779814582942534,0.9835478465322633,0.9793826662221301,0.9810607471037387,0.0028070011073454467
2_002_20200623_082302(7),2,0.9865430415128968,0.985705872594164,0.9864470844658547,0.9849503901917276,0.9859115971911607,0.0007420040562289667
2_002_20200623_082307(2),0,0.9829486629899592,0.98151523831134,0.983948236070395,0.9830063262916201,0.9828546159158286,0.001003626474367638
2_002_20200623_082307(2),1,0.9853052765692538,0.9819704273812982,0.9839464353800664,0.9833884632593043,0.9836526506474808,0.0013804772121472997
2_002_20200623_082307(2),2,0.9876099036285583,0.9864033564764775,0.9865423991264275,0.9859865432126634,0.9866355506110317,0.0006911742956990496
2_002_20200623_082311(8),0,0.0,0.0,0.983037981269174,0.9828632155656505,0.49147529920870614,0.5675067970813725
2_002_20200623_082311(8),1,0.9872273039331486,0.9863118945665392,0.9863621536232533,0.9864413696526952,0.9865856804439092,0.00043105655182135107
2_002_20200623_082311(8),2,0.9830225200437587,0.980262300436664,0.9806221338148707,0.9782293167228395,0.9805340677545331,0.001965187456698027
2_002_20200623_123042(0),0,0.9837995967130853,0.9782597558640187,0.9823941137901355,0.977331806869893,0.9804463183092831,0.003136857244747134
2_002_20200623_123042(0),1,0.9863906263129288,0.9851868277695532,0.9854170420740799,0.9845372489039528,0.9853829362651287,0.0007681684046113047
2_002_20200623_123042(0),2,0.9849932598370693,0.9830559526764976,0.9848742266283186,0.9831556488822855,0.9840197720060428,0.0010572649828216
2_002_20200623_123046(4),0,0.9821501519873997,0.9803254279503656,0.9806795437719756,0.9777100188849338,0.9802162856486687,0.001848218262535457
2_002_20200623_123046(4),1,0.983980357771101,0.9832969787869386,0.9862813311884072,0.9850465670838708,0.9846513087075794,0.0013035320179083736
2_002_20200623_123046(4),2,0.9882013000282416,0.9869450559573831,0.9872267227885273,0.9860352578024211,0.9871020841441432,0.0008919242580618346
2_002_20200623_123051(1),0,0.9847186924734647,0.9841558156833174,0.9826453572898822,0.9832224053051033,0.9836855676879419,0.0009282666758937277
2_002_20200623_123051(1),1,0.982280501270844,0.9815439005471118,0.9832454520564687,0.9767877751936811,0.9809644072670264,0.0028702692496284216
2_002_20200623_123051(1),2,0.9856455466763071,0.9831282415000974,0.984428407339744,0.9811818378636861,0.9835960083449586,0.001909670162793012
2_002_20200623_123055(5),0,0.9858086090328212,0.9848806105443131,0.985323357815846,0.9839273668992623,0.9849849860730606,0.0008004796028939059
2_002_20200623_123055(5),1,0.9810376084871789,0.9815652711552941,0.9800866361737842,0.9805658590875174,0.9808138437259437,0.0006337825743802224
2_002_20200623_123100(0),0,0.9870623922665368,0.9849174501396434,0.9872823477564208,0.984308652001079,0.98589271054092,0.0015010686457640912
2_002_20200623_123100(0),1,0.9856053487381584,0.9847087354824868,0.9850296703906674,0.9845011189216203,0.9849612183832333,0.00048132758117649363
2_002_20200623_123100(0),2,0.9861569347370455,0.9822774829283465,0.9846158689705571,0.97962284191356,0.9831682821373773,0.0028513868913548333
2_002_20200623_123104(5),0,0.9810112716136088,0.9781040404200665,0.9805824150270066,0.9792540520673751,0.9797379447820143,0.0013213991118014223
2_002_20200623_123104(5),1,0.9808156660075726,0.9791561280009355,0.9820993707310823,0.9802610984351572,0.9805830657936869,0.0012238052632411434
2_002_20200623_123104(5),2,0.9866740471371227,0.9839643597071029,0.9852816475465136,0.9835904765318073,0.9848776327306366,0.0014001394438862033
2_002_20200623_163020(3),0,0.9849913080754823,0.9848720958029386,0.9826602789753942,0.984490408604403,0.9842535228645545,0.0010834359605217433
2_002_20200623_163020(3),1,0.9860523340832371,0.9843903056652218,0.9857168300343105,0.984124787144235,0.9850710642317512,0.00095547135757726
2_002_20200623_163020(3),2,0.9855528241749292,0.9839281381887223,0.984825392802465,0.9826974389276235,0.984250948523435,0.0012305100593032337
2_002_20200623_163023(3),0,0.9827740352237677,0.9831288103381428,0.9845235210265652,0.9806097819985642,0.98275903714676,0.0016196355772742825
2_002_20200623_163023(3),1,0.9833185584127552,0.9828686067887601,0.9812402622869226,0.9789309857177984,0.981589603301559,0.001984558918079985
2_002_20200623_163023(3),2,0.9796931822800126,0.9793360615839899,0.9819592125444305,0.9788738740903828,0.9799655826247039,0.0013707524052174445
2_002_20200623_163026(3),0,0.9869761582539639,0.9846198023337531,0.9860304178718926,0.983930826045422,0.985389301126258,0.0013721545319156604
2_002_20200623_163026(3),1,0.9827437915703308,0.9807646560705536,0.9800877302518552,0.9778031689043872,0.9803498366992817,0.0020377529849270356
2_002_20200623_163026(3),2,0.9847993042167597,0.985576175877727,0.9845648278908453,0.9829738663794715,0.9844785435912009,0.0010922732422485038
2_002_20200623_163029(6),0,0.9857992914624449,0.9809667673301637,0.9855834675567788,0.9828078524233738,0.9837893446931903,0.002323003293932794
2_002_20200623_163029(6),1,0.9852912459327949,0.981681994679062,0.9848140888488208,0.9801051940018771,0.9829731308656388,0.002493650487887793
2_002_20200623_163029(6),2,0.9845974151131328,0.9793813432898657,0.9826210135333096,0.9782849792753852,0.9812211878029233,0.002907735159597117
2_002_20200623_163032(5),0,0.9850951056073257,0.9849346091022577,0.9861069742762398,0.9838512338745224,0.9849969807150863,0.0009234609251845639
2_002_20200623_163032(5),1,0.9846146465975193,0.9803676398673778,0.983614274353368,0.9792392648809638,0.9819589564248072,0.002563966862608053
2_002_20200623_163032(5),2,0.9841399699951712,0.9788596411369384,0.982488041013725,0.979494007150535,0.9812454148240924,0.0024954568326522202
2_002_20200623_163035(5),0,0.9877565539796292,0.9871424668755269,0.9866326240490912,0.9856883823613131,0.98680500681639,0.0008748118440591973
2_002_20200623_163035(5),1,0.986156176580677,0.984802867243133,0.9843931490682518,0.984875368841349,0.9850568904333528,0.0007629898433089912
2_002_20200623_163035(5),2,0.9799194155050075,0.9773956794804807,0.9792417864911269,0.9754461039737543,0.9780007463625924,0.002009458927619212
2_002_20200623_203033(6),0,0.9849037220626377,0.9792582951960037,0.9844540238560896,0.9840607053052871,0.9831691866050045,0.0026299111025224354
2_002_20200623_203033(6),1,0.9858435706241797,0.9829054187708126,0.9854132714414223,0.9819647708878698,0.9840317579310711,0.0018914121844877529
2_002_20200623_203033(6),2,0.979020575745191,0.9753090936015025,0.978174167091385,0.9761227427084525,0.9771566447866327,0.0017312797913568458
2_002_20200623_203038(0),0,0.985244269297187,0.9795003494250455,0.9859149220967937,0.984415569438219,0.9837687775643114,0.0029109466224533443
2_002_20200623_203038(0),1,0.9854741269793087,0.982693224346729,0.9852814607090223,0.9819160960281542,0.9838412270158037,0.0018041318161106097
2_002_20200623_203038(0),2,0.9809889944480517,0.9777840685194894,0.9804198225193428,0.9813038600671649,0.9801241863885122,0.0016024018774663
2_002_20200623_203042(5),0,0.9842742741145932,0.9766065290181738,0.9847802892312365,0.9822408165097984,0.9819754772184505,0.0037437702615399004
2_002_20200623_203042(5),1,0.9849899024077203,0.983682382061247,0.9858696694915421,0.9839562001477808,0.9846245385270727,0.0010030249048576256
2_002_20200623_203042(5),2,0.9841049494623011,0.983413613579789,0.9842681280993668,0.9839083132098112,0.9839237510878169,0.00037054328679837973
2_002_20200623_203047(0),0,0.9858568409397057,0.9802569705696491,0.9861680970584847,0.983933353261209,0.9840538154572622,0.0027173289471391087
2_002_20200623_203047(0),1,0.9862151803401683,0.9834837756718023,0.9863746221842935,0.9842515473656549,0.9850812813904798,0.0014374677167629047
2_002_20200623_203047(0),2,0.9787887990313228,0.9780418427547796,0.9783798089868078,0.9802575539890839,0.9788670011904985,0.000976045653086732
2_002_20200623_203050(0),0,0.9829101070275809,0.9830399161983087,0.9822925873392835,0.981963619557846,0.9825515575307547,0.0005098328320499001
2_002_20200623_203050(0),1,0.9835752310681006,0.9806617589834081,0.9838708705564071,0.9814856243121266,0.9823983712300106,0.0015707941065910844
2_002_20200623_203050(0),2,0.9862985591266193,0.9834915032662128,0.9861606906427013,0.9817331918401883,0.9844209862189305,0.002209074367811548
2_002_20200623_203054(6),0,0.9840003416171232,0.9810749468947112,0.9860352231364753,0.9835674533840365,0.9836694912580866,0.0020370093652020767
2_002_20200623_203054(6),1,0.9841080031175655,0.9826488065208624,0.9864077001930848,0.9817539877979585,0.9837296244073678,0.002031958634634953
2_002_20200623_203054(6),2,0.9826845516090188,0.9820466952336517,0.9818877068971564,0.9813099615106886,0.981982228812629,0.0005651816662310383
3_001_20200623_003516(8),0,0.9792485066316464,0.9795975570020898,0.9786764574733796,0.9781940545341553,0.9789291439103178,0.0006199396302291991
3_001_20200623_003516(8),1,0.9718924219573564,0.9729145410237777,0.9745883237426705,0.9758809860663303,0.9738190681975337,0.0017676155817219744
3_001_20200623_003516(8),2,0.9767508386132314,0.9763724315585078,0.9774841395586412,0.9751954726278815,0.9764507205895655,0.0009556502518303725
3_001_20200623_003520(5),0,0.9757026169992767,0.9740384108895647,0.9770486383576068,0.9748182827102472,0.9754019872391738,0.0012912383715899807
3_001_20200623_003520(5),1,0.9763049295543124,0.9744265607401709,0.9783245344665008,0.9762557783728409,0.9763279507834562,0.001592416333118727
3_001_20200623_003520(5),2,0.975946255590865,0.9762116238498644,0.9769334760864663,0.9780869168873103,0.9767945681036265,0.0009572388988975255
3_001_20200623_003524(0),0,0.9792039938417123,0.9778952803518698,0.9796711398488395,0.9772542149633029,0.9785061572514311,0.0011231934292039785
3_001_20200623_003524(0),1,0.9764421961231007,0.9744858118248216,0.9781155014435474,0.9758770387844115,0.9762301370439702,0.0015018784708153475
3_001_20200623_003524(0),2,0.9788485155725631,0.9753577387042838,0.9778366566439188,0.9746008863637526,0.9766609493211296,0.002009141700120361
3_001_20200623_003529(0),0,0.9776517084396159,0.9764279916134239,0.9732194141633228,0.9773530735582852,0.9761630469436618,0.002030389619142909
3_001_20200623_003529(0),1,0.9740065302239808,0.9758849738636742,0.9773527606330921,0.9763514385984708,0.9758989258298045,0.001402350316118881
3_001_20200623_003529(0),2,0.9781697997585859,0.9785928988478713,0.9754755713904398,0.9742390811031182,0.9766193377750038,0.0021033860825967815
3_001_20200623_003532(5),0,0.9754506551521874,0.9714852884839911,0.9778401977162471,0.9769623318501295,0.9754346183006387,0.002811771932155125
3_001_20200623_003532(5),1,0.9784460856840614,0.9768517666515418,0.9761510353722286,0.0,0.7328622219269579,0.4885757584203644
3_001_20200623_003532(5),2,0.9787636824190037,0.9794850455612903,0.9790489028632603,0.9764547330544174,0.978438090974493,0.0013551043622959454
3_001_20200623_003536(0),0,0.976233237372624,0.9765261732097701,0.9722435255658609,0.9763549939481035,0.9753394825240896,0.0020674658765637926
3_001_20200623_003536(0),1,0.9761226307893754,0.9775196185523489,0.972680964500933,0.9746934240659715,0.9752541594771572,0.002067389967127449
3_001_20200623_003536(0),2,0.980069133880358,0.9793602227048653,0.9777067813128912,0.9768730511889154,0.9785022972717574,0.0014695012131208654
3_001_20200623_043227(1),0,0.9775036649728408,0.9766500613268985,0.9771912438520296,0.9753354637927455,0.9766701084861286,0.0009570922686800966
3_001_20200623_043227(1),1,0.9755751173343089,0.9743665496588299,0.9760859509278716,0.9772147897523359,0.9758106019183367,0.0011815668224445018
3_001_20200623_043227(1),2,0.980500969908834,0.9788729081077526,0.9789845050808939,0.9787264472440659,0.9792712075853865,0.0008266236551201139
3_001_20200623_043231(6),0,0.9751088077113894,0.9743217557096256,0.9724960718899701,0.9750502302777231,0.9742442163971771,0.0012191797897626526
3_001_20200623_043231(6),1,0.9777951139234466,0.9775457194863929,0.9762785665137532,0.974822943186832,0.9766105857776062,0.0013642439671256975
3_001_20200623_043231(6),2,0.9780909053144806,0.980978627563784,0.9732695688293157,0.9754060718102245,0.9769362933794512,0.0033396627252778297
3_001_20200623_043236(1),0,0.9751739772372844,0.9783781366788562,0.974433580397694,0.9714319390042503,0.9748544083295212,0.002852436280173051
3_001_20200623_043236(1),1,0.9715676852571415,0.9727478926712748,0.9725396742423328,0.9729776610121675,0.9724582282957291,0.0006200581002782002
3_001_20200623_043236(1),2,0.9789102883516736,0.9779293651606984,0.9769975127510584,0.9755300315557766,0.9773417994548017,0.0014383355117019482
3_001_20200623_043240(6),0,0.9738661667995218,0.9728681919317861,0.9772228635036808,0.9802357025809054,0.9760482312039735,0.003356026043302277
3_001_20200623_043240(6),1,0.9734514462729,0.9760444249694842,0.9776835958862423,0.9774394737815186,0.9761547352275364,0.001941469168020065
3_001_20200623_043240(6),2,0.9760400286430629,0.9759757790939722,0.9699640914541877,0.97174783968161,0.9734319347182082,0.0030624288359120478
3_001_20200623_043245(2),0,0.9796051068648388,0.9762492326010457,0.9786236736680964,0.9772754477077271,0.977938365210427,0.0014765166227945525
3_001_20200623_043245(2),1,0.9779889460594822,0.9764650206674027,0.9799386410877533,0.9800043485840122,0.9785992390996625,0.0017025154194310133
3_001_20200623_043245(2),2,0.9786260533020148,0.9806797700317901,0.9749736194087791,0.9751437214846655,0.9773557910568124,0.0027827082701564767
3_001_20200623_043249(6),0,0.9790982948319035,0.978834084033325,0.9794685782234592,0.9791720432282,0.9791432500792219,0.0002609419252490197
3_001_20200623_043249(6),1,0.9782326972407582,0.9785745665610371,0.9796000376377949,0.9810029166575372,0.9793525545242819,0.0012442251496107902
3_001_20200623_043249(6),2,0.9751716508650569,0.9764860886519215,0.9745436230023801,0.9760509520350527,0.9755630786386027,0.0008722525306698017
3_001_20200623_082407(9),0,0.9728843734294288,0.9758541451902032,0.978500754633218,0.9775313254504091,0.9761926496758148,0.002461617241642556
3_001_20200623_082407(9),1,0.9791190314438272,0.9807456779080629,0.9769544170423878,0.9786438475193114,0.9788657434783974,0.0015599908990034687
3_001_20200623_082407(9),2,0.9797060097591855,0.9805749115151765,0.9793860873105185,0.9775165063205755,0.9792958787263639,0.0012882075513515412
3_001_20200623_082411(0),0,0.9749186023716496,0.9751399663943098,0.9744474224924125,0.9765133834946221,0.9752548436882486,0.0008873380504563688
3_001_20200623_082411(0),1,0.9761697442679372,0.9782752433295415,0.9771306743170174,0.98088452904941,0.9781150477409766,0.0020370637352468907
3_001_20200623_082411(0),2,0.9780075806683489,0.9811408031463845,0.9765618723086936,0.9789156310380059,0.9786564717903583,0.0019189817159966983
3_001_20200623_082414(1),0,0.9791998160336433,0.9798811839815875,0.9788315261430227,0.9772030485535591,0.9787788936779532,0.0011369956868082722
3_001_20200623_082414(1),1,0.9677992168439987,0.9727825966021187,0.974406897868194,0.9738288335114744,0.9722043862064464,0.003012735802138331
3_001_20200623_082414(1),2,0.0,0.0,0.0,0.0,0.0,0.0
3_001_20200623_082416(7),0,0.9746372464496097,0.9764839060472988,0.9786735114549089,0.9789222430889467,0.977179226760191,0.002017930248574599
3_001_20200623_082416(7),1,0.9764144762464496,0.9786901922469601,0.9800760044408453,0.9794774632389769,0.978664534043308,0.0016037997581694176
3_001_20200623_082416(7),2,0.9759198996203692,0.975880596486171,0.9777022674574791,0.9761728224017242,0.9764188964914359,0.0008653242681432098
3_001_20200623_082419(6),0,0.9777525290870536,0.9789228736116342,0.975425283017774,0.978233437864156,0.9775835308951545,0.001516884116605109
3_001_20200623_082419(6),1,0.9794640573356123,0.9788634044506709,0.9798764248446308,0.9819036947415317,0.9800268953431115,0.0013185237998485924
3_001_20200623_082419(6),2,0.9763753284753657,0.9773268842593633,0.9762834056071555,0.9773563493003409,0.9768354919105564,0.0005857498141836172
3_001_20200623_082422(5),0,0.9785721827012331,0.9783345852581153,0.9798138525336846,0.9754975947112079,0.9780545538010603,0.0018238721732463199
3_001_20200623_082422(5),1,0.9779686232051402,0.9770382856709484,0.9753835801465721,0.9746463515619147,0.9762592101461438,0.001516255518098063
3_001_20200623_082422(5),2,0.9754053747090379,0.9746403563120998,0.9765919880173474,0.9764318808635856,0.9757673999755176,0.0009170187206660921
3_001_20200623_123214(3),0,0.9779220542776527,0.9784313862356085,0.9772893757994326,0.9780707286582169,0.9779283862427277,0.0004766706747525924
3_001_20200623_123214(3),1,0.9748894527820161,0.9750718805939895,0.9763529032088033,0.9749886081129421,0.9753257111744377,0.0006888428214677117
3_001_20200623_123214(3),2,0.9749780366212246,0.9750164382013267,0.9789949953254493,0.9774922977715816,0.9766204419798956,0.0019722203727636023
3_001_20200623_123223(3),0,0.977285161778272,0.9766150440291299,0.9770040910927086,0.9727975363198444,0.9759254583049887,0.002103304276774289
3_001_20200623_123223(3),1,0.9746091593222133,0.9750163434378275,0.977343126827191,0.976356266503959,0.9758312240227976,0.0012541919307044406
3_001_20200623_123223(3),2,0.9762508033048027,0.976412500358271,0.9777867868770006,0.9777503384181861,0.9770501072395651,0.0008323560750314588
3_001_20200623_123232(3),0,0.9789528074699198,0.9774738169457918,0.9723172298290037,0.9769927833894058,0.9764341594085303,0.002868544681350674
3_001_20200623_123232(3),1,0.9687568331735363,0.0,0.0,0.0,0.24218920829338408,0.4843784165867681
3_001_20200623_123232(3),2,0.9761231191606281,0.9763270049017005,0.9776259996562179,0.9789469251098288,0.9772557622070939,0.001309271825016935
3_001_20200623_123236(9),0,0.9778737881232141,0.9775269213114323,0.9788642035106386,0.9811062044680519,0.9788427793533342,0.0016118290474838885
3_001_20200623_123236(9),1,0.977031516999465,0.9773067353323656,0.9735362840946729,0.9736894878049314,0.9753910060578587,0.0020572192176577767
3_001_20200623_123236(9),2,0.9772231581257346,0.9780892642086207,0.9775993765341414,0.97943864677801,0.9780876114116266,0.0009679793510261497
3_001_20200623_123241(3),0,0.9782531714558406,0.9783611909046155,0.980207874359966,0.9790548196523696,0.978969264093198,0.0008988913198303023
3_001_20200623_123241(3),1,0.9738000642519492,0.975301401748739,0.9791106870274167,0.9799443283585688,0.9770391203466685,0.0029576326352633185
3_001_20200623_123241(3),2,0.9708999483213013,0.9717683197880514,0.9733116782445738,0.9755649725679976,0.972886229730481,0.002045458881158102
3_001_20200623_123245(8),0,0.9713679759076481,0.9687295402259914,0.9739670691168871,0.9734453019983279,0.9718774718122137,0.0023800257517160193
3_001_20200623_123245(8),1,0.9770194284935827,0.9789277875043852,0.9762870496222072,0.9758453813854023,0.9770199117513945,0.0013609553756366271
3_001_20200623_123245(8),2,0.9777988429943012,0.9788948390508432,0.9766756136980304,0.9751019612141189,0.9771178142393234,0.0016207839753043087
3_001_20200623_163159(5),0,0.9778365219209146,0.9792875490432386,0.9755428500665743,0.977221203746285,0.9774720311942531,0.0015506571490665325
3_001_20200623_163159(5),1,0.9783057959697524,0.9779954269091228,0.9763175719359126,0.9767621654598696,0.9773452400686644,0.0009559442726287287
3_001_20200623_163159(5),2,0.9765829553538877,0.973706495049913,0.9781012555402433,0.9775998324084704,0.9764976345881285,0.0019650428110762528
3_001_20200623_163209(3),0,0.9756319311282414,0.9787213214320558,0.9727289232471816,0.97756256373764,0.9761611848862798,0.0026190768932125687
3_001_20200623_163209(3),1,0.9739708499872771,0.9760714627646719,0.9778823791884296,0.978738021323018,0.9766656783158492,0.002112672745949611
3_001_20200623_163209(3),2,0.9772698197750274,0.976630655515788,0.9789550211476122,0.9768155233965043,0.9774177549587331,0.0010594464815298654
3_001_20200623_163212(9),0,0.9763886084792328,0.9733120215585286,0.9765320589400528,0.9748811331883814,0.9752784555415489,0.0015087178538627218
3_001_20200623_163212(9),1,0.9780148035752776,0.9754063631316569,0.9758201643609044,0.9734215308986747,0.9756657154916284,0.0018837637335785118
3_001_20200623_163212(9),2,0.9768654214442389,0.9768183595401666,0.9745089034008321,0.972216437041719,0.9751022803567391,0.0022161364359977904
3_001_20200623_163216(2),0,0.977564292315133,0.9790180529272045,0.9778862318706923,0.9782126838575476,0.9781703152426443,0.0006240783690748075
3_001_20200623_163216(2),1,0.9775708561221322,0.9763005794014967,0.9734857546666696,0.977087370669417,0.976111140214929,0.001826867347166408
3_001_20200623_163216(2),2,0.9773241339051745,0.9768378472636592,0.9807727656104192,0.9815818739445651,0.9791291551809544,0.002396210783375227
3_001_20200623_163219(5),0,0.9757967469041686,0.9773501397580158,0.9799739171875743,0.9792300292863522,0.9780877082840278,0.0018846036430984043
3_001_20200623_163219(5),1,0.9765787438954117,0.976289387643281,0.9749452993272668,0.9766538430006004,0.97611681846664,0.0007966612970109578
3_001_20200623_163219(5),2,0.9777067523181296,0.9791255505430775,0.9711730170186904,0.9767171127787703,0.9761806081646669,0.0034816474967809636
3_001_20200623_163222(9),0,0.9744958140727892,0.9759664658336387,0.9768062867133561,0.9795283908760479,0.976699239373958,0.002114048050058856
3_001_20200623_163222(9),1,0.9762107107053976,0.0007508274766038279,0.9791181197558095,0.9798895888903102,0.7339923117070303,0.48883022264295706
3_001_20200623_163222(9),2,0.9760629929907075,0.974767737950334,0.9789411249389272,0.9760902084972612,0.9764655160943075,0.0017620036340338556
3_001_20200623_203217(4),0,0.9730915815244979,0.9738245022111202,0.9678686657074029,0.9705730854346806,0.9713394587194254,0.002700562140465344
3_001_20200623_203217(4),1,0.9756229307398585,0.9750873813908311,0.9766937426457197,0.9763330595173235,0.9759342785734332,0.000718791631762452
3_001_20200623_203217(4),2,0.9773224502915773,0.9796367234849981,0.9772004933848608,0.9794060855155953,0.9783914381692578,0.0013091128442751293
3_001_20200623_203222(0),0,0.9787042381639727,0.9801652804400542,0.9793229721411048,0.9790433172484075,0.9793089519983847,0.0006244292344049893
3_001_20200623_203222(0),1,0.9755899664189853,0.9705166941262225,0.9783877251700149,0.9771490497466478,0.9754108588654676,0.0034577434137099765
3_001_20200623_203222(0),2,0.9774507341358747,0.9789242829651432,0.9801444112256277,0.9810290042245922,0.9793871081378095,0.0015527483314469398
3_001_20200623_203226(3),0,0.9752962867566888,0.9794027853772979,0.9739653306444457,0.9752123594250384,0.9759691905508676,0.0023685875415458114
3_001_20200623_203226(3),1,0.9737034183827421,0.9738153031930198,0.9788215156294965,0.9787850445805395,0.9762813204464494,0.0029125044350111983
3_001_20200623_203226(3),2,0.9758247143405889,0.9781916584803504,0.9772271450644152,0.9785818858526673,0.9774563509345054,0.0012277729627893125
3_001_20200623_203230(9),0,0.976167001124091,0.9763662633650202,0.9751744173431414,0.972442438649218,0.9750375301203676,0.0018068826413733766
3_001_20200623_203230(9),1,0.9771544637647634,0.9781998632048473,0.977968201660381,0.9784610886456808,0.9779459043189181,0.0005647374990445558
3_001_20200623_203230(9),2,0.9796610334911493,0.9800990954039878,0.9787775528498389,0.9779969392227957,0.9791336552419428,0.0009361507617318158
3_001_20200623_203235(3),0,0.9799862937691485,0.9790994006744773,0.979795879365413,0.9785759742603812,0.979364387017355,0.0006492986194424457
3_001_20200623_203235(3),1,0.9716431994889265,0.9778686073020978,0.9788952474276879,0.9797620222207172,0.9770422691098574,0.0036816379149320214
3_001_20200623_203235(3),2,0.9768234141973167,0.9775977663695566,0.977204414498339,0.9774394835325549,0.9772662696494419,0.0003365710108060144
3_001_20200623_203247(5),0,0.9764872050406137,0.9749781420367117,0.9776445520985056,0.9767624645282723,0.9764680909260258,0.0011092083889268263
3_001_20200623_203247(5),1,0.9771426304327412,0.9800252712558821,0.9738963066933642,0.9763330291966086,0.9768493093946491,0.0025271552631419758
3_001_20200623_203247(5),2,0.9790811948844751,0.9765941931538591,0.9788320563426087,0.9769365393297258,0.9778609959276672,0.0012768781060157088
1_002_20200624_003107(0),0,0.9863578888101413,0.9813203765479105,0.9875233943351309,0.9846396215330857,0.9849603203065671,0.002700282976996837
1_002_20200624_003107(0),1,0.9869593951312505,0.9848727841333962,0.9846083336395893,0.9806284296546629,0.9842672356397247,0.0026439659950179394
1_002_20200624_003107(0),2,0.9855475517621861,0.984350797646858,0.984935470713461,0.9836353492632232,0.984617292346432,0.0008168744696314868
1_002_20200624_003111(0),0,0.9865346956433333,0.9848661489013659,0.9857103731608823,0.984693607046184,0.9854512061879414,0.0008480104967855304
1_002_20200624_003111(0),1,0.9855557401137809,0.9844741173239493,0.9845561091229733,0.9826665285589427,0.9843131237799114,0.0012028205703097968
1_002_20200624_003111(0),2,0.9869280671264777,0.9844645725596665,0.9861635915214627,0.983932322557104,0.9853721384411778,0.0014076052549568216
1_002_20200624_003115(1),0,0.983582068337728,0.9816741960967392,0.9828795692419112,0.9808041223719147,0.9822349890120733,0.0012371976961547395
1_002_20200624_003115(1),1,0.9867274532470146,0.9851484748491975,0.9863962942374251,0.9835008305903059,0.9854432632309857,0.0014625727161545227
1_002_20200624_003115(1),2,0.9872296675083692,0.9861672084302598,0.985808700154803,0.9841350741371747,0.9858351625576517,0.0012839910974893945
1_002_20200624_003119(1),0,0.987847783091878,0.9822856618719856,0.9854668759533786,0.9832854281528189,0.9847214372675153,0.002471493543241323
1_002_20200624_003119(1),1,0.979572557284459,0.9828746914420471,0.9811916810727687,0.9840765225731687,0.9819288630931109,0.0019666084937387247
1_002_20200624_003119(1),2,0.9847480211198056,0.982456054120466,0.9846450526266758,0.9832062672020744,0.9837638487672554,0.0011204670903068954
1_002_20200624_003123(1),0,0.986611273608133,0.9836552925914803,0.9849342732107373,0.9832159592443969,0.9846041996636868,0.0015236940264120548
1_002_20200624_003123(1),1,0.9794698606767724,0.9774031000803282,0.9808257247136559,0.9751717766191386,0.9782176155224738,0.0024705546954855565
1_002_20200624_003123(1),2,0.9846672145953383,0.9826239338006763,0.985496156911555,0.982050971442694,0.9837095691875658,0.0016369210014635495
1_002_20200624_003127(0),0,0.9848229710150311,0.9854581971149301,0.9818433616930233,0.9824579382813694,0.9836456170260885,0.0017635488916730316
1_002_20200624_003127(0),1,0.9834538530845393,0.9851549669019524,0.9834636549258318,0.9827178179212641,0.9836975732083969,0.001032478258426669
1_002_20200624_003127(0),2,0.9849580065884878,0.9831020366288882,0.9849125534628524,0.9830538209084836,0.984006604397178,0.0010726834051391762
1_002_20200624_043128(1),0,0.9836249689145444,0.9823338304239976,0.9844883300011716,0.982955093624356,0.9833505557410174,0.0009237520433641109
1_002_20200624_043128(1),1,0.9833046342681927,0.9838870253815678,0.9845260500878418,0.9843213557412889,0.9840097663697228,0.0005403435465359708
1_002_20200624_043128(1),2,0.9859139666823056,0.9862737396827264,0.9856700238047402,0.9831251837643765,0.9852457284835372,0.0014352799658959175
1_002_20200624_043132(2),0,0.986254069425128,0.9836606002154638,0.9859242995592076,0.9853373459658438,0.9852940787914108,0.0011530950437046395
1_002_20200624_043132(2),1,0.987105638551549,0.9860232321533772,0.9855932779449134,0.9837883289572226,0.9856276194017655,0.001381450775020003
1_002_20200624_043132(2),2,0.9827790695167186,0.9840393148967326,0.9807027689175062,0.9827164437776615,0.9825593992771547,0.0013796309316539007
1_002_20200624_043136(1),0,0.9808410997282238,0.9801407894325924,0.9809009315705419,0.9788001432568953,0.9801707409970634,0.0009767282739854585
1_002_20200624_043136(1),1,0.97863235745073,0.9818691650010508,0.9789845698472955,0.9809966057077147,0.9801206745016978,0.0015631480985453825
1_002_20200624_043136(1),2,0.9808238119482755,0.9833486681086567,0.9812308890617087,0.9824237574539509,0.981956781643148,0.0011497760231206596
1_002_20200624_043140(2),0,0.9849149580871298,0.9828614901213713,0.9819637272384149,0.9815306855028806,0.9828177152374491,0.001504004083677666
1_002_20200624_043140(2),1,0.9842859522150117,0.9790372872501624,0.9839676684610815,0.9808641066785023,0.9820387536511895,0.0025271334086934168
1_002_20200624_043140(2),2,0.9859066357246055,0.9821521251972897,0.9840315848305479,0.9825115036516976,0.9836504623510351,0.0017105373211448664
1_002_20200624_043144(2),0,0.98485151648233,0.9840986590107248,0.9848474628181643,0.9826257890387249,0.9841058568374859,0.001048274810369619
1_002_20200624_043144(2),1,0.981337366364779,0.9830841313081712,0.9824693944632064,0.9842713630519841,0.9827905637970352,0.0012239118752535646
1_002_20200624_043144(2),2,0.9798125947914774,0.981353564698819,0.9809351369707436,0.9802578810520809,0.9805897943782803,0.0006872195822152591
1_002_20200624_043148(1),0,0.9800333203647832,0.9831422057318965,0.9828509750426467,0.9846020040663344,0.9826571263014152,0.0019096061113866227
1_002_20200624_043148(1),1,0.9839432151507257,0.9864827703601137,0.9816703671376028,0.984016573311516,0.9840282314899895,0.0019656762246339464
1_002_20200624_043148(1),2,0.983664956665232,0.985146840685021,0.979243198494746,0.9833484254412314,0.9828508553215576,0.0025296293266697896
1_002_20200624_083045(5),0,0.9805136257823612,0.9845547349009733,0.9830573156410694,0.9838845007388403,0.983002544265811,0.0017686961401938122
1_002_20200624_083045(5),1,0.9860571203839557,0.9838142281797853,0.9850465670838708,0.9820828714976139,0.9842501967863064,0.0017113879427200578
1_002_20200624_083045(5),2,0.9850739010269371,0.9876027673645366,0.9805690662328466,0.9837827506620753,0.9842571213215989,0.00292616098850614
1_002_20200624_083049(6),0,0.986417827356052,0.9856131751348721,0.9834374894361494,0.9844758096043237,0.9849860753828493,0.0013040523265073487
1_002_20200624_083049(6),1,0.9858984646886615,0.9843150798443765,0.9859258330156666,0.9853929642721498,0.9853830854552136,0.0007529772560643572
1_002_20200624_083049(6),2,0.9869105192507738,0.9840769702158698,0.984702072863235,0.9829762437512778,0.9846664515202891,0.0016574477739144569
1_002_20200624_083053(3),0,0.9880100806693888,0.9841001067258134,0.9854081000204492,0.982976211948517,0.9851236248410422,0.002165758130530696
1_002_20200624_083053(3),1,0.9859272827247154,0.9862651924184971,0.9866276690169488,0.9859793074352816,0.9861998628988607,0.00032157460754914254
1_002_20200624_083053(3),2,0.9816045907898908,0.9841844838740178,0.9823788753885286,0.9840052511454127,0.9830433002994625,0.0012568472323053151
1_002_20200624_083057(4),0,0.9855307109901468,0.9841293067253238,0.9819511089264579,0.9825503616592406,0.9835403720752923,0.001613915631636906
1_002_20200624_083057(4),1,0.9850731899812686,0.9830642956618516,0.9841927738428338,0.9832968768018053,0.9839067840719398,0.000917254325631465
1_002_20200624_083057(4),2,0.9866677854236333,0.9841717637002425,0.9824631433421062,0.9801951545540412,0.9833744617550059,0.002733749970645692
1_002_20200624_083101(4),0,0.9849757241390629,0.9824708230690274,0.9848540963640355,0.9820208161272054,0.9835803649248327,0.0015527067439276665
1_002_20200624_083101(4),1,0.981060942622504,0.9808031522357776,0.9846534852100689,0.9826079083902145,0.9822813721146412,0.0017708875959351197
1_002_20200624_083101(4),2,0.9821854571874472,0.9835295750148769,0.9837540235277652,0.9816039607374514,0.9827682541168852,0.0010402855658426051
1_002_20200624_083105(5),0,0.9834034082717599,0.9819573401597717,0.9816507106312875,0.9798474579962307,0.9817147292647623,0.0014607415024302985
1_002_20200624_083105(5),1,0.9837897886204237,0.9801200169950278,0.984459097401638,0.9813239350544647,0.9824232095178885,0.002043320668420292
1_002_20200624_083105(5),2,0.9851357381185295,0.9821378817170019,0.9824583037269975,0.9817388583068908,0.982867695467355,0.001540402599936025
1_002_20200624_123122(6),0,0.9834291824378979,0.9824397891481901,0.9825887949558669,0.9811383229393968,0.9823990223703378,0.0009466200195722919
1_002_20200624_123122(6),1,0.9795963528184567,0.9810818905218212,0.978913636922554,0.981121579683691,0.9801783649866307,0.0011021626615367916
1_002_20200624_123122(6),2,0.981749193446206,0.9832064483242222,0.9850805024828484,0.9848043804368228,0.9837101311725249,0.0015464229864162013
1_002_20200624_123126(4),0,0.9862562986258873,0.9863545445672584,0.9859914142920866,0.9851641377628744,0.9859415988120266,0.0005405205622392639
1_002_20200624_123126(4),1,0.9814299990304408,0.9840517899975176,0.0,0.0,0.49137044725698964,0.5673867295604982
1_002_20200624_123126(4),2,0.9838978934956122,0.9810330147446167,0.9826021363592616,0.9791235249942472,0.9816641423984344,0.0020593312461868077
1_002_20200624_123129(9),0,0.9852411521100566,0.9838204587197754,0.9835444464500172,0.9842311190224122,0.9842092940755653,0.0007435102847883914
1_002_20200624_123129(9),1,0.9860560399271259,0.9843389804885327,0.9856400641917322,0.983850735848092,0.9849714551138707,0.0010455298721264877
1_002_20200624_123129(9),2,0.9871686371792697,0.9841136168383089,0.9855547256112833,0.9836394784643147,0.985119114523294,0.0015906653323771343
1_002_20200624_123133(0),0,0.9836799276970785,0.9812973746537719,0.9840841388932462,0.9819413032289128,0.9827506861182524,0.0013427336654879395
1_002_20200624_123133(0),1,0.9851619339314112,0.9793366464453065,0.9849139714191161,0.9787371160986135,0.9820374169736118,0.003474829444716362
1_002_20200624_123133(0),2,0.9825504425663677,0.9853226764580101,0.9839916922064557,0.9855588613549281,0.9843559181464404,0.0013873351675583372
1_002_20200624_123136(5),0,0.983203983370214,0.9765719742888795,0.9826942137124062,0.9787505515648335,0.9803051807340832,0.0031866511947573673
1_002_20200624_123136(5),1,0.9804947843218137,0.9765992443334005,0.9813432817511701,0.9769232729935686,0.9788401458499882,0.0024289612983711155
1_002_20200624_123136(5),2,0.983222484000828,0.9842795010531686,0.9837103266215177,0.9816659258338204,0.9832195593773336,0.001122217237598261
1_002_20200624_123143(7),0,0.9834525281991134,0.9819747744849051,0.9816103697502491,0.98222177032764,0.9823148606904769,0.000798940817153913
1_002_20200624_123143(7),1,0.9845030027523923,0.9832648554013673,0.9838444138122829,0.9827786927823784,0.9835977411871052,0.0007443115658624941
1_002_20200624_123143(7),2,0.9837947123861955,0.9836979666517934,0.9841399699951712,0.9849196350199582,0.9841380710132795,0.0005545066571466547
1_002_20200624_162522(0),0,0.9870037763111478,0.9853516473070575,0.9859358952506074,0.9847491993482226,0.9857601295542588,0.000960275735346962
1_002_20200624_162522(0),1,0.9819643236148045,0.9837394464725618,0.9820588532853239,0.9821313164685057,0.982473484960299,0.0008467393398493124
1_002_20200624_162522(0),2,0.9845762744569925,0.9845196748177509,0.9864773099194327,0.984640050741347,0.9850533274838807,0.0009505942704804157
1_002_20200624_162527(8),0,0.9820224111073621,0.9808887256082037,0.9821461804319667,0.97975024709074,0.9812018910595681,0.0011210528354810086
1_002_20200624_162527(8),1,0.9857260929149186,0.9837358893321473,0.9840327479273526,0.9834257339809801,0.9842301160388496,0.001027649667576351
1_002_20200624_162527(8),2,0.9857400006626725,0.9832986497118421,0.9863168460825983,0.9835701056855465,0.9847314005356648,0.0015201197815267896
1_002_20200624_162531(7),0,0.9835418921833895,0.978556466856861,0.9848320036598646,0.9810639962409582,0.9819985897352683,0.002776790222789275
1_002_20200624_162531(7),1,0.9828167215617746,0.9799088352694536,0.9799973261972462,0.9792451605127485,0.9804920108853057,0.0015857408699994128
1_002_20200624_162531(7),2,0.9857867492956148,0.9814714421073286,0.9854607056487623,0.9845398433139633,0.9843146850914173,0.0019676604577421935
1_002_20200624_162536(8),0,0.9829390297567966,0.9803512422113806,0.9832455542620743,0.9805846420918932,0.9817801170805361,0.0015233109295661055
1_002_20200624_162536(8),1,0.9814061798202065,0.9816799761545486,0.9842159817621536,0.9829195684827853,0.9825554265549235,0.0012880507754821173
1_002_20200624_162536(8),2,0.9830983585429907,0.9841542353906314,0.9839457639001882,0.9815408690135109,0.9831848067118303,0.0011872731007996154
1_002_20200624_162540(3),0,0.9838599744092058,0.9813548031291537,0.9840143747523327,0.9829469834213496,0.9830440339280104,0.0012206882862889313
1_002_20200624_162540(3),1,0.9847091559792803,0.982596403350342,0.9844894326534185,0.982820978880518,0.9836539927158896,0.0010990506081261558
1_002_20200624_162540(3),2,0.9847196289378474,0.9820140549365065,0.9841916566096285,0.9806890798324374,0.9829036050791049,0.0018843602738622624
1_002_20200624_162543(7),0,0.9811549272997343,0.9824636548568256,0.983160012534097,0.9837415019747169,0.9826300241663435,0.0011135319336073924
1_002_20200624_162543(7),1,0.9811089617116563,0.9826702324566273,0.9806966470934246,0.9838882570010945,0.9820910245657006,0.0014690430209525344
1_002_20200624_162543(7),2,0.9789954762673106,0.9786049670680715,0.9747126105874655,0.9745346179690094,0.9767119179729643,0.0024177219780264453
1_002_20200624_203003(9),0,0.9838312431100512,0.9824307664995406,0.9810243488511273,0.9801180801535372,0.981851109653564,0.001627252821679994
1_002_20200624_203003(9),1,0.982380578057946,0.9816456788262137,0.9815425364011242,0.9813210984800037,0.9817224729413219,0.0004591580328306881
1_002_20200624_203003(9),2,0.9831203395761736,0.983979077725731,0.9832541536872647,0.9846269635660714,0.9837451336388102,0.0006985181433921999
1_002_20200624_203012(9),0,0.9831834821151053,0.9820131786594071,0.982243601739623,0.9830640025575698,0.9826260662679263,0.0005843546173799105
1_002_20200624_203012(9),1,0.9805555097186032,0.9791863510413782,0.9800694276053629,0.9758518775038384,0.9789157914672957,0.0021197738512493654
1_002_20200624_203012(9),2,0.9846907130177717,0.9832779156626348,0.985318724155484,0.9835872840979043,0.9842186592334486,0.0009515970148120651
1_002_20200624_203017(4),0,0.0,0.0,0.0,0.0,0.0,0.0
1_002_20200624_203017(4),1,0.9854440953636951,0.9848040572391269,0.9849097830671223,0.9849906525940079,0.9850371470659881,0.00028185167998119294
1_002_20200624_203017(4),2,0.9808714429188335,0.983426740483071,0.9847883323576748,0.9849225941258314,0.9835022774713527,0.0018795595981461416
1_002_20200624_203021(9),0,0.985646924138147,0.9813251154538973,0.985521162889106,0.984376854498737,0.9842175142449718,0.0020111416751967073
1_002_20200624_203021(9),1,0.9840399912485694,0.9838094620679476,0.9839475188631467,0.982831378969024,0.983657087787172,0.0005585631102663616
1_002_20200624_203021(9),2,0.9838766572864537,0.9841108518175953,0.9799166410473924,0.9823468124630227,0.982562740653616,0.0019297230547096974
1_002_20200624_203026(4),0,0.9854794603892624,0.984995451719413,0.9864614628424547,0.9845732389424747,0.9853774034734013,0.0008120279274513176
1_002_20200624_203026(4),1,0.9849627837209632,0.9855598260090576,0.9815511831909067,0.9830568560453656,0.9837826622415733,0.001830964331583549
1_002_20200624_203026(4),2,0.9872121949808875,0.9842247427010165,0.9851651492824397,0.9831295055663154,0.9849328981326647,0.0017323244098250525
1_002_20200624_203044(4),0,0.9791711332389801,0.9830172503303027,0.9819158885598638,0.9855692078131897,0.9824183699855841,0.0026510042597004597
1_002_20200624_203044(4),1,0.9806074174073098,0.9790063045656493,0.9822438638629128,0.9788276842295249,0.9801713175163492,0.0015966879321803282
1_002_20200624_203044(4),2,0.9798495395993898,0.9828675925315572,0.9815785693799552,0.9853326579775283,0.9824070898721076,0.0023092943397071517
2_002_20200624_003115(6),0,0.9840455153081753,0.9817420085862364,0.9845819361834991,0.9826838274010118,0.9832633218697306,0.0012910949138144633
2_002_20200624_003115(6),1,0.9777623320550517,0.9761940564094629,0.9807226030281568,0.9788332934369733,0.9783780712324112,0.0019020262947868683
2_002_20200624_003115(6),2,0.9798774107972245,0.9791509313253164,0.9842420661402206,0.9831141821730516,0.9815961476089532,0.0024656610143905027
2_002_20200624_003118(6),0,0.9860816785337534,0.9840664976362362,0.9858269375641994,0.9843571610530356,0.9850830686968062,0.0010183190604778451
2_002_20200624_003118(6),1,0.9810799190610656,0.9770073055597577,0.9813536834549718,0.9800316180368847,0.9798681315281699,0.0019905063520102685
2_002_20200624_003118(6),2,0.9794101600142565,0.9767145569026827,0.982724896349312,0.9821376184819356,0.9802468079370468,0.002762418252916656
2_002_20200624_003123(0),0,0.9838668741118107,0.9793132974093378,0.9832718615553844,0.981598306375686,0.9820125848630548,0.0020397668027486906
2_002_20200624_003123(0),1,0.9783987834566008,0.9793297918402608,0.9805560867309292,0.9796195943471345,0.9794760640937313,0.0008886279637308885
2_002_20200624_003123(0),2,0.9793598483425818,0.9712484331101245,0.977990698038764,0.9755377937351347,0.9760341933066512,0.00356079604293063
2_002_20200624_003127(5),0,0.9806471166166473,0.9709013103903512,0.981009466754696,0.9756951006563983,0.9770632486045232,0.004769977602334243
2_002_20200624_003127(5),1,0.9730212971983476,0.9738904703289017,0.9750578973217561,0.9776143488796055,0.9748960034321528,0.0019950966466130153
2_002_20200624_003127(5),2,0.9750055280748087,0.972789398388488,0.9786157276487983,0.9786535267297003,0.9762660452104488,0.0028808015169247752
2_002_20200624_003132(0),0,0.9809040727893896,0.9778005869220295,0.9811109738029514,0.9780151383693613,0.979457692970933,0.0017937220450399015
2_002_20200624_003132(0),1,0.9760784529574973,0.9731575088153408,0.9787110203748018,0.9714891120044666,0.9748590235380267,0.003192509140427223
2_002_20200624_003132(0),2,0.9814318089026108,0.978041078194765,0.9822235985383588,0.9793676358800202,0.9802660303789387,0.0019103784583669001
2_002_20200624_003136(5),0,0.9788176909916795,0.9645999237518235,0.9783451055580153,0.9751357177978461,0.974224609524841,0.006621670973273671
2_002_20200624_003136(5),1,0.9768382351029006,0.9696468315714513,0.9777845794353263,0.9797398721955956,0.9760023795763184,0.004405932830479354
2_002_20200624_003136(5),2,0.9751767749522193,0.9744829550183804,0.9803348522550334,0.9794851455542477,0.9773699319449702,0.002967010528428206
2_002_20200624_043136(9),0,0.983892165619558,0.9811202959067701,0.9846939835374212,0.982136557287578,0.9829607505878318,0.0016266733382472255
2_002_20200624_043136(9),1,0.9761808972697048,0.9771873112147533,0.9793713691178121,0.9784371858115621,0.9777941908534581,0.0013990416811698692
2_002_20200624_043136(9),2,0.9804562018909901,0.9773205120628025,0.9815322356102126,0.9792679704487225,0.9796442300031819,0.0018041710781347415
2_002_20200624_043141(4),0,0.967007013748565,0.969521327083174,0.9758035714852606,0.9777455318958149,0.9725193610532037,0.005081767419923934
2_002_20200624_043141(4),1,0.9786127192124806,0.9767048406573762,0.9794913716862361,0.9814746337820628,0.979070891334539,0.0019801430066643468
2_002_20200624_043141(4),2,0.9756752135692496,0.97543592905134,0.9788879885911446,0.9793119346335215,0.977327766461314,0.002055982836898356
2_002_20200624_043145(8),0,0.9835960002753296,0.980543039728806,0.9843056176647146,0.9832215789843298,0.9829165591632949,0.0016449676128736845
2_002_20200624_043145(8),1,0.9785881808443949,0.9804297059081799,0.9815176659786401,0.9825615324182212,0.980774271287359,0.0016975133521579405
2_002_20200624_043145(8),2,0.9716723454093665,0.9740996798082743,0.9775824655099978,0.9807959530666123,0.9760376109485628,0.0039933075539200415
2_002_20200624_043150(3),0,0.9768044549745756,0.9777735590690751,0.9774821142672595,0.9780789479640382,0.977534769068737,0.0005444515707272591
2_002_20200624_043150(3),1,0.9839041550616211,0.9809276717875723,0.9827005109318034,0.9802326945385296,0.9819412580798816,0.0016709254921418153
2_002_20200624_043150(3),2,0.9834361792304325,0.9848505122988073,0.9845802296544626,0.9830610317044866,0.9839819882220471,0.000867620355903671
2_002_20200624_043154(8),0,0.9814067046710094,0.9745229174105351,0.9829164283590135,0.9771942814677065,0.9790100829770662,0.0038485980014283877
2_002_20200624_043154(8),1,0.9801232151486371,0.9786408794539602,0.9794530477029728,0.9777200772886537,0.9789843048985559,0.00103811509639143
2_002_20200624_043154(8),2,0.9740395601597467,0.9711977929777401,0.9773917145736093,0.9768575612343137,0.9748716572363524,0.002856814531827679
2_002_20200624_043159(4),0,0.9845689187452554,0.9833031755243454,0.9848262366961139,0.9843564865720291,0.984263704384436,0.0006685363697744402
2_002_20200624_043159(4),1,0.9789640130321786,0.9814097011962373,0.9796681056172944,0.981344164275918,0.9803464960304071,0.00122436649547738
2_002_20200624_043159(4),2,0.980381871885705,0.9751879948411623,0.9791228528484468,0.9800442092000389,0.9786842321938383,0.002390786598987317
2_002_20200624_083032(4),0,0.9752480933559607,0.975250079750601,0.9723276750167781,0.9699676854566254,0.9731983833949912,0.002556450084822824
2_002_20200624_083032(4),1,0.9832895484177577,0.9827885420702135,0.9811261750902024,0.9812643019992259,0.98211714189435,0.0010854594028822362
2_002_20200624_083032(4),2,0.9833050420730451,0.9826207715066161,0.9808053956218888,0.9764850929203035,0.9808040755304634,0.0030664219347847767
2_002_20200624_083036(9),0,0.982040378655608,0.981530432759153,0.9805992749869812,0.9810228970996436,0.9812982458753465,0.000624245962105135
2_002_20200624_083036(9),1,0.9811214769838487,0.9724741882330842,0.9789758805872031,0.9704899995024711,0.9757653863266518,0.005087785096384843
2_002_20200624_083036(9),2,0.9804994543085691,0.9813106922283634,0.9801613331934479,0.9813516305936394,0.980830777581005,0.0005942886022825443
2_002_20200624_083041(3),0,0.9826375302496221,0.9824637198103187,0.9841198501640793,0.9826292087622893,0.9829625772465773,0.0007756565915060311
2_002_20200624_083041(3),1,0.9768651134332026,0.9695909728646923,0.9799504256684503,0.9769988285319815,0.9758513351245817,0.004409805985563544
2_002_20200624_083041(3),2,0.9811666773754459,0.9811144325271406,0.9822562542407922,0.9813897940535937,0.9814817895492431,0.0005299388623351554
2_002_20200624_083045(8),0,0.9830445308523804,0.9830782021255801,0.9814988961914881,0.9793007738609016,0.9817306007575877,0.0017795306024180715
2_002_20200624_083045(8),1,0.9863341053719273,0.9858692850995451,0.9839611877360459,0.9811387163671953,0.9843258236436785,0.0023598079655423342
2_002_20200624_083045(8),2,0.9828187062692237,0.9842127087377621,0.9830044680774436,0.9812950707957842,0.9828327384700534,0.00119700010818256
2_002_20200624_083050(4),0,0.9829881906746566,0.9807317328888838,0.9846591864859215,0.9841279365615802,0.9831267616527606,0.0017422248001820368
2_002_20200624_083050(4),1,0.9811557392926444,0.9762629001697803,0.9804656509221574,0.9777913265613992,0.9789189042364954,0.002289224424254201
2_002_20200624_083050(4),2,0.9817346211117935,0.9826606575393296,0.9834705091200776,0.9829080261276196,0.9826934534747052,0.0007234850776917156
2_002_20200624_083054(9),0,0.9854585890928368,0.9837413326143604,0.9824445430052273,0.9830255908663776,0.9836675138947005,0.0013065377325258256
2_002_20200624_083054(9),1,0.9871404926659348,0.9844339198577755,0.9843153726582121,0.9846121794220758,0.9851254911509995,0.0013488616017726424
2_002_20200624_083054(9),2,0.9774414044254826,0.9751811648911921,0.9794045175423434,0.9774752194698917,0.9773755765822274,0.0017268763803853448
2_002_20200624_123144(0),0,0.9845957616722466,0.9845312709509632,0.9829126501070383,0.9838434481130276,0.9839707827108188,0.0007832846388862306
2_002_20200624_123144(0),1,0.9823350465028085,0.9807228810529071,0.9820182622961797,0.9810854216383994,0.9815404028725737,0.0007605169243971646
2_002_20200624_123144(0),2,0.9803696294552094,0.979913365038064,0.9807525088264777,0.9767475773895686,0.9794457701773299,0.001831208265618868
2_002_20200624_123148(2),0,0.9790721937008913,0.9790834631768557,0.9776917679415534,0.9760689251272547,0.9779790874866388,0.0014312930774856617
2_002_20200624_123148(2),1,0.983524983549351,0.9817887741513117,0.9838781420075019,0.9800550224723498,0.9823117305451287,0.001759909319376836
2_002_20200624_123148(2),2,0.9837225182481486,0.9830648897811936,0.9843181354328515,0.9813861428938722,0.9831229215890165,0.0012659410482277244
2_002_20200624_123152(7),0,0.9808536907445701,0.9803145713957927,0.9820479831258605,0.9846782023371544,0.9819736119008444,0.0019431057014449003
2_002_20200624_123152(7),1,0.9821156368455833,0.9829278631453134,0.9828094135620717,0.9844137604836527,0.9830666685091554,0.0009668790082359475
2_002_20200624_123152(7),2,0.9821547641228979,0.9789595591148882,0.9828322747685829,0.9781750518969946,0.9805304124758409,0.002305962707565181
2_002_20200624_123157(4),0,0.9721251652628339,0.9779779339864723,0.9774257216956684,0.9755441658263465,0.9757682466928302,0.0026427382176462916
2_002_20200624_123157(4),1,0.9813813896864877,0.984464199634893,0.9825023774380852,0.9818911793996703,0.982559786539784,0.001349782660708752
2_002_20200624_123157(4),2,0.9815389909679798,0.9842412752315541,0.9843876714558326,0.9825902166606617,0.983189538579007,0.0013693266660319016
2_002_20200624_123201(7),0,0.9792723030829321,0.9827322457816304,0.9805241488353523,0.9808183152271763,0.9808367532317728,0.0014304378983896657
2_002_20200624_123201(7),1,0.9851534922636168,0.9855627977184929,0.9834317645501524,0.9816520858195784,0.9839500350879602,0.001788713473095311
2_002_20200624_123201(7),2,0.9778147754346657,0.9802122310344596,0.9801284557584251,0.9749667235770108,0.9782805464511404,0.002472821520603236
2_002_20200624_123206(2),0,0.9826492013785076,0.9826023220540915,0.9845431509358502,0.982268875783891,0.9830158875380851,0.001032158772707914
2_002_20200624_123206(2),1,0.9734800022342295,0.9785294841422523,0.9772394364816382,0.9780363470408957,0.976821317474754,0.0022900757812082655
2_002_20200624_123206(2),2,0.9736593073717364,0.9769496711446642,0.9744726171169462,0.971413359849483,0.9741237388707074,0.0022854219379667825
2_002_20200624_162708(9),0,0.9822271561975421,0.983885617736007,0.9824621689990878,0.9825081485799614,0.9827707728781495,0.0007533494162066559
2_002_20200624_162708(9),1,0.9789311989193363,0.9779272545915294,0.9813463534867888,0.9794938163148867,0.9794246558281352,0.0014356665407204029
2_002_20200624_162708(9),2,0.9765806792314511,0.9754050729740298,0.9792689689370144,0.976871372409423,0.9770315233879795,0.001620741838720963
2_002_20200624_162713(4),0,0.9744316407616145,0.9748916195491619,0.9735723107787468,0.9739253212143124,0.9742052230759589,0.0005777335357292311
2_002_20200624_162713(4),1,0.9820876443664016,0.9845650209425727,0.981613367913781,0.9824840013102916,0.9826875086332618,0.001301292066373392
2_002_20200624_162713(4),2,0.9831774276527528,0.9825357373782106,0.9784497240453082,0.9792791167081673,0.9808605014461097,0.002344297182586189
2_002_20200624_162717(9),0,0.9773345663147138,0.9761911224769602,0.9755042962909716,0.9753539248046814,0.9760959774718317,0.0009025673888639126
2_002_20200624_162717(9),1,0.9817563929872491,0.9838031441174065,0.9826607058662196,0.9819467245996281,0.9825417418926259,0.000926661837248392
2_002_20200624_162717(9),2,0.9839180712146756,0.9819340148788893,0.9772410167277684,0.9756124391694619,0.9796763854976989,0.0038959581170216816
2_002_20200624_162722(4),0,0.9777913651120306,0.9792342668446263,0.9808452772177442,0.976987825683659,0.9787146837145151,0.0016974442755236594
2_002_20200624_162722(4),1,0.97825974637746,0.9791704162572363,0.9835938002304936,0.9804898330764765,0.9803784489854166,0.002330889233624221
2_002_20200624_162722(4),2,0.98120535126864,0.9776215996436127,0.9831452691920209,0.9822031362734625,0.981043839094434,0.002415076772107657
2_002_20200624_203111(4),0,0.9807618626947852,0.9806313329160746,0.9811533630740469,0.9804331137406681,0.9807449181063936,0.00030399450029143835
2_002_20200624_203111(4),1,0.9698886242459382,0.9730099156924249,0.9721574955714192,0.9734333743508602,0.9721223524651607,0.0015808566941633154
2_002_20200624_203111(4),2,0.9788062419581706,0.9792778896441812,0.9795208838216851,0.9780650377665294,0.9789175132976415,0.0006410987814064287
2_002_20200624_203114(3),0,0.9790500752419016,0.9762580275350667,0.9795224634658072,0.9804122296215326,0.9788106989660771,0.0017930366774054835
2_002_20200624_203114(3),1,0.9839823691270404,0.980761966801,0.9848225086435164,0.9837281495193617,0.9833237485227297,0.0017707181928950314
2_002_20200624_203114(3),2,0.9816081439964388,0.9765531721550469,0.9814110977633654,0.9799699869493572,0.9798856002160521,0.002338553523351618
2_002_20200624_203117(3),0,0.9831719789033342,0.9763077720040005,0.9780808950608384,0.9796856652632022,0.9793115778078438,0.0029200495071887134
2_002_20200624_203117(3),1,0.9855947721240318,0.9793796370716784,0.9833779500072704,0.9813428829080395,0.982423810527755,0.002670878515967932
2_002_20200624_203117(3),2,0.9830416765315325,0.9771976136500083,0.9794399123889851,0.9793650707038276,0.9797610683185884,0.0024216829772368957
2_002_20200624_203120(3),0,0.9834384486478314,0.9832800903681063,0.9830125351823876,0.9850797771462321,0.9837027128361393,0.0009347186064226023
2_002_20200624_203120(3),1,0.9828205707863822,0.9823794293799107,0.9838238725297418,0.9840265136476645,0.9832625965859249,0.0007903524706451325
2_002_20200624_203120(3),2,0.9832658451848999,0.9806996125271815,0.9842590226151918,0.9834502133678936,0.9829186734237917,0.0015409769803210553
2_002_20200624_203123(3),0,0.9829114702789215,0.9803908895445484,0.9797038181406604,0.9825319888632985,0.9813845417068572,0.0015769508729022454
2_002_20200624_203123(3),1,0.9862224090013831,0.9838115497608256,0.9862749388908335,0.9860161272044665,0.9855812562143771,0.0011850803435019925
2_002_20200624_203123(3),2,0.9814573788479416,0.9789735389400119,0.9787735918819656,0.9791794691206904,0.9795959946976524,0.0012519374415521942
2_002_20200624_203126(3),0,0.9847623617801023,0.9801757356676358,0.9816184144520655,0.9828413109002238,0.9823494557000069,0.0019428087377698713
2_002_20200624_203126(3),1,0.9857297800354676,0.9814806529847049,0.980317252866036,0.9823460537999325,0.9824684349215351,0.0023277060583133287
2_002_20200624_203126(3),2,0.9839289781775986,0.9790457455095499,0.9813302015984542,0.9828577112896483,0.9817906591438127,0.0021179849372160854
3_001_20200624_003240(4),0,0.9822248691890398,0.9818586538559099,0.9824138747467565,0.9818487790660778,0.982086544214446,0.0002797292484238427
3_001_20200624_003240(4),1,0.9804432380871209,0.9812968560909646,0.976804096578224,0.9815133162460421,0.980014376750588,0.00218947434335058
3_001_20200624_003240(4),2,0.9721126787016566,0.9719276568627153,0.9709479104294313,0.9736279152233956,0.9721540403042997,0.0011075523760356967
3_001_20200624_003244(2),0,0.9803967735957669,0.9817024306056399,0.9832448230892522,0.9821053512960268,0.9818623446466714,0.0011752687467979188
3_001_20200624_003244(2),1,0.9800476478196887,0.9761310541386589,0.9748634087405752,0.9747638124150192,0.9764514807784854,0.0024769125891173594
3_001_20200624_003244(2),2,0.9779781734227992,0.9796021469101318,0.9768020158063297,0.9810827819164003,0.9788662795139152,0.0018712118006404782
3_001_20200624_003247(7),0,0.9776541193263389,0.979658196910557,0.976875832397905,0.9778250201086973,0.9780032921858746,0.0011780743950195484
3_001_20200624_003247(7),1,0.9828007900221927,0.9801107846709206,0.9824031742063697,0.9805971189698234,0.9814779669673265,0.0013229953257632642
3_001_20200624_003247(7),2,0.9802342693786363,0.9784898572792194,0.9788533399676494,0.9773465796997943,0.9787310115813249,0.0011901757953205415
3_001_20200624_003251(1),0,0.9786676933565763,0.9759372407178184,0.9716107890249197,0.9715360224612354,0.9744379363901375,0.0034905884956338675
3_001_20200624_003251(1),1,0.9753841527792305,0.9763465190285371,0.9748636626184413,0.9811983719989371,0.9769481766062865,0.0028992827741640454
3_001_20200624_003251(1),2,0.9827538234617016,0.9812674000883441,0.9822545348597608,0.9815479336180801,0.9819559230069717,0.0006748662398845793
3_001_20200624_003254(3),0,0.9798181553767175,0.981330626106449,0.9788015493315951,0.9810105582793767,0.9802402222735347,0.0011590683586382147
3_001_20200624_003254(3),1,0.9825603597670354,0.9782295636277466,0.9759361968334673,0.9759305060394521,0.9781641565669253,0.0031243068518235543
3_001_20200624_003254(3),2,0.9755259890953224,0.9716849502805871,0.9801309779989794,0.9801876314867342,0.9768823872154058,0.004095979668075015
3_001_20200624_003303(5),0,0.9777309048993176,0.9794948976997209,0.0,0.9785285629810925,0.7339385913950327,0.48929292583930667
3_001_20200624_003303(5),1,0.9803356191029818,0.979993202943691,0.978031844574825,0.9813386310296532,0.9799248244127878,0.0013851172895951755
3_001_20200624_003303(5),2,0.9737873089645854,0.9740435714578183,0.0,0.9816431961054345,0.7323685191319595,0.48825928064117935
3_001_20200624_043315(2),0,0.9803266359254229,0.9804863272198416,0.9793724917307293,0.9795649623627973,0.9799376043096978,0.0005509557385878488
3_001_20200624_043315(2),1,0.9822852366330308,0.9821131749555508,0.9802655084599636,0.9811357227463982,0.9814499106987358,0.0009379430728064598
3_001_20200624_043315(2),2,0.975131615543267,0.9708954235248697,0.9752850518321285,0.9619629242141822,0.9708187537786119,0.006244469297655575
3_001_20200624_043324(2),0,0.9799400183019382,0.9787517735087128,0.9801367320993261,0.9789590312658691,0.9794468887939616,0.0006928806354864814
3_001_20200624_043324(2),1,0.9833461865214473,0.9816007682343612,0.9779180814698264,0.9796414787079679,0.9806266287334007,0.002355963439266598
3_001_20200624_043324(2),2,0.975646175740976,0.9696448848038105,0.9811426161147803,0.9757824043800514,0.9755540202599046,0.004697905114929013
3_001_20200624_043328(7),0,0.9834919078639761,0.9824323111500751,0.9823494879932259,0.9825461460303225,0.9827049632593999,0.0005307876413105909
3_001_20200624_043328(7),1,0.9840049010432551,0.9824554531079235,0.9830144165893593,0.9795418386298395,0.9822541523425944,0.0019183578404714384
3_001_20200624_043328(7),2,0.9805269321161816,0.9728005594641421,0.9803797599996089,0.9737801538715904,0.9768718513628809,0.004155279750677353
3_001_20200624_043333(2),0,0.9780849511009299,0.9805928587989289,0.9787765277103565,0.980092595256705,0.9793867332167301,0.0011575790220020822
3_001_20200624_043333(2),1,0.9810394114194895,0.0,0.9781287971428059,0.9841956195201342,0.7358409570206075,0.49056689381603463
3_001_20200624_043333(2),2,0.9834091166032917,0.9833821871356171,0.9842340126486234,0.9839134257880303,0.9837346855438907,0.00041292690850966944
3_001_20200624_043337(8),0,0.9703879425028156,0.9743749344927147,0.9682843630970668,0.9760694958585721,0.9722791839877922,0.0035727684205263273
3_001_20200624_043337(8),1,0.9725629657646202,0.9750788279586973,0.9741252659456247,0.9795697207591585,0.9753341951070251,0.003008106365352093
3_001_20200624_043337(8),2,0.9813616388807689,0.9817644003002672,0.9827134461086733,0.9824570368257376,0.9820741305288617,0.0006215354122076041
3_001_20200624_043349(7),0,0.9761845125172506,0.97411816002602,0.9680046644537114,0.9782690227690319,0.9741440899415035,0.004429883850994622
3_001_20200624_043349(7),1,0.9823572437719786,0.9829869509495643,0.980198529955642,0.983186248683337,0.9821822433401305,0.0013688590149967552
3_001_20200624_043349(7),2,0.9729934232505537,0.9731488755536962,0.9705518350492301,0.978313107206805,0.9737518102650713,0.003265167290386842
3_001_20200624_083150(7),0,0.9806695777384419,0.9818146328403731,0.981200564953057,0.9780284122994017,0.9804282969578184,0.001666932094650764
3_001_20200624_083150(7),1,0.9805691885686816,0.9785505406974027,0.9791173277606893,0.9797027808947261,0.979484959480375,0.0008624172284477734
3_001_20200624_083150(7),2,0.9838892437793064,0.980821838453255,0.9807455303339652,0.980967559325946,0.9816060429731182,0.001524918142087286
3_001_20200624_083153(8),0,0.979863577355062,0.9802903202890848,0.9790629590005953,0.9771831518999792,0.9791000021361802,0.0013754504040425623
3_001_20200624_083153(8),1,0.9816781501322771,0.9806452781331042,0.9811826404842394,0.9810992586986872,0.981151331862077,0.0004232098418007449
3_001_20200624_083153(8),2,0.9803074959821442,0.9787340455899926,0.9799779361687524,0.9773314839397613,0.9790877404201626,0.0013527489246755807
3_001_20200624_083156(9),0,0.9790966544196499,0.9808428382664471,0.9820393463845534,0.9807203526587269,0.9806747979323444,0.0012086965723548148
3_001_20200624_083156(9),1,0.9679933136767797,0.9777296397871814,0.9739947314478393,0.9792379077032829,0.9747388981537708,0.005008070701938936
3_001_20200624_083156(9),2,0.9783284719103288,0.976144193346296,0.9809992712794416,0.9784140183417431,0.9784714887194524,0.001985761405314258
3_001_20200624_083159(6),0,0.980467071938535,0.973778318430678,0.9785943337942551,0.9726793632498003,0.9763797718533171,0.003744813761279955
3_001_20200624_083159(6),1,0.9748450291470053,0.9714295806395838,0.976514338131645,0.9708423404382567,0.9734078220891227,0.0027209766251158145
3_001_20200624_083159(6),2,0.9849595018337802,0.9839351244376632,0.9840236696453311,0.9847324699882021,0.9844126914762441,0.0005101202881297483
3_001_20200624_083202(6),0,0.0,0.0,0.0,0.0,0.0,0.0
3_001_20200624_083202(6),1,0.9765181161985653,0.9729514419733959,0.9789492967263551,0.9796171425911797,0.9770089993723741,0.0030150678935417464
3_001_20200624_083202(6),2,0.9721444707858927,0.9788713383166827,0.9744698448172942,0.9760782186173738,0.9753909681343108,0.0028268653447031606
3_001_20200624_083205(7),0,0.0,0.0,0.0,0.0,0.0,0.0
3_001_20200624_083205(7),1,0.9789135256190008,0.9761807550886021,0.9835203290173395,0.9789739091736672,0.9793971297246524,0.0030418649308399893
3_001_20200624_083205(7),2,0.9734383732098337,0.9688093107286956,0.9736300111215815,0.9698124590721355,0.9714225385330616,0.002473717856530363
3_001_20200624_123313(4),0,0.978896806631276,0.9709845267930869,0.9735203261696692,0.9678181903026789,0.9728049624741777,0.0046834529003938665
3_001_20200624_123313(4),1,0.9812976891868372,0.9781026289384263,0.9792610533466397,0.9815664069456562,0.9800569446043899,0.0016603931557483344
3_001_20200624_123313(4),2,0.9738285171378731,0.9751756852340413,0.9751709696887096,0.9767242301842922,0.9752248505612291,0.0011836675576443062
3_001_20200624_123317(8),0,0.9712998824266319,0.9786164961089716,0.9531620241487552,0.9667920659844034,0.9674676171671905,0.010709654829278773
3_001_20200624_123317(8),1,0.9724597013223831,0.9742564186920847,0.9785698174186392,0.9788457451300526,0.9760329206407898,0.0031765643044043288
3_001_20200624_123317(8),2,0.9801117178192176,0.9788146383612825,0.9788645472854152,0.9779703380641948,0.9789403103825275,0.0008821517603512599
3_001_20200624_123322(3),0,0.9767184904684637,0.9808759611711921,0.9825534035843846,0.9801289264759064,0.9800691954249867,0.0024530900685041566
3_001_20200624_123322(3),1,0.0,0.9763420230606563,0.971603306483006,0.9769746507311617,0.731229995068706,0.4874925560393859
3_001_20200624_123322(3),2,0.0,0.0,0.0,0.0,0.0,0.0
3_001_20200624_123326(6),0,0.9601740020707925,0.9677067234882206,0.9662160185248873,0.970214312253782,0.9660777640844206,0.004267632431084871
3_001_20200624_123326(6),1,0.9836389449568612,0.9837404011103705,0.9802771796425852,0.9803634929556324,0.9820050046663623,0.0019460474214884717
3_001_20200624_123326(6),2,0.9585310218191019,0.9674491101533579,0.962960302565443,0.970075093869473,0.9647538821018439,0.005083321308539214
3_001_20200624_123331(2),0,0.9843032740372949,0.9845630977758427,0.9856198740920495,0.9841076545820096,0.9846484751217992,0.0006739327106883676
3_001_20200624_123331(2),1,0.9815735066028849,0.9768259710617012,0.9804378646656584,0.9782226590056018,0.9792650003339616,0.002140105228719269
3_001_20200624_123331(2),2,0.9823589642319035,0.9829180781702387,0.9823156311137347,0.9844194559559952,0.983003032367968,0.000983330606433552
3_001_20200624_123335(6),0,0.0,0.9805411503617908,0.00025877064937389723,0.0022880042041663585,0.24577198130383274,0.489847181034475
3_001_20200624_123335(6),1,0.9774289115654269,0.9778436036774184,0.975489117195484,0.9790377028345633,0.9774498338182231,0.0014743620236575905
3_001_20200624_123335(6),2,0.984084184401484,0.9820230722094755,0.9830507536841238,0.9809903104499336,0.9825370801862543,0.001330926085173407
3_001_20200624_162816(3),0,0.0,0.0,0.0,0.0,0.0,0.0
3_001_20200624_162816(3),1,0.9770603007043207,0.9758691940365355,0.9792939105411621,0.9785618378624488,0.9776963107861167,0.0015323540210986303
3_001_20200624_162816(3),2,0.9748924862161822,0.978219020843245,0.9782608657702502,0.0,0.7328430932074194,0.4885646108314205
3_001_20200624_162821(2),0,0.976429583644598,0.9762874140005385,0.9766901456799353,0.974986384482062,0.9760983819517834,0.0007598575216014404
3_001_20200624_162821(2),1,0.9755610276704388,0.9786636237342246,0.9791907237313161,0.9780285365948631,0.9778609779327108,0.0016052322039488282
3_001_20200624_162821(2),2,0.9826003923741318,0.9794793362813462,0.9764416522390995,0.974530632759914,0.9782630034136228,0.0035374340718216045
3_001_20200624_162831(2),0,0.9727302970437987,0.9628076448661294,0.9690964902431936,0.9584586320091243,0.9657732660405615,0.0063703186588286685
3_001_20200624_162831(2),1,0.0019282198096599937,0.976078065785926,0.9805850176179599,0.9785018554344964,0.7342732896620106,0.4882335202070529
3_001_20200624_162831(2),2,0.9814898774559776,0.9819214232322233,0.982818434181811,0.9798785938938795,0.9815270821909728,0.00123044608157853
3_001_20200624_162835(8),0,0.9841176993665945,0.9794814455774227,0.9835490418780795,0.9835355091853228,0.982670924001855,0.0021435585770670884
3_001_20200624_162835(8),1,0.9658160942008212,0.9729430822071318,0.9720282060764294,0.9714801937209774,0.9705668940513399,0.003224175268842434
3_001_20200624_162835(8),2,0.9650979367635881,0.9680978516176804,0.9785471779334463,0.9753749061300051,0.97177946811118,0.006243028964097304
3_001_20200624_203149(7),0,0.983940505841446,0.983898879862261,0.9828862895787605,0.9793703924994627,0.9825240169454825,0.002158184224425441
3_001_20200624_203149(7),1,0.9837737195900276,0.9810557866925854,0.9820455393769152,0.9815319828816805,0.9821017571353021,0.0011856525282865162
3_001_20200624_203149(7),2,0.978799519347458,0.9811386821563165,0.9793779855000194,0.9792216715509328,0.9796344646386816,0.0010321472216627261
3_001_20200624_203154(3),0,0.966557415733452,0.9701056278523779,0.9733800855030519,0.9746494499263688,0.9711731447538127,0.0036239863800168015
3_001_20200624_203154(3),1,0.9798327387453795,0.9785953372766978,0.9798301351359522,0.9803675254176136,0.9796564341439107,0.0007511841115378593
3_001_20200624_203154(3),2,0.9797719119888956,0.9795326745324258,0.9820970637969246,0.9796068537244926,0.9802521260106847,0.001234016166117134
3_001_20200624_203203(1),0,0.9831441164926814,0.9785595374658445,0.9757785066281882,0.9759481687490368,0.9783575823339378,0.003435530063285534
3_001_20200624_203203(1),1,0.9807288752569894,0.9751041665304484,0.9800672735488928,0.9775826013793549,0.9783707291789214,0.0025645462684873626
3_001_20200624_203203(1),2,0.9725292005208542,0.9777430800792399,0.9718909233087584,0.9775461178731615,0.9749273304455035,0.0031494596905247856
3_001_20200624_203207(8),0,0.9734753731434963,0.9741649645339832,0.9811964860819992,0.9765279812312131,0.976341201247673,0.0034908286762787167
3_001_20200624_203207(8),1,0.9823390697492662,0.9801729249440744,0.979739665018457,0.9807500005985795,0.9807504150775943,0.0011370919596316407
3_001_20200624_203207(8),2,0.9836578499814594,0.9820004526801113,0.9825842465640278,0.9816860563728066,0.9824821513996014,0.0008676580597655037
3_001_20200624_203212(2),0,0.9707188117336977,0.9597952343873292,0.9722672511379766,0.9704466971549899,0.9683069986034982,0.005730877846507073
3_001_20200624_203212(2),1,0.9811782257665876,0.9798626088443627,0.9822082472567402,0.9802155954689821,0.980866169334168,0.0010533964714248972
3_001_20200624_203212(2),2,0.9838720647621491,0.9827606829011388,0.9845288912214932,0.980343797465061,0.9828763590874605,0.001839342418361403
3_001_20200624_203225(8),0,0.9787237957536088,0.9798095310517658,0.9775135299488545,0.9788884806163257,0.9787338343426387,0.000943448014245413
3_001_20200624_203225(8),1,0.9784525703225696,0.979689329272964,0.9788949225829432,0.9823913209192482,0.9798570357744313,0.001765305607591545
3_001_20200624_203225(8),2,0.9846936661040557,0.9833843288641366,0.9797429526472162,0.9828640622666026,0.9826712524705028,0.0020984716915627612
1_002_20200622_203053(2),0,0.9795728472644404,0.9795020664989799,0.9836482834452507,0.9788624659914031,0.9803964158000185,0.0021913292010802923
1_002_20200622_203053(2),1,0.9800406543189035,0.9804176608698336,0.9819504790887855,0.9825604729909652,0.981242316817122,0.0012059684479940101
1_002_20200622_203053(2),2,0.9795390443517227,0.9783251970541521,0.9812544776020704,0.9777601613989343,0.9792197201017199,0.0015462523674333439
1_002_20200622_203057(3),0,0.9833372443927548,0.9805084152607986,0.9818553432754923,0.9813172592699587,0.981754565549751,0.0011915194494285446
1_002_20200622_203057(3),1,0.9803393208224929,0.9798466863276621,0.98309674475328,0.9821052854022367,0.9813470093264179,0.0015169005562564865
1_002_20200622_203057(3),2,0.9782696297109742,0.9825966133151027,0.9787139158752849,0.9814904343634357,0.9802676483161994,0.002107561507857592
1_002_20200622_203101(3),0,0.9819673798231322,0.9810749040271198,0.981094067442345,0.9808516675911281,0.9812470047209313,0.0004926933441346659
1_002_20200622_203101(3),1,0.9807025689369012,0.9817347631987542,0.9812135311948391,0.9800421511670979,0.9809232536243981,0.0007229228010257515
1_002_20200622_203101(3),2,0.982592623677961,0.9815193685812094,0.980425893544786,0.9800061507369962,0.9811360091352381,0.001161828234976821
1_002_20200622_203105(4),0,0.9817051669940263,0.9804347823677827,0.980825767987298,0.9826129527613096,0.9813946675276042,0.0009705076053830542
1_002_20200622_203105(4),1,0.9796787059264714,0.9782934233285356,0.981650081709632,0.9799340528581274,0.9798890659556916,0.0013776219900620574
1_002_20200622_203105(4),2,0.9828677283007261,0.9811759199120559,0.9824074387014017,0.9809163320588401,0.9818418547432559,0.0009438155201807267
1_002_20200622_203109(3),0,0.9805285424364794,0.9823346955599919,0.9815183908627779,0.9803265565710482,0.9811770463575743,0.0009310492217119915
1_002_20200622_203109(3),1,0.9822200485720154,0.9828358096554469,0.9796146363301729,0.9810279993519699,0.9814246234774013,0.001420975214451346
1_002_20200622_203109(3),2,0.9786664865627276,0.981493708061464,0.9771490005239055,0.9799956216371077,0.9793262041963012,0.001854870696543985
1_002_20200622_203121(4),0,0.9813901498235842,0.9800714835922615,0.9801994689694571,0.979661132856571,0.9803305588104685,0.0007427805279112986
1_002_20200622_203121(4),1,0.9791984202331478,0.9807864984910408,0.9787184546888649,0.9816224274635714,0.9800814502191563,0.0013551387020371859
1_002_20200622_203121(4),2,0.9828930080539227,0.9807763295574287,0.9794071611676437,0.9776527154198452,0.98018230354971,0.002213628064681235
1_002_20200905_123103(4),0,0.9822204257286253,0.9820255511881236,0.9812617568649685,0.9814927631190701,0.9817501242251968,0.00044787681845098775
1_002_20200905_123107(5),0,0.978420821446694,0.978913924454733,0.9774008643275993,0.978355357323172,0.9782727418880496,0.0006324656591584638
1_002_20200905_123111(6),0,0.9805387009846994,0.9823203189737584,0.9774071220674722,0.9795857755017101,0.97996297938191,0.0020463947724569643
1_002_20200905_163920(4),0,0.9824836200190286,0.9811466520847278,0.979936825563867,0.9807402258049244,0.9810768308681369,0.0010640873679193534
1_002_20200905_163924(2),0,0.9824983725102455,0.9821397489615049,0.9813394373274917,0.9821326329466747,0.9820275479364792,0.0004894908643505525
1_002_20200905_163928(3),0,0.9802006914106829,0.9789989628538394,0.980072925361195,0.9785249156485524,0.9794493738185673,0.0008186956283809395
1_002_20200905_163932(3),0,0.9809126402091148,0.9807198052428733,0.9797462578979715,0.9814511176041484,0.980707455238527,0.0007116149324587853
1_002_20200905_163936(3),0,0.9809815186562791,0.982136137733248,0.9805497214246146,0.9821728920346016,0.9814600674621858,0.000821163554600046
1_002_20200905_163940(2),0,0.9836713971609917,0.9826491207958313,0.9807168246706744,0.9812360617938498,0.9820683511053367,0.0013449137880120216
1_002_20200905_203836(3),0,0.9835331015218385,0.9813363732626638,0.9811449591051961,0.9796989201960198,0.9814283385214295,0.0015821584975931058
1_002_20200905_203840(3),0,0.9811495846137422,0.9796841489801152,0.9823975576266076,0.9801774556522106,0.9808521867181689,0.0011966886147235542
1_002_20200905_203844(2),0,0.9798867487116406,0.97939393143727,0.9816748076717895,0.979180121550588,0.980033902342822,0.0011332444412606563
1_002_20200905_203848(4),0,0.9808063829982668,0.9807778989302453,0.9839830776309856,0.9820989835104875,0.9819165857674963,0.0015091736658018368
1_002_20200905_203856(3),0,0.9794319262484067,0.9766313462859999,0.9773842130362984,0.9776625220294831,0.977777501900047,0.0011858455656957216
1_002_20200905_203900(3),0,0.9843268044491109,0.9817050331102718,0.9800923729261533,0.9786468527267654,0.9811927658030754,0.0024342797637476143
2_002_20200622_203136(3),0,0.9773558604060499,0.9788604681790027,0.9793629344002726,0.9784601370537904,0.9785098500097789,0.0008533950748630342
2_002_20200622_203136(3),1,0.9760728690787659,0.9804038784864251,0.9778273497038285,0.9811597048753928,0.978865950536103,0.0023456716923953478
2_002_20200622_203136(3),2,0.9819798658558703,0.9825524247079778,0.9820070438678263,0.9820514089289559,0.9821476858401575,0.00027143231584952785
2_002_20200622_203140(8),0,0.9857412242714019,0.9843415228994186,0.9854977646645591,0.9847897877473555,0.9850925748956838,0.0006430873242174379
2_002_20200622_203140(8),1,0.9731375244536781,0.972324725159015,0.9774812768475184,0.9752193921423599,0.9745407296506429,0.0023084671195708964
2_002_20200622_203140(8),2,0.9809784468599895,0.980699656006166,0.9826289587514735,0.982559413518123,0.981716618783938,0.0010200944827175266
2_002_20200622_203145(3),0,0.9769790265100797,0.9789969190443487,0.9803494979454074,0.9798185595760444,0.9790360007689701,0.0014799035556385825
2_002_20200622_203145(3),1,0.9804774115248373,0.9822298282076773,0.9815148083881133,0.9840477336755149,0.9820674454490358,0.0015034987220306113
2_002_20200622_203145(3),2,0.9819953489102738,0.9818840178812741,0.9828874865930314,0.9826206182218098,0.9823468679015972,0.00048476920622724407
2_002_20200622_203149(8),0,0.9767728902429543,0.9793014601011927,0.9771200635390618,0.9771307235692491,0.9775812843631145,0.0011587687863836066
2_002_20200622_203149(8),1,0.9764597363566729,0.9760739900091436,0.9765882890519059,0.9770321791105265,0.9765385486320624,0.0003950406086784747
2_002_20200622_203149(8),2,0.979575774081466,0.9823002873115145,0.9804786390325477,0.9831656848814441,0.9813800963267431,0.0016435005276536528
2_002_20200622_203154(3),0,0.9774675729762513,0.9798262023234643,0.9801249473257012,0.9808077687278388,0.9795566228383138,0.0014520286022018552
2_002_20200622_203154(3),1,0.9773126502014965,0.979482681987604,0.9803649633770464,0.9822969035403143,0.9798642997766154,0.0020675889987336266
2_002_20200622_203154(3),2,0.9803884968587522,0.980723332836948,0.9806589199834436,0.9811201760843864,0.9807227314408825,0.000302074639959221
2_002_20200622_203158(8),0,0.9849557671762484,0.9839441766881324,0.9844319555246815,0.9834618242074594,0.9841984308991304,0.0006416973869882133
2_002_20200622_203158(8),1,0.9725556789060541,0.9730299062588984,0.9764717128481036,0.9751739143645356,0.9743078030943979,0.0018380799445799777
2_002_20200622_203158(8),2,0.9827914664379044,0.9842453349370126,0.9848977544675491,0.9834241812309055,0.9838396842683428,0.0009229424694258113
2_002_20200831_163149(1),0,0.9812668383742267,0.9831038319629265,0.9819000080493948,0.9822354090006996,0.9821265218468119,0.0007653660668373427
2_002_20200831_163150(6),0,0.9791166554684634,0.9805040534102194,0.9798883256292515,0.98176751404075,0.9803191371371711,0.001120052141910212
2_002_20200831_203101(4),0,0.9831853817020891,0.9835765955803604,0.9813330371804084,0.9821366477787692,0.9825579155604067,0.001018040001120392
2_002_20200831_203105(9),0,0.9823289328606672,0.9824537149624623,0.9809250765826735,0.9829944280686004,0.9821755381186008,0.0008822598079927849
2_002_20200904_230054(2),0,0.9850138737577898,0.9849897931551393,0.9818575392865331,0.9829545445404375,0.9837039376849749,0.001564196698613675
2_002_20200904_230057(6),0,0.9815793345968016,0.9814399094901141,0.982520318670963,0.9833508911398675,0.9822226134744365,0.0008922017925400077
2_002_20200904_230105(4),0,0.9810162300422341,0.9823944964622408,0.9799097932074475,0.9805847468903939,0.980976316650579,0.001049384929197228
2_002_20200905_003315(2),0,0.9844810943626838,0.9833728519408402,0.9817432117734364,0.9830188932712166,0.9831540128370442,0.0011280740027720788
2_002_20200905_003319(2),0,0.9836375144782789,0.9825459760954146,0.9844074055648382,0.98363194637753,0.9835557106290154,0.000765387015645919
2_002_20200905_003323(3),0,0.9828303231628874,0.9828343781681668,0.9832869821651082,0.9842145338463615,0.983291554335631,0.0006515766326839497
2_002_20200905_003327(3),0,0.9803319609550971,0.9800800440957016,0.9801134773837052,0.9810296225886931,0.9803887762557992,0.00044159446570812887
2_002_20200905_003331(2),0,0.9827080525937097,0.9826246194484617,0.9814189679162358,0.9821465340327898,0.9822245434977992,0.000591292174357404
2_002_20200905_003335(3),0,0.9834340031925343,0.9834711944299711,0.9834371852877271,0.9845465621049428,0.9837222362537938,0.0005498082869023374
2_002_20200905_043156(0),0,0.9762472665777765,0.9796988570492972,0.9771528298166307,0.9795113405137386,0.9781525734893607,0.0017191977307997207
2_002_20200905_043200(0),0,0.9809898459861754,0.9806048082620548,0.9800519143158136,0.9794801909290384,0.9802816898732706,0.0006585559803653775
2_002_20200905_043204(0),0,0.9787498519553484,0.9829533269620427,0.9775543856397915,0.9791301259110959,0.9795969226170697,0.002336153198540982
2_002_20200905_043208(0),0,0.9822845578712109,0.9826501200023039,0.9823027063444972,0.9837201528623478,0.98273938427009,0.0006751369749613946
2_002_20200905_043212(1),0,0.980700395138073,0.9796904392102671,0.9813443509600058,0.9810507670548926,0.9806964880908097,0.0007205066496880291
2_002_20200905_043216(0),0,0.9750068341108546,0.9768065057183477,0.9749051137197936,0.975890262821616,0.9756521790926529,0.0008876430659603545
2_002_20200905_083407(3),0,0.9813306940270851,0.9823107953229322,0.9819515812944271,0.982279028954283,0.9819680248996819,0.0004548538660391664
2_002_20200905_083410(5),0,0.9827538876525289,0.9821691294755629,0.9829502150941991,0.9839377733139911,0.9829527513840705,0.0007357274663910568
2_002_20200905_083413(6),0,0.9831176049041516,0.9799769984589916,0.9823328020156612,0.9805449377091934,0.9814930857719995,0.001476673205809156
2_002_20200905_083416(3),0,0.9816169031136526,0.9823829322744889,0.9797200482538222,0.9823824761115597,0.9815255899383809,0.0012566633950963772
2_002_20200905_083419(3),0,0.9843490659501902,0.9851406499886037,0.982714764163908,0.9829370070866938,0.9837853717973488,0.0011576489768355509
2_002_20200905_083422(4),0,0.984329910975451,0.9845774024647101,0.9838787695413374,0.9847722063925163,0.9843895723435038,0.0003856457577601105
2_002_20200905_123055(0),0,0.9828168656185706,0.9847669829667314,0.982729394625013,0.9827051342946126,0.9832545943762319,0.0010094002962040053
2_002_20200905_123058(4),0,0.9832671412678107,0.9842262201168274,0.9829445394804763,0.9849898659902542,0.9838569417138421,0.0009309898596986055
2_002_20200905_123102(0),0,0.9830763732039869,0.9843579928851773,0.9826362725314067,0.984016558097297,0.9835217991794669,0.0008013671743337984
2_002_20200905_123105(0),0,0.9823222379649353,0.982796817522345,0.9800067038493554,0.9828425261235959,0.981992071365058,0.0013443193854226901
2_002_20200905_123108(4),0,0.9826658360289833,0.983185618154638,0.9823525791772137,0.982945789344286,0.9827874556762802,0.0003594031244740492
2_002_20200905_123112(0),0,0.9822201059657796,0.9824652218122631,0.9819813806512447,0.9824048182397909,0.9822678816672695,0.00021760829300686643
2_002_20200905_163922(9),0,0.9799899092514471,0.9792985228757453,0.9778928119836758,0.9791082919306501,0.9790723840103795,0.0008728632766829481
2_002_20200905_163926(4),0,0.9798347496415218,0.9804594484494936,0.9777723825521611,0.9794073981701935,0.9793684947033424,0.001148428088374073
2_002_20200905_163929(7),0,0.9803883824971469,0.9807444365240092,0.9819347446375404,0.9818871585638537,0.9812386805556376,0.0007900027182080655
2_002_20200905_163932(9),0,0.9829531598386535,0.9839127151386532,0.9820842894391818,0.9832412062057598,0.983047842655562,0.0007578024173375253
2_002_20200905_163936(2),0,0.9854693193552142,0.9851503040990032,0.9849922475646008,0.984594271245971,0.9850515355661973,0.0003637326138448786
2_002_20200905_163939(7),0,0.9778423048397771,0.9794222979749956,0.9773173303588064,0.9778097673605275,0.9780979251335267,0.0009149987727236725
2_002_20200905_204033(3),0,0.9820039345632748,0.9813439436475402,0.9801188442450007,0.9814969391656982,0.9812409154053785,0.0007994591731913811
2_002_20200905_204039(5),0,0.9841986082302853,0.9842957006586174,0.9827688314941307,0.9839194692438669,0.9837956524067251,0.0007028782364114159
2_002_20200905_204042(9),0,0.9846000840862025,0.9836427488310301,0.9827313543289801,0.9839648629123392,0.983734762539638,0.0007782506280656004
2_002_20200905_204046(0),0,0.9820908092929896,0.9815845559635525,0.9830601443385314,0.9844867057254015,0.9828055538301188,0.0012770778579112869
2_002_20200905_204049(1),0,0.9811471992870522,0.9810738494623595,0.9817972132038861,0.9802205174193834,0.9810596948431703,0.000647047000335629
2_002_20200905_204052(3),0,0.9807935962365623,0.9814063914548733,0.9812942716240071,0.980584362627224,0.9810196554856667,0.00039393797736529765
3_001_20200622_203305(8),0,0.0,0.0,0.0,0.0,0.0,0.0
3_001_20200622_203305(8),1,0.9713353906096115,0.0,0.0,0.0,0.24283384765240287,0.4856676953048057
3_001_20200622_203305(8),2,0.9770007476904218,0.9768739650423535,0.9788601708183045,0.9789305500401579,0.9779163583978094,0.0011320031577505885
3_001_20200622_203309(1),0,0.9703785034626832,0.9672268568220385,0.9688746219420472,0.9702330652138931,0.9691782618601654,0.0014666707017541014
3_001_20200622_203309(1),1,0.9727047717243252,0.9741080555843313,0.9754360329992784,0.9750324703562936,0.9743203326660571,0.0012120266827757302
3_001_20200622_203309(1),2,0.9782421055696296,0.9772048075646497,0.9792919061373239,0.9754364279984045,0.9775438118175019,0.0016431107042943532
3_001_20200622_203312(6),0,0.9752409727054804,0.9757915761104303,0.9717051414320459,0.9732294508921105,0.9739917852850167,0.0018805681821925104
3_001_20200622_203312(6),1,0.9747331878907486,0.97787539312999,0.9732428693762459,0.979563140362385,0.9763536476898423,0.002882093225217613
3_001_20200622_203312(6),2,0.9752144107907263,0.9762266362184057,0.9753681777466511,0.9745598430203828,0.9753422669440415,0.0006858850183972312
3_001_20200622_203316(0),0,0.0,0.0,0.0,0.0,0.0,0.0
3_001_20200622_203316(0),1,0.9763225263647433,0.9762023998777914,0.97529017903025,0.9752056497220215,0.9757551887487015,0.0005888114991677841
3_001_20200622_203316(0),2,0.0,0.0,0.9667065819065346,0.0,0.24167664547663364,0.48335329095326723
3_001_20200622_203319(4),0,0.9754935274410578,0.977579621817819,0.9723688905524666,0.9709082857700823,0.9740875813953563,0.0030129083115740907
3_001_20200622_203319(4),1,0.9721074307589065,0.9713988730155911,0.9744504751251089,0.974492926030523,0.9731124262325324,0.0015960821888273127
3_001_20200622_203319(4),2,0.978187902368958,0.9768765872542718,0.9785315707464106,0.9772339884215084,0.9777075121977872,0.0007798521732940092
3_001_20200622_203330(3),0,0.9723119662098006,0.9750145218196773,0.9724546629861449,0.9728438888626247,0.973156259969562,0.0012590714954488005
3_001_20200622_203330(3),1,0.9747681198694805,0.9772323881756885,0.9735511348258652,0.975796551601082,0.9753370486180291,0.0015616895790808603
3_001_20200622_203330(3),2,0.9757439718102849,0.9776948911097213,0.9719705996832164,0.9713487207332021,0.9741895458341061,0.003038513610916343
3_001_20200811_003323(2),0,0.9677991655176018,0.9734953619535318,0.9808868173788728,0.9805419900968565,0.9756808337367158,0.006261791215284115
3_001_20200811_003327(0),0,0.9794098592325143,0.9791882067610059,0.9740029486924703,0.9742447391595792,0.9767114384613924,0.0029908960832229
3_001_20200811_043037(3),0,0.979541176374859,0.9738481049477034,0.9726188007615929,0.9683261379743556,0.9735835550146278,0.004623650204584649
3_001_20200811_043041(6),0,0.9724311980858945,0.969185480596347,0.9569133567986056,0.9560112711190486,0.963635326649974,0.008396083701484931
3_001_20200815_003438(6),0,0.9785757490330709,0.9763718561808593,0.9812217170875092,0.9796376366230437,0.9789517397311207,0.0020347333881695073
3_001_20200815_003529(0),0,0.9442175482865555,0.955813069888232,0.9564105529063797,0.9627210905684772,0.9547905654124111,0.007710421416894634
3_001_20200819_003039(4),0,0.9772895717862192,0.9754652499390016,0.9795169070817589,0.9786501665193229,0.9777304738315756,0.0017666175113611525
3_001_20200819_003044(1),0,0.9420595725952682,0.9589418850486191,0.9474034372428353,0.9575827513214943,0.9514969115520542,0.008129882626650868
3_001_20200819_043209(9),0,0.9803316435985233,0.9827323903384543,0.9797378093629965,0.9821066856081127,0.9812271322270216,0.0014211965157688179
3_001_20200819_043216(0),0,0.9743647457330643,0.9702314375116138,0.9734896111241418,0.9684211431391142,0.9716267343769835,0.0027802688411941666
3_001_20200819_083353(5),0,0.9814177917765,0.9793763429570264,0.976779895230315,0.9736647668039908,0.9778096991919581,0.0033522960035120876
3_001_20200819_083401(0),0,0.9642663839484715,0.9567138662084576,0.9679375602004077,0.9693244257953961,0.9645605590381833,0.00564965163166776
3_001_20200819_124414(0),0,0.9758858656679698,0.9754644398669792,0.9740304408215077,0.9735846958546287,0.9747413605527714,0.0011069501255822959
3_001_20200819_124415(9),0,0.9548214244149886,0.9585526519095827,0.9736142393644056,0.9732044425053482,0.9650481895485813,0.00977548645096953
3_001_20200819_162723(4),0,0.9779690543242745,0.979202910425318,0.9730767220493066,0.9761980051136362,0.9766116729781339,0.002659824229648443
3_001_20200831_083711(6),0,0.9810723318437198,0.981588927307335,0.9823526852004532,0.9810507155664685,0.9815161649794941,0.0006106530506824542
3_001_20200831_083714(8),0,0.9668733441703693,0.9654287292620426,0.9692812395563235,0.9701892858050825,0.9679431496984545,0.0021834533714735153
3_001_20200831_123316(5),0,0.9789054735161232,0.9799436398678084,0.9715910685185419,0.9748145750439359,0.9763136892366023,0.0038489988804827503
1_002_20200625_003116(4),0,0.9810754955937101,0.9797785601783314,0.9827713893983259,0.9812918739615496,0.9812293297829792,0.0012261398826009613
1_002_20200625_003116(4),1,0.97953702104768,0.9739745326719096,0.979752642131972,0.9748399060106434,0.9770260254655512,0.0030457765183855936
1_002_20200625_003116(4),2,0.9770573978756442,0.9729918026386037,0.9791121884660704,0.9774420771967243,0.9766508665442606,0.0025973150423999254
1_002_20200625_003120(7),0,0.9764432737913028,0.9743316673147595,0.9791885099115913,0.9807568998266383,0.977680087711073,0.002856789465588447
1_002_20200625_003120(7),1,0.9821959889913365,0.9803022808745785,0.9805100704769503,0.9767914305769654,0.9799499427299576,0.002270007936106524
1_002_20200625_003120(7),2,0.9727891847986541,0.9740435064135283,0.9773638772785197,0.9754621341664791,0.9749146756642952,0.001964259541756041
1_002_20200625_003125(4),0,0.9773962751482961,0.9746341789031593,0.9768744318918267,0.9740494682880294,0.9757385885578278,0.0016442741947717437
1_002_20200625_003125(4),1,0.9784999925156532,0.9765187290865982,0.9779618011096112,0.9778884606264738,0.9777172458345842,0.0008442465179935767
1_002_20200625_003125(4),2,0.9783385118909615,0.9773758790758232,0.9799215095881337,0.9763954582006802,0.9780078396888996,0.0015022899041667206
1_002_20200625_003130(0),0,0.9741974625112586,0.9731250117019837,0.9791372590707483,0.9769658378856414,0.975856392792408,0.0027207501594285893
1_002_20200625_003130(0),1,0.9822797733029632,0.9776414721200599,0.9809548845431949,0.972695789539819,0.9783929798765092,0.004269787672378746
1_002_20200625_003130(0),2,0.9736196071848268,0.9744622653116912,0.9793076904002936,0.9761465216310332,0.9758840211319613,0.0025125934747046766
1_002_20200625_003134(4),0,0.9764923640494872,0.9765014329933346,0.9815060313306804,0.9789423480758795,0.9783605441123454,0.0023929742018934694
1_002_20200625_003134(4),1,0.9810644422454458,0.975839869425659,0.9789001196576161,0.9729718126462663,0.9771940609937468,0.003537970374331784
1_002_20200625_003134(4),2,0.9783886602339535,0.9785677992673512,0.9813380623624559,0.9788540463621653,0.9792871420564815,0.0013806483519926847
1_002_20200625_003139(0),0,0.980254654447846,0.978148610443329,0.9767990985078849,0.9747286847089665,0.9774827620270066,0.0023222890566096583
1_002_20200625_003139(0),1,0.9803249958878307,0.978162034013897,0.9811664894157203,0.9755378662700733,0.9787978463968803,0.0025149143876707983
1_002_20200625_003139(0),2,0.9773312588652161,0.9748858693768304,0.9791020821643733,0.9756141966164358,0.9767333517557139,0.00188273524661672
1_002_20200625_042934(9),0,0.9809601635713686,0.9814730379939598,0.9788378971928946,0.981032920285428,0.9805760047609127,0.0011806828994818633
1_002_20200625_042934(9),1,0.9785414847705454,0.9709497793657255,0.9778730384497197,0.9688726485731952,0.9740592377897964,0.004871859770247029
1_002_20200625_042934(9),2,0.9771115190427287,0.9735862670226623,0.9783520760138973,0.9718833599491692,0.9752333055071143,0.003010497554104469
1_002_20200625_042939(2),0,0.9775022345757365,0.9744662051560988,0.9798894186670127,0.9755528878547097,0.9768526865633894,0.0023824654373113562
1_002_20200625_042939(2),1,0.9806554535566403,0.9788493243426798,0.9799905698067257,0.9750673813641579,0.9786406822675509,0.002496231197723311
1_002_20200625_042939(2),2,0.9786774861710804,0.975502149031889,0.9794425526888062,0.9750616302819608,0.9771709545434342,0.002210878886669258
1_002_20200625_042943(7),0,0.9787742349937576,0.9767114516295734,0.9818591113142671,0.9809389894222741,0.979570946839968,0.0023035262673134172
1_002_20200625_042943(7),1,0.9795038198045711,0.9751807248761597,0.9774015087099269,0.9682974184944759,0.9750958679712833,0.0048638850919570575
1_002_20200625_042943(7),2,0.9782082081927115,0.9750506510124481,0.9788060650674677,0.9765807694773523,0.9771614234374949,0.0016924463227884555
1_002_20200625_042948(3),0,0.9790858142649387,0.9769482046233704,0.9818926662829733,0.9795860834596527,0.9793781921577338,0.0020294599584839896
1_002_20200625_042948(3),1,0.9780955514400257,0.9761901884343891,0.976751446938109,0.972521034534384,0.9758895553367268,0.0023837357652453394
1_002_20200625_042948(3),2,0.9806435353781084,0.9792691338215987,0.980077792995876,0.9781486580554349,0.9795347800627546,0.001082605428196054
1_002_20200625_042952(8),0,0.9805907721159535,0.9787195379216851,0.9815030122098765,0.9785884341165425,0.9798504390910144,0.0014318618312513152
1_002_20200625_042952(8),1,0.981231238487744,0.9780340241979667,0.9814564663723374,0.9767096142799976,0.9793578358345114,0.0023579258036303444
1_002_20200625_042952(8),2,0.9810913686117528,0.9774298284688827,0.9814736965851173,0.9786355605195184,0.9796576135463179,0.001946058403740591
1_002_20200625_042957(3),0,0.9771753922320995,0.980284527884124,0.981180608269571,0.9830408360281209,0.9804203411034789,0.0024490228134455383
1_002_20200625_042957(3),1,0.9784843976594263,0.9759503579977135,0.9790553549643176,0.9755845449669523,0.9772686638971024,0.0017554164335729853
1_002_20200625_042957(3),2,0.976164928368782,0.9733591119123035,0.9793391502457602,0.9763220410673918,0.9762963078985594,0.0024429444384744064
1_002_20200714_042641(8),0,0.9785100207636596,0.9782835385209827,0.9834325679897628,0.9828772302556759,0.9807758393825203,0.002757991303607205
1_002_20200714_042641(8),1,0.9793301666016967,0.9742261771798056,0.9781795516263808,0.9739669278693217,0.9764257058193012,0.0027322385690583912
1_002_20200714_042641(8),2,0.9782781729847707,0.9751725625711924,0.9794781360938299,0.9767616670061209,0.9774226346639785,0.0018669703277354353
1_002_20200714_083054(2),0,0.9789740202428298,0.9789766209891203,0.9785641756299809,0.9769387795672984,0.9783633991073073,0.0009693212906140759
1_002_20200714_083054(2),1,0.9803678775691889,0.9746449353748177,0.9817107727474202,0.9779578815288286,0.9786703668050638,0.0031003948435160246
1_002_20200714_083054(2),2,0.9763556100331641,0.9730044525943082,0.9765134236904527,0.9726160331312265,0.9746223798622878,0.002099464172512327
1_002_20200714_083057(5),0,0.977852588161265,0.9748583836729053,0.9795202392286646,0.9758898938529704,0.9770302762289512,0.002073137870670316
1_002_20200714_083057(5),1,0.9729984857822975,0.9685309168435363,0.972460007684663,0.9648692155162909,0.9697146564566969,0.0037947343246178132
1_002_20200714_083057(5),2,0.0,0.0,0.0,0.0,0.0,0.0
1_002_20200714_083101(7),0,0.9761802980735863,0.968090909584762,0.9785667103461054,0.9728796980454857,0.9739294040124848,0.004537291185492515
1_002_20200714_083101(7),1,0.9762911688762398,0.9731029475929399,0.9774601584149217,0.9739970003443331,0.9752128188071086,0.002011893408313364
1_002_20200714_083101(7),2,0.979721400335612,0.9777213041636243,0.9778407750251621,0.9754504473497471,0.9776834817185363,0.00174792510362803
1_002_20200714_083106(2),0,0.976495621932731,0.9710527799143477,0.977330857641241,0.9736818520585782,0.9746402778867245,0.002856002025812263
1_002_20200714_083106(2),1,0.9782334473592068,0.9703193776890819,0.9755442279868997,0.9655058528509031,0.9724007264715229,0.005650177865320933
1_002_20200714_083106(2),2,0.9810596301438654,0.9772354413327148,0.9798887825601371,0.9756310838969422,0.9784537344834149,0.0024699291292138038
1_002_20200714_083110(8),0,0.9789040817945948,0.9733747244610982,0.978240605755173,0.9754497096403213,0.9764922804127969,0.0025612195230416517
1_002_20200714_083110(8),1,0.980315947446517,0.9719579097673654,0.9793642490677772,0.9676779688889486,0.974829018792652,0.006056827592652622
1_002_20200714_083110(8),2,0.9790338238114866,0.9774720636991845,0.9798206523359555,0.9783331469380518,0.9786649216961696,0.0010007974776015248
1_002_20200714_083115(1),0,0.9779540381126671,0.9710913313676592,0.978916029844456,0.9724734850112412,0.9751087210840059,0.0039019361981456517
1_002_20200714_083115(1),1,0.9821073362654751,0.978833646882734,0.9792996758417651,0.9768936659125764,0.9792835812256375,0.002151587605947778
1_002_20200714_083115(1),2,0.977790314589548,0.9768390405996282,0.9780014852712998,0.9789315511618806,0.9778905979055892,0.0008586247144618291
1_002_20200714_123109(8),0,0.9817345124565258,0.9779383717703133,0.9796083199160961,0.976186726144591,0.9788669825718815,0.002367727548661813
1_002_20200714_123109(8),1,0.9766413557286637,0.9701063657859995,0.9774371139383602,0.9734507844646497,0.9744089049794183,0.003345829457625697
1_002_20200714_123109(8),2,0.9794750899329063,0.9788526428507783,0.980300118649598,0.9776771146863944,0.9790762415299192,0.0011052160491994063
1_002_20200714_123113(1),0,0.9785277921911808,0.9735492650864569,0.9818508342036221,0.9782534276491544,0.9780453297826036,0.003414309903337275
1_002_20200714_123113(1),1,0.9804946178345438,0.9785817544970228,0.9806457225174752,0.975056950870007,0.9786947614297622,0.0026007799137385277
1_002_20200714_123113(1),2,0.9758737985729932,0.9711923761282681,0.9782548509046824,0.9723228799502721,0.974410976389054,0.003247293971401768
1_002_20200714_123117(3),0,0.9775216802292287,0.9755439897041294,0.9812983777459634,0.9788197755288379,0.9782959558020399,0.002412588147076163
1_002_20200714_123117(3),1,0.9793362626314349,0.9799196481887645,0.979957567280926,0.9762629710757473,0.9788691122942181,0.0017605455037188343
1_002_20200714_123117(3),2,0.9800485118610097,0.9766251087764071,0.9792407962128191,0.9746173875972656,0.9776329511118754,0.00248525445278046
1_002_20200714_123120(4),0,0.9786866680155799,0.9752009803790234,0.9796010877675438,0.9744770480375585,0.9769914460499264,0.002530610735932155
1_002_20200714_123120(4),1,0.9778001822627835,0.9707319016665656,0.9772764182738969,0.9739073124863264,0.9749289536723931,0.0032870219513655378
1_002_20200714_123120(4),2,0.9803333361239993,0.9753715212815997,0.9823552540868725,0.9745825100609042,0.978160655388344,0.0037814279873467755
1_002_20200714_123123(5),0,0.9778765848156377,0.9743628880176657,0.9828114388902367,0.9795700470195273,0.9786552396857667,0.0035185911259368436
1_002_20200714_123123(5),1,0.9780162288153146,0.9770361020727879,0.9788498170305636,0.975264399121079,0.9772916367599362,0.0015414224840738676
1_002_20200714_123123(5),2,0.9781416487267761,0.9728598571776506,0.9776708449706598,0.9728093015202903,0.9753704130988442,0.0029345026411998943
1_002_20200714_123126(4),0,0.9780425690685174,0.9775309851976804,0.9787910905896295,0.9786597687597108,0.9782561034038846,0.0005832524707063147
1_002_20200714_123126(4),1,0.9770096395467324,0.9722203782574926,0.9760169966455523,0.9744354984908195,0.9749206282351491,0.0020890741778692287
1_002_20200714_123126(4),2,0.9775590577227053,0.975422423380109,0.9765540653620612,0.9702050831112312,0.9749351573940267,0.003271938610149525
1_002_20200714_163046(2),0,0.9768833404112495,0.9714437285492038,0.9752496092996449,0.9685171440065151,0.9730234555666533,0.0037708024249112834
1_002_20200714_163046(2),1,0.9737255073174632,0.9656606824567159,0.9750998502723446,0.9688970339439011,0.9708457684976062,0.004361681290091105
1_002_20200714_163046(2),2,0.9764295937204872,0.9751653835073961,0.9776967957926165,0.9726866134056581,0.9754945966065395,0.0021383055425054378
1_002_20200714_163049(8),0,0.9786028388498503,0.9765189400780591,0.9798575953621849,0.9784542949184118,0.9783584173021265,0.0013784224949701842
1_002_20200714_163049(8),1,0.9786365438468052,0.9738770516085112,0.9795185868238802,0.9762439828430988,0.9770690412805738,0.0025381658177823932
1_002_20200714_163049(8),2,0.9767553858022444,0.9752725489466282,0.9787678218750736,0.9714724977672214,0.975567063597792,0.003082702895826294
1_002_20200714_163053(5),0,0.9761683422463521,0.9710911074844393,0.9777131498161242,0.9722956235385926,0.9743170557713771,0.0031333500174163726
1_002_20200714_163053(5),1,0.9789243478679123,0.9749299213971098,0.9802396744570664,0.977060182226893,0.9777885314872453,0.0023094245316077674
1_002_20200714_163053(5),2,0.9766150941105474,0.975339217303473,0.9778264640940363,0.9723256591171966,0.9755266086563132,0.0023632836682318317
1_002_20200714_163056(8),0,0.9714718913505116,0.9623766820782459,0.9745609105526375,0.968401758323323,0.9692028105761795,0.005199220387079539
1_002_20200714_163056(8),1,0.9779021273219074,0.9728603283739627,0.9787715412848033,0.9767533915031783,0.9765718471209629,0.0026087436056146415
1_002_20200714_163056(8),2,0.9814232235728566,0.9769110029970384,0.981562688097322,0.9740146361126326,0.9784778876949625,0.00367726072413358
1_002_20200714_163100(2),0,0.9807478567011416,0.976977561386427,0.9800910833733549,0.9768177027721299,0.9786585510582633,0.002051974300726472
1_002_20200714_163100(2),1,0.9806110296508551,0.9772034416374566,0.9772867298542958,0.9765123685327713,0.9779033924188448,0.0018381558373070047
1_002_20200714_163100(2),2,0.9794039887874775,0.976169967772883,0.9793656640927448,0.9760772099162179,0.9777542076423308,0.001883322158297066
1_002_20200714_163103(5),0,0.9773422757756418,0.972885281525314,0.9777237867412292,0.9743415115235948,0.975573213891445,0.002344967281947261
1_002_20200714_163103(5),1,0.9743329356171333,0.967535800321003,0.9755533850015218,0.9687706103012071,0.9715481828102163,0.003983742590053548
1_002_20200714_163103(5),2,0.9802721442434733,0.9767686745301404,0.9811857141225578,0.9777254674357831,0.9789880000829887,0.002081535316331945
1_002_20200714_225756(0),0,0.9798925989815425,0.9785339391427609,0.9823735874075676,0.9800135454637258,0.9802034177488992,0.0015947261995482472
1_002_20200714_225756(0),1,0.974070954849167,0.966163551710122,0.9732305054685157,0.9668027177195126,0.9700669324368294,0.00416060366708536
1_002_20200714_225756(0),2,0.9780753397694615,0.9741581910822605,0.9798927333529617,0.9725413044677983,0.9761668921681205,0.003401167985990768
1_002_20200714_225759(8),0,0.9754962251773336,0.9702463856273508,0.9771213839290338,0.9745317867031812,0.9743489453592248,0.002936386323076854
1_002_20200714_225759(8),1,0.9805649851395586,0.9774438614306531,0.9783137321762013,0.9739910943834558,0.9775784182824672,0.0027293018897991636
1_002_20200714_225759(8),2,0.9796514023968393,0.9761361192775976,0.9818235714050391,0.9798055863247096,0.9793541698510464,0.002362619841553632
1_002_20200714_225803(3),0,0.9753300412902156,0.9725383722723376,0.9793003529586095,0.974167146441176,0.9753339782405848,0.002881495738973923
1_002_20200714_225803(3),1,0.9778223726208684,0.9732105074701884,0.9743743118754263,0.9690881936454948,0.9736238464029945,0.0036024906124085057
1_002_20200714_225803(3),2,0.97569409009492,0.9745190163128564,0.9766382731631945,0.9735534883533782,0.9751012169810873,0.0013476475502616342
1_002_20200714_225807(3),0,0.9772170883370186,0.9718981277812379,0.9761936097383489,0.9713129326282939,0.9741554396212249,0.0029834618054125133
1_002_20200714_225807(3),1,0.9702623639352104,0.9647106590806175,0.9688385860836053,0.9654488447751183,0.9673151134686379,0.0026629179244428763
1_002_20200714_225807(3),2,0.974823472744888,0.9673822954758279,0.9784890854640198,0.9756314558548908,0.9740815773849065,0.00473494236366329
1_002_20200714_225810(5),0,0.9793919797308991,0.9767381308714788,0.9781344853018236,0.9758345515886258,0.9775247868732068,0.00156352852270885
1_002_20200714_225810(5),1,0.9794523196412326,0.9742922078040699,0.9805626428187962,0.9754624145982801,0.9774423962155947,0.003034234954357119
1_002_20200714_225810(5),2,0.9810055815915484,0.9782728443974682,0.9814027256982345,0.9752372078569258,0.9789795898860442,0.002856638000201271
1_002_20200714_225817(4),0,0.9792447387820319,0.9784532677123989,0.9782946551422417,0.9785647201432035,0.9786393454449691,0.00041853170153780927
1_002_20200714_225817(4),1,0.9796989833425989,0.9743579694074461,0.9799705318568118,0.9777132174560911,0.9779351755157369,0.0025883947668190023
1_002_20200714_225817(4),2,0.9793394060960667,0.9785388163039982,0.9818846576814637,0.9795921060723132,0.9798387465384604,0.0014359367925371126
1_002_20200906_003059(0),0,0.986480647408787,0.9864343751213558,0.9847812377962315,0.9842522776849122,0.9854871345028215,0.0011412703747481052
1_002_20200906_003114(8),0,0.9866829995656607,0.9869694031204236,0.9852625673668057,0.9871548650090564,0.9865174587654866,0.0008588163556715025
1_002_20200906_003118(7),0,0.9864934291985983,0.9867298046053804,0.9875603994506293,0.9863805740940317,0.9867910518371599,0.0005331410652412729
1_002_20200906_003122(7),0,0.988076284974669,0.9854948193959444,0.9875597963419845,0.9870910650825173,0.9870554914487788,0.001115542556744826
1_002_20200906_003126(8),0,0.9865445020200543,0.9865651540611087,0.9850518913659893,0.9849461358196635,0.9857769208167039,0.0008993264084918761
1_002_20200906_003132(7),0,0.986980153331973,0.987236397530421,0.9865032151517439,0.9854895752376313,0.9865523353129423,0.00077089583012245
2_002_20200625_003352(9),0,0.9794494709182977,0.9802364722324669,0.9795671649212075,0.9793643768794028,0.9796543712378437,0.00039687419437405436
2_002_20200625_003352(9),1,0.982193781209264,0.9812330452014447,0.9818130413968208,0.9816778737047184,0.981729435378062,0.00039651348481799763
2_002_20200625_003352(9),2,0.9814122911338266,0.9796723408074979,0.9830985483934732,0.9827432216351466,0.9817316004924861,0.0015528933014469246
2_002_20200625_003357(4),0,0.9780240520672405,0.9783283678020344,0.9789687902686316,0.979074886976002,0.978599024278477,0.0005056415615516806
2_002_20200625_003357(4),1,0.9846238534897104,0.9832904665510172,0.9846967738026128,0.9836570542073173,0.9840670370126644,0.000701845328712739
2_002_20200625_003357(4),2,0.9832389178504978,0.9807631379678862,0.9820621620988926,0.982685549371627,0.9821874418222258,0.0010642758801749103
2_002_20200625_003401(8),0,0.9791837418045694,0.9767022338299358,0.9781940355186224,0.9789462209983646,0.978256558037873,0.001118799586624321
2_002_20200625_003401(8),1,0.9755545449809885,0.9763806774804505,0.9748073491972191,0.9774805659962796,0.9760557844137344,0.0011467911058740297
2_002_20200625_003401(8),2,0.9826873034040764,0.9808721168179387,0.9823183018320794,0.9809839878803942,0.9817154274836221,0.0009227092457923658
2_002_20200625_003406(3),0,0.9807729303776104,0.9796522427655766,0.9834774703192272,0.9831190671230622,0.981755427646369,0.0018451405651469502
2_002_20200625_003406(3),1,0.979933113652606,0.9801549010637618,0.9806052707711985,0.9787859110356781,0.9798697991308112,0.0007748169197574953
2_002_20200625_003406(3),2,0.978569864350722,0.9781393341399242,0.9793361986619488,0.9786785428860914,0.9786809850096716,0.0004949896832734717
2_002_20200625_003410(8),0,0.9783874229207328,0.9782904193814567,0.979632699896875,0.9794494709182977,0.9789400032793405,0.0006992115016686788
2_002_20200625_003410(8),1,0.9834616216511674,0.9809797461787915,0.9822990286676856,0.9815369696001525,0.9820693415244492,0.0010742187887143547
2_002_20200625_003410(8),2,0.980820998807861,0.9816554563960715,0.9798003557747729,0.9816444710461153,0.9809803205062051,0.000878370571083365
2_002_20200625_003415(4),0,0.9806622379260943,0.9812752457993431,0.9801297080266569,0.9822150056056915,0.9810705493394464,0.0008950942915259564
2_002_20200625_003415(4),1,0.9844026793323659,0.982024386098498,0.9826738713933049,0.9809167288157848,0.9825044164099883,0.0014586864079919636
2_002_20200625_003415(4),2,0.9808416533049858,0.9812983182415724,0.9810033293101023,0.9822550916246767,0.9813495981203343,0.0006325762501472427
2_002_20200906_003114(0),0,0.9844869888645115,0.9824382368364957,0.9856753362458281,0.9822249265717401,0.9837063721296438,0.0016622304533705685
2_002_20200906_003117(3),0,0.9862767409961575,0.9845293671876458,0.986243887445659,0.9857020262746882,0.9856880054760376,0.0008161400090105556
2_002_20200906_003120(8),0,0.9850026011139436,0.983956009469297,0.9837711056886931,0.9840755437984603,0.9842013150175986,0.00054867497557424
2_002_20200906_003124(0),0,0.9848114675584627,0.9841613420655847,0.9846943747862469,0.9835571360288011,0.9843060801097738,0.0005738918501277971
2_002_20200906_003127(3),0,0.9836329904973586,0.9832442805917012,0.9831921984790858,0.9842368380996266,0.9835765769169431,0.00048211165811555404
2_002_20200906_003130(7),0,0.9830602156459338,0.9823371602164579,0.9851545693377873,0.9823799996522449,0.983232986213106,0.0013231807212447512
3_001_20200625_003507(0),0,0.9792645899836216,0.9785257993226256,0.9765830756729194,0.9747628256532598,0.9772840726581066,0.0020258674865131633
3_001_20200625_003507(0),1,0.9806064051938079,0.9802904350651183,0.9817320048989198,0.9819032962060514,0.9811330353409744,0.0008040275427272189
3_001_20200625_003507(0),2,0.9810446392251748,0.9772384549210694,0.9766291437768003,0.9699346831913721,0.9762117302786042,0.004618323163988308
3_001_20200625_003511(4),0,0.9749336266886146,0.9755210856378727,0.9811097237558637,0.9793091357064986,0.9777183929472124,0.00297851583324265
3_001_20200625_003511(4),1,0.9811608243601498,0.9728806511119231,0.9766819810213628,0.976393622339444,0.97677926970822,0.0033938884831843487
3_001_20200625_003511(4),2,0.9803578042263956,0.9780763993642987,0.9814559002833294,0.9815613165312427,0.9803628551013166,0.0016185346168290074
3_001_20200625_003515(9),0,0.980015034872291,0.9789916285058595,0.9818494114337851,0.9800659294030922,0.9802305010537571,0.0011873198827688696
3_001_20200625_003515(9),1,0.9678547778204979,0.9735518826931799,0.9768428092499993,0.9783130314520337,0.9741406253039278,0.004639298351755767
3_001_20200625_003515(9),2,0.9837108353756735,0.9805953032420052,0.9816841721619942,0.9801866477520949,0.981544239632942,0.0015766265901279559
3_001_20200625_003520(4),0,0.9772265755336472,0.9777914422131438,0.9807717422966149,0.9792285707592842,0.9787545827006725,0.0015870352880351568
3_001_20200625_003520(4),1,0.9782395805215324,0.9789624852592242,0.9785703524398893,0.9776600150173121,0.9783581083094894,0.0005512719079126265
3_001_20200625_003520(4),2,0.9817015937311916,0.9792945603402027,0.9840255555472107,0.9814349631905047,0.9816141682022774,0.0019352112047055555
3_001_20200625_003524(9),0,0.9811204670806549,0.9806783950387606,0.9786272898850353,0.9791710505112413,0.979899300628923,0.001189761204156089
3_001_20200625_003524(9),1,0.9824919908480128,0.9818591445836445,0.9820481977681633,0.9795961264623526,0.9814988649155433,0.0012959270505714692
3_001_20200625_003524(9),2,0.9817229505683558,0.9814016673579786,0.9783855243460062,0.9752556932750653,0.9791914588868516,0.0030239738234324213
3_001_20200625_003529(2),0,0.9785075751679174,0.9791074812368609,0.9778799097510543,0.9759843947566423,0.9778698402281187,0.0013532020225084994
3_001_20200625_003529(2),1,0.9755034975687347,0.9734875066536832,0.9786274022990579,0.97914413282289,0.9766906348360915,0.0026733278649974366
3_001_20200625_003529(2),2,0.9838329837893984,0.9832279133792827,0.9837318156618244,0.9829624851486846,0.9834387994947975,0.0004133553928034559
3_001_20200625_043323(7),0,0.982681638553266,0.9822786854012455,0.9822280906139296,0.9809418417708441,0.9820325640848213,0.0007549346898414523
3_001_20200625_043323(7),1,0.9815913564445276,0.9813048204170248,0.9842043354940053,0.9822555665025884,0.9823390197145365,0.0013057483101034377
3_001_20200625_043323(7),2,0.9794365433703826,0.9749024195535536,0.975936882526059,0.9771105727927216,0.9768466045606792,0.0019480684269074144
3_001_20200625_043328(3),0,0.9806966818804796,0.980619587154771,0.9834534400400018,0.981600684215767,0.9815925983227548,0.001318106505923379
3_001_20200625_043328(3),1,0.9749295202294455,0.9741780538621995,0.9822610924348019,0.9802924744660728,0.9779152852481299,0.003975707897570652
3_001_20200625_043328(3),2,0.9819135316008768,0.9795116765369714,0.981547108531753,0.9788851198235747,0.9804643591232939,0.0014915370179071359
3_001_20200625_043337(3),0,0.9806976558996264,0.9800919549398294,0.9805709274249349,0.9768669813239421,0.9795568798970833,0.00181213703601364
3_001_20200625_043337(3),1,0.9835284874390812,0.9822618127625062,0.9816306110558302,0.9810076359858619,0.9821071368108198,0.001077054798627652
3_001_20200625_043337(3),2,0.9805997899613894,0.9813380453871244,0.9788841170799163,0.9783344906339644,0.9797891107655986,0.0014131917207430157
3_001_20200625_043341(7),0,0.981524273471234,0.9808508634744952,0.9820720199509336,0.9814323755188301,0.9814698831038733,0.0005000397368011585
3_001_20200625_043341(7),1,0.981719965196924,0.981582428867988,0.982610345959659,0.9807598238660793,0.9816681409726625,0.0007578087970679739
3_001_20200625_043341(7),2,0.9821877395910297,0.9814820119654708,0.9771249703726057,0.9746944979537299,0.978872304970709,0.0035735102718465524
3_001_20200625_043346(2),0,0.980315162400486,0.9781883303045505,0.9810210243079941,0.9779807209057645,0.9793763094796988,0.001521566480261597
3_001_20200625_043346(2),1,0.0,0.9779104606391631,0.0,0.978735818871892,0.48916156987776377,0.5648352285959801
3_001_20200625_043346(2),2,0.9828217550406686,0.9809537476487064,0.9819399021049111,0.9794704791439517,0.9812964709845594,0.001436686064682906
3_001_20200625_043359(8),0,0.9802877597745644,0.976934358411051,0.9751706867343634,0.9762537013013389,0.9771616265553295,0.0022069986672213346
3_001_20200625_043359(8),1,0.9808086607530434,0.980424531856026,0.9791723373598926,0.9757248155144295,0.9790325863708479,0.0023132106707855816
3_001_20200625_043359(8),2,0.9757982373358789,0.9749070047873858,0.9810954553044139,0.9787977965422598,0.9776496234924846,0.0028367614334403237
3_001_20200727_204954(7),0,0.978494337168578,0.9747530837827926,0.9788960084781184,0.9716151337709114,0.9759396408001002,0.0034339414663799167
3_001_20200727_204958(2),0,0.0,0.0,0.0,0.9852613230444036,0.2463153307611009,0.4926306615222018
3_001_20200728_014351(3),0,0.9859208349240067,0.9836137402711167,0.9819183116835966,0.9770321296997461,0.9821212541446165,0.003768496702699449
3_001_20200728_014355(2),0,0.9877854882623331,0.9858908420018999,0.9888304108187219,0.9855253904435131,0.987008032881617,0.0015675716119358085
3_001_20200728_043138(3),0,0.9830127098339427,0.9806635702124633,0.9753918667185087,0.975623406138994,0.9786728882259772,0.0037798284569358753
3_001_20200728_043141(5),0,0.9816215124178127,0.9807854583692976,0.9819718516575555,0.9757944443078392,0.9800433166881262,0.0028759717006262907
3_001_20200728_083108(2),0,0.9806649285537786,0.977036635635994,0.9799497105113645,0.9802879716883747,0.979484811597378,0.0016580549549274598
3_001_20200728_083116(1),0,0.9767094844631448,0.967972212365647,0.9795144644662195,0.9756583287776275,0.9749636225181597,0.004936956858726125
3_001_20200728_123129(2),0,0.9704126937404143,0.9671713549015646,0.9792223046599935,0.9738369600344633,0.9726608283341089,0.005151850317109341
3_001_20200728_123132(4),0,0.9887494839848318,0.9819109337126546,0.9864896395862792,0.9854884508126056,0.9856596270240928,0.0028471119712095943
3_001_20200728_163910(5),0,0.9646608312621756,0.961661119516801,0.9623301511961754,0.9633044404899858,0.9629891356162844,0.0013028009213875815
3_001_20200728_163913(6),0,0.9841607826842824,0.9826680504455442,0.983769737117208,0.9808725747139694,0.9828677862402511,0.0014726527777014845
3_001_20200810_085043(8),0,0.9821631394336566,0.98103377040593,0.9810245893702765,0.9793023567633873,0.9808809639933127,0.001180388734674429
3_001_20200810_123047(8),0,0.9862419108375434,0.9841917321000866,0.9890565403004565,0.9882646968554918,0.9869387200233946,0.002181349962559867
3_001_20200810_123051(3),0,0.9638560073535287,0.9431973883765291,0.9705556963910335,0.9684739042483242,0.9615207490923539,0.0125322998472152
3_001_20200810_163112(8),0,0.9828692855986466,0.9799626430455846,0.978637967271005,0.9746106409881887,0.9790201342258562,0.0034299645945857545
3_001_20200810_163116(0),0,0.989172663017273,0.9852907000318546,0.9892987487655849,0.9866716354021007,0.9876084368042033,0.0019624354584141046
3_001_20200810_203208(7),0,0.9840973628110586,0.982655389337005,0.9769885184251008,0.9796778844113457,0.9808547887461275,0.0031669964247381375
3_001_20200810_203212(6),0,0.9684795183720246,0.960214538431072,0.9803306915065182,0.9764734737106316,0.9713745555050616,0.008928205494145762
3_001_20200826_023328(3),0,0.9651331897766809,0.9535914496485703,0.94381236101806,0.933406674141591,0.9489859186462255,0.013557578921537266
3_001_20200826_023332(5),0,0.980202994411906,0.9794170679945399,0.9793862150231042,0.9739962187320446,0.9782506240403986,0.0028613442629555393
3_001_20200826_043252(8),0,0.9822167769097159,0.9809892438913579,0.9822258364798145,0.9849151992658879,0.982586764136694,0.0016573915657593175
3_001_20200826_043255(8),0,0.9770200513210513,0.9744191322329769,0.981136270176877,0.9711674554196313,0.9759357272876341,0.004213386686870709
3_001_20200826_123711(3),0,0.967963983425583,0.9677879876388126,0.9733026179570723,0.9716845444880553,0.9701847833773808,0.002747529684021364
3_001_20200826_123714(5),0,0.9811846725411218,0.980140008198612,0.9770758468970749,0.976906032110445,0.9788266399368134,0.002163274111525223
3_001_20200922_163332(2),0,0.9743292380595515,0.9775339404076179,0.9772895619869097,0.981318210631436,0.9776177377713788,0.0028648706245595727
3_001_20200922_163335(3),0,0.9756915119880625,0.9790829007309482,0.9745621808714879,0.9771698540272439,0.9766266119044357,0.001954887392037549
