image_id,machine,timestamp,x1,y1,x2,y2,conf,p_cal,image_score,zone_prior,zone,tta_std
1_002_20200629_082648(6),1,2020-06-29 08:26:48,193.87998962402344,154.46530151367188,202.2962188720703,164.05465698242188,0.7181214690208435,0.9827803760183592,0.9827803760183592,reinspect,reinspect,0.000810200328018
1_002_20200629_082648(6),1,2020-06-29 08:26:48,189.57627868652344,131.92892456054688,198.3480834960937,141.41168212890625,0.7090358138084412,0.9815275428797604,0.9827803760183592,reinspect,reinspect,0.000810200328018
1_002_20200629_082648(6),1,2020-06-29 08:26:48,199.860092163086,186.36329650878903,208.4442443847656,195.7164459228516,0.706138014793396,0.9811146379815642,0.9827803760183592,reinspect,reinspect,0.000810200328018
1_002_20200629_082651(5),1,2020-06-29 08:26:51,202.0596160888672,154.1998748779297,211.0800323486328,163.9921112060547,0.710582435131073,0.9817452503779392,0.9817452503779392,reinspect,reinspect,0.0014776645189063
1_002_20200629_082651(5),1,2020-06-29 08:26:51,202.156967163086,212.1749267578125,210.6061553955078,221.3502349853516,0.6966814994812012,0.979720787400018,0.9817452503779392,reinspect,reinspect,0.0014776645189063
1_002_20200629_082651(5),1,2020-06-29 08:26:51,202.255111694336,178.7363739013672,210.7115020751953,187.75094604492188,0.6945489645004272,0.9793964119155112,0.9817452503779392,reinspect,reinspect,0.0014776645189063
1_002_20200629_123235(1),1,2020-06-29 12:32:35,194.1786651611328,197.9684600830078,203.09266662597656,207.4935607910156,0.715984046459198,0.9824912528366088,0.9824912528366088,reinspect,reinspect,0.00076985165388
1_002_20200629_123235(1),1,2020-06-29 12:32:35,189.79766845703125,174.220458984375,198.4019012451172,183.5216217041016,0.7121995091438293,0.9819709076694658,0.9824912528366088,reinspect,reinspect,0.00076985165388
1_002_20200629_123235(1),1,2020-06-29 12:32:35,201.9325408935547,228.88165283203125,210.0770263671875,237.7904815673828,0.6896229386329651,0.9786326009713172,0.9824912528366088,reinspect,reinspect,0.00076985165388
1_002_20200629_123239(5),1,2020-06-29 12:32:39,190.03005981445312,170.5600128173828,199.1692352294922,180.2250213623047,0.7196821570396423,0.982989342926139,0.982989342926139,reinspect,reinspect,0.0013299232083562
1_002_20200629_123239(5),1,2020-06-29 12:32:39,195.5887908935547,227.9444580078125,204.560791015625,237.38784790039065,0.7150973081588745,0.9823703032408956,0.982989342926139,reinspect,reinspect,0.0013299232083562
1_002_20200629_123239(5),1,2020-06-29 12:32:39,192.04156494140625,194.6776428222656,201.1064910888672,204.95556640625,0.7081294059753418,0.9813990932941742,0.982989342926139,reinspect,reinspect,0.0013299232083562
1_002_20200629_123244(1),1,2020-06-29 12:32:44,194.227783203125,168.26766967773438,203.289794921875,178.07113647460938,0.7170358300209045,0.9826339504206992,0.9826339504206992,reinspect,reinspect,0.0003756863461316
1_002_20200629_123244(1),1,2020-06-29 12:32:44,191.835693359375,144.12014770507812,201.02960205078125,153.8396759033203,0.7146698236465454,0.982311783795718,0.9826339504206992,reinspect,reinspect,0.0003756863461316
1_002_20200629_123244(1),1,2020-06-29 12:32:44,197.83209228515625,200.56808471679688,206.71241760253903,210.1773834228516,0.7048312425613403,0.9809262836863848,0.9826339504206992,reinspect,reinspect,0.0003756863461316
1_002_20200629_123244(1),1,2020-06-29 12:32:44,87.65826416015625,288.16619873046875,112.78076934814452,315.5179748535156,0.0010861983755603,0.0002168809424025,0.9826339504206992,reinspect,reinspect,0.0003756863461316
1_002_20200629_123248(5),1,2020-06-29 12:32:48,200.1042022705078,160.5262451171875,208.8850250244141,170.0517578125,0.7154480814933777,0.9824182187429849,0.9824182187429849,reinspect,reinspect,0.0008549085911967
1_002_20200629_123248(5),1,2020-06-29 12:32:48,205.58370971679688,192.6182403564453,213.982177734375,202.0412139892578,0.711742103099823,0.9819072812790772,0.9824182187429849,reinspect,reinspect,0.0008549085911967
1_002_20200629_123248(5),1,2020-06-29 12:32:48,197.7854766845703,136.0585479736328,206.6964874267578,145.76161193847656,0.7085551619529724,0.981459507832504,0.9824182187429849,reinspect,reinspect,0.0008549085911967
1_002_20200629_123253(1),1,2020-06-29 12:32:53,192.03836059570312,136.00711059570312,201.7186737060547,145.9842529296875,0.7126321196556091,0.9820309379951307,0.9820309379951307,reinspect,reinspect,0.000892905304527
1_002_20200629_123253(1),1,2020-06-29 12:32:53,195.8108062744141,160.53880310058594,204.3111724853516,169.88282775878906,0.7074137926101685,0.981297230137306,0.9820309379951307,reinspect,reinspect,0.000892905304527
1_002_20200629_123253(1),1,2020-06-29 12:32:53,199.7805938720703,192.2793884277344,208.8797607421875,201.8975372314453,0.7072580456733704,0.9812750075695594,0.9820309379951307,reinspect,reinspect,0.000892905304527
1_002_20200629_123257(5),1,2020-06-29 12:32:57,200.1154022216797,130.12698364257812,208.87033081054688,139.20030212402344,0.7063769698143005,0.9811489348688448,0.9811489348688448,reinspect,reinspect,0.0012665340791138
1_002_20200629_123257(5),1,2020-06-29 12:32:57,199.743392944336,154.30548095703125,207.9534454345703,163.39149475097656,0.7056552767753601,0.9810452143062632,0.9811489348688448,reinspect,reinspect,0.0012665340791138
1_002_20200629_123257(5),1,2020-06-29 12:32:57,197.85679626464844,186.5118103027344,206.6435089111328,196.0050048828125,0.70004802942276,0.9802252614794555,0.9811489348688448,reinspect,reinspect,0.0012665340791138
1_002_20200629_163454(3),1,2020-06-29 16:34:54,198.1577606201172,122.29802703857422,207.22662353515625,132.11343383789062,0.7292229533195496,0.9842282853227796,0.9842282853227796,reject,reject,0.000692218368409
1_002_20200629_163454(3),1,2020-06-29 16:34:54,201.61805725097656,148.08355712890625,209.78077697753903,157.28793334960938,0.7100329399108887,0.9816681130626228,0.9842282853227796,reject,reject,0.000692218368409
1_002_20200629_163454(3),1,2020-06-29 16:34:54,205.5569305419922,179.8839111328125,213.6913604736328,189.110107421875,0.7029587626457214,0.9806540337597546,0.9842282853227796,reject,reject,0.000692218368409
1_002_20200629_163457(3),1,2020-06-29 16:34:57,208.2189483642578,212.252670288086,217.16783142089844,221.9432678222656,0.7119818925857544,0.98194065656593,0.98194065656593,reinspect,reinspect,0.0006962692777235
1_002_20200629_163457(3),1,2020-06-29 16:34:57,203.71810913085932,180.7552032470703,211.894760131836,190.08465576171875,0.7113217711448669,0.981848670896342,0.98194065656593,reinspect,reinspect,0.0006962692777235
1_002_20200629_163457(3),1,2020-06-29 16:34:57,199.6200256347656,156.502197265625,208.30978393554688,165.8340301513672,0.711027979850769,0.981807624744228,0.98194065656593,reinspect,reinspect,0.0006962692777235
1_002_20200629_163500(2),1,2020-06-29 16:35:00,201.85678100585932,172.6009521484375,210.694580078125,182.19564819335932,0.716191291809082,0.982519435690577,0.982519435690577,reinspect,reinspect,0.0017467244480942
1_002_20200629_163500(2),1,2020-06-29 16:35:00,202.16403198242188,230.2881622314453,210.9361724853516,239.82931518554688,0.7036441564559937,0.9807540101786818,0.982519435690577,reinspect,reinspect,0.0017467244480942
1_002_20200629_163500(2),1,2020-06-29 16:35:00,202.242431640625,198.33627319335932,210.8051300048828,207.3631896972656,0.6900416016578674,0.9786983141049156,0.982519435690577,reinspect,reinspect,0.0017467244480942
1_002_20200629_163506(3),1,2020-06-29 16:35:06,198.13514709472656,159.75643920898438,207.01400756835932,169.34994506835938,0.7091184854507446,0.9815392267839004,0.9815392267839004,reinspect,reinspect,0.0011201595453967
1_002_20200629_163506(3),1,2020-06-29 16:35:06,206.03286743164065,216.04527282714844,214.53436279296875,225.4496154785156,0.7042770981788635,0.9808460036705664,0.9815392267839004,reinspect,reinspect,0.0011201595453967
1_002_20200629_163506(3),1,2020-06-29 16:35:06,201.89407348632807,184.3086853027344,210.24908447265625,193.6277313232422,0.6886543035507202,0.9784799915653368,0.9815392267839004,reinspect,reinspect,0.0011201595453967
1_002_20200629_163513(1),1,2020-06-29 16:35:13,181.654525756836,206.2266998291016,190.5773162841797,215.7196502685547,0.7210524678230286,0.9831713401119356,0.9831713401119356,reinspect,reinspect,0.0008620336618606
1_002_20200629_163513(1),1,2020-06-29 16:35:13,199.69482421875,259.185546875,207.5362091064453,267.84344482421875,0.7136560082435608,0.9821724484434764,0.9831713401119356,reinspect,reinspect,0.0008620336618606
1_002_20200629_163513(1),1,2020-06-29 16:35:13,188.9345703125,228.70899963378903,197.65460205078125,238.0597381591797,0.6919553279876709,0.97899679881571,0.9831713401119356,reinspect,reinspect,0.0008620336618606
1_002_20200629_163513(1),1,2020-06-29 16:35:13,197.30239868164065,257.5653991699219,208.2532196044922,267.4962158203125,0.0016964313108474,0.0004446219507114,0.9831713401119356,reinspect,reinspect,0.0008620336618606
1_002_20200629_163513(1),1,2020-06-29 16:35:13,177.0244598388672,329.21112060546875,186.2860412597656,332.0,0.0015687303384765,0.0003919729490556,0.9831713401119356,reinspect,reinspect,0.0008620336618606
1_002_20200629_163513(1),1,2020-06-29 16:35:13,181.3803100585937,329.17840576171875,190.6519317626953,332.0,0.0015348494052886,0.0003784303932603,0.9831713401119356,reinspect,reinspect,0.0008620336618606
1_002_20200629_163513(1),1,2020-06-29 16:35:13,172.51368713378906,329.2250366210937,181.78692626953125,332.0,0.0015161978080868,0.0003710525257354,0.9831713401119356,reinspect,reinspect,0.0008620336618606
1_002_20200629_163513(1),1,2020-06-29 16:35:13,168.0519256591797,329.2065734863281,177.37681579589844,332.0,0.0014383065281435,0.0003408420621623,0.9831713401119356,reinspect,reinspect,0.0008620336618606
1_002_20200629_163513(1),1,2020-06-29 16:35:13,163.65933227539062,329.1784362792969,173.08238220214844,332.0,0.0013381927274167,0.0003034602742056,0.9831713401119356,reinspect,reinspect,0.0008620336618606
1_002_20200629_163513(1),1,2020-06-29 16:35:13,185.6576232910156,329.1537170410156,195.05245971679688,332.0,0.0013216597726568,0.0002974464748224,0.9831713401119356,reinspect,reinspect,0.0008620336618606
1_002_20200629_163513(1),1,2020-06-29 16:35:13,190.04302978515625,329.1420288085937,199.50051879882807,332.0,0.0011157622793689,0.0002264626660723,0.9831713401119356,reinspect,reinspect,0.0008620336618606
1_002_20200629_163513(1),1,2020-06-29 16:35:13,159.1741180419922,329.1516418457031,168.69357299804688,332.0,0.0011138300178572,0.0002258316245213,0.9831713401119356,reinspect,reinspect,0.0008620336618606
1_002_20200629_163513(1),1,2020-06-29 16:35:13,194.43736267089844,329.12237548828125,204.0068359375,332.0,0.0010455830488353,0.0002039753026374,0.9831713401119356,reinspect,reinspect,0.0008620336618606
1_002_20200629_163520(3),1,2020-06-29 16:35:20,201.47149658203125,172.50772094726562,210.20704650878903,182.0543670654297,0.7154960632324219,0.982424765837848,0.982424765837848,reinspect,reinspect,0.0012964965849815
1_002_20200629_163520(3),1,2020-06-29 16:35:20,202.2989196777344,198.0808258056641,210.9979553222656,207.49685668945312,0.6988521218299866,0.9800471133475156,0.982424765837848,reinspect,reinspect,0.0012964965849815
1_002_20200629_163520(3),1,2020-06-29 16:35:20,204.10519409179688,230.0900115966797,213.14776611328125,239.87225341796875,0.6941917538642883,0.9793417086444108,0.982424765837848,reinspect,reinspect,0.0012964965849815
1_002_20200629_163520(3),1,2020-06-29 16:35:20,324.7426147460937,285.614990234375,333.64990234375,295.4985656738281,0.0051493677310645,0.0026611849235281,0.982424765837848,reinspect,reinspect,0.0012964965849815
1_002_20200629_202528(1),1,2020-06-29 20:25:28,196.4039459228516,98.26923370361328,205.6549835205078,108.19075012207033,0.7102940082550049,0.9817047904441808,0.9817047904441808,reinspect,reinspect,0.0012090189580766
1_002_20200629_202528(1),1,2020-06-29 20:25:28,197.8480682373047,155.89820861816406,206.5049285888672,165.31179809570312,0.7002292275428772,0.9802521524611312,0.9817047904441808,reinspect,reinspect,0.0012090189580766
1_002_20200629_202528(1),1,2020-06-29 20:25:28,197.5405731201172,122.62097930908205,205.9100799560547,131.87782287597656,0.693601667881012,0.9792511099136224,0.9817047904441808,reinspect,reinspect,0.0012090189580766
1_002_20200629_202532(5),1,2020-06-29 20:25:32,202.24459838867188,142.48565673828125,210.88124084472656,151.8486785888672,0.7058954834938049,0.9810797819104686,0.9810797819104686,reinspect,reinspect,0.001967945077313
1_002_20200629_202532(5),1,2020-06-29 20:25:32,202.0173492431641,174.5663299560547,210.79156494140625,183.981689453125,0.703307569026947,0.9807049599112666,0.9810797819104686,reinspect,reinspect,0.001967945077313
1_002_20200629_202532(5),1,2020-06-29 20:25:32,201.98789978027344,118.28270721435548,210.9420623779297,127.90559387207033,0.7009989619255066,0.980366090352587,0.9810797819104686,reinspect,reinspect,0.001967945077313
1_002_20200629_202537(0),1,2020-06-29 20:25:37,199.3778839111328,110.26066589355467,208.1020965576172,119.77075958251952,0.7125241160392761,0.9820159644538576,0.9820159644538576,reinspect,reinspect,0.0007157737637328
1_002_20200629_202537(0),1,2020-06-29 20:25:37,205.6608123779297,166.79954528808594,214.02052307128903,176.1309814453125,0.7051098942756653,0.9809665607186626,0.9820159644538576,reinspect,reinspect,0.0007157737637328
1_002_20200629_202537(0),1,2020-06-29 20:25:37,201.8833923339844,134.57984924316406,210.3831787109375,143.86961364746094,0.7035918235778809,0.9807463897245906,0.9820159644538576,reinspect,reinspect,0.0007157737637328
1_002_20200629_202537(0),1,2020-06-29 20:25:37,222.76577758789065,193.54928588867188,230.87109375,201.6638641357422,0.0162010341882705,0.0168778425526825,0.9820159644538576,reinspect,reinspect,0.0007157737637328
1_002_20200629_202541(5),1,2020-06-29 20:25:41,207.952392578125,186.83544921875,216.517333984375,196.1540985107422,0.7159644365310669,0.9824885844575534,0.9824885844575534,reinspect,reinspect,0.0008464334589577
1_002_20200629_202541(5),1,2020-06-29 20:25:41,204.0977020263672,139.8107147216797,212.80230712890625,148.8321990966797,0.6950905323028564,0.9794791453458572,0.9824885844575534,reinspect,reinspect,0.0008464334589577
1_002_20200629_202541(5),1,2020-06-29 20:25:41,206.02801513671875,161.57733154296875,213.97206115722656,169.9501190185547,0.6769151091575623,0.9765654640525694,0.9824885844575534,reinspect,reinspect,0.0008464334589577
1_002_20200629_202546(0),1,2020-06-29 20:25:46,212.33399963378903,127.81826782226562,221.66744995117188,137.43008422851562,0.7069882154464722,0.9812364622756776,0.9812364622756776,reinspect,reinspect,0.0006565775643525
1_002_20200629_202546(0),1,2020-06-29 20:25:46,214.42868041992188,150.319091796875,223.19911193847656,159.84039306640625,0.7056174874305725,0.9810397719911388,0.9812364622756776,reinspect,reinspect,0.0006565775643525
1_002_20200629_202546(0),1,2020-06-29 20:25:46,217.4343414306641,176.02413940429688,226.30470275878903,185.4103546142578,0.704980194568634,0.9809478212249542,0.9812364622756776,reinspect,reinspect,0.0006565775643525
1_002_20200629_202550(6),1,2020-06-29 20:25:50,209.84608459472656,158.1825408935547,217.90185546875,167.2655029296875,0.7048036456108093,0.9809222914118624,0.9809222914118624,reinspect,reinspect,0.0016157358401016
1_002_20200629_202550(6),1,2020-06-29 20:25:50,204.26071166992188,109.75569152832033,213.10557556152344,119.05779266357422,0.7027974724769592,0.9806304523805436,0.9809222914118624,reinspect,reinspect,0.0016157358401016
1_002_20200629_202550(6),1,2020-06-29 20:25:50,206.11160278320312,131.90602111816406,214.7093811035156,141.3789520263672,0.694744348526001,0.9794262881421152,0.9809222914118624,reinspect,reinspect,0.0016157358401016
1_002_20200630_002731(0),1,2020-06-30 00:27:31,209.95779418945312,178.43467712402344,218.7575836181641,187.8562469482422,0.7153589725494385,0.9824060552623872,0.9824060552623872,reinspect,reinspect,0.0009543803683974
1_002_20200630_002731(0),1,2020-06-30 00:27:31,209.6806182861328,152.06993103027344,217.88504028320312,161.12274169921875,0.709298849105835,0.9815646990345044,0.9824060552623872,reinspect,reinspect,0.0009543803683974
1_002_20200630_002731(0),1,2020-06-30 00:27:31,209.52359008789065,130.15170288085938,217.90182495117188,139.15777587890625,0.706395149230957,0.981151542300324,0.9824060552623872,reinspect,reinspect,0.0009543803683974
1_002_20200630_002735(3),1,2020-06-30 00:27:35,206.093994140625,178.81112670898438,214.2567138671875,187.79959106445312,0.7110300064086914,0.981807908105379,0.981807908105379,reinspect,reinspect,0.0011464215207531
1_002_20200630_002735(3),1,2020-06-30 00:27:35,206.1425018310547,152.45802307128906,214.5249938964844,161.65682983398438,0.7108265161514282,0.9817794395739926,0.981807908105379,reinspect,reinspect,0.0011464215207531
1_002_20200630_002735(3),1,2020-06-30 00:27:35,207.3146209716797,130.25686645507812,215.9457092285156,139.51828002929688,0.6977118849754333,0.97987617386926,0.981807908105379,reinspect,reinspect,0.0011464215207531
1_002_20200630_002735(3),1,2020-06-30 00:27:35,117.87384033203124,187.9329833984375,134.32476806640625,200.98416137695312,0.0153267066925764,0.0154375404185759,0.981807908105379,reinspect,reinspect,0.0011464215207531
1_002_20200630_002739(8),1,2020-06-30 00:27:39,211.6328887939453,149.68771362304688,220.10353088378903,159.18260192871094,0.719379723072052,0.9829489893380964,0.9829489893380964,reinspect,reinspect,0.0007016330329078
1_002_20200630_002739(8),1,2020-06-30 00:27:39,210.37217712402344,176.29051208496094,218.9329376220703,185.5951232910156,0.7027127742767334,0.9806180607870084,0.9829489893380964,reinspect,reinspect,0.0007016330329078
1_002_20200630_002739(8),1,2020-06-30 00:27:39,213.29855346679688,126.78968811035156,221.6744079589844,136.46896362304688,0.6966899037361145,0.9797220583249538,0.9829489893380964,reinspect,reinspect,0.0007016330329078
1_002_20200630_002739(8),1,2020-06-30 00:27:39,211.0994873046875,148.39114379882812,220.81935119628903,162.61534118652344,0.001044851145707,0.0002037454995015,0.9829489893380964,reinspect,reinspect,0.0007016330329078
1_002_20200630_002744(3),1,2020-06-30 00:27:44,207.80848693847656,166.4895782470703,216.35794067382807,175.66668701171875,0.7180050611495972,0.9827647174365516,0.9827647174365516,reinspect,reinspect,0.0004973994354514
1_002_20200630_002744(3),1,2020-06-30 00:27:44,198.3081970214844,109.9295883178711,207.06936645507807,119.64522552490234,0.7178362607955933,0.9827419934197336,0.9827647174365516,reinspect,reinspect,0.0004973994354514
1_002_20200630_002744(3),1,2020-06-30 00:27:44,202.18670654296875,134.4898223876953,210.7938842773437,143.84742736816406,0.7023707628250122,0.9805679651852522,0.9827647174365516,reinspect,reinspect,0.0004973994354514
1_002_20200630_002748(7),1,2020-06-30 00:27:48,193.84307861328125,150.71372985839844,202.8038024902344,161.08444213867188,0.7250714302062988,0.9836972262335544,0.9836972262335544,reject,reject,0.0009901447826184
1_002_20200630_002748(7),1,2020-06-30 00:27:48,189.94265747070312,126.41307830810548,199.0506591796875,136.1833953857422,0.7242195010185242,0.98358672615222,0.9836972262335544,reject,reject,0.0009901447826184
1_002_20200630_002748(7),1,2020-06-30 00:27:48,198.23800659179688,182.65548706054688,207.1900787353516,192.35723876953125,0.7092870473861694,0.9815630330809708,0.9836972262335544,reject,reject,0.0009901447826184
1_002_20200630_002753(4),1,2020-06-30 00:27:53,196.4344787597656,112.73259735107422,205.72157287597656,122.2549057006836,0.7177777290344238,0.9827341088929292,0.9827341088929292,reinspect,reinspect,0.001093323563752
1_002_20200630_002753(4),1,2020-06-30 00:27:53,199.61151123046875,136.48915100097656,208.39425659179688,146.10719299316406,0.7047525644302368,0.9809149002343226,0.9827341088929292,reinspect,reinspect,0.001093323563752
1_002_20200630_002753(4),1,2020-06-30 00:27:53,203.91653442382807,169.84681701660156,212.71902465820312,179.2902069091797,0.6961165070533752,0.9796352135772824,0.9827341088929292,reinspect,reinspect,0.001093323563752
1_002_20200630_002753(4),1,2020-06-30 00:27:53,210.90969848632807,193.33251953125,218.2154998779297,201.2178192138672,0.005205008201301,0.0027077051621337,0.9827341088929292,reinspect,reinspect,0.001093323563752
1_002_20200630_042952(6),1,2020-06-30 04:29:52,195.52247619628903,152.79721069335938,204.9783477783203,163.414794921875,0.7262552380561829,0.9838499083343312,0.9838499083343312,reject,reject,0.0006769234185811
1_002_20200630_042952(6),1,2020-06-30 04:29:52,198.36447143554688,176.83750915527344,207.2212371826172,187.10989379882807,0.7149000763893127,0.9823433207893963,0.9838499083343312,reject,reject,0.0006769234185811
1_002_20200630_042952(6),1,2020-06-30 04:29:52,202.2862091064453,209.8060760498047,211.72889709472656,219.67921447753903,0.7131388187408447,0.9821010678403648,0.9838499083343312,reject,reject,0.0006769234185811
1_002_20200630_042956(9),1,2020-06-30 04:29:56,196.12582397460932,166.6414794921875,205.12928771972656,176.0937957763672,0.7118774652481079,0.98192612716838,0.98192612716838,reinspect,reinspect,0.0005900860727806
1_002_20200630_042956(9),1,2020-06-30 04:29:56,193.77392578125,134.53440856933594,202.31771850585932,143.7447967529297,0.7096927165985107,0.9816202363362626,0.98192612716838,reinspect,reinspect,0.0005900860727806
1_002_20200630_042956(9),1,2020-06-30 04:29:56,191.40386962890625,110.0186996459961,200.45965576171875,119.57240295410156,0.7088262438774109,0.9814979008262178,0.98192612716838,reinspect,reinspect,0.0005900860727806
1_002_20200630_043001(5),1,2020-06-30 04:30:01,192.05487060546875,146.39833068847656,200.77249145507807,155.8184814453125,0.7140893936157227,0.982232106567391,0.982232106567391,reinspect,reinspect,0.0009837391263326
1_002_20200630_043001(5),1,2020-06-30 04:30:01,189.9132080078125,121.74261474609376,198.9364013671875,131.586181640625,0.7137974500656128,0.9821919344018626,0.982232106567391,reinspect,reinspect,0.0009837391263326
1_002_20200630_043001(5),1,2020-06-30 04:30:01,195.71731567382807,178.25885009765625,204.73048400878903,187.75656127929688,0.7088512182235718,0.9815014350426786,0.982232106567391,reinspect,reinspect,0.0009837391263326
1_002_20200630_043009(0),1,2020-06-30 04:30:09,208.2627868652344,180.00518798828125,217.82733154296875,189.5903778076172,0.7101626992225647,0.9816863494598068,0.9816863494598068,reinspect,reinspect,0.0003751044378949
1_002_20200630_043009(0),1,2020-06-30 04:30:09,207.6378631591797,153.57638549804688,216.12808227539065,163.1575164794922,0.6986058354377747,0.980010280968482,0.9816863494598068,reinspect,reinspect,0.0003751044378949
1_002_20200630_043009(0),1,2020-06-30 04:30:09,207.2179718017578,131.83868408203125,215.55116271972656,140.6158905029297,0.6946029663085938,0.9794046725203348,0.9816863494598068,reinspect,reinspect,0.0003751044378949
1_002_20200630_043018(1),1,2020-06-30 04:30:18,212.08297729492188,188.33306884765625,220.83956909179688,197.55242919921875,0.7139632105827332,0.9822147513804688,0.9822147513804688,reinspect,reinspect,0.0012825083663434
1_002_20200630_043018(1),1,2020-06-30 04:30:18,210.27003479003903,166.38858032226562,219.29904174804688,176.05419921875,0.7048938870429993,0.980935343828036,0.9822147513804688,reinspect,reinspect,0.0012825083663434
1_002_20200630_043018(1),1,2020-06-30 04:30:18,215.65660095214844,214.40219116210932,224.06739807128903,223.50799560546875,0.6863837838172913,0.978119114272242,0.9822147513804688,reinspect,reinspect,0.0012825083663434
1_002_20200630_043022(7),1,2020-06-30 04:30:22,210.52622985839844,125.38075256347656,219.7315216064453,135.40280151367188,0.7133787870407104,0.9821342126293608,0.9821342126293608,reinspect,reinspect,0.0012818825459523
1_002_20200630_043022(7),1,2020-06-30 04:30:22,209.8300323486328,152.22872924804688,218.1088409423828,161.221923828125,0.7076764106750488,0.9813346585868228,0.9821342126293608,reinspect,reinspect,0.0012818825459523
1_002_20200630_043022(7),1,2020-06-30 04:30:22,212.6298370361328,103.83192443847656,221.1646728515625,112.70782470703124,0.6934417486190796,0.9792265066775752,0.9821342126293608,reinspect,reinspect,0.0012818825459523
1_002_20200630_083021(2),1,2020-06-30 08:30:21,203.3756256103516,202.01271057128903,211.94635009765625,211.3553009033203,0.7133680582046509,0.9821327316797548,0.9821327316797548,reinspect,reinspect,0.0006268668461789
1_002_20200630_083021(2),1,2020-06-30 08:30:21,197.9439697265625,145.68145751953125,207.04928588867188,155.43399047851562,0.706872820854187,0.9812199607474456,0.9821327316797548,reinspect,reinspect,0.0006268668461789
1_002_20200630_083021(2),1,2020-06-30 08:30:21,199.98741149902344,168.8954620361328,208.5036773681641,178.32044982910156,0.7019268274307251,0.980502800780365,0.9821327316797548,reinspect,reinspect,0.0006268668461789
1_002_20200630_083024(2),1,2020-06-30 08:30:24,183.909912109375,164.46824645996094,192.61866760253903,173.99002075195312,0.717799961566925,0.9827371040282914,0.9827371040282914,reinspect,reinspect,0.0014392185506025
1_002_20200630_083024(2),1,2020-06-30 08:30:24,189.8510131835937,187.9604949951172,198.4861602783203,197.46749877929688,0.7112640738487244,0.981840615118388,0.9827371040282914,reinspect,reinspect,0.0014392185506025
1_002_20200630_083024(2),1,2020-06-30 08:30:24,197.96339416503903,218.5529022216797,206.642822265625,227.81951904296875,0.7051701545715332,0.9809752628283416,0.9827371040282914,reinspect,reinspect,0.0014392185506025
1_002_20200630_083028(7),1,2020-06-30 08:30:28,202.2438507080078,190.19204711914065,211.08920288085932,199.68112182617188,0.7034921646118164,0.980731871854058,0.980731871854058,reinspect,reinspect,0.0011687784025269
1_002_20200630_083028(7),1,2020-06-30 08:30:28,200.2392425537109,134.0336456298828,209.033935546875,143.2887725830078,0.703289806842804,0.9807023689547988,0.980731871854058,reinspect,reinspect,0.0011687784025269
1_002_20200630_083028(7),1,2020-06-30 08:30:28,201.5526733398437,158.09384155273438,209.766357421875,167.06033325195312,0.6965732574462891,0.9797044134121596,0.980731871854058,reinspect,reinspect,0.0011687784025269
1_002_20200630_083033(2),1,2020-06-30 08:30:33,198.10870361328125,124.0655517578125,207.02720642089844,133.74227905273438,0.7135168313980103,0.9821532597226956,0.9821532597226956,reinspect,reinspect,0.00078221228087
1_002_20200630_083033(2),1,2020-06-30 08:30:33,195.58203125,180.54129028320312,204.041244506836,189.7441253662109,0.709397554397583,0.9815786282435977,0.9821532597226956,reinspect,reinspect,0.00078221228087
1_002_20200630_083033(2),1,2020-06-30 08:30:33,196.6164703369141,148.1328887939453,205.7169189453125,157.8414764404297,0.7043962478637695,0.9808632856537564,0.9821532597226956,reinspect,reinspect,0.00078221228087
1_002_20200630_083037(7),1,2020-06-30 08:30:37,197.9692840576172,198.0150756835937,206.85797119140625,207.62127685546875,0.7156291604042053,0.9824429178576534,0.9824429178576534,reinspect,reinspect,0.0009234100010469
1_002_20200630_083037(7),1,2020-06-30 08:30:37,197.5521850585937,140.56716918945312,206.2370758056641,150.0507049560547,0.7050519585609436,0.9809581915945276,0.9824429178576534,reinspect,reinspect,0.0009234100010469
1_002_20200630_083037(7),1,2020-06-30 08:30:37,197.9216461181641,164.86871337890625,206.0987091064453,173.93270874023438,0.7039252519607544,0.9807949046496138,0.9824429178576534,reinspect,reinspect,0.0009234100010469
1_002_20200630_083042(2),1,2020-06-30 08:30:42,198.630126953125,139.2608184814453,207.9044647216797,149.46058654785156,0.7263632416725159,0.983863788261682,0.983863788261682,reject,reject,0.0006363848637157
1_002_20200630_083042(2),1,2020-06-30 08:30:42,198.3479766845703,164.14036560058594,206.86264038085932,173.2686004638672,0.7024350166320801,0.9805773838002244,0.983863788261682,reject,reject,0.0006363848637157
1_002_20200630_083042(2),1,2020-06-30 08:30:42,197.82931518554688,196.47006225585932,206.6446990966797,205.87713623046875,0.7010039687156677,0.9803668299047976,0.983863788261682,reject,reject,0.0006363848637157
1_002_20200630_123220(5),1,2020-06-30 12:32:20,195.20669555664065,200.8790435791016,204.123046875,211.29786682128903,0.7203834652900696,0.983082659044224,0.983082659044224,reinspect,reinspect,0.0005597531372536
1_002_20200630_123220(5),1,2020-06-30 12:32:20,205.8746337890625,257.7785949707031,214.517333984375,267.1729736328125,0.7143551111221313,0.98226861392307,0.983082659044224,reinspect,reinspect,0.0005597531372536
1_002_20200630_123220(5),1,2020-06-30 12:32:20,199.7237548828125,226.36395263671875,207.8418884277344,235.5328063964844,0.702971339225769,0.9806558716419792,0.983082659044224,reinspect,reinspect,0.0005597531372536
1_002_20200630_123220(5),1,2020-06-30 12:32:20,181.20606994628903,329.0997009277344,190.78477478027344,332.0,0.0011633154936134,0.0002422020008531,0.983082659044224,reinspect,reinspect,0.0005597531372536
1_002_20200630_123220(5),1,2020-06-30 12:32:20,185.60728454589844,329.09930419921875,195.1909942626953,332.0,0.0011630976805463,0.0002421289962892,0.983082659044224,reinspect,reinspect,0.0005597531372536
1_002_20200630_123220(5),1,2020-06-30 12:32:20,190.0087890625,329.0965576171875,199.59689331054688,332.0,0.0011417064815759,0.0002350000615401,0.983082659044224,reinspect,reinspect,0.0005597531372536
1_002_20200630_123220(5),1,2020-06-30 12:32:20,176.7778778076172,329.0960388183594,186.38528442382807,332.0,0.0011404515244066,0.0002345843414277,0.983082659044224,reinspect,reinspect,0.0005597531372536
1_002_20200630_123220(5),1,2020-06-30 12:32:20,194.397705078125,329.0928039550781,204.0116271972656,332.0,0.0011241200845688,0.000229199857792,0.983082659044224,reinspect,reinspect,0.0005597531372536
1_002_20200630_123220(5),1,2020-06-30 12:32:20,172.36453247070312,329.0885925292969,182.02655029296875,332.0,0.0011064311256632,0.0002234214618348,0.983082659044224,reinspect,reinspect,0.0005597531372536
1_002_20200630_123220(5),1,2020-06-30 12:32:20,198.7903289794922,329.09063720703125,208.4109649658203,332.0,0.0010949480347335,0.0002197003455699,0.983082659044224,reinspect,reinspect,0.0005597531372536
1_002_20200630_123220(5),1,2020-06-30 12:32:20,203.1770172119141,329.0887145996094,212.8184356689453,332.0,0.0010548110585659,0.0002068811338843,0.983082659044224,reinspect,reinspect,0.0005597531372536
1_002_20200630_123224(9),1,2020-06-30 12:32:24,202.0814819335937,136.28298950195312,211.198471069336,146.0453643798828,0.71625155210495,0.9825276243233556,0.9825276243233556,reinspect,reinspect,0.0009953320946559
1_002_20200630_123224(9),1,2020-06-30 12:32:24,205.61749267578125,194.4028167724609,214.1992950439453,203.9168701171875,0.709345817565918,0.98157132812487,0.9825276243233556,reinspect,reinspect,0.0009953320946559
1_002_20200630_123224(9),1,2020-06-30 12:32:24,203.7311248779297,162.20333862304688,212.3241424560547,171.3206329345703,0.7090873718261719,0.9815348301465292,0.9825276243233556,reinspect,reinspect,0.0009953320946559
1_002_20200630_123229(5),1,2020-06-30 12:32:29,188.5181427001953,164.60011291503906,197.75924682617188,174.28231811523438,0.7127485275268555,0.982047066747774,0.982047066747774,reinspect,reinspect,0.0013392405023509
1_002_20200630_123229(5),1,2020-06-30 12:32:29,191.9537353515625,188.6540985107422,201.42202758789065,199.21487426757807,0.7027264833450317,0.9806200668523992,0.982047066747774,reinspect,reinspect,0.0013392405023509
1_002_20200630_123229(5),1,2020-06-30 12:32:29,198.536376953125,222.11209106445312,206.85777282714844,231.3079376220703,0.6832244396209717,0.9776095302263969,0.982047066747774,reinspect,reinspect,0.0013392405023509
1_002_20200630_123234(0),1,2020-06-30 12:32:34,200.09097290039065,152.28970336914062,209.3043365478516,161.8223114013672,0.724662184715271,0.9836442099109188,0.9836442099109188,reject,reject,0.0003480498060601
1_002_20200630_123234(0),1,2020-06-30 12:32:34,205.49270629882807,210.33551025390625,213.74029541015625,219.52740478515625,0.709913969039917,0.9816513814640556,0.9836442099109188,reject,reject,0.0003480498060601
1_002_20200630_123234(0),1,2020-06-30 12:32:34,201.9735717773437,176.34368896484375,210.8238220214844,186.07020568847656,0.6895936727523804,0.97862800183315,0.9836442099109188,reject,reject,0.0003480498060601
1_002_20200630_123234(0),1,2020-06-30 12:32:34,208.488037109375,317.7679138183594,218.62158203125,327.32684326171875,0.0030559741426259,0.0011475757566313,0.9836442099109188,reject,reject,0.0003480498060601
1_002_20200630_123234(0),1,2020-06-30 12:32:34,265.8143615722656,270.1343078613281,274.60015869140625,279.4383544921875,0.0024920105934143,0.0008260699474535,0.9836442099109188,reject,reject,0.0003480498060601
1_002_20200630_123238(5),1,2020-06-30 12:32:38,201.2870483398437,142.25294494628906,210.04039001464844,151.7643585205078,0.7175597548484802,0.9827047242577488,0.9827047242577488,reinspect,reinspect,0.0015697007123177
1_002_20200630_123238(5),1,2020-06-30 12:32:38,203.6901092529297,166.9069061279297,212.70428466796875,177.25123596191406,0.7144656181335449,0.9822837809524744,0.9827047242577488,reinspect,reinspect,0.0015697007123177
1_002_20200630_123238(5),1,2020-06-30 12:32:38,207.91114807128903,199.9133453369141,216.85482788085932,209.4837951660156,0.7042719721794128,0.980845259921006,0.9827047242577488,reinspect,reinspect,0.0015697007123177
1_002_20200630_123243(0),1,2020-06-30 12:32:43,203.4903717041016,203.8988037109375,211.9449462890625,213.14682006835932,0.7153041362762451,0.9823985670767156,0.9823985670767156,reinspect,reinspect,0.0005931313812419
1_002_20200630_123243(0),1,2020-06-30 12:32:43,199.94271850585932,146.05294799804688,209.33534240722656,155.92495727539062,0.7078936100006104,0.981365573286733,0.9823985670767156,reinspect,reinspect,0.0005931313812419
1_002_20200630_123243(0),1,2020-06-30 12:32:43,201.6422119140625,170.29986572265625,210.2685546875,179.5831298828125,0.6946529150009155,0.979412310965714,0.9823985670767156,reinspect,reinspect,0.0005931313812419
1_002_20200630_163223(6),1,2020-06-30 16:32:23,203.3188934326172,154.5350341796875,211.8101348876953,163.9021453857422,0.711966872215271,0.9819385672341964,0.9819385672341964,reinspect,reinspect,0.001104170973722
1_002_20200630_163223(6),1,2020-06-30 16:32:23,205.7432861328125,202.16958618164065,214.45184326171875,211.755111694336,0.7031916975975037,0.9806880533032302,0.9819385672341964,reinspect,reinspect,0.001104170973722
1_002_20200630_163223(6),1,2020-06-30 16:32:23,203.9696655273437,176.40760803222656,212.5286407470703,185.62594604492188,0.7016432285308838,0.9804610891290884,0.9819385672341964,reinspect,reinspect,0.001104170973722
1_002_20200630_163227(9),1,2020-06-30 16:32:27,206.6422882080078,162.3468780517578,215.6727905273437,171.97262573242188,0.7041563987731934,0.9808284854308272,0.9808284854308272,reinspect,reinspect,0.0015016112081851
1_002_20200630_163227(9),1,2020-06-30 16:32:27,209.725326538086,188.6104736328125,217.80572509765625,197.524169921875,0.6987441778182983,0.9800309762942548,0.9808284854308272,reinspect,reinspect,0.0015016112081851
1_002_20200630_163227(9),1,2020-06-30 16:32:27,205.91656494140625,140.48220825195312,214.39752197265625,150.1081085205078,0.6952511668205261,0.979503638119966,0.9808284854308272,reinspect,reinspect,0.0015016112081851
1_002_20200630_163227(9),1,2020-06-30 16:32:27,97.49835968017578,173.8768768310547,138.3311309814453,201.5748748779297,0.0091668413951992,0.006745032533064,0.9808284854308272,reinspect,reinspect,0.0015016112081851
1_002_20200630_163232(4),1,2020-06-30 16:32:32,208.1723480224609,180.8119506835937,216.7074279785156,189.82568359375,0.6982496380805969,0.9799569238073004,0.9799569238073004,reinspect,reinspect,0.0007729172989223
1_002_20200630_163232(4),1,2020-06-30 16:32:32,208.13348388671875,159.9033203125,216.5263214111328,168.6090545654297,0.6934234499931335,0.9792236901101892,0.9799569238073004,reinspect,reinspect,0.0007729172989223
1_002_20200630_163232(4),1,2020-06-30 16:32:32,209.7931671142578,206.68463134765625,217.6913299560547,215.7825164794922,0.6921008229255676,0.9790193651900112,0.9799569238073004,reinspect,reinspect,0.0007729172989223
1_002_20200630_163237(0),1,2020-06-30 16:32:37,213.96243286132807,186.3578491210937,222.7736358642578,196.03233337402344,0.7155358195304871,0.9824301892633004,0.9824301892633004,reinspect,reinspect,0.0004497115344933
1_002_20200630_163237(0),1,2020-06-30 16:32:37,212.6446685791016,160.9025115966797,221.13951110839844,169.76283264160156,0.6950486898422241,0.979472761897464,0.9824301892633004,reinspect,reinspect,0.0004497115344933
1_002_20200630_163237(0),1,2020-06-30 16:32:37,211.96192932128903,139.95033264160156,220.3326416015625,148.62387084960938,0.6910262107849121,0.9788522710482004,0.9824301892633004,reinspect,reinspect,0.0004497115344933
1_002_20200630_163241(3),1,2020-06-30 16:32:41,209.75811767578125,190.4441680908203,217.7750396728516,199.4462890625,0.7135113477706909,0.9821525033781268,0.9821525033781268,reinspect,reinspect,0.0015924383934802
1_002_20200630_163241(3),1,2020-06-30 16:32:41,207.92233276367188,164.21900939941406,216.29559326171875,173.35484313964844,0.7062844038009644,0.981135654316785,0.9821525033781268,reinspect,reinspect,0.0015924383934802
1_002_20200630_163241(3),1,2020-06-30 16:32:41,206.264877319336,142.25987243652344,214.9841766357422,151.9292755126953,0.6989133358001709,0.9800562602933456,0.9821525033781268,reinspect,reinspect,0.0015924383934802
1_002_20200630_163246(0),1,2020-06-30 16:32:46,205.6344451904297,142.13226318359375,213.77951049804688,151.1029052734375,0.7131333947181702,0.9821003181605834,0.9821003181605834,reinspect,reinspect,0.000330315453113
1_002_20200630_163246(0),1,2020-06-30 16:32:46,208.3535919189453,163.05409240722656,216.6039276123047,171.8036651611328,0.7117671370506287,0.9819107677043593,0.9821003181605834,reinspect,reinspect,0.000330315453113
1_002_20200630_163246(0),1,2020-06-30 16:32:46,211.8215789794922,188.67874145507807,220.35549926757807,197.8573303222656,0.7010291218757629,0.9803705449686358,0.9821003181605834,reinspect,reinspect,0.000330315453113
1_002_20200630_163246(0),1,2020-06-30 16:32:46,206.11378479003903,161.11610412597656,216.7719116210937,171.06007385253906,0.0015794264618307,0.0003962857507425,0.9821003181605834,reinspect,reinspect,0.000330315453113
1_002_20200630_202821(1),1,2020-06-30 20:28:21,192.5937347412109,137.75035095214844,201.4929656982422,147.37054443359375,0.7085522413253784,0.9814590938770088,0.9814590938770088,reinspect,reinspect,0.0006790812215076
1_002_20200630_202821(1),1,2020-06-30 20:28:21,204.23057556152344,192.14041137695312,212.9447784423828,201.53224182128903,0.7060267925262451,0.9810986591010226,0.9814590938770088,reinspect,reinspect,0.0006790812215076
1_002_20200630_202821(1),1,2020-06-30 20:28:21,198.05288696289065,160.11363220214844,206.22164916992188,169.3760528564453,0.6924701929092407,0.9790765747549935,0.9814590938770088,reinspect,reinspect,0.0006790812215076
1_002_20200630_202825(8),1,2020-06-30 20:28:25,187.39463806152344,169.79129028320312,196.04864501953125,179.28067016601562,0.7185150980949402,0.982833250512691,0.982833250512691,reinspect,reinspect,0.0006555368110298
1_002_20200630_202825(8),1,2020-06-30 20:28:25,190.57644653320312,192.5442047119141,199.65977478027344,202.3558807373047,0.7141363024711609,0.9822385553301756,0.982833250512691,reinspect,reinspect,0.0006555368110298
1_002_20200630_202825(8),1,2020-06-30 20:28:25,196.1924285888672,224.597900390625,204.93511962890625,233.87387084960932,0.7061646580696106,0.981118464276308,0.982833250512691,reinspect,reinspect,0.0006555368110298
1_002_20200630_202830(0),1,2020-06-30 20:28:30,192.14923095703125,136.40476989746094,201.2815704345703,146.1129913330078,0.7151893973350525,0.9823828915459968,0.9823828915459968,reinspect,reinspect,0.0008241239431376
1_002_20200630_202830(0),1,2020-06-30 20:28:30,192.02392578125,160.41517639160156,200.6664123535156,169.86070251464844,0.712908148765564,0.9820691661078612,0.9823828915459968,reinspect,reinspect,0.0008241239431376
1_002_20200630_202830(0),1,2020-06-30 20:28:30,191.9140625,192.786376953125,200.8493194580078,202.90928649902344,0.7055019736289978,0.98102312904164,0.9823828915459968,reinspect,reinspect,0.0008241239431376
1_002_20200630_202834(7),1,2020-06-30 20:28:34,209.75765991210932,138.3339080810547,218.51510620117188,147.91058349609375,0.7196130156517029,0.98298012337387,0.98298012337387,reinspect,reinspect,0.0006348685130171
1_002_20200630_202834(7),1,2020-06-30 20:28:34,208.2167358398437,111.94049835205078,217.23587036132807,121.6715087890625,0.6996864676475525,0.9801715239075132,0.98298012337387,reinspect,reinspect,0.0006348685130171
1_002_20200630_202834(7),1,2020-06-30 20:28:34,208.1563873291016,89.90324401855469,216.7406768798828,98.77597045898438,0.6893656253814697,0.9785921391416538,0.98298012337387,reinspect,reinspect,0.0006348685130171
1_002_20200630_202839(2),1,2020-06-30 20:28:39,207.7268829345703,214.1211853027344,215.7944793701172,223.2068634033203,0.7142825126647949,0.9822586448024038,0.9822586448024038,reinspect,reinspect,0.0006763414073611
1_002_20200630_202839(2),1,2020-06-30 20:28:39,203.8234100341797,192.1201629638672,212.6747131347656,201.79806518554688,0.7103191614151001,0.9817083214272824,0.9822586448024038,reinspect,reinspect,0.0006763414073611
1_002_20200630_202839(2),1,2020-06-30 20:28:39,211.7751007080078,239.09927368164065,220.5176544189453,249.0697021484375,0.7088801860809326,0.9815055337903816,0.9822586448024038,reinspect,reinspect,0.0006763414073611
1_002_20200630_202839(2),1,2020-06-30 20:28:39,157.6072235107422,318.2980041503906,166.3868865966797,327.8797607421875,0.0253291465342044,0.0345246121203533,0.9822586448024038,reinspect,reinspect,0.0006763414073611
1_002_20200630_202839(2),1,2020-06-30 20:28:39,164.72445678710938,329.64910888671875,174.37657165527344,332.0,0.0032954297494143,0.001295930336106,0.9822586448024038,reinspect,reinspect,0.0006763414073611
1_002_20200630_202839(2),1,2020-06-30 20:28:39,168.04820251464844,329.1663818359375,177.92047119140625,332.0,0.001988552045077,0.0005742802289064,0.9822586448024038,reinspect,reinspect,0.0006763414073611
1_002_20200630_202843(7),1,2020-06-30 20:28:43,205.9884033203125,160.25860595703125,214.2784881591797,169.5252227783203,0.712520182132721,0.9820154188922134,0.9820154188922134,reinspect,reinspect,0.0016095301447992
1_002_20200630_202843(7),1,2020-06-30 20:28:43,209.7989196777344,208.264404296875,218.476791381836,217.8031311035156,0.709395170211792,0.9815782918781132,0.9820154188922134,reinspect,reinspect,0.0016095301447992
1_002_20200630_202843(7),1,2020-06-30 20:28:43,207.98922729492188,182.4746551513672,216.21908569335932,191.54150390625,0.7039622068405151,0.9808002762671408,0.9820154188922134,reinspect,reinspect,0.0016095301447992
1_002_20200701_003844(7),1,2020-07-01 00:38:44,195.42173767089844,118.36897277832033,204.42242431640625,127.90884399414062,0.7174184322357178,0.9826856539734165,0.9826856539734165,reinspect,reinspect,0.0005149557843062
1_002_20200701_003844(7),1,2020-07-01 00:38:44,199.930404663086,174.7933807373047,208.80386352539065,184.1420745849609,0.7090240120887756,0.9815258745220444,0.9826856539734165,reinspect,reinspect,0.0005149557843062
1_002_20200701_003844(7),1,2020-07-01 00:38:44,197.86734008789065,142.34475708007812,206.09364318847656,151.63433837890625,0.7062222957611084,0.9811267398332296,0.9826856539734165,reinspect,reinspect,0.0005149557843062
1_002_20200701_003844(7),1,2020-07-01 00:38:44,222.3047790527344,58.63167953491211,231.0404510498047,67.54956817626953,0.0022024235222488,0.0006769965843897,0.9826856539734165,reinspect,reinspect,0.0005149557843062
1_002_20200701_003849(2),1,2020-07-01 00:38:49,199.53326416015625,92.51885986328124,208.05044555664065,101.88573455810548,0.7205870151519775,0.983109675754753,0.983109675754753,reinspect,reinspect,0.0005520140392339
1_002_20200701_003849(2),1,2020-07-01 00:38:49,196.4596405029297,150.1837921142578,205.01954650878903,159.36892700195312,0.704679012298584,0.980904254002187,0.983109675754753,reinspect,reinspect,0.0005520140392339
1_002_20200701_003849(2),1,2020-07-01 00:38:49,198.129135131836,117.04864501953124,206.4282073974609,126.0067901611328,0.690353274345398,0.9787471373099524,0.983109675754753,reinspect,reinspect,0.0005520140392339
1_002_20200701_003853(8),1,2020-07-01 00:38:53,195.5053253173828,148.3367156982422,203.9750061035156,157.70370483398438,0.7197577357292175,0.9829994168231408,0.9829994168231408,reinspect,reinspect,0.0003955104295424
1_002_20200701_003853(8),1,2020-07-01 00:38:53,191.9092559814453,124.15455627441406,200.8004302978516,133.77001953125,0.7139739394187927,0.9822162274908692,0.9829994168231408,reinspect,reinspect,0.0003955104295424
1_002_20200701_003853(8),1,2020-07-01 00:38:53,199.8434295654297,180.2886199951172,208.76535034179688,189.70562744140625,0.7123572826385498,0.9819928173225466,0.9829994168231408,reinspect,reinspect,0.0003955104295424
1_002_20200701_003858(2),1,2020-07-01 00:38:58,209.7772674560547,176.61328125,218.43927001953125,185.90084838867188,0.7084139585494995,0.9814394867663996,0.9814394867663996,reinspect,reinspect,0.0010720297000746
1_002_20200701_003858(2),1,2020-07-01 00:38:58,206.08575439453125,151.96633911132812,214.52853393554688,161.09625244140625,0.7073328495025635,0.98128568323102,0.9814394867663996,reinspect,reinspect,0.0010720297000746
1_002_20200701_003858(2),1,2020-07-01 00:38:58,202.32711791992188,130.01446533203125,211.2579803466797,139.52476501464844,0.6926354765892029,0.9791021374501676,0.9814394867663996,reinspect,reinspect,0.0010720297000746
1_002_20200701_003902(7),1,2020-07-01 00:39:02,211.506103515625,140.3823699951172,220.2809295654297,150.1715545654297,0.7184267640113831,0.9828213949694512,0.9828213949694512,reinspect,reinspect,0.0004626992173784
1_002_20200701_003902(7),1,2020-07-01 00:39:02,217.7234344482422,188.63473510742188,226.37673950195312,197.83970642089844,0.708151638507843,0.9814022515671418,0.9828213949694512,reinspect,reinspect,0.0004626992173784
1_002_20200701_003902(7),1,2020-07-01 00:39:02,214.14796447753903,162.9147491455078,222.5243530273437,171.72914123535156,0.7057226300239563,0.9810549115426213,0.9828213949694512,reinspect,reinspect,0.0004626992173784
1_002_20200701_003907(0),1,2020-07-01 00:39:07,207.89756774902344,176.94752502441406,216.05441284179688,186.0676422119141,0.714446485042572,0.9822811556058612,0.9822811556058612,reinspect,reinspect,0.0008961140768176
1_002_20200701_003907(0),1,2020-07-01 00:39:07,202.0616912841797,129.87002563476562,210.38829040527344,138.8294219970703,0.6992443799972534,0.9801056740087454,0.9822811556058612,reinspect,reinspect,0.0008961140768176
1_002_20200701_003907(0),1,2020-07-01 00:39:07,204.054916381836,151.53704833984375,212.82638549804688,160.95123291015625,0.6975297927856445,0.9798487769612492,0.9822811556058612,reinspect,reinspect,0.0008961140768176
1_002_20200701_042952(8),1,2020-07-01 04:29:52,193.8343963623047,150.83636474609375,202.44207763671875,160.39895629882812,0.7196769118309021,0.9829886436352496,0.9829886436352496,reinspect,reinspect,0.0003339628466194
1_002_20200701_042952(8),1,2020-07-01 04:29:52,190.1478271484375,126.80899047851562,199.34646606445312,137.14723205566406,0.7183107733726501,0.9828058187899898,0.9829886436352496,reinspect,reinspect,0.0003339628466194
1_002_20200701_042952(8),1,2020-07-01 04:29:52,198.04481506347656,182.9449005126953,207.1942138671875,193.11090087890625,0.7044233083724976,0.9808672090583638,0.9829886436352496,reinspect,reinspect,0.0003339628466194
1_002_20200701_042957(2),1,2020-07-01 04:29:57,199.46376037597656,184.3465881347656,208.44039916992188,193.83901977539065,0.7173099517822266,0.9826710053733484,0.9826710053733484,reinspect,reinspect,9.665075230050496e-05
1_002_20200701_042957(2),1,2020-07-01 04:29:57,191.964096069336,127.94667053222656,201.09315490722656,137.70094299316406,0.7137753963470459,0.9821888971334914,0.9826710053733484,reinspect,reinspect,9.665075230050496e-05
1_002_20200701_042957(2),1,2020-07-01 04:29:57,195.6786499023437,152.24966430664062,203.94093322753903,161.4750518798828,0.7010155320167542,0.9803685378410488,0.9826710053733484,reinspect,reinspect,9.665075230050496e-05
1_002_20200701_043001(6),1,2020-07-01 04:30:01,196.31521606445312,168.13511657714844,205.7429962158203,178.12924194335938,0.702729344367981,0.9806204854905852,0.9806204854905852,reinspect,reinspect,0.001105978753875
1_002_20200701_043001(6),1,2020-07-01 04:30:01,190.3814392089844,112.20708465576172,199.7695770263672,121.81399536132812,0.6995847821235657,0.9801563916783206,0.9806204854905852,reinspect,reinspect,0.001105978753875
1_002_20200701_043001(6),1,2020-07-01 04:30:01,193.45741271972656,136.11065673828125,202.0249786376953,145.56971740722656,0.6816874742507935,0.9773584612332302,0.9806204854905852,reinspect,reinspect,0.001105978753875
1_002_20200701_043001(6),1,2020-07-01 04:30:01,177.71055603027344,193.29969787597656,185.21502685546875,201.3264617919922,0.0063531738705933,0.0037342564965936,0.9806204854905852,reinspect,reinspect,0.001105978753875
1_002_20200701_043006(4),1,2020-07-01 04:30:06,206.1202087402344,180.1950225830078,215.14370727539065,189.8672332763672,0.701102077960968,0.9803813175315568,0.9803813175315568,reinspect,reinspect,0.0020612852564554
1_002_20200701_043006(4),1,2020-07-01 04:30:06,206.31825256347656,154.19786071777344,214.74449157714844,163.45443725585938,0.6977668404579163,0.979884436930982,0.9803813175315568,reinspect,reinspect,0.0020612852564554
1_002_20200701_043006(4),1,2020-07-01 04:30:06,206.4818725585937,132.0814208984375,214.91143798828125,141.41128540039062,0.6920530796051025,0.979011962129607,0.9803813175315568,reinspect,reinspect,0.0020612852564554
1_002_20200701_043010(8),1,2020-07-01 04:30:10,211.8542938232422,150.64041137695312,221.1178741455078,160.96823120117188,0.713363528251648,0.9821321063636907,0.9821321063636907,reinspect,reinspect,0.0002694524641646
1_002_20200701_043010(8),1,2020-07-01 04:30:10,210.4815826416016,124.681884765625,219.610092163086,134.2129669189453,0.7061615586280823,0.9811180191879172,0.9821321063636907,reinspect,reinspect,0.0002694524641646
1_002_20200701_043010(8),1,2020-07-01 04:30:10,209.81114196777344,102.44139862060548,218.4991607666016,112.4006118774414,0.6993264555931091,0.9801179113397538,0.9821321063636907,reinspect,reinspect,0.0002694524641646
1_002_20200701_043015(3),1,2020-07-01 04:30:15,211.6399688720703,172.98092651367188,219.9378967285156,182.1187438964844,0.7084805369377136,0.9814489287687764,0.9814489287687764,reinspect,reinspect,0.0012164174694508
1_002_20200701_043015(3),1,2020-07-01 04:30:15,207.968490600586,147.51625061035156,216.8170928955078,157.06468200683594,0.7054817080497742,0.9810202081415526,0.9814489287687764,reinspect,reinspect,0.0012164174694508
1_002_20200701_043015(3),1,2020-07-01 04:30:15,206.1162109375,125.9219741821289,214.33724975585932,134.87767028808594,0.7054714560508728,0.9810187303864182,0.9814489287687764,reinspect,reinspect,0.0012164174694508
1_002_20200701_083109(4),1,2020-07-01 08:31:09,189.75460815429688,144.7206573486328,198.8651885986328,155.16651916503906,0.7256739139556885,0.983775057178746,0.983775057178746,reject,reject,0.0002928505545239
1_002_20200701_083109(4),1,2020-07-01 08:31:09,195.54672241210932,202.00914001464844,204.7341766357422,211.5103302001953,0.7126222252845764,0.9820295666166176,0.983775057178746,reject,reject,0.0002928505545239
1_002_20200701_083109(4),1,2020-07-01 08:31:09,191.92774963378903,169.83277893066406,201.17539978027344,179.6702423095703,0.709913969039917,0.9816513814640556,0.983775057178746,reject,reject,0.0002928505545239
1_002_20200701_083113(8),1,2020-07-01 08:31:13,192.22732543945312,132.15997314453125,201.0253753662109,141.66944885253906,0.7118788361549377,0.981926317962178,0.981926317962178,reinspect,reinspect,0.0009317148394178
1_002_20200701_083113(8),1,2020-07-01 08:31:13,205.66915893554688,186.927978515625,213.7074737548828,195.87893676757807,0.7091416716575623,0.9815425027175936,0.981926317962178,reinspect,reinspect,0.0009317148394178
1_002_20200701_083113(8),1,2020-07-01 08:31:13,198.08670043945312,156.0774688720703,206.3212890625,165.2557373046875,0.7077084183692932,0.9813392166589896,0.981926317962178,reinspect,reinspect,0.0009317148394178
1_002_20200701_083121(4),1,2020-07-01 08:31:21,195.5057678222656,179.7423858642578,204.5927124023437,189.35818481445312,0.717307448387146,0.9826706672252836,0.9826706672252836,reinspect,reinspect,0.0004049946967167
1_002_20200701_083121(4),1,2020-07-01 08:31:21,188.1943206787109,123.8195571899414,197.0841827392578,133.40524291992188,0.7095950841903687,0.9816064808545354,0.9826706672252836,reinspect,reinspect,0.0004049946967167
1_002_20200701_083121(4),1,2020-07-01 08:31:21,191.84698486328125,146.9239501953125,199.96539306640625,156.17767333984375,0.7083780765533447,0.9814343966309116,0.9826706672252836,reinspect,reinspect,0.0004049946967167
1_002_20200701_083126(0),1,2020-07-01 08:31:26,205.8359222412109,199.9235992431641,214.493896484375,209.46652221679688,0.7176443934440613,0.982716138401926,0.982716138401926,reinspect,reinspect,0.0009669230653294
1_002_20200701_083126(0),1,2020-07-01 08:31:26,199.5786590576172,142.83480834960938,208.8733367919922,153.19268798828125,0.7157044410705566,0.982453178874272,0.982716138401926,reinspect,reinspect,0.0009669230653294
1_002_20200701_083126(0),1,2020-07-01 08:31:26,202.06475830078125,167.06118774414062,210.93276977539065,177.07533264160156,0.6897009015083313,0.978644849289769,0.982716138401926,reinspect,reinspect,0.0009669230653294
1_002_20200701_083126(0),1,2020-07-01 08:31:26,153.90220642089844,317.32000732421875,165.54534912109375,326.8597412109375,0.0065707452595233,0.0039426498775346,0.982716138401926,reinspect,reinspect,0.0009669230653294
1_002_20200701_083126(0),1,2020-07-01 08:31:26,151.03573608398438,316.9281616210937,163.11793518066406,326.3656005859375,0.0011152686784043,0.0002263014014398,0.982716138401926,reinspect,reinspect,0.0009669230653294
1_002_20200701_083130(4),1,2020-07-01 08:31:30,191.37890625,152.46725463867188,200.33839416503903,161.85556030273438,0.7174854874610901,0.9826947043585956,0.9826947043585956,reinspect,reinspect,0.0005889108256115
1_002_20200701_083130(4),1,2020-07-01 08:31:30,194.00558471679688,175.99851989746094,202.7142791748047,185.5233612060547,0.7132437825202942,0.9821155709787563,0.9826947043585956,reinspect,reinspect,0.0005889108256115
1_002_20200701_083130(4),1,2020-07-01 08:31:30,198.4225006103516,208.3866271972656,207.62217712402344,218.1885986328125,0.7099080681800842,0.9816505513059268,0.9826947043585956,reinspect,reinspect,0.0005889108256115
1_002_20200701_083142(6),1,2020-07-01 08:31:42,202.63836669921875,168.50880432128906,211.7147674560547,178.44834899902344,0.7215176820755005,0.9832328144962484,0.9832328144962484,reinspect,reinspect,0.0007100121517844
1_002_20200701_083142(6),1,2020-07-01 08:31:42,199.44851684570312,144.5933074951172,208.71759033203125,155.14944458007812,0.7150011658668518,0.9823571540764884,0.9832328144962484,reinspect,reinspect,0.0007100121517844
1_002_20200701_083142(6),1,2020-07-01 08:31:42,207.8447265625,200.6817169189453,216.82228088378903,210.3878936767578,0.7053546905517578,0.981001893595206,0.9832328144962484,reinspect,reinspect,0.0007100121517844
1_002_20200701_123318(7),1,2020-07-01 12:33:18,203.5004119873047,190.47206115722656,211.79623413085932,199.64686584472656,0.7098952531814575,0.9816487483447184,0.9816487483447184,reinspect,reinspect,0.001335090676912
1_002_20200701_123318(7),1,2020-07-01 12:33:18,188.08255004882807,136.21827697753906,196.9984893798828,145.87936401367188,0.7084923386573792,0.9814506021036074,0.9816487483447184,reinspect,reinspect,0.001335090676912
1_002_20200701_123318(7),1,2020-07-01 12:33:18,194.2280120849609,160.23989868164062,203.0854949951172,169.51417541503906,0.6998555064201355,0.9801966606903708,0.9816487483447184,reinspect,reinspect,0.001335090676912
1_002_20200701_123321(8),1,2020-07-01 12:33:21,204.33090209960932,144.52639770507812,213.2384796142578,153.8632354736328,0.720633864402771,0.9831158896472952,0.9831158896472952,reinspect,reinspect,0.0012532146317434
1_002_20200701_123321(8),1,2020-07-01 12:33:21,184.2220001220703,94.82266235351562,192.7824249267578,104.24526977539062,0.7104297876358032,0.981723845275656,0.9831158896472952,reinspect,reinspect,0.0012532146317434
1_002_20200701_123321(8),1,2020-07-01 12:33:21,192.67727661132807,115.71358489990234,201.4060516357422,125.36384582519533,0.6998054385185242,0.9801892177948874,0.9831158896472952,reinspect,reinspect,0.0012532146317434
1_002_20200701_123325(0),1,2020-07-01 12:33:25,194.2613677978516,143.77944946289062,203.93853759765625,153.88186645507812,0.722957193851471,0.983422035302876,0.983422035302876,reject,reject,0.0004187773097042
1_002_20200701_123325(0),1,2020-07-01 12:33:25,197.7053985595703,168.6099090576172,205.9159240722656,177.99603271484375,0.7087727189064026,0.9814903246704922,0.983422035302876,reject,reject,0.0004187773097042
1_002_20200701_123325(0),1,2020-07-01 12:33:25,199.9461669921875,200.4945373535156,209.041244506836,210.05880737304688,0.7051939368247986,0.9809786964029992,0.983422035302876,reject,reject,0.0004187773097042
1_002_20200701_123328(2),1,2020-07-01 12:33:28,203.58316040039065,182.07498168945312,211.9219207763672,191.28643798828125,0.7187416553497314,0.9828636309320714,0.9828636309320714,reinspect,reinspect,0.0006452557564911
1_002_20200701_123328(2),1,2020-07-01 12:33:28,199.879623413086,124.30431365966795,208.95904541015625,133.97601318359375,0.7121840715408325,0.9819687628637912,0.9828636309320714,reinspect,reinspect,0.0006452557564911
1_002_20200701_123328(2),1,2020-07-01 12:33:28,201.4564208984375,148.88311767578125,210.1522521972656,159.08984375,0.700367271900177,0.9802726213212852,0.9828636309320714,reinspect,reinspect,0.0006452557564911
1_002_20200701_123331(2),1,2020-07-01 12:33:31,193.9423065185547,140.42623901367188,202.49758911132807,149.94244384765625,0.7234634757041931,0.9834882273246318,0.9834882273246318,reject,reject,0.000311745215922
1_002_20200701_123331(2),1,2020-07-01 12:33:31,190.1319580078125,116.18914794921876,199.0675811767578,125.80226135253906,0.7096359729766846,0.9816122425936958,0.9834882273246318,reject,reject,0.000311745215922
1_002_20200701_123331(2),1,2020-07-01 12:33:31,197.9296417236328,171.98040771484375,206.78086853027344,181.6199188232422,0.7007796764373779,0.9803336799053284,0.9834882273246318,reject,reject,0.000311745215922
1_002_20200701_123334(3),1,2020-07-01 12:33:34,189.85580444335932,131.8604278564453,198.8036346435547,141.64678955078125,0.7308528423309326,0.984433449329743,0.984433449329743,reject,reject,0.0011673371157739
1_002_20200701_123334(3),1,2020-07-01 12:33:34,199.5056610107422,188.11997985839844,208.2001190185547,197.5606842041016,0.7131509780883789,0.9821027483599706,0.984433449329743,reject,reject,0.0011673371157739
1_002_20200701_123334(3),1,2020-07-01 12:33:34,193.8719024658203,156.2772979736328,202.4853515625,165.60598754882812,0.7078344225883484,0.981357152591586,0.984433449329743,reject,reject,0.0011673371157739
1_002_20200701_163004(7),1,2020-07-01 16:30:04,191.75320434570312,140.86769104003906,200.5064697265625,150.96942138671875,0.7072165608406067,0.981269085158102,0.981269085158102,reinspect,reinspect,0.0007751360128934
1_002_20200701_163004(7),1,2020-07-01 16:30:04,212.3788909912109,190.48110961914065,221.0819396972656,199.9840545654297,0.7071715593338013,0.981262659181784,0.981269085158102,reinspect,reinspect,0.0007751360128934
1_002_20200701_163004(7),1,2020-07-01 16:30:04,200.4191436767578,162.60731506347656,208.7853546142578,171.67298889160156,0.7062681913375854,0.9811333276036855,0.981269085158102,reinspect,reinspect,0.0007751360128934
1_002_20200701_163017(3),1,2020-07-01 16:30:17,207.7816162109375,214.57083129882807,216.69583129882807,224.2046356201172,0.7077048420906067,0.9813387074168368,0.9813387074168368,reinspect,reinspect,0.001541144167022
1_002_20200701_163017(3),1,2020-07-01 16:30:17,203.9410095214844,182.14553833007807,212.5856170654297,191.57449340820312,0.707704484462738,0.9813386564920727,0.9813387074168368,reinspect,reinspect,0.001541144167022
1_002_20200701_163017(3),1,2020-07-01 16:30:17,201.9512176513672,158.32225036621094,210.6664886474609,167.8699493408203,0.6986710429191589,0.9800200376235532,0.9813387074168368,reinspect,reinspect,0.001541144167022
1_002_20200701_163021(2),1,2020-07-01 16:30:21,191.87648010253903,162.77023315429688,200.88038635253903,173.03753662109375,0.7048799991607666,0.9809333355200966,0.9809333355200966,reinspect,reinspect,0.0009545453985917
1_002_20200701_163021(2),1,2020-07-01 16:30:21,201.8235321044922,183.2360076904297,210.99215698242188,193.36334228515625,0.6944841742515564,0.9793864978131974,0.9809333355200966,reinspect,reinspect,0.0009545453985917
1_002_20200701_163021(2),1,2020-07-01 16:30:21,215.4679412841797,211.0991668701172,224.0478363037109,220.25103759765625,0.6908078193664551,0.978818193527842,0.9809333355200966,reinspect,reinspect,0.0009545453985917
1_002_20200701_163024(9),1,2020-07-01 16:30:24,213.58514404296875,215.4457244873047,221.75021362304688,224.1791229248047,0.712269127368927,0.9819805777382266,0.9819805777382266,reinspect,reinspect,0.0011114226449512
1_002_20200701_163024(9),1,2020-07-01 16:30:24,193.47520446777344,164.9394073486328,201.6327972412109,173.80299377441406,0.705574631690979,0.9810335986666262,0.9819805777382266,reinspect,reinspect,0.0011114226449512
1_002_20200701_163024(9),1,2020-07-01 16:30:24,201.63412475585932,186.15652465820312,209.958236694336,195.4342498779297,0.6808485388755798,0.9772205358894324,0.9819805777382266,reinspect,reinspect,0.0011114226449512
1_002_20200701_163029(1),1,2020-07-01 16:30:29,194.8903045654297,162.39244079589844,203.7985992431641,171.90528869628906,0.7144386172294617,0.9822800759438765,0.9822800759438765,reinspect,reinspect,0.0011194893489243
1_002_20200701_163029(1),1,2020-07-01 16:30:29,186.380599975586,140.40052795410156,195.4069976806641,150.19667053222656,0.7094643712043762,0.9815880530980138,0.9822800759438765,reinspect,reinspect,0.0011194893489243
1_002_20200701_163029(1),1,2020-07-01 16:30:29,206.51055908203125,190.8156890869141,215.22666931152344,200.44532775878903,0.704943060874939,0.9809424535638438,0.9822800759438765,reinspect,reinspect,0.0011194893489243
1_002_20200701_163029(1),1,2020-07-01 16:30:29,193.94808959960932,158.81361389160156,204.31765747070312,172.68136596679688,0.0010923232184723,0.0002188531009504,0.9822800759438765,reinspect,reinspect,0.0011194893489243
1_002_20200701_163033(0),1,2020-07-01 16:30:33,202.31362915039065,166.43203735351562,211.3176727294922,176.16311645507812,0.726349413394928,0.9838620116054156,0.9838620116054156,reject,reject,0.0011301604863164
1_002_20200701_163033(0),1,2020-07-01 16:30:33,207.81088256835932,224.1115875244141,216.68614196777344,233.6802673339844,0.7142429947853088,0.9822532165874484,0.9838620116054156,reject,reject,0.0011301604863164
1_002_20200701_163033(0),1,2020-07-01 16:30:33,204.1369171142578,190.456771850586,213.2340087890625,200.4203491210937,0.7083891034126282,0.981435960981732,0.9838620116054156,reject,reject,0.0011301604863164
1_002_20200701_163033(0),1,2020-07-01 16:30:33,259.578125,284.9115600585937,268.3413391113281,294.4126892089844,0.0019597532227635,0.0005609433218293,0.9838620116054156,reject,reject,0.0011301604863164
1_002_20200701_203037(6),1,2020-07-01 20:30:37,203.70443725585932,182.4434814453125,211.98666381835932,191.60992431640625,0.7087193727493286,0.9814827716130148,0.9814827716130148,reinspect,reinspect,0.0012971251796751
1_002_20200701_203037(6),1,2020-07-01 20:30:37,202.07261657714844,126.16869354248048,210.88702392578125,135.52479553222656,0.7011732459068298,0.9803918219309764,0.9814827716130148,reinspect,reinspect,0.0012971251796751
1_002_20200701_203037(6),1,2020-07-01 20:30:37,202.2950592041016,150.4228515625,210.6884002685547,159.47543334960938,0.6940536499023438,0.9793205309100028,0.9814827716130148,reinspect,reinspect,0.0012971251796751
1_002_20200701_203040(8),1,2020-07-01 20:30:40,195.5008850097656,154.27999877929688,204.6068725585937,163.95559692382812,0.7180065512657166,0.9827649179427737,0.9827649179427737,reinspect,reinspect,0.0007262014579071
1_002_20200701_203040(8),1,2020-07-01 20:30:40,198.08721923828125,210.4087677001953,206.9849090576172,220.0966796875,0.7178171873092651,0.98273942440343,0.9827649179427737,reinspect,reinspect,0.0007262014579071
1_002_20200701_203040(8),1,2020-07-01 20:30:40,196.2810211181641,178.31541442871094,205.18394470214844,187.8222503662109,0.7033947110176086,0.980717667606773,0.9827649179427737,reinspect,reinspect,0.0007262014579071
1_002_20200701_203043(9),1,2020-07-01 20:30:43,195.8784942626953,165.09719848632812,204.62893676757807,174.8800811767578,0.7171622514724731,0.982651046649336,0.982651046649336,reinspect,reinspect,0.0003535385514223
1_002_20200701_203043(9),1,2020-07-01 20:30:43,188.4901580810547,221.8094024658203,196.68907165527344,230.63818359375,0.7103728652000427,0.9817158586964962,0.982651046649336,reinspect,reinspect,0.0003535385514223
1_002_20200701_203043(9),1,2020-07-01 20:30:43,192.423095703125,189.0106506347656,201.0745849609375,199.03170776367188,0.7036791443824768,0.980759103731846,0.982651046649336,reinspect,reinspect,0.0003535385514223
1_002_20200701_203046(9),1,2020-07-01 20:30:46,211.99891662597656,145.13230895996094,220.2776641845703,153.9536590576172,0.7154706120491028,0.9824212932464338,0.9824212932464338,reinspect,reinspect,0.0006080040719958
1_002_20200701_203046(9),1,2020-07-01 20:30:46,213.9965057373047,170.5472412109375,222.968505859375,179.86138916015625,0.7089402675628662,0.9815140328222132,0.9824212932464338,reinspect,reinspect,0.0006080040719958
1_002_20200701_203046(9),1,2020-07-01 20:30:46,210.1938323974609,124.302001953125,218.3778381347656,133.1447296142578,0.7085666060447693,0.9814611297983566,0.9824212932464338,reinspect,reinspect,0.0006080040719958
1_002_20200701_203050(0),1,2020-07-01 20:30:50,210.2479705810547,182.0691070556641,219.50881958007807,191.6913452148437,0.7058830261230469,0.9810779903150716,0.9810779903150716,reinspect,reinspect,0.0011279770858197
1_002_20200701_203050(0),1,2020-07-01 20:30:50,211.49679565429688,208.26174926757807,219.93995666503903,217.6273193359375,0.7055275440216064,0.9810268140683266,0.9810779903150716,reinspect,reinspect,0.0011279770858197
1_002_20200701_203050(0),1,2020-07-01 20:30:50,211.72952270507807,161.3104705810547,219.5235290527344,169.5673828125,0.652267575263977,0.9721295059028658,0.9810779903150716,reinspect,reinspect,0.0011279770858197
1_002_20200701_203053(0),1,2020-07-01 20:30:53,210.00254821777344,164.50865173339844,218.41636657714844,173.79627990722656,0.7074066996574402,0.9812962184995913,0.9812962184995913,reinspect,reinspect,0.0009959169450284
1_002_20200701_203053(0),1,2020-07-01 20:30:53,212.24327087402344,186.1159210205078,220.6902618408203,195.2404022216797,0.7060911059379578,0.9811078999502648,0.9812962184995913,reinspect,reinspect,0.0009959169450284
1_002_20200701_203053(0),1,2020-07-01 20:30:53,215.99072265625,211.98757934570312,224.4326629638672,221.3439483642578,0.6973074674606323,0.9798152898833974,0.9812962184995913,reinspect,reinspect,0.0009959169450284
1_002_20200702_002742(2),1,2020-07-02 00:27:42,200.09262084960932,170.28746032714844,209.6433258056641,180.1141815185547,0.7202745079994202,0.983068184896674,0.983068184896674,reinspect,reinspect,0.0003986492633014
1_002_20200702_002742(2),1,2020-07-02 00:27:42,198.4111328125,138.20697021484375,207.78009033203125,148.0979766845703,0.7082470059394836,0.9814157947550955,0.983068184896674,reinspect,reinspect,0.0003986492633014
1_002_20200702_002742(2),1,2020-07-02 00:27:42,197.8566436767578,114.25205993652344,206.6944732666016,123.91405487060548,0.7057979106903076,0.9810657459075116,0.983068184896674,reinspect,reinspect,0.0003986492633014
1_002_20200702_002746(8),1,2020-07-02 00:27:46,197.8888397216797,150.56216430664062,207.24581909179688,161.27064514160156,0.7106569409370422,0.981755691497112,0.981755691497112,reinspect,reinspect,0.0009437378927
1_002_20200702_002746(8),1,2020-07-02 00:27:46,205.88803100585932,206.5159454345703,214.56671142578125,215.8641662597656,0.7026559710502625,0.9806097470983648,0.981755691497112,reinspect,reinspect,0.0009437378927
1_002_20200702_002746(8),1,2020-07-02 00:27:46,201.68753051757807,174.92083740234375,210.0258178710937,184.08224487304688,0.7005934119224548,0.9803061195028472,0.981755691497112,reinspect,reinspect,0.0009437378927
1_002_20200702_002746(8),1,2020-07-02 00:27:46,101.8766860961914,317.3745422363281,113.27754974365234,327.0282287597656,0.003274502698332,0.0012826926613617,0.981755691497112,reinspect,reinspect,0.0009437378927
1_002_20200702_002746(8),1,2020-07-02 00:27:46,137.44802856445312,256.79022216796875,174.7101287841797,280.2210693359375,0.0028805809561163,0.001043314611844,0.981755691497112,reinspect,reinspect,0.0009437378927
1_002_20200702_002751(2),1,2020-07-02 00:27:51,193.3501739501953,132.80661010742188,202.00372314453125,142.60865783691406,0.7023069858551025,0.980558613199592,0.980558613199592,reinspect,reinspect,0.0010578180003003
1_002_20200702_002751(2),1,2020-07-02 00:27:51,194.21701049804688,190.0498504638672,202.9677276611328,199.2340850830078,0.6990544199943542,0.9800773302963168,0.980558613199592,reinspect,reinspect,0.0010578180003003
1_002_20200702_002751(2),1,2020-07-02 00:27:51,193.47882080078125,157.0353546142578,202.15750122070312,166.72837829589844,0.6823110580444336,0.977460577420184,0.980558613199592,reinspect,reinspect,0.0010578180003003
1_002_20200702_002755(8),1,2020-07-02 00:27:55,213.75547790527344,152.37840270996094,222.1097412109375,161.42869567871094,0.708630383014679,0.981470167015984,0.981470167015984,reinspect,reinspect,0.0011492282329899
1_002_20200702_002755(8),1,2020-07-02 00:27:55,215.6629180908203,177.9036102294922,224.49061584472656,187.5972900390625,0.7072554230690002,0.9812746332040718,0.981470167015984,reinspect,reinspect,0.0011492282329899
1_002_20200702_002755(8),1,2020-07-02 00:27:55,211.7423553466797,130.39183044433594,220.6078186035156,139.79678344726562,0.7035191655158997,0.9807358060051464,0.981470167015984,reinspect,reinspect,0.0011492282329899
1_002_20200702_002800(1),1,2020-07-02 00:28:00,203.6752014160156,150.5682373046875,212.0889587402344,159.67889404296875,0.71126389503479,0.981840590148167,0.981840590148167,reinspect,reinspect,0.0009231935495473
1_002_20200702_002800(1),1,2020-07-02 00:28:00,204.1415100097656,198.060791015625,213.563217163086,207.5143280029297,0.7046290040016174,0.9808970131545356,0.981840590148167,reinspect,reinspect,0.0009231935495473
1_002_20200702_002800(1),1,2020-07-02 00:28:00,203.9335784912109,172.3461456298828,212.2026824951172,181.345443725586,0.7028087973594666,0.980632108809532,0.981840590148167,reinspect,reinspect,0.0009231935495473
1_002_20200702_002804(8),1,2020-07-02 00:28:04,207.6722717285156,182.7032470703125,216.0704498291016,191.88137817382807,0.7068058848381042,0.9812103840600712,0.9812103840600712,reinspect,reinspect,0.001266801670906
1_002_20200702_002804(8),1,2020-07-02 00:28:04,207.84686279296875,156.91259765625,216.4995574951172,166.02841186523438,0.6966111063957214,0.9797101399945388,0.9812103840600712,reinspect,reinspect,0.001266801670906
1_002_20200702_002804(8),1,2020-07-02 00:28:04,208.5419311523437,135.80335998535156,217.09475708007807,144.68060302734375,0.6918569207191467,0.9789815256678543,0.9812103840600712,reinspect,reinspect,0.001266801670906
1_002_20200702_002804(8),1,2020-07-02 00:28:04,229.49267578125,317.9871520996094,238.7149810791016,327.5511779785156,0.0011390841100364,0.0002341316864067,0.9812103840600712,reinspect,reinspect,0.001266801670906
1_002_20200702_042930(4),1,2020-07-02 04:29:30,195.7411193847656,158.21090698242188,204.7609405517578,167.60903930664062,0.7117501497268677,0.9819084019680504,0.9819084019680504,reinspect,reinspect,0.0009055510623289
1_002_20200702_042930(4),1,2020-07-02 04:29:30,195.61593627929688,134.2628631591797,204.51470947265625,143.62403869628906,0.7079986929893494,0.9813805168996104,0.9819084019680504,reinspect,reinspect,0.0009055510623289
1_002_20200702_042930(4),1,2020-07-02 04:29:30,196.35232543945312,190.12974548339844,205.7432098388672,200.11231994628903,0.6994314789772034,0.9801335621660928,0.9819084019680504,reinspect,reinspect,0.0009055510623289
1_002_20200702_042933(6),1,2020-07-02 04:29:33,198.18017578125,162.10145568847656,207.07530212402344,171.59841918945312,0.7223673462867737,0.9833446833518747,0.9833446833518747,reject,reject,0.0008641848755765
1_002_20200702_042933(6),1,2020-07-02 04:29:33,194.48324584960932,105.74713897705078,203.951416015625,115.6590576171875,0.7115696668624878,0.9818832534235408,0.9833446833518747,reject,reject,0.0008641848755765
1_002_20200702_042933(6),1,2020-07-02 04:29:33,196.1212921142578,130.05294799804688,204.68960571289065,139.308349609375,0.7056551575660706,0.9810451971398456,0.9833446833518747,reject,reject,0.0008641848755765
1_002_20200702_042937(8),1,2020-07-02 04:29:37,203.61746215820312,167.23944091796875,212.04833984375,176.9818115234375,0.7169142961502075,0.9826175039127508,0.9826175039127508,reinspect,reinspect,0.0007118840784149
1_002_20200702_042937(8),1,2020-07-02 04:29:37,197.9608612060547,110.51846313476562,206.9661102294922,120.89008331298828,0.7052823901176453,0.9809914629728336,0.9826175039127508,reinspect,reinspect,0.0007118840784149
1_002_20200702_042937(8),1,2020-07-02 04:29:37,200.16619873046875,134.85427856445312,208.5334625244141,143.9778289794922,0.7004083395004272,0.9802787077458676,0.9826175039127508,reinspect,reinspect,0.0007118840784149
1_002_20200702_042937(8),1,2020-07-02 04:29:37,281.2419128417969,48.45355987548828,289.7302551269531,57.93614196777344,0.0038024671375751,0.0016321579077945,0.9826175039127508,reinspect,reinspect,0.0007118840784149
1_002_20200702_042945(5),1,2020-07-02 04:29:45,211.91229248046875,135.1075897216797,221.2460784912109,145.30514526367188,0.7161551713943481,0.9825145260673118,0.9825145260673118,reinspect,reinspect,0.0006214028485524
1_002_20200702_042945(5),1,2020-07-02 04:29:45,213.7271423339844,109.2644500732422,222.40621948242188,119.2300796508789,0.7128573060035706,0.9820621290954172,0.9825145260673118,reinspect,reinspect,0.0006214028485524
1_002_20200702_042945(5),1,2020-07-02 04:29:45,215.5675811767578,88.21192169189453,223.4058837890625,96.62510681152344,0.6759403347969055,0.9764009651403652,0.9825145260673118,reinspect,reinspect,0.0006214028485524
1_002_20200702_042949(9),1,2020-07-02 04:29:49,204.21633911132807,130.20123291015625,213.1308135986328,139.79629516601562,0.7188248038291931,0.9828747712829992,0.9828747712829992,reinspect,reinspect,0.0004013528580109
1_002_20200702_042949(9),1,2020-07-02 04:29:49,204.1487579345703,156.31988525390625,213.1852569580078,165.8558807373047,0.7070751190185547,0.9812488826830216,0.9828747712829992,reinspect,reinspect,0.0004013528580109
1_002_20200702_042949(9),1,2020-07-02 04:29:49,205.67160034179688,108.45447540283205,213.85064697265625,117.42594909667967,0.7067710757255554,0.981205402454446,0.9828747712829992,reinspect,reinspect,0.0004013528580109
1_002_20200702_042954(6),1,2020-07-02 04:29:54,203.5816802978516,120.35765838623048,212.15609741210932,129.71713256835938,0.7122141718864441,0.9819729446523726,0.9819729446523726,reinspect,reinspect,0.0005303189595048
1_002_20200702_042954(6),1,2020-07-02 04:29:54,205.70298767089844,168.44598388671875,213.7146148681641,177.39073181152344,0.7115203738212585,0.981876380579659,0.9819729446523726,reinspect,reinspect,0.0005303189595048
1_002_20200702_042954(6),1,2020-07-02 04:29:54,203.93240356445312,142.42857360839844,212.68540954589844,151.79794311523438,0.6996700167655945,0.9801690763546476,0.9819729446523726,reinspect,reinspect,0.0005303189595048
1_002_20200702_042954(6),1,2020-07-02 04:29:54,176.54647827148438,57.47896957397461,185.9111785888672,67.45499420166016,0.0022127451375126,0.0006821149246254,0.9819729446523726,reinspect,reinspect,0.0005303189595048
1_002_20200706_083031(0),1,2020-07-06 08:30:31,203.4064178466797,155.21339416503906,211.7391357421875,163.92337036132812,0.7058218717575073,0.9810691934392048,0.9810691934392048,reinspect,reinspect,0.0010863925771262
1_002_20200706_083031(0),1,2020-07-06 08:30:31,210.4120941162109,173.53060913085938,219.0065155029297,183.0265045166016,0.6984901428222656,0.9799929619551988,0.9810691934392048,reinspect,reinspect,0.0010863925771262
1_002_20200706_083031(0),1,2020-07-06 08:30:31,219.8411407470703,196.26617431640625,228.57305908203125,205.65237426757807,0.6832191348075867,0.9776086672472714,0.9810691934392048,reinspect,reinspect,0.0010863925771262
1_002_20200706_083031(0),1,2020-07-06 08:30:31,202.9962615966797,152.28712463378906,212.4775238037109,166.11709594726562,0.0024195748846977,0.0007877294312976,0.9810691934392048,reinspect,reinspect,0.0010863925771262
1_002_20200706_083031(0),1,2020-07-06 08:30:31,209.69692993164065,173.73583984375,220.22918701171875,186.514404296875,0.0014657945139333,0.0003513921161512,0.9810691934392048,reinspect,reinspect,0.0010863925771262
1_002_20200706_083035(5),1,2020-07-06 08:30:35,203.82351684570312,154.15403747558594,212.69541931152344,163.71005249023438,0.7079600691795349,0.9813750252952712,0.9813750252952712,reinspect,reinspect,0.0003759858255852
1_002_20200706_083035(5),1,2020-07-06 08:30:35,211.85948181152344,200.680419921875,220.0578155517578,209.64816284179688,0.7056845426559448,0.98104942832313,0.9813750252952712,reinspect,reinspect,0.0003759858255852
1_002_20200706_083035(5),1,2020-07-06 08:30:35,207.64097595214844,175.6914520263672,215.48452758789065,183.9781494140625,0.705376923084259,0.9810051002040442,0.9813750252952712,reinspect,reinspect,0.0003759858255852
1_002_20200706_083039(2),1,2020-07-06 08:30:39,205.70050048828125,176.88475036621094,213.6568756103516,185.63800048828125,0.7099137902259827,0.9816513563081434,0.9816513563081434,reinspect,reinspect,0.0007088531046615
1_002_20200706_083039(2),1,2020-07-06 08:30:39,202.21180725097656,155.939208984375,210.560302734375,164.92840576171875,0.7023542523384094,0.9805655444695284,0.9816513563081434,reinspect,reinspect,0.0007088531046615
1_002_20200706_083039(2),1,2020-07-06 08:30:39,209.7631225585937,202.3522186279297,217.67665100097656,211.4079132080078,0.6987248659133911,0.9800280882667504,0.9816513563081434,reinspect,reinspect,0.0007088531046615
1_002_20200706_083042(4),1,2020-07-06 08:30:42,186.31887817382807,137.59988403320312,195.43711853027344,147.3071746826172,0.706426203250885,0.9811559957062304,0.9811559957062304,reinspect,reinspect,0.0011930429575363
1_002_20200706_083042(4),1,2020-07-06 08:30:42,192.07583618164065,159.93655395507812,200.49644470214844,169.51402282714844,0.7034621238708496,0.9807274941032796,0.9811559957062304,reinspect,reinspect,0.0011930429575363
1_002_20200706_083042(4),1,2020-07-06 08:30:42,199.89254760742188,190.3766326904297,208.5025787353516,199.83018493652344,0.7014313340187073,0.98042988158016,0.9811559957062304,reinspect,reinspect,0.0011930429575363
1_002_20200706_083045(5),1,2020-07-06 08:30:45,189.96792602539065,190.53907775878903,198.39405822753903,199.93258666992188,0.7182666063308716,0.9827998850540256,0.9827998850540256,reinspect,reinspect,0.0005185434476848
1_002_20200706_083045(5),1,2020-07-06 08:30:45,184.50961303710932,166.62503051757812,193.57135009765625,176.304443359375,0.7130631804466248,0.9820906114967438,0.9827998850540256,reinspect,reinspect,0.0005185434476848
1_002_20200706_083045(5),1,2020-07-06 08:30:45,197.62530517578125,221.1188507080078,205.60040283203125,230.0590057373047,0.6993401050567627,0.9801199459207,0.9827998850540256,reinspect,reinspect,0.0005185434476848
1_002_20200706_083049(6),1,2020-07-06 08:30:49,190.17791748046875,142.16885375976562,199.04649353027344,151.88050842285156,0.7135177850723267,0.9821533912585536,0.9821533912585536,reinspect,reinspect,0.0007361249533397
1_002_20200706_083049(6),1,2020-07-06 08:30:49,192.063217163086,166.21417236328125,201.4357147216797,176.03091430664062,0.7051692008972168,0.9809751251318248,0.9821533912585536,reinspect,reinspect,0.0007361249533397
1_002_20200706_083049(6),1,2020-07-06 08:30:49,195.58059692382807,197.909896850586,204.638412475586,207.4441375732422,0.7029442191123962,0.9806519082788436,0.9821533912585536,reinspect,reinspect,0.0007361249533397
1_002_20200706_123023(3),1,2020-07-06 12:30:23,204.1292266845703,112.52116394042967,212.9813232421875,122.05986785888672,0.7152538895606995,0.982391703634429,0.982391703634429,reinspect,reinspect,0.0004601815237791
1_002_20200706_123023(3),1,2020-07-06 12:30:23,204.24468994140625,138.08367919921875,213.902587890625,148.07223510742188,0.706531822681427,0.9811711367514206,0.982391703634429,reinspect,reinspect,0.0004601815237791
1_002_20200706_123023(3),1,2020-07-06 12:30:23,205.49002075195312,90.73463439941406,213.7572479248047,99.89444732666016,0.7062933444976807,0.9811369373423222,0.982391703634429,reinspect,reinspect,0.0004601815237791
1_002_20200706_123027(1),1,2020-07-06 12:30:27,209.541748046875,108.19738006591795,217.834213256836,117.20618438720705,0.7068172693252563,0.9812120131120936,0.9812120131120936,reinspect,reinspect,0.0011369256537893
1_002_20200706_123027(1),1,2020-07-06 12:30:27,214.15789794921875,154.31082153320312,223.08795166015625,163.86102294921875,0.7044663429260254,0.9808734472864018,0.9812120131120936,reinspect,reinspect,0.0011369256537893
1_002_20200706_123027(1),1,2020-07-06 12:30:27,211.5279541015625,129.59957885742188,220.093002319336,138.97061157226562,0.6991152167320251,0.9800864048996532,0.9812120131120936,reinspect,reinspect,0.0011369256537893
1_002_20200706_123031(0),1,2020-07-06 12:30:31,204.0466461181641,138.4322052001953,212.675048828125,147.61520385742188,0.7068153023719788,0.9812117316600986,0.9812117316600986,reinspect,reinspect,0.0016857885947368
1_002_20200706_123031(0),1,2020-07-06 12:30:31,207.820541381836,164.16104125976562,215.93942260742188,173.2615509033203,0.7041037082672119,0.9808208343381302,0.9812117316600986,reinspect,reinspect,0.0016857885947368
1_002_20200706_123031(0),1,2020-07-06 12:30:31,201.94842529296875,116.52346801757812,210.7292938232422,126.02674102783205,0.7034018635749817,0.9807187103774792,0.9812117316600986,reinspect,reinspect,0.0016857885947368
1_002_20200706_123035(0),1,2020-07-06 12:30:35,195.635009765625,162.22781372070312,204.2795867919922,171.50607299804688,0.7100812196731567,0.9816748998256686,0.9816748998256686,reinspect,reinspect,0.0006926989536935
1_002_20200706_123035(0),1,2020-07-06 12:30:35,193.7656707763672,138.16744995117188,202.40869140625,147.61154174804688,0.7084861993789673,0.9814497316449534,0.9816748998256686,reinspect,reinspect,0.0006926989536935
1_002_20200706_123035(0),1,2020-07-06 12:30:35,199.52378845214844,194.2333831787109,207.9668731689453,203.55088806152344,0.7046902775764465,0.9809058848615636,0.9816748998256686,reinspect,reinspect,0.0006926989536935
1_002_20200706_123035(0),1,2020-07-06 12:30:35,112.89126586914062,316.86968994140625,123.37943267822266,326.2571716308594,0.0157431960105896,0.0161176797872494,0.9816748998256686,reinspect,reinspect,0.0006926989536935
1_002_20200706_123038(9),1,2020-07-06 12:30:38,203.6073455810547,158.6028289794922,211.8754730224609,167.90573120117188,0.7126122117042542,0.9820281786395504,0.9820281786395504,reinspect,reinspect,0.0007183690708247
1_002_20200706_123038(9),1,2020-07-06 12:30:38,199.86376953125,102.19410705566406,208.70391845703125,111.71564483642578,0.7089579105377197,0.9815165280380372,0.9820281786395504,reinspect,reinspect,0.0007183690708247
1_002_20200706_123038(9),1,2020-07-06 12:30:38,201.69992065429688,126.073974609375,209.75387573242188,135.15972900390625,0.6997603178024292,0.9801825085879986,0.9820281786395504,reinspect,reinspect,0.0007183690708247
1_002_20200706_123038(9),1,2020-07-06 12:30:38,231.0124969482422,42.23844909667969,239.7066802978516,51.0776596069336,0.0123278005048632,0.0108732975127597,0.9820281786395504,reinspect,reinspect,0.0007183690708247
1_002_20200706_123042(9),1,2020-07-06 12:30:42,199.49122619628903,184.7606658935547,207.84669494628903,194.00743103027344,0.7184032797813416,0.9828182421182758,0.9828182421182758,reinspect,reinspect,0.0003575350790097
1_002_20200706_123042(9),1,2020-07-06 12:30:42,194.17709350585932,152.94113159179688,202.83737182617188,162.2511749267578,0.7153875231742859,0.9824099531076148,0.9828182421182758,reinspect,reinspect,0.0003575350790097
1_002_20200706_123042(9),1,2020-07-06 12:30:42,191.5247802734375,128.86959838867188,200.6266326904297,139.22364807128906,0.7035930156707764,0.9807465633354946,0.9828182421182758,reinspect,reinspect,0.0003575350790097
1_002_20200706_163436(9),1,2020-07-06 16:34:36,201.79498291015625,182.01412963867188,210.205307006836,191.3431854248047,0.7070626616477966,0.981247102617079,0.981247102617079,reinspect,reinspect,0.0013840131455887
1_002_20200706_163436(9),1,2020-07-06 16:34:36,214.11538696289065,226.9470977783203,221.68885803222656,235.2353973388672,0.6943200826644897,0.97936137315296,0.981247102617079,reinspect,reinspect,0.0013840131455887
1_002_20200706_163436(9),1,2020-07-06 16:34:36,206.79356384277344,202.5337829589844,215.11952209472656,211.64080810546875,0.6745696663856506,0.976168189848958,0.981247102617079,reinspect,reinspect,0.0013840131455887
1_002_20200706_163436(9),1,2020-07-06 16:34:36,95.64713287353516,317.6582336425781,105.65129852294922,327.3343200683594,0.0019425287609919,0.0005530235728931,0.981247102617079,reinspect,reinspect,0.0013840131455887
1_002_20200706_163440(2),1,2020-07-06 16:34:40,211.9561004638672,224.72854614257807,220.80332946777344,234.8401641845703,0.7165902256965637,0.9825735953511318,0.9825735953511318,reinspect,reinspect,0.0006354209563746
1_002_20200706_163440(2),1,2020-07-06 16:34:40,209.92608642578125,178.47903442382812,218.4357147216797,187.64930725097656,0.714707612991333,0.9823169624250492,0.9825735953511318,reinspect,reinspect,0.0006354209563746
1_002_20200706_163440(2),1,2020-07-06 16:34:40,210.4167022705078,199.9044647216797,219.1155242919922,209.2365264892578,0.7048438787460327,0.9809281114814556,0.9825735953511318,reinspect,reinspect,0.0006354209563746
1_002_20200706_163440(2),1,2020-07-06 16:34:40,310.3651123046875,283.3583068847656,319.2837219238281,293.0160522460937,0.001176583347842,0.0002466647171725,0.9825735953511318,reinspect,reinspect,0.0006354209563746
1_002_20200706_163443(1),1,2020-07-06 16:34:43,202.1469268798828,164.04660034179688,210.45950317382807,173.23077392578125,0.7044433355331421,0.9808701123498024,0.9808701123498024,reinspect,reinspect,0.0014329138978226
1_002_20200706_163443(1),1,2020-07-06 16:34:43,211.43310546875,209.6186065673828,219.9889678955078,219.12745666503903,0.7004329562187195,0.9802823554138386,0.9808701123498024,reinspect,reinspect,0.0014329138978226
1_002_20200706_163443(1),1,2020-07-06 16:34:43,206.35694885253903,185.0773162841797,214.42941284179688,193.7079620361328,0.6876252293586731,0.978316979908787,0.9808701123498024,reinspect,reinspect,0.0014329138978226
1_002_20200706_163445(8),1,2020-07-06 16:34:45,184.16912841796875,172.7221221923828,193.2245941162109,182.85543823242188,0.7083560228347778,0.9814312676456878,0.9814312676456878,reinspect,reinspect,0.0013417152927666
1_002_20200706_163445(8),1,2020-07-06 16:34:45,190.3893280029297,196.50717163085932,198.83718872070312,205.8494873046875,0.7077199816703796,0.9813408631403512,0.9814312676456878,reinspect,reinspect,0.0013417152927666
1_002_20200706_163445(8),1,2020-07-06 16:34:45,199.5524139404297,227.0294647216797,207.3993225097656,235.8572235107422,0.7057170867919922,0.9810541135864044,0.9814312676456878,reinspect,reinspect,0.0013417152927666
1_002_20200706_163448(8),1,2020-07-06 16:34:48,201.63638305664065,132.09642028808594,210.48097229003903,141.69288635253906,0.7096893787384033,0.9816197661849712,0.9816197661849712,reinspect,reinspect,0.001607219397298
1_002_20200706_163448(8),1,2020-07-06 16:34:48,204.03271484375,188.5687255859375,212.6877593994141,197.9618988037109,0.7089219093322754,0.981511436192785,0.9816197661849712,reinspect,reinspect,0.001607219397298
1_002_20200706_163448(8),1,2020-07-06 16:34:48,202.30990600585932,156.6910400390625,210.79660034179688,165.76304626464844,0.6977367997169495,0.9798799203359244,0.9816197661849712,reinspect,reinspect,0.001607219397298
1_002_20200706_163451(8),1,2020-07-06 16:34:51,188.00079345703125,147.95352172851562,197.37730407714844,157.7103271484375,0.7082734704017639,0.9814195517355554,0.9814195517355554,reinspect,reinspect,0.0013579840820391
1_002_20200706_163451(8),1,2020-07-06 16:34:51,191.7970123291016,172.3052215576172,200.4531707763672,181.7498321533203,0.6998423337936401,0.98019470269692,0.9814195517355554,reinspect,reinspect,0.0013579840820391
1_002_20200706_163451(8),1,2020-07-06 16:34:51,196.0855407714844,203.62998962402344,205.679931640625,213.772689819336,0.695482075214386,0.9795388084583344,0.9814195517355554,reinspect,reinspect,0.0013579840820391
1_002_20200706_203038(8),1,2020-07-06 20:30:38,193.9706268310547,168.2929229736328,202.3687744140625,177.59722900390625,0.707667350769043,0.9813333682611366,0.9813333682611366,reinspect,reinspect,0.0013587992810869
1_002_20200706_203038(8),1,2020-07-06 20:30:38,189.46188354492188,144.44830322265625,198.0575714111328,153.9473114013672,0.7063722014427185,0.9811482509094456,0.9813333682611366,reinspect,reinspect,0.0013587992810869
1_002_20200706_203038(8),1,2020-07-06 20:30:38,200.16017150878903,199.9286956787109,208.90853881835932,209.3345489501953,0.6958141922950745,0.9795893168131258,0.9813333682611366,reinspect,reinspect,0.0013587992810869
1_002_20200706_203038(8),1,2020-07-06 20:30:38,165.27845764160156,317.708251953125,175.35264587402344,326.9737854003906,0.0167756713926792,0.0178501909137632,0.9813333682611366,reinspect,reinspect,0.0013587992810869
1_002_20200706_203042(0),1,2020-07-06 20:30:42,198.87911987304688,164.5362091064453,207.09239196777344,173.72335815429688,0.7089935541152954,0.9815215683121932,0.9815215683121932,reinspect,reinspect,0.0013175836473792
1_002_20200706_203042(0),1,2020-07-06 20:30:42,193.8758087158203,142.2604522705078,202.31675720214844,151.78729248046875,0.6933484673500061,0.9792121456815588,0.9815215683121932,reinspect,reinspect,0.0013175836473792
1_002_20200706_203042(0),1,2020-07-06 20:30:42,206.45199584960932,197.0081329345703,214.833251953125,205.9228057861328,0.6804522275924683,0.9771551625954448,0.9815215683121932,reinspect,reinspect,0.0013175836473792
1_002_20200706_203045(2),1,2020-07-06 20:30:45,205.9884490966797,216.6416931152344,214.2619171142578,225.82223510742188,0.7112727165222168,0.9818418219831678,0.9818418219831678,reinspect,reinspect,0.0010216342510145
1_002_20200706_203045(2),1,2020-07-06 20:30:45,192.56076049804688,162.1673583984375,201.5357208251953,171.82786560058594,0.703705370426178,0.980762921089014,0.9818418219831678,reinspect,reinspect,0.0010216342510145
1_002_20200706_203045(2),1,2020-07-06 20:30:45,198.24932861328125,184.6053009033203,206.37893676757807,193.59799194335932,0.7000408172607422,0.9802241905978046,0.9818418219831678,reinspect,reinspect,0.0010216342510145
1_002_20200706_203045(2),1,2020-07-06 20:30:45,168.99246215820312,284.44091796875,179.4380645751953,295.7020874023437,0.0025246019940823,0.0008435457698873,0.9818418219831678,reinspect,reinspect,0.0010216342510145
1_002_20200706_203048(5),1,2020-07-06 20:30:48,189.8887634277344,166.3362274169922,198.2937164306641,175.67579650878906,0.7079272866249084,0.9813703632996018,0.9813703632996018,reinspect,reinspect,0.0005989312007328
1_002_20200706_203048(5),1,2020-07-06 20:30:48,196.7671356201172,188.40151977539065,204.84217834472656,197.197021484375,0.7032739520072937,0.9807000560095022,0.9813703632996018,reinspect,reinspect,0.0005989312007328
1_002_20200706_203048(5),1,2020-07-06 20:30:48,206.7465209960937,219.34127807617188,215.0557403564453,228.16981506347656,0.6898170113563538,0.9786630810746816,0.9813703632996018,reinspect,reinspect,0.0005989312007328
1_002_20200706_203048(5),1,2020-07-06 20:30:48,238.33648681640625,304.3629150390625,249.8907165527344,315.1759948730469,0.0036466242745518,0.0015256901056542,0.9813703632996018,reinspect,reinspect,0.0005989312007328
1_002_20200706_203051(7),1,2020-07-06 20:30:51,205.8001708984375,172.66189575195312,213.5599975585937,181.3661651611328,0.7146313786506653,0.9823065142110616,0.9823065142110616,reinspect,reinspect,0.0003899984532459
1_002_20200706_203051(7),1,2020-07-06 20:30:51,198.3942108154297,140.02394104003906,206.71446228027344,149.42645263671875,0.6807261109352112,0.9772003557927867,0.9823065142110616,reinspect,reinspect,0.0003899984532459
1_002_20200706_203051(7),1,2020-07-06 20:30:51,194.10289001464844,118.07500457763672,202.5711975097656,127.21288299560548,0.6770594120025635,0.976589742627235,0.9823065142110616,reinspect,reinspect,0.0003899984532459
1_002_20200706_203051(7),1,2020-07-06 20:30:51,150.49058532714844,35.637142181396484,171.1544952392578,58.07883834838867,0.0014689784729853,0.0003526220147067,0.9823065142110616,reinspect,reinspect,0.0003899984532459
1_002_20200706_203058(1),1,2020-07-06 20:30:58,195.67190551757807,114.29694366455078,204.6993408203125,123.90613555908205,0.7099850177764893,0.9816613747941326,0.9816613747941326,reinspect,reinspect,0.0004689297586521
1_002_20200706_203058(1),1,2020-07-06 20:30:58,199.45870971679688,171.05101013183594,208.2255401611328,180.935302734375,0.7097465991973877,0.9816278247306184,0.9816613747941326,reinspect,reinspect,0.0004689297586521
1_002_20200706_203058(1),1,2020-07-06 20:30:58,197.6773681640625,138.1144561767578,205.7562255859375,147.21107482910156,0.7029328346252441,0.9806502443624668,0.9816613747941326,reinspect,reinspect,0.0004689297586521
1_002_20200707_003535(3),1,2020-07-07 00:35:35,191.5347137451172,156.8349151611328,200.37728881835932,166.17225646972656,0.7233273983001709,0.9834704546059356,0.9834704546059356,reject,reject,0.0003742624419372
1_002_20200707_003535(3),1,2020-07-07 00:35:35,192.1664581298828,213.6932373046875,201.4201812744141,223.45298767089844,0.7085860967636108,0.9814638919747994,0.9834704546059356,reject,reject,0.0003742624419372
1_002_20200707_003535(3),1,2020-07-07 00:35:35,191.50762939453125,180.5843048095703,200.44129943847656,190.9925079345703,0.6973074674606323,0.9798152898833974,0.9834704546059356,reject,reject,0.0003742624419372
1_002_20200707_003543(3),1,2020-07-07 00:35:43,186.1387176513672,154.44442749023438,194.97789001464844,164.09768676757812,0.7174967527389526,0.9826962244949852,0.9826962244949852,reinspect,reinspect,0.0005945608153081
1_002_20200707_003543(3),1,2020-07-07 00:35:43,192.17379760742188,178.28822326660156,200.71389770507807,187.49220275878903,0.7073861360549927,0.9812932853782264,0.9826962244949852,reinspect,reinspect,0.0005945608153081
1_002_20200707_003543(3),1,2020-07-07 00:35:43,200.11964416503903,208.18002319335932,209.17950439453125,217.93621826171875,0.7032826542854309,0.980701325545629,0.9826962244949852,reinspect,reinspect,0.0005945608153081
1_002_20200707_003547(4),1,2020-07-07 00:35:47,201.8502349853516,129.99169921875,210.42266845703125,139.05015563964844,0.7164334654808044,0.9825523276272056,0.9825523276272056,reinspect,reinspect,0.0016639405563702
1_002_20200707_003547(4),1,2020-07-07 00:35:47,201.78965759277344,186.2811889648437,210.05551147460932,195.34994506835932,0.7121188044548035,0.9819596930455852,0.9825523276272056,reinspect,reinspect,0.0016639405563702
1_002_20200707_003547(4),1,2020-07-07 00:35:47,201.68409729003903,154.3999786376953,209.92886352539065,163.3434600830078,0.7000033855438232,0.9802186319571292,0.9825523276272056,reinspect,reinspect,0.0016639405563702
1_002_20200707_003551(2),1,2020-07-07 00:35:51,187.96310424804688,149.88023376464844,196.4287567138672,159.2960968017578,0.7107669711112976,0.9817711031360984,0.9817711031360984,reinspect,reinspect,0.0010742761211054
1_002_20200707_003551(2),1,2020-07-07 00:35:51,193.5934600830078,92.49691772460938,201.90321350097656,101.8287582397461,0.6961633563041687,0.97964231937595,0.9817711031360984,reinspect,reinspect,0.0010742761211054
1_002_20200707_003551(2),1,2020-07-07 00:35:51,190.5342559814453,117.0231475830078,198.8041534423828,125.92945861816406,0.6938182711601257,0.9792843998008272,0.9817711031360984,reinspect,reinspect,0.0010742761211054
1_002_20200707_003555(2),1,2020-07-07 00:35:55,201.5190277099609,134.96913146972656,210.55572509765625,145.0305633544922,0.7117753624916077,0.9819119131394742,0.9819119131394742,reinspect,reinspect,0.0015434542135107
1_002_20200707_003555(2),1,2020-07-07 00:35:55,203.502197265625,191.9307403564453,212.00259399414065,201.31723022460932,0.7112185955047607,0.981834263569106,0.9819119131394742,reinspect,reinspect,0.0015434542135107
1_002_20200707_003555(2),1,2020-07-07 00:35:55,202.1244354248047,160.1968994140625,210.6932373046875,169.41665649414062,0.7034206986427307,0.9807214561454418,0.9819119131394742,reinspect,reinspect,0.0015434542135107
1_002_20200707_003603(4),1,2020-07-07 00:36:03,193.5814666748047,138.51693725585938,202.1923370361328,147.7556915283203,0.711272120475769,0.9818417387529528,0.9818417387529528,reinspect,reinspect,0.0017815939064681
1_002_20200707_003603(4),1,2020-07-07 00:36:03,197.84664916992188,194.39166259765625,206.5826568603516,203.91085815429688,0.7024672627449036,0.9805821093370108,0.9818417387529528,reinspect,reinspect,0.0017815939064681
1_002_20200707_003603(4),1,2020-07-07 00:36:03,195.4804534912109,162.824951171875,203.7952423095703,172.09613037109375,0.7013314366340637,0.9804151563035612,0.9818417387529528,reinspect,reinspect,0.0017815939064681
1_002_20200707_043323(4),1,2020-07-07 04:33:23,208.15725708007807,168.70938110351562,216.3150787353516,177.4352569580078,0.7043939232826233,0.9808629485941348,0.9808629485941348,reinspect,reinspect,0.0009137287681837
1_002_20200707_043323(4),1,2020-07-07 04:33:23,203.5047912597656,148.06185913085938,212.1285095214844,157.2405548095703,0.7019839286804199,0.9805111914121,0.9808629485941348,reinspect,reinspect,0.0009137287681837
1_002_20200707_043323(4),1,2020-07-07 04:33:23,213.96041870117188,193.0356292724609,221.8914337158203,201.606689453125,0.6974789500236511,0.9798411224983928,0.9808629485941348,reinspect,reinspect,0.0009137287681837
1_002_20200707_043327(5),1,2020-07-07 04:33:27,213.52793884277344,155.16915893554688,221.54812622070312,163.8722686767578,0.7030186653137207,0.980662786522635,0.980662786522635,reinspect,reinspect,0.0007996574285287
1_002_20200707_043327(5),1,2020-07-07 04:33:27,212.2139892578125,133.7413787841797,220.7345123291016,142.67306518554688,0.6829075217247009,0.9775579310496216,0.980662786522635,reinspect,reinspect,0.0007996574285287
1_002_20200707_043327(5),1,2020-07-07 04:33:27,215.6259765625,180.4980316162109,223.77633666992188,189.5900115966797,0.6786165833473206,0.9768505340444154,0.980662786522635,reinspect,reinspect,0.0007996574285287
1_002_20200707_043331(4),1,2020-07-07 04:33:31,207.66424560546875,187.84051513671875,215.90370178222656,196.98077392578125,0.7143285870552063,0.9822649721361956,0.9822649721361956,reinspect,reinspect,0.000801623488438
1_002_20200707_043331(4),1,2020-07-07 04:33:31,209.67605590820312,213.06646728515625,218.4655914306641,223.09844970703125,0.7084494233131409,0.9814445167308988,0.9822649721361956,reinspect,reinspect,0.000801623488438
1_002_20200707_043331(4),1,2020-07-07 04:33:31,205.5220489501953,166.52012634277344,213.721435546875,175.78115844726562,0.7070398330688477,0.9812438402672484,0.9822649721361956,reinspect,reinspect,0.000801623488438
1_002_20200707_043441(2),1,2020-07-07 04:34:41,206.4813995361328,148.67852783203125,215.6650238037109,158.03369140625,0.7114046812057495,0.9818602424486697,0.9818602424486697,reinspect,reinspect,0.0008383989640518
1_002_20200707_043441(2),1,2020-07-07 04:34:41,209.7167816162109,174.38941955566406,218.1974029541016,183.6361541748047,0.7114046812057495,0.9818602424486697,0.9818602424486697,reinspect,reinspect,0.0008383989640518
1_002_20200707_043441(2),1,2020-07-07 04:34:41,205.71766662597656,126.38240051269533,214.3729858398437,135.958740234375,0.7027713656425476,0.9806266334855568,0.9818602424486697,reinspect,reinspect,0.0008383989640518
1_002_20200707_043449(4),1,2020-07-07 04:34:49,206.07742309570312,164.26373291015625,214.2486114501953,173.26571655273438,0.7087439894676208,0.98148625726479,0.98148625726479,reinspect,reinspect,0.0009921385252663
1_002_20200707_043449(4),1,2020-07-07 04:34:49,209.71392822265625,211.1593780517578,218.4654541015625,221.26502990722656,0.7023265361785889,0.9805614803225802,0.98148625726479,reinspect,reinspect,0.0009921385252663
1_002_20200707_043449(4),1,2020-07-07 04:34:49,208.0308532714844,186.06948852539065,216.207275390625,195.1249847412109,0.7007192373275757,0.980324740174109,0.98148625726479,reinspect,reinspect,0.0009921385252663
1_002_20200707_043453(4),1,2020-07-07 04:34:53,202.0155639648437,160.3209991455078,210.174560546875,169.26829528808594,0.7067690491676331,0.9812051124002196,0.9812051124002196,reinspect,reinspect,0.0015734128798775
1_002_20200707_043453(4),1,2020-07-07 04:34:53,204.81716918945312,181.0395050048828,213.619384765625,189.9757537841797,0.7052609324455261,0.9809883665286004,0.9812051124002196,reinspect,reinspect,0.0015734128798775
1_002_20200707_043453(4),1,2020-07-07 04:34:53,209.92881774902344,206.9730987548828,217.66702270507807,215.9192352294922,0.6925643682479858,0.979091142679666,0.9812051124002196,reinspect,reinspect,0.0015734128798775
1_002_20200707_083007(7),1,2020-07-07 08:30:07,195.86166381835932,118.3289794921875,205.6705017089844,128.31671142578125,0.7059018611907959,0.9810806990914772,0.9810806990914772,reinspect,reinspect,0.0012227540213627
1_002_20200707_083007(7),1,2020-07-07 08:30:07,195.2803192138672,94.29485321044922,204.0735321044922,103.73920440673828,0.7054399251937866,0.9810141849108578,0.9810806990914772,reinspect,reinspect,0.0012227540213627
1_002_20200707_083007(7),1,2020-07-07 08:30:07,199.609619140625,151.77822875976562,208.5896453857422,161.3389129638672,0.6995539665222168,0.9801518042294208,0.9810806990914772,reinspect,reinspect,0.0012227540213627
1_002_20200707_083007(7),1,2020-07-07 08:30:07,193.36306762695312,317.5302124023437,203.0447998046875,327.063232421875,0.0017081771511584,0.0004495902857335,0.9810806990914772,reinspect,reinspect,0.0012227540213627
1_002_20200707_083011(7),1,2020-07-07 08:30:11,191.178939819336,118.0742645263672,200.36312866210932,127.64661407470705,0.7198410034179688,0.9830105107197618,0.9830105107197618,reinspect,reinspect,0.0006694320853055
1_002_20200707_083011(7),1,2020-07-07 08:30:11,195.5761566162109,174.24603271484375,204.55471801757807,183.85891723632807,0.7105210423469543,0.9817366436870448,0.9830105107197618,reinspect,reinspect,0.0006694320853055
1_002_20200707_083011(7),1,2020-07-07 08:30:11,192.26629638671875,141.88328552246094,202.00885009765625,152.0750732421875,0.7025163173675537,0.9805892964973996,0.9830105107197618,reinspect,reinspect,0.0006694320853055
1_002_20200707_083015(6),1,2020-07-07 08:30:15,200.0427703857422,118.49292755126952,209.29611206054688,127.98815155029295,0.726762592792511,0.9839150380404148,0.9839150380404148,reject,reject,0.0006524434408764
1_002_20200707_083015(6),1,2020-07-07 08:30:15,195.6931304931641,174.9075469970703,204.55162048339844,184.203125,0.722906231880188,0.9834153621730984,0.9839150380404148,reject,reject,0.0006524434408764
1_002_20200707_083015(6),1,2020-07-07 08:30:15,198.22720336914065,142.99322509765625,206.7661590576172,152.15496826171875,0.6963242292404175,0.9796667057859514,0.9839150380404148,reject,reject,0.0006524434408764
1_002_20200707_083019(7),1,2020-07-07 08:30:19,207.9581298828125,184.7035980224609,216.5239105224609,194.01841735839844,0.714443564414978,0.9822807548277004,0.9822807548277004,reinspect,reinspect,0.0006533400226167
1_002_20200707_083019(7),1,2020-07-07 08:30:19,204.24855041503903,136.39834594726562,213.3256378173828,146.169677734375,0.6999428868293762,0.9802096454498735,0.9822807548277004,reinspect,reinspect,0.0006533400226167
1_002_20200707_083019(7),1,2020-07-07 08:30:19,205.99546813964844,158.5947723388672,214.3069000244141,167.66111755371094,0.6986616253852844,0.980018628741225,0.9822807548277004,reinspect,reinspect,0.0006533400226167
1_002_20200707_083023(7),1,2020-07-07 08:30:23,203.67221069335932,130.37620544433594,212.5731964111328,139.70700073242188,0.7100135087966919,0.981665381092635,0.981665381092635,reinspect,reinspect,0.0008397698257298
1_002_20200707_083023(7),1,2020-07-07 08:30:23,209.8448638916016,178.07176208496094,218.32276916503903,187.46551513671875,0.7081022262573242,0.9813952317193024,0.981665381092635,reinspect,reinspect,0.0008397698257298
1_002_20200707_083023(7),1,2020-07-07 08:30:23,206.33795166015625,152.0106201171875,214.84866333007807,161.17437744140625,0.7070557475090027,0.9812461145855024,0.981665381092635,reinspect,reinspect,0.0008397698257298
1_002_20200707_083027(5),1,2020-07-07 08:30:27,211.49598693847656,144.20001220703125,220.44422912597656,154.10792541503906,0.7221031188964844,0.9833099508671396,0.9833099508671396,reinspect,reinspect,0.0009649192008884
1_002_20200707_083027(5),1,2020-07-07 08:30:27,215.64898681640625,192.30723571777344,224.52793884277344,201.84571838378903,0.7133592367172241,0.9821315139446316,0.9833099508671396,reinspect,reinspect,0.0009649192008884
1_002_20200707_083027(5),1,2020-07-07 08:30:27,213.64483642578125,166.6372528076172,221.76177978515625,175.3731231689453,0.7015647292137146,0.9804495320587796,0.9833099508671396,reinspect,reinspect,0.0009649192008884
1_002_20200707_123124(2),1,2020-07-07 12:31:24,199.412826538086,148.2480010986328,208.181396484375,157.71237182617188,0.7180351614952087,0.9827687673426144,0.9827687673426144,reinspect,reinspect,0.0011733984524071
1_002_20200707_123124(2),1,2020-07-07 12:31:24,199.718017578125,172.10951232910156,208.56602478027344,181.90008544921875,0.700881838798523,0.9803487843496924,0.9827687673426144,reinspect,reinspect,0.0011733984524071
1_002_20200707_123124(2),1,2020-07-07 12:31:24,201.5950469970703,205.94140625,210.3199157714844,215.4803924560547,0.693679690361023,0.979263105749393,0.9827687673426144,reinspect,reinspect,0.0011733984524071
1_002_20200707_123124(2),1,2020-07-07 12:31:24,235.1444702148437,29.26211738586425,274.1978454589844,52.31276321411133,0.0020691601093858,0.0006122393111184,0.9827687673426144,reinspect,reinspect,0.0011733984524071
1_002_20200707_123128(4),1,2020-07-07 12:31:28,189.97911071777344,148.6565704345703,199.0682830810547,158.22665405273438,0.7233229875564575,0.983469878305871,0.983469878305871,reject,reject,0.0007504912720728
1_002_20200707_123128(4),1,2020-07-07 12:31:28,194.02340698242188,172.62034606933594,202.64334106445312,182.2408447265625,0.7221601605415344,0.983317453246665,0.983469878305871,reject,reject,0.0007504912720728
1_002_20200707_123128(4),1,2020-07-07 12:31:28,199.32579040527344,205.1416931152344,207.77297973632807,214.9323883056641,0.7146540880203247,0.982309627077239,0.983469878305871,reject,reject,0.0007504912720728
1_002_20200707_123132(4),1,2020-07-07 12:31:32,195.520263671875,140.9697265625,203.62847900390625,150.13499450683594,0.7094437479972839,0.9815851444569528,0.9815851444569528,reinspect,reinspect,0.0007965857038477
1_002_20200707_123132(4),1,2020-07-07 12:31:32,193.6761932373047,116.56845092773438,202.48663330078125,126.01714324951172,0.7051021456718445,0.980965441544944,0.9815851444569528,reinspect,reinspect,0.0007965857038477
1_002_20200707_123132(4),1,2020-07-07 12:31:32,197.7538604736328,173.95851135253906,206.3125915527344,183.25279235839844,0.6979478001594543,0.9799116284162908,0.9815851444569528,reinspect,reinspect,0.0007965857038477
1_002_20200707_123132(4),1,2020-07-07 12:31:32,120.64601135253906,45.101688385009766,152.90895080566406,76.8857650756836,0.00240646651946,0.0007808653029074,0.9815851444569528,reinspect,reinspect,0.0007965857038477
1_002_20200707_123136(3),1,2020-07-07 12:31:36,209.7467193603516,192.70274353027344,217.7855682373047,201.6498107910156,0.7073051333427429,0.9812817282169972,0.9812817282169972,reinspect,reinspect,0.0016166958340476
1_002_20200707_123136(3),1,2020-07-07 12:31:36,214.1519927978516,218.29405212402344,222.2716827392578,227.3508453369141,0.7063865065574646,0.9811503027340998,0.9812817282169972,reinspect,reinspect,0.0016166958340476
1_002_20200707_123136(3),1,2020-07-07 12:31:36,206.1010284423828,170.59786987304688,214.5577392578125,179.97299194335938,0.7044824361801147,0.9808757797648052,0.9812817282169972,reinspect,reinspect,0.0016166958340476
1_002_20200707_123140(3),1,2020-07-07 12:31:40,203.2329559326172,132.3253936767578,212.0088653564453,142.01087951660156,0.7159489393234253,0.9824864755042364,0.9824864755042364,reinspect,reinspect,0.0006707895605571
1_002_20200707_123140(3),1,2020-07-07 12:31:40,205.7480010986328,180.42306518554688,214.37130737304688,189.9049224853516,0.7024638652801514,0.980581611491565,0.9824864755042364,reinspect,reinspect,0.0006707895605571
1_002_20200707_123140(3),1,2020-07-07 12:31:40,203.99929809570312,155.0556182861328,212.6090545654297,163.9977569580078,0.6975113153457642,0.9798459953968348,0.9824864755042364,reinspect,reinspect,0.0006707895605571
1_002_20200707_123144(3),1,2020-07-07 12:31:44,207.86428833007807,190.6234741210937,216.53155517578125,200.1158142089844,0.7147256731987,0.9823194370047922,0.9823194370047922,reinspect,reinspect,0.0008259303950224
1_002_20200707_123144(3),1,2020-07-07 12:31:44,205.83062744140625,164.78221130371094,214.2123107910156,173.7742919921875,0.7141628265380859,0.9822422009716716,0.9823194370047922,reinspect,reinspect,0.0008259303950224
1_002_20200707_123144(3),1,2020-07-07 12:31:44,204.4164428710937,143.55430603027344,213.15582275390625,152.75135803222656,0.7055805921554565,0.9810344573519474,0.9823194370047922,reinspect,reinspect,0.0008259303950224
1_002_20200707_123144(3),1,2020-07-07 12:31:44,203.26284790039065,144.462890625,213.2027282714844,155.87115478515625,0.0011378353228792,0.0002337185903331,0.9823194370047922,reinspect,reinspect,0.0008259303950224
1_002_20200708_093546(5),1,2020-07-08 09:35:46,203.4575042724609,166.30245971679688,211.7764587402344,175.38336181640625,0.712263286113739,0.9819797665218544,0.9819797665218544,reinspect,reinspect,0.0014514866383526
1_002_20200708_093546(5),1,2020-07-08 09:35:46,205.8515472412109,192.2736053466797,213.99151611328125,201.2006378173828,0.7053917646408081,0.9810072405918636,0.9819797665218544,reinspect,reinspect,0.0014514866383526
1_002_20200708_093546(5),1,2020-07-08 09:35:46,201.6627197265625,144.23974609375,210.546142578125,153.8668670654297,0.7022058963775635,0.9805437831933096,0.9819797665218544,reinspect,reinspect,0.0014514866383526
1_002_20200708_093546(5),1,2020-07-08 09:35:46,202.6312255859375,163.3902130126953,212.5761108398437,176.0713653564453,0.0034671826288104,0.001406514074565,0.9819797665218544,reinspect,reinspect,0.0014514866383526
1_002_20200708_093556(1),1,2020-07-08 09:35:56,203.85528564453125,170.53884887695312,212.81692504882807,179.92335510253906,0.7183142900466919,0.9828062911845464,0.9828062911845464,reinspect,reinspect,0.0009960192105366
1_002_20200708_093556(1),1,2020-07-08 09:35:56,199.79330444335932,122.4805145263672,209.0522003173828,132.60401916503906,0.7066643238067627,0.9811901190413268,0.9828062911845464,reinspect,reinspect,0.0009960192105366
1_002_20200708_093556(1),1,2020-07-08 09:35:56,201.8941192626953,144.89907836914062,210.453353881836,153.85801696777344,0.6887064576148987,0.9784882289134632,0.9828062911845464,reinspect,reinspect,0.0009960192105366
1_002_20200708_093600(2),1,2020-07-08 09:36:00,212.17507934570312,186.48175048828125,221.11492919921875,196.04443359375,0.7200169563293457,0.9830339364479042,0.9830339364479042,reinspect,reinspect,0.0011819249985392
1_002_20200708_093600(2),1,2020-07-08 09:36:00,211.9464569091797,160.3799591064453,220.6338653564453,169.735595703125,0.712196409702301,0.9819704770667042,0.9830339364479042,reinspect,reinspect,0.0011819249985392
1_002_20200708_093600(2),1,2020-07-08 09:36:00,211.7068328857422,138.56979370117188,220.49905395507807,148.09019470214844,0.7102604508399963,0.9817000789188408,0.9830339364479042,reinspect,reinspect,0.0011819249985392
1_002_20200708_093600(2),1,2020-07-08 09:36:00,254.47596740722656,44.76314163208008,266.124267578125,58.53132629394531,0.0022441467735916,0.0006977764160855,0.9830339364479042,reinspect,reinspect,0.0011819249985392
1_002_20200708_093604(2),1,2020-07-08 09:36:04,199.904052734375,174.5220184326172,208.99859619140625,184.0758514404297,0.7127045392990112,0.9820409732245512,0.9820409732245512,reinspect,reinspect,0.0007231390946054
1_002_20200708_093604(2),1,2020-07-08 09:36:04,195.7470245361328,150.33567810058594,204.88514709472656,160.111572265625,0.7107612490653992,0.9817703018934694,0.9820409732245512,reinspect,reinspect,0.0007231390946054
1_002_20200708_093604(2),1,2020-07-08 09:36:04,207.01303100585932,206.3421630859375,215.375228881836,215.3941802978516,0.6748942732810974,0.976223472042344,0.9820409732245512,reinspect,reinspect,0.0007231390946054
1_002_20200708_093604(2),1,2020-07-08 09:36:04,206.2189178466797,202.897216796875,216.49468994140625,215.77102661132807,0.0017615334363654,0.0004724220086911,0.9820409732245512,reinspect,reinspect,0.0007231390946054
1_002_20200708_093608(1),1,2020-07-08 09:36:08,191.41629028320312,132.0825958251953,200.63442993164065,141.864990234375,0.7140989303588867,0.9822334177594004,0.9822334177594004,reinspect,reinspect,0.0006889799272679
1_002_20200708_093608(1),1,2020-07-08 09:36:08,193.7659149169922,156.5980682373047,202.5484313964844,165.93695068359375,0.7068006992340088,0.9812096419974856,0.9822334177594004,reinspect,reinspect,0.0006889799272679
1_002_20200708_093608(1),1,2020-07-08 09:36:08,197.56463623046875,188.53335571289065,206.1530914306641,197.9261779785156,0.6916732788085938,0.9789530019840232,0.9822334177594004,reinspect,reinspect,0.0006889799272679
1_002_20200708_093612(3),1,2020-07-08 09:36:12,193.7081298828125,184.27310180664065,202.39279174804688,193.84864807128903,0.7199833393096924,0.9830294625603015,0.9830294625603015,reinspect,reinspect,0.001012591279498
1_002_20200708_093612(3),1,2020-07-08 09:36:12,192.2421875,159.95074462890625,201.7541656494141,169.83811950683594,0.710483968257904,0.9817314448441088,0.9830294625603015,reinspect,reinspect,0.001012591279498
1_002_20200708_093612(3),1,2020-07-08 09:36:12,195.54977416992188,217.88162231445312,204.1005249023437,227.0030212402344,0.6948876976966858,0.979448187533381,0.9830294625603015,reinspect,reinspect,0.001012591279498
1_002_20200708_093612(3),1,2020-07-08 09:36:12,282.789306640625,269.404541015625,291.7734069824219,278.9154663085937,0.0392684638500213,0.0689761958779468,0.9830294625603015,reinspect,reinspect,0.001012591279498
1_002_20200708_122738(0),1,2020-07-08 12:27:38,207.901611328125,182.3584747314453,216.22344970703125,191.759033203125,0.7154099941253662,0.9824130205006238,0.9824130205006238,reinspect,reinspect,0.0006632798923812
1_002_20200708_122738(0),1,2020-07-08 12:27:38,205.6239624023437,156.6865692138672,213.92677307128903,165.66043090820312,0.7124303579330444,0.98200295869195,0.9824130205006238,reinspect,reinspect,0.0006632798923812
1_002_20200708_122738(0),1,2020-07-08 12:27:38,203.81381225585932,134.34176635742188,212.7835998535156,143.8970947265625,0.7014007568359375,0.9804253752326392,0.9824130205006238,reinspect,reinspect,0.0006632798923812
1_002_20200708_122742(0),1,2020-07-08 12:27:42,208.5365753173828,171.46803283691406,216.81407165527344,179.83474731445312,0.7103752493858337,0.9817161932629556,0.9817161932629556,reinspect,reinspect,0.0010000791444226
1_002_20200708_122742(0),1,2020-07-08 12:27:42,211.47586059570312,196.8978576660156,219.8534240722656,205.79879760742188,0.700204610824585,0.980248500738935,0.9817161932629556,reinspect,reinspect,0.0010000791444226
1_002_20200708_122742(0),1,2020-07-08 12:27:42,206.16653442382807,149.7080841064453,214.6858673095703,158.8376922607422,0.6991373300552368,0.9800897048187236,0.9817161932629556,reinspect,reinspect,0.0010000791444226
1_002_20200708_122742(0),1,2020-07-08 12:27:42,249.90382385253903,192.8568420410156,257.0428161621094,200.3074951171875,0.0393803305923938,0.0692826916669408,0.9817161932629556,reinspect,reinspect,0.0010000791444226
1_002_20200708_122745(8),1,2020-07-08 12:27:45,207.83718872070312,160.620849609375,216.08799743652344,169.6960906982422,0.7170143723487854,0.9826310474732752,0.9826310474732752,reinspect,reinspect,0.0010790041546888
1_002_20200708_122745(8),1,2020-07-08 12:27:45,210.09869384765625,185.9608917236328,218.9007110595703,195.54840087890625,0.7127491235733032,0.982047149305724,0.9826310474732752,reinspect,reinspect,0.0010790041546888
1_002_20200708_122745(8),1,2020-07-08 12:27:45,205.40821838378903,138.17315673828125,213.80734252929688,147.67161560058594,0.71096271276474,0.9817984971626068,0.9826310474732752,reinspect,reinspect,0.0010790041546888
1_002_20200708_122749(9),1,2020-07-08 12:27:49,200.75787353515625,146.66647338867188,209.66616821289065,156.35546875,0.7168595194816589,0.9826100876856108,0.9826100876856108,reinspect,reinspect,0.001539521601785
1_002_20200708_122749(9),1,2020-07-08 12:27:49,206.2036895751953,178.48684692382812,215.0341033935547,187.81362915039065,0.7102741599082947,0.9817020038030908,0.9826100876856108,reinspect,reinspect,0.001539521601785
1_002_20200708_122749(9),1,2020-07-08 12:27:49,197.6778106689453,124.03343200683594,206.0483856201172,133.341796875,0.7075590491294861,0.9813179388174204,0.9826100876856108,reinspect,reinspect,0.001539521601785
1_002_20200708_122753(9),1,2020-07-08 12:27:53,186.52247619628903,134.8362579345703,196.082763671875,145.52322387695312,0.7169466614723206,0.982621884809653,0.982621884809653,reinspect,reinspect,0.0004513232527498
1_002_20200708_122753(9),1,2020-07-08 12:27:53,197.68380737304688,190.43638610839844,205.675537109375,199.65431213378903,0.7058355212211609,0.9810711571296062,0.982621884809653,reinspect,reinspect,0.0004513232527498
1_002_20200708_122753(9),1,2020-07-08 12:27:53,190.3844451904297,158.3164825439453,199.608627319336,168.09939575195312,0.7027966976165771,0.9806303390421844,0.982621884809653,reinspect,reinspect,0.0004513232527498
1_002_20200708_122757(9),1,2020-07-08 12:27:57,193.64488220214844,180.426025390625,202.2340087890625,189.9207305908203,0.7041756510734558,0.9808312804728688,0.9808312804728688,reinspect,reinspect,0.0004769759651339
1_002_20200708_122757(9),1,2020-07-08 12:27:57,207.9285430908203,234.51904296875,216.0566864013672,243.63980102539065,0.7021210789680481,0.980531334013356,0.9808312804728688,reinspect,reinspect,0.0004769759651339
1_002_20200708_122757(9),1,2020-07-08 12:27:57,199.6724548339844,204.48483276367188,207.66189575195312,213.47462463378903,0.7000199556350708,0.9802210927692012,0.9808312804728688,reinspect,reinspect,0.0004769759651339
1_002_20200708_122757(9),1,2020-07-08 12:27:57,109.1842041015625,299.4612731933594,124.1093292236328,314.812255859375,0.0057493601925671,0.0031787836083075,0.9808312804728688,reinspect,reinspect,0.0004769759651339
1_002_20200708_122757(9),1,2020-07-08 12:27:57,197.51788330078125,203.9947052001953,208.3938751220703,215.2020263671875,0.0014398517087101,0.0003414318705159,0.9808312804728688,reinspect,reinspect,0.0004769759651339
1_002_20200708_123746(2),1,2020-07-08 12:37:46,207.6741485595703,166.70372009277344,215.9139404296875,175.63278198242188,0.7116876840591431,0.9818997008008628,0.9818997008008628,reinspect,reinspect,0.0011379973837742
1_002_20200708_123746(2),1,2020-07-08 12:37:46,209.6246337890625,192.3799285888672,218.5754852294922,201.8973693847656,0.7077870965003967,0.981350417462974,0.9818997008008628,reinspect,reinspect,0.0011379973837742
1_002_20200708_123746(2),1,2020-07-08 12:37:46,205.80650329589844,144.38816833496094,214.58233642578125,154.25083923339844,0.7012061476707458,0.9803966768578904,0.9818997008008628,reinspect,reinspect,0.0011379973837742
1_002_20200708_123746(2),1,2020-07-08 12:37:46,206.77996826171875,163.37437438964844,216.9513397216797,176.35435485839844,0.0010850938269868,0.0002165260061489,0.9818997008008628,reinspect,reinspect,0.0011379973837742
1_002_20200708_123750(2),1,2020-07-08 12:37:50,206.0466461181641,181.49151611328125,214.62042236328125,191.115234375,0.7067210674285889,0.9811982439998264,0.9811982439998264,reinspect,reinspect,0.001334324538802
1_002_20200708_123750(2),1,2020-07-08 12:37:50,204.42027282714844,160.14752197265625,213.31253051757807,169.63623046875,0.7004839777946472,0.9802899141546104,0.9811982439998264,reinspect,reinspect,0.001334324538802
1_002_20200708_123750(2),1,2020-07-08 12:37:50,208.19064331054688,207.8184967041016,217.151107788086,217.31797790527344,0.6992183327674866,0.9801017892670996,0.9811982439998264,reinspect,reinspect,0.001334324538802
1_002_20200708_123754(3),1,2020-07-08 12:37:54,208.2779541015625,144.24807739257812,217.25729370117188,153.8082275390625,0.7113805413246155,0.9818568738486778,0.9818568738486778,reinspect,reinspect,0.0003297822999712
1_002_20200708_123754(3),1,2020-07-08 12:37:54,211.6854858398437,170.2391357421875,220.1135406494141,179.2901611328125,0.7052217125892639,0.9809827059775426,0.9818568738486778,reinspect,reinspect,0.0003297822999712
1_002_20200708_123754(3),1,2020-07-08 12:37:54,207.44723510742188,122.18537139892578,215.8958740234375,131.3046417236328,0.6982402205467224,0.9799555116874624,0.9818568738486778,reinspect,reinspect,0.0003297822999712
1_002_20200708_123800(1),1,2020-07-08 12:38:00,195.59567260742188,118.6670150756836,204.7593536376953,128.325927734375,0.721452534198761,0.983224215241129,0.983224215241129,reinspect,reinspect,0.0010064508435958
1_002_20200708_123800(1),1,2020-07-08 12:38:00,195.4978790283203,176.29574584960938,203.9288787841797,185.353759765625,0.7061730027198792,0.9811196625536872,0.983224215241129,reinspect,reinspect,0.0010064508435958
1_002_20200708_123800(1),1,2020-07-08 12:38:00,196.0649871826172,143.947265625,204.24871826171875,152.93492126464844,0.6884021162986755,0.9784401275950548,0.983224215241129,reinspect,reinspect,0.0010064508435958
1_002_20200708_123800(1),1,2020-07-08 12:38:00,243.5769805908203,47.358619689941406,253.3931579589844,58.3306770324707,0.0018905460601672,0.0005293824713105,0.983224215241129,reinspect,reinspect,0.0010064508435958
1_002_20200708_123800(1),1,2020-07-08 12:38:00,194.93345642089844,141.06698608398438,203.5097503662109,151.8502197265625,0.0016343567986041,0.0004187151773096,0.983224215241129,reinspect,reinspect,0.0010064508435958
1_002_20200708_123804(2),1,2020-07-08 12:38:04,195.5215759277344,150.70440673828125,204.9792633056641,161.03643798828125,0.7128678560256958,0.9820635894578184,0.9820635894578184,reinspect,reinspect,0.0005179135870422
1_002_20200708_123804(2),1,2020-07-08 12:38:04,199.7763061523437,207.92222595214844,208.7534942626953,217.6661376953125,0.7008320093154907,0.9803414182392072,0.9820635894578184,reinspect,reinspect,0.0005179135870422
1_002_20200708_123804(2),1,2020-07-08 12:38:04,197.8162384033203,176.00009155273438,206.2037506103516,185.15142822265625,0.6852770447731018,0.9779415939201664,0.9820635894578184,reinspect,reinspect,0.0005179135870422
1_002_20200708_123808(2),1,2020-07-08 12:38:08,193.7344207763672,152.05946350097656,202.64996337890625,161.42161560058594,0.7113465070724487,0.9818521237800036,0.9818521237800036,reinspect,reinspect,0.0010536316195576
1_002_20200708_123808(2),1,2020-07-08 12:38:08,201.570541381836,208.0589599609375,209.8690795898437,217.37940979003903,0.7066593766212463,0.9811894105482372,0.9818521237800036,reinspect,reinspect,0.0010536316195576
1_002_20200708_123808(2),1,2020-07-08 12:38:08,196.05032348632807,175.90077209472656,205.9141387939453,185.8685760498047,0.706037700176239,0.9811002265917492,0.9818521237800036,reinspect,reinspect,0.0010536316195576
1_002_20200708_163727(3),1,2020-07-08 16:37:27,209.8238983154297,164.2647705078125,217.958251953125,173.35443115234375,0.7101566195487976,0.981685495311192,0.981685495311192,reinspect,reinspect,0.0006782387217717
1_002_20200708_163727(3),1,2020-07-08 16:37:27,207.8567352294922,142.07958984375,216.7515411376953,151.69615173339844,0.7082710862159729,0.981419213291176,0.981685495311192,reinspect,reinspect,0.0006782387217717
1_002_20200708_163727(3),1,2020-07-08 16:37:27,212.060287475586,190.0341186523437,221.10809326171875,199.3927154541016,0.7040598392486572,0.9808144625166788,0.981685495311192,reinspect,reinspect,0.0006782387217717
1_002_20200708_163731(2),1,2020-07-08 16:37:31,211.8922119140625,192.5736541748047,220.4727020263672,201.77346801757807,0.7150421142578125,0.9823627553463546,0.9823627553463546,reinspect,reinspect,0.0004186147639777
1_002_20200708_163731(2),1,2020-07-08 16:37:31,209.34683227539065,144.4803466796875,217.66900634765625,154.06808471679688,0.7091700434684753,0.9815465107486218,0.9823627553463546,reinspect,reinspect,0.0004186147639777
1_002_20200708_163731(2),1,2020-07-08 16:37:31,209.89683532714844,166.7786102294922,218.25393676757807,175.7015380859375,0.7028177976608276,0.9806334251616244,0.9823627553463546,reinspect,reinspect,0.0004186147639777
1_002_20200708_163731(2),1,2020-07-08 16:37:31,256.2940368652344,304.6463623046875,266.451416015625,315.5473937988281,0.0011673299595713,0.0002435490265757,0.9823627553463546,reinspect,reinspect,0.0004186147639777
1_002_20200708_163735(1),1,2020-07-08 16:37:35,215.7293701171875,210.88629150390625,224.76727294921875,221.1146697998047,0.7170087695121765,0.9826302894249084,0.9826302894249084,reinspect,reinspect,0.0009113582274494
1_002_20200708_163735(1),1,2020-07-08 16:37:35,213.5187530517578,185.67984008789065,221.7759704589844,195.0990600585937,0.7059845924377441,0.9810925938295256,0.9826302894249084,reinspect,reinspect,0.0009113582274494
1_002_20200708_163735(1),1,2020-07-08 16:37:35,211.59669494628903,163.91970825195312,220.0305938720703,172.84848022460938,0.6905662417411804,0.9787804510014984,0.9826302894249084,reinspect,reinspect,0.0009113582274494
1_002_20200708_163735(1),1,2020-07-08 16:37:35,211.276611328125,161.18788146972656,220.5350341796875,174.7960968017578,0.0015613129362463,0.0003889926962933,0.9826302894249084,reinspect,reinspect,0.0009113582274494
1_002_20200708_163739(3),1,2020-07-08 16:37:39,185.89979553222656,126.35381317138672,194.7223663330078,135.84225463867188,0.7149136662483215,0.9823451809008572,0.9823451809008572,reinspect,reinspect,0.0011088812404981
1_002_20200708_163739(3),1,2020-07-08 16:37:39,199.8508453369141,180.3143310546875,208.7461853027344,189.65284729003903,0.7074500918388367,0.9813024067270052,0.9823451809008572,reinspect,reinspect,0.0011088812404981
1_002_20200708_163739(3),1,2020-07-08 16:37:39,191.88592529296875,150.40122985839844,200.3486785888672,159.61756896972656,0.7023968696594238,0.9805717924421355,0.9823451809008572,reinspect,reinspect,0.0011088812404981
1_002_20200708_163743(1),1,2020-07-08 16:37:43,207.803955078125,206.218978881836,216.8741912841797,215.7352600097656,0.7149888277053833,0.9823554661100808,0.9823554661100808,reinspect,reinspect,0.0013367349702473
1_002_20200708_163743(1),1,2020-07-08 16:37:43,197.584716796875,151.01585388183594,206.31626892089844,160.984130859375,0.7099915146827698,0.9816622884194048,0.9823554661100808,reinspect,reinspect,0.0013367349702473
1_002_20200708_163743(1),1,2020-07-08 16:37:43,201.84799194335932,174.76797485351562,210.15240478515625,183.7310485839844,0.7008123993873596,0.9803385188261556,0.9823554661100808,reinspect,reinspect,0.0013367349702473
1_002_20200708_163743(1),1,2020-07-08 16:37:43,210.77642822265625,317.8428649902344,220.22659301757807,327.4839172363281,0.0015799100510776,0.0003964811626587,0.9823554661100808,reinspect,reinspect,0.0013367349702473
1_002_20200708_163747(2),1,2020-07-08 16:37:47,195.7100067138672,148.35716247558594,204.8941650390625,157.87246704101562,0.7271898984909058,0.9839697495303704,0.9839697495303704,reject,reject,0.0008268103849431
1_002_20200708_163747(2),1,2020-07-08 16:37:47,198.2579498291016,172.26255798339844,207.26063537597656,182.0033721923828,0.7153424620628357,0.982403800905231,0.9839697495303704,reject,reject,0.0008268103849431
1_002_20200708_163747(2),1,2020-07-08 16:37:47,202.16452026367188,204.29031372070312,211.11866760253903,214.0807342529297,0.7024881839752197,0.980585174813358,0.9839697495303704,reject,reject,0.0008268103849431
1_002_20200708_163747(2),1,2020-07-08 16:37:47,34.014305114746094,153.3155517578125,117.02204132080078,203.2164764404297,0.0015795015497133,0.0003963160903485,0.9839697495303704,reject,reject,0.0008268103849431
1_002_20200708_203120(0),1,2020-07-08 20:31:20,190.10752868652344,138.24365234375,198.6815185546875,147.66891479492188,0.7104531526565552,0.9817271228143806,0.9817271228143806,reinspect,reinspect,0.0012428453962728
1_002_20200708_203120(0),1,2020-07-08 20:31:20,196.2517242431641,194.36900329589844,205.1676788330078,204.0943756103516,0.7058802843093872,0.9810775959762448,0.9817271228143806,reinspect,reinspect,0.0012428453962728
1_002_20200708_203120(0),1,2020-07-08 20:31:20,192.37811279296875,162.19833374023438,201.799545288086,172.09188842773438,0.6963202357292175,0.9796661006757844,0.9817271228143806,reinspect,reinspect,0.0012428453962728
1_002_20200708_203120(0),1,2020-07-08 20:31:20,325.6578063964844,57.43852996826172,334.704345703125,67.46511840820312,0.0053141759708523,0.0027998669020254,0.9817271228143806,reinspect,reinspect,0.0012428453962728
1_002_20200708_203124(1),1,2020-07-08 20:31:24,201.542724609375,164.61029052734375,209.7750701904297,173.69053649902344,0.7092074155807495,0.9815517892834846,0.9815517892834846,reinspect,reinspect,0.0012030305188776
1_002_20200708_203124(1),1,2020-07-08 20:31:24,203.7244873046875,108.1264190673828,212.3730926513672,117.50479125976562,0.7090198993682861,0.9815252930992968,0.9815517892834846,reinspect,reinspect,0.0012030305188776
1_002_20200708_203124(1),1,2020-07-08 20:31:24,202.32383728027344,132.56988525390625,210.8207092285156,141.6781005859375,0.6909895539283752,0.9788465539781112,0.9815517892834846,reinspect,reinspect,0.0012030305188776
1_002_20200708_203124(1),1,2020-07-08 20:31:24,116.58489990234376,46.55196762084961,142.65988159179688,68.1933364868164,0.0013917436590418,0.0003232509540775,0.9815517892834846,reinspect,reinspect,0.0012030305188776
1_002_20200708_203128(1),1,2020-07-08 20:31:28,203.82174682617188,170.47494506835938,212.54014587402344,179.8674774169922,0.7179432511329651,0.9827563989861122,0.9827563989861122,reinspect,reinspect,0.0008935377686654
1_002_20200708_203128(1),1,2020-07-08 20:31:28,192.39190673828125,115.62541961669922,201.5460662841797,125.48654174804688,0.7098680138587952,0.9816449155829032,0.9827563989861122,reinspect,reinspect,0.0008935377686654
1_002_20200708_203128(1),1,2020-07-08 20:31:28,197.8357086181641,138.94442749023438,205.6104431152344,147.78329467773438,0.6939124464988708,0.9792988614500112,0.9827563989861122,reinspect,reinspect,0.0008935377686654
1_002_20200708_203132(0),1,2020-07-08 20:31:32,199.63897705078125,130.7067108154297,208.38291931152344,140.00955200195312,0.720909833908081,0.9831524604675308,0.9831524604675308,reinspect,reinspect,0.0005859290112721
1_002_20200708_203132(0),1,2020-07-08 20:31:32,205.6031494140625,186.7188720703125,213.92117309570312,196.0443420410156,0.7148264050483704,0.9823332346053,0.9831524604675308,reinspect,reinspect,0.0005859290112721
1_002_20200708_203132(0),1,2020-07-08 20:31:32,201.83865356445312,154.27870178222656,210.466552734375,163.69683837890625,0.6927406191825867,0.9791183868189612,0.9831524604675308,reinspect,reinspect,0.0005859290112721
1_002_20200708_203135(9),1,2020-07-08 20:31:35,186.5990753173828,130.70530700683594,195.9960021972656,141.1186981201172,0.7219374179840088,0.9832881436837742,0.9832881436837742,reinspect,reinspect,0.0004669757245362
1_002_20200708_203135(9),1,2020-07-08 20:31:35,190.4623413085937,153.925048828125,199.18359375,163.56692504882812,0.7073249816894531,0.9812845605783737,0.9832881436837742,reinspect,reinspect,0.0004669757245362
1_002_20200708_203135(9),1,2020-07-08 20:31:35,196.3262634277344,185.95675659179688,205.2147521972656,195.63449096679688,0.7017627358436584,0.9804786741033752,0.9832881436837742,reinspect,reinspect,0.0004669757245362
1_002_20200708_203139(9),1,2020-07-08 20:31:39,190.0603179931641,140.56988525390625,198.9428253173828,150.86117553710938,0.7125405073165894,0.9820182375004368,0.9820182375004368,reinspect,reinspect,0.000651960837785
1_002_20200708_203139(9),1,2020-07-08 20:31:39,206.22544860839844,194.41259765625,214.400390625,203.5230865478516,0.7065334320068359,0.9811713673881444,0.9820182375004368,reinspect,reinspect,0.000651960837785
1_002_20200708_203139(9),1,2020-07-08 20:31:39,196.8547515869141,163.33335876464844,205.0450592041016,172.1477508544922,0.7037178874015808,0.9807647428166644,0.9820182375004368,reinspect,reinspect,0.000651960837785
1_002_20200708_203139(9),1,2020-07-08 20:31:39,106.14310455322266,317.5388488769531,115.39857482910156,326.6029663085937,0.027973037213087,0.0404311864835129,0.9820182375004368,reinspect,reinspect,0.000651960837785
1_002_20200708_203139(9),1,2020-07-08 20:31:39,157.7613983154297,265.31524658203125,175.35687255859375,279.50897216796875,0.0038197161629796,0.0016441093405633,0.9820182375004368,reinspect,reinspect,0.000651960837785
1_002_20200713_090619(5),1,2020-07-13 09:06:19,188.0443572998047,174.24166870117188,196.7357940673828,183.42086791992188,0.715909481048584,0.9824811049718176,0.9824811049718176,reinspect,reinspect,0.0010034866857359
1_002_20200713_090619(5),1,2020-07-13 09:06:19,190.081298828125,197.8618621826172,198.5223693847656,207.2739715576172,0.7093867063522339,0.9815770977451284,0.9824811049718176,reinspect,reinspect,0.0010034866857359
1_002_20200713_090619(5),1,2020-07-13 09:06:19,192.1812286376953,229.9493865966797,201.0872802734375,239.64585876464844,0.7038759589195251,0.9807877379163688,0.9824811049718176,reinspect,reinspect,0.0010034866857359
1_002_20200713_090619(5),1,2020-07-13 09:06:19,318.9594421386719,52.06233978271485,338.70660400390625,67.8260498046875,0.0139559982344508,0.0132774060096897,0.9824811049718176,reinspect,reinspect,0.0010034866857359
1_002_20200713_090624(6),1,2020-07-13 09:06:24,189.83718872070312,162.06710815429688,198.534423828125,171.20753479003906,0.7062133550643921,0.9811254563087668,0.9811254563087668,reinspect,reinspect,0.0005798751722873
1_002_20200713_090624(6),1,2020-07-13 09:06:24,190.4936981201172,184.56216430664065,199.6775665283203,194.349838256836,0.7020483016967773,0.9805206474442596,0.9811254563087668,reinspect,reinspect,0.0005798751722873
1_002_20200713_090624(6),1,2020-07-13 09:06:24,193.6284637451172,218.0553436279297,201.64959716796875,226.90737915039065,0.6938946843147278,0.9792961344393204,0.9811254563087668,reinspect,reinspect,0.0005798751722873
1_002_20200713_090624(6),1,2020-07-13 09:06:24,245.3540496826172,284.98602294921875,254.6377868652344,295.8865661621094,0.0018062845338135,0.0004919008681107,0.9811254563087668,reinspect,reinspect,0.0005798751722873
1_002_20200713_090627(7),1,2020-07-13 09:06:27,192.4211883544922,206.61294555664065,200.77626037597656,215.79351806640625,0.7070533633232117,0.9812457738762864,0.9812457738762864,reinspect,reinspect,0.0012170516407697
1_002_20200713_090627(7),1,2020-07-13 09:06:27,195.6211853027344,175.14891052246094,203.63975524902344,183.973373413086,0.7059808373451233,0.9810920540553104,0.9812457738762864,reinspect,reinspect,0.0012170516407697
1_002_20200713_090627(7),1,2020-07-13 09:06:27,197.98751831054688,152.3207244873047,206.38394165039065,161.31436157226562,0.6941654086112976,0.979337669923438,0.9812457738762864,reinspect,reinspect,0.0012170516407697
1_002_20200713_090630(9),1,2020-07-13 09:06:30,193.81776428222656,156.7731170654297,202.62448120117188,166.25088500976562,0.7094916701316833,0.981591902758656,0.981591902758656,reinspect,reinspect,0.0009063430108846
1_002_20200713_090630(9),1,2020-07-13 09:06:30,191.5352478027344,212.5480194091797,199.65725708007807,221.77407836914065,0.708475649356842,0.9814482357398324,0.981591902758656,reinspect,reinspect,0.0009063430108846
1_002_20200713_090630(9),1,2020-07-13 09:06:30,192.5399475097656,180.4812774658203,201.061264038086,189.64959716796875,0.6995773911476135,0.9801552914706758,0.981591902758656,reinspect,reinspect,0.0009063430108846
1_002_20200713_090633(9),1,2020-07-13 09:06:33,189.96290588378903,214.1123809814453,198.351806640625,223.23733520507807,0.700660228729248,0.980316009190747,0.980316009190747,reinspect,reinspect,0.0012716432576705
1_002_20200713_090633(9),1,2020-07-13 09:06:33,191.71934509277344,181.12945556640625,199.44271850585932,189.903060913086,0.6953318119049072,0.9795159264289868,0.980316009190747,reinspect,reinspect,0.0012716432576705
1_002_20200713_090633(9),1,2020-07-13 09:06:33,192.67413330078125,157.8841094970703,201.70655822753903,167.3429412841797,0.69288170337677,0.979140176247548,0.980316009190747,reinspect,reinspect,0.0012716432576705
1_002_20200713_090633(9),1,2020-07-13 09:06:33,190.73536682128903,158.670654296875,202.1775360107422,169.7354736328125,0.0013935407623648,0.0003239233107285,0.980316009190747,reinspect,reinspect,0.0012716432576705
1_002_20200713_090637(0),1,2020-07-13 09:06:37,190.34425354003903,194.6814422607422,199.1142425537109,204.2010955810547,0.7127262353897095,0.982043978886234,0.982043978886234,reinspect,reinspect,0.0010952374051672
1_002_20200713_090637(0),1,2020-07-13 09:06:37,187.98915100097656,171.9624481201172,197.1202545166016,181.72415161132807,0.7101403474807739,0.981683209067376,0.982043978886234,reinspect,reinspect,0.0010952374051672
1_002_20200713_090637(0),1,2020-07-13 09:06:37,194.2967987060547,227.77462768554688,203.5966186523437,237.38720703125,0.7056326866149902,0.981041961070163,0.982043978886234,reinspect,reinspect,0.0010952374051672
1_002_20200713_123402(2),1,2020-07-13 12:34:02,205.62940979003903,232.5113983154297,213.65077209472656,241.732162475586,0.7066619396209717,0.981189777601269,0.981189777601269,reinspect,reinspect,0.0006700231294696
1_002_20200713_123402(2),1,2020-07-13 12:34:02,197.90533447265625,176.2580108642578,206.4422912597656,185.85145568847656,0.6916214227676392,0.9789449424359268,0.981189777601269,reinspect,reinspect,0.0006700231294696
1_002_20200713_123402(2),1,2020-07-13 12:34:02,200.5168914794922,199.2133636474609,208.8722381591797,208.7274475097656,0.6878311038017273,0.9783496644427456,0.981189777601269,reinspect,reinspect,0.0006700231294696
1_002_20200713_123402(2),1,2020-07-13 12:34:02,196.3828582763672,316.1363220214844,205.6164703369141,325.166259765625,0.0211925990879535,0.0259686207774364,0.981189777601269,reinspect,reinspect,0.0006700231294696
1_002_20200713_123402(2),1,2020-07-13 12:34:02,203.9620819091797,329.5186767578125,213.69639587402344,332.0,0.0045557199046015,0.0021842426470088,0.981189777601269,reinspect,reinspect,0.0006700231294696
1_002_20200713_123402(2),1,2020-07-13 12:34:02,207.5279235839844,329.1029052734375,217.38360595703125,332.0,0.0030458462424576,0.001141452948452,0.981189777601269,reinspect,reinspect,0.0006700231294696
1_002_20200713_123402(2),1,2020-07-13 12:34:02,185.5406494140625,329.129150390625,195.7496795654297,332.0,0.0011802708031609,0.000247910495869,0.981189777601269,reinspect,reinspect,0.0006700231294696
1_002_20200713_123406(6),1,2020-07-13 12:34:06,197.66165161132807,146.40232849121094,206.3136138916016,155.84202575683594,0.7119123339653015,0.9819309795207428,0.9819309795207428,reinspect,reinspect,0.001364522664172
1_002_20200713_123406(6),1,2020-07-13 12:34:06,199.4609375,170.07699584960938,208.0487823486328,179.50790405273438,0.7072120308876038,0.981268438376526,0.9819309795207428,reinspect,reinspect,0.001364522664172
1_002_20200713_123406(6),1,2020-07-13 12:34:06,201.6812286376953,202.29885864257807,210.49073791503903,211.94064331054688,0.7028900980949402,0.980643997219231,0.9819309795207428,reinspect,reinspect,0.001364522664172
1_002_20200713_123411(2),1,2020-07-13 12:34:11,201.96713256835932,164.87274169921875,210.11520385742188,173.89242553710938,0.7042107582092285,0.980836376557216,0.980836376557216,reinspect,reinspect,0.0012437704153839
1_002_20200713_123411(2),1,2020-07-13 12:34:11,196.4508056640625,132.63241577148438,204.8849029541016,141.8529052734375,0.7015573382377625,0.980448443666551,0.980836376557216,reinspect,reinspect,0.0012437704153839
1_002_20200713_123411(2),1,2020-07-13 12:34:11,193.56065368652344,109.99091339111328,201.84410095214844,119.11076354980467,0.6881375908851624,0.9783982547182848,0.980836376557216,reinspect,reinspect,0.0012437704153839
1_002_20200713_123415(6),1,2020-07-13 12:34:15,199.5886993408203,159.9792938232422,207.89341735839844,169.03358459472656,0.7142893075942993,0.9822595780417264,0.9822595780417264,reinspect,reinspect,0.0001979731733414
1_002_20200713_123415(6),1,2020-07-13 12:34:15,198.43125915527344,184.2577514648437,206.95913696289065,193.3787078857422,0.7069488763809204,0.9812308379257992,0.9822595780417264,reinspect,reinspect,0.0001979731733414
1_002_20200713_123415(6),1,2020-07-13 12:34:15,197.99526977539065,216.2955322265625,206.5281982421875,225.3863677978516,0.6915351748466492,0.9789315326229072,0.9822595780417264,reinspect,reinspect,0.0001979731733414
1_002_20200713_123420(2),1,2020-07-13 12:34:20,199.86924743652344,139.9963836669922,209.23065185546875,149.61964416503906,0.7232199311256409,0.9834564091239282,0.9834564091239282,reject,reject,0.0003195223881331
1_002_20200713_123420(2),1,2020-07-13 12:34:20,204.2227020263672,196.0497283935547,213.334228515625,205.59567260742188,0.7031718492507935,0.9806851561903356,0.9834564091239282,reject,reject,0.0003195223881331
1_002_20200713_123420(2),1,2020-07-13 12:34:20,202.0634765625,164.06610107421875,210.771484375,173.40992736816406,0.6966601610183716,0.9797175602514564,0.9834564091239282,reject,reject,0.0003195223881331
1_002_20200713_123420(2),1,2020-07-13 12:34:20,190.2885589599609,316.40631103515625,200.71170043945312,325.9557189941406,0.0022607268765568,0.0007061000915144,0.9834564091239282,reject,reject,0.0003195223881331
1_002_20200713_123424(6),1,2020-07-13 12:34:24,203.99757385253903,228.5843963623047,212.6088714599609,237.7564392089844,0.709519624710083,0.9815958442812251,0.9815958442812251,reinspect,reinspect,0.0003022622422315
1_002_20200713_123424(6),1,2020-07-13 12:34:24,193.6488647460937,174.0791015625,202.1387481689453,183.2893524169922,0.7087762355804443,0.9814908225039568,0.9815958442812251,reinspect,reinspect,0.0003022622422315
1_002_20200713_123424(6),1,2020-07-13 12:34:24,198.07107543945312,196.95741271972656,206.4817352294922,206.03858947753903,0.6977458596229553,0.979881282561442,0.9815958442812251,reinspect,reinspect,0.0003022622422315
1_002_20200713_163527(7),1,2020-07-13 16:35:27,194.13006591796875,102.66360473632812,202.7021331787109,112.16658782958984,0.7182888388633728,0.982802872122117,0.982802872122117,reinspect,reinspect,0.0007303743292978
1_002_20200713_163527(7),1,2020-07-13 16:35:27,195.95860290527344,159.7919921875,204.5245513916016,169.090087890625,0.7083603739738464,0.981431885015958,0.982802872122117,reinspect,reinspect,0.0007303743292978
1_002_20200713_163527(7),1,2020-07-13 16:35:27,194.22247314453125,126.7017059326172,203.08035278320312,136.10084533691406,0.7077048420906067,0.9813387074168368,0.982802872122117,reinspect,reinspect,0.0007303743292978
1_002_20200713_163527(7),1,2020-07-13 16:35:27,123.96029663085938,24.4074821472168,153.41433715820312,50.654930114746094,0.0058783763088285,0.0032946044370497,0.982802872122117,reinspect,reinspect,0.0007303743292978
1_002_20200713_163532(0),1,2020-07-13 16:35:32,190.2044982910156,109.84700775146484,199.0528106689453,119.3867416381836,0.7033963203430176,0.980717902233734,0.980717902233734,reinspect,reinspect,0.0012258329071243
1_002_20200713_163532(0),1,2020-07-13 16:35:32,197.94595336914065,164.9132843017578,206.1544342041016,174.10751342773438,0.6944860219955444,0.9793867806004508,0.980717902233734,reinspect,reinspect,0.0012258329071243
1_002_20200713_163532(0),1,2020-07-13 16:35:32,193.6383056640625,132.40594482421875,201.659896850586,141.74839782714844,0.6760472655296326,0.9764190525707924,0.980717902233734,reinspect,reinspect,0.0012258329071243
1_002_20200713_163532(0),1,2020-07-13 16:35:32,257.25897216796875,192.42027282714844,265.0009765625,200.344482421875,0.0019007798982784,0.0005340056534946,0.980717902233734,reinspect,reinspect,0.0012258329071243
1_002_20200713_163536(6),1,2020-07-13 16:35:36,189.74012756347656,118.67920684814452,198.2301483154297,128.09291076660156,0.7131170034408569,0.9820980525089088,0.9820980525089088,reinspect,reinspect,0.0008757323304923
1_002_20200713_163536(6),1,2020-07-13 16:35:36,195.9397125244141,174.4893798828125,204.6847686767578,183.71322631835932,0.7066091299057007,0.9811822135614772,0.9820980525089088,reinspect,reinspect,0.0008757323304923
1_002_20200713_163536(6),1,2020-07-13 16:35:36,191.90509033203125,142.0578155517578,200.29493713378903,151.2652130126953,0.6928476095199585,0.9791349122286352,0.9820980525089088,reinspect,reinspect,0.0008757323304923
1_002_20200713_163541(1),1,2020-07-13 16:35:41,193.9540557861328,132.27243041992188,202.4967193603516,141.8104248046875,0.7149649262428284,0.9823521958586524,0.9823521958586524,reinspect,reinspect,0.0005217223700923
1_002_20200713_163541(1),1,2020-07-13 16:35:41,196.48974609375,156.08224487304688,204.98748779296875,165.244384765625,0.7055911421775818,0.9810359771563374,0.9823521958586524,reinspect,reinspect,0.0005217223700923
1_002_20200713_163541(1),1,2020-07-13 16:35:41,201.6996154785156,188.5174865722656,209.81626892089844,197.6290740966797,0.6972529292106628,0.9798070690328976,0.9823521958586524,reinspect,reinspect,0.0005217223700923
1_002_20200713_163551(8),1,2020-07-13 16:35:51,190.11154174804688,126.60490417480467,199.15109252929688,136.19509887695312,0.7197313904762268,0.9829959057371768,0.9829959057371768,reinspect,reinspect,0.0011297286255152
1_002_20200713_163551(8),1,2020-07-13 16:35:51,191.7020874023437,150.70822143554688,199.82888793945312,159.88296508789062,0.7027422785758972,0.980622378002438,0.9829959057371768,reinspect,reinspect,0.0011297286255152
1_002_20200713_163551(8),1,2020-07-13 16:35:51,193.3775329589844,183.76785278320312,202.0455474853516,193.1407470703125,0.6860209703445435,0.9780610362999952,0.9829959057371768,reinspect,reinspect,0.0011297286255152
1_002_20200713_163657(7),1,2020-07-13 16:36:57,202.2927703857422,197.94728088378903,211.1951904296875,207.5870819091797,0.7073320746421814,0.9812855726688912,0.9812855726688912,reinspect,reinspect,0.0010210586031459
1_002_20200713_163657(7),1,2020-07-13 16:36:57,200.0422821044922,164.97744750976562,208.40382385253903,174.17306518554688,0.7018691301345825,0.9804943199073872,0.9812855726688912,reinspect,reinspect,0.0010210586031459
1_002_20200713_163657(7),1,2020-07-13 16:36:57,198.2399139404297,141.87466430664062,207.06182861328125,151.49684143066406,0.6968286037445068,0.979743024700474,0.9812855726688912,reinspect,reinspect,0.0010210586031459
1_002_20200713_202453(5),1,2020-07-13 20:24:53,198.2664794921875,113.85457611083984,207.348861694336,123.675048828125,0.7208400368690491,0.9831432164012128,0.9831432164012128,reinspect,reinspect,0.0007290592845435
1_002_20200713_202453(5),1,2020-07-13 20:24:53,207.69126892089844,168.8777618408203,215.9503326416016,178.1864776611328,0.7097049355506897,0.9816219573523918,0.9831432164012128,reinspect,reinspect,0.0007290592845435
1_002_20200713_202453(5),1,2020-07-13 20:24:53,202.03976440429688,136.7373809814453,210.634994506836,146.2819061279297,0.6921437382698059,0.979026017989116,0.9831432164012128,reinspect,reinspect,0.0007290592845435
1_002_20200713_202453(5),1,2020-07-13 20:24:53,221.55615234375,45.29858016967773,230.64752197265625,54.52920913696289,0.0044043785892426,0.0020684505980488,0.9831432164012128,reinspect,reinspect,0.0007290592845435
1_002_20200713_202457(9),1,2020-07-13 20:24:57,194.01254272460932,144.38507080078125,202.5229034423828,153.7937469482422,0.719505250453949,0.9829657465664772,0.9829657465664772,reinspect,reinspect,0.000905622321908
1_002_20200713_202457(9),1,2020-07-13 20:24:57,200.2636108398437,176.05479431152344,209.2985992431641,185.6388397216797,0.7101988196372986,0.9816914235200672,0.9829657465664772,reinspect,reinspect,0.000905622321908
1_002_20200713_202457(9),1,2020-07-13 20:24:57,190.0220489501953,121.79186248779295,198.88975524902344,131.47726440429688,0.7055631875991821,0.9810319499123308,0.9829657465664772,reinspect,reinspect,0.000905622321908
1_002_20200713_202502(4),1,2020-07-13 20:25:02,196.4037322998047,144.65773010253906,205.0340118408203,154.15206909179688,0.704559326171875,0.9808869209966632,0.9808869209966632,reinspect,reinspect,0.0013314173065048
1_002_20200713_202502(4),1,2020-07-13 20:25:02,193.65879821777344,122.05298614501952,202.4049224853516,131.4974822998047,0.7012389898300171,0.9804015221206754,0.9808869209966632,reinspect,reinspect,0.0013314173065048
1_002_20200713_202502(4),1,2020-07-13 20:25:02,201.6968231201172,176.8902587890625,210.34033203125,186.8447723388672,0.6949000954627991,0.9794500807331336,0.9808869209966632,reinspect,reinspect,0.0013314173065048
1_002_20200713_202507(0),1,2020-07-13 20:25:07,212.51617431640625,157.6245880126953,220.4745635986328,166.29913330078125,0.684230625629425,0.9777727683005096,0.9777727683005096,reinspect,reinspect,0.0001691610995515
1_002_20200713_202507(0),1,2020-07-13 20:25:07,206.8140563964844,132.85231018066406,214.8934936523437,141.42884826660156,0.675279438495636,0.9762889423193076,0.9777727683005096,reinspect,reinspect,0.0001691610995515
1_002_20200713_202507(0),1,2020-07-13 20:25:07,202.7726593017578,111.79307556152344,210.7489624023437,120.29007720947266,0.6678658127784729,0.9750046222451436,0.9777727683005096,reinspect,reinspect,0.0001691610995515
1_002_20200713_202507(0),1,2020-07-13 20:25:07,211.5148468017578,154.541259765625,221.0105438232422,166.91860961914062,0.0036773069296032,0.0015464354014425,0.9777727683005096,reinspect,reinspect,0.0001691610995515
1_002_20200713_202507(0),1,2020-07-13 20:25:07,204.3256378173828,132.26205444335938,215.76788330078125,142.4214630126953,0.0030454553198069,0.0011412168663954,0.9777727683005096,reinspect,reinspect,0.0001691610995515
1_002_20200713_202507(0),1,2020-07-13 20:25:07,0.2647812962532043,328.54638671875,6.821193695068359,332.0,0.0012868960620835,0.0002849509306789,0.9777727683005096,reinspect,reinspect,0.0001691610995515
1_002_20200713_202511(3),1,2020-07-13 20:25:11,205.7916259765625,158.3936309814453,214.1782989501953,167.7471466064453,0.7005102038383484,0.9802937986704114,0.9802937986704114,reinspect,reinspect,0.001475829677354
1_002_20200713_202511(3),1,2020-07-13 20:25:11,200.3471069335937,110.46935272216795,209.2251892089844,120.3369598388672,0.6936346888542175,0.979256187457841,0.9802937986704114,reinspect,reinspect,0.001475829677354
1_002_20200713_202511(3),1,2020-07-13 20:25:11,202.5928649902344,133.07154846191406,210.68051147460932,141.7195281982422,0.6889022588729858,0.9785191335017724,0.9802937986704114,reinspect,reinspect,0.001475829677354
1_002_20200713_202515(8),1,2020-07-13 20:25:15,209.4933013916016,148.41607666015625,217.8009185791016,157.51229858398438,0.7082196474075317,0.9814119102768836,0.9814119102768836,reinspect,reinspect,0.000925565162538
1_002_20200713_202515(8),1,2020-07-13 20:25:15,218.0823516845703,194.30311584472656,226.9317779541016,203.5414886474609,0.707993745803833,0.9813798135645552,0.9814119102768836,reinspect,reinspect,0.000925565162538
1_002_20200713_202515(8),1,2020-07-13 20:25:15,213.805419921875,169.11924743652344,221.63204956054688,177.5874481201172,0.6981015801429749,0.979934714755171,0.9814119102768836,reinspect,reinspect,0.000925565162538
1_002_20200714_002645(1),1,2020-07-14 00:26:45,203.386962890625,170.06765747070312,211.97976684570312,179.3103790283203,0.7090956568717957,0.9815360009718884,0.9815360009718884,reinspect,reinspect,0.0009180300052368
1_002_20200714_002645(1),1,2020-07-14 00:26:45,207.69305419921875,190.576904296875,215.8755798339844,199.45944213867188,0.7049282193183899,0.9809403079177096,0.9815360009718884,reinspect,reinspect,0.0009180300052368
1_002_20200714_002645(1),1,2020-07-14 00:26:45,213.76307678222656,216.318115234375,221.58154296875,224.9690704345703,0.69748455286026,0.9798419661186896,0.9815360009718884,reinspect,reinspect,0.0009180300052368
1_002_20200714_002649(5),1,2020-07-14 00:26:49,214.11265563964844,165.04466247558594,222.3737945556641,174.08065795898438,0.711516261100769,0.9818758070660336,0.9818758070660336,reinspect,reinspect,0.0008748969789286
1_002_20200714_002649(5),1,2020-07-14 00:26:49,209.947982788086,139.34756469726562,218.73634338378903,149.1591339111328,0.7104133367538452,0.9817215373687443,0.9818758070660336,reinspect,reinspect,0.0008748969789286
1_002_20200714_002649(5),1,2020-07-14 00:26:49,207.7269744873047,117.8614730834961,216.485580444336,127.1174087524414,0.7083059549331665,0.9814241625997434,0.9818758070660336,reinspect,reinspect,0.0008748969789286
1_002_20200714_002654(1),1,2020-07-14 00:26:54,206.46142578125,115.9972686767578,215.8192138671875,125.95936584472656,0.7086622714996338,0.9814746844403888,0.9814746844403888,reinspect,reinspect,0.0008920952216311
1_002_20200714_002654(1),1,2020-07-14 00:26:54,208.14942932128903,142.1807403564453,217.2410125732422,151.90725708007812,0.7085356712341309,0.9814567451877428,0.9814746844403888,reinspect,reinspect,0.0008920952216311
1_002_20200714_002654(1),1,2020-07-14 00:26:54,206.19371032714844,94.1527099609375,214.57569885253903,103.27165222167967,0.7010495066642761,0.9803735553810522,0.9814746844403888,reinspect,reinspect,0.0008920952216311
1_002_20200714_002658(5),1,2020-07-14 00:26:58,199.77639770507807,126.29276275634766,208.7974853515625,135.67140197753906,0.7184734344482422,0.9828276594482376,0.9828276594482376,reinspect,reinspect,0.0003552046032677
1_002_20200714_002658(5),1,2020-07-14 00:26:58,203.5531616210937,182.5396423339844,211.78564453125,191.8036346435547,0.714708149433136,0.9823170359309624,0.9828276594482376,reinspect,reinspect,0.0003552046032677
1_002_20200714_002658(5),1,2020-07-14 00:26:58,201.73976135253903,150.4318084716797,209.8810577392578,159.58401489257812,0.7035558223724365,0.9807411461425838,0.9828276594482376,reinspect,reinspect,0.0003552046032677
1_002_20200714_002703(0),1,2020-07-14 00:27:03,198.04397583007807,128.00961303710938,206.89480590820312,137.689453125,0.7119631767272949,0.9819380531658384,0.9819380531658384,reinspect,reinspect,0.0004914286482812
1_002_20200714_002703(0),1,2020-07-14 00:27:03,203.57359313964844,184.5522308349609,212.09664916992188,193.95103454589844,0.7101929187774658,0.981690594658144,0.9819380531658384,reinspect,reinspect,0.0004914286482812
1_002_20200714_002703(0),1,2020-07-14 00:27:03,199.8202667236328,152.51976013183594,208.73648071289065,161.95751953125,0.703770637512207,0.9807724187287896,0.9819380531658384,reinspect,reinspect,0.0004914286482812
1_002_20200714_002707(5),1,2020-07-14 00:27:07,197.92269897460932,184.0749053955078,206.8438720703125,193.604736328125,0.7093144059181213,0.9815668948994596,0.9815668948994596,reinspect,reinspect,0.0009985362258334
1_002_20200714_002707(5),1,2020-07-14 00:27:07,191.1546173095703,128.06163024902344,200.24256896972656,137.7456512451172,0.7072219252586365,0.9812698510629048,0.9815668948994596,reinspect,reinspect,0.0009985362258334
1_002_20200714_002707(5),1,2020-07-14 00:27:07,193.8607940673828,152.3236846923828,202.52574157714844,161.59002685546875,0.7055396437644958,0.98102855761927,0.9815668948994596,reinspect,reinspect,0.0009985362258334
1_002_20200714_002707(5),1,2020-07-14 00:27:07,90.17652130126952,316.46099853515625,100.84593200683594,325.2156677246094,0.0018917936831712,0.000529945273207,0.9815668948994596,reinspect,reinspect,0.0009985362258334
1_002_20200714_042619(3),1,2020-07-14 04:26:19,217.72325134277344,193.286361694336,225.71250915527344,202.10891723632807,0.7068459391593933,0.9812161151441536,0.9812161151441536,reinspect,reinspect,0.0002941139132662
1_002_20200714_042619(3),1,2020-07-14 04:26:19,211.4576568603516,146.36700439453125,219.3961639404297,155.04165649414062,0.6975189447402954,0.9798471439476676,0.9812161151441536,reinspect,reinspect,0.0002941139132662
1_002_20200714_042619(3),1,2020-07-14 04:26:19,213.69874572753903,168.12124633789062,221.8346710205078,177.02310180664062,0.6971611380577087,0.9797932273360216,0.9812161151441536,reinspect,reinspect,0.0002941139132662
1_002_20200714_042619(3),1,2020-07-14 04:26:19,128.5239715576172,299.73126220703125,141.57582092285156,314.2790222167969,0.002536364365369,0.0008498869633735,0.9812161151441536,reinspect,reinspect,0.0002941139132662
1_002_20200714_042619(3),1,2020-07-14 04:26:19,211.0616912841797,143.59535217285156,220.0621795654297,156.95790100097656,0.0015722645912319,0.0003933960189033,0.9812161151441536,reinspect,reinspect,0.0002941139132662
1_002_20200714_042623(8),1,2020-07-14 04:26:23,211.97450256347656,159.39051818847656,220.5765686035156,168.8926544189453,0.7148125767707825,0.982331340949772,0.982331340949772,reinspect,reinspect,0.0013660827177104
1_002_20200714_042623(8),1,2020-07-14 04:26:23,216.309799194336,184.49069213867188,225.2422332763672,193.7761688232422,0.7140030860900879,0.9822202371510316,0.982331340949772,reinspect,reinspect,0.0013660827177104
1_002_20200714_042623(8),1,2020-07-14 04:26:23,208.1534118652344,137.78941345214844,217.0307006835937,147.128173828125,0.7042469382286072,0.9808416273563328,0.982331340949772,reinspect,reinspect,0.0013660827177104
1_002_20200714_042628(4),1,2020-07-14 04:26:28,205.7645568847656,118.50680541992188,214.2997589111328,128.11929321289062,0.7036185264587402,0.9807502783378574,0.9807502783378574,reinspect,reinspect,0.0013628617003631
1_002_20200714_042628(4),1,2020-07-14 04:26:28,210.09429931640625,166.92263793945312,217.8441772460937,175.64566040039062,0.6966326832771301,0.9797134040696452,0.9807502783378574,reinspect,reinspect,0.0013628617003631
1_002_20200714_042628(4),1,2020-07-14 04:26:28,206.4316864013672,141.70953369140625,215.5370635986328,151.24913024902344,0.690449059009552,0.9787621253076476,0.9807502783378574,reinspect,reinspect,0.0013628617003631
1_002_20200714_042628(4),1,2020-07-14 04:26:28,166.85423278808594,192.33648681640625,174.45762634277344,200.69155883789065,0.0037856553681194,0.001620541382644,0.9807502783378574,reinspect,reinspect,0.0013628617003631
1_002_20200714_042632(8),1,2020-07-14 04:26:32,192.2006225585937,129.9497833251953,201.63299560546875,139.59939575195312,0.7091765403747559,0.9815474284663224,0.9815474284663224,reinspect,reinspect,0.001410886706975
1_002_20200714_042632(8),1,2020-07-14 04:26:32,195.71975708007807,154.07484436035156,204.4664764404297,163.4066162109375,0.7089486718177795,0.9815152214517404,0.9815474284663224,reinspect,reinspect,0.001410886706975
1_002_20200714_042632(8),1,2020-07-14 04:26:32,201.60128784179688,185.9987945556641,209.84410095214844,195.2387542724609,0.7057679891586304,0.9810614401463106,0.9815474284663224,reinspect,reinspect,0.001410886706975
1_002_20200714_042637(4),1,2020-07-14 04:26:37,193.85086059570312,123.9598617553711,202.6316375732422,133.65623474121094,0.7151705622673035,0.9823803173697206,0.9823803173697206,reinspect,reinspect,0.0004688231548016
1_002_20200714_042637(4),1,2020-07-14 04:26:37,195.8941650390625,148.06883239746094,204.93902587890625,157.8096466064453,0.7119342088699341,0.9819340231717192,0.9823803173697206,reinspect,reinspect,0.0004688231548016
1_002_20200714_042637(4),1,2020-07-14 04:26:37,201.52175903320312,180.16452026367188,209.75759887695312,189.5111541748047,0.6987293362617493,0.9800287568186614,0.9823803173697206,reinspect,reinspect,0.0004688231548016
1_002_20200715_002517(9),1,2020-07-15 00:25:17,208.2084350585937,170.58189392089844,216.98272705078125,179.79278564453125,0.7134910821914673,0.9821497079937836,0.9821497079937836,reinspect,reinspect,0.0002739568969156
1_002_20200715_002517(9),1,2020-07-15 00:25:17,203.9278717041016,145.97183227539062,212.49302673339844,155.08470153808594,0.7069631218910217,0.9812328747620952,0.9821497079937836,reinspect,reinspect,0.0002739568969156
1_002_20200715_002517(9),1,2020-07-15 00:25:17,200.3357086181641,124.1682586669922,209.5598602294922,133.73406982421875,0.7050232291221619,0.980954040489842,0.9821497079937836,reinspect,reinspect,0.0002739568969156
1_002_20200715_002517(9),1,2020-07-15 00:25:17,2.65122127532959,316.9339599609375,11.512314796447754,326.3431701660156,0.0017992380307987,0.0004888139274903,0.9821497079937836,reinspect,reinspect,0.0002739568969156
1_002_20200715_042354(7),1,2020-07-15 04:23:54,207.95428466796875,169.10284423828125,216.5619354248047,178.17623901367188,0.7082692980766296,0.9814189594549896,0.9814189594549896,reinspect,reinspect,0.0009061765293242
1_002_20200715_042354(7),1,2020-07-15 04:23:54,209.941146850586,194.9106903076172,218.3964385986328,204.0723571777344,0.707737386226654,0.9813433411528149,0.9814189594549896,reinspect,reinspect,0.0009061765293242
1_002_20200715_042354(7),1,2020-07-15 04:23:54,206.32199096679688,147.968505859375,215.0482788085937,157.32394409179688,0.6961076259613037,0.9796338663450954,0.9814189594549896,reinspect,reinspect,0.0009061765293242
1_002_20200715_042358(9),1,2020-07-15 04:23:58,202.6417236328125,188.6676788330078,211.208251953125,197.8952789306641,0.7104243040084839,0.9817230759965,0.9817230759965,reinspect,reinspect,0.0008476298468623
1_002_20200715_042358(9),1,2020-07-15 04:23:58,201.4178009033203,168.05648803710938,209.55702209472656,176.6071014404297,0.7071841955184937,0.9812644637217732,0.9817230759965,reinspect,reinspect,0.0008476298468623
1_002_20200715_042358(9),1,2020-07-15 04:23:58,205.9241180419922,214.34971618652344,214.29617309570312,223.61932373046875,0.7008581757545471,0.980345286577941,0.9817230759965,reinspect,reinspect,0.0008476298468623
1_002_20200715_042403(5),1,2020-07-15 04:24:03,211.87747192382807,200.62022399902344,220.61187744140625,209.8642120361328,0.705737292766571,0.981057022148868,0.981057022148868,reinspect,reinspect,0.0010014795101487
1_002_20200715_042403(5),1,2020-07-15 04:24:03,209.9940185546875,174.73687744140625,218.4998321533203,183.8536376953125,0.7048318386077881,0.980926369905971,0.981057022148868,reinspect,reinspect,0.0010014795101487
1_002_20200715_042403(5),1,2020-07-15 04:24:03,209.50035095214844,154.08685302734375,217.5861968994141,162.75921630859375,0.6980040669441223,0.9799200777536188,0.981057022148868,reinspect,reinspect,0.0010014795101487
1_002_20200715_042403(5),1,2020-07-15 04:24:03,166.4892120361328,317.4776916503906,175.90818786621094,326.3754577636719,0.0152540579438209,0.0153200231079322,0.981057022148868,reinspect,reinspect,0.0010014795101487
1_002_20200715_042403(5),1,2020-07-15 04:24:03,222.5435943603516,268.92828369140625,232.6533660888672,279.1171875,0.0020925276912748,0.0006234151636307,0.981057022148868,reinspect,reinspect,0.0010014795101487
1_002_20200715_042408(0),1,2020-07-15 04:24:08,192.4102020263672,149.73931884765625,201.7171630859375,159.5461883544922,0.7045509815216064,0.9808857120972352,0.9808857120972352,reinspect,reinspect,0.0012045028669792
1_002_20200715_042408(0),1,2020-07-15 04:24:08,203.8894805908203,204.15628051757807,212.3876495361328,213.41827392578125,0.7020334005355835,0.9805184588434364,0.9808857120972352,reinspect,reinspect,0.0012045028669792
1_002_20200715_042408(0),1,2020-07-15 04:24:08,197.9114532470703,172.6695556640625,205.7088623046875,181.70904541015625,0.6978756189346313,0.9799007854857128,0.9808857120972352,reinspect,reinspect,0.0012045028669792
1_002_20200715_042408(0),1,2020-07-15 04:24:08,196.21170043945312,170.01190185546875,205.8297882080078,182.31285095214844,0.0015309388982132,0.0003768789782593,0.9808857120972352,reinspect,reinspect,0.0012045028669792
1_002_20200715_042412(5),1,2020-07-15 04:24:12,195.96495056152344,162.64199829101562,204.859115600586,172.0662078857422,0.7086839079856873,0.9814777490844114,0.9814777490844114,reinspect,reinspect,0.0004764635271953
1_002_20200715_042412(5),1,2020-07-15 04:24:12,207.6718139648437,218.2242889404297,215.8275604248047,227.28028869628903,0.6985744833946228,0.980005588692065,0.9814777490844114,reinspect,reinspect,0.0004764635271953
1_002_20200715_042412(5),1,2020-07-15 04:24:12,200.0216217041016,186.17909240722656,208.75930786132807,195.66539001464844,0.6928374767303467,0.97913334755961,0.9814777490844114,reinspect,reinspect,0.0004764635271953
1_002_20200715_042416(9),1,2020-07-15 04:24:16,193.9522857666016,168.45167541503906,202.50631713867188,177.9441375732422,0.7201434373855591,0.983050761610272,0.983050761610272,reinspect,reinspect,0.0011686413069397
1_002_20200715_042416(9),1,2020-07-15 04:24:16,190.24891662597656,145.96534729003906,199.2136688232422,155.5096435546875,0.706257700920105,0.9811318219734446,0.983050761610272,reinspect,reinspect,0.0011686413069397
1_002_20200715_042416(9),1,2020-07-15 04:24:16,198.4326019287109,200.48504638671875,207.60108947753903,210.0843963623047,0.7060689330101013,0.9811047144084496,0.983050761610272,reinspect,reinspect,0.0011686413069397
1_002_20200715_083116(0),1,2020-07-15 08:31:16,186.493881225586,158.10398864746094,195.8946990966797,167.96192932128906,0.7169256210327148,0.9826190369121652,0.9826190369121652,reinspect,reinspect,0.0003822293363379
1_002_20200715_083116(0),1,2020-07-15 08:31:16,198.4063262939453,212.04867553710932,207.32676696777344,221.8303375244141,0.7115718126296997,0.9818835525619172,0.9826190369121652,reinspect,reinspect,0.0003822293363379
1_002_20200715_083116(0),1,2020-07-15 08:31:16,192.11459350585932,180.85548400878903,200.0263519287109,189.8305206298828,0.7043065428733826,0.9808502755028284,0.9826190369121652,reinspect,reinspect,0.0003822293363379
1_002_20200715_083116(0),1,2020-07-15 08:31:16,320.98046875,37.93621063232422,338.8935241699219,51.62518310546875,0.0011468403972685,0.0002367036403151,0.9826190369121652,reinspect,reinspect,0.0003822293363379
1_002_20200715_083120(5),1,2020-07-15 08:31:20,191.83865356445312,156.21376037597656,200.5546264648437,165.5395965576172,0.7159044742584229,0.9824804234310748,0.9824804234310748,reinspect,reinspect,0.0006563741629013
1_002_20200715_083120(5),1,2020-07-15 08:31:20,195.8749237060547,178.60699462890625,203.9104156494141,187.7938537597656,0.7058305740356445,0.981070445415966,0.9824804234310748,reinspect,reinspect,0.0006563741629013
1_002_20200715_083120(5),1,2020-07-15 08:31:20,201.6115875244141,210.9630279541016,209.7641143798828,219.8998107910156,0.7007532715797424,0.9803297746455868,0.9824804234310748,reinspect,reinspect,0.0006563741629013
1_002_20200715_083124(9),1,2020-07-15 08:31:24,185.8420867919922,158.34751892089844,194.58433532714844,168.1834716796875,0.7125496864318848,0.9820195103170956,0.9820195103170956,reinspect,reinspect,0.0004051100235279
1_002_20200715_083124(9),1,2020-07-15 08:31:24,190.25587463378903,180.9740447998047,198.70144653320312,191.1871032714844,0.7116395831108093,0.9818929985354896,0.9820195103170956,reinspect,reinspect,0.0004051100235279
1_002_20200715_083124(9),1,2020-07-15 08:31:24,197.8217163085937,214.4067230224609,205.7879180908203,223.2942657470703,0.6866214275360107,0.9781570937078178,0.9820195103170956,reinspect,reinspect,0.0004051100235279
1_002_20200715_083129(4),1,2020-07-15 08:31:29,196.4110717773437,168.14707946777344,204.9730529785156,177.76583862304688,0.711408793926239,0.9818608163137844,0.9818608163137844,reinspect,reinspect,0.0007347775973104
1_002_20200715_083129(4),1,2020-07-15 08:31:29,191.66506958007807,145.94729614257812,200.15542602539065,155.18927001953125,0.7074404358863831,0.981301029803601,0.9818608163137844,reinspect,reinspect,0.0007347775973104
1_002_20200715_083129(4),1,2020-07-15 08:31:29,203.91384887695312,200.05799865722656,212.51974487304688,209.4374084472656,0.7024361491203308,0.9805775497758706,0.9818608163137844,reinspect,reinspect,0.0007347775973104
1_002_20200715_083134(0),1,2020-07-15 08:31:34,191.1883544921875,156.79380798339844,200.0376892089844,166.9310760498047,0.7124624252319336,0.9820074076975898,0.9820074076975898,reinspect,reinspect,0.0002775581320585
1_002_20200715_083134(0),1,2020-07-15 08:31:34,196.014404296875,179.37350463867188,204.6778564453125,189.3216094970703,0.7063018083572388,0.9811381518819912,0.9820074076975898,reinspect,reinspect,0.0002775581320585
1_002_20200715_083134(0),1,2020-07-15 08:31:34,203.7911834716797,211.85194396972656,212.5017852783203,221.4375915527344,0.704270601272583,0.9808450610077084,0.9820074076975898,reinspect,reinspect,0.0002775581320585
1_002_20200715_083138(5),1,2020-07-15 08:31:38,189.6123046875,201.38926696777344,198.2475433349609,211.45738220214844,0.7104731798171997,0.9817299317988544,0.9817299317988544,reinspect,reinspect,0.0010430016981096
1_002_20200715_083138(5),1,2020-07-15 08:31:38,197.84034729003903,234.34165954589844,205.5753936767578,243.2482147216797,0.7029739022254944,0.9806562461712148,0.9817299317988544,reinspect,reinspect,0.0010430016981096
1_002_20200715_083138(5),1,2020-07-15 08:31:38,184.54795837402344,178.7638397216797,193.04248046875,188.057373046875,0.6998799443244934,0.9802002927945664,0.9817299317988544,reinspect,reinspect,0.0010430016981096
1_002_20200721_163237(8),1,2020-07-21 16:32:37,165.73211669921875,212.3729858398437,175.2065887451172,223.30209350585932,0.732369065284729,0.9846226389609346,0.9846226389609346,reject,reject,0.0007490072669949
1_002_20200721_163239(7),1,2020-07-21 16:32:39,291.93475341796875,180.72848510742188,301.5439147949219,191.1570587158203,0.7226133942604065,0.9833769805208212,0.9833769805208212,reject,reject,0.0008797143819542
1_002_20200721_163244(4),1,2020-07-21 16:32:44,178.51730346679688,157.61558532714844,188.2655029296875,167.27120971679688,0.7109962105751038,0.981803182229412,0.981803182229412,reinspect,reinspect,0.0010978102349644
1_002_20200721_163245(6),1,2020-07-21 16:32:45,174.48638916015625,177.82992553710938,184.5095977783203,187.89337158203125,0.737716555595398,0.9852772276859176,0.9852772276859176,reject,reject,0.0014589888349647
1_002_20200721_163248(8),1,2020-07-21 16:32:48,184.12799072265625,172.0312042236328,193.47262573242188,181.84439086914065,0.7170381546020508,0.9826342648860552,0.9826342648860552,reinspect,reinspect,0.001278778886886
1_002_20200721_163249(9),1,2020-07-21 16:32:49,178.1902618408203,193.80172729492188,187.8682403564453,203.77134704589844,0.7106835842132568,0.9817594242051542,0.9817594242051542,reinspect,reinspect,0.0009882576404572
1_002_20200721_163249(9),1,2020-07-21 16:32:49,247.2667388916016,291.62451171875,258.106201171875,304.42303466796875,0.0010250810300931,0.0001975753353629,0.9817594242051542,reinspect,reinspect,0.0009882576404572
1_002_20200721_163253(3),1,2020-07-21 16:32:53,299.3620910644531,176.10299682617188,309.1408386230469,185.9413604736328,0.7481063604354858,0.986494154498908,0.986494154498908,reject,reject,0.0014872719762343
1_002_20200721_163253(9),1,2020-07-21 16:32:53,293.7219543457031,162.21180725097656,303.3409118652344,171.974365234375,0.7180251479148865,0.982767420121782,0.982767420121782,reinspect,reinspect,0.0012196595207463
1_002_20200721_163257(5),1,2020-07-21 16:32:57,287.5632629394531,139.80751037597656,297.0746765136719,149.5322723388672,0.7207862734794617,0.983136093432513,0.983136093432513,reinspect,reinspect,0.0002660473817771
1_002_20200721_163257(9),1,2020-07-21 16:32:57,295.3502197265625,162.41070556640625,305.07684326171875,172.16473388671875,0.7379888296127319,0.985310035136854,0.985310035136854,reject,reject,0.001269843249892
1_002_20200721_163301(1),1,2020-07-21 16:33:01,289.2673645019531,143.8250274658203,298.7974548339844,153.48681640625,0.7193368077278137,0.9829432577059208,0.9829432577059208,reinspect,reinspect,0.0013995583761401
1_002_20200721_163302(4),1,2020-07-21 16:33:02,288.8097229003906,167.87930297851562,298.27325439453125,177.84226989746094,0.722384512424469,0.9833469380705256,0.9833469380705256,reject,reject,0.001631904659892
1_002_20200721_163302(4),1,2020-07-21 16:33:02,266.8688659667969,147.94456481933594,275.0628662109375,155.61207580566406,0.0516102090477943,0.1050681574364191,0.9833469380705256,reject,reject,0.001631904659892
1_002_20200722_003343(8),1,2020-07-22 00:33:43,176.25694274902344,177.90524291992188,185.80889892578125,187.6137084960937,0.7254742980003357,0.983749298914643,0.983749298914643,reject,reject,0.0014457506726712
1_002_20200722_003354(1),1,2020-07-22 00:33:54,170.04278564453125,178.5088653564453,179.43576049804688,188.2829742431641,0.7369694709777832,0.9851869504705556,0.9851869504705556,reject,reject,0.0003958917677379
1_002_20200722_043432(7),1,2020-07-22 04:34:32,174.54322814941406,129.7345428466797,184.66700744628903,139.9940643310547,0.7299824357032776,0.9843241177848938,0.9843241177848938,reject,reject,0.0009544156891393
1_002_20200722_043432(7),1,2020-07-22 04:34:32,316.19415283203125,19.27926445007324,327.10888671875,32.77738571166992,0.0029344831127673,0.0010749539597383,0.9843241177848938,reject,reject,0.0009544156891393
1_002_20200722_043437(0),1,2020-07-22 04:34:37,170.28707885742188,137.98487854003906,179.26129150390625,147.69847106933594,0.723047137260437,0.9834338081972752,0.9834338081972752,reject,reject,0.0006761888002042
1_002_20200722_083131(9),1,2020-07-22 08:31:31,177.59915161132812,163.962890625,187.32595825195312,174.02059936523438,0.71088707447052,0.98178791507921,0.98178791507921,reinspect,reinspect,0.0014608555152357
1_002_20200722_083136(6),1,2020-07-22 08:31:36,177.85581970214844,174.0021209716797,187.2398223876953,183.8191680908203,0.723322868347168,0.983469862729998,0.983469862729998,reject,reject,0.0009070417575639
1_002_20200722_130939(5),1,2020-07-22 13:09:39,172.10757446289062,183.831298828125,181.37747192382807,193.45860290527344,0.7263749837875366,0.9838652967807944,0.9838652967807944,reject,reject,0.0008572221809336
1_002_20200722_130944(0),1,2020-07-22 13:09:44,175.6507110595703,132.1424560546875,185.052001953125,142.1841583251953,0.7404776215553284,0.9856076063783216,0.9856076063783216,reject,reject,0.0003266785752424
1_002_20200722_162848(2),1,2020-07-22 16:28:48,186.06936645507807,153.7696533203125,195.1565399169922,163.2852783203125,0.7138885855674744,0.9822044818020734,0.9822044818020734,reinspect,reinspect,0.0010480656441239
1_002_20200722_162852(6),1,2020-07-22 16:28:52,175.24989318847656,152.81654357910156,184.7128295898437,163.3292236328125,0.7283999919891357,0.9841239845790134,0.9841239845790134,reject,reject,0.001019351666552
1_002_20200723_003208(1),1,2020-07-23 00:32:08,187.7511749267578,144.46087646484375,197.00540161132807,154.43533325195312,0.7215378880500793,0.9832354809732502,0.9832354809732502,reinspect,reinspect,0.0008439556249301
1_002_20200723_003212(6),1,2020-07-23 00:32:12,186.10159301757807,127.7774887084961,195.7587738037109,137.78619384765625,0.7178279757499695,0.9827408775364804,0.9827408775364804,reinspect,reinspect,0.0009277092614187
1_002_20200723_043256(5),1,2020-07-23 04:32:56,179.67335510253906,184.4738006591797,188.5761566162109,193.571044921875,0.7153946757316589,0.9824109295073088,0.9824109295073088,reinspect,reinspect,0.0009367746825812
1_002_20200723_043258(3),1,2020-07-23 04:32:58,186.03982543945312,170.1241912841797,195.63853454589844,180.0064697265625,0.7216545343399048,0.9832508683498772,0.9832508683498772,reinspect,reinspect,0.000338799592669
1_002_20200723_082303(8),1,2020-07-23 08:23:03,180.6810760498047,186.4822998046875,190.0175170898437,196.4989776611328,0.7339810132980347,0.9848220242438988,0.9848220242438988,reject,reject,0.0005982529207531
1_002_20200723_082309(9),1,2020-07-23 08:23:09,179.55943298339844,158.03863525390625,189.1267547607422,168.00808715820312,0.7245398163795471,0.9836283341369872,0.9836283341369872,reject,reject,0.0015740473508079
1_002_20200723_123129(3),1,2020-07-23 12:31:29,176.04165649414062,158.3079376220703,185.1703338623047,168.09481811523438,0.7400352954864502,0.985555023582096,0.985555023582096,reject,reject,0.0006421943295334
1_002_20200723_123133(9),1,2020-07-23 12:31:33,181.75352478027344,140.52584838867188,191.28909301757807,150.3806915283203,0.7229161262512207,0.983416657922236,0.983416657922236,reject,reject,0.0009840044874604
1_002_20200723_123133(9),1,2020-07-23 12:31:33,315.9072570800781,148.3376007080078,324.4388427734375,157.49383544921875,0.0135546810925006,0.0126682103297944,0.983416657922236,reject,reject,0.0009840044874604
1_002_20200723_162937(5),1,2020-07-23 16:29:37,185.9126892089844,190.28305053710932,195.9624786376953,201.435791015625,0.7271726131439209,0.983967538864462,0.983967538864462,reject,reject,0.0011426934818088
1_002_20200723_162948(2),1,2020-07-23 16:29:48,187.8131866455078,163.9149932861328,197.42120361328125,173.99331665039062,0.722933292388916,0.9834189058004958,0.9834189058004958,reject,reject,0.0014716178233227
1_002_20200723_203129(9),1,2020-07-23 20:31:29,179.61427307128906,183.9322204589844,189.0625,193.84866333007807,0.7297861576080322,0.984299389992007,0.984299389992007,reject,reject,0.0012095033254704
1_002_20200723_203134(3),1,2020-07-23 20:31:34,180.08155822753906,188.2990264892578,189.2402801513672,198.16883850097656,0.730749249458313,0.9844204648460088,0.9844204648460088,reject,reject,0.001155891651788
1_002_20200724_003201(9),1,2020-07-24 00:32:01,177.70498657226562,161.9388427734375,187.6762237548828,171.9070587158203,0.7298077940940857,0.984302117157349,0.984302117157349,reject,reject,0.000415167555921
1_002_20200724_003206(4),1,2020-07-24 00:32:06,177.8640594482422,176.04190063476562,187.67315673828125,186.04884338378903,0.7148973345756531,0.9823429454868824,0.9823429454868824,reinspect,reinspect,0.0008703507235731
1_002_20200727_091655(1),1,2020-07-27 09:16:55,180.76499938964844,178.97164916992188,190.56741333007807,189.576400756836,0.7411754131317139,0.985690292760918,0.985690292760918,reject,reject,0.0004346321352625
1_002_20200727_091657(1),1,2020-07-27 09:16:57,173.58157348632812,84.09477233886719,183.4575958251953,94.41163635253906,0.7196900248527527,0.9829903918244848,0.9829903918244848,reinspect,reinspect,0.0005830794373691
1_002_20200727_091657(1),1,2020-07-27 09:16:57,282.8841552734375,30.70865821838379,293.15478515625,41.14249420166016,0.5088636875152588,0.9306810090953742,0.9829903918244848,reinspect,reinspect,0.0005830794373691
1_002_20200727_110524(7),1,2020-07-27 11:05:24,392.4692077636719,46.01692962646485,409.8080139160156,62.62107467651367,0.0019221088150516,0.0005436900673393,0.0005436900673393,pass,reinspect,0.0038472707597676
1_002_20200727_110529(6),1,2020-07-27 11:05:29,150.29855346679688,20.7891788482666,168.7701416015625,41.90744400024414,0.0049550738185644,0.0025011570055056,0.0025011570055056,pass,reinspect,0.0565833899780213
1_002_20200727_110632(2),1,2020-07-27 11:06:32,391.6047058105469,46.08627700805664,408.8834838867188,62.686256408691406,0.0067251161672174,0.0040931036720164,0.0040931036720164,pass,reinspect,0.0138646038465501
1_002_20200727_112341(2),1,2020-07-27 11:23:41,151.21151733398438,22.59873390197754,168.62313842773438,41.58053970336914,0.0066742966882884,0.0040433374117928,0.0040433374117928,pass,reinspect,0.0120919607037523
1_002_20200727_112537(8),1,2020-07-27 11:25:37,115.9510498046875,62.17417144775391,125.9536361694336,72.8860855102539,0.0022689828183501,0.000710258778527,0.000710258778527,pass,reinspect,0.0014433407798624
1_002_20200727_113239(4),1,2020-07-27 11:32:39,116.33184051513672,62.35558319091797,126.28546905517578,73.1972885131836,0.0010831077815964,0.0002158883640529,0.0002158883640529,pass,reinspect,0.0001079441820264
1_002_20200727_121541(9),1,2020-07-27 12:15:41,124.31481170654295,3.837003707885742,178.96275329589844,42.15399932861328,0.001635045511648,0.000418999364793,0.000418999364793,pass,reinspect,0.0079119442195042
1_002_20200727_123300(5),1,2020-07-27 12:33:00,240.02101135253903,188.18267822265625,249.62928771972656,198.20367431640625,0.7239472270011902,0.983551300449934,0.983551300449934,reject,reject,0.001048065711737
1_002_20200727_123306(5),1,2020-07-27 12:33:06,232.3307647705078,162.5948486328125,241.4224395751953,172.035400390625,0.6929839849472046,0.9791559624577848,0.9791559624577848,reinspect,reinspect,0.0008407760952639
1_002_20200727_163511(2),1,2020-07-27 16:35:11,227.8605499267578,193.8521270751953,236.9896697998047,203.4506225585937,0.7102037072181702,0.9816921100318482,0.9816921100318482,reinspect,reinspect,0.0004606859396611
1_002_20200727_163515(3),1,2020-07-27 16:35:15,235.5560760498047,182.2775115966797,244.6815490722656,192.0769500732422,0.7257511615753174,0.983785017486314,0.983785017486314,reject,reject,0.0013383363147278
1_002_20200727_163515(3),1,2020-07-27 16:35:15,268.5797119140625,25.42881965637207,284.2762451171875,41.34222412109375,0.0023181061260402,0.0007351944812399,0.983785017486314,reject,reject,0.0013383363147278
1_002_20200727_204612(5),1,2020-07-27 20:46:12,235.5783233642578,182.3094482421875,244.73439025878903,191.9126892089844,0.715202808380127,0.9823847242619888,0.9823847242619888,reinspect,reinspect,0.0004900816699924
1_002_20200727_204612(5),1,2020-07-27 20:46:12,259.2914733886719,25.44706344604492,272.9794006347656,40.81881713867188,0.0041086454875767,0.0018491841278741,0.9823847242619888,reinspect,reinspect,0.0004900816699924
1_002_20200727_204634(7),1,2020-07-27 20:46:34,242.05075073242188,201.93170166015625,250.6499786376953,211.20925903320312,0.7111412286758423,0.9818234547990512,0.9818234547990512,reinspect,reinspect,0.0011196364043946
1_002_20200727_204634(7),1,2020-07-27 20:46:34,242.6910095214844,202.4258270263672,253.0273895263672,213.04904174804688,0.0016351068625226,0.0004190246838954,0.9818234547990512,reinspect,reinspect,0.0011196364043946
1_002_20200728_014051(7),1,2020-07-28 01:40:51,237.72283935546875,143.63377380371094,247.11489868164065,153.52859497070312,0.6991587281227112,0.980092897623358,0.980092897623358,reinspect,reinspect,0.0015688613637583
1_002_20200728_014051(7),1,2020-07-28 01:40:51,223.923080444336,9.075393676757812,235.36363220214844,21.0020809173584,0.0246304981410503,0.033019186340448,0.980092897623358,reinspect,reinspect,0.0015688613637583
1_002_20200728_014055(8),1,2020-07-28 01:40:55,235.4229278564453,164.0018768310547,243.7583923339844,173.2306365966797,0.73673015832901,0.9851579520140188,0.9851579520140188,reject,reject,0.000517859540301
1_002_20200728_043519(6),1,2020-07-28 04:35:19,237.8514404296875,138.75909423828125,246.9773406982422,148.3691864013672,0.6949306130409241,0.9794547403735706,0.9794547403735706,reinspect,reinspect,0.0009391726652324
1_002_20200728_043519(6),1,2020-07-28 04:35:19,403.3579406738281,10.00527572631836,411.5943603515625,21.84399032592773,0.0046693510375916,0.0022727509131714,0.9794547403735706,reinspect,reinspect,0.0009391726652324
1_002_20200728_043558(2),1,2020-07-28 04:35:58,232.02783203125,135.75836181640625,241.0344390869141,145.215087890625,0.6810706853866577,0.9772571187892852,0.9772571187892852,reinspect,reinspect,0.0016541033321116
1_002_20200728_083046(1),1,2020-07-28 08:30:46,239.4595184326172,168.27288818359375,248.4284820556641,177.71531677246094,0.7299416661262512,0.9843189837171042,0.9843189837171042,reject,reject,0.0004933140468516
1_002_20200728_083046(1),1,2020-07-28 08:30:46,347.62921142578125,269.8904724121094,358.240234375,281.1102600097656,0.002398163313046,0.0007765291910301,0.9843189837171042,reject,reject,0.0004933140468516
1_002_20200728_083049(8),1,2020-07-28 08:30:49,235.31300354003903,160.40789794921875,244.23471069335932,170.07498168945312,0.7201309204101562,0.9830490970618676,0.9830490970618676,reinspect,reinspect,0.0011284759373389
1_002_20200728_083049(8),1,2020-07-28 08:30:49,328.3685607910156,7.707858085632324,340.40313720703125,21.05305862426757,0.027606101706624,0.0395921105065931,0.9830490970618676,reinspect,reinspect,0.0011284759373389
1_002_20200728_123133(9),1,2020-07-28 12:31:33,245.8078155517578,152.38694763183594,254.9750061035156,162.01687622070312,0.7266237735748291,0.9838972358944412,0.9838972358944412,reject,reject,0.000913381898358
1_002_20200728_123133(9),1,2020-07-28 12:31:33,130.60919189453125,8.430673599243164,143.32278442382812,21.9987735748291,0.0024425231385976,0.0007998010484854,0.9838972358944412,reject,reject,0.000913381898358
1_002_20200728_123137(7),1,2020-07-28 12:31:37,235.52545166015625,208.22276306152344,244.1041717529297,217.38417053222656,0.7084200382232666,0.981440349115454,0.981440349115454,reinspect,reinspect,0.0012630770195934
1_002_20200728_163521(8),1,2020-07-28 16:35:21,228.02227783203125,190.1482086181641,236.6915283203125,199.5751495361328,0.6958493590354919,0.9795946596303364,0.9795946596303364,reinspect,reinspect,0.0011121355375425
1_002_20200728_163525(0),1,2020-07-28 16:35:25,248.5811004638672,219.9346466064453,257.5245666503906,229.3486328125,0.7026432752609253,0.9806078885971125,0.9806078885971125,reinspect,reinspect,0.0009480858369647
1_002_20200810_202919(7),1,2020-08-10 20:29:19,128.77386474609375,174.5455780029297,138.9642791748047,185.5740203857422,0.736582338809967,0.9851400206948758,0.9851400206948758,reject,reject,0.0021197535068306
1_002_20200810_202923(8),1,2020-08-10 20:29:23,132.1560821533203,128.5784149169922,141.57115173339844,138.47364807128906,0.7149121165275574,0.9823449687899124,0.9823449687899124,reinspect,reinspect,0.0011468344366767
1_002_20200810_202923(8),1,2020-08-10 20:29:23,201.1450653076172,60.27922439575195,210.8629150390625,71.1375961303711,0.0025002928450703,0.0008304977877052,0.9823449687899124,reinspect,reinspect,0.0011468344366767
1_002_20200811_003007(9),1,2020-08-11 00:30:07,124.26598358154295,134.07420349121094,133.80789184570312,144.3447265625,0.734187662601471,0.9848474554871726,0.9848474554871726,reject,reject,0.0006911712255597
1_002_20200811_003007(9),1,2020-08-11 00:30:07,281.3310852050781,30.266298294067383,291.6672058105469,41.859901428222656,0.0010575337801128,0.0002077414742048,0.9848474554871726,reject,reject,0.0006911712255597
1_002_20200811_003029(6),1,2020-08-11 00:30:29,128.7147674560547,151.82704162597656,138.8736114501953,161.99256896972656,0.731236457824707,0.9844814670066688,0.9844814670066688,reject,reject,0.0006493965247585
1_002_20200811_003029(6),1,2020-08-11 00:30:29,176.7511444091797,183.2073516845703,184.63853454589844,190.70535278320312,0.0442068837583065,0.082891147263948,0.9844814670066688,reject,reject,0.0006493965247585
1_002_20200811_043034(0),1,2020-08-11 04:30:34,132.4947509765625,149.73252868652344,141.95883178710938,159.72251892089844,0.7286630272865295,0.9841573731851844,0.9841573731851844,reject,reject,0.0009276349573476
1_002_20200811_043034(0),1,2020-08-11 04:30:34,142.15501403808594,258.9010009765625,151.68032836914062,269.345458984375,0.008589488454163,0.0060733432431224,0.9841573731851844,reject,reject,0.0009276349573476
1_002_20200811_043038(0),1,2020-08-11 04:30:38,127.8508071899414,140.27716064453125,137.00355529785156,149.69276428222656,0.7334020733833313,0.9847506205027022,0.9847506205027022,reject,reject,0.0013543423674312
1_002_20200814_032746(6),1,2020-08-14 03:27:46,126.63336944580078,178.09628295898438,136.9030303955078,188.3661651611328,0.7257564663887024,0.983785701332219,0.983785701332219,reject,reject,0.0007014826084866
1_002_20200814_032749(8),1,2020-08-14 03:27:49,130.09542846679688,145.7658233642578,139.42466735839844,155.44552612304688,0.7276086807250977,0.98402324377507,0.98402324377507,reject,reject,0.0010415250166224
1_002_20200814_042920(3),1,2020-08-14 04:29:20,128.95547485351562,126.16056060791016,138.33457946777344,135.77688598632812,0.7330173850059509,0.9847030469259488,0.9847030469259488,reject,reject,0.0020751405711186
1_002_20200814_042924(9),1,2020-08-14 04:29:24,132.29327392578125,128.11959838867188,141.5204620361328,137.8083038330078,0.7293716669082642,0.98424708211916,0.98424708211916,reject,reject,0.0012439995066144
1_002_20200814_083424(4),1,2020-08-14 08:34:24,121.77198791503906,165.933349609375,131.15415954589844,175.61770629882812,0.7245631814002991,0.983631366290827,0.983631366290827,reject,reject,0.0004193636230839
1_002_20200814_083424(4),1,2020-08-14 08:34:24,123.74806213378906,160.91546630859375,134.57614135742188,172.10740661621094,0.0010109753347933,0.0001932171300511,0.983631366290827,reject,reject,0.0004193636230839
1_002_20200814_083428(5),1,2020-08-14 08:34:28,132.198486328125,199.8057556152344,141.80625915527344,209.92030334472656,0.7361561059951782,0.985088233066112,0.985088233066112,reject,reject,0.0011274777009391
1_002_20200814_123337(2),1,2020-08-14 12:33:37,133.77471923828125,166.28492736816406,143.1328582763672,176.0634765625,0.7376373410224915,0.9852676733695984,0.9852676733695984,reject,reject,0.0011339281333193
1_002_20200814_123337(2),1,2020-08-14 12:33:37,288.0888061523437,38.18840408325195,297.9761047363281,49.09587860107422,0.001190377632156,0.000251337200619,0.9852676733695984,reject,reject,0.0011339281333193
1_002_20200814_123341(8),1,2020-08-14 12:33:41,122.40338134765624,156.65472412109375,132.07286071777344,167.29629516601562,0.7296785712242126,0.98428582441263,0.98428582441263,reject,reject,0.0006777252785789
1_002_20200814_163500(4),1,2020-08-14 16:35:00,128.0762176513672,144.33984375,137.90023803710938,154.3062744140625,0.740257978439331,0.9855815120180186,0.9855815120180186,reject,reject,0.0006976138383995
1_002_20200814_163506(3),1,2020-08-14 16:35:06,120.66382598876952,200.2841796875,129.46212768554688,209.9610595703125,0.7314678430557251,0.984510380184297,0.984510380184297,reject,reject,0.0019908557773723
1_002_20200814_203159(5),1,2020-08-14 20:31:59,130.1793975830078,105.6093978881836,139.69692993164062,115.29095458984376,0.7190198302268982,0.9829008811415568,0.9829008811415568,reinspect,reinspect,0.0006053985975442
1_002_20200814_203205(7),1,2020-08-14 20:32:05,139.88221740722656,88.19087219238281,148.7197723388672,97.6085433959961,0.6962226033210754,0.9796513029967108,0.9796513029967108,reinspect,reinspect,0.0016815078526515
1_002_20200818_082854(5),1,2020-08-18 08:28:54,128.67137145996094,179.71759033203125,138.7171173095703,190.1240692138672,0.735799252986908,0.985044779925009,0.985044779925009,reject,reject,0.0016289079829381
1_002_20200818_082858(4),1,2020-08-18 08:28:58,134.3043212890625,117.87732696533205,143.5712890625,127.58185577392578,0.7189223170280457,0.9828878297262263,0.9828878297262263,reinspect,reinspect,0.001094432897473
1_002_20200818_123358(2),1,2020-08-18 12:33:58,128.31309509277344,144.18026733398438,137.95204162597656,154.29380798339844,0.7378033995628357,0.985287697328623,0.985287697328623,reject,reject,0.0003150016640044
1_002_20200818_123404(8),1,2020-08-18 12:34:04,128.87841796875,124.43292999267578,138.22027587890625,134.65013122558594,0.725551187992096,0.983759224109399,0.983759224109399,reject,reject,0.0011920394996202
1_002_20200818_162920(4),1,2020-08-18 16:29:20,128.97610473632812,149.9688720703125,138.7354736328125,160.20184326171875,0.7267026305198669,0.9839073501759592,0.9839073501759592,reject,reject,0.0023828002148756
1_002_20200818_162926(0),1,2020-08-18 16:29:26,124.11711120605467,167.91461181640625,133.37554931640625,177.69752502441406,0.7277459502220154,0.984040751170654,0.984040751170654,reject,reject,0.0009979392410496
1_002_20200818_203120(5),1,2020-08-18 20:31:20,127.95860290527344,188.5009613037109,137.65447998046875,199.3817901611328,0.7230400443077087,0.9834328799977812,0.9834328799977812,reject,reject,0.0017853889675792
1_002_20200818_203125(0),1,2020-08-18 20:31:25,124.2294692993164,205.7039794921875,133.83859252929688,215.9333038330078,0.7360533475875854,0.9850757293232502,0.9850757293232502,reject,reject,0.0001480894185316
1_002_20200819_003332(8),1,2020-08-19 00:33:32,135.6969757080078,140.6378936767578,145.14720153808594,151.27967834472656,0.7226162552833557,0.9833773558106044,0.9833773558106044,reject,reject,0.0014520384352556
1_002_20200819_003335(8),1,2020-08-19 00:33:35,133.84136962890625,166.24142456054688,142.94747924804688,175.73086547851562,0.7250106334686279,0.9836893578380888,0.9836893578380888,reject,reject,0.0011652283395475
1_002_20200819_003335(8),1,2020-08-19 00:33:35,271.5421447753906,292.0181884765625,282.2277526855469,303.6058654785156,0.0015410614432767,0.0003808998648133,0.9836893578380888,reject,reject,0.0011652283395475
1_002_20200819_043606(7),1,2020-08-19 04:36:06,119.84464263916016,187.98583984375,128.79342651367188,197.7225952148437,0.7166888117790222,0.9825869611584134,0.9825869611584134,reinspect,reinspect,0.0013294431690752
1_002_20200819_043611(2),1,2020-08-19 04:36:11,133.9470977783203,147.84963989257812,142.95480346679688,157.35076904296875,0.7266783714294434,0.9839042391492429,0.9839042391492429,reject,reject,0.0018032576466457
1_002_20200819_083137(5),1,2020-08-19 08:31:37,125.84402465820312,90.05535125732422,134.65733337402344,99.27886962890624,0.716944694519043,0.982621618589606,0.982621618589606,reinspect,reinspect,0.0012485829954396
1_002_20200819_083145(2),1,2020-08-19 08:31:45,124.03455352783205,130.23924255371094,133.256103515625,139.9597930908203,0.7256877422332764,0.9837768405106012,0.9837768405106012,reject,reject,0.0014398618398211
1_002_20200819_124134(7),1,2020-08-19 12:41:34,121.72964477539062,137.8875732421875,131.09120178222656,147.73489379882812,0.727946400642395,0.984066292690155,0.984066292690155,reject,reject,0.0007826417285072
1_002_20200819_124140(8),1,2020-08-19 12:41:40,129.95431518554688,167.97308349609375,139.40074157714844,177.6838836669922,0.7206966876983643,0.9831242197461794,0.9831242197461794,reinspect,reinspect,0.0009723601552103
1_002_20200819_124140(8),1,2020-08-19 12:41:40,157.74778747558594,265.0696105957031,166.8753662109375,274.4311828613281,0.0039172642864286,0.0017123200254887,0.9831242197461794,reinspect,reinspect,0.0009723601552103
1_002_20200819_162347(4),1,2020-08-19 16:23:47,123.80315399169922,161.7863006591797,133.46841430664062,171.6798553466797,0.7255314588546753,0.983756677816061,0.983756677816061,reject,reject,0.0014066183526613
1_002_20200819_162352(0),1,2020-08-19 16:23:52,126.3923110961914,168.1989288330078,136.04928588867188,177.9008026123047,0.7266988158226013,0.9839068610005198,0.9839068610005198,reject,reject,0.0004819025612612
1_002_20200821_150301(4),1,2020-08-21 15:03:01,125.79114532470705,142.3071746826172,135.08641052246094,152.03697204589844,0.7280851006507874,0.9840839492746144,0.9840839492746144,reject,reject,0.0011166482940414
1_002_20200821_150305(3),1,2020-08-21 15:03:05,134.45277404785156,191.8321990966797,143.91831970214844,201.6457977294922,0.7237638831138611,0.9835274153508607,0.9835274153508607,reject,reject,0.0006288205015583
1_002_20200821_163620(7),1,2020-08-21 16:36:20,132.16220092773438,217.9760131835937,141.98760986328125,228.1876678466797,0.741619348526001,0.9857427290714792,0.9857427290714792,reject,reject,0.0008987669363681
1_002_20200821_163624(8),1,2020-08-21 16:36:24,130.17845153808594,179.70005798339844,139.78964233398438,189.7467803955078,0.7179403901100159,0.9827560138782518,0.9827560138782518,reinspect,reinspect,0.0006059819493331
1_002_20200821_163624(8),1,2020-08-21 16:36:24,289.95611572265625,33.65110397338867,299.8983764648437,44.02195739746094,0.001277970848605,0.000281775744084,0.9827560138782518,reinspect,reinspect,0.0006059819493331
1_002_20200821_203950(2),1,2020-08-21 20:39:50,130.59603881835938,166.4611358642578,139.86680603027344,175.7142791748047,0.7159867286682129,0.982491617790059,0.982491617790059,reinspect,reinspect,0.0011645548099475
1_002_20200821_203953(0),1,2020-08-21 20:39:53,135.59359741210938,158.31126403808594,145.216796875,168.26947021484375,0.716184675693512,0.9825185364762348,0.9825185364762348,reinspect,reinspect,0.0021594660659126
1_002_20200826_023155(3),1,2020-08-26 02:31:55,120.60592651367188,146.44322204589844,129.5647735595703,156.30105590820312,0.7239243388175964,0.9835483200206716,0.9835483200206716,reject,reject,0.0018311600488006
1_002_20200826_023200(9),1,2020-08-26 02:32:00,120.80164337158205,165.97381591796875,130.06015014648438,175.7504119873047,0.7422369122505188,0.9858154560914768,0.9858154560914768,reject,reject,0.0006269928810345
1_002_20200826_043121(8),1,2020-08-26 04:31:21,137.8719940185547,135.95498657226562,147.31582641601562,145.82029724121094,0.736670196056366,0.98515068005214,0.98515068005214,reject,reject,0.0006865837830597
1_002_20200826_043125(8),1,2020-08-26 04:31:25,138.3482666015625,158.13409423828125,147.91949462890625,167.9557647705078,0.7154049277305603,0.9824123289464788,0.9824123289464788,reinspect,reinspect,0.0007849655956872
1_002_20200826_123052(0),1,2020-08-26 12:30:52,120.59677124023438,141.9112091064453,130.03363037109375,151.94268798828125,0.7426091432571411,0.9858591695424732,0.9858591695424732,reject,reject,0.0019309783973454
1_002_20200826_123059(6),1,2020-08-26 12:30:59,132.03855895996094,126.07723236083984,141.72532653808594,136.19180297851562,0.7303730845451355,0.9843732526849288,0.9843732526849288,reject,reject,0.0010355755907067
1_002_20200827_162026(7),1,2020-08-27 16:20:26,237.8968505859375,191.8668365478516,247.51397705078125,201.64190673828125,0.7304157018661499,0.984378606524412,0.984378606524412,reject,reject,0.0005070761351128
1_002_20200827_162032(0),1,2020-08-27 16:20:32,247.7590789794922,129.90875244140625,256.6985168457031,139.59146118164062,0.7160995602607727,0.9825069652816224,0.9825069652816224,reinspect,reinspect,0.0019469508644834
1_002_20200831_083541(7),1,2020-08-31 08:35:41,243.69161987304688,145.88670349121094,253.46957397460932,155.76055908203125,0.7180224061012268,0.9827670512269084,0.9827670512269084,reinspect,reinspect,0.0019681371895529
1_002_20200831_083541(7),1,2020-08-31 08:35:41,176.267822265625,48.64966583251953,186.887451171875,59.28715896606445,0.001920869690366,0.0005431256341444,0.9827670512269084,reinspect,reinspect,0.0019681371895529
1_002_20200831_083545(0),1,2020-08-31 08:35:45,241.90264892578125,202.1736297607422,251.41732788085932,212.09054565429688,0.7300649881362915,0.9843345099512064,0.9843345099512064,reject,reject,0.001234578519886
1_002_20200831_083545(0),1,2020-08-31 08:35:45,251.98814392089844,284.71441650390625,261.9532470703125,295.32293701171875,0.0217197276651859,0.0270099119509008,0.9843345099512064,reject,reject,0.001234578519886
1_002_20200831_123127(7),1,2020-08-31 12:31:27,234.5348358154297,121.88532257080078,243.50796508789065,131.15338134765625,0.7023261189460754,0.9805614191371752,0.9805614191371752,reinspect,reinspect,0.0008717277235628
1_002_20200831_123134(5),1,2020-08-31 12:31:34,227.19207763671875,119.3544692993164,236.6514129638672,129.61880493164062,0.7202710509300232,0.9830677255086224,0.9830677255086224,reinspect,reinspect,0.0008228971534634
1_002_20200831_163123(9),1,2020-08-31 16:31:23,246.1169891357422,114.00528717041016,255.64073181152344,123.89510345458984,0.7361930012702942,0.985092720763056,0.985092720763056,reject,reject,0.0011905083933946
1_002_20200831_163130(0),1,2020-08-31 16:31:30,249.3525238037109,118.13720703125,258.9374084472656,127.87806701660156,0.7366435527801514,0.9851474480878836,0.9851474480878836,reject,reject,0.001280008363185
1_002_20200831_203044(7),1,2020-08-31 20:30:44,241.776611328125,169.72459411621094,251.3718719482422,179.4228515625,0.7308635115623474,0.9844347862010848,0.9844347862010848,reject,reject,0.0006266390349455
1_002_20200831_203044(7),1,2020-08-31 20:30:44,193.4203338623047,193.8934936523437,201.85208129882807,202.53436279296875,0.0012311043683439,0.0002653254884013,0.9844347862010848,reject,reject,0.0006266390349455
1_002_20200831_203049(3),1,2020-08-31 20:30:49,248.2738342285156,163.9037322998047,257.6236877441406,173.3830108642578,0.7251809239387512,0.9837113903675432,0.9837113903675432,reject,reject,0.0009853266395084
1_002_20200901_003102(0),1,2020-09-01 00:31:02,239.44248962402344,172.0944366455078,249.3251495361328,183.0902557373047,0.7244946956634521,0.983622477564679,0.983622477564679,reject,reject,0.0014536102612115
1_002_20200901_003105(0),1,2020-09-01 00:31:05,239.8111724853516,169.6405029296875,249.3194580078125,179.61895751953125,0.725040078163147,0.9836931689414032,0.9836931689414032,reject,reject,0.0009719094892575
1_002_20200901_003108(0),1,2020-09-01 00:31:08,238.168212890625,119.65951538085938,247.6288146972656,129.5518341064453,0.7398936748504639,0.9855381603521204,0.9855381603521204,reject,reject,0.0015361809355747
1_002_20200901_003111(0),1,2020-09-01 00:31:11,233.6590576171875,170.2088623046875,242.8498687744141,179.67459106445312,0.7323313355445862,0.9846179505544184,0.9846179505544184,reject,reject,0.0004964113922797
1_002_20200901_003111(0),1,2020-09-01 00:31:11,257.9878234863281,316.9884338378906,268.9650573730469,328.89306640625,0.0011429410660639,0.00023540930534,0.9846179505544184,reject,reject,0.0004964113922797
1_002_20200901_003114(0),1,2020-09-01 00:31:14,243.57037353515625,164.1728515625,253.4728546142578,175.2503662109375,0.7289852499961853,0.9841982082489074,0.9841982082489074,reject,reject,0.0011842618636491
1_002_20200901_003117(0),1,2020-09-01 00:31:17,242.22607421875,169.96267700195312,251.38526916503903,179.67828369140625,0.7301433086395264,0.9843443649609368,0.9843443649609368,reject,reject,0.0009714129332115
1_002_20200901_043047(9),1,2020-09-01 04:30:47,245.48489379882807,117.54351806640624,255.0017242431641,127.2377700805664,0.7430103421211243,0.985906182250145,0.985906182250145,reject,reject,0.0014780210080554
1_002_20200901_043050(9),1,2020-09-01 04:30:50,246.0634765625,141.43109130859375,255.9940795898437,151.18995666503906,0.7293241620063782,0.9842410793832465,0.9842410793832465,reject,reject,0.0010870709274815
1_002_20200901_043055(4),1,2020-09-01 04:30:55,247.39434814453125,177.44834899902344,257.07525634765625,187.55674743652344,0.7164650559425354,0.9825566149965888,0.9825566149965888,reinspect,reinspect,0.0012513407876724
1_002_20200901_043058(4),1,2020-09-01 04:30:58,239.54177856445312,163.74288940429688,248.91714477539065,173.50588989257812,0.7173948884010315,0.9826824754887457,0.9826824754887457,reinspect,reinspect,0.0017106787546524
1_002_20200901_043104(4),1,2020-09-01 04:31:04,245.77621459960932,167.72438049316406,255.4711151123047,177.3435821533203,0.7216909527778625,0.9832556704486088,0.9832556704486088,reinspect,reinspect,0.0008967767659123
1_002_20200901_083206(9),1,2020-09-01 08:32:06,243.8427124023437,134.10458374023438,253.3392791748047,144.02032470703125,0.7043611407279968,0.9808581947331296,0.9808581947331296,reinspect,reinspect,0.0020933754854443
1_002_20200901_083213(5),1,2020-09-01 08:32:13,238.0439910888672,101.87901306152344,247.4309844970703,111.2509307861328,0.715049684047699,0.9823637906684548,0.9823637906684548,reinspect,reinspect,0.0003481788769541
1_002_20200901_083714(2),1,2020-09-01 08:37:14,245.1951904296875,183.7437286376953,255.0013427734375,193.55116271972656,0.7388913631439209,0.9854184273284816,0.9854184273284816,reject,reject,0.0016585388031326
1_002_20200901_083717(4),1,2020-09-01 08:37:17,245.2288055419922,186.00125122070312,255.0585327148437,195.73521423339844,0.7387740015983582,0.985404363531764,0.985404363531764,reject,reject,0.0015590944295495
1_002_20200901_083721(9),1,2020-09-01 08:37:21,246.0425262451172,177.5927276611328,255.65902709960932,187.3882751464844,0.7252991199493408,0.9837266705758496,0.9837266705758496,reject,reject,0.0009557705804474
1_002_20200901_083726(4),1,2020-09-01 08:37:26,241.8585968017578,180.00897216796875,251.2655029296875,189.6379852294922,0.7350172400474548,0.9849492518816478,0.9849492518816478,reject,reject,0.0013571652799599
1_002_20200901_083730(8),1,2020-09-01 08:37:30,238.72607421875,178.29806518554688,247.74935913085932,188.09585571289065,0.7134883403778076,0.9821493297708018,0.9821493297708018,reinspect,reinspect,0.000659760168742
1_002_20200901_083735(4),1,2020-09-01 08:37:35,238.3436279296875,187.8670959472656,247.78045654296875,197.4466857910156,0.7233136892318726,0.9834686633568984,0.9834686633568984,reject,reject,0.0007712244226739
1_002_20200901_123248(2),1,2020-09-01 12:32:48,245.7719573974609,178.20523071289062,255.4837951660156,187.8599395751953,0.7393422722816467,0.9854723749933068,0.9854723749933068,reject,reject,0.0013411020687452
1_002_20200901_123251(2),1,2020-09-01 12:32:51,245.7418212890625,186.36436462402344,255.5495147705078,195.80520629882807,0.734474778175354,0.9848827405436548,0.9848827405436548,reject,reject,0.0016504823409752
1_002_20200901_123256(0),1,2020-09-01 12:32:56,245.9528961181641,137.76144409179688,255.5045928955078,147.522705078125,0.7169714570045471,0.9826252405481606,0.9826252405481606,reinspect,reinspect,0.0011021979009441
1_002_20200901_123300(3),1,2020-09-01 12:33:00,247.1501922607422,151.58230590820312,256.6927795410156,161.40585327148438,0.7157036662101746,0.9824530732797744,0.9824530732797744,reinspect,reinspect,0.0009031594973299
1_002_20200901_123304(6),1,2020-09-01 12:33:04,240.07980346679688,181.8070678710937,249.1135406494141,191.03988647460932,0.7275083661079407,0.9840104411644792,0.9840104411644792,reject,reject,0.0009485792260842
1_002_20200901_123309(1),1,2020-09-01 12:33:09,245.2659454345703,168.45460510253906,255.13201904296875,179.1551513671875,0.7375561594963074,0.9852578774061992,0.9852578774061992,reject,reject,0.0015141072798108
1_002_20200901_190126(8),1,2020-09-01 19:01:26,248.22959899902344,167.84222412109375,257.78302001953125,177.6483154296875,0.7302436232566833,0.9843569811934052,0.9843569811934052,reject,reject,0.0004771934853662
1_002_20200901_190132(2),1,2020-09-01 19:01:32,238.67762756347656,161.95469665527344,247.74264526367188,171.6260986328125,0.7230414152145386,0.983433059400526,0.983433059400526,reject,reject,0.0009135890650311
1_002_20200901_190331(8),1,2020-09-01 19:03:31,230.01060485839844,100.68347930908205,238.9352264404297,110.01546478271484,0.7098116278648376,0.9816369798622562,0.9816369798622562,reinspect,reinspect,0.0009510173358655
1_002_20200901_190334(8),1,2020-09-01 19:03:34,251.21383666992188,164.08155822753906,260.8450012207031,173.89300537109375,0.7059653401374817,0.981089826298365,0.981089826298365,reinspect,reinspect,0.0011142647906472
1_002_20200901_190334(8),1,2020-09-01 19:03:34,283.4902648925781,283.2180480957031,293.8948974609375,294.901123046875,0.0010401891777291,0.000202284040931,0.981089826298365,reinspect,reinspect,0.0011142647906472
1_002_20200901_190337(5),1,2020-09-01 19:03:37,243.44862365722656,161.94168090820312,253.332275390625,171.90943908691406,0.7179554104804993,0.9827580356267108,0.9827580356267108,reinspect,reinspect,0.0014623559774488
1_002_20200901_190344(1),1,2020-09-01 19:03:44,241.4591064453125,188.0458374023437,251.16046142578125,197.8980255126953,0.733569860458374,0.9847713383594632,0.9847713383594632,reject,reject,0.0012629633740759
1_002_20200901_203149(6),1,2020-09-01 20:31:49,241.17385864257807,158.13095092773438,250.9555206298828,168.0231170654297,0.7455344200134277,0.98619952549069,0.98619952549069,reject,reject,0.0019190163514074
1_002_20200901_203156(2),1,2020-09-01 20:31:56,248.2196502685547,113.7248077392578,257.6515197753906,123.41399383544922,0.7308589816093445,0.9844342186006202,0.9844342186006202,reject,reject,0.0005027741512773
1_002_20200901_203200(2),1,2020-09-01 20:32:00,245.3687286376953,181.9361114501953,255.1149139404297,191.560287475586,0.7404425740242004,0.9856034447723836,0.9856034447723836,reject,reject,0.0019751153050657
1_002_20200901_203204(5),1,2020-09-01 20:32:04,236.04383850097656,164.3394012451172,245.66079711914065,174.25714111328125,0.7279950976371765,0.9840724933948698,0.9840724933948698,reject,reject,0.0006502070121556
1_002_20200901_203208(8),1,2020-09-01 20:32:08,243.61875915527344,173.69586181640625,253.0245361328125,183.6686248779297,0.7224893569946289,0.9833607044282942,0.9833607044282942,reject,reject,0.0014832085517572
1_002_20200901_203208(8),1,2020-09-01 20:32:08,142.8949737548828,317.10302734375,153.8282012939453,328.52789306640625,0.006944827735424,0.0043109115166311,0.9833607044282942,reject,reject,0.0014832085517572
1_002_20200901_203213(2),1,2020-09-01 20:32:13,246.2523193359375,177.85252380371094,255.6974029541016,187.6007080078125,0.7226795554161072,0.983385657576452,0.983385657576452,reject,reject,0.0014077654869867
1_002_20200902_003106(3),1,2020-09-02 00:31:06,247.76272583007807,128.2397918701172,257.553955078125,139.16903686523438,0.7139036059379578,0.9822065491806652,0.9822065491806652,reinspect,reinspect,0.0021554515945526
1_002_20200902_003106(3),1,2020-09-02 00:31:06,127.34374237060548,46.78842544555664,137.27731323242188,56.89522933959961,0.0010145100532099,0.0001943057810253,0.9822065491806652,reinspect,reinspect,0.0021554515945526
1_002_20200902_003115(0),1,2020-09-02 00:31:15,227.56748962402344,130.1032257080078,237.3182373046875,140.1229705810547,0.7143447995185852,0.9822671981904192,0.9822671981904192,reinspect,reinspect,0.0021472886124578
1_002_20200902_003119(5),1,2020-09-02 00:31:19,246.7917938232422,150.216064453125,255.9602813720703,160.0384979248047,0.7151376605033875,0.9823758200669328,0.9823758200669328,reinspect,reinspect,0.0002754271928153
1_002_20200902_003123(6),1,2020-09-02 00:31:23,235.0711212158203,130.3604278564453,244.23318481445312,140.02833557128906,0.7068556547164917,0.9812175050838194,0.9812175050838194,reinspect,reinspect,0.0017456732012588
1_002_20200902_003127(7),1,2020-09-02 00:31:27,241.64431762695312,185.8712921142578,251.23214721679688,195.5504150390625,0.7313191294670105,0.9844918016821708,0.9844918016821708,reject,reject,0.0015451749982158
1_002_20200902_003132(0),1,2020-09-02 00:31:32,248.3734436035156,191.9029235839844,258.9130249023437,202.32827758789065,0.7286493182182312,0.984155634219868,0.984155634219868,reject,reject,0.0008236297730758
1_002_20200902_043107(7),1,2020-09-02 04:31:07,247.91653442382807,135.74549865722656,257.4352722167969,145.44436645507812,0.7254170775413513,0.9837419099741516,0.9837419099741516,reject,reject,0.0011996437558716
1_002_20200902_043112(1),1,2020-09-02 04:31:12,242.2399139404297,180.0150604248047,251.33621215820312,189.4615936279297,0.7290982604026794,0.984212512642996,0.984212512642996,reject,reject,0.0008943443602715
1_002_20200902_043116(4),1,2020-09-02 04:31:16,236.3429718017578,164.037841796875,245.63082885742188,173.76678466796875,0.7219803929328918,0.983293801352374,0.983293801352374,reinspect,reinspect,0.0007362488900821
1_002_20200902_043120(6),1,2020-09-02 04:31:20,239.77243041992188,130.0708465576172,249.03533935546875,139.86300659179688,0.7234899997711182,0.9834916900045052,0.9834916900045052,reject,reject,0.0017082753783529
1_002_20200902_043124(9),1,2020-09-02 04:31:24,235.7024078369141,169.75079345703125,244.75840759277344,179.35586547851562,0.7182652950286865,0.9827997088616214,0.9827997088616214,reinspect,reinspect,0.0006857657388381
1_002_20200902_043129(2),1,2020-09-02 04:31:29,225.91357421875,160.1864776611328,234.94471740722656,169.9765625,0.7144103646278381,0.9822761985905468,0.9822761985905468,reinspect,reinspect,0.0004439384878142
1_002_20200902_082600(3),1,2020-09-02 08:26:00,237.2935943603516,128.28167724609375,247.1046905517578,138.08932495117188,0.7356907725334167,0.9850315532950484,0.9850315532950484,reject,reject,0.0015406021152931
1_002_20200902_082609(0),1,2020-09-02 08:26:09,247.6704864501953,130.23577880859375,257.0054931640625,139.94517517089844,0.7259834408760071,0.9838149418610098,0.9838149418610098,reject,reject,0.0021128630933801
1_002_20200902_082613(2),1,2020-09-02 08:26:13,237.3297119140625,136.4397430419922,247.28677368164065,147.2598114013672,0.741455614566803,0.9857234045671104,0.9857234045671104,reject,reject,0.0014915146381124
1_002_20200902_082621(8),1,2020-09-02 08:26:21,248.11720275878903,164.28582763671875,257.6923522949219,173.9867706298828,0.7299128770828247,0.9843153576422102,0.9843153576422102,reject,reject,0.0005477989369237
1_002_20200902_082626(3),1,2020-09-02 08:26:26,249.5264434814453,121.97972106933594,259.2337951660156,131.39698791503906,0.7219719886779785,0.9832926950348004,0.9832926950348004,reinspect,reinspect,0.002025023529392
1_002_20200902_082638(8),1,2020-09-02 08:26:38,249.83657836914065,149.93423461914062,259.5088806152344,159.82772827148438,0.7380935549736023,0.9853226405964712,0.9853226405964712,reject,reject,0.0017996447435964
1_002_20200904_230034(7),1,2020-09-04 23:00:34,239.912353515625,139.50164794921875,249.416259765625,149.70985412597656,0.7231768369674683,0.9834507745599416,0.9834507745599416,reject,reject,0.0013656872868671
1_002_20200904_230038(7),1,2020-09-04 23:00:38,240.1141967773437,129.85121154785156,249.622802734375,139.7403564453125,0.7285618185997009,0.9841445319589076,0.9841445319589076,reject,reject,0.0002093216126045
1_002_20200904_230042(8),1,2020-09-04 23:00:42,237.0785980224609,139.0030975341797,245.9683380126953,148.37384033203125,0.7184833288192749,0.9828289873424632,0.9828289873424632,reinspect,reinspect,0.0015638044437785
1_002_20200904_230047(1),1,2020-09-04 23:00:47,242.46202087402344,137.05027770996094,250.5230712890625,145.336181640625,0.691813588142395,0.9789747977148934,0.9789747977148934,reinspect,reinspect,0.0004052602202139
1_002_20200904_230047(1),1,2020-09-04 23:00:47,241.2801513671875,134.38125610351562,251.0138702392578,146.22711181640625,0.0057005695998668,0.0031353949223123,0.9789747977148934,reinspect,reinspect,0.0004052602202139
1_002_20200904_230050(8),1,2020-09-04 23:00:50,238.06114196777344,133.8319091796875,247.4745635986328,143.40769958496094,0.739069402217865,0.9854397446069966,0.9854397446069966,reject,reject,0.0009362108019955
1_002_20200904_230054(7),1,2020-09-04 23:00:54,239.8251190185547,171.68060302734375,249.1400756835937,181.43345642089844,0.7162554264068604,0.9825281507003074,0.9825281507003074,reinspect,reinspect,0.0018421963838244
1_002_20200904_230301(9),1,2020-09-04 23:03:01,234.5959014892578,172.08348083496094,243.6263732910156,181.4622039794922,0.7115699052810669,0.9818832866613122,0.9818832866613122,reinspect,reinspect,0.0002084189096055
1_002_20200904_230305(2),1,2020-09-04 23:03:05,240.17874145507807,151.7791290283203,249.3497009277344,161.56936645507812,0.7321738600730896,0.9845983715319008,0.9845983715319008,reject,reject,0.0004049683838414
1_002_20200904_230308(3),1,2020-09-04 23:03:08,241.33834838867188,135.63629150390625,250.62530517578125,145.20973205566406,0.7283614873886108,0.9841190928641236,0.9841190928641236,reject,reject,0.001735089916865
1_002_20200904_230308(3),1,2020-09-04 23:03:08,189.2819061279297,42.34527206420898,204.407943725586,57.4818229675293,0.0012496986892074,0.0002718071957992,0.9841190928641236,reject,reject,0.001735089916865
1_002_20200904_230314(3),1,2020-09-04 23:03:14,238.06219482421875,125.81566619873048,247.14797973632807,135.35499572753906,0.7325059175491333,0.9846396363335086,0.9846396363335086,reject,reject,0.0011557976997188
1_002_20200904_230345(2),1,2020-09-04 23:03:45,245.43096923828125,142.0954132080078,255.1832427978516,152.0625,0.7467030882835388,0.9863339345599615,0.9863339345599615,reject,reject,0.0011934517335664
1_002_20200904_230349(3),1,2020-09-04 23:03:49,243.18576049804688,107.87139892578124,253.1186981201172,117.87281799316406,0.713714063167572,0.982180448306723,0.982180448306723,reinspect,reinspect,0.0019977701304049
1_002_20200905_003146(9),1,2020-09-05 00:31:46,240.09483337402344,169.92849731445312,249.741455078125,179.62222290039062,0.7343806028366089,0.9848711731133828,0.9848711731133828,reject,reject,0.0004254715600324
1_002_20200905_003154(8),1,2020-09-05 00:31:54,245.9684295654297,152.07809448242188,255.4932403564453,161.884765625,0.7303503155708313,0.9843703917907612,0.9843703917907612,reject,reject,0.0007090395431921
1_002_20200905_003158(8),1,2020-09-05 00:31:58,237.83306884765625,163.89878845214844,247.30426025390625,173.3367156982422,0.7194902896881104,0.982963749994668,0.982963749994668,reinspect,reinspect,0.0005646141209531
1_002_20200905_003202(9),1,2020-09-05 00:32:02,237.7797241210937,191.9205780029297,247.3496856689453,201.61485290527344,0.7081891298294067,0.981407576577078,0.981407576577078,reinspect,reinspect,0.0002439105819972
1_002_20200905_003210(8),1,2020-09-05 00:32:10,232.89996337890625,201.8475799560547,241.99508666992188,211.42526245117188,0.7404999732971191,0.985610260035214,0.985610260035214,reject,reject,0.0013674449195309
1_002_20200905_003220(7),1,2020-09-05 00:32:20,231.82569885253903,113.98399353027344,241.47579956054688,123.74127197265624,0.7101719379425049,0.9816876473762022,0.9816876473762022,reinspect,reinspect,0.0013188056833409
1_002_20200905_043116(7),1,2020-09-05 04:31:16,241.4589233398437,176.09251403808594,251.34341430664065,185.9843292236328,0.7297229766845703,0.9842914244873436,0.9842914244873436,reject,reject,0.0014392107966299
1_002_20200905_043119(3),1,2020-09-05 04:31:19,247.232666015625,196.26812744140625,256.8130798339844,206.45802307128903,0.7018986940383911,0.980498665812275,0.980498665812275,reinspect,reinspect,0.0016890386242113
1_002_20200905_043122(0),1,2020-09-05 04:31:22,243.2258453369141,207.9083404541016,252.9490509033203,217.86868286132807,0.7100657224655151,0.9816727215543998,0.9816727215543998,reinspect,reinspect,0.0016482646729423
1_002_20200905_043124(6),1,2020-09-05 04:31:24,241.44586181640625,207.91339111328125,251.17807006835932,217.79641723632807,0.7382878065109253,0.9853460024276772,0.9853460024276772,reject,reject,0.0016324053378362
1_002_20200905_043124(6),1,2020-09-05 04:31:24,208.6099853515625,295.3703918457031,218.9295959472656,306.60772705078125,0.0119181210175156,0.0102971209852484,0.9853460024276772,reject,reject,0.0016324053378362
1_002_20200905_043124(6),1,2020-09-05 04:31:24,246.9378967285156,318.1725158691406,258.1568603515625,329.9970703125,0.0029297210276126,0.0010721442659043,0.9853460024276772,reject,reject,0.0016324053378362
1_002_20200905_043129(6),1,2020-09-05 04:31:29,247.49008178710932,220.64340209960932,257.00994873046875,231.12066650390625,0.6900591850280762,0.9787010707187448,0.9787010707187448,reinspect,reinspect,0.0026368664920312
1_002_20200905_043135(3),1,2020-09-05 04:31:35,229.6678009033203,188.74696350097656,238.7342071533203,197.7818298339844,0.7021276950836182,0.980532305309154,0.980532305309154,reinspect,reinspect,0.0009524093005761
1_002_20200905_043135(3),1,2020-09-05 04:31:35,167.07546997070312,318.060302734375,177.01065063476562,328.7274780273437,0.0297974031418561,0.0446920500638947,0.980532305309154,reinspect,reinspect,0.0009524093005761
1_002_20200905_083100(6),1,2020-09-05 08:31:00,248.058349609375,117.67601013183594,257.275146484375,127.22479248046876,0.7186217904090881,0.982847562256856,0.982847562256856,reinspect,reinspect,0.0016139441224835
1_002_20200905_083104(6),1,2020-09-05 08:31:04,239.9206085205078,121.6341323852539,249.5396270751953,131.42149353027344,0.7125465869903564,0.9820190805420264,0.9820190805420264,reinspect,reinspect,0.0016277434561295
1_002_20200905_083116(7),1,2020-09-05 08:31:16,245.770248413086,157.91156005859375,255.3969116210937,167.65029907226562,0.7325505614280701,0.9846451783992276,0.9846451783992276,reject,reject,0.0015179822281781
1_002_20200905_083120(6),1,2020-09-05 08:31:20,245.8085479736328,153.96446228027344,255.46994018554688,163.5214080810547,0.7255322337150574,0.9837567778267994,0.9837567778267994,reject,reject,0.0010711028240438
1_002_20200905_083124(7),1,2020-09-05 08:31:24,245.49026489257807,146.0666046142578,255.36883544921875,156.16879272460938,0.7419688105583191,0.9857839143398188,0.9857839143398188,reject,reject,0.0017980276700627
1_002_20200905_083134(7),1,2020-09-05 08:31:34,240.9917449951172,154.07965087890625,251.03298950195312,164.1436004638672,0.7317880392074585,0.9845503293923956,0.9845503293923956,reject,reject,0.0014142327436936
1_002_20200905_123051(5),1,2020-09-05 12:30:51,251.29574584960932,143.48570251464844,260.9447631835937,153.25247192382812,0.7013152837753296,0.9804127745533082,0.9804127745533082,reinspect,reinspect,0.0015990264087728
1_002_20200905_123055(5),1,2020-09-05 12:30:55,240.27345275878903,149.88198852539062,249.7686309814453,159.59791564941406,0.7296093702316284,0.9842770945549786,0.9842770945549786,reject,reject,0.0008586618218851
1_002_20200905_123059(6),1,2020-09-05 12:30:59,243.78207397460932,145.94088745117188,253.46356201171875,155.92498779296875,0.6980825066566467,0.9799318523834089,0.9799318523834089,reinspect,reinspect,0.0024217183770981
1_002_20200907_204657(8),1,2020-09-07 20:46:57,237.8365478515625,125.9398193359375,247.5166015625,135.76931762695312,0.7251121401786804,0.983702493489614,0.983702493489614,reject,reject,0.0003745062440482
1_002_20200908_003259(2),1,2020-09-08 00:32:59,243.6068725585937,119.5082550048828,253.30300903320312,129.48780822753906,0.7267026305198669,0.9839073501759592,0.9839073501759592,reject,reject,0.0013862696472553
1_002_20200908_003303(8),1,2020-09-08 00:33:03,245.29705810546875,124.08486938476562,255.1446685791016,134.15045166015625,0.7439194321632385,0.986012316999805,0.986012316999805,reject,reject,0.0021965579050634
1_002_20200908_003303(8),1,2020-09-08 00:33:03,80.08796691894531,192.0575408935547,90.28863525390624,201.81088256835932,0.0326976180076599,0.0517581649442588,0.986012316999805,reject,reject,0.0021965579050634
1_002_20200908_003308(2),1,2020-09-08 00:33:08,235.9968414306641,137.9427490234375,245.5344390869141,147.653076171875,0.7293494343757629,0.984244273006276,0.984244273006276,reject,reject,0.0004411703988532
1_002_20200908_003312(9),1,2020-09-08 00:33:12,244.0113677978516,133.4265899658203,253.5853881835937,143.3034210205078,0.7150263786315918,0.9823606030426728,0.9823606030426728,reinspect,reinspect,0.0011625345650623
1_002_20200908_003321(8),1,2020-09-08 00:33:21,249.337646484375,133.8528594970703,259.231689453125,143.7442169189453,0.7330932021141052,0.9847124311547962,0.9847124311547962,reject,reject,0.001505185869295
1_002_20200908_003330(9),1,2020-09-08 00:33:30,241.42221069335932,148.15530395507812,251.18328857421875,157.98995971679688,0.7309415340423584,0.9844445601227908,0.9844445601227908,reject,reject,0.0008638977738158
1_002_20200908_043104(3),1,2020-09-08 04:31:04,239.8365936279297,139.77438354492188,249.4902801513672,149.68479919433594,0.7376425266265869,0.9852682989513566,0.9852682989513566,reject,reject,0.0007162789650845
1_002_20200908_043108(7),1,2020-09-08 04:31:08,247.87203979492188,129.65565490722656,257.4072570800781,139.5392303466797,0.7199179530143738,0.9830207583099496,0.9830207583099496,reinspect,reinspect,0.0017326757729739
1_002_20200908_043113(2),1,2020-09-08 04:31:13,236.05328369140625,153.78167724609375,245.53565979003903,163.3214874267578,0.718862771987915,0.9828798566103308,0.9828798566103308,reinspect,reinspect,0.0009954866226994
1_002_20200908_043117(6),1,2020-09-08 04:31:17,242.8876190185547,119.98053741455078,252.9388732910156,130.2864532470703,0.7092773914337158,0.9815616699478948,0.9815616699478948,reinspect,reinspect,0.0009263217548319
1_002_20200908_043122(1),1,2020-09-08 04:31:22,239.6352386474609,132.08633422851562,249.51321411132807,141.95614624023438,0.7242000699043274,0.9835841997320274,0.9835841997320274,reject,reject,0.0013003192845682
1_002_20200908_043126(7),1,2020-09-08 04:31:26,242.9062347412109,136.47544860839844,252.65533447265625,146.43226623535156,0.7177854776382446,0.9827351528155857,0.9827351528155857,reinspect,reinspect,0.0007878904962341
1_002_20200912_021405(0),1,2020-09-12 02:14:05,241.5025787353516,161.87393188476562,251.2435760498047,171.75218200683594,0.7437538504600525,0.985993026150935,0.985993026150935,reject,reject,0.001358215463308
1_002_20200912_021411(6),1,2020-09-12 02:14:11,238.29806518554688,96.04352569580078,247.51467895507807,105.69314575195312,0.7274395227432251,0.9840016509272552,0.9840016509272552,reject,reject,0.0006264535193235
1_002_20200912_021417(8),1,2020-09-12 02:14:17,247.1802673339844,107.7667007446289,256.6300048828125,117.830078125,0.7314491868019104,0.9845080503397712,0.9845080503397712,reject,reject,0.0003569252030147
1_002_20200912_021417(8),1,2020-09-12 02:14:17,6.973641872406006,191.8901824951172,16.648942947387695,201.9627227783203,0.0018926484044641,0.0005303309684849,0.9845080503397712,reject,reject,0.0003569252030147
1_002_20200912_021420(7),1,2020-09-12 02:14:20,251.4638214111328,138.08811950683594,260.9432373046875,147.93190002441406,0.7104349136352539,0.9817245643635012,0.9817245643635012,reinspect,reinspect,0.0016602743482697
1_002_20200912_021423(8),1,2020-09-12 02:14:23,249.5904083251953,117.8797836303711,259.23858642578125,127.82180786132812,0.7371934056282043,0.9852140502973078,0.9852140502973078,reject,reject,0.0016536958508175
1_002_20200912_021430(0),1,2020-09-12 02:14:30,241.53793334960932,144.60031127929688,251.4881591796875,155.1891632080078,0.7365845441818237,0.985140288327777,0.985140288327777,reject,reject,0.0012435059175301
1_002_20200912_021430(0),1,2020-09-12 02:14:30,205.3673553466797,46.54557800292969,215.3923492431641,57.52604675292969,0.0023621686268597,0.0007578383287703,0.985140288327777,reject,reject,0.0012435059175301
1_002_20200912_043042(7),1,2020-09-12 04:30:42,237.48385620117188,136.39178466796875,247.2938232421875,146.33428955078125,0.7307456731796265,0.9844200164560344,0.9844200164560344,reject,reject,0.0009900968547576
1_002_20200912_043047(4),1,2020-09-12 04:30:47,241.43878173828125,143.8494415283203,251.14108276367188,153.59974670410156,0.7283141016960144,0.984113071436059,0.984113071436059,reject,reject,0.001862341465569
1_002_20200912_043051(8),1,2020-09-12 04:30:51,239.1570587158203,149.35504150390625,248.4451904296875,159.360107421875,0.7204403281211853,0.9830902093783463,0.9830902093783463,reinspect,reinspect,0.0010666055558408
1_002_20200912_043051(8),1,2020-09-12 04:30:51,16.22383689880371,190.8746795654297,28.66516876220703,201.6753387451172,0.0027747906278818,0.000982269032983,0.9830902093783463,reinspect,reinspect,0.0010666055558408
1_002_20200912_043056(4),1,2020-09-12 04:30:56,237.7577209472656,128.0728302001953,247.3663482666016,137.78875732421875,0.7289425730705261,0.9841928040375644,0.9841928040375644,reject,reject,0.0014680730203841
1_002_20200912_043105(3),1,2020-09-12 04:31:05,233.8352813720703,153.88705444335938,243.04283142089844,163.35342407226562,0.7314817905426025,0.984512121826612,0.984512121826612,reject,reject,0.0006510704775865
1_002_20200912_043105(3),1,2020-09-12 04:31:05,291.1387634277344,42.05408477783203,300.7182922363281,52.02153396606445,0.0031701184343546,0.0012174384419433,0.984512121826612,reject,reject,0.0006510704775865
1_002_20200912_043123(2),1,2020-09-12 04:31:23,247.9279022216797,133.82432556152344,257.4613342285156,143.78221130371094,0.7231229543685913,0.9834437275141966,0.9834437275141966,reject,reject,0.0014185072264075
1_002_20200912_123204(6),1,2020-09-12 12:32:04,242.87530517578125,194.0046539306641,251.83578491210932,203.26129150390625,0.7300220727920532,0.9843291081218862,0.9843291081218862,reject,reject,0.0010945721785532
1_002_20200912_123207(7),1,2020-09-12 12:32:07,245.08029174804688,162.1833038330078,255.06912231445312,172.6002960205078,0.7483733296394348,0.986524491909002,0.986524491909002,reject,reject,0.0023745049491882
1_002_20200912_123210(6),1,2020-09-12 12:32:10,240.1895751953125,179.56532287597656,249.39227294921875,188.8297576904297,0.7118696570396423,0.9819250404458776,0.9819250404458776,reinspect,reinspect,0.0008718529207332
1_002_20200912_123216(4),1,2020-09-12 12:32:16,243.84898376464844,152.0556640625,253.2987518310547,161.9309539794922,0.7339404225349426,0.98481702549841,0.98481702549841,reject,reject,0.0012185871728959
1_002_20200912_123219(3),1,2020-09-12 12:32:19,243.82472229003903,145.9591064453125,253.57623291015625,155.6945343017578,0.7206808924674988,0.9831221256387124,0.9831221256387124,reinspect,reinspect,0.0015910923454159
1_002_20200912_123222(2),1,2020-09-12 12:32:22,233.8501739501953,157.87075805664062,242.8529357910156,167.37815856933594,0.7304444313049316,0.9843822149686708,0.9843822149686708,reject,reject,0.0010362696307868
1_002_20200912_163052(9),1,2020-09-12 16:30:52,240.07711791992188,146.2710418701172,250.0141143798828,157.2211456298828,0.7451278567314148,0.9861525577199308,0.9861525577199308,reject,reject,0.0008478508366367
1_002_20200912_163058(9),1,2020-09-12 16:30:58,245.80767822265625,175.8810272216797,255.604721069336,185.81478881835932,0.7277714610099792,0.9840440033526272,0.9840440033526272,reject,reject,0.0013990749386936
1_002_20200912_163101(7),1,2020-09-12 16:31:01,239.9856109619141,171.9585418701172,249.52261352539065,181.91375732421875,0.7312039136886597,0.9844773973988642,0.9844773973988642,reject,reject,0.0003646144198545
1_002_20200912_163104(6),1,2020-09-12 16:31:04,243.5932464599609,183.8661346435547,253.1430053710937,193.83718872070312,0.7175114154815674,0.9826982029437576,0.9826982029437576,reinspect,reinspect,0.0022309108001563
1_002_20200912_163104(6),1,2020-09-12 16:31:04,279.8494567871094,268.2189025878906,289.791259765625,278.9450988769531,0.0061748037114739,0.003566638163069,0.9826982029437576,reinspect,reinspect,0.0022309108001563
1_002_20200912_163104(6),1,2020-09-12 16:31:04,184.05535888671875,295.113037109375,194.68055725097656,306.14813232421875,0.0035093133337795,0.0014341634645774,0.9826982029437576,reinspect,reinspect,0.0022309108001563
1_002_20200912_163113(5),1,2020-09-12 16:31:13,237.8705596923828,133.99514770507812,247.58921813964844,143.90122985839844,0.715722918510437,0.9824556967634166,0.9824556967634166,reinspect,reinspect,0.0005941513747692
1_002_20200912_163116(5),1,2020-09-12 16:31:16,244.8359832763672,142.09837341308594,253.90875244140625,151.6796417236328,0.7503003478050232,0.9867421128508318,0.9867421128508318,reject,reject,0.0018172721106825
1_002_20200912_202615(3),1,2020-09-12 20:26:15,237.60186767578125,190.0908966064453,247.2519073486328,199.9283447265625,0.7320459485054016,0.9845824555359856,0.9845824555359856,reject,reject,0.0013540265875961
1_002_20200912_202619(7),1,2020-09-12 20:26:19,239.73199462890625,214.08169555664065,249.1314849853516,224.1010589599609,0.727453351020813,0.984003416855288,0.984003416855288,reject,reject,0.000891869261096
1_002_20200912_202628(8),1,2020-09-12 20:26:28,245.3943023681641,169.7151641845703,254.8243865966797,179.17860412597656,0.7483271360397339,0.9865192459227812,0.9865192459227812,reject,reject,0.0014114147058662
1_002_20200912_202633(1),1,2020-09-12 20:26:33,242.99432373046875,203.30799865722656,252.77281188964844,213.53286743164065,0.7114202976226807,0.9818624214039126,0.9818624214039126,reinspect,reinspect,0.000741838420624
1_002_20200912_202637(8),1,2020-09-12 20:26:37,244.93492126464844,141.4464111328125,254.89634704589844,151.4562225341797,0.7482876181602478,0.986514756974936,0.986514756974936,reject,reject,0.0018459671421203
1_002_20200912_202646(7),1,2020-09-12 20:26:46,241.24822998046875,175.7205047607422,251.0825042724609,185.5905303955078,0.731220543384552,0.9844794770160156,0.9844794770160156,reject,reject,0.0013223239455154
1_002_20200914_082846(9),1,2020-09-14 08:28:46,236.59524536132807,140.54037475585938,245.78988647460932,150.4095458984375,0.7375404238700867,0.9852559781128938,0.9852559781128938,reject,reject,0.0009609386881201
1_002_20200914_082856(2),1,2020-09-14 08:28:56,241.7633514404297,131.90248107910156,251.2616729736328,141.49720764160156,0.7382581233978271,0.9853424342108604,0.9853424342108604,reject,reject,0.0017041377932202
1_002_20200914_082904(6),1,2020-09-14 08:29:04,236.22021484375,160.38633728027344,245.42156982421875,169.99929809570312,0.7329679131507874,0.9846969214259104,0.9846969214259104,reject,reject,0.0007978450003673
1_002_20200914_082904(6),1,2020-09-14 08:29:04,174.8800506591797,318.5408630371094,185.2627716064453,330.0479736328125,0.0022934603039175,0.000722643039569,0.9846969214259104,reject,reject,0.0007978450003673
1_002_20200914_082910(5),1,2020-09-14 08:29:10,240.02053833007807,135.92408752441406,249.5347137451172,145.70416259765625,0.7395914196968079,0.9855021249038584,0.9855021249038584,reject,reject,0.0001481963715787
1_002_20200914_082910(5),1,2020-09-14 08:29:10,151.58665466308594,193.984603881836,159.81336975097656,202.38397216796875,0.0129121309146285,0.0117153340354627,0.9855021249038584,reject,reject,0.0001481963715787
1_002_20200914_082918(3),1,2020-09-14 08:29:18,244.479736328125,187.90122985839844,253.8996124267578,197.70372009277344,0.7350072264671326,0.984948025943007,0.984948025943007,reject,reject,0.0015764012822128
1_002_20200914_082918(3),1,2020-09-14 08:29:18,277.2154846191406,295.6132202148437,289.43829345703125,307.0997009277344,0.0024553509429097,0.0008065793017704,0.984948025943007,reject,reject,0.0015764012822128
1_002_20200914_082925(8),1,2020-09-14 08:29:25,242.2642364501953,147.66156005859375,251.42544555664065,157.5203399658203,0.7247337102890015,0.983653484479265,0.983653484479265,reject,reject,0.0012043290520756
1_002_20200914_123926(8),1,2020-09-14 12:39:26,233.60498046875,148.00437927246094,243.4068298339844,158.04034423828125,0.7205049991607666,0.9830987936147912,0.9830987936147912,reinspect,reinspect,0.0009805832942398
1_002_20200914_123926(8),1,2020-09-14 12:39:26,192.4033050537109,42.31793212890625,202.19805908203125,52.61490249633789,0.0019826726056635,0.0005715477609409,0.9830987936147912,reinspect,reinspect,0.0009805832942398
1_002_20200914_123931(3),1,2020-09-14 12:39:31,241.9779357910156,141.51287841796875,251.612045288086,151.27337646484375,0.7243231534957886,0.9836001983794684,0.9836001983794684,reject,reject,0.0004255158652175
1_002_20200914_123935(7),1,2020-09-14 12:39:35,239.7617645263672,164.07644653320312,249.07862854003903,173.7208709716797,0.7268862724304199,0.983930887129433,0.983930887129433,reject,reject,0.001153914840942
1_002_20200914_123940(1),1,2020-09-14 12:39:40,244.1866912841797,163.9692840576172,253.63563537597656,173.79734802246094,0.7289644479751587,0.9841955742336276,0.9841955742336276,reject,reject,0.0009513994921075
1_002_20200914_123940(1),1,2020-09-14 12:39:40,150.5620574951172,318.8648376464844,160.76177978515625,330.0606384277344,0.0011435333872213,0.0002356057456167,0.9841955742336276,reject,reject,0.0009513994921075
1_002_20200914_123944(7),1,2020-09-14 12:39:44,239.6744079589844,170.05226135253906,249.144760131836,179.87210083007812,0.7186775207519531,0.9828550345943065,0.9828550345943065,reinspect,reinspect,0.001321658018386
1_002_20200914_123949(5),1,2020-09-14 12:39:49,239.3433837890625,187.81793212890625,249.08741760253903,198.05279541015625,0.7043323516845703,0.9808540192762992,0.9808540192762992,reinspect,reinspect,0.0026168266106423
1_002_20200914_163056(7),1,2020-09-14 16:30:56,245.4008636474609,164.0615997314453,254.6876373291016,173.6021728515625,0.7336373329162598,0.9847796641855096,0.9847796641855096,reject,reject,0.0014517312752251
1_002_20200914_163101(1),1,2020-09-14 16:31:01,239.52423095703125,135.9435272216797,249.3356475830078,146.00729370117188,0.7308556437492371,0.984433800359526,0.984433800359526,reject,reject,0.0010478096180125
1_002_20200914_163105(7),1,2020-09-14 16:31:05,249.64195251464844,138.52593994140625,259.41864013671875,149.0465850830078,0.7386749982833862,0.9853924924474952,0.9853924924474952,reject,reject,0.002193736592522
1_002_20200914_163105(7),1,2020-09-14 16:31:05,176.6432342529297,47.83082962036133,186.3818817138672,57.854225158691406,0.0042463443242013,0.0019501158639424,0.9853924924474952,reject,reject,0.002193736592522
1_002_20200914_163110(1),1,2020-09-14 16:31:10,236.06497192382807,144.13600158691406,245.5518493652344,153.80014038085938,0.7395128011703491,0.9854927418110327,0.9854927418110327,reject,reject,0.0002833319588382
1_002_20200914_163110(1),1,2020-09-14 16:31:10,291.6695556640625,192.85861206054688,301.30426025390625,203.3506317138672,0.0125045413151383,0.0111254942043199,0.9854927418110327,reject,reject,0.0002833319588382
1_002_20200914_163114(5),1,2020-09-14 16:31:14,239.8983612060547,130.09889221191406,249.69906616210932,140.0569305419922,0.7323391437530518,0.9846189209060012,0.9846189209060012,reject,reject,0.0009099451848833
1_002_20200914_163119(3),1,2020-09-14 16:31:19,230.15560913085932,168.1711883544922,239.6834716796875,177.8074493408203,0.7148528099060059,0.9823368501075508,0.9823368501075508,reinspect,reinspect,0.0002251542931104
1_002_20200914_202928(5),1,2020-09-14 20:29:28,237.8224639892578,135.4936065673828,247.4975128173828,145.07447814941406,0.715200662612915,0.9823844310365232,0.9823844310365232,reinspect,reinspect,0.001186471088108
1_002_20200914_202931(6),1,2020-09-14 20:29:31,243.6760406494141,177.8050537109375,253.3609313964844,187.66053771972656,0.72547447681427,0.9837493220014047,0.9837493220014047,reject,reject,0.0015256247302614
1_002_20200914_202931(6),1,2020-09-14 20:29:31,291.3046569824219,42.15150833129883,301.2884521484375,51.71184539794922,0.0042321942746639,0.0019396501297278,0.9837493220014047,reject,reject,0.0015256247302614
1_002_20200914_202934(5),1,2020-09-14 20:29:34,239.79180908203125,179.67648315429688,249.31375122070312,189.33053588867188,0.7238792181015015,0.9835424434315924,0.9835424434315924,reject,reject,0.0015716485271216
1_002_20200914_202937(6),1,2020-09-14 20:29:37,236.0922241210937,179.8284454345703,245.67044067382807,189.5633544921875,0.7403771877288818,0.9855956784939714,0.9855956784939714,reject,reject,0.0009709363581674
1_002_20200914_202943(5),1,2020-09-14 20:29:43,243.6271514892578,171.80548095703125,253.1995849609375,181.63070678710932,0.7192049622535706,0.9829256403588958,0.9829256403588958,reinspect,reinspect,0.002089914836715
1_002_20200914_202948(1),1,2020-09-14 20:29:48,235.90049743652344,141.9781494140625,245.22659301757807,151.67367553710938,0.7030925750732422,0.980673582006183,0.980673582006183,reinspect,reinspect,0.0021998728414841
1_002_20200914_202948(1),1,2020-09-14 20:29:48,232.17091369628903,193.3912048339844,241.0772705078125,202.2428741455078,0.1133407801389694,0.316795412713621,0.980673582006183,reinspect,reinspect,0.0021998728414841
1_002_20200915_003458(4),1,2020-09-15 00:34:58,227.25320434570312,91.7623291015625,235.77003479003903,101.11984252929688,0.7106910943984985,0.9817604762792874,0.9817604762792874,reinspect,reinspect,0.0010022412640609
1_002_20200915_003505(7),1,2020-09-15 00:35:05,243.2499389648437,181.9026336669922,252.57667541503903,191.5066375732422,0.7357462644577026,0.9850383202288928,0.9850383202288928,reject,reject,0.0005248125406532
1_002_20200915_003510(7),1,2020-09-15 00:35:10,239.8238220214844,200.0617828369141,249.33935546875,209.9159393310547,0.7182790040969849,0.9828015508101152,0.9828015508101152,reinspect,reinspect,0.0015832911865854
1_002_20200915_003515(6),1,2020-09-15 00:35:15,233.8734588623047,184.0275115966797,243.4320526123047,193.60162353515625,0.7079028487205505,0.9813668874490188,0.9813668874490188,reinspect,reinspect,0.0002899562409664
1_002_20200915_003523(1),1,2020-09-15 00:35:23,245.5556488037109,179.6217041015625,254.7997589111328,189.17678833007807,0.7468473315238953,0.9863504624762988,0.9863504624762988,reject,reject,0.0016170793225418
1_002_20200915_003523(1),1,2020-09-15 00:35:23,190.20008850097656,318.2362670898437,200.6342315673828,329.80670166015625,0.012205671519041,0.0107003010319231,0.9863504624762988,reject,reject,0.0016170793225418
1_002_20200915_003523(1),1,2020-09-15 00:35:23,150.55966186523438,295.35601806640625,161.97386169433594,307.03131103515625,0.002229715231806,0.000690561945859,0.9863504624762988,reject,reject,0.0016170793225418
1_002_20200915_003532(1),1,2020-09-15 00:35:32,238.7279052734375,142.1219482421875,247.69894409179688,151.62193298339844,0.7152782082557678,0.9823950256798945,0.9823950256798945,reinspect,reinspect,0.0001654003187198
1_002_20200915_043352(7),1,2020-09-15 04:33:52,249.18272399902344,149.74588012695312,258.9120178222656,159.57373046875,0.7459294199943542,0.9862450541033986,0.9862450541033986,reject,reject,0.0015853218003975
1_002_20200915_043355(3),1,2020-09-15 04:33:55,241.9103546142578,153.51385498046875,251.4647979736328,163.268798828125,0.7332236170768738,0.9847285639128384,0.9847285639128384,reject,reject,0.0014505849645172
1_002_20200915_043355(3),1,2020-09-15 04:33:55,292.10516357421875,319.10162353515625,301.9344482421875,329.88250732421875,0.002657429780811,0.0009161966651281,0.9847285639128384,reject,reject,0.0014505849645172
1_002_20200915_043358(1),1,2020-09-15 04:33:58,239.83712768554688,179.7598876953125,249.1360626220703,189.6284942626953,0.7092365026473999,0.981555896868424,0.981555896868424,reinspect,reinspect,0.0023537959340728
1_002_20200915_043401(0),1,2020-09-15 04:34:01,244.2610015869141,165.52069091796875,253.59849548339844,175.25054931640625,0.725672721862793,0.9837749034368324,0.9837749034368324,reject,reject,0.0005665065333326
1_002_20200915_043406(9),1,2020-09-15 04:34:06,235.89927673339844,145.81504821777344,245.00523376464844,155.51937866210938,0.7172397375106812,0.9826615193545656,0.9826615193545656,reinspect,reinspect,0.0008775807958316
1_002_20200915_043416(7),1,2020-09-15 04:34:16,239.0282440185547,144.41261291503906,248.57362365722656,154.53456115722656,0.723874032497406,0.983541767956657,0.983541767956657,reject,reject,0.0009486485067597
1_002_20200915_043416(7),1,2020-09-15 04:34:16,125.1523666381836,318.44775390625,135.36019897460938,329.8824157714844,0.0079972352832555,0.0054124381671386,0.983541767956657,reject,reject,0.0009486485067597
1_002_20200915_083053(7),1,2020-09-15 08:30:53,241.6145782470703,157.9151153564453,251.4263458251953,167.59234619140625,0.7341324090957642,0.9848406586066684,0.9848406586066684,reject,reject,0.0012237504993285
1_002_20200915_083056(7),1,2020-09-15 08:30:56,243.99383544921875,171.71249389648438,253.693359375,181.60305786132807,0.7280380129814148,0.984077956516348,0.984077956516348,reject,reject,0.0012476424090172
1_002_20200915_083101(1),1,2020-09-15 08:31:01,243.32595825195312,184.0299835205078,252.82997131347656,193.97666931152344,0.7161518931388855,0.9825140804260796,0.9825140804260796,reinspect,reinspect,0.0016379542734719
1_002_20200915_083104(1),1,2020-09-15 08:31:04,241.53341674804688,133.78924560546875,251.0976104736328,143.6949005126953,0.7424811720848083,0.9858441514211936,0.9858441514211936,reject,reject,0.0017884521215253
1_002_20200915_083107(1),1,2020-09-15 08:31:07,241.14508056640625,143.62469482421875,250.9946746826172,153.4158477783203,0.7306691408157349,0.9844104187677338,0.9844104187677338,reject,reject,0.0023081937734408
1_002_20200915_083117(6),1,2020-09-15 08:31:17,239.755859375,207.4480438232422,249.65121459960932,217.48046875,0.7208070158958435,0.983138841791023,0.983138841791023,reinspect,reinspect,0.0009369854205016
1_002_20200915_123113(2),1,2020-09-15 12:31:13,235.7215118408203,130.10926818847656,245.3259735107422,140.00680541992188,0.7062537670135498,0.9811312573398208,0.9811312573398208,reinspect,reinspect,0.0010572416571815
1_002_20200915_123117(6),1,2020-09-15 12:31:17,246.176986694336,151.6958465576172,255.7245941162109,161.0950164794922,0.7098692059516907,0.9816450833306326,0.9816450833306326,reinspect,reinspect,0.0013018686401869
1_002_20200915_123126(5),1,2020-09-15 12:31:26,235.8373870849609,153.78524780273438,245.2256774902344,163.3483123779297,0.7170372009277344,0.9826341358751146,0.9826341358751146,reinspect,reinspect,0.0015156142827886
1_002_20200915_123131(1),1,2020-09-15 12:31:31,245.74864196777344,130.05007934570312,255.43267822265625,139.8609619140625,0.7288551926612854,0.9841817349846996,0.9841817349846996,reject,reject,0.0011527303930827
1_002_20200915_123135(7),1,2020-09-15 12:31:35,245.26791381835932,136.26319885253906,255.3452911376953,147.01889038085938,0.7447263598442078,0.9861060691726938,0.9861060691726938,reject,reject,0.0019727600918384
1_002_20200915_123140(1),1,2020-09-15 12:31:40,247.73800659179688,140.2006378173828,257.4401550292969,150.14712524414062,0.727998673915863,0.9840729487047952,0.9840729487047952,reject,reject,0.0014197224132056
1_002_20200915_163129(0),1,2020-09-15 16:31:29,248.1178131103516,184.80792236328125,257.67291259765625,195.0013732910156,0.7227751016616821,0.9833981828870748,0.9833981828870748,reject,reject,0.001188261649225
1_002_20200915_163133(5),1,2020-09-15 16:31:33,245.7943572998047,191.86227416992188,255.4285888671875,201.7265014648437,0.7388784885406494,0.985416884977694,0.985416884977694,reject,reject,0.0013830184579651
1_002_20200915_163144(0),1,2020-09-15 16:31:44,249.62001037597656,201.6720733642578,259.28369140625,211.391357421875,0.7339538335800171,0.9848186771917906,0.9848186771917906,reject,reject,0.0017366328433212
1_002_20200915_163144(0),1,2020-09-15 16:31:44,135.1941680908203,284.1764831542969,144.879638671875,294.4841003417969,0.0306293293833732,0.0466830411593159,0.9848186771917906,reject,reject,0.0017366328433212
1_002_20200915_163154(5),1,2020-09-15 16:31:54,242.346908569336,115.6159439086914,251.77749633789065,125.26563262939452,0.7230222821235657,0.9834305554390556,0.9834305554390556,reject,reject,0.0013751051750376
1_002_20200915_163158(9),1,2020-09-15 16:31:58,237.9466857910156,165.8914031982422,247.54608154296875,175.6312713623047,0.7323262095451355,0.9846173135067164,0.9846173135067164,reject,reject,0.0012063679398273
1_002_20200915_163203(4),1,2020-09-15 16:32:03,247.09310913085932,175.4237823486328,256.84246826171875,185.33987426757807,0.7143805623054504,0.9822721079020856,0.9822721079020856,reinspect,reinspect,0.0016009123505501
1_002_20200915_203209(5),1,2020-09-15 20:32:09,247.6657257080078,172.1075439453125,257.4156494140625,182.05874633789065,0.7167823314666748,0.9825996333789916,0.9825996333789916,reinspect,reinspect,0.0015771689341592
1_002_20200915_203212(5),1,2020-09-15 20:32:12,241.9808349609375,146.0609130859375,251.27291870117188,155.69882202148438,0.734481930732727,0.9848836188337206,0.9848836188337206,reject,reject,0.0012995371097293
1_002_20200915_203215(5),1,2020-09-15 20:32:15,245.7982482910156,146.12457275390625,255.27626037597656,155.9241485595703,0.7453123927116394,0.9861738894165644,0.9861738894165644,reject,reject,0.0018141329604757
1_002_20200915_203218(5),1,2020-09-15 20:32:18,244.09500122070312,153.63751220703125,253.46047973632807,163.39865112304688,0.7208505868911743,0.983144613897144,0.983144613897144,reinspect,reinspect,0.0009327355411622
1_002_20200915_203224(4),1,2020-09-15 20:32:24,251.28805541992188,169.8701171875,261.0181579589844,179.73086547851562,0.7221725583076477,0.9833190835445828,0.9833190835445828,reinspect,reinspect,0.0005822992847874
1_002_20200915_203229(1),1,2020-09-15 20:32:29,249.2606811523437,184.0931854248047,258.8529968261719,193.8280487060547,0.7389761805534363,0.9854285854907197,0.9854285854907197,reject,reject,0.0015081417052407
1_002_20200915_203229(1),1,2020-09-15 20:32:29,290.528564453125,44.99193954467773,302.0545349121094,57.169551849365234,0.0034224905539304,0.0013774080200799,0.9854285854907197,reject,reject,0.0015081417052407
1_002_20200916_003104(1),1,2020-09-16 00:31:04,251.06179809570312,145.6287384033203,260.9541931152344,155.66622924804688,0.7055138349533081,0.9810248384770808,0.9810248384770808,reinspect,reinspect,0.0009466284575018
1_002_20200916_003107(1),1,2020-09-16 00:31:07,245.7898101806641,197.742919921875,255.3498687744141,207.38943481445312,0.719880998134613,0.983015837470297,0.983015837470297,reinspect,reinspect,0.0013261309287537
1_002_20200916_003110(0),1,2020-09-16 00:31:10,247.6655120849609,175.9741668701172,257.66558837890625,186.2691802978516,0.7051281332969666,0.9809691948942424,0.9809691948942424,reinspect,reinspect,0.0018564977798307
1_002_20200916_003113(0),1,2020-09-16 00:31:13,247.91421508789065,161.83863830566406,257.35601806640625,171.60926818847656,0.7099135518074036,0.9816513227668888,0.9816513227668888,reinspect,reinspect,0.0013426884783696
1_002_20200916_003115(9),1,2020-09-16 00:31:15,239.4920959472656,165.89340209960938,249.1331787109375,175.93170166015625,0.7165621519088745,0.9825697879190236,0.9825697879190236,reinspect,reinspect,0.0015184135486379
1_002_20200916_003118(8),1,2020-09-16 00:31:18,248.2489471435547,192.020263671875,257.6683349609375,201.77218627929688,0.7202218174934387,0.9830611822365348,0.9830611822365348,reinspect,reinspect,0.0011762219408953
1_002_20200916_043147(8),1,2020-09-16 04:31:47,247.9712829589844,156.5937042236328,257.2552185058594,166.05348205566406,0.7160730361938477,0.9825033583031492,0.9825033583031492,reinspect,reinspect,0.0012189268689095
1_002_20200916_043150(7),1,2020-09-16 04:31:50,247.877182006836,188.10205078125,257.2451477050781,198.03375244140625,0.7000980973243713,0.9802326945385296,0.9802326945385296,reinspect,reinspect,0.0023712743383959
1_002_20200916_043153(7),1,2020-09-16 04:31:53,247.72804260253903,144.07711791992188,257.4537353515625,153.81317138671875,0.72421795129776,0.9835865246685715,0.9835865246685715,reject,reject,0.0014095788838733
1_002_20200916_043156(6),1,2020-09-16 04:31:56,244.5028381347656,158.08717346191406,254.9663543701172,168.2023468017578,0.7261785864830017,0.983840052517352,0.983840052517352,reject,reject,0.0009330675036505
1_002_20200916_043202(6),1,2020-09-16 04:32:02,243.5384826660156,209.56776428222656,253.33914184570312,219.37322998046875,0.7048014402389526,0.9809219723488136,0.9809219723488136,reinspect,reinspect,0.0022160425160622
1_002_20200916_043202(6),1,2020-09-16 04:32:02,289.1393127441406,224.8760986328125,300.6221008300781,236.0638732910156,0.0022177663631737,0.000684610170715,0.9809219723488136,reinspect,reinspect,0.0022160425160622
1_002_20200916_043202(6),1,2020-09-16 04:32:02,117.63517761230467,283.6225280761719,127.30474853515624,293.991943359375,0.0015616005985066,0.0003891081157016,0.9809219723488136,reinspect,reinspect,0.0022160425160622
1_002_20200916_043211(3),1,2020-09-16 04:32:11,247.6017303466797,157.81019592285156,257.4472045898437,167.94329833984375,0.705890417098999,0.9810790532859236,0.9810790532859236,reinspect,reinspect,0.0018760490221174
1_002_20200916_083037(0),1,2020-09-16 08:30:37,241.2100524902344,145.82644653320312,251.0816192626953,155.68626403808594,0.7355000972747803,0.9850082854671268,0.9850082854671268,reject,reject,0.0014656556906127
1_002_20200916_083045(8),1,2020-09-16 08:30:45,247.75360107421875,185.800033569336,257.39752197265625,195.49484252929688,0.7247523069381714,0.9836558952644716,0.9836558952644716,reject,reject,0.0009122424614852
1_002_20200916_083050(2),1,2020-09-16 08:30:50,242.4667053222656,173.71812438964844,252.6714324951172,183.93063354492188,0.7053487300872803,0.9810010338482732,0.9810010338482732,reinspect,reinspect,0.000726639918721
1_002_20200916_083057(6),1,2020-09-16 08:30:57,243.6717529296875,158.02041625976562,253.18142700195312,167.8372802734375,0.7176971435546875,0.9827232494520194,0.9827232494520194,reinspect,reinspect,0.0015196203043893
1_002_20200916_083106(3),1,2020-09-16 08:31:06,237.81085205078125,207.845443725586,247.2204132080078,217.51873779296875,0.7397333979606628,0.985519059455603,0.985519059455603,reject,reject,0.0010291088918607
1_002_20200916_083106(3),1,2020-09-16 08:31:06,121.31098175048828,317.5230712890625,132.2488555908203,328.6912536621094,0.0075842905789613,0.0049689107136522,0.985519059455603,reject,reject,0.0010291088918607
1_002_20200916_083126(7),1,2020-09-16 08:31:26,239.5869903564453,173.781494140625,249.52734375,183.86798095703125,0.7306556105613708,0.984408721554189,0.984408721554189,reject,reject,0.001049878944913
1_002_20200916_122636(6),1,2020-09-16 12:26:36,239.60826110839844,135.6603546142578,249.1333923339844,145.4933624267578,0.7381991744041443,0.9853353461696904,0.9853353461696904,reject,reject,0.0011204817876239
1_002_20200916_122641(1),1,2020-09-16 12:26:41,238.77456665039065,135.6878204345703,248.8961334228516,145.7277374267578,0.7211438417434692,0.9831834269381244,0.9831834269381244,reinspect,reinspect,0.0009268945550413
1_002_20200916_122645(6),1,2020-09-16 12:26:45,246.0605316162109,131.7714385986328,255.4340057373047,141.3133087158203,0.7334920763969421,0.9847617362267396,0.9847617362267396,reject,reject,0.0012748148079197
1_002_20200916_122650(1),1,2020-09-16 12:26:50,241.41558837890625,144.5598602294922,251.38461303710932,155.3077850341797,0.7407956123352051,0.9856453276868932,0.9856453276868932,reject,reject,0.0015938082401391
1_002_20200916_122654(7),1,2020-09-16 12:26:54,238.1978912353516,132.41285705566406,247.7792205810547,141.9266815185547,0.7294154763221741,0.9842526164848314,0.9842526164848314,reject,reject,0.0008775572252891
1_002_20200916_122659(2),1,2020-09-16 12:26:59,243.54034423828125,127.9169464111328,252.91665649414065,137.7606964111328,0.717003345489502,0.9826295555472696,0.9826295555472696,reinspect,reinspect,0.0011868396640179
1_002_20200916_203122(3),1,2020-09-16 20:31:22,249.96243286132807,148.3472137451172,259.45849609375,158.06956481933594,0.734394371509552,0.9848728646812952,0.9848728646812952,reject,reject,0.0010105872079847
1_002_20200916_203126(3),1,2020-09-16 20:31:26,245.066162109375,161.74456787109375,254.96514892578125,171.74734497070312,0.7442114353179932,0.9860462924732958,0.9860462924732958,reject,reject,0.0015961879763296
1_002_20200916_203130(2),1,2020-09-16 20:31:30,248.1448516845703,168.16595458984375,257.727783203125,178.04844665527344,0.7294012308120728,0.9842508170228864,0.9842508170228864,reject,reject,0.0012631095807808
1_002_20200916_203134(2),1,2020-09-16 20:31:34,247.7414093017578,170.55938720703125,257.74090576171875,181.28077697753903,0.7072941064834595,0.9812801545498764,0.9812801545498764,reinspect,reinspect,0.0021346407180175
1_002_20200916_203138(2),1,2020-09-16 20:31:38,244.36004638671875,165.50979614257812,253.6663360595703,175.45298767089844,0.7277817726135254,0.9840453177719076,0.9840453177719076,reject,reject,0.0002285672031227
1_002_20200916_203142(2),1,2020-09-16 20:31:42,249.14678955078125,154.1719207763672,258.8216857910156,163.93724060058594,0.7462372183799744,0.9862804611868836,0.9862804611868836,reject,reject,0.0014123554910004
1_002_20200917_003202(9),1,2020-09-17 00:32:02,239.4169158935547,142.15545654296875,249.0504913330078,152.33827209472656,0.6931531429290771,0.9791820511850516,0.9791820511850516,reinspect,reinspect,0.0022025444331362
1_002_20200917_003206(8),1,2020-09-17 00:32:06,237.146224975586,143.97171020507812,246.94985961914065,153.93492126464844,0.7367362380027771,0.9851586891937658,0.9851586891937658,reject,reject,0.001291209522837
1_002_20200917_003206(8),1,2020-09-17 00:32:06,84.80721282958984,317.1322326660156,95.3064422607422,327.9125061035156,0.0013406299985945,0.0003043506814339,0.9851586891937658,reject,reject,0.001291209522837
1_002_20200917_003210(8),1,2020-09-17 00:32:10,249.111068725586,160.08590698242188,258.8215026855469,169.8792724609375,0.7363298535346985,0.9851093584663604,0.9851093584663604,reject,reject,0.0009624390871743
1_002_20200917_003214(8),1,2020-09-17 00:32:14,248.1754302978516,149.81634521484375,257.752685546875,159.82839965820312,0.7246391177177429,0.9836412180780032,0.9836412180780032,reject,reject,0.0010241576602821
1_002_20200917_003218(8),1,2020-09-17 00:32:18,243.7060546875,168.0461883544922,253.45643615722656,177.9080810546875,0.7297263741493225,0.9842918528924014,0.9842918528924014,reject,reject,0.001633738734445
1_002_20200917_003222(9),1,2020-09-17 00:32:22,247.66636657714844,172.17922973632812,257.472900390625,182.1281280517578,0.7121776342391968,0.9819678684509272,0.9819678684509272,reinspect,reinspect,0.0018365377093775
1_002_20200917_043057(1),1,2020-09-17 04:30:57,241.2723999023437,185.76931762695312,251.08059692382807,195.5191802978516,0.7313569784164429,0.9844965315405836,0.9844965315405836,reject,reject,0.001538411005831
1_002_20200917_043101(1),1,2020-09-17 04:31:01,247.6483612060547,191.9553985595703,257.3353271484375,201.9666290283203,0.7164966464042664,0.9825609016196968,0.9825609016196968,reinspect,reinspect,0.0019300993652047
1_002_20200917_043101(1),1,2020-09-17 04:31:01,201.270248413086,283.96173095703125,210.7929077148437,294.2696228027344,0.0053575504571199,0.0028368094754134,0.9825609016196968,reinspect,reinspect,0.0019300993652047
1_002_20200917_043105(2),1,2020-09-17 04:31:05,244.2037506103516,217.9281311035156,253.64801025390625,227.6374664306641,0.7308389544487,0.9844317090373044,0.9844317090373044,reject,reject,0.0007119443682788
1_002_20200917_043109(1),1,2020-09-17 04:31:09,245.70008850097656,184.5562744140625,255.71023559570312,195.11827087402344,0.7216060161590576,0.9832444692879015,0.9832444692879015,reinspect,reinspect,0.00141640224266
1_002_20200917_043109(1),1,2020-09-17 04:31:09,143.89537048339844,283.5718078613281,154.2015380859375,294.15240478515625,0.0072966888546943,0.0046685840743011,0.9832444692879015,reinspect,reinspect,0.00141640224266
1_002_20200917_043113(2),1,2020-09-17 04:31:13,240.15826416015625,177.44940185546875,250.47694396972656,187.46739196777344,0.7343011498451233,0.9848614092694236,0.9848614092694236,reject,reject,0.001006107029331
1_002_20200917_043117(2),1,2020-09-17 04:31:17,241.4076385498047,177.6725616455078,251.25083923339844,187.68148803710932,0.7339761853218079,0.984821429738897,0.984821429738897,reject,reject,0.001171033736529
1_002_20200917_083653(7),1,2020-09-17 08:36:53,240.23904418945312,150.09165954589844,249.507080078125,159.8781280517578,0.7336492538452148,0.9847811348531652,0.9847811348531652,reject,reject,0.0004642691792145
1_002_20200917_083659(5),1,2020-09-17 08:36:59,234.45220947265625,126.05664825439452,243.5198211669922,135.6123046875,0.7298023700714111,0.984301433518669,0.984301433518669,reject,reject,0.0006815287567694
1_002_20200917_083703(5),1,2020-09-17 08:37:03,236.59315490722656,162.1772918701172,245.8212738037109,171.81593322753906,0.7378827929496765,0.9852972642889506,0.9852972642889506,reject,reject,0.0013532699337287
1_002_20200917_083707(4),1,2020-09-17 08:37:07,237.72808837890625,150.2567138671875,247.19906616210932,160.18331909179688,0.727856457233429,0.9840548355651438,0.9840548355651438,reject,reject,0.0008111506533533
1_002_20200917_083711(6),1,2020-09-17 08:37:11,241.63580322265625,147.95986938476562,251.2589569091797,157.77566528320312,0.7261943221092224,0.983842076137696,0.983842076137696,reject,reject,0.000725994735309
1_002_20200917_083721(4),1,2020-09-17 08:37:21,247.6093139648437,206.2725830078125,257.3532409667969,216.2877349853516,0.7214682698249817,0.9832262925637404,0.9832262925637404,reinspect,reinspect,0.0020161309467576
1_002_20200917_123052(0),1,2020-09-17 12:30:52,249.1326446533203,143.72055053710938,258.68048095703125,153.4141845703125,0.7359621524810791,0.9850646265840656,0.9850646265840656,reject,reject,0.0011549002967288
1_002_20200917_123052(0),1,2020-09-17 12:30:52,248.127685546875,141.79656982421875,260.7731628417969,154.11314392089844,0.0017821345245465,0.0004813519416433,0.9850646265840656,reject,reject,0.0011549002967288
1_002_20200917_123056(0),1,2020-09-17 12:30:56,249.28553771972656,147.60414123535156,259.1566772460937,157.5647735595703,0.735166609287262,0.9849675306458904,0.9849675306458904,reject,reject,0.0015942050064979
1_002_20200917_123100(0),1,2020-09-17 12:31:00,249.2410430908203,149.77822875976562,258.9900207519531,159.4886016845703,0.7407586574554443,0.985640947420344,0.985640947420344,reject,reject,0.0013517829815208
1_002_20200917_123116(1),1,2020-09-17 12:31:16,243.6270904541016,128.19703674316406,252.9675750732422,137.8748321533203,0.7265969514846802,0.983893794652744,0.983893794652744,reject,reject,0.0012133342847895
1_002_20200917_123120(2),1,2020-09-17 12:31:20,246.2248992919922,117.83943176269533,255.7161102294922,127.34230041503906,0.7285258173942566,0.9841399624289676,0.9841399624289676,reject,reject,0.0010905937648936
1_002_20200917_123124(2),1,2020-09-17 12:31:24,234.23541259765625,117.91218566894533,243.6844940185547,127.56488037109376,0.7076255679130554,0.9813274166541802,0.9813274166541802,reinspect,reinspect,0.0009990828070764
1_002_20200917_162809(7),1,2020-09-17 16:28:09,239.8868865966797,125.8731689453125,249.24642944335932,135.50537109375,0.726223349571228,0.9838458086401102,0.9838458086401102,reject,reject,0.0018876061762294
1_002_20200917_162813(7),1,2020-09-17 16:28:13,236.2539978027344,153.8646697998047,245.86138916015625,163.66754150390625,0.744749903678894,0.9861087981803696,0.9861087981803696,reject,reject,0.0016000515735384
1_002_20200917_162817(7),1,2020-09-17 16:28:17,245.96270751953125,179.78553771972656,255.5522918701172,189.6014862060547,0.7278358340263367,0.9840522077427148,0.9840522077427148,reject,reject,0.000524932868437
1_002_20200917_162821(7),1,2020-09-17 16:28:21,241.52667236328125,111.6164093017578,251.17901611328125,121.4027328491211,0.7436270117759705,0.9859782367976826,0.9859782367976826,reject,reject,0.0014245308156029
1_002_20200917_162825(6),1,2020-09-17 16:28:25,244.0463409423828,167.83224487304688,253.64144897460932,177.5897216796875,0.7232027649879456,0.9834541648114798,0.9834541648114798,reject,reject,0.0006207531355727
1_002_20200917_162829(8),1,2020-09-17 16:28:29,239.8451690673828,141.90118408203125,249.5511474609375,151.9045867919922,0.7261277437210083,0.9838335128686588,0.9838335128686588,reject,reject,0.0012297004365246
1_002_20200917_202944(0),1,2020-09-17 20:29:44,241.47430419921875,159.7830810546875,250.7417907714844,169.23443603515625,0.7376785278320312,0.985272641568914,0.985272641568914,reject,reject,0.0017535033823344
1_002_20200917_202952(6),1,2020-09-17 20:29:52,241.6932983398437,165.96463012695312,251.30430603027344,175.63148498535156,0.7398822903633118,0.985536804180936,0.985536804180936,reject,reject,0.0020297132090757
1_002_20200917_202955(7),1,2020-09-17 20:29:55,237.68983459472656,182.2991485595703,247.23947143554688,192.1040496826172,0.7314358353614807,0.9845063828261428,0.9845063828261428,reject,reject,0.0018192718975396
1_002_20200917_202958(6),1,2020-09-17 20:29:58,243.65512084960932,174.24009704589844,253.50965881347656,184.9047393798828,0.7115228772163391,0.981876729668568,0.981876729668568,reinspect,reinspect,0.0021935794637897
1_002_20200917_203001(5),1,2020-09-17 20:30:01,244.3971099853516,171.64312744140625,253.8669586181641,181.4642639160156,0.7358142733573914,0.985046610671278,0.985046610671278,reject,reject,0.0006286171313411
1_002_20200917_203004(3),1,2020-09-17 20:30:04,232.57325744628903,139.97935485839844,241.8642120361328,149.83612060546875,0.7306764721870422,0.984411338349797,0.984411338349797,reject,reject,0.0010664210589862
1_002_20200918_003438(7),1,2020-09-18 00:34:38,240.271240234375,146.13772583007812,249.67247009277344,156.19471740722656,0.7391982078552246,0.9854551536953472,0.9854551536953472,reject,reject,0.0010827659134294
1_002_20200918_003442(6),1,2020-09-18 00:34:42,251.9791717529297,208.26821899414065,261.347900390625,217.9818572998047,0.7151917219161987,0.9823832092264632,0.9823832092264632,reinspect,reinspect,0.0015268738018912
1_002_20200918_003445(5),1,2020-09-18 00:34:45,234.64822387695312,154.7757110595703,243.3507080078125,163.8771209716797,0.7078768014907837,0.981363182188638,0.981363182188638,reinspect,reinspect,0.0003603851093652
1_002_20200918_003448(4),1,2020-09-18 00:34:48,243.57455444335932,238.2862548828125,253.2885131835937,248.21095275878903,0.7214655876159668,0.9832259384874422,0.9832259384874422,reinspect,reinspect,0.0016304054491928
1_002_20200918_003451(0),1,2020-09-18 00:34:51,247.48622131347656,231.8628845214844,257.36932373046875,241.8132781982422,0.7218645811080933,0.9832785516078932,0.9832785516078932,reinspect,reinspect,0.0013114454583351
1_002_20200918_003453(6),1,2020-09-18 00:34:53,245.8656005859375,212.2636108398437,255.25894165039065,221.7982482910156,0.7340320944786072,0.9848283132705894,0.9848283132705894,reject,reject,0.0015634744316357
1_002_20200918_043330(3),1,2020-09-18 04:33:30,139.59078979492188,169.9593505859375,149.4446563720703,179.9160919189453,0.7233772277832031,0.9834769642610424,0.9834769642610424,reject,reject,0.0015046358956322
1_002_20200918_043330(3),1,2020-09-18 04:33:30,193.3614654541016,192.82977294921875,202.46258544921875,201.904037475586,0.0029671874362975,0.0010943253631109,0.9834769642610424,reject,reject,0.0015046358956322
1_002_20200918_043332(9),1,2020-09-18 04:33:32,249.29335021972656,128.03611755371094,258.9033508300781,137.658935546875,0.743800938129425,0.9859985138645708,0.9859985138645708,reject,reject,0.0014817790908633
1_002_20200918_043332(9),1,2020-09-18 04:33:32,164.34716796875,192.43826293945312,173.9927978515625,201.96365356445312,0.0018429302144795,0.0005080732951012,0.9859985138645708,reject,reject,0.0014817790908633
1_002_20200918_043335(6),1,2020-09-18 04:33:35,247.87429809570312,168.3090362548828,257.574951171875,178.27207946777344,0.7298249006271362,0.9843042731132848,0.9843042731132848,reject,reject,0.0011245747576207
1_002_20200918_043338(2),1,2020-09-18 04:33:38,241.443359375,179.9577178955078,251.250732421875,190.00299072265625,0.735982358455658,0.9850670870918944,0.9850670870918944,reject,reject,0.0009558869537726
1_002_20200918_043341(9),1,2020-09-18 04:33:41,247.0538024902344,116.4174575805664,257.0870361328125,127.30632781982422,0.6944368481636047,0.979379253842684,0.979379253842684,reinspect,reinspect,0.0023181170665622
1_002_20200918_043345(9),1,2020-09-18 04:33:45,244.22262573242188,140.27659606933594,254.68698120117188,150.27891540527344,0.735256016254425,0.9849784643371212,0.9849784643371212,reject,reject,0.0012044976933115
1_002_20200918_083240(7),1,2020-09-18 08:32:40,235.8048553466797,160.00765991210938,245.30392456054688,169.84567260742188,0.7281454205513,0.9840916237812194,0.9840916237812194,reject,reject,0.0012119528231532
1_002_20200918_083244(8),1,2020-09-18 08:32:44,244.2935943603516,188.2996368408203,253.58970642089844,198.11544799804688,0.7221396565437317,0.9833147567392236,0.9833147567392236,reinspect,reinspect,0.0013245386486307
1_002_20200918_083248(7),1,2020-09-18 08:32:48,245.27313232421875,194.0550537109375,255.07290649414065,203.8105010986328,0.7397515773773193,0.985521226841586,0.985521226841586,reject,reject,0.0012233525725913
1_002_20200918_083254(8),1,2020-09-18 08:32:54,236.3007049560547,213.9041748046875,245.7058868408203,223.72506713867188,0.736463189125061,0.9851255563665448,0.9851255563665448,reject,reject,0.001354865948793
1_002_20200918_083302(6),1,2020-09-18 08:33:02,236.52035522460932,188.05810546875,245.78515625,197.89794921875,0.7526004314422607,0.9869987619665538,0.9869987619665538,reject,reject,0.0021364101964048
1_002_20200918_083306(7),1,2020-09-18 08:33:06,241.42515563964844,199.7375946044922,251.03273010253903,209.3959503173828,0.7527211904525757,0.9870121438843488,0.9870121438843488,reject,reject,0.0011973986918997
1_002_20200918_123306(7),1,2020-09-18 12:33:06,234.1399383544922,148.0179443359375,243.6346435546875,157.84164428710938,0.7276285886764526,0.9840257836699948,0.9840257836699948,reject,reject,0.0009411976573483
1_002_20200918_123310(6),1,2020-09-18 12:33:10,245.1603240966797,133.87167358398438,255.2323455810547,143.7051239013672,0.7381084561347961,0.9853244335999174,0.9853244335999174,reject,reject,0.0010002725017532
1_002_20200918_123310(6),1,2020-09-18 12:33:10,206.5106658935547,191.9720458984375,215.49822998046875,200.7918701171875,0.001334112486802,0.0003019718586154,0.9853244335999174,reject,reject,0.0010002725017532
1_002_20200918_123314(6),1,2020-09-18 12:33:14,237.44227600097656,144.03602600097656,247.18637084960932,153.808837890625,0.7306704521179199,0.984410583248586,0.984410583248586,reject,reject,0.0010855752624252
1_002_20200918_123318(7),1,2020-09-18 12:33:18,242.094467163086,129.98130798339844,251.74038696289065,139.67547607421875,0.7012749314308167,0.980406823654854,0.980406823654854,reinspect,reinspect,0.0007606437872636
1_002_20200918_123318(7),1,2020-09-18 12:33:18,160.5307159423828,191.8950042724609,169.77304077148438,200.71780395507807,0.0037262442056089,0.0015797431313346,0.980406823654854,reinspect,reinspect,0.0007606437872636
1_002_20200918_123322(5),1,2020-09-18 12:33:22,245.5620880126953,134.0526580810547,255.4187774658203,144.1852569580078,0.731248140335083,0.984482927711364,0.984482927711364,reject,reject,0.0011965937219772
1_002_20200918_123331(0),1,2020-09-18 12:33:31,238.5391845703125,177.76467895507812,247.69561767578125,187.3708038330078,0.7175392508506775,0.9827019583393404,0.9827019583393404,reinspect,reinspect,0.0006032982739985
1_002_20200918_163302(9),1,2020-09-18 16:33:02,243.96481323242188,195.9657592773437,253.499755859375,205.9276123046875,0.712212860584259,0.9819727624898504,0.9819727624898504,reinspect,reinspect,0.002099766749748
1_002_20200918_163306(9),1,2020-09-18 16:33:06,248.0245056152344,174.00469970703125,257.578125,184.16632080078125,0.71084064245224,0.9817814168876768,0.9817814168876768,reinspect,reinspect,0.0017794329027179
1_002_20200918_163310(9),1,2020-09-18 16:33:10,247.49899291992188,187.8251800537109,257.3089599609375,198.08169555664065,0.706587016582489,0.9811790455770316,0.9811790455770316,reinspect,reinspect,0.0024644948830998
1_002_20200918_163314(9),1,2020-09-18 16:33:14,239.53591918945312,212.1415405273437,249.0357208251953,221.7948760986328,0.7149191498756409,0.98234593143275,0.98234593143275,reinspect,reinspect,0.0017512081059835
1_002_20200918_163314(9),1,2020-09-18 16:33:14,182.4369201660156,193.0230712890625,190.3419952392578,200.78591918945312,0.0049815345555543,0.0025227286392592,0.98234593143275,reinspect,reinspect,0.0017512081059835
1_002_20200918_163314(9),1,2020-09-18 16:33:14,215.28533935546875,318.83184814453125,225.5383758544922,330.05133056640625,0.0016120371874421,0.0004095450094349,0.98234593143275,reinspect,reinspect,0.0017512081059835
1_002_20200918_163318(8),1,2020-09-18 16:33:18,242.4771881103516,166.09164428710938,251.76168823242188,175.88523864746094,0.7215169668197632,0.9832327201022202,0.9832327201022202,reinspect,reinspect,0.0012076610006799
1_002_20200918_163322(9),1,2020-09-18 16:33:22,246.1048583984375,142.3028106689453,255.9214782714844,153.01913452148438,0.727595865726471,0.9840216086640444,0.9840216086640444,reject,reject,0.0017724294605334
1_002_20200921_111929(2),1,2020-09-21 11:19:29,240.3163604736328,159.7105712890625,249.7059783935547,169.26083374023438,0.7373957633972168,0.9852385097066328,0.9852385097066328,reject,reject,0.0011774028004027
1_002_20200921_111932(4),1,2020-09-21 11:19:32,239.4484405517578,176.12515258789062,249.14024353027344,186.1389617919922,0.7177172303199768,0.982725956731754,0.982725956731754,reinspect,reinspect,0.0017629282542639
1_002_20200921_111939(0),1,2020-09-21 11:19:39,247.3608856201172,181.98928833007807,256.7645263671875,191.81846618652344,0.7202191948890686,0.9830608336345668,0.9830608336345668,reinspect,reinspect,0.0012574913910891
1_002_20200921_111942(1),1,2020-09-21 11:19:42,240.0308074951172,168.11878967285156,249.7554168701172,177.96481323242188,0.7326484322547913,0.9846573231948412,0.9846573231948412,reject,reject,0.0010823838625628
1_002_20200921_111948(3),1,2020-09-21 11:19:48,244.116928100586,144.14743041992188,253.96286010742188,155.31044006347656,0.7361233830451965,0.9850842520868794,0.9850842520868794,reject,reject,0.000117649913033
1_002_20200921_111951(8),1,2020-09-21 11:19:51,233.5079498291016,179.814697265625,242.64712524414065,189.043212890625,0.7314998507499695,0.9845143768287984,0.9845143768287984,reject,reject,0.0015318264906407
1_002_20200921_123148(8),1,2020-09-21 12:31:48,243.63668823242188,177.37289428710938,253.51715087890625,187.3237152099609,0.7288150191307068,0.9841766441319328,0.9841766441319328,reject,reject,0.0012698091427466
1_002_20200921_123153(3),1,2020-09-21 12:31:53,238.06480407714844,133.90634155273438,247.56466674804688,143.61756896972656,0.7271353602409363,0.983962773776209,0.983962773776209,reject,reject,0.0007799944703782
1_002_20200921_123157(8),1,2020-09-21 12:31:57,244.4044189453125,171.7041015625,255.062744140625,181.7360992431641,0.7220905423164368,0.9833082964188,0.9833082964188,reinspect,reinspect,0.0006262214298221
1_002_20200921_123202(3),1,2020-09-21 12:32:02,237.8402557373047,146.19546508789062,247.3955993652344,155.89796447753906,0.7331511974334717,0.984719606817098,0.984719606817098,reject,reject,0.000893103306012
1_002_20200921_123206(8),1,2020-09-21 12:32:06,239.18247985839844,158.44247436523438,249.2876892089844,169.42706298828125,0.7054183483123779,0.9810110739446102,0.9810110739446102,reinspect,reinspect,0.0027743543632933
1_002_20200921_123211(3),1,2020-09-21 12:32:11,237.8324737548828,133.77053833007812,247.5312042236328,143.5684051513672,0.7269002795219421,0.9839326814000584,0.9839326814000584,reject,reject,0.0002914956992519
1_002_20200921_163052(8),1,2020-09-21 16:30:52,245.8447265625,145.45843505859375,255.7806396484375,155.3076629638672,0.7320045828819275,0.9845773059925964,0.9845773059925964,reject,reject,0.0010655265836948
1_002_20200921_163055(8),1,2020-09-21 16:30:55,240.17437744140625,206.10389709472656,249.6591186523437,216.154296875,0.7364726066589355,0.9851266999716828,0.9851266999716828,reject,reject,0.0011033969759789
1_002_20200921_163102(0),1,2020-09-21 16:31:02,243.81744384765625,133.91665649414062,253.189453125,143.8248291015625,0.7168642282485962,0.9826107252947446,0.9826107252947446,reinspect,reinspect,0.0020264422791675
1_002_20200921_163105(3),1,2020-09-21 16:31:05,237.6078186035156,123.98421478271484,247.0244140625,133.63438415527344,0.7391666173934937,0.9854513755433484,0.9854513755433484,reject,reject,0.0011955874689948
1_002_20200921_163110(2),1,2020-09-21 16:31:10,237.9316253662109,115.834228515625,247.2432861328125,125.6819305419922,0.7257816791534424,0.9837889512459134,0.9837889512459134,reject,reject,0.0006480412086005
1_002_20200921_163113(3),1,2020-09-21 16:31:13,232.1664886474609,140.1579132080078,241.4798583984375,150.13626098632812,0.7329949736595154,0.9847002722103574,0.9847002722103574,reject,reject,0.0006224630581682
1_002_20200921_163113(3),1,2020-09-21 16:31:13,270.8178405761719,318.4461364746094,282.2648010253906,329.9840393066406,0.0010744193568825,0.0002131072432549,0.9847002722103574,reject,reject,0.0006224630581682
1_002_20200921_202245(2),1,2020-09-21 20:22:45,241.8924865722656,156.16587829589844,251.3136444091797,165.6820831298828,0.7246758937835693,0.9836459878215206,0.9836459878215206,reject,reject,0.0012253025474955
1_002_20200921_202254(1),1,2020-09-21 20:22:54,249.2079925537109,150.06141662597656,259.0447998046875,159.89651489257812,0.743675708770752,0.9859839161052713,0.9859839161052713,reject,reject,0.0018816651732811
1_002_20200921_202257(2),1,2020-09-21 20:22:57,240.24935913085932,140.3701934814453,249.485092163086,150.0729522705078,0.728391706943512,0.9841229321158308,0.9841229321158308,reject,reject,0.0004969789312385
1_002_20200921_202300(1),1,2020-09-21 20:23:00,249.9044647216797,162.1011505126953,259.4210510253906,171.91690063476562,0.7410207986831665,0.9856719993712006,0.9856719993712006,reject,reject,0.0020064666806592
1_002_20200921_202300(1),1,2020-09-21 20:23:00,27.833372116088867,179.52963256835938,70.96760559082031,201.66793823242188,0.0016868623206391,0.0004405899072153,0.9856719993712006,reject,reject,0.0020064666806592
1_002_20200921_202312(1),1,2020-09-21 20:23:12,241.6772918701172,216.2830047607422,251.3170318603516,226.04769897460932,0.7331148386001587,0.9847151084723332,0.9847151084723332,reject,reject,0.0011285235282093
1_002_20200921_202315(3),1,2020-09-21 20:23:15,242.8759155273437,223.71405029296875,252.7768096923828,233.9281463623047,0.7146106958389282,0.9823036787949464,0.9823036787949464,reinspect,reinspect,0.0008284462160534
1_002_20200922_003107(0),1,2020-09-22 00:31:07,242.04132080078125,135.95724487304688,251.5412139892578,145.57298278808594,0.7201046347618103,0.9830456011354516,0.9830456011354516,reinspect,reinspect,0.0009354437446568
1_002_20200922_003116(0),1,2020-09-22 00:31:16,239.7440643310547,151.49041748046875,249.2796173095703,161.1591033935547,0.7258533835411072,0.9837981914224638,0.9837981914224638,reject,reject,0.0015467978511584
1_002_20200922_003120(5),1,2020-09-22 00:31:20,238.03155517578125,140.11727905273438,247.65621948242188,149.946044921875,0.7254366874694824,0.9837444424898926,0.9837444424898926,reject,reject,0.0011680403447746
1_002_20200922_003123(5),1,2020-09-22 00:31:23,241.2765350341797,121.70899963378906,251.1329803466797,131.63116455078125,0.7292400598526001,0.9842304483116192,0.9842304483116192,reject,reject,0.0014336129917829
1_002_20200922_003129(5),1,2020-09-22 00:31:29,249.5350952148437,135.6955108642578,259.0630187988281,145.41810607910156,0.7344116568565369,0.9848749881102729,0.9848749881102729,reject,reject,0.0013122041919782
1_002_20200922_003134(1),1,2020-09-22 00:31:34,251.24107360839844,151.98037719726562,260.8242492675781,161.88975524902344,0.7082163095474243,0.9814114363137604,0.9814114363137604,reinspect,reinspect,0.0010397169361115
1_002_20200922_003134(1),1,2020-09-22 00:31:34,296.0655212402344,47.78243255615234,305.0986328125,56.86988067626953,0.0046416232362389,0.0022510302361641,0.9814114363137604,reinspect,reinspect,0.0010397169361115
1_002_20200922_043105(7),1,2020-09-22 04:31:05,247.6298370361328,152.09963989257812,257.20721435546875,161.79132080078125,0.7202852964401245,0.9830696184477856,0.9830696184477856,reinspect,reinspect,0.0011863419580682
1_002_20200922_043110(2),1,2020-09-22 04:31:10,252.2032165527344,137.85670471191406,261.5846252441406,147.54571533203125,0.7230685353279114,0.9834366081748284,0.9834366081748284,reject,reject,0.0010388143912379
1_002_20200922_043114(8),1,2020-09-22 04:31:14,251.3431854248047,134.13363647460938,260.6995849609375,143.9097900390625,0.7026640176773071,0.9806109249549928,0.9806109249549928,reinspect,reinspect,0.0015879239986461
1_002_20200922_043119(3),1,2020-09-22 04:31:19,245.7285919189453,132.10646057128906,255.42868041992188,141.79653930664062,0.7338802814483643,0.9848096170481,0.9848096170481,reject,reject,0.0017806318285587
1_002_20200922_043123(8),1,2020-09-22 04:31:23,241.6519317626953,123.67173767089844,251.4039001464844,133.51287841796875,0.7359397411346436,0.9850618971994748,0.9850618971994748,reject,reject,0.0019686175048717
1_002_20200922_043128(2),1,2020-09-22 04:31:28,245.37091064453125,161.94528198242188,255.1714630126953,171.7841796875,0.7424831986427307,0.985844389333366,0.985844389333366,reject,reject,0.0013583253260674
1_002_20200922_083752(7),1,2020-09-22 08:37:52,243.97854614257807,175.7505645751953,253.6226501464844,185.6884155273437,0.728441059589386,0.9841292007487422,0.9841292007487422,reject,reject,0.0011427187572299
1_002_20200922_083755(7),1,2020-09-22 08:37:55,245.8831024169922,169.7701873779297,255.4566192626953,179.5234375,0.7337632775306702,0.9847951968390436,0.9847951968390436,reject,reject,0.0014928050690039
1_002_20200922_083758(7),1,2020-09-22 08:37:58,241.9228515625,138.26669311523438,251.4182891845703,148.32371520996094,0.7252733111381531,0.9837233349053872,0.9837233349053872,reject,reject,0.0008714771967617
1_002_20200922_083801(7),1,2020-09-22 08:38:01,247.54676818847656,187.6915435791016,257.0705261230469,197.5463256835937,0.7168537378311157,0.9826093047758112,0.9826093047758112,reinspect,reinspect,0.001928778739349
1_002_20200922_083801(7),1,2020-09-22 08:38:01,126.85457611083984,284.09869384765625,136.36558532714844,294.14129638671875,0.0339874774217605,0.0550104902412743,0.9826093047758112,reinspect,reinspect,0.001928778739349
1_002_20200922_083807(4),1,2020-09-22 08:38:07,238.1552124023437,187.81124877929688,247.69737243652344,197.42417907714844,0.7242486476898193,0.9835905152722678,0.9835905152722678,reject,reject,0.0001726213486113
1_002_20200922_083810(4),1,2020-09-22 08:38:10,233.93345642089844,203.6318206787109,243.3573303222656,213.1092071533203,0.7258040904998779,0.9837918396762751,0.9837918396762751,reject,reject,0.0003932252190478
1_002_20200922_083810(4),1,2020-09-22 08:38:10,230.047607421875,295.4560852050781,239.898193359375,306.17095947265625,0.009845801629126,0.0075685966158034,0.9837918396762751,reject,reject,0.0003932252190478
1_002_20200922_083810(4),1,2020-09-22 08:38:10,267.5320739746094,316.9329528808594,279.4538269042969,328.8416748046875,0.0018169059185311,0.0004965678280999,0.9837918396762751,reject,reject,0.0003932252190478
1_002_20200922_122708(6),1,2020-09-22 12:27:08,248.1335601806641,175.73507690429688,257.7998046875,185.5749969482422,0.7173047661781311,0.982670304918606,0.982670304918606,reinspect,reinspect,0.0011218373520226
1_002_20200922_122713(0),1,2020-09-22 12:27:13,245.74343872070312,154.16262817382812,255.3629302978516,163.9144287109375,0.7349316477775574,0.9849387708087596,0.9849387708087596,reject,reject,0.0013528746640065
1_002_20200922_122717(4),1,2020-09-22 12:27:17,243.7955322265625,181.8558349609375,253.37521362304688,191.5255279541016,0.7286057472229004,0.9841501064535833,0.9841501064535833,reject,reject,0.0011870339900724
1_002_20200922_122721(8),1,2020-09-22 12:27:21,251.71762084960932,162.4102325439453,261.752197265625,173.19410705566406,0.6960849761962891,0.9796304301562528,0.9796304301562528,reinspect,reinspect,0.002711013439349
1_002_20200922_122724(8),1,2020-09-22 12:27:24,241.56187438964844,179.94976806640625,251.1641998291016,189.7739715576172,0.7321353554725647,0.9845935816120276,0.9845935816120276,reject,reject,0.0018075611983205
1_002_20200922_122727(6),1,2020-09-22 12:27:27,246.0652313232422,141.87667846679688,255.5312042236328,151.84133911132812,0.7203519344329834,0.9830784713057538,0.9830784713057538,reinspect,reinspect,0.0008164911727441
1_002_20200922_163053(8),1,2020-09-22 16:30:53,244.232666015625,139.80029296875,253.65359497070312,149.38539123535156,0.7346184253692627,0.9849003728035532,0.9849003728035532,reject,reject,0.0003887919009431
1_002_20200922_163056(8),1,2020-09-22 16:30:56,236.14682006835932,147.4890594482422,245.84646606445312,157.61538696289062,0.742026150226593,0.9857906642703506,0.9857906642703506,reject,reject,0.0017259917706506
1_002_20200922_163059(6),1,2020-09-22 16:30:59,245.64285278320312,199.82228088378903,255.1797637939453,209.4085998535156,0.7463415861129761,0.9862924529617444,0.9862924529617444,reject,reject,0.0009108742131557
1_002_20200922_163102(5),1,2020-09-22 16:31:02,239.87440490722656,203.97052001953125,249.67539978027344,214.0495147705078,0.7234623432159424,0.983488079468546,0.983488079468546,reject,reject,0.0015854920343273
1_002_20200922_163102(5),1,2020-09-22 16:31:02,143.1208953857422,295.38494873046875,153.08590698242188,306.2300109863281,0.0053851930424571,0.0028604489793672,0.983488079468546,reject,reject,0.0015854920343273
1_002_20200922_163105(5),1,2020-09-22 16:31:05,238.360107421875,164.06817626953125,247.50067138671875,173.64263916015625,0.7219915390014648,0.9832952685168824,0.9832952685168824,reinspect,reinspect,0.0008594617453866
1_002_20200922_163105(5),1,2020-09-22 16:31:05,75.63499450683594,191.7919311523437,86.06015014648438,201.00050354003903,0.0265423655509948,0.0371944927710218,0.9832952685168824,reinspect,reinspect,0.0008594617453866
1_002_20200922_163110(0),1,2020-09-22 16:31:10,243.3593292236328,182.12001037597656,252.9200439453125,191.9021453857422,0.7265233397483826,0.983884347721325,0.983884347721325,reject,reject,0.0012442104524216
2_002_20200624_162726(9),2,2020-06-24 16:27:26,151.92991638183594,164.1992950439453,163.01991271972656,175.55401611328125,0.7137247323989868,0.9821819182296528,0.9821819182296528,reinspect,reinspect,0.0009603827168013
2_002_20200624_162726(9),2,2020-06-24 16:27:26,155.17138671875,197.5962677001953,165.5209197998047,207.9755706787109,0.710385799407959,0.9817176736670048,0.9821819182296528,reinspect,reinspect,0.0009603827168013
2_002_20200624_162726(9),2,2020-06-24 16:27:26,149.77947998046875,141.37229919433594,161.2352294921875,152.10792541503906,0.7010021209716797,0.9803665569771666,0.9821819182296528,reinspect,reinspect,0.0009603827168013
2_002_20200624_162737(5),2,2020-06-24 16:27:37,157.3902130126953,141.76683044433594,167.42471313476562,151.8800811767578,0.739116907119751,0.9854454289422714,0.9854454289422714,reject,reject,0.0014593883900343
2_002_20200624_162737(5),2,2020-06-24 16:27:37,155.14869689941406,117.75479888916016,165.74827575683594,127.90243530273438,0.7024383544921875,0.980577872988658,0.9854454289422714,reject,reject,0.0014593883900343
2_002_20200624_162737(5),2,2020-06-24 16:27:37,158.8741912841797,173.89077758789062,169.33619689941406,184.3824157714844,0.7018280625343323,0.9804882817911812,0.9854454289422714,reject,reject,0.0014593883900343
2_002_20200624_162737(5),2,2020-06-24 16:27:37,158.1067657470703,171.00747680664062,170.94271850585938,185.2903594970703,0.0027687065303325,0.0009788009067075,0.9854454289422714,reject,reject,0.0014593883900343
2_002_20200624_162737(5),2,2020-06-24 16:27:37,156.83876037597656,137.7361602783203,168.42942810058594,152.67735290527344,0.0016397942090407,0.0004209608377457,0.9854454289422714,reject,reject,0.0014593883900343
2_002_20200629_202727(4),2,2020-06-29 20:27:27,157.2025604248047,153.9245147705078,167.59706115722656,164.7782440185547,0.7239832878112793,0.9835559954112906,0.9835559954112906,reject,reject,0.0006988691254477
2_002_20200629_202727(4),2,2020-06-29 20:27:27,165.14512634277344,201.9768829345703,174.974853515625,212.02392578125,0.7224878072738647,0.9833605010042028,0.9835559954112906,reject,reject,0.0006988691254477
2_002_20200629_202727(4),2,2020-06-29 20:27:27,160.2688446044922,175.93045043945312,170.70542907714844,186.0829925537109,0.7029388546943665,0.9806511242473654,0.9835559954112906,reject,reject,0.0006988691254477
2_002_20200629_202731(9),2,2020-06-29 20:27:31,161.21461486816406,189.84884643554688,171.13760375976562,199.66177368164065,0.736254870891571,0.9851002440922838,0.9851002440922838,reject,reject,0.0006360419469991
2_002_20200629_202731(9),2,2020-06-29 20:27:31,157.3376007080078,163.54847717285156,168.1770782470703,173.9150848388672,0.7172173261642456,0.9826584907858512,0.9851002440922838,reject,reject,0.0006360419469991
2_002_20200629_202731(9),2,2020-06-29 20:27:31,155.59320068359375,141.5025177001953,167.05557250976562,152.20111083984375,0.6894896030426025,0.9786116413478424,0.9851002440922838,reject,reject,0.0006360419469991
2_002_20200629_202731(9),2,2020-06-29 20:27:31,157.00686645507812,162.28968811035156,169.50653076171875,177.38125610351562,0.0014301729388535,0.0003377437885262,0.9851002440922838,reject,reject,0.0006360419469991
2_002_20200629_202736(4),2,2020-06-29 20:27:36,160.81715393066406,131.8550262451172,171.2657470703125,142.24224853515625,0.7210898399353027,0.9831762843856392,0.9831762843856392,reinspect,reinspect,0.00120320303646
2_002_20200629_202736(4),2,2020-06-29 20:27:36,161.75131225585938,153.90113830566406,172.76385498046875,164.5211944580078,0.7194020748138428,0.9829519740252368,0.9831762843856392,reinspect,reinspect,0.00120320303646
2_002_20200629_202736(4),2,2020-06-29 20:27:36,165.14053344726562,180.29830932617188,174.99462890625,190.13311767578125,0.7167052626609802,0.9825891907796632,0.9831762843856392,reinspect,reinspect,0.00120320303646
2_002_20200629_202736(4),2,2020-06-29 20:27:36,160.0989990234375,130.46746826171875,174.24896240234375,145.55519104003906,0.0014211512170732,0.0003343197795081,0.9831762843856392,reinspect,reinspect,0.00120320303646
2_002_20200629_202741(1),2,2020-06-29 20:27:41,149.13824462890625,133.635498046875,159.83248901367188,144.01785278320312,0.7305341958999634,0.9843934857632616,0.9843934857632616,reject,reject,0.0019791308164277
2_002_20200629_202741(1),2,2020-06-29 20:27:41,153.70274353027344,191.4517517089844,164.84652709960938,201.9373779296875,0.7162139415740967,0.9825225138338544,0.9843934857632616,reject,reject,0.0019791308164277
2_002_20200629_202741(1),2,2020-06-29 20:27:41,151.11036682128906,158.5865936279297,161.73330688476562,169.58541870117188,0.6866900324821472,0.97816804883786,0.9843934857632616,reject,reject,0.0019791308164277
2_002_20200629_202741(1),2,2020-06-29 20:27:41,139.97251892089844,152.89175415039062,156.09771728515625,166.0382843017578,0.0012882517185062,0.0002854343920835,0.9843934857632616,reject,reject,0.0019791308164277
2_002_20200629_202745(5),2,2020-06-29 20:27:45,147.54942321777344,127.425048828125,158.93399047851562,138.2796630859375,0.7175829410552979,0.9827078516200888,0.9827078516200888,reinspect,reinspect,0.0011262449520792
2_002_20200629_202745(5),2,2020-06-29 20:27:45,147.66490173339844,185.4121856689453,157.97195434570312,195.6123504638672,0.714988112449646,0.9823553682534402,0.9827078516200888,reinspect,reinspect,0.0011262449520792
2_002_20200629_202745(5),2,2020-06-29 20:27:45,147.45114135742188,151.91122436523438,158.0819091796875,162.19044494628906,0.7148975133895874,0.982342969963306,0.9827078516200888,reinspect,reinspect,0.0011262449520792
2_002_20200629_202750(0),2,2020-06-29 20:27:50,153.28363037109375,103.8574676513672,163.4630889892578,114.10131072998048,0.7357059717178345,0.985033406960804,0.985033406960804,reject,reject,0.0005516643417805
2_002_20200629_202750(0),2,2020-06-29 20:27:50,153.2879180908203,79.60211944580078,163.91329956054688,89.75714874267578,0.7309897541999817,0.9844505985645796,0.985033406960804,reject,reject,0.0005516643417805
2_002_20200629_202750(0),2,2020-06-29 20:27:50,151.49118041992188,137.5173797607422,162.1350555419922,147.772705078125,0.7086594700813293,0.981474287614176,0.985033406960804,reject,reject,0.0005516643417805
2_002_20200630_002937(6),2,2020-06-30 00:29:37,153.1355743408203,95.74044036865234,163.88995361328125,106.11148071289062,0.7302660346031189,0.984359798829574,0.984359798829574,reject,reject,0.0018141320607531
2_002_20200630_002937(6),2,2020-06-30 00:29:37,153.1695556640625,120.4225082397461,163.93063354492188,131.32589721679688,0.7244859337806702,0.9836213401211537,0.984359798829574,reject,reject,0.0018141320607531
2_002_20200630_002937(6),2,2020-06-30 00:29:37,154.85964965820312,153.90870666503906,165.0054473876953,163.9300994873047,0.7039962410926819,0.9808052223941828,0.984359798829574,reject,reject,0.0018141320607531
2_002_20200630_002937(6),2,2020-06-30 00:29:37,154.3863525390625,150.530029296875,165.86151123046875,165.39984130859375,0.00405751215294,0.0018122253953532,0.984359798829574,reject,reject,0.0018141320607531
2_002_20200630_002942(1),2,2020-06-30 00:29:42,149.1138153076172,121.34124755859376,160.21336364746094,131.90533447265625,0.7122750282287598,0.981981397205884,0.981981397205884,reinspect,reinspect,0.0002968349353283
2_002_20200630_002942(1),2,2020-06-30 00:29:42,154.98793029785156,177.71905517578125,165.4397430419922,188.230712890625,0.7030760049819946,0.9806711621073656,0.981981397205884,reinspect,reinspect,0.0002968349353283
2_002_20200630_002942(1),2,2020-06-30 00:29:42,151.24131774902344,145.75779724121094,161.8772735595703,155.9208526611328,0.7019062638282776,0.9804997784614607,0.981981397205884,reinspect,reinspect,0.0002968349353283
2_002_20200630_002942(1),2,2020-06-30 00:29:42,150.95025634765625,141.93441772460938,163.01547241210938,157.28623962402344,0.0011028375010937,0.0002222543935409,0.981981397205884,reinspect,reinspect,0.0002968349353283
2_002_20200630_002946(4),2,2020-06-30 00:29:46,145.2898406982422,143.93280029296875,155.6997528076172,153.96243286132812,0.7362939715385437,0.9851049973756316,0.9851049973756316,reject,reject,0.0009721752288622
2_002_20200630_002946(4),2,2020-06-30 00:29:46,143.42066955566406,119.3849105834961,155.30284118652344,130.38182067871094,0.7097676396369934,0.9816307872891232,0.9851049973756316,reject,reject,0.0009721752288622
2_002_20200630_002946(4),2,2020-06-30 00:29:46,147.0671844482422,177.5100555419922,157.48074340820312,187.8174285888672,0.7036319971084595,0.9807522397891122,0.9851049973756316,reject,reject,0.0009721752288622
2_002_20200630_002946(4),2,2020-06-30 00:29:46,144.26812744140625,141.7155303955078,157.26258850097656,155.1876983642578,0.0030575871933251,0.0011485520736592,0.9851049973756316,reject,reject,0.0009721752288622
2_002_20200630_002951(2),2,2020-06-30 00:29:51,153.36680603027344,132.084716796875,164.18418884277344,143.5357208251953,0.7398444414138794,0.9855322948201402,0.9855322948201402,reject,reject,0.0013381483526563
2_002_20200630_002951(2),2,2020-06-30 00:29:51,159.78968811035156,179.99713134765625,171.29762268066406,191.4165954589844,0.704635739326477,0.9808979884972842,0.9855322948201402,reject,reject,0.0013381483526563
2_002_20200630_002951(2),2,2020-06-30 00:29:51,155.78533935546875,155.1807861328125,167.17323303222656,165.86895751953125,0.6995457410812378,0.9801505795963388,0.9855322948201402,reject,reject,0.0013381483526563
2_002_20200630_002955(6),2,2020-06-30 00:29:55,165.07528686523438,159.9593048095703,175.12515258789062,170.2438201904297,0.732785701751709,0.9846743457937672,0.9846743457937672,reject,reject,0.0007819889113713
2_002_20200630_002955(6),2,2020-06-30 00:29:55,163.22328186035156,111.73674011230467,173.6542510986328,122.2633819580078,0.7113800048828125,0.9818567989858288,0.9846743457937672,reject,reject,0.0007819889113713
2_002_20200630_002955(6),2,2020-06-30 00:29:55,163.39596557617188,134.1923065185547,173.67115783691406,144.2329864501953,0.7084736227989197,0.981447948380924,0.9846743457937672,reject,reject,0.0007819889113713
2_002_20200630_003000(0),2,2020-06-30 00:30:00,165.3915557861328,145.91053771972656,175.7193145751953,156.33734130859375,0.7326586842536926,0.984658594981876,0.984658594981876,reject,reject,0.0008665512843091
2_002_20200630_003000(0),2,2020-06-30 00:30:00,169.29701232910156,171.79043579101562,179.32522583007812,181.85728454589844,0.7238510251045227,0.9835387707877412,0.984658594981876,reject,reject,0.0008665512843091
2_002_20200630_003000(0),2,2020-06-30 00:30:00,163.01866149902344,123.49813842773438,173.44467163085938,134.28677368164062,0.7086551785469055,0.981473679698374,0.984658594981876,reject,reject,0.0008665512843091
2_002_20200630_003000(0),2,2020-06-30 00:30:00,168.68923950195312,170.36036682128906,181.80018615722656,183.2359313964844,0.0018460511928424,0.0005094598077493,0.984658594981876,reject,reject,0.0008665512843091
2_002_20200630_043222(4),2,2020-06-30 04:32:22,148.76710510253906,105.91327667236328,159.13912963867188,115.9125747680664,0.7408597469329834,0.9856529274066456,0.9856529274066456,reject,reject,0.0005475966637669
2_002_20200630_043222(4),2,2020-06-30 04:32:22,145.7588653564453,130.66622924804688,155.4897918701172,140.330810546875,0.7138648629188538,0.9822012163086048,0.9856529274066456,reject,reject,0.0005475966637669
2_002_20200630_043222(4),2,2020-06-30 04:32:22,143.23194885253906,163.6757354736328,153.0782928466797,173.45205688476562,0.7082250118255615,0.9814126719851723,0.9856529274066456,reject,reject,0.0005475966637669
2_002_20200630_043226(7),2,2020-06-30 04:32:26,157.3701934814453,177.7098388671875,168.87033081054688,188.3539428710937,0.7358453869819641,0.9850504024415128,0.9850504024415128,reject,reject,0.0023869262756317
2_002_20200630_043226(7),2,2020-06-30 04:32:26,153.5308074951172,145.64773559570312,164.99905395507812,156.2223358154297,0.7108543515205383,0.981783335653112,0.9850504024415128,reject,reject,0.0023869262756317
2_002_20200630_043226(7),2,2020-06-30 04:32:26,151.51651000976562,121.4913101196289,163.44947814941406,132.13906860351562,0.6895796060562134,0.9786257909897446,0.9850504024415128,reject,reject,0.0023869262756317
2_002_20200630_043231(3),2,2020-06-30 04:32:31,156.9222869873047,185.5327606201172,167.1213836669922,195.7531890869141,0.7371295094490051,0.9852063212635428,0.9852063212635428,reject,reject,0.0003686007917538
2_002_20200630_043231(3),2,2020-06-30 04:32:31,153.21876525878906,152.45199584960938,163.46864318847656,163.4292755126953,0.731315553188324,0.9844913547147828,0.9852063212635428,reject,reject,0.0003686007917538
2_002_20200630_043231(3),2,2020-06-30 04:32:31,150.7818145751953,128.11451721191406,161.53732299804688,139.39419555664062,0.7047827839851379,0.9809192730939588,0.9852063212635428,reject,reject,0.0003686007917538
2_002_20200630_043235(6),2,2020-06-30 04:32:35,165.1277313232422,138.8517303466797,175.19789123535156,149.3616485595703,0.721569299697876,0.9832396256126916,0.9832396256126916,reinspect,reinspect,0.0008649935110246
2_002_20200630_043235(6),2,2020-06-30 04:32:35,167.48684692382812,164.40196228027344,177.42935180664062,175.11328125,0.7099355459213257,0.9816544167630088,0.9832396256126916,reinspect,reinspect,0.0008649935110246
2_002_20200630_043235(6),2,2020-06-30 04:32:35,163.2601776123047,116.30261993408205,173.76959228515625,127.23715209960938,0.7001619338989258,0.9802421687467084,0.9832396256126916,reinspect,reinspect,0.0008649935110246
2_002_20200630_043240(2),2,2020-06-30 04:32:40,160.87579345703125,164.4718475341797,171.5457000732422,175.36244201660156,0.7243579626083374,0.983604720956454,0.983604720956454,reject,reject,0.0009148860487207
2_002_20200630_043240(2),2,2020-06-30 04:32:40,163.07427978515625,190.3770446777344,173.8092803955078,201.59051513671875,0.6977151036262512,0.9798766578911476,0.983604720956454,reject,reject,0.0009148860487207
2_002_20200630_043240(2),2,2020-06-30 04:32:40,159.17071533203125,143.3059844970703,169.81646728515625,153.59588623046875,0.6954816579818726,0.9795387449482362,0.983604720956454,reject,reject,0.0009148860487207
2_002_20200630_043240(2),2,2020-06-30 04:32:40,157.63975524902344,142.41673278808594,170.3478546142578,156.96142578125,0.0099855316802859,0.0077425102817566,0.983604720956454,reject,reject,0.0009148860487207
2_002_20200630_043244(6),2,2020-06-30 04:32:44,157.04713439941406,143.77743530273438,167.55691528320312,154.32994079589844,0.746461808681488,0.9863062576672348,0.9863062576672348,reject,reject,0.0013102540858868
2_002_20200630_043244(6),2,2020-06-30 04:32:44,157.7697296142578,165.67262268066406,168.74490356445312,176.2025146484375,0.7357314229011536,0.9850365105890002,0.9863062576672348,reject,reject,0.0013102540858868
2_002_20200630_043244(6),2,2020-06-30 04:32:44,159.60012817382812,191.5780792236328,170.78042602539062,202.2487335205078,0.6967111229896545,0.9797252669264616,0.9863062576672348,reject,reject,0.0013102540858868
2_002_20200630_043244(6),2,2020-06-30 04:32:44,156.48370361328125,142.576904296875,170.0337371826172,157.44253540039062,0.0017400607466697,0.0004631820031801,0.9863062576672348,reject,reject,0.0013102540858868
2_002_20200630_083221(8),2,2020-06-30 08:32:21,145.4203338623047,143.6884002685547,156.00103759765625,154.09149169921875,0.7456283569335938,0.986210362099437,0.986210362099437,reject,reject,0.0012662001080201
2_002_20200630_083221(8),2,2020-06-30 08:32:21,147.71873474121094,167.95608520507812,157.9871063232422,178.09823608398438,0.7131874561309814,0.9821077892448328,0.986210362099437,reject,reject,0.0012662001080201
2_002_20200630_083221(8),2,2020-06-30 08:32:21,151.03492736816406,200.1767425537109,161.53468322753906,211.13552856445312,0.6956996917724609,0.9795719138806346,0.986210362099437,reject,reject,0.0012662001080201
2_002_20200630_083224(8),2,2020-06-30 08:32:24,145.33175659179688,161.80810546875,155.52146911621094,171.89646911621094,0.7314310073852539,0.9845057798107302,0.9845057798107302,reject,reject,0.0016596827960638
2_002_20200630_083224(8),2,2020-06-30 08:32:24,143.2544708251953,137.68154907226562,154.1974334716797,148.13153076171875,0.7021933197975159,0.9805419376141834,0.9845057798107302,reject,reject,0.0016596827960638
2_002_20200630_083224(8),2,2020-06-30 08:32:24,147.00550842285156,193.8469390869141,157.8701171875,205.4844970703125,0.6952053308486938,0.9794966514536866,0.9845057798107302,reject,reject,0.0016596827960638
2_002_20200630_083227(8),2,2020-06-30 08:32:27,145.1968994140625,143.43014526367188,155.70101928710938,154.03805541992188,0.7498964071273804,0.986696692382899,0.986696692382899,reject,reject,0.0021581678081838
2_002_20200630_083227(8),2,2020-06-30 08:32:27,149.61740112304688,199.63726806640625,160.91204833984375,210.1576995849609,0.714310884475708,0.9822625412546098,0.986696692382899,reject,reject,0.0021581678081838
2_002_20200630_083227(8),2,2020-06-30 08:32:27,147.51443481445312,167.96470642089844,157.54127502441406,177.7490234375,0.6974115371704102,0.9798309701132466,0.986696692382899,reject,reject,0.0021581678081838
2_002_20200630_083230(8),2,2020-06-30 08:32:30,153.05616760253906,199.2657928466797,163.59207153320312,209.5983123779297,0.7401540279388428,0.985569151095207,0.985569151095207,reject,reject,0.0016814883800796
2_002_20200630_083230(8),2,2020-06-30 08:32:30,149.7375030517578,165.78451538085938,160.9253692626953,176.17141723632812,0.7180079817771912,0.9827651104271962,0.985569151095207,reject,reject,0.0016814883800796
2_002_20200630_083230(8),2,2020-06-30 08:32:30,147.43772888183594,141.751953125,159.27175903320312,152.5845947265625,0.6901652216911316,0.9787176889308148,0.985569151095207,reject,reject,0.0016814883800796
2_002_20200630_083233(8),2,2020-06-30 08:32:33,153.14906311035156,143.51727294921875,163.88121032714844,154.01580810546875,0.7353347539901733,0.984988088744069,0.984988088744069,reject,reject,0.0020439253852079
2_002_20200630_083233(8),2,2020-06-30 08:32:33,158.9206085205078,199.8275146484375,168.9451141357422,209.8754119873047,0.7059099674224854,0.9810818648080676,0.984988088744069,reject,reject,0.0020439253852079
2_002_20200630_083233(8),2,2020-06-30 08:32:33,155.5565643310547,166.8385467529297,165.8217010498047,177.7645263671875,0.6862047910690308,0.9780904759641856,0.984988088744069,reject,reject,0.0020439253852079
2_002_20200630_083233(8),2,2020-06-30 08:32:33,152.65513610839844,142.30841064453125,166.08786010742188,157.23448181152344,0.0019190128659829,0.0005422802496996,0.984988088744069,reject,reject,0.0020439253852079
2_002_20200630_083233(8),2,2020-06-30 08:32:33,158.31134033203125,196.0018615722656,169.82723999023438,210.95606994628903,0.00149127014447,0.0003612784209876,0.984988088744069,reject,reject,0.0020439253852079
2_002_20200630_083236(8),2,2020-06-30 08:32:36,149.55392456054688,168.04356384277344,159.86326599121094,177.90757751464844,0.7225168943405151,0.9833643188269048,0.9833643188269048,reject,reject,0.0008257115378125
2_002_20200630_083236(8),2,2020-06-30 08:32:36,147.08648681640625,143.5883331298828,157.48536682128906,153.79600524902344,0.7103860378265381,0.9817177071214735,0.9833643188269048,reject,reject,0.0008257115378125
2_002_20200630_083236(8),2,2020-06-30 08:32:36,151.67864990234375,199.69142150878903,162.99679565429688,210.4835968017578,0.7073816061019897,0.98129263919695,0.9833643188269048,reject,reject,0.0008257115378125
2_002_20200630_083236(8),2,2020-06-30 08:32:36,145.46156311035156,164.1995086669922,159.5343017578125,177.79371643066406,0.0052776751108467,0.0027689215976934,0.9833643188269048,reject,reject,0.0008257115378125
2_002_20200630_123159(3),2,2020-06-30 12:31:59,157.0989990234375,198.11561584472656,167.8641357421875,209.39773559570312,0.745414137840271,0.9861856412722116,0.9861856412722116,reject,reject,0.0010423033549951
2_002_20200630_123159(3),2,2020-06-30 12:31:59,153.569580078125,141.7092742919922,164.0693359375,151.87840270996094,0.7296159267425537,0.9842779218175642,0.9861856412722116,reject,reject,0.0010423033549951
2_002_20200630_123159(3),2,2020-06-30 12:31:59,155.35731506347656,166.0907440185547,165.4850616455078,176.01788330078125,0.7052804231643677,0.9809911791472392,0.9861856412722116,reject,reject,0.0010423033549951
2_002_20200630_123159(3),2,2020-06-30 12:31:59,152.88282775878906,138.04263305664062,164.8636474609375,153.0572509765625,0.0026169740594923,0.0008938279289901,0.9861856412722116,reject,reject,0.0010423033549951
2_002_20200630_123159(3),2,2020-06-30 12:31:59,154.8596954345703,162.8772430419922,166.87840270996094,176.93516540527344,0.0016652120975777,0.0004315188229885,0.9861856412722116,reject,reject,0.0010423033549951
2_002_20200630_123203(6),2,2020-06-30 12:32:03,153.01602172851562,199.3829803466797,163.2685546875,209.40792846679688,0.7351779341697693,0.9849689158827812,0.9849689158827812,reject,reject,0.001514388285696
2_002_20200630_123203(6),2,2020-06-30 12:32:03,149.81883239746094,165.75726318359375,160.67250061035156,176.14218139648438,0.7205355167388916,0.9831028433594726,0.9849689158827812,reject,reject,0.001514388285696
2_002_20200630_123203(6),2,2020-06-30 12:32:03,147.49813842773438,141.50616455078125,159.1201629638672,152.17092895507812,0.69593346118927,0.9796074329698836,0.9849689158827812,reject,reject,0.001514388285696
2_002_20200630_123232(0),2,2020-06-30 12:32:32,145.3086700439453,141.7710418701172,155.6379852294922,151.8154296875,0.7370093464851379,0.9851917785624116,0.9851917785624116,reject,reject,0.0012141106733277
2_002_20200630_123232(0),2,2020-06-30 12:32:32,149.97232055664062,199.3627166748047,160.70928955078125,209.67413330078125,0.7206298112869263,0.9831153521222136,0.9851917785624116,reject,reject,0.0012141106733277
2_002_20200630_123232(0),2,2020-06-30 12:32:32,147.32107543945312,166.22113037109375,157.42080688476562,176.07357788085938,0.712212860584259,0.9819727624898504,0.9851917785624116,reject,reject,0.0012141106733277
2_002_20200630_123232(0),2,2020-06-30 12:32:32,146.98045349121094,162.7437286376953,158.9952392578125,176.91822814941406,0.0011797823244705,0.0002477453302809,0.9851917785624116,reject,reject,0.0012141106733277
2_002_20200630_123235(0),2,2020-06-30 12:32:35,145.1553955078125,140.12464904785156,155.38548278808594,150.2029266357422,0.7444154620170593,0.98606999838274,0.98606999838274,reject,reject,0.0014911213210408
2_002_20200630_123235(0),2,2020-06-30 12:32:35,151.3622283935547,197.4493560791016,161.66098022460938,207.70118713378903,0.7162320017814636,0.9825249679728638,0.98606999838274,reject,reject,0.0014911213210408
2_002_20200630_123235(0),2,2020-06-30 12:32:35,147.6460723876953,163.99966430664062,157.87384033203125,174.08616638183594,0.7135480046272278,0.9821575589438334,0.98606999838274,reject,reject,0.0014911213210408
2_002_20200630_123238(0),2,2020-06-30 12:32:38,149.1317596435547,163.9166717529297,159.31825256347656,173.70713806152344,0.7315720319747925,0.9845233871271162,0.9845233871271162,reject,reject,0.0013611264159793
2_002_20200630_123238(0),2,2020-06-30 12:32:38,147.0296630859375,139.55953979492188,157.91954040527344,149.9168701171875,0.7069534659385681,0.9812314941623692,0.9845233871271162,reject,reject,0.0013611264159793
2_002_20200630_123238(0),2,2020-06-30 12:32:38,150.79917907714844,196.057357788086,161.2863311767578,207.08612060546875,0.6953802704811096,0.9795233077218248,0.9845233871271162,reject,reject,0.0013611264159793
2_002_20200630_123238(0),2,2020-06-30 12:32:38,148.71533203125,162.6258087158203,160.60398864746094,177.29603576660156,0.0010405872017145,0.0002024086597876,0.9845233871271162,reject,reject,0.0013611264159793
2_002_20200630_123241(0),2,2020-06-30 12:32:41,149.01687622070312,198.0714111328125,159.7071075439453,209.3318023681641,0.7442294359207153,0.9860483850664894,0.9860483850664894,reject,reject,0.001672903026138
2_002_20200630_123241(0),2,2020-06-30 12:32:41,145.67930603027344,165.9700469970703,155.6809844970703,175.8983612060547,0.7390133738517761,0.9854330384219894,0.9860483850664894,reject,reject,0.001672903026138
2_002_20200630_123241(0),2,2020-06-30 12:32:41,143.07777404785156,141.79029846191406,153.5050506591797,152.0520782470703,0.709943413734436,0.9816555234677248,0.9860483850664894,reject,reject,0.001672903026138
2_002_20200630_163105(7),2,2020-06-30 16:31:05,159.78561401367188,165.64073181152344,170.06504821777344,175.82278442382812,0.7164002060890198,0.9825478129487096,0.9825478129487096,reinspect,reinspect,0.0006134497625697
2_002_20200630_163105(7),2,2020-06-30 16:31:05,161.8734588623047,191.683822631836,172.59092712402344,202.18896484375,0.7162168025970459,0.9825229026246292,0.9825478129487096,reinspect,reinspect,0.0006134497625697
2_002_20200630_163105(7),2,2020-06-30 16:31:05,158.9502716064453,143.5151824951172,169.10787963867188,153.72984313964844,0.7013774514198303,0.980421940065202,0.9825478129487096,reinspect,reinspect,0.0006134497625697
2_002_20200630_163108(9),2,2020-06-30 16:31:08,157.7847137451172,152.8797149658203,167.8050994873047,163.31582641601562,0.747068464756012,0.9863757745237104,0.9863757745237104,reject,reject,0.0008808401244157
2_002_20200630_163108(9),2,2020-06-30 16:31:08,152.80458068847656,131.36082458496094,163.23297119140625,141.8369903564453,0.7384764552116394,0.9853686660565348,0.9863757745237104,reject,reject,0.0008808401244157
2_002_20200630_163108(9),2,2020-06-30 16:31:08,163.86009216308594,177.73109436035156,174.6715545654297,188.19775390625,0.7252326607704163,0.9837180800630436,0.9863757745237104,reject,reject,0.0008808401244157
2_002_20200630_163112(5),2,2020-06-30 16:31:12,162.19891357421875,149.92251586914062,172.10751342773438,159.95306396484375,0.7351846098899841,0.9849697324023396,0.9849697324023396,reject,reject,0.001391352442149
2_002_20200630_163112(5),2,2020-06-30 16:31:12,157.3492889404297,129.42318725585938,167.9108428955078,139.96359252929688,0.7241783738136292,0.983581378499544,0.9849697324023396,reject,reject,0.001391352442149
2_002_20200630_163112(5),2,2020-06-30 16:31:12,169.03274536132812,174.76759338378906,179.1571807861328,185.91976928710932,0.7055718898773193,0.9810332036619775,0.9849697324023396,reject,reject,0.001391352442149
2_002_20200630_163112(5),2,2020-06-30 16:31:12,161.03854370117188,146.4694366455078,172.529052734375,161.20663452148438,0.0015646085375919,0.0003903157765514,0.9849697324023396,reject,reject,0.001391352442149
2_002_20200630_163116(0),2,2020-06-30 16:31:16,169.2839813232422,185.81588745117188,179.1031951904297,195.8936004638672,0.7378594875335693,0.9852944564114562,0.9852944564114562,reject,reject,0.0009021661350351
2_002_20200630_163116(0),2,2020-06-30 16:31:16,165.69302368164062,160.23048400878906,175.23385620117188,169.7681121826172,0.7357736229896545,0.9850416556769416,0.9852944564114562,reject,reject,0.0009021661350351
2_002_20200630_163116(0),2,2020-06-30 16:31:16,163.08187866210938,137.91795349121094,173.7689666748047,149.02801513671875,0.7026378512382507,0.980607094550257,0.9852944564114562,reject,reject,0.0009021661350351
2_002_20200630_163119(5),2,2020-06-30 16:31:19,167.44564819335938,185.62977600097656,177.41688537597656,195.71316528320312,0.722309410572052,0.9833370720944984,0.9833370720944984,reject,reject,0.0005038711255585
2_002_20200630_163119(5),2,2020-06-30 16:31:19,163.5977783203125,159.7650604248047,173.35800170898438,169.68115234375,0.7138727903366089,0.9822023075887486,0.9833370720944984,reject,reject,0.0005038711255585
2_002_20200630_163119(5),2,2020-06-30 16:31:19,159.864990234375,137.84300231933594,170.78805541992188,148.5381622314453,0.7130811214447021,0.9820930920787578,0.9833370720944984,reject,reject,0.0005038711255585
2_002_20200630_163122(8),2,2020-06-30 16:31:22,157.30130004882812,140.142578125,167.95065307617188,151.21217346191406,0.7465257048606873,0.9863135908021956,0.9863135908021956,reject,reject,0.0015671714280081
2_002_20200630_163122(8),2,2020-06-30 16:31:22,161.5841064453125,187.7802276611328,171.62066650390625,198.03306579589844,0.7394677996635437,0.9854873690310916,0.9863135908021956,reject,reject,0.0015671714280081
2_002_20200630_163122(8),2,2020-06-30 16:31:22,159.50448608398438,162.0338592529297,169.2288055419922,171.9250030517578,0.7086004614830017,0.9814659275184372,0.9863135908021956,reject,reject,0.0015671714280081
2_002_20200630_163122(8),2,2020-06-30 16:31:22,158.78965759277344,158.6803741455078,170.99908447265625,172.65960693359375,0.0010120923398062,0.0001935609035178,0.9863135908021956,reject,reject,0.0015671714280081
2_002_20200630_203013(9),2,2020-06-30 20:30:13,155.1151123046875,190.41412353515625,165.1652069091797,201.4421844482422,0.707413375377655,0.9812971706302928,0.9812971706302928,reinspect,reinspect,0.0011295131881165
2_002_20200630_203013(9),2,2020-06-30 20:30:13,155.36668395996094,164.20518493652344,165.31625366210938,174.09768676757812,0.6978539228439331,0.9798975255058788,0.9812971706302928,reinspect,reinspect,0.0011295131881165
2_002_20200630_203013(9),2,2020-06-30 20:30:13,155.4154510498047,141.95729064941406,165.876220703125,152.6777801513672,0.6955503225326538,0.9795491949565506,0.9812971706302928,reinspect,reinspect,0.0011295131881165
2_002_20200630_203013(9),2,2020-06-30 20:30:13,154.78570556640625,163.3524932861328,166.9391632080078,177.3843231201172,0.001326540717855,0.0002992171466403,0.9812971706302928,reinspect,reinspect,0.0011295131881165
2_002_20200630_203013(9),2,2020-06-30 20:30:13,154.641357421875,141.64901733398438,167.28829956054688,156.82635498046875,0.0010734469396993,0.0002127968289919,0.9812971706302928,reinspect,reinspect,0.0011295131881165
2_002_20200630_203018(4),2,2020-06-30 20:30:18,165.29083251953125,153.48300170898438,175.59390258789062,163.7894287109375,0.7302802205085754,0.984361582151473,0.984361582151473,reject,reject,0.0008453876126898
2_002_20200630_203018(4),2,2020-06-30 20:30:18,163.1529083251953,201.70849609375,173.47177124023438,212.03726196289065,0.7038412094116211,0.9807826845125758,0.984361582151473,reject,reject,0.0008453876126898
2_002_20200630_203018(4),2,2020-06-30 20:30:18,163.61683654785156,175.51536560058594,173.7679901123047,186.0115966796875,0.6932719945907593,0.9792003669886152,0.984361582151473,reject,reject,0.0008453876126898
2_002_20200630_203022(9),2,2020-06-30 20:30:22,157.67138671875,164.72608947753906,168.338623046875,175.6963348388672,0.7424352169036865,0.9858387556830618,0.9858387556830618,reject,reject,0.0023050176147172
2_002_20200630_203022(9),2,2020-06-30 20:30:22,157.40850830078125,143.49493408203125,167.8347625732422,153.74815368652344,0.7364998459815979,0.9851300074012302,0.9858387556830618,reject,reject,0.0023050176147172
2_002_20200630_203022(9),2,2020-06-30 20:30:22,159.29725646972656,191.6669464111328,169.38140869140625,201.7841033935547,0.6976865530014038,0.9798723641416484,0.9858387556830618,reject,reject,0.0023050176147172
2_002_20200630_203027(4),2,2020-06-30 20:30:27,153.32130432128906,126.32561492919922,164.10952758789062,137.41244506835938,0.72914719581604,0.9842187038957432,0.9842187038957432,reject,reject,0.0008476860961739
2_002_20200630_203027(4),2,2020-06-30 20:30:27,153.5153045654297,152.0198974609375,163.37953186035156,161.8043975830078,0.7290189266204834,0.9842024718392074,0.9842187038957432,reject,reject,0.0008476860961739
2_002_20200630_203027(4),2,2020-06-30 20:30:27,151.8118438720703,183.9118804931641,161.76596069335938,193.83868408203125,0.7171475291252136,0.9826490563294994,0.9842187038957432,reject,reject,0.0008476860961739
2_002_20200630_203031(8),2,2020-06-30 20:30:31,145.578125,131.72804260253906,155.78076171875,141.89584350585938,0.7393890023231506,0.9854779580553564,0.9854779580553564,reject,reject,0.0009432016779071
2_002_20200630_203031(8),2,2020-06-30 20:30:31,147.31607055664062,187.8539276123047,157.4768524169922,198.1285552978516,0.7136428952217102,0.9821706411392146,0.9854779580553564,reject,reject,0.0009432016779071
2_002_20200630_203031(8),2,2020-06-30 20:30:31,145.96401977539062,155.74899291992188,156.8420867919922,166.18402099609375,0.7133167386054993,0.982125646595668,0.9854779580553564,reject,reject,0.0009432016779071
2_002_20200630_203036(4),2,2020-06-30 20:30:36,153.2402801513672,195.8047332763672,163.32000732421875,206.0116729736328,0.7436988353729248,0.9859866127083226,0.9859866127083226,reject,reject,0.0013262345499813
2_002_20200630_203036(4),2,2020-06-30 20:30:36,151.23817443847656,139.41329956054688,161.7412109375,149.72579956054688,0.7145189046859741,0.9822910912088058,0.9859866127083226,reject,reject,0.0013262345499813
2_002_20200630_203036(4),2,2020-06-30 20:30:36,151.98321533203125,163.65476989746094,163.1572265625,173.94326782226562,0.7098289132118225,0.981639412849331,0.9859866127083226,reject,reject,0.0013262345499813
2_002_20200630_203036(4),2,2020-06-30 20:30:36,152.65858459472656,191.8449249267578,164.2037811279297,206.73733520507807,0.0010980325751006,0.0002206975671387,0.9859866127083226,reject,reject,0.0013262345499813
2_002_20200701_004107(2),2,2020-07-01 00:41:07,161.462646484375,105.95685577392578,171.92649841308594,116.92536163330078,0.7429183721542358,0.9858954145537184,0.9858954145537184,reject,reject,0.0008880277735629
2_002_20200701_004107(2),2,2020-07-01 00:41:07,161.78797912597656,128.01219177246094,171.87954711914062,138.17758178710938,0.741729199886322,0.9857556841605296,0.9858954145537184,reject,reject,0.0008880277735629
2_002_20200701_004107(2),2,2020-07-01 00:41:07,163.29476928710938,154.1416778564453,172.78753662109375,164.05548095703125,0.7176482677459717,0.9827166607528396,0.9858954145537184,reject,reject,0.0008880277735629
2_002_20200701_004107(2),2,2020-07-01 00:41:07,160.97840881347656,105.20964813232422,174.14352416992188,119.86380004882812,0.0010538313072174,0.0002065718781424,0.9858954145537184,reject,reject,0.0008880277735629
2_002_20200701_004111(5),2,2020-07-01 00:41:11,169.4594268798828,173.728759765625,178.4215087890625,183.32423400878903,0.7195373773574829,0.982970033467983,0.982970033467983,reinspect,reinspect,0.0007071941334553
2_002_20200701_004111(5),2,2020-07-01 00:41:11,166.0305938720703,125.68739318847656,176.76327514648438,136.4642791748047,0.7130764126777649,0.9820924410526712,0.982970033467983,reinspect,reinspect,0.0007071941334553
2_002_20200701_004111(5),2,2020-07-01 00:41:11,167.6170654296875,147.78756713867188,176.90728759765625,157.4693603515625,0.7103005051612854,0.9817057025220396,0.982970033467983,reinspect,reinspect,0.0007071941334553
2_002_20200701_004116(1),2,2020-07-01 00:41:16,165.84869384765625,109.87399291992188,175.91744995117188,120.2743682861328,0.7344068288803101,0.9848743950352552,0.9848743950352552,reject,reject,0.0008675025803051
2_002_20200701_004116(1),2,2020-07-01 00:41:16,165.3418731689453,131.66815185546875,175.0800323486328,141.66294860839844,0.7341461777687073,0.9848423525241616,0.9848743950352552,reject,reject,0.0008675025803051
2_002_20200701_004116(1),2,2020-07-01 00:41:16,165.49337768554688,157.98281860351562,174.8986053466797,167.80032348632812,0.727116048336029,0.9839603031661832,0.9848743950352552,reject,reject,0.0008675025803051
2_002_20200701_004120(5),2,2020-07-01 00:41:20,153.4424591064453,152.19085693359375,163.63360595703125,162.06686401367188,0.7392964959144592,0.9854669044494784,0.9854669044494784,reject,reject,0.0007751345837862
2_002_20200701_004120(5),2,2020-07-01 00:41:20,156.81039428710938,184.18292236328125,167.65493774414062,195.46910095214844,0.7305030226707458,0.9843895723083216,0.9854669044494784,reject,reject,0.0007751345837862
2_002_20200701_004120(5),2,2020-07-01 00:41:20,150.88302612304688,127.88177490234376,160.955078125,137.77027893066406,0.7113233804702759,0.9818488955560478,0.9854669044494784,reject,reject,0.0007751345837862
2_002_20200701_004120(5),2,2020-07-01 00:41:20,152.4066619873047,149.89581298828125,165.55467224121094,163.3819580078125,0.0047954740002751,0.0023725472773074,0.9854669044494784,reject,reject,0.0007751345837862
2_002_20200701_004125(0),2,2020-07-01 00:41:25,149.31521606445312,131.5395965576172,159.8580780029297,142.125732421875,0.7496874332427979,0.9866731536873092,0.9866731536873092,reject,reject,0.0018328899658473
2_002_20200701_004125(0),2,2020-07-01 00:41:25,153.3306427001953,155.9530487060547,163.6791229248047,166.02789306640625,0.7382113933563232,0.9853368155721518,0.9866731536873092,reject,reject,0.0018328899658473
2_002_20200701_004125(0),2,2020-07-01 00:41:25,157.60076904296875,187.4150390625,168.82672119140625,198.1156463623047,0.713520348072052,0.9821537447577536,0.9866731536873092,reject,reject,0.0018328899658473
2_002_20200701_004129(6),2,2020-07-01 00:41:29,149.8861846923828,153.8638153076172,160.9591522216797,164.18226623535156,0.7122407555580139,0.981976637300544,0.981976637300544,reinspect,reinspect,0.0007542415141827
2_002_20200701_004129(6),2,2020-07-01 00:41:29,147.2138671875,129.87611389160156,157.8000946044922,140.27125549316406,0.7085973024368286,0.9814654798815068,0.981976637300544,reinspect,reinspect,0.0007542415141827
2_002_20200701_004129(6),2,2020-07-01 00:41:29,153.85667419433594,187.28700256347656,164.96401977539062,197.73590087890625,0.7083896994590759,0.9814360455385428,0.981976637300544,reinspect,reinspect,0.0007542415141827
2_002_20200701_043204(8),2,2020-07-01 04:32:04,153.93666076660156,153.7666015625,163.67550659179688,163.51039123535156,0.7409237623214722,0.985660510265326,0.985660510265326,reject,reject,0.0021274121205178
2_002_20200701_043204(8),2,2020-07-01 04:32:04,151.21864318847656,129.76707458496094,161.14340209960938,139.6461181640625,0.7245510220527649,0.983629788382242,0.985660510265326,reject,reject,0.0021274121205178
2_002_20200701_043204(8),2,2020-07-01 04:32:04,158.0703582763672,185.6825408935547,168.5882110595703,195.9462432861328,0.7198569178581238,0.983012630447029,0.985660510265326,reject,reject,0.0021274121205178
2_002_20200701_043209(5),2,2020-07-01 04:32:09,153.45590209960938,171.97645568847656,163.8464813232422,182.22348022460932,0.7323793768882751,0.9846239201387612,0.9846239201387612,reject,reject,0.0013675524582166
2_002_20200701_043209(5),2,2020-07-01 04:32:09,149.71966552734375,115.65348815917967,160.82321166992188,126.1613998413086,0.7299713492393494,0.9843227217941676,0.9846239201387612,reject,reject,0.0013675524582166
2_002_20200701_043209(5),2,2020-07-01 04:32:09,151.30577087402344,139.85751342773438,161.42044067382812,149.84408569335938,0.7082870602607727,0.981421480784096,0.9846239201387612,reject,reject,0.0013675524582166
2_002_20200701_043213(9),2,2020-07-01 04:32:13,155.62689208984375,156.4732666015625,165.20901489257812,167.05963134765625,0.718360185623169,0.9828124554934112,0.9828124554934112,reinspect,reinspect,0.0010164925842047
2_002_20200701_043213(9),2,2020-07-01 04:32:13,159.24490356445312,189.3704833984375,169.53985595703125,199.80601501464844,0.7099186778068542,0.9816520438941956,0.9828124554934112,reinspect,reinspect,0.0010164925842047
2_002_20200701_043213(9),2,2020-07-01 04:32:13,151.89598083496094,133.41757202148438,162.95025634765625,144.0841064453125,0.7022010684013367,0.9805430747158318,0.9828124554934112,reinspect,reinspect,0.0010164925842047
2_002_20200701_043218(4),2,2020-07-01 04:32:18,165.64476013183594,159.822265625,176.60240173339844,170.3303985595703,0.7262195348739624,0.983845318160782,0.983845318160782,reject,reject,0.00117787452383
2_002_20200701_043218(4),2,2020-07-01 04:32:18,167.3976287841797,185.82090759277344,178.72705078125,196.4633331298828,0.7027846574783325,0.9806285778768314,0.983845318160782,reject,reject,0.00117787452383
2_002_20200701_043218(4),2,2020-07-01 04:32:18,164.3968048095703,137.7813262939453,175.63845825195312,148.84146118164062,0.7002678513526917,0.9802578810520808,0.983845318160782,reject,reject,0.00117787452383
2_002_20200701_043222(8),2,2020-07-01 04:32:22,161.2407989501953,162.1346893310547,171.35902404785156,172.18240356445312,0.7216352224349976,0.9832483215088638,0.9832483215088638,reinspect,reinspect,0.0011093329345088
2_002_20200701_043222(8),2,2020-07-01 04:32:22,163.1703338623047,188.0203094482422,173.41429138183594,198.3029327392578,0.7057091593742371,0.9810529723811664,0.9832483215088638,reinspect,reinspect,0.0011093329345088
2_002_20200701_043222(8),2,2020-07-01 04:32:22,159.15110778808594,139.67312622070312,170.40719604492188,151.42422485351562,0.6926080584526062,0.9790978985611958,0.9832483215088638,reinspect,reinspect,0.0011093329345088
2_002_20200701_043222(8),2,2020-07-01 04:32:22,160.5131378173828,158.9579620361328,172.166748046875,173.52735900878906,0.0050212694332003,0.0025552539548183,0.9832483215088638,reinspect,reinspect,0.0011093329345088
2_002_20200701_043227(2),2,2020-07-01 04:32:27,155.6752166748047,154.11627197265625,165.32098388671875,163.69700622558594,0.7302083373069763,0.9843525442019926,0.9843525442019926,reject,reject,0.0005350862364135
2_002_20200701_043227(2),2,2020-07-01 04:32:27,157.29421997070312,126.41080474853516,167.4013671875,137.28631591796875,0.7217910289764404,0.9832688614143898,0.9843525442019926,reject,reject,0.0005350862364135
2_002_20200701_043227(2),2,2020-07-01 04:32:27,159.399658203125,105.6527862548828,169.61767578125,115.66150665283205,0.6991671919822693,0.9800941604126996,0.9843525442019926,reject,reject,0.0005350862364135
2_002_20200701_043227(2),2,2020-07-01 04:32:27,158.25738525390625,104.70994567871094,170.34934997558594,119.13427734375,0.0022688922472298,0.0007102131056705,0.9843525442019926,reject,reject,0.0005350862364135
2_002_20200701_043227(2),2,2020-07-01 04:32:27,155.5148468017578,150.4144287109375,166.4746551513672,164.83778381347656,0.0012934259139001,0.000287282497943,0.9843525442019926,reject,reject,0.0005350862364135
2_002_20200701_083102(9),2,2020-07-01 08:31:02,157.09326171875,165.6308135986328,166.80615234375,175.31729125976562,0.7198377251625061,0.9830100740486736,0.9830100740486736,reinspect,reinspect,0.0011820583335146
2_002_20200701_083102(9),2,2020-07-01 08:31:02,154.76499938964844,141.60433959960938,164.99111938476562,151.5083770751953,0.718334972858429,0.9828090693195792,0.9830100740486736,reinspect,reinspect,0.0011820583335146
2_002_20200701_083102(9),2,2020-07-01 08:31:02,159.3072052001953,197.6479034423828,169.31979370117188,207.8761749267578,0.7102798819541931,0.9817028071902132,0.9830100740486736,reinspect,reinspect,0.0011820583335146
2_002_20200701_083105(7),2,2020-07-01 08:31:05,153.64923095703125,194.04473876953125,164.01783752441406,204.1956329345703,0.7476006746292114,0.9864365641476952,0.9864365641476952,reject,reject,0.002560279883534
2_002_20200701_083105(7),2,2020-07-01 08:31:05,149.51332092285156,161.90216064453125,159.35728454589844,172.09722900390625,0.737607479095459,0.9852640705273394,0.9864365641476952,reject,reject,0.002560279883534
2_002_20200701_083105(7),2,2020-07-01 08:31:05,145.76776123046875,137.996826171875,157.2873077392578,149.8259735107422,0.6864987015724182,0.9781374861501708,0.9864365641476952,reject,reject,0.002560279883534
2_002_20200701_083108(8),2,2020-07-01 08:31:08,149.6085968017578,151.69796752929688,160.9767608642578,162.4725341796875,0.7176529169082642,0.9827172875592028,0.9827172875592028,reinspect,reinspect,0.0013309674035115
2_002_20200701_083108(8),2,2020-07-01 08:31:08,145.91534423828125,127.86294555664062,157.2682647705078,138.41648864746094,0.7096760272979736,0.9816178854937366,0.9827172875592028,reinspect,reinspect,0.0013309674035115
2_002_20200701_083108(8),2,2020-07-01 08:31:08,155.2366943359375,183.6997528076172,165.616455078125,193.9328155517578,0.7061662673950195,0.9811186953769184,0.9827172875592028,reinspect,reinspect,0.0013309674035115
2_002_20200701_083111(8),2,2020-07-01 08:31:11,159.66146850585938,181.67672729492188,171.1011962890625,192.42318725585932,0.7060081362724304,0.98109597787545,0.98109597787545,reinspect,reinspect,0.001399349524902
2_002_20200701_083111(8),2,2020-07-01 08:31:11,155.74159240722656,149.8273162841797,167.18392944335938,160.57940673828125,0.703258216381073,0.9806977602567142,0.98109597787545,reinspect,reinspect,0.001399349524902
2_002_20200701_083111(8),2,2020-07-01 08:31:11,153.56015014648438,125.63168334960938,165.08917236328125,136.3916778564453,0.6989033222198486,0.9800547642148816,0.98109597787545,reinspect,reinspect,0.001399349524902
2_002_20200701_083114(8),2,2020-07-01 08:31:14,145.8062744140625,163.92071533203125,155.55006408691406,174.08145141601562,0.7334643006324768,0.9847583064076812,0.9847583064076812,reject,reject,0.0016458705801313
2_002_20200701_083114(8),2,2020-07-01 08:31:14,153.10276794433594,195.734130859375,162.94625854492188,205.84005737304688,0.7332020998001099,0.9847259029648686,0.9847583064076812,reject,reject,0.0016458705801313
2_002_20200701_083114(8),2,2020-07-01 08:31:14,139.78143310546875,141.40493774414062,151.19491577148438,151.93577575683594,0.717904806137085,0.9827512235912936,0.9847583064076812,reject,reject,0.0016458705801313
2_002_20200701_083117(8),2,2020-07-01 08:31:17,141.6788787841797,137.5197296142578,152.1820526123047,147.74354553222656,0.7245007753372192,0.9836232667787318,0.9836232667787318,reject,reject,0.0007343265521253
2_002_20200701_083117(8),2,2020-07-01 08:31:17,155.33058166503906,191.4984741210937,165.60838317871094,201.51988220214844,0.7204357385635376,0.9830896000578562,0.9836232667787318,reject,reject,0.0007343265521253
2_002_20200701_083117(8),2,2020-07-01 08:31:17,147.9333953857422,160.14578247070312,157.64627075195312,170.1748809814453,0.7203590869903564,0.9830794213293272,0.9836232667787318,reject,reject,0.0007343265521253
2_002_20200701_123502(6),2,2020-07-01 12:35:02,153.08377075195312,164.68995666503906,162.673828125,175.60630798339844,0.729299008846283,0.98423790037825,0.98423790037825,reject,reject,0.0005564610029076
2_002_20200701_123502(6),2,2020-07-01 12:35:02,147.40972900390625,141.7758331298828,157.4981231689453,152.10568237304688,0.7195368409156799,0.9829699618933118,0.98423790037825,reject,reject,0.0005564610029076
2_002_20200701_123502(6),2,2020-07-01 12:35:02,159.79708862304688,196.0556182861328,169.67886352539062,206.18283081054688,0.7159489393234253,0.9824864755042364,0.98423790037825,reject,reject,0.0005564610029076
2_002_20200701_123505(9),2,2020-07-01 12:35:05,148.89930725097656,127.85847473144533,159.4350128173828,138.01318359375,0.7450704574584961,0.9861459180309504,0.9861459180309504,reject,reject,0.0011956970639297
2_002_20200701_123505(9),2,2020-07-01 12:35:05,156.8345489501953,183.7720489501953,167.37002563476562,194.1210327148437,0.7258217334747314,0.983794113294213,0.9861459180309504,reject,reject,0.0011956970639297
2_002_20200701_123505(9),2,2020-07-01 12:35:05,151.27902221679688,151.71588134765625,161.91751098632812,161.86387634277344,0.7141113877296448,0.9822351304003524,0.9861459180309504,reject,reject,0.0011956970639297
2_002_20200701_123508(7),2,2020-07-01 12:35:08,146.78855895996094,146.2609100341797,157.27577209472656,157.13970947265625,0.7057912349700928,0.9810647853206748,0.9810647853206748,reinspect,reinspect,0.0006577528038005
2_002_20200701_123508(7),2,2020-07-01 12:35:08,146.95724487304688,203.6378173828125,156.90643310546875,213.75819396972656,0.7007210850715637,0.9803250135231708,0.9810647853206748,reinspect,reinspect,0.0006577528038005
2_002_20200701_123508(7),2,2020-07-01 12:35:08,145.97801208496094,171.72781372070312,156.95603942871094,181.86680603027344,0.6921737790107727,0.9790306740264074,0.9810647853206748,reinspect,reinspect,0.0006577528038005
2_002_20200701_123511(5),2,2020-07-01 12:35:11,153.60594177246094,201.99221801757807,164.74063110351562,212.4278106689453,0.7322165369987488,0.9846036792806272,0.9846036792806272,reject,reject,0.0024135600680371
2_002_20200701_123511(5),2,2020-07-01 12:35:11,155.28404235839844,170.48460388183594,165.3310546875,180.2870941162109,0.703107476234436,0.9806757579871724,0.9846036792806272,reject,reject,0.0024135600680371
2_002_20200701_123511(5),2,2020-07-01 12:35:11,155.6549835205078,145.39076232910156,167.18597412109375,156.31053161621094,0.695895791053772,0.9796017123949556,0.9846036792806272,reject,reject,0.0024135600680371
2_002_20200701_123511(5),2,2020-07-01 12:35:11,155.1509246826172,166.88841247558594,166.9882354736328,182.0054626464844,0.0015593584394082,0.0003882088331461,0.9846036792806272,reject,reject,0.0024135600680371
2_002_20200701_123514(1),2,2020-07-01 12:35:14,153.32032775878906,207.9166717529297,163.5631103515625,218.0780792236328,0.7400463223457336,0.9855563360226454,0.9855563360226454,reject,reject,0.0018799043362992
2_002_20200701_123514(1),2,2020-07-01 12:35:14,155.3567352294922,151.75637817382812,165.52871704101562,161.74851989746094,0.7121483087539673,0.9819637935031524,0.9855563360226454,reject,reject,0.0018799043362992
2_002_20200701_123514(1),2,2020-07-01 12:35:14,154.20486450195312,176.05490112304688,164.75204467773438,186.3011016845703,0.707734227180481,0.9813428913941272,0.9855563360226454,reject,reject,0.0018799043362992
2_002_20200701_123514(1),2,2020-07-01 12:35:14,153.39154052734375,174.78573608398438,165.82412719726562,189.66392517089844,0.0013537257909774,0.0003091518878999,0.9855563360226454,reject,reject,0.0018799043362992
2_002_20200701_123516(7),2,2020-07-01 12:35:16,159.34088134765625,193.91653442382807,169.50096130371094,204.2313232421875,0.7174417972564697,0.9826888079097515,0.9826888079097515,reinspect,reinspect,0.0003515919884051
2_002_20200701_123516(7),2,2020-07-01 12:35:16,155.7797393798828,162.27316284179688,165.98980712890625,172.37283325195312,0.7139803767204285,0.9822171131152966,0.9826888079097515,reinspect,reinspect,0.0003515919884051
2_002_20200701_123516(7),2,2020-07-01 12:35:16,153.63507080078125,138.1293182373047,164.84498596191406,149.86749267578125,0.7069961428642273,0.9812375955207592,0.9826888079097515,reinspect,reinspect,0.0003515919884051
2_002_20200701_163100(6),2,2020-07-01 16:31:00,161.69361877441406,189.76998901367188,172.70179748535156,200.2987365722656,0.730391263961792,0.9843755366460996,0.9843755366460996,reject,reject,0.0013464660164243
2_002_20200701_163100(6),2,2020-07-01 16:31:00,159.15626525878906,142.02127075195312,169.6073760986328,152.80091857910156,0.6980589628219604,0.9799283187332468,0.9843755366460996,reject,reject,0.0013464660164243
2_002_20200701_163100(6),2,2020-07-01 16:31:00,159.94186401367188,163.98526000976562,170.82212829589844,174.1092987060547,0.6979266405105591,0.9799084502943468,0.9843755366460996,reject,reject,0.0013464660164243
2_002_20200701_163100(6),2,2020-07-01 16:31:00,154.54165649414062,142.88931274414062,169.56463623046875,158.02500915527344,0.0010938257910311,0.0002193379530557,0.9843755366460996,reject,reject,0.0013464660164243
2_002_20200701_163104(5),2,2020-07-01 16:31:04,160.21998596191406,164.2803192138672,171.25120544433594,174.9754180908203,0.7102775573730469,0.9817024808172364,0.9817024808172364,reinspect,reinspect,0.0014304621972387
2_002_20200701_163104(5),2,2020-07-01 16:31:04,163.06851196289062,190.20150756835932,173.2427215576172,201.1071014404297,0.7016775012016296,0.9804661333743844,0.9817024808172364,reinspect,reinspect,0.0014304621972387
2_002_20200701_163104(5),2,2020-07-01 16:31:04,158.96368408203125,143.48004150390625,169.34378051757812,153.61270141601562,0.6977499723434448,0.979881900917956,0.9817024808172364,reinspect,reinspect,0.0014304621972387
2_002_20200701_163104(5),2,2020-07-01 16:31:04,158.18161010742188,142.70289611816406,170.55093383789062,156.95059204101562,0.0067348764277994,0.0041026881198617,0.9817024808172364,reinspect,reinspect,0.0014304621972387
2_002_20200701_163108(4),2,2020-07-01 16:31:08,165.23193359375,163.5897216796875,175.61477661132812,173.75625610351562,0.7134413719177246,0.9821428497610978,0.9821428497610978,reinspect,reinspect,0.0008946528778686
2_002_20200701_163108(4),2,2020-07-01 16:31:08,167.14376831054688,189.48048400878903,177.3444061279297,199.8588714599609,0.7087512612342834,0.981487286834658,0.9821428497610978,reinspect,reinspect,0.0008946528778686
2_002_20200701_163108(4),2,2020-07-01 16:31:08,163.5599365234375,141.81741333007812,173.9395294189453,152.4341278076172,0.7069469094276428,0.9812305566765074,0.9821428497610978,reinspect,reinspect,0.0008946528778686
2_002_20200701_163112(3),2,2020-07-01 16:31:12,157.42539978027344,188.2872009277344,167.21902465820312,199.3500823974609,0.7360042333602905,0.9850697505135794,0.9850697505135794,reject,reject,0.0012088866958594
2_002_20200701_163112(3),2,2020-07-01 16:31:12,153.31626892089844,141.70994567871094,163.68113708496094,152.28143310546875,0.727790892124176,0.9840464801724058,0.9850697505135794,reject,reject,0.0012088866958594
2_002_20200701_163112(3),2,2020-07-01 16:31:12,155.52020263671875,163.48915100097656,164.90975952148438,173.46710205078125,0.6950693130493164,0.9794759083369844,0.9850697505135794,reject,reject,0.0012088866958594
2_002_20200701_163116(3),2,2020-07-01 16:31:16,153.39157104492188,143.7049560546875,163.56773376464844,153.78414916992188,0.7344940304756165,0.9848851045277484,0.9848851045277484,reject,reject,0.0012849743557205
2_002_20200701_163116(3),2,2020-07-01 16:31:16,157.3932647705078,190.34654235839844,166.77914428710938,200.11920166015625,0.7298856377601624,0.984311926224308,0.9848851045277484,reject,reject,0.0012849743557205
2_002_20200701_163116(3),2,2020-07-01 16:31:16,155.52610778808594,164.62416076660156,165.02679443359375,174.1844024658203,0.7080966830253601,0.9813944440906704,0.9848851045277484,reject,reject,0.0012849743557205
2_002_20200701_163116(3),2,2020-07-01 16:31:16,152.42404174804688,141.74191284179688,165.44345092773438,155.0491943359375,0.0118957366794347,0.0102659803756295,0.9848851045277484,reject,reject,0.0012849743557205
2_002_20200701_163120(4),2,2020-07-01 16:31:20,157.36282348632812,164.22784423828125,167.32269287109375,173.9425048828125,0.7285046577453613,0.9841372762682032,0.9841372762682032,reject,reject,0.0009380906501967
2_002_20200701_163120(4),2,2020-07-01 16:31:20,155.4861602783203,143.61109924316406,165.7596893310547,153.88819885253906,0.711176872253418,0.9818284350646662,0.9841372762682032,reject,reject,0.0009380906501967
2_002_20200701_163120(4),2,2020-07-01 16:31:20,159.56802368164062,189.78170776367188,170.68011474609375,200.4042053222656,0.7087668180465698,0.981489489301254,0.9841372762682032,reject,reject,0.0009380906501967
2_002_20200701_163120(4),2,2020-07-01 16:31:20,156.51596069335938,162.08883666992188,169.4921112060547,175.2376708984375,0.002488293685019,0.0008240857472526,0.9841372762682032,reject,reject,0.0009380906501967
2_002_20200701_203449(7),2,2020-07-01 20:34:49,159.25914001464844,194.5050201416016,169.23558044433594,205.2298889160156,0.715457558631897,0.982419512032977,0.982419512032977,reinspect,reinspect,0.0010815967248005
2_002_20200701_203449(7),2,2020-07-01 20:34:49,159.21444702148438,147.67486572265625,169.11935424804688,157.6055908203125,0.7052916884422302,0.9809928046524944,0.982419512032977,reinspect,reinspect,0.0010815967248005
2_002_20200701_203449(7),2,2020-07-01 20:34:49,158.5517120361328,168.54531860351562,168.73538208007812,179.0732421875,0.7021017670631409,0.9805284986790496,0.982419512032977,reinspect,reinspect,0.0010815967248005
2_002_20200701_203449(7),2,2020-07-01 20:34:49,158.3134765625,147.06068420410156,170.30026245117188,160.8837432861328,0.0030371015891432,0.0011361764051699,0.982419512032977,reinspect,reinspect,0.0010815967248005
2_002_20200701_203454(3),2,2020-07-01 20:34:54,171.07516479492188,200.539779663086,180.7858428955078,211.1143798828125,0.7174971699714661,0.9826962807945196,0.9826962807945196,reinspect,reinspect,0.0009087479033048
2_002_20200701_203454(3),2,2020-07-01 20:34:54,163.6405792236328,154.05836486816406,173.96315002441406,164.39804077148438,0.7171609997749329,0.9826508774381436,0.9826962807945196,reinspect,reinspect,0.0009087479033048
2_002_20200701_203454(3),2,2020-07-01 20:34:54,166.01365661621094,175.25299072265625,176.68203735351562,185.675048828125,0.7129414081573486,0.982073768388598,0.9826962807945196,reinspect,reinspect,0.0009087479033048
2_002_20200701_203458(5),2,2020-07-01 20:34:58,165.18191528320312,205.6210174560547,175.400390625,215.8710174560547,0.7311796545982361,0.9844743633462092,0.9844743633462092,reject,reject,0.0002058277608909
2_002_20200701_203458(5),2,2020-07-01 20:34:58,160.8794708251953,158.50180053710938,171.09457397460938,169.2227020263672,0.7091993093490601,0.9815506444299767,0.9844743633462092,reject,reject,0.0002058277608909
2_002_20200701_203458(5),2,2020-07-01 20:34:58,162.01577758789062,179.62722778320312,172.93719482421875,190.1322021484375,0.7008275985717773,0.9803407661186216,0.9844743633462092,reject,reject,0.0002058277608909
2_002_20200701_203503(2),2,2020-07-01 20:35:03,149.07052612304688,137.4353790283203,159.40139770507812,147.60838317871094,0.7390225529670715,0.9854341372394472,0.9854341372394472,reject,reject,0.0013802211997348
2_002_20200701_203503(2),2,2020-07-01 20:35:03,149.14169311523438,193.9180603027344,159.32357788085938,204.209716796875,0.7372172474861145,0.9852169335556954,0.9854341372394472,reject,reject,0.0013802211997348
2_002_20200701_203503(2),2,2020-07-01 20:35:03,149.4224853515625,161.84046936035156,159.1678466796875,171.50965881347656,0.726212739944458,0.9838444444687424,0.9854341372394472,reject,reject,0.0013802211997348
2_002_20200701_203507(7),2,2020-07-01 20:35:07,147.18014526367188,191.7941436767578,156.62188720703125,201.67242431640625,0.7180720567703247,0.9827737305675864,0.9827737305675864,reinspect,reinspect,0.0002019538273943
2_002_20200701_203507(7),2,2020-07-01 20:35:07,145.89407348632812,158.45486450195312,156.05503845214844,169.2795867919922,0.7149770259857178,0.9823538514262412,0.9827737305675864,reinspect,reinspect,0.0002019538273943
2_002_20200701_203507(7),2,2020-07-01 20:35:07,145.54385375976562,134.06288146972656,156.3857421875,145.77525329589844,0.7081918716430664,0.9814079659625476,0.9827737305675864,reinspect,reinspect,0.0002019538273943
2_002_20200701_203507(7),2,2020-07-01 20:35:07,144.3673553466797,154.03309631347656,155.27859497070312,168.51589965820312,0.0028908671811223,0.0010493246281694,0.9827737305675864,reinspect,reinspect,0.0002019538273943
2_002_20200701_203512(1),2,2020-07-01 20:35:12,153.2688751220703,165.77850341796875,163.2191619873047,175.74606323242188,0.7375399470329285,0.9852559205559338,0.9852559205559338,reject,reject,0.0014913731487164
2_002_20200701_203512(1),2,2020-07-01 20:35:12,151.35952758789062,141.7498321533203,162.05906677246094,151.96316528320312,0.7088457345962524,0.9815006590747882,0.9852559205559338,reject,reject,0.0014913731487164
2_002_20200701_203512(1),2,2020-07-01 20:35:12,154.7892608642578,198.1699066162109,164.96890258789062,209.3883209228516,0.7082799673080444,0.9814204739740504,0.9852559205559338,reject,reject,0.0014913731487164
2_002_20200702_002959(7),2,2020-07-02 00:29:59,159.72315979003906,181.65460205078125,170.6251983642578,192.3559112548828,0.7132986187934875,0.9821231445320784,0.9821231445320784,reinspect,reinspect,0.0010022720075138
2_002_20200702_002959(7),2,2020-07-02 00:29:59,159.51576232910156,156.03955078125,169.31178283691406,165.7335662841797,0.7000149488449097,0.9802203492379106,0.9821231445320784,reinspect,reinspect,0.0010022720075138
2_002_20200702_002959(7),2,2020-07-02 00:29:59,159.0102081298828,133.88467407226562,169.7069549560547,144.98068237304688,0.6963819265365601,0.9796754468062074,0.9821231445320784,reinspect,reinspect,0.0010022720075138
2_002_20200702_002959(7),2,2020-07-02 00:29:59,155.98106384277344,134.34304809570312,170.05477905273438,149.3300018310547,0.0088026504963636,0.0063182229689677,0.9821231445320784,reinspect,reinspect,0.0010022720075138
2_002_20200702_003004(2),2,2020-07-02 00:30:04,161.23052978515625,127.73094940185548,170.78363037109375,137.3527374267578,0.7347114086151123,0.984911778664488,0.984911778664488,reject,reject,0.0006163020874299
2_002_20200702_003004(2),2,2020-07-02 00:30:04,167.27337646484375,173.90908813476562,176.89700317382812,183.82373046875,0.7222588658332825,0.9833304298266712,0.984911778664488,reject,reject,0.0006163020874299
2_002_20200702_003004(2),2,2020-07-02 00:30:04,163.60752868652344,148.0968475341797,173.0065155029297,157.7924346923828,0.7157822847366333,0.982463784763641,0.984911778664488,reject,reject,0.0006163020874299
2_002_20200702_003008(7),2,2020-07-02 00:30:08,157.77427673339844,152.15589904785156,166.9441680908203,161.72117614746094,0.7319207191467285,0.98456686227514,0.98456686227514,reject,reject,0.0014461332756131
2_002_20200702_003008(7),2,2020-07-02 00:30:08,157.25347900390625,130.12945556640625,167.2809600830078,140.90403747558594,0.726288914680481,0.9838542371298464,0.98456686227514,reject,reject,0.0014461332756131
2_002_20200702_003008(7),2,2020-07-02 00:30:08,159.40576171875,177.74766540527344,168.7487335205078,187.61312866210932,0.7185969352722168,0.9828442289330604,0.98456686227514,reject,reject,0.0014461332756131
2_002_20200702_003008(7),2,2020-07-02 00:30:08,156.77142333984375,149.9722137451172,169.4165802001953,162.8680419921875,0.0029398088809102,0.0010780995447084,0.98456686227514,reject,reject,0.0014461332756131
2_002_20200702_003011(7),2,2020-07-02 00:30:11,147.39503479003906,95.9472198486328,157.60951232910156,105.95209503173828,0.7224417328834534,0.9833544522521656,0.9833544522521656,reject,reject,0.0006188580718558
2_002_20200702_003011(7),2,2020-07-02 00:30:11,147.1191864013672,151.91427612304688,157.74147033691406,163.02833557128906,0.7129121422767639,0.9820697187559092,0.9833544522521656,reject,reject,0.0006188580718558
2_002_20200702_003011(7),2,2020-07-02 00:30:11,147.3651580810547,120.26698303222656,157.44790649414062,130.19020080566406,0.7104162573814392,0.981721947121051,0.9833544522521656,reject,reject,0.0006188580718558
2_002_20200702_003011(7),2,2020-07-02 00:30:11,145.35614013671875,115.5854721069336,156.77566528320312,130.12655639648438,0.0011969625484198,0.0002535793951091,0.9833544522521656,reject,reject,0.0006188580718558
2_002_20200702_003016(3),2,2020-07-02 00:30:16,157.2609405517578,167.8197479248047,167.34332275390625,177.67124938964844,0.7351676821708679,0.9849676618826244,0.9849676618826244,reject,reject,0.001816456289542
2_002_20200702_003016(3),2,2020-07-02 00:30:16,157.47323608398438,134.4702911376953,167.90902709960938,145.51715087890625,0.7324217557907104,0.9846291847830736,0.9849676618826244,reject,reject,0.001816456289542
2_002_20200702_003016(3),2,2020-07-02 00:30:16,157.65576171875,111.50148010253906,168.67166137695312,122.1842041015625,0.7299867868423462,0.984324665650168,0.9849676618826244,reject,reject,0.001816456289542
2_002_20200702_003016(3),2,2020-07-02 00:30:16,156.7939910888672,166.77764892578125,168.26278686523438,181.4501953125,0.0010410483228042,0.0002025530703502,0.9849676618826244,reject,reject,0.001816456289542
2_002_20200702_003020(8),2,2020-07-02 00:30:20,157.80419921875,181.72080993652344,168.8900146484375,192.1791534423828,0.7304930090904236,0.9843883150695166,0.9843883150695166,reject,reject,0.0013937436203403
2_002_20200702_003020(8),2,2020-07-02 00:30:20,155.19676208496094,125.6594467163086,165.4655303955078,135.87049865722656,0.7091248035430908,0.9815401194960544,0.9843883150695166,reject,reject,0.0013937436203403
2_002_20200702_003020(8),2,2020-07-02 00:30:20,155.62310791015625,149.4947052001953,167.06463623046875,159.97108459472656,0.7081055641174316,0.9813957059787686,0.9843883150695166,reject,reject,0.0013937436203403
2_002_20200702_043936(2),2,2020-07-02 04:39:36,163.23715209960938,189.57098388671875,173.0084228515625,199.80441284179688,0.7235632538795471,0.983501250583048,0.983501250583048,reject,reject,0.0007525609491832
2_002_20200702_043936(2),2,2020-07-02 04:39:36,151.0635223388672,135.54945373535156,161.10227966308594,145.91285705566406,0.7177972793579102,0.9827367427043664,0.983501250583048,reject,reject,0.0007525609491832
2_002_20200702_043936(2),2,2020-07-02 04:39:36,155.68588256835938,158.38888549804688,165.70741271972656,169.09706115722656,0.7099752426147461,0.9816600001039316,0.983501250583048,reject,reject,0.0007525609491832
2_002_20200702_043940(7),2,2020-07-02 04:39:40,157.69998168945312,173.48670959472656,167.57786560058594,183.52235412597656,0.7399149537086487,0.985540694952402,0.985540694952402,reject,reject,0.0012745915955371
2_002_20200702_043940(7),2,2020-07-02 04:39:40,157.3199920654297,140.1502227783203,167.09854125976562,150.23963928222656,0.7349722981452942,0.9849437492144756,0.985540694952402,reject,reject,0.0012745915955371
2_002_20200702_043940(7),2,2020-07-02 04:39:40,155.66107177734375,115.98451232910156,167.3140106201172,127.4230728149414,0.6902349591255188,0.978728613069719,0.985540694952402,reject,reject,0.0012745915955371
2_002_20200702_043945(1),2,2020-07-02 04:39:45,153.04855346679688,128.13565063476562,163.24147033691406,138.1637725830078,0.7308387160301208,0.9844316791598628,0.9844316791598628,reject,reject,0.001211401770174
2_002_20200702_043945(1),2,2020-07-02 04:39:45,155.1572265625,161.59718322753906,165.4355010986328,171.74462890625,0.7117331027984619,0.9819060277090272,0.9844316791598628,reject,reject,0.001211401770174
2_002_20200702_043945(1),2,2020-07-02 04:39:45,151.0002899169922,103.81588745117188,161.61073303222656,114.31221771240234,0.694257915019989,0.9793518485847807,0.9844316791598628,reject,reject,0.001211401770174
2_002_20200702_043949(6),2,2020-07-02 04:39:49,166.1317596435547,139.14703369140625,176.41944885253906,149.80926513671875,0.7300856113433838,0.9843371053708752,0.9843371053708752,reject,reject,0.0015052217483164
2_002_20200702_043949(6),2,2020-07-02 04:39:49,170.08351135253906,164.10858154296875,180.37789916992188,174.25193786621094,0.7295598983764648,0.984270851508816,0.9843371053708752,reject,reject,0.0015052217483164
2_002_20200702_043949(6),2,2020-07-02 04:39:49,163.65745544433594,117.7848129272461,173.5712127685547,128.07090759277344,0.7107590436935425,0.981769993074488,0.9843371053708752,reject,reject,0.0015052217483164
2_002_20200702_043954(0),2,2020-07-02 04:39:54,167.2538299560547,178.79693603515625,176.38084411621094,189.289306640625,0.7243682146072388,0.983606052781927,0.983606052781927,reject,reject,0.000592935474575
2_002_20200702_043954(0),2,2020-07-02 04:39:54,165.38787841796875,153.82005310058594,174.52154541015625,163.65052795410156,0.7151117324829102,0.9823722754228502,0.983606052781927,reject,reject,0.000592935474575
2_002_20200702_043954(0),2,2020-07-02 04:39:54,164.0595703125,130.68124389648438,173.4740447998047,141.69163513183594,0.7067222595214844,0.981198414665168,0.983606052781927,reject,reject,0.000592935474575
2_002_20200702_043958(5),2,2020-07-02 04:39:58,165.29981994628906,194.05224609375,175.336669921875,204.07167053222656,0.7369872331619263,0.9851891012337384,0.9851891012337384,reject,reject,0.0004816630758373
2_002_20200702_043958(5),2,2020-07-02 04:39:58,162.0639190673828,147.19842529296875,172.91650390625,157.6129913330078,0.7092742919921875,0.9815612323837056,0.9851891012337384,reject,reject,0.0004816630758373
2_002_20200702_043958(5),2,2020-07-02 04:39:58,163.63829040527344,168.46099853515625,173.40765380859375,177.95936584472656,0.6927990913391113,0.9791274194442844,0.9851891012337384,reject,reject,0.0004816630758373
2_002_20200706_083210(1),2,2020-07-06 08:32:10,149.0691375732422,176.01699829101562,159.32020568847656,185.96905517578125,0.7284586429595947,0.9841314337226752,0.9841314337226752,reject,reject,0.0003524083759931
2_002_20200706_083210(1),2,2020-07-06 08:32:10,143.33395385742188,143.8503875732422,154.19432067871094,155.75579833984375,0.7071733474731445,0.9812629145488004,0.9841314337226752,reject,reject,0.0003524083759931
2_002_20200706_083210(1),2,2020-07-06 08:32:10,139.61875915527344,121.29373931884766,151.2237091064453,132.0101776123047,0.7044771313667297,0.9808750109334826,0.9841314337226752,reject,reject,0.0003524083759931
2_002_20200706_083227(7),2,2020-07-06 08:32:27,147.59144592285156,173.4317169189453,158.92591857910156,184.19644165039065,0.7144759893417358,0.9822852039220415,0.9822852039220415,reinspect,reinspect,0.0011745187967145
2_002_20200706_083227(7),2,2020-07-06 08:32:27,147.2477569580078,117.84503173828124,157.7561492919922,127.987060546875,0.7058545351028442,0.9810738923316706,0.9822852039220415,reinspect,reinspect,0.0011745187967145
2_002_20200706_083227(7),2,2020-07-06 08:32:27,147.48895263671875,141.90342712402344,157.91429138183594,151.99948120117188,0.7003381252288818,0.9802683008112494,0.9822852039220415,reinspect,reinspect,0.0011745187967145
2_002_20200706_083231(8),2,2020-07-06 08:32:31,153.38912963867188,135.7018585205078,164.08213806152344,146.04417419433594,0.7479089498519897,0.9864716919159044,0.9864716919159044,reject,reject,0.00152438704682
2_002_20200706_083231(8),2,2020-07-06 08:32:31,151.4434356689453,160.30752563476562,161.48814392089844,170.372802734375,0.709181010723114,0.981548059904472,0.9864716919159044,reject,reject,0.00152438704682
2_002_20200706_083231(8),2,2020-07-06 08:32:31,147.78384399414062,191.6186065673828,158.3323211669922,201.9012756347656,0.6981144547462463,0.9799366466880448,0.9864716919159044,reject,reject,0.00152438704682
2_002_20200706_083234(7),2,2020-07-06 08:32:34,157.82081604003906,177.4148406982422,169.0722198486328,187.9033203125,0.7243655323982239,0.9836057043465282,0.9836057043465282,reject,reject,0.0008993405864445
2_002_20200706_083234(7),2,2020-07-06 08:32:34,161.1986541748047,199.18104553222656,171.07395935058594,209.49093627929688,0.72059565782547,0.9831108222045838,0.9836057043465282,reject,reject,0.0008993405864445
2_002_20200706_083234(7),2,2020-07-06 08:32:34,163.68576049804688,223.93247985839844,174.8005828857422,234.25555419921875,0.7027414441108704,0.9806222559089324,0.9836057043465282,reject,reject,0.0008993405864445
2_002_20200706_083237(9),2,2020-07-06 08:32:37,159.53024291992188,199.8134155273437,169.34390258789062,209.6003570556641,0.7093465924263,0.981571437473722,0.981571437473722,reinspect,reinspect,0.0004473516383764
2_002_20200706_083237(9),2,2020-07-06 08:32:37,155.590087890625,178.239990234375,166.1370086669922,189.1862945556641,0.7026231288909912,0.9806049391616783,0.981571437473722,reinspect,reinspect,0.0004473516383764
2_002_20200706_083237(9),2,2020-07-06 08:32:37,163.91676330566406,224.2032928466797,174.51373291015625,234.2251892089844,0.7005762457847595,0.980303578126918,0.981571437473722,reinspect,reinspect,0.0004473516383764
2_002_20200706_083237(9),2,2020-07-06 08:32:37,163.483642578125,221.08399963378903,175.89627075195312,235.46401977539065,0.0015875577228143,0.000399576343064,0.981571437473722,reinspect,reinspect,0.0004473516383764
2_002_20200706_083241(0),2,2020-07-06 08:32:41,155.40377807617188,135.5828399658203,166.1616973876953,146.02508544921875,0.7203974723815918,0.9830845191476392,0.9830845191476392,reinspect,reinspect,0.0006624875072457
2_002_20200706_083241(0),2,2020-07-06 08:32:41,161.07945251464844,156.24026489257812,171.0325164794922,166.12164306640625,0.7141871452331543,0.9822455430249908,0.9830845191476392,reinspect,reinspect,0.0006624875072457
2_002_20200706_083241(0),2,2020-07-06 08:32:41,167.98336791992188,179.86697387695312,178.8061065673828,190.22613525390625,0.6922124028205872,0.9790366592444756,0.9830845191476392,reinspect,reinspect,0.0006624875072457
2_002_20200706_083241(0),2,2020-07-06 08:32:41,150.89495849609375,168.38162231445312,160.5634765625,177.60931396484375,0.0010082653025165,0.0001923840444011,0.9830845191476392,reinspect,reinspect,0.0006624875072457
2_002_20200706_123239(6),2,2020-07-06 12:32:39,153.9618682861328,112.34011840820312,165.12942504882812,123.71820831298828,0.7016575336456299,0.9804631946679154,0.9804631946679154,reinspect,reinspect,0.0005408080043144
2_002_20200706_123239(6),2,2020-07-06 12:32:39,155.1236114501953,145.54168701171875,165.68585205078125,155.774658203125,0.6988944411277771,0.9800534372674712,0.9804631946679154,reinspect,reinspect,0.0005408080043144
2_002_20200706_123239(6),2,2020-07-06 12:32:39,153.55845642089844,88.13554382324219,165.1584014892578,99.80089569091795,0.694990873336792,0.979463939073241,0.9804631946679154,reinspect,reinspect,0.0005408080043144
2_002_20200706_123242(9),2,2020-07-06 12:32:42,143.2760009765625,101.77111053466795,153.73167419433594,111.83953094482422,0.7265392541885376,0.9838863904216318,0.9838863904216318,reject,reject,0.0013437032846915
2_002_20200706_123242(9),2,2020-07-06 12:32:42,150.98101806640625,157.77896118164062,161.23373413085938,167.95367431640625,0.7057234048843384,0.9810550230829608,0.9838863904216318,reject,reject,0.0013437032846915
2_002_20200706_123242(9),2,2020-07-06 12:32:42,147.19883728027344,126.18109893798828,157.1112518310547,136.2179412841797,0.6991086006164551,0.9800854175150508,0.9838863904216318,reject,reject,0.0013437032846915
2_002_20200706_123246(0),2,2020-07-06 12:32:46,145.61129760742188,139.75059509277344,155.75962829589844,150.0602569580078,0.7395932674407959,0.9855023453815684,0.9855023453815684,reject,reject,0.0026910276931988
2_002_20200706_123246(0),2,2020-07-06 12:32:46,141.49810791015625,115.95317840576172,151.7881622314453,126.09686279296876,0.7391932606697083,0.9854545620667756,0.9855023453815684,reject,reject,0.0026910276931988
2_002_20200706_123246(0),2,2020-07-06 12:32:46,151.1826934814453,171.45120239257812,161.56234741210938,181.77227783203125,0.6970266103744507,0.9797729286623558,0.9855023453815684,reject,reject,0.0026910276931988
2_002_20200706_123251(3),2,2020-07-06 12:32:51,157.2891845703125,140.0133514404297,167.03038024902344,149.88397216796875,0.738631546497345,0.9853872802362068,0.9853872802362068,reject,reject,0.0011957580966466
2_002_20200706_123251(3),2,2020-07-06 12:32:51,155.1021728515625,119.89019012451172,165.29385375976562,129.68850708007812,0.7268117070198059,0.9839213331510088,0.9853872802362068,reject,reject,0.0011957580966466
2_002_20200706_123251(3),2,2020-07-06 12:32:51,159.44564819335938,166.20545959472656,169.6610870361328,176.087158203125,0.7137690186500549,0.9821880187196392,0.9853872802362068,reject,reject,0.0011957580966466
2_002_20200706_123254(7),2,2020-07-06 12:32:54,161.26268005371094,125.61618041992188,171.56497192382812,136.14503479003906,0.7266731858253479,0.9839035740842296,0.9839035740842296,reject,reject,0.0011533875495138
2_002_20200706_123254(7),2,2020-07-06 12:32:54,167.75808715820312,171.90225219726562,178.87229919433594,182.42300415039065,0.7100702524185181,0.9816733582990018,0.9839035740842296,reject,reject,0.0011533875495138
2_002_20200706_123254(7),2,2020-07-06 12:32:54,164.1658935546875,146.34078979492188,174.5133056640625,156.4502716064453,0.699810266494751,0.9801899355911636,0.9839035740842296,reject,reject,0.0011533875495138
2_002_20200706_123254(7),2,2020-07-06 12:32:54,159.4136199951172,125.22530364990234,172.18580627441406,140.2904510498047,0.0020272568799555,0.0005923915143472,0.9839035740842296,reject,reject,0.0011533875495138
2_002_20200706_123258(0),2,2020-07-06 12:32:58,157.72793579101562,175.5097198486328,167.88168334960938,185.53842163085932,0.7157836556434631,0.9824639715034932,0.9824639715034932,reinspect,reinspect,0.0006040255903898
2_002_20200706_123258(0),2,2020-07-06 12:32:58,163.7907257080078,199.99740600585932,174.8006134033203,210.36734008789065,0.7063714265823364,0.9811481397643572,0.9824639715034932,reinspect,reinspect,0.0006040255903898
2_002_20200706_123258(0),2,2020-07-06 12:32:58,153.08621215820312,154.87290954589844,162.95111083984375,165.67807006835938,0.7058735489845276,0.9810766272492312,0.9824639715034932,reinspect,reinspect,0.0006040255903898
2_002_20200706_123258(0),2,2020-07-06 12:32:58,261.6430053710937,92.61162567138672,272.4154357910156,103.60031127929688,0.0010746527696028,0.000213181778622,0.9824639715034932,reinspect,reinspect,0.0006040255903898
2_002_20200706_163440(6),2,2020-07-06 16:34:40,152.96780395507812,162.18418884277344,163.5957794189453,173.20762634277344,0.7317743897438049,0.9845486278757392,0.9845486278757392,reject,reject,0.0022375774010025
2_002_20200706_163440(6),2,2020-07-06 16:34:40,153.697998046875,130.13555908203125,164.6249542236328,141.68450927734375,0.7161139249801636,0.9825089185038952,0.9845486278757392,reject,reject,0.0022375774010025
2_002_20200706_163440(6),2,2020-07-06 16:34:40,155.04344177246094,106.03740692138672,166.04685974121094,117.71977996826172,0.6987989544868469,0.9800391662995884,0.9845486278757392,reject,reject,0.0022375774010025
2_002_20200706_163443(7),2,2020-07-06 16:34:43,151.13780212402344,181.71682739257807,161.46435546875,191.89659118652344,0.7115418910980225,0.9818793809253138,0.9818793809253138,reinspect,reinspect,0.000658896769695
2_002_20200706_163443(7),2,2020-07-06 16:34:43,151.2156219482422,125.79956817626952,161.73670959472656,135.97918701171875,0.7083187699317932,0.981425981338781,0.9818793809253138,reinspect,reinspect,0.000658896769695
2_002_20200706_163443(7),2,2020-07-06 16:34:43,151.44378662109375,150.05323791503906,161.60848999023438,159.9916229248047,0.6937046051025391,0.9792669352814504,0.9818793809253138,reinspect,reinspect,0.000658896769695
2_002_20200706_163446(4),2,2020-07-06 16:34:46,149.03277587890625,137.6347198486328,159.734619140625,148.0111846923828,0.730371356010437,0.9843730355093608,0.9843730355093608,reject,reject,0.0013576167757037
2_002_20200706_163446(4),2,2020-07-06 16:34:46,153.85455322265625,193.76296997070312,165.1865692138672,204.4476318359375,0.7226371169090271,0.983380092118906,0.9843730355093608,reject,reject,0.0013576167757037
2_002_20200706_163446(4),2,2020-07-06 16:34:46,151.07083129882812,162.04986572265625,161.5515594482422,172.11135864257812,0.6926515698432922,0.9791046251997996,0.9843730355093608,reject,reject,0.0013576167757037
2_002_20200706_163446(4),2,2020-07-06 16:34:46,150.6851043701172,158.76211547851562,162.55264282226562,173.67514038085938,0.0018466330366209,0.0005097184538766,0.9843730355093608,reject,reject,0.0013576167757037
2_002_20200706_163446(4),2,2020-07-06 16:34:46,139.74835205078125,156.13821411132812,158.1413116455078,170.02642822265625,0.0011771763674914,0.0002468649036696,0.9843730355093608,reject,reject,0.0013576167757037
2_002_20200706_163449(2),2,2020-07-06 16:34:49,157.24900817871094,164.14901733398438,166.9176025390625,173.88671875,0.7308010458946228,0.984426958025231,0.984426958025231,reject,reject,0.0010374260216979
2_002_20200706_163449(2),2,2020-07-06 16:34:49,155.49853515625,138.93235778808594,166.10855102539062,149.6083984375,0.6927962899208069,0.9791269867539436,0.984426958025231,reject,reject,0.0010374260216979
2_002_20200706_163449(2),2,2020-07-06 16:34:49,155.38754272460938,117.46629333496094,165.9419403076172,128.00511169433594,0.6872791647911072,0.9782619566628766,0.984426958025231,reject,reject,0.0010374260216979
2_002_20200706_163449(2),2,2020-07-06 16:34:49,154.13502502441406,116.78750610351562,166.90158081054688,131.77261352539062,0.0020407028496265,0.0005987332203363,0.984426958025231,reject,reject,0.0010374260216979
2_002_20200706_163452(0),2,2020-07-06 16:34:52,160.94068908691406,198.387939453125,170.97645568847656,209.37521362304688,0.71452397108078,0.9822917861439664,0.9822917861439664,reinspect,reinspect,0.0010156861441604
2_002_20200706_163452(0),2,2020-07-06 16:34:52,159.65684509277344,173.04258728027344,171.1168975830078,184.2210998535156,0.7093208432197571,0.9815678034784476,0.9822917861439664,reinspect,reinspect,0.0010156861441604
2_002_20200706_163452(0),2,2020-07-06 16:34:52,160.49996948242188,151.13706970214844,171.24884033203125,162.80746459960938,0.7040347456932068,0.9808108170787084,0.9822917861439664,reinspect,reinspect,0.0010156861441604
2_002_20200706_163454(6),2,2020-07-06 16:34:54,165.03614807128906,164.32833862304688,175.388671875,175.2709197998047,0.7229852676391602,0.9834257105734447,0.9834257105734447,reject,reject,0.0004382753589166
2_002_20200706_163454(6),2,2020-07-06 16:34:54,166.85476684570312,143.65228271484375,177.029541015625,154.03443908691406,0.7135144472122192,0.9821529308800332,0.9834257105734447,reject,reject,0.0004382753589166
2_002_20200706_163454(6),2,2020-07-06 16:34:54,163.25344848632812,190.186279296875,173.4244842529297,200.3741607666016,0.7118739485740662,0.9819256377342428,0.9834257105734447,reject,reject,0.0004382753589166
2_002_20200706_163454(6),2,2020-07-06 16:34:54,165.6605987548828,142.6817169189453,178.26580810546875,156.98599243164062,0.0100506795570254,0.0078241057623895,0.9834257105734447,reject,reject,0.0004382753589166
2_002_20200706_203227(3),2,2020-07-06 20:32:27,141.4098358154297,133.9170379638672,152.2197723388672,145.19998168945312,0.7144463658332825,0.9822811392476952,0.9822811392476952,reinspect,reinspect,0.0009333792972128
2_002_20200706_203227(3),2,2020-07-06 20:32:27,155.31500244140625,187.71090698242188,165.58203125,198.0106811523437,0.7114951610565186,0.9818728644880904,0.9822811392476952,reinspect,reinspect,0.0009333792972128
2_002_20200706_203227(3),2,2020-07-06 20:32:27,147.06109619140625,156.24041748046875,157.60618591308594,167.67979431152344,0.7087610960006714,0.981488679220432,0.9822811392476952,reinspect,reinspect,0.0009333792972128
2_002_20200706_203230(6),2,2020-07-06 20:32:30,149.15699768066406,162.27145385742188,159.76011657714844,173.44386291503906,0.7169124484062195,0.9826172537827124,0.9826172537827124,reinspect,reinspect,0.0004054615415246
2_002_20200706_203230(6),2,2020-07-06 20:32:30,146.92626953125,139.71485900878906,157.85012817382812,150.81764221191406,0.7072009444236755,0.9812668553960444,0.9826172537827124,reinspect,reinspect,0.0004054615415246
2_002_20200706_203230(6),2,2020-07-06 20:32:30,151.20521545410156,195.63270568847656,162.0548858642578,206.1176147460937,0.704651415348053,0.980900258403744,0.9826172537827124,reinspect,reinspect,0.0004054615415246
2_002_20200706_203233(8),2,2020-07-06 20:32:33,149.24594116210938,151.52122497558594,159.6063690185547,161.57839965820312,0.7216708660125732,0.9832530219475242,0.9832530219475242,reinspect,reinspect,0.0007793625485207
2_002_20200706_203233(8),2,2020-07-06 20:32:33,151.39952087402344,183.69322204589844,162.00787353515625,194.0753173828125,0.7095369100570679,0.9815982811677224,0.9832530219475242,reinspect,reinspect,0.0007793625485207
2_002_20200706_203233(8),2,2020-07-06 20:32:33,147.19528198242188,127.81275177001952,157.5882110595703,137.90985107421875,0.7079253196716309,0.9813700835532368,0.9832530219475242,reinspect,reinspect,0.0007793625485207
2_002_20200706_203236(9),2,2020-07-06 20:32:36,145.36753845214844,129.73599243164062,155.7242889404297,139.98092651367188,0.726689875125885,0.9839057144549644,0.9839057144549644,reject,reject,0.0020368640537099
2_002_20200706_203236(9),2,2020-07-06 20:32:36,149.8553009033203,151.3609161376953,160.71121215820312,162.16378784179688,0.711198627948761,0.9818314743799876,0.9839057144549644,reject,reject,0.0020368640537099
2_002_20200706_203236(9),2,2020-07-06 20:32:36,157.9779052734375,183.3190460205078,168.94561767578125,193.79754638671875,0.7101848721504211,0.98168946434864,0.9839057144549644,reject,reject,0.0020368640537099
2_002_20200706_203240(1),2,2020-07-06 20:32:40,155.26193237304688,191.5111083984375,165.76136779785156,201.59988403320312,0.7202345728874207,0.9830628776377038,0.9830628776377038,reinspect,reinspect,0.0008617676418646
2_002_20200706_203240(1),2,2020-07-06 20:32:40,147.76345825195312,159.82923889160156,157.69969177246094,169.9838104248047,0.7184320092201233,0.9828220991037409,0.9830628776377038,reinspect,reinspect,0.0008617676418646
2_002_20200706_203240(1),2,2020-07-06 20:32:40,141.7464141845703,137.8068084716797,152.51187133789062,148.4748992919922,0.7064661979675293,0.9811617301677624,0.9830628776377038,reinspect,reinspect,0.0008617676418646
2_002_20200706_203243(4),2,2020-07-06 20:32:43,149.31622314453125,155.99842834472656,159.26600646972656,166.22340393066406,0.7152276635169983,0.9823881205378596,0.9823881205378596,reinspect,reinspect,0.0019062980356835
2_002_20200706_203243(4),2,2020-07-06 20:32:43,159.02847290039062,187.6324920654297,168.9639434814453,197.847396850586,0.7100688815116882,0.9816731656016472,0.9823881205378596,reinspect,reinspect,0.0019062980356835
2_002_20200706_203243(4),2,2020-07-06 20:32:43,141.9571533203125,135.0756072998047,153.1346893310547,145.76722717285156,0.7013278603553772,0.9804146289968728,0.9823881205378596,reinspect,reinspect,0.0019062980356835
2_002_20200706_203243(4),2,2020-07-06 20:32:43,148.31375122070312,153.19544982910156,161.77325439453125,167.18080139160156,0.0011313575087115,0.0002315801877234,0.9823881205378596,reinspect,reinspect,0.0019062980356835
2_002_20200707_003521(0),2,2020-07-07 00:35:21,145.44683837890625,189.94070434570312,156.1829833984375,200.27696228027344,0.7365155816078186,0.9851319178087962,0.9851319178087962,reject,reject,0.0023927347991413
2_002_20200707_003521(0),2,2020-07-07 00:35:21,143.01560974121094,133.77769470214844,153.82989501953125,144.1948699951172,0.7020818591117859,0.9805255755215594,0.9851319178087962,reject,reject,0.0023927347991413
2_002_20200707_003521(0),2,2020-07-07 00:35:21,143.4617919921875,158.2491455078125,155.5045623779297,169.63075256347656,0.6901464462280273,0.9787147471105282,0.9851319178087962,reject,reject,0.0023927347991413
2_002_20200707_003525(0),2,2020-07-07 00:35:25,153.1775665283203,140.3725128173828,164.6039276123047,151.84225463867188,0.726684033870697,0.9839049653477788,0.9839049653477788,reject,reject,0.0018352798098231
2_002_20200707_003525(0),2,2020-07-07 00:35:25,155.39427185058594,164.2340850830078,166.3467254638672,175.5073699951172,0.695223867893219,0.9794994772202286,0.9839049653477788,reject,reject,0.0018352798098231
2_002_20200707_003525(0),2,2020-07-07 00:35:25,158.83897399902344,196.0631103515625,169.48626708984375,207.23878479003903,0.6816259622573853,0.9773483695614408,0.9839049653477788,reject,reject,0.0018352798098231
2_002_20200707_003525(0),2,2020-07-07 00:35:25,157.82196044921875,195.50694274902344,171.16363525390625,210.83743286132807,0.0014999054837971,0.0003646531116028,0.9839049653477788,reject,reject,0.0018352798098231
2_002_20200707_003529(0),2,2020-07-07 00:35:29,143.54177856445312,165.53082275390625,155.06857299804688,176.08309936523438,0.705184817314148,0.9809773798218936,0.9809773798218936,reinspect,reinspect,0.0011752491261011
2_002_20200707_003529(0),2,2020-07-07 00:35:29,147.0413818359375,197.58743286132807,157.78640747070312,208.17791748046875,0.7040795087814331,0.9808173196364004,0.9809773798218936,reinspect,reinspect,0.0011752491261011
2_002_20200707_003529(0),2,2020-07-07 00:35:29,141.50918579101562,141.62107849121094,153.0023651123047,152.1544189453125,0.6938920617103577,0.979295731771148,0.9809773798218936,reinspect,reinspect,0.0011752491261011
2_002_20200707_003533(0),2,2020-07-07 00:35:33,144.96286010742188,141.52781677246094,155.3472900390625,151.68093872070312,0.7370328307151794,0.9851946215075784,0.9851946215075784,reject,reject,0.0018359548116254
2_002_20200707_003533(0),2,2020-07-07 00:35:33,148.93438720703125,197.5059509277344,159.6771697998047,207.86631774902344,0.733283281326294,0.9847359406577626,0.9851946215075784,reject,reject,0.0018359548116254
2_002_20200707_003533(0),2,2020-07-07 00:35:33,145.87330627441406,165.6860809326172,157.1115264892578,175.9844512939453,0.706659734249115,0.9811894617652483,0.9851946215075784,reject,reject,0.0018359548116254
2_002_20200707_003533(0),2,2020-07-07 00:35:33,144.39230346679688,137.90904235839844,156.53973388671875,153.1717071533203,0.0026809307746589,0.0009292871065738,0.9851946215075784,reject,reject,0.0018359548116254
2_002_20200707_003537(1),2,2020-07-07 00:35:37,153.35711669921875,165.83921813964844,163.60797119140625,175.80882263183594,0.7382121086120605,0.985336901582832,0.985336901582832,reject,reject,0.0007833024723022
2_002_20200707_003537(1),2,2020-07-07 00:35:37,155.66238403320312,197.3568725585937,167.09828186035156,208.480224609375,0.705560564994812,0.9810315720582686,0.985336901582832,reject,reject,0.0007833024723022
2_002_20200707_003537(1),2,2020-07-07 00:35:37,150.8727569580078,141.77854919433594,161.26663208007812,151.9753875732422,0.701921820640564,0.9805020649426528,0.985336901582832,reject,reject,0.0007833024723022
2_002_20200707_003541(1),2,2020-07-07 00:35:41,157.6224365234375,197.41845703125,168.8997344970703,208.31661987304688,0.7273561358451843,0.9839909991990936,0.9839909991990936,reject,reject,0.0031872601593361
2_002_20200707_003541(1),2,2020-07-07 00:35:41,155.02598571777344,165.8377685546875,165.05941772460938,175.80426025390625,0.6996958255767822,0.9801729160769804,0.9839909991990936,reject,reject,0.0031872601593361
2_002_20200707_003541(1),2,2020-07-07 00:35:41,151.43301391601562,141.4659881591797,163.247314453125,152.2486572265625,0.6873989105224609,0.9782810075509654,0.9839909991990936,reject,reject,0.0031872601593361
2_002_20200707_003541(1),2,2020-07-07 00:35:41,154.38941955566406,162.78370666503906,166.6270751953125,176.691162109375,0.0035567246377468,0.0014655225835217,0.9839909991990936,reject,reject,0.0031872601593361
2_002_20200707_043655(6),2,2020-07-07 04:36:55,161.74073791503906,164.62953186035156,172.37733459472656,175.6250762939453,0.7415664196014404,0.9857364841477904,0.9857364841477904,reject,reject,0.001883229201449
2_002_20200707_043655(6),2,2020-07-07 04:36:55,160.19775390625,142.54771423339844,170.87474060058594,153.7506103515625,0.698114275932312,0.9799366198565714,0.9857364841477904,reject,reject,0.001883229201449
2_002_20200707_043655(6),2,2020-07-07 04:36:55,163.28672790527344,190.09361267089844,174.72621154785156,201.50103759765625,0.6966286897659302,0.9797127999741466,0.9857364841477904,reject,reject,0.001883229201449
2_002_20200707_043659(3),2,2020-07-07 04:36:59,157.85267639160156,164.6569061279297,168.57012939453125,175.4591522216797,0.7432515621185303,0.9859343973742484,0.9859343973742484,reject,reject,0.0014049950826712
2_002_20200707_043659(3),2,2020-07-07 04:36:59,156.11444091796875,142.2538604736328,167.598876953125,153.3524932861328,0.7145628929138184,0.9822971242350512,0.9859343973742484,reject,reject,0.0014049950826712
2_002_20200707_043659(3),2,2020-07-07 04:36:59,159.3728485107422,189.8155212402344,170.9385223388672,200.700912475586,0.6986090540885925,0.9800107626397172,0.9859343973742484,reject,reject,0.0014049950826712
2_002_20200707_043703(4),2,2020-07-07 04:37:03,163.09375,189.50924682617188,172.8758544921875,199.6039123535156,0.718267560005188,0.9828000131931552,0.9828000131931552,reinspect,reinspect,0.0005927935872974
2_002_20200707_043703(4),2,2020-07-07 04:37:03,161.09695434570312,163.59315490722656,171.09347534179688,173.59793090820312,0.7151728868484497,0.9823806350831304,0.9828000131931552,reinspect,reinspect,0.0005927935872974
2_002_20200707_043703(4),2,2020-07-07 04:37:03,159.3031005859375,141.671630859375,170.0762176513672,152.27047729492188,0.7014848589897156,0.9804377680747692,0.9828000131931552,reinspect,reinspect,0.0005927935872974
2_002_20200707_043707(4),2,2020-07-07 04:37:07,161.67823791503906,164.78221130371094,172.17481994628906,175.54493713378906,0.7381975054740906,0.9853351454629942,0.9853351454629942,reject,reject,0.0017203690374614
2_002_20200707_043707(4),2,2020-07-07 04:37:07,159.71075439453125,143.0630645751953,171.04661560058594,153.8415985107422,0.7034430503845215,0.9807247142060832,0.9853351454629942,reject,reject,0.0017203690374614
2_002_20200707_043707(4),2,2020-07-07 04:37:07,163.32272338867188,189.900146484375,174.88856506347656,201.29586791992188,0.6940577030181885,0.9793211526667992,0.9853351454629942,reject,reject,0.0017203690374614
2_002_20200707_043711(3),2,2020-07-07 04:37:11,161.14111328125,143.88888549804688,171.68588256835938,154.25685119628906,0.7429820895195007,0.9859028750751924,0.9859028750751924,reject,reject,0.0013517580980797
2_002_20200707_043711(3),2,2020-07-07 04:37:11,162.11219787597656,165.55763244628906,172.89892578125,175.951416015625,0.7274652123451233,0.9840049314871328,0.9859028750751924,reject,reject,0.0013517580980797
2_002_20200707_043711(3),2,2020-07-07 04:37:11,165.13162231445312,191.46571350097656,174.89202880859375,201.52200317382807,0.7107751369476318,0.9817722465325236,0.9859028750751924,reject,reject,0.0013517580980797
2_002_20200707_043711(3),2,2020-07-07 04:37:11,160.56092834472656,142.70596313476562,174.13214111328125,157.42568969726562,0.0020037984941154,0.0005813890468625,0.9859028750751924,reject,reject,0.0013517580980797
2_002_20200707_043715(5),2,2020-07-07 04:37:15,165.36346435546875,189.84194946289065,176.84506225585938,200.4629669189453,0.7341195344924927,0.9848390745658224,0.9848390745658224,reject,reject,0.0013176728062499
2_002_20200707_043715(5),2,2020-07-07 04:37:15,161.9732666015625,143.3436737060547,173.1392364501953,153.8395538330078,0.7165753245353699,0.9825715744944914,0.9848390745658224,reject,reject,0.0013176728062499
2_002_20200707_043715(5),2,2020-07-07 04:37:15,163.61172485351562,164.21546936035156,174.0928497314453,173.99307250976562,0.6928606033325195,0.979136918560573,0.9848390745658224,reject,reject,0.0013176728062499
2_002_20200707_043715(5),2,2020-07-07 04:37:15,161.4237518310547,142.08627319335938,174.97499084472656,157.40121459960938,0.0010181439574807,0.0001954273965618,0.9848390745658224,reject,reject,0.0013176728062499
2_002_20200707_083236(0),2,2020-07-07 08:32:36,149.0892333984375,119.64967346191406,159.75955200195312,129.9083709716797,0.7421384453773499,0.9858038771523514,0.9858038771523514,reject,reject,0.0020855585869496
2_002_20200707_083236(0),2,2020-07-07 08:32:36,149.33868408203125,143.68887329101562,160.23699951171875,154.08103942871094,0.7311464548110962,0.9844702104270066,0.9858038771523514,reject,reject,0.0020855585869496
2_002_20200707_083236(0),2,2020-07-07 08:32:36,151.1984100341797,175.7149200439453,161.884521484375,186.1489715576172,0.702503502368927,0.9805874191138962,0.9858038771523514,reject,reject,0.0020855585869496
2_002_20200707_083240(0),2,2020-07-07 08:32:40,145.3533172607422,147.99778747558594,156.1362762451172,158.20864868164062,0.7332674264907837,0.984733980643774,0.984733980643774,reject,reject,0.0014989856018883
2_002_20200707_083240(0),2,2020-07-07 08:32:40,145.4082489013672,179.68838500976562,156.32061767578125,190.18898010253903,0.7207081913948059,0.9831257447735212,0.984733980643774,reject,reject,0.0014989856018883
2_002_20200707_083240(0),2,2020-07-07 08:32:40,146.97544860839844,123.42092895507812,157.28485107421875,133.76744079589844,0.7041889429092407,0.9808332100052194,0.984733980643774,reject,reject,0.0014989856018883
2_002_20200707_083246(1),2,2020-07-07 08:32:46,149.37481689453125,157.8096466064453,159.65460205078125,167.5471649169922,0.7372039556503296,0.9852153261866968,0.9852153261866968,reject,reject,0.0012201346822652
2_002_20200707_083246(1),2,2020-07-07 08:32:46,147.79762268066406,131.7996826171875,159.5450439453125,143.32969665527344,0.7192234396934509,0.9829281101089828,0.9852153261866968,reject,reject,0.0012201346822652
2_002_20200707_083246(1),2,2020-07-07 08:32:46,151.30084228515625,189.5802154541016,161.8424530029297,199.8865509033203,0.7118720412254333,0.9819253722744852,0.9852153261866968,reject,reject,0.0012201346822652
2_002_20200707_083250(0),2,2020-07-07 08:32:50,165.29830932617188,167.54974365234375,175.76791381835938,177.99440002441406,0.7165418267250061,0.9825670310028736,0.9825670310028736,reinspect,reinspect,0.0009533969854161
2_002_20200707_083250(0),2,2020-07-07 08:32:50,171.654296875,192.5288848876953,182.82369995117188,203.877182006836,0.7022275924682617,0.98054696673817,0.9825670310028736,reinspect,reinspect,0.0009533969854161
2_002_20200707_083250(0),2,2020-07-07 08:32:50,160.4091339111328,146.76246643066406,170.64393615722656,157.90701293945312,0.7005980610847473,0.9803068077512206,0.9825670310028736,reinspect,reinspect,0.0009533969854161
2_002_20200707_083250(0),2,2020-07-07 08:32:50,163.61709594726562,166.5100860595703,176.3093719482422,181.52362060546875,0.0026985199656337,0.0009391306992081,0.9825670310028736,reinspect,reinspect,0.0009533969854161
2_002_20200707_083254(0),2,2020-07-07 08:32:54,169.50143432617188,135.64974975585938,179.99745178222656,145.87832641601562,0.7336810827255249,0.9847850610557352,0.9847850610557352,reject,reject,0.0014823634706889
2_002_20200707_083254(0),2,2020-07-07 08:32:54,165.49063110351562,156.03558349609375,176.2029571533203,167.43722534179688,0.7317700982093811,0.984548092874292,0.9847850610557352,reject,reject,0.0014823634706889
2_002_20200707_083254(0),2,2020-07-07 08:32:54,162.08294677734375,182.42237854003903,172.83560180664062,193.28567504882807,0.7229467034339905,0.9834206618067034,0.9847850610557352,reject,reject,0.0014823634706889
2_002_20200707_083258(1),2,2020-07-07 08:32:58,161.89122009277344,179.97576904296875,172.71646118164062,190.4234619140625,0.7158817648887634,0.9824773319210126,0.9824773319210126,reinspect,reinspect,0.0013901906670474
2_002_20200707_083258(1),2,2020-07-07 08:32:58,164.6898956298828,131.7732391357422,174.96505737304688,142.8009796142578,0.713160514831543,0.982104066335962,0.9824773319210126,reinspect,reinspect,0.0013901906670474
2_002_20200707_083258(1),2,2020-07-07 08:32:58,163.21685791015625,153.90452575683594,173.25230407714844,164.03250122070312,0.6968388557434082,0.9797445738002936,0.9824773319210126,reinspect,reinspect,0.0013901906670474
2_002_20200707_083258(1),2,2020-07-07 08:32:58,161.6799774169922,150.0536346435547,173.20361328125,164.8604278564453,0.0041461219079792,0.0018764516525004,0.9824773319210126,reinspect,reinspect,0.0013901906670474
2_002_20200707_123354(0),2,2020-07-07 12:33:54,160.70596313476562,128.17173767089844,171.4942169189453,139.45230102539062,0.725368082523346,0.983735581329054,0.983735581329054,reject,reject,0.0007564751103068
2_002_20200707_123354(0),2,2020-07-07 12:33:54,167.65829467773438,175.56956481933594,179.00196838378906,186.28836059570312,0.6959389448165894,0.9796082656140764,0.983735581329054,reject,reject,0.0007564751103068
2_002_20200707_123354(0),2,2020-07-07 12:33:54,163.4925079345703,151.05691528320312,173.89537048339844,161.47523498535156,0.6875341534614563,0.9783025091076384,0.983735581329054,reject,reject,0.0007564751103068
2_002_20200707_123358(1),2,2020-07-07 12:33:58,159.4561767578125,153.13919067382812,170.22084045410156,163.63804626464844,0.7108538150787354,0.9817832605737004,0.9817832605737004,reinspect,reinspect,0.000210061501398
2_002_20200707_123358(1),2,2020-07-07 12:33:58,167.2035369873047,200.01852416992188,177.1488800048828,210.1676483154297,0.7074897885322571,0.9813080666472024,0.9817832605737004,reinspect,reinspect,0.000210061501398
2_002_20200707_123358(1),2,2020-07-07 12:33:58,163.28709411621094,174.78494262695312,173.20156860351562,184.2241973876953,0.6998844146728516,0.9802009571515222,0.9817832605737004,reinspect,reinspect,0.000210061501398
2_002_20200707_123358(1),2,2020-07-07 12:33:58,162.3115997314453,171.21815490722656,173.63836669921875,185.78282165527344,0.0020568938925862,0.0006064036142851,0.9817832605737004,reinspect,reinspect,0.000210061501398
2_002_20200707_123402(0),2,2020-07-07 12:34:02,165.49069213867188,119.92254638671876,176.06332397460938,130.20655822753906,0.7375333309173584,0.9852551219372252,0.9852551219372252,reject,reject,0.0010295837498902
2_002_20200707_123402(0),2,2020-07-07 12:34:02,165.38670349121094,97.81096649169922,175.70364379882812,108.11554718017578,0.73460453748703,0.984898668726529,0.9852551219372252,reject,reject,0.0010295837498902
2_002_20200707_123402(0),2,2020-07-07 12:34:02,167.04737854003906,145.8119354248047,177.41212463378906,155.94972229003906,0.708997905254364,0.9815221835290502,0.9852551219372252,reject,reject,0.0010295837498902
2_002_20200707_123408(2),2,2020-07-07 12:34:08,153.64967346191406,105.61861419677734,165.4195098876953,116.27589416503906,0.7078847289085388,0.981364309932547,0.981364309932547,reinspect,reinspect,0.0010033346288964
2_002_20200707_123408(2),2,2020-07-07 12:34:08,156.08717346191406,130.12753295898438,167.6484832763672,141.44537353515625,0.7038260698318481,0.980780482557997,0.981364309932547,reinspect,reinspect,0.0010033346288964
2_002_20200707_123408(2),2,2020-07-07 12:34:08,159.5741729736328,163.14622497558594,171.30177307128906,173.8883514404297,0.6897757649421692,0.9786566058002222,0.981364309932547,reinspect,reinspect,0.0010033346288964
2_002_20200707_123412(1),2,2020-07-07 12:34:12,140.83934020996094,131.8303680419922,151.15855407714844,141.70034790039062,0.7484288215637207,0.9865307920439348,0.9865307920439348,reject,reject,0.001831109165966
2_002_20200707_123412(1),2,2020-07-07 12:34:12,145.43321228027344,156.00791931152344,155.60165405273438,166.08087158203125,0.7377143502235413,0.9852769617466124,0.9865307920439348,reject,reject,0.001831109165966
2_002_20200707_123412(1),2,2020-07-07 12:34:12,151.14466857910156,187.5652618408203,161.6335906982422,197.767578125,0.7026681303977966,0.9806115269506184,0.9865307920439348,reject,reject,0.001831109165966
2_002_20200707_123416(0),2,2020-07-07 12:34:16,153.35826110839844,173.95716857910156,163.78778076171875,184.11509704589844,0.7481852173805237,0.9865031202970148,0.9865031202970148,reject,reject,0.0018736998548448
2_002_20200707_123416(0),2,2020-07-07 12:34:16,153.25143432617188,140.55943298339844,163.9318084716797,151.6165008544922,0.7392253875732422,0.98545840379509,0.9865031202970148,reject,reject,0.0018736998548448
2_002_20200707_123416(0),2,2020-07-07 12:34:16,153.50770568847656,115.91382598876952,164.76974487304688,126.34319305419922,0.7201955318450928,0.9830576880656304,0.9865031202970148,reject,reject,0.0018736998548448
2_002_20200708_092945(9),2,2020-07-08 09:29:45,157.725341796875,151.34677124023438,168.56961059570312,161.7005615234375,0.7197232842445374,0.9829948253002294,0.9829948253002294,reinspect,reinspect,0.0006425395216105
2_002_20200708_092945(9),2,2020-07-08 09:29:45,163.81979370117188,197.8321075439453,174.94752502441406,208.44723510742188,0.7111179232597351,0.981820197944592,0.9829948253002294,reinspect,reinspect,0.0006425395216105
2_002_20200708_092945(9),2,2020-07-08 09:29:45,160.1051788330078,172.38677978515625,170.85638427734375,182.3213348388672,0.6992249488830566,0.9801027760614968,0.9829948253002294,reinspect,reinspect,0.0006425395216105
2_002_20200708_092949(9),2,2020-07-08 09:29:49,161.62083435058594,160.3649139404297,171.96176147460938,170.1310272216797,0.731353759765625,0.9844961293552482,0.9844961293552482,reject,reject,0.0005247893207902
2_002_20200708_092949(9),2,2020-07-08 09:29:49,165.21287536621094,186.08932495117188,174.78396606445312,195.87911987304688,0.7234005331993103,0.9834800082318224,0.9844961293552482,reject,reject,0.0005247893207902
2_002_20200708_092949(9),2,2020-07-08 09:29:49,159.75155639648438,137.7394256591797,171.3147430419922,148.81137084960938,0.6947289705276489,0.9794239378382384,0.9844961293552482,reject,reject,0.0005247893207902
2_002_20200708_092949(9),2,2020-07-08 09:29:49,160.69386291503906,158.18125915527344,173.67041015625,171.54376220703125,0.0076527730561792,0.0050414672499772,0.9844961293552482,reject,reject,0.0005247893207902
2_002_20200708_092953(7),2,2020-07-08 09:29:53,157.38241577148438,149.4792022705078,167.65170288085938,159.81976318359375,0.7373676300048828,0.9852351108255588,0.9852351108255588,reject,reject,0.0008750898121654
2_002_20200708_092953(7),2,2020-07-08 09:29:53,156.93020629882812,127.7889404296875,167.0457000732422,137.6089630126953,0.7254970669746399,0.9837522384447128,0.9852351108255588,reject,reject,0.0008750898121654
2_002_20200708_092953(7),2,2020-07-08 09:29:53,159.3968048095703,175.81227111816406,169.1844024658203,185.9338531494141,0.6986117959022522,0.9800111729455896,0.9852351108255588,reject,reject,0.0008750898121654
2_002_20200708_092957(7),2,2020-07-08 09:29:57,155.0153350830078,181.67874145507807,165.48719787597656,192.03892517089844,0.7100622057914734,0.9816722272286011,0.9816722272286011,reinspect,reinspect,0.0001660087999812
2_002_20200708_092957(7),2,2020-07-08 09:29:57,147.2749481201172,125.87396240234376,158.01722717285156,136.14743041992188,0.7053114771842957,0.9809956597949328,0.9816722272286011,reinspect,reinspect,0.0001660087999812
2_002_20200708_092957(7),2,2020-07-08 09:29:57,151.05581665039062,149.70912170410156,161.27700805664062,159.76702880859375,0.697404682636261,0.9798299376107564,0.9816722272286011,reinspect,reinspect,0.0001660087999812
2_002_20200708_092957(7),2,2020-07-08 09:29:57,150.629150390625,146.29165649414062,162.26832580566406,161.09103393554688,0.0015581925399601,0.0003877415277574,0.9816722272286011,reinspect,reinspect,0.0001660087999812
2_002_20200708_093001(9),2,2020-07-08 09:30:01,145.2565155029297,126.06682586669922,155.80093383789062,136.0915069580078,0.7283596396446228,0.9841188580960388,0.9841188580960388,reject,reject,0.0005154762481708
2_002_20200708_093001(9),2,2020-07-08 09:30:01,143.34942626953125,101.64854431152344,154.18801879882812,111.8933334350586,0.7192509770393372,0.9829317903657224,0.9841188580960388,reject,reject,0.0005154762481708
2_002_20200708_093001(9),2,2020-07-08 09:30:01,146.91586303710938,158.02545166015625,157.6900634765625,169.2142333984375,0.6851456165313721,0.9779204421876992,0.9841188580960388,reject,reject,0.0005154762481708
2_002_20200708_093005(8),2,2020-07-08 09:30:05,143.59524536132812,127.57132720947266,154.95152282714844,138.22967529296875,0.7205977439880371,0.9831110989256476,0.9831110989256476,reinspect,reinspect,0.0013367279978912
2_002_20200708_093005(8),2,2020-07-08 09:30:05,149.48089599609375,183.71221923828125,160.94969177246094,194.5553741455078,0.7050966024398804,0.980964640876187,0.9831110989256476,reinspect,reinspect,0.0013367279978912
2_002_20200708_093005(8),2,2020-07-08 09:30:05,146.99502563476562,152.10308837890625,156.85374450683594,162.0183563232422,0.7035345435142517,0.9807380463881352,0.9831110989256476,reinspect,reinspect,0.0013367279978912
2_002_20200708_123021(9),2,2020-07-08 12:30:21,157.00543212890625,147.5989990234375,167.59304809570312,157.80039978027344,0.7416025996208191,0.9857407531201816,0.9857407531201816,reject,reject,0.0010579629372896
2_002_20200708_123021(9),2,2020-07-08 12:30:21,155.112548828125,91.74529266357422,165.35597229003906,101.65154266357422,0.7200630903244019,0.9830400747921628,0.9857407531201816,reject,reject,0.0010579629372896
2_002_20200708_123021(9),2,2020-07-08 12:30:21,155.52330017089844,116.0872802734375,165.65843200683594,125.745849609375,0.7086904644966125,0.9814786776926716,0.9857407531201816,reject,reject,0.0010579629372896
2_002_20200708_123021(9),2,2020-07-08 12:30:21,155.36814880371094,113.25585174560548,166.91786193847656,127.48582458496094,0.0094234524294734,0.0070520710213571,0.9857407531201816,reject,reject,0.0010579629372896
2_002_20200708_123021(9),2,2020-07-08 12:30:21,156.24124145507812,145.34910583496094,169.6504669189453,159.02049255371094,0.0023387668188661,0.0007457795692367,0.9857407531201816,reject,reject,0.0010579629372896
2_002_20200708_123025(7),2,2020-07-08 12:30:25,145.39340209960938,147.3813018798828,156.29446411132812,157.7902374267578,0.7250872254371643,0.9836992700392956,0.9836992700392956,reject,reject,0.0011043822782729
2_002_20200708_123025(7),2,2020-07-08 12:30:25,151.47877502441406,170.03883361816406,161.4786376953125,180.07400512695312,0.7051087021827698,0.980966388541177,0.9836992700392956,reject,reject,0.0011043822782729
2_002_20200708_123025(7),2,2020-07-08 12:30:25,159.14317321777344,200.29342651367188,169.79217529296875,211.4391326904297,0.6942463517189026,0.979350076641884,0.9836992700392956,reject,reject,0.0011043822782729
2_002_20200708_123025(7),2,2020-07-08 12:30:25,150.87408447265625,167.11962890625,163.16464233398438,181.1515350341797,0.0131326997652649,0.0120392767146952,0.9836992700392956,reject,reject,0.0011043822782729
2_002_20200708_123029(7),2,2020-07-08 12:30:29,153.4857635498047,145.97816467285156,163.89913940429688,156.33648681640625,0.7340956330299377,0.9848361335209372,0.9848361335209372,reject,reject,0.0004991225279099
2_002_20200708_123029(7),2,2020-07-08 12:30:29,156.94737243652344,177.9263153076172,167.65576171875,188.2718048095703,0.7329171895980835,0.9846906391855754,0.9848361335209372,reject,reject,0.0004991225279099
2_002_20200708_123029(7),2,2020-07-08 12:30:29,151.0094757080078,121.8394012451172,161.5950927734375,132.10488891601562,0.7119877934455872,0.9819414773276636,0.9848361335209372,reject,reject,0.0004991225279099
2_002_20200708_123034(0),2,2020-07-08 12:30:34,161.16622924804688,127.58332824707033,171.1842803955078,137.93023681640625,0.7349043488502502,0.9849354269035404,0.9849354269035404,reject,reject,0.0009737325704665
2_002_20200708_123034(0),2,2020-07-08 12:30:34,163.25453186035156,153.60809326171875,173.56297302246094,163.8071746826172,0.7098487615585327,0.9816422063051684,0.9849354269035404,reject,reject,0.0009737325704665
2_002_20200708_123034(0),2,2020-07-08 12:30:34,159.42254638671875,105.5716781616211,170.0009002685547,116.00199127197266,0.70759117603302,0.9813225168058944,0.9849354269035404,reject,reject,0.0009737325704665
2_002_20200708_123034(0),2,2020-07-08 12:30:34,162.6687469482422,150.39517211914062,175.16099548339844,164.64756774902344,0.0011406857520341,0.0002346619110377,0.9849354269035404,reject,reject,0.0009737325704665
2_002_20200708_123037(8),2,2020-07-08 12:30:37,165.35520935058594,164.0332794189453,175.29739379882812,174.04397583007812,0.7345361113548279,0.9848902707398182,0.9848902707398182,reject,reject,0.0007317799943828
2_002_20200708_123037(8),2,2020-07-08 12:30:37,161.64224243164062,138.32688903808594,171.63108825683594,148.21783447265625,0.724940836429596,0.9836803213388948,0.9848902707398182,reject,reject,0.0007317799943828
2_002_20200708_123037(8),2,2020-07-08 12:30:37,159.0406036376953,117.63525390625,169.58639526367188,127.96849822998048,0.700478196144104,0.9802890577207082,0.9848902707398182,reject,reject,0.0007317799943828
2_002_20200708_123041(7),2,2020-07-08 12:30:41,161.6337890625,174.2162322998047,171.60997009277344,184.1800079345703,0.7385094165802002,0.9853726234629216,0.9853726234629216,reject,reject,0.0016759071558178
2_002_20200708_123041(7),2,2020-07-08 12:30:41,165.3544464111328,199.80702209472656,175.42327880859375,209.9726104736328,0.7223376631736755,0.9833407840619692,0.9853726234629216,reject,reject,0.0016759071558178
2_002_20200708_123041(7),2,2020-07-08 12:30:41,159.07505798339844,153.601318359375,169.8138427734375,163.78684997558594,0.7111577391624451,0.9818257618325412,0.9853726234629216,reject,reject,0.0016759071558178
2_002_20200708_123041(7),2,2020-07-08 12:30:41,158.66395568847656,150.2797393798828,171.4943389892578,164.6802978515625,0.0021894096862524,0.0006705641082426,0.9853726234629216,reject,reject,0.0016759071558178
2_002_20200708_163937(6),2,2020-07-08 16:39:37,149.4290313720703,129.5924835205078,160.11062622070312,139.93917846679688,0.723691999912262,0.9835180441521696,0.9835180441521696,reject,reject,0.0007967733149163
2_002_20200708_163937(6),2,2020-07-08 16:39:37,155.0366973876953,186.08677673339844,165.2052001953125,196.28463745117188,0.7024499177932739,0.9805795676082296,0.9835180441521696,reject,reject,0.0007967733149163
2_002_20200708_163937(6),2,2020-07-08 16:39:37,151.1598358154297,154.0179901123047,161.9949493408203,164.37281799316406,0.7009221911430359,0.9803547480225108,0.9835180441521696,reject,reject,0.0007967733149163
2_002_20200708_163941(4),2,2020-07-08 16:39:41,153.54078674316406,169.73187255859375,163.8556365966797,179.99951171875,0.7395275235176086,0.9854944992334352,0.9854944992334352,reject,reject,0.0016035433833819
2_002_20200708_163941(4),2,2020-07-08 16:39:41,157.01853942871094,113.9337921142578,167.36859130859375,123.79200744628906,0.7247357964515686,0.9836537549322952,0.9854944992334352,reject,reject,0.0016035433833819
2_002_20200708_163941(4),2,2020-07-08 16:39:41,155.466796875,137.80018615722656,165.47471618652344,147.69265747070312,0.6935360431671143,0.979241016277658,0.9854944992334352,reject,reject,0.0016035433833819
2_002_20200708_163945(4),2,2020-07-08 16:39:45,153.7929229736328,205.45681762695312,164.9032440185547,216.1478729248047,0.7219884991645813,0.983294868390082,0.983294868390082,reinspect,reinspect,0.0005576615443403
2_002_20200708_163945(4),2,2020-07-08 16:39:45,147.65447998046875,173.99705505371094,158.0869140625,184.3052215576172,0.7145222425460815,0.9822915490506184,0.983294868390082,reinspect,reinspect,0.0005576615443403
2_002_20200708_163945(4),2,2020-07-08 16:39:45,143.24176025390625,149.99522399902344,154.28866577148438,161.44146728515625,0.6878890991210938,0.9783588651751488,0.983294868390082,reinspect,reinspect,0.0005576615443403
2_002_20200708_163949(4),2,2020-07-08 16:39:49,161.8011474609375,143.3055419921875,173.2097930908203,154.22618103027344,0.7231701612472534,0.9834499015887692,0.9834499015887692,reject,reject,0.0014208297246656
2_002_20200708_163949(4),2,2020-07-08 16:39:49,165.41188049316406,191.461166381836,176.89454650878906,201.9890899658203,0.7139583826065063,0.9822140871023676,0.9834499015887692,reject,reject,0.0014208297246656
2_002_20200708_163949(4),2,2020-07-08 16:39:49,163.36477661132812,165.3317108154297,174.02284240722656,175.97549438476562,0.704267144203186,0.9808445593936445,0.9834499015887692,reject,reject,0.0014208297246656
2_002_20200708_163953(3),2,2020-07-08 16:39:53,157.56417846679688,193.83804321289065,167.7676239013672,204.0296630859375,0.7448097467422485,0.9861157330619212,0.9861157330619212,reject,reject,0.0017995871016585
2_002_20200708_163953(3),2,2020-07-08 16:39:53,157.61695861816406,166.58248901367188,168.35226440429688,177.43836975097656,0.7223507165908813,0.9833424988888626,0.9861157330619212,reject,reject,0.0017995871016585
2_002_20200708_163953(3),2,2020-07-08 16:39:53,158.97401428222656,145.88067626953125,168.86813354492188,155.6612548828125,0.7098371386528015,0.9816405705345967,0.9861157330619212,reject,reject,0.0017995871016585
2_002_20200708_163953(3),2,2020-07-08 16:39:53,158.19183349609375,141.91696166992188,169.3857421875,156.80572509765625,0.0013109559658914,0.0002935774094142,0.9861157330619212,reject,reject,0.0017995871016585
2_002_20200708_163957(5),2,2020-07-08 16:39:57,160.21372985839844,151.9417266845703,171.067138671875,162.31698608398438,0.7118520140647888,0.9819225847791228,0.9819225847791228,reinspect,reinspect,0.0011060365635837
2_002_20200708_163957(5),2,2020-07-08 16:39:57,163.48727416992188,177.69276428222656,174.45384216308594,188.2500762939453,0.7109850645065308,0.9818016234149152,0.9819225847791228,reinspect,reinspect,0.0011060365635837
2_002_20200708_163957(5),2,2020-07-08 16:39:57,157.9109344482422,129.8682861328125,169.19932556152344,140.99862670898438,0.710112452507019,0.9816792893174068,0.9819225847791228,reinspect,reinspect,0.0011060365635837
2_002_20200708_203125(0),2,2020-07-08 20:31:25,157.4569091796875,197.99478149414065,168.95899963378906,208.59996032714844,0.7369124889373779,0.9851800492608428,0.9851800492608428,reject,reject,0.0022090670312945
2_002_20200708_203125(0),2,2020-07-08 20:31:25,153.18643188476562,141.48947143554688,163.9302978515625,151.78868103027344,0.7326022386550903,0.9846515918558691,0.9851800492608428,reject,reject,0.0022090670312945
2_002_20200708_203125(0),2,2020-07-08 20:31:25,155.23953247070312,165.91342163085938,165.56307983398438,176.1331787109375,0.6994107961654663,0.9801304806741882,0.9851800492608428,reject,reject,0.0022090670312945
2_002_20200708_203125(0),2,2020-07-08 20:31:25,154.66355895996094,162.76348876953125,167.0530548095703,177.0937042236328,0.0033483465667814,0.0013296335711393,0.9851800492608428,reject,reject,0.0022090670312945
2_002_20200708_203128(9),2,2020-07-08 20:31:28,149.5347900390625,143.46688842773438,160.77093505859375,154.17416381835938,0.7259331345558167,0.9838084642071908,0.9838084642071908,reject,reject,0.000566881594724
2_002_20200708_203128(9),2,2020-07-08 20:31:28,151.5664520263672,167.92306518554688,162.18443298339844,178.03500366210938,0.6959615349769592,0.979611695484254,0.9838084642071908,reject,reject,0.000566881594724
2_002_20200708_203128(9),2,2020-07-08 20:31:28,154.89561462402344,199.9717712402344,164.96926879882812,210.2198028564453,0.6918848156929016,0.9789858558926156,0.9838084642071908,reject,reject,0.000566881594724
2_002_20200708_203132(7),2,2020-07-08 20:31:32,153.17750549316406,162.3379364013672,163.63963317871094,173.4098358154297,0.7326695919036865,0.9846599480241868,0.9846599480241868,reject,reject,0.0007552810764309
2_002_20200708_203132(7),2,2020-07-08 20:31:32,147.50645446777344,139.5121612548828,158.3724365234375,150.13076782226562,0.7181738018989563,0.9827874122889704,0.9846599480241868,reject,reject,0.0007552810764309
2_002_20200708_203132(7),2,2020-07-08 20:31:32,159.665771484375,193.54666137695312,171.111572265625,204.4942321777344,0.7120433449745178,0.981949202790709,0.9846599480241868,reject,reject,0.0007552810764309
2_002_20200708_203136(7),2,2020-07-08 20:31:36,149.3110809326172,136.19290161132812,160.3466796875,147.524658203125,0.7377169132232666,0.9852772708109,0.9852772708109,reject,reject,0.0015432917697999
2_002_20200708_203136(7),2,2020-07-08 20:31:36,151.94956970214844,160.21022033691406,161.994873046875,170.21951293945312,0.7214341759681702,0.9832217914695468,0.9852772708109,reject,reject,0.0015432917697999
2_002_20200708_203136(7),2,2020-07-08 20:31:36,155.39016723632812,192.2360076904297,166.32742309570312,203.485580444336,0.6961433291435242,0.9796392820042288,0.9852772708109,reject,reject,0.0015432917697999
2_002_20200708_203140(7),2,2020-07-08 20:31:40,153.52688598632812,167.98829650878906,163.8953094482422,178.0288543701172,0.7305058240890503,0.9843899240232838,0.9843899240232838,reject,reject,0.0004657629877123
2_002_20200708_203140(7),2,2020-07-08 20:31:40,156.85183715820312,200.0380401611328,167.59336853027344,211.1231231689453,0.7246611714363098,0.9836440784947704,0.9843899240232838,reject,reject,0.0004657629877123
2_002_20200708_203140(7),2,2020-07-08 20:31:40,151.46063232421875,143.35690307617188,162.90586853027344,154.14256286621094,0.7136160731315613,0.9821669439745416,0.9843899240232838,reject,reject,0.0004657629877123
2_002_20200708_203140(7),2,2020-07-08 20:31:40,153.03529357910156,166.83787536621094,164.8718719482422,181.4984588623047,0.0012086454080417,0.0002575760246679,0.9843899240232838,reject,reject,0.0004657629877123
2_002_20200708_203144(7),2,2020-07-08 20:31:44,145.37338256835938,168.09930419921875,155.49964904785156,178.0394287109375,0.7365171909332275,0.985132113181892,0.985132113181892,reject,reject,0.0007051204700947
2_002_20200708_203144(7),2,2020-07-08 20:31:44,143.0482940673828,143.70689392089844,153.44503784179688,153.94252014160156,0.7145963311195374,0.9823017093390845,0.985132113181892,reject,reject,0.0007051204700947
2_002_20200708_203144(7),2,2020-07-08 20:31:44,147.11976623535156,200.1118011474609,158.09710693359375,211.3184967041016,0.6894930601119995,0.978612184971536,0.985132113181892,reject,reject,0.0007051204700947
2_002_20200708_203144(7),2,2020-07-08 20:31:44,145.0368194580078,166.87960815429688,156.78614807128906,181.45057678222656,0.0023073928896337,0.0007297284341645,0.985132113181892,reject,reject,0.0007051204700947
2_002_20200713_091056(8),2,2020-07-13 09:10:56,151.97486877441406,185.3946533203125,162.99783325195312,195.78561401367188,0.732514500617981,0.9846407019380606,0.9846407019380606,reject,reject,0.0011580160650109
2_002_20200713_091056(8),2,2020-07-13 09:10:56,143.87042236328125,153.93667602539062,153.91038513183594,163.85165405273438,0.7132894992828369,0.982121885175514,0.9846407019380606,reject,reject,0.0011580160650109
2_002_20200713_091056(8),2,2020-07-13 09:10:56,138.0087432861328,131.85028076171875,148.86968994140625,142.68994140625,0.7096742391586304,0.9816176336049892,0.9846407019380606,reject,reject,0.0011580160650109
2_002_20200713_091056(8),2,2020-07-13 09:10:56,143.56382751464844,150.37802124023438,155.96607971191406,165.14505004882812,0.0027562405448406,0.0009717094803085,0.9846407019380606,reject,reject,0.0011580160650109
2_002_20200713_091100(5),2,2020-07-13 09:11:00,153.29481506347656,194.1714630126953,163.6496124267578,204.1796264648437,0.7436935305595398,0.9859859941887358,0.9859859941887358,reject,reject,0.0011590148387799
2_002_20200713_091100(5),2,2020-07-13 09:11:00,149.47528076171875,161.53623962402344,159.6092071533203,171.77952575683594,0.7288749814033508,0.9841842422267256,0.9859859941887358,reject,reject,0.0011590148387799
2_002_20200713_091100(5),2,2020-07-13 09:11:00,147.19439697265625,139.56993103027344,157.82098388671875,150.04904174804688,0.7183796763420105,0.9828150728510384,0.9859859941887358,reject,reject,0.0011590148387799
2_002_20200713_091100(5),2,2020-07-13 09:11:00,152.8162078857422,193.0420379638672,165.58370971679688,206.76092529296875,0.0010836533037945,0.0002160634390034,0.9859859941887358,reject,reject,0.0011590148387799
2_002_20200713_091103(8),2,2020-07-13 09:11:03,145.2477264404297,143.7398223876953,156.314697265625,155.5030059814453,0.7416431307792664,0.985745534461426,0.985745534461426,reject,reject,0.0018447387617588
2_002_20200713_091103(8),2,2020-07-13 09:11:03,148.9554443359375,199.78005981445312,159.34246826171875,210.09945678710932,0.7396516799926758,0.9855093141416746,0.985745534461426,reject,reject,0.0018447387617588
2_002_20200713_091103(8),2,2020-07-13 09:11:03,147.23887634277344,167.06178283691406,157.2614288330078,177.66957092285156,0.6817147731781006,0.9773629388272408,0.985745534461426,reject,reject,0.0018447387617588
2_002_20200713_091106(9),2,2020-07-13 09:11:06,144.93057250976562,139.47967529296875,155.56639099121094,149.9279327392578,0.7431246638298035,0.9859195590673984,0.9859195590673984,reject,reject,0.0005213138962032
2_002_20200713_091106(9),2,2020-07-13 09:11:06,151.6190948486328,193.75079345703125,162.72125244140625,204.49761962890625,0.7168146371841431,0.982604009390632,0.9859195590673984,reject,reject,0.0005213138962032
2_002_20200713_091106(9),2,2020-07-13 09:11:06,147.64466857910156,161.40664672851562,158.0596160888672,171.7896270751953,0.712410032749176,0.9820001383772484,0.9859195590673984,reject,reject,0.0005213138962032
2_002_20200713_091106(9),2,2020-07-13 09:11:06,144.4267578125,138.43458557128906,157.65545654296875,153.07546997070312,0.0017363340593874,0.0004615854213312,0.9859195590673984,reject,reject,0.0005213138962032
2_002_20200713_091109(9),2,2020-07-13 09:11:09,153.1582489013672,143.77183532714844,164.0740966796875,154.59263610839844,0.7459821701049805,0.986251126505934,0.986251126505934,reject,reject,0.0023104268827103
2_002_20200713_091109(9),2,2020-07-13 09:11:09,153.7544708251953,166.1067657470703,164.66824340820312,177.47265625,0.7110315561294556,0.9818081247911912,0.986251126505934,reject,reject,0.0023104268827103
2_002_20200713_091109(9),2,2020-07-13 09:11:09,155.21009826660156,199.7855224609375,165.61062622070312,209.9646759033203,0.7100857496261597,0.98167553651614,0.986251126505934,reject,reject,0.0023104268827103
2_002_20200713_091112(5),2,2020-07-13 09:11:12,152.9451446533203,169.284423828125,163.1073760986328,179.75372314453125,0.7264339327812195,0.9838728685197524,0.9838728685197524,reject,reject,0.0014531347425794
2_002_20200713_091112(5),2,2020-07-13 09:11:12,154.84469604492188,201.50927734375,165.15130615234375,211.9069061279297,0.7096265554428101,0.981610915660418,0.9838728685197524,reject,reject,0.0014531347425794
2_002_20200713_091112(5),2,2020-07-13 09:11:12,151.16366577148438,146.19700622558594,162.2662353515625,157.73147583007812,0.6918960213661194,0.9789875952000374,0.9838728685197524,reject,reject,0.0014531347425794
2_002_20200713_123358(8),2,2020-07-13 12:33:58,147.09666442871094,199.49447631835932,157.17828369140625,209.6591186523437,0.7049672603607178,0.980945951713876,0.980945951713876,reinspect,reinspect,0.001003243738983
2_002_20200713_123358(8),2,2020-07-13 12:33:58,143.7205047607422,166.3606414794922,154.693603515625,177.61956787109375,0.6915225982666016,0.9789295766938424,0.980945951713876,reinspect,reinspect,0.001003243738983
2_002_20200713_123358(8),2,2020-07-13 12:33:58,141.79843139648438,141.94448852539062,153.6346435546875,153.89195251464844,0.6701933741569519,0.975413374865592,0.980945951713876,reinspect,reinspect,0.001003243738983
2_002_20200713_123403(4),2,2020-07-13 12:34:03,149.35986328125,168.1050262451172,159.59844970703125,178.08450317382812,0.7304968237876892,0.9843887940259066,0.9843887940259066,reject,reject,0.0008531688770027
2_002_20200713_123403(4),2,2020-07-13 12:34:03,146.9348602294922,143.79266357421875,157.3264617919922,154.1051025390625,0.7079575061798096,0.9813746608421424,0.9843887940259066,reject,reject,0.0008531688770027
2_002_20200713_123403(4),2,2020-07-13 12:34:03,151.3001708984375,199.93121337890625,161.84405517578125,210.34521484375,0.7049708366394043,0.980946468642606,0.9843887940259066,reject,reject,0.0008531688770027
2_002_20200713_123403(4),2,2020-07-13 12:34:03,148.8931884765625,166.91310119628906,160.7029266357422,181.4111328125,0.0016704680165275,0.0004337143776948,0.9843887940259066,reject,reject,0.0008531688770027
2_002_20200713_123408(0),2,2020-07-13 12:34:08,152.9454803466797,143.56117248535156,163.46839904785156,153.80137634277344,0.7442900538444519,0.9860554304136232,0.9860554304136232,reject,reject,0.0012594093644972
2_002_20200713_123408(0),2,2020-07-13 12:34:08,157.2816162109375,199.49859619140625,167.76547241210938,209.82862854003903,0.733961820602417,0.9848196608081204,0.9860554304136232,reject,reject,0.0012594093644972
2_002_20200713_123408(0),2,2020-07-13 12:34:08,155.273681640625,167.97885131835938,165.14512634277344,177.75283813476562,0.6921821236610413,0.9790319672353542,0.9860554304136232,reject,reject,0.0012594093644972
2_002_20200713_123412(4),2,2020-07-13 12:34:12,149.22621154785156,168.0181427001953,159.31175231933594,177.83370971679688,0.7319810390472412,0.9845743745255952,0.9845743745255952,reject,reject,0.0014679744525789
2_002_20200713_123412(4),2,2020-07-13 12:34:12,151.2168426513672,199.70413208007807,161.6763916015625,209.80740356445312,0.7034474611282349,0.9807253570830556,0.9845743745255952,reject,reject,0.0014679744525789
2_002_20200713_123412(4),2,2020-07-13 12:34:12,146.81910705566406,143.62020874023438,157.0858917236328,153.93814086914062,0.7015931010246277,0.9804537096729335,0.9845743745255952,reject,reject,0.0014679744525789
2_002_20200713_123412(4),2,2020-07-13 12:34:12,150.63320922851562,196.05734252929688,162.41476440429688,211.1399078369141,0.0014521275879815,0.0003461314115068,0.9845743745255952,reject,reject,0.0014679744525789
2_002_20200713_123416(9),2,2020-07-13 12:34:16,149.01739501953125,166.48146057128906,159.76455688476562,177.5490264892578,0.7203477621078491,0.9830779171079926,0.9830779171079926,reinspect,reinspect,0.0007427261060932
2_002_20200713_123416(9),2,2020-07-13 12:34:16,147.08551025390625,143.53677368164062,157.7277374267578,154.25257873535156,0.7110203504562378,0.9818065579445632,0.9830779171079926,reinspect,reinspect,0.0007427261060932
2_002_20200713_123416(9),2,2020-07-13 12:34:16,151.31419372558594,199.2869873046875,162.1013641357422,209.7004852294922,0.702829897403717,0.9806351947250744,0.9830779171079926,reinspect,reinspect,0.0007427261060932
2_002_20200713_123421(4),2,2020-07-13 12:34:21,149.2601776123047,166.65493774414062,159.8527374267578,177.66893005371094,0.7228198051452637,0.9834040408633526,0.9834040408633526,reject,reject,0.0008233121396075
2_002_20200713_123421(4),2,2020-07-13 12:34:21,147.29627990722656,143.5179901123047,158.0238037109375,154.4829864501953,0.7140683531761169,0.9822292135067144,0.9834040408633526,reject,reject,0.0008233121396075
2_002_20200713_123421(4),2,2020-07-13 12:34:21,151.63436889648438,199.20529174804688,162.89524841308594,209.78103637695312,0.7093997001647949,0.9815789309687736,0.9834040408633526,reject,reject,0.0008233121396075
2_002_20200713_163753(9),2,2020-07-13 16:37:53,148.8353729248047,143.49411010742188,159.80343627929688,154.1382598876953,0.7348338961601257,0.9849267946390298,0.9849267946390298,reject,reject,0.0012513289417183
2_002_20200713_163753(9),2,2020-07-13 16:37:53,153.15280151367188,199.57749938964844,163.75184631347656,209.8399658203125,0.7326891422271729,0.9846623729429708,0.9849267946390298,reject,reject,0.0012513289417183
2_002_20200713_163753(9),2,2020-07-13 16:37:53,150.68971252441406,166.27220153808594,160.9095001220703,177.21908569335938,0.6856313347816467,0.9779985375971374,0.9849267946390298,reject,reject,0.0012513289417183
2_002_20200713_163753(9),2,2020-07-13 16:37:53,148.2847442626953,142.25689697265625,162.01300048828125,157.372802734375,0.0021680705249309,0.0006600671685717,0.9849267946390298,reject,reject,0.0012513289417183
2_002_20200713_163814(8),2,2020-07-13 16:38:14,151.9037628173828,164.63027954101562,163.32203674316406,175.8714141845703,0.7162474989891052,0.9825270736400564,0.9825270736400564,reinspect,reinspect,0.0009804864137201
2_002_20200713_163814(8),2,2020-07-13 16:38:14,150.94456481933594,141.74874877929688,161.5549774169922,152.10122680664062,0.7082882523536682,0.9814216499920276,0.9825270736400564,reinspect,reinspect,0.0009804864137201
2_002_20200713_163814(8),2,2020-07-13 16:38:14,155.19813537597656,197.7152404785156,165.20909118652344,207.84088134765625,0.7073184251785278,0.9812836249975536,0.9825270736400564,reinspect,reinspect,0.0009804864137201
2_002_20200713_163819(2),2,2020-07-13 16:38:19,149.30126953125,164.42808532714844,159.8565216064453,175.53143310546875,0.7480475306510925,0.9864874631166806,0.9864874631166806,reject,reject,0.0014083957081525
2_002_20200713_163819(2),2,2020-07-13 16:38:19,152.99826049804688,197.5834350585937,163.4750213623047,207.7765655517578,0.7371869683265686,0.9852132717514444,0.9864874631166806,reject,reject,0.0014083957081525
2_002_20200713_163819(2),2,2020-07-13 16:38:19,146.754638671875,141.66928100585938,157.6817626953125,152.003662109375,0.7043958902359009,0.9808632337987088,0.9864874631166806,reject,reject,0.0014083957081525
2_002_20200713_163819(2),2,2020-07-13 16:38:19,152.0958251953125,195.28192138671875,165.4236297607422,208.9887237548828,0.0029242518357932,0.0010689208201756,0.9864874631166806,reject,reject,0.0014083957081525
2_002_20200713_163823(7),2,2020-07-13 16:38:23,149.2223663330078,143.53799438476562,160.1672821044922,154.0307159423828,0.7407348155975342,0.985638120958421,0.985638120958421,reject,reject,0.0015207130611509
2_002_20200713_163823(7),2,2020-07-13 16:38:23,155.03433227539062,200.2754669189453,165.269287109375,211.22073364257807,0.6985763311386108,0.9800058652552932,0.985638120958421,reject,reject,0.0015207130611509
2_002_20200713_163823(7),2,2020-07-13 16:38:23,151.4906768798828,167.95838928222656,161.97763061523438,178.14202880859375,0.6951408386230469,0.97948681811087,0.985638120958421,reject,reject,0.0015207130611509
2_002_20200713_163828(2),2,2020-07-13 16:38:28,149.05789184570312,199.523178100586,159.45701599121094,209.64561462402344,0.7342770099639893,0.9848584419007278,0.9848584419007278,reject,reject,0.0012217102039642
2_002_20200713_163828(2),2,2020-07-13 16:38:28,143.61146545410156,143.04364013671875,155.1630859375,154.00906372070312,0.7120718359947205,0.9819531640772188,0.9848584419007278,reject,reject,0.0012217102039642
2_002_20200713_163828(2),2,2020-07-13 16:38:28,145.90255737304688,166.13922119140625,157.02610778808594,177.51112365722656,0.686579167842865,0.9781503434744898,0.9848584419007278,reject,reject,0.0012217102039642
2_002_20200713_163832(8),2,2020-07-13 16:38:32,151.0693817138672,199.6131591796875,161.5017547607422,209.91148376464844,0.7075929641723633,0.9813227715867838,0.9813227715867838,reinspect,reinspect,0.0006057421353127
2_002_20200713_163832(8),2,2020-07-13 16:38:32,145.38998413085938,142.0950164794922,156.6772003173828,154.05120849609375,0.706876814365387,0.9812205319972168,0.9813227715867838,reinspect,reinspect,0.0006057421353127
2_002_20200713_163832(8),2,2020-07-13 16:38:32,147.48812866210938,166.21669006347656,158.25421142578125,176.33914184570312,0.6948189735412598,0.97943769070315,0.9813227715867838,reinspect,reinspect,0.0006057421353127
2_002_20200713_163832(8),2,2020-07-13 16:38:32,146.81752014160156,162.77792358398438,158.84153747558594,177.97161865234375,0.0020720134489238,0.0006135998397608,0.9813227715867838,reinspect,reinspect,0.0006057421353127
2_002_20200713_202718(1),2,2020-07-13 20:27:18,157.31771850585938,128.1113739013672,167.9819793701172,139.2003173828125,0.7373136878013611,0.9852285924028998,0.9852285924028998,reject,reject,0.0020829113925359
2_002_20200713_202718(1),2,2020-07-13 20:27:18,153.77259826660156,149.9533233642578,164.09619140625,160.0089874267578,0.7185878753662109,0.9828430137948369,0.9852285924028998,reject,reject,0.0020829113925359
2_002_20200713_202718(1),2,2020-07-13 20:27:18,150.111083984375,175.8361358642578,160.77195739746094,186.1299591064453,0.7047675251960754,0.9809170651920142,0.9852285924028998,reject,reject,0.0020829113925359
2_002_20200713_202718(1),2,2020-07-13 20:27:18,151.79713439941406,145.2164764404297,163.24136352539062,160.73654174804688,0.002192512853071,0.0006720958220744,0.9852285924028998,reject,reject,0.0020829113925359
2_002_20200713_202722(5),2,2020-07-13 20:27:22,157.1761932373047,153.94190979003906,167.44528198242188,164.43368530273438,0.7369001507759094,0.9851785546708448,0.9851785546708448,reject,reject,0.0013225545825804
2_002_20200713_202722(5),2,2020-07-13 20:27:22,163.31202697753906,201.6344451904297,173.5461883544922,211.8468017578125,0.7088894844055176,0.9815068492998172,0.9851785546708448,reject,reject,0.0013225545825804
2_002_20200713_202722(5),2,2020-07-13 20:27:22,159.67137145996094,176.0673065185547,169.6446533203125,186.02330017089844,0.6959787607192993,0.9796143105901934,0.9851785546708448,reject,reject,0.0013225545825804
2_002_20200713_202726(9),2,2020-07-13 20:27:26,159.43067932128906,149.45082092285156,170.1546630859375,159.7967529296875,0.7120267152786255,0.9819468903724892,0.9819468903724892,reinspect,reinspect,0.0013300908322004
2_002_20200713_202726(9),2,2020-07-13 20:27:26,163.49867248535156,196.5565185546875,173.31344604492188,207.2345123291016,0.7090305089950562,0.981526792974748,0.9819468903724892,reinspect,reinspect,0.0013300908322004
2_002_20200713_202726(9),2,2020-07-13 20:27:26,160.9534912109375,170.93740844726562,171.38694763183594,181.4971923828125,0.7085561156272888,0.9814596430002106,0.9819468903724892,reinspect,reinspect,0.0013300908322004
2_002_20200713_202731(4),2,2020-07-13 20:27:31,159.2934112548828,115.88064575195312,169.9322509765625,126.1945343017578,0.708291232585907,0.9814220730070212,0.9814220730070212,reinspect,reinspect,0.0009561985343887
2_002_20200713_202731(4),2,2020-07-13 20:27:31,153.95501708984375,138.39280700683594,164.9676971435547,150.11819458007812,0.7059287428855896,0.9810845646148686,0.9814220730070212,reinspect,reinspect,0.0009561985343887
2_002_20200713_202731(4),2,2020-07-13 20:27:31,147.56851196289062,169.98861694335938,157.96966552734375,180.30181884765625,0.696555495262146,0.9797017255700312,0.9814220730070212,reinspect,reinspect,0.0009561985343887
2_002_20200713_202731(4),2,2020-07-13 20:27:31,147.9097137451172,127.34769439697266,160.60836791992188,139.8849639892578,0.0025048567913472,0.0008329415979576,0.9814220730070212,reinspect,reinspect,0.0009561985343887
2_002_20200713_202735(9),2,2020-07-13 20:27:35,145.2517852783203,168.09181213378906,155.6056671142578,178.04881286621094,0.7259756326675415,0.9838139365617816,0.9838139365617816,reject,reject,0.0011971708765332
2_002_20200713_202735(9),2,2020-07-13 20:27:35,143.3857421875,143.29627990722656,155.08827209472656,154.1669158935547,0.7078807950019836,0.9813637503063526,0.9838139365617816,reject,reject,0.0011971708765332
2_002_20200713_202735(9),2,2020-07-13 20:27:35,145.724609375,199.6630401611328,156.99594116210938,210.3842315673828,0.7021652460098267,0.98053781740463,0.9838139365617816,reject,reject,0.0011971708765332
2_002_20200713_202735(9),2,2020-07-13 20:27:35,144.66738891601562,166.73838806152344,156.5978240966797,181.41688537597656,0.0016269758343696,0.0004156741278912,0.9838139365617816,reject,reject,0.0011971708765332
2_002_20200713_202743(4),2,2020-07-13 20:27:43,149.6439971923828,150.0309295654297,159.55950927734375,159.919189453125,0.7392176389694214,0.9854574772821506,0.9854574772821506,reject,reject,0.0006350132635867
2_002_20200713_202743(4),2,2020-07-13 20:27:43,147.76177978515625,181.5829925537109,158.8590545654297,192.36129760742188,0.7183927893638611,0.982816833606023,0.9854574772821506,reject,reject,0.0006350132635867
2_002_20200713_202743(4),2,2020-07-13 20:27:43,149.60203552246094,125.53334045410156,160.4521026611328,135.84951782226562,0.7093074917793274,0.9815659189826036,0.9854574772821506,reject,reject,0.0006350132635867
2_002_20200713_202743(4),2,2020-07-13 20:27:43,149.1250762939453,146.26132202148438,160.40992736816406,161.01687622070312,0.0014134140219539,0.000331393845186,0.9854574772821506,reject,reject,0.0006350132635867
2_002_20200714_002857(2),2,2020-07-14 00:28:57,157.47381591796875,135.6919708251953,167.72299194335938,145.8820037841797,0.7424687743186951,0.985842695899312,0.985842695899312,reject,reject,0.0016097097894827
2_002_20200714_002857(2),2,2020-07-14 00:28:57,161.20555114746094,161.57650756835938,171.11448669433594,171.66854858398438,0.7229109406471252,0.9834159788336508,0.985842695899312,reject,reject,0.0016097097894827
2_002_20200714_002857(2),2,2020-07-14 00:28:57,155.7781524658203,113.57771301269533,166.60028076171875,123.8859634399414,0.7032553553581238,0.9806973428259168,0.985842695899312,reject,reject,0.0016097097894827
2_002_20200714_002857(2),2,2020-07-14 00:28:57,156.4943084716797,133.2262725830078,169.69667053222656,146.97650146484375,0.0101916743442416,0.00800180175716,0.985842695899312,reject,reject,0.0016097097894827
2_002_20200714_002857(2),2,2020-07-14 00:28:57,155.36436462402344,112.52237701416016,167.77145385742188,127.60823822021484,0.0027939488645642,0.0009932202578547,0.985842695899312,reject,reject,0.0016097097894827
2_002_20200714_002901(5),2,2020-07-14 00:29:01,161.33584594726562,185.6747589111328,171.5211944580078,195.6891326904297,0.7344325184822083,0.984877550595993,0.984877550595993,reject,reject,0.0009726411057726
2_002_20200714_002901(5),2,2020-07-14 00:29:01,157.98898315429688,159.69357299804688,168.7137908935547,170.24447631835938,0.7277381420135498,0.9840397556676096,0.984877550595993,reject,reject,0.0009726411057726
2_002_20200714_002901(5),2,2020-07-14 00:29:01,155.84024047851562,137.7190704345703,166.653564453125,148.34288024902344,0.7100083827972412,0.9816646603403512,0.984877550595993,reject,reject,0.0009726411057726
2_002_20200714_002904(6),2,2020-07-14 00:29:04,161.4167022705078,139.96945190429688,171.44358825683594,149.93994140625,0.7361595034599304,0.9850886463500051,0.9850886463500051,reject,reject,0.0015631025743841
2_002_20200714_002904(6),2,2020-07-14 00:29:04,165.3951873779297,166.0213165283203,175.42300415039062,175.96754455566406,0.7327457070350647,0.9846693874518035,0.9850886463500051,reject,reject,0.0015631025743841
2_002_20200714_002904(6),2,2020-07-14 00:29:04,157.8915557861328,117.6336441040039,169.38119506835938,128.51539611816406,0.7045745849609375,0.9808891314130128,0.9850886463500051,reject,reject,0.0015631025743841
2_002_20200714_002904(6),2,2020-07-14 00:29:04,157.36094665527344,116.67822265625,170.91114807128906,132.2322998046875,0.0017639826983213,0.0004734803601098,0.9850886463500051,reject,reject,0.0015631025743841
2_002_20200714_002907(5),2,2020-07-14 00:29:07,145.3150634765625,139.49754333496094,155.86984252929688,149.9124755859375,0.7443649768829346,0.986064135046814,0.986064135046814,reject,reject,0.001760189556218
2_002_20200714_002907(5),2,2020-07-14 00:29:07,153.20169067382812,194.16726684570312,163.9834442138672,205.3549041748047,0.7437098622322083,0.985987898335841,0.986064135046814,reject,reject,0.001760189556218
2_002_20200714_002907(5),2,2020-07-14 00:29:07,149.15499877929688,162.0259552001953,159.16575622558594,172.31875610351562,0.7390485405921936,0.9854372478698852,0.986064135046814,reject,reject,0.001760189556218
2_002_20200714_002907(5),2,2020-07-14 00:29:07,144.69161987304688,138.22145080566406,157.66744995117188,152.87164306640625,0.0029714168049395,0.0010968400967889,0.986064135046814,reject,reject,0.001760189556218
2_002_20200714_002910(7),2,2020-07-14 00:29:10,153.24815368652344,127.69189453125,163.67811584472656,137.88955688476562,0.7382158041000366,0.9853373459658438,0.9853373459658438,reject,reject,0.0015463285204416
2_002_20200714_002910(7),2,2020-07-14 00:29:10,157.64915466308594,183.55419921875,168.90924072265625,194.140380859375,0.7088959217071533,0.981507759997842,0.9853373459658438,reject,reject,0.0015463285204416
2_002_20200714_002910(7),2,2020-07-14 00:29:10,155.18505859375,151.75619506835938,165.46871948242188,161.9392547607422,0.699820876121521,0.9801915129042684,0.9853373459658438,reject,reject,0.0015463285204416
2_002_20200714_002915(0),2,2020-07-14 00:29:15,155.36534118652344,181.67486572265625,165.62060546875,191.8820037841797,0.7174232602119446,0.9826863057129582,0.9826863057129582,reinspect,reinspect,0.000532755654284
2_002_20200714_002915(0),2,2020-07-14 00:29:15,155.4478302001953,148.15890502929688,165.50550842285156,158.5142059326172,0.7023947238922119,0.9805714778936504,0.9826863057129582,reinspect,reinspect,0.000532755654284
2_002_20200714_002915(0),2,2020-07-14 00:29:15,154.87059020996094,123.87335205078124,165.59242248535156,135.1651153564453,0.6985905766487122,0.9800079973751142,0.9826863057129582,reinspect,reinspect,0.000532755654284
2_002_20200714_043014(3),2,2020-07-14 04:30:14,148.9494171142578,109.76235961914062,159.82638549804688,120.10345458984376,0.734479546546936,0.9848833260742698,0.9848833260742698,reject,reject,0.0021795596315955
2_002_20200714_043014(3),2,2020-07-14 04:30:14,149.18600463867188,133.93020629882812,160.19699096679688,144.53843688964844,0.7175735235214233,0.9827065814285996,0.9848833260742698,reject,reject,0.0021795596315955
2_002_20200714_043014(3),2,2020-07-14 04:30:14,151.22862243652344,167.0525360107422,161.75279235839844,177.7701873779297,0.6942014098167419,0.9793431887548188,0.9848833260742698,reject,reject,0.0021795596315955
2_002_20200714_043020(0),2,2020-07-14 04:30:20,149.4703369140625,153.5990753173828,159.89605712890625,163.72366333007812,0.7330974340438843,0.9847129548429134,0.9847129548429134,reject,reject,0.0021821853569685
2_002_20200714_043020(0),2,2020-07-14 04:30:20,153.8912811279297,185.407455444336,164.8829345703125,196.1438140869141,0.7256919145584106,0.9837773785579887,0.9847129548429134,reject,reject,0.0021821853569685
2_002_20200714_043020(0),2,2020-07-14 04:30:20,146.90380859375,129.64187622070312,157.01531982421875,139.87393188476562,0.7074027061462402,0.9812956489047638,0.9847129548429134,reject,reject,0.0021821853569685
2_002_20200714_043024(4),2,2020-07-14 04:30:24,159.1387176513672,187.52452087402344,169.25367736816406,197.70480346679688,0.7120621204376221,0.981951813331604,0.981951813331604,reinspect,reinspect,0.0010648108002223
2_002_20200714_043024(4),2,2020-07-14 04:30:24,151.97946166992188,130.5496063232422,163.66323852539062,142.2253875732422,0.7101107239723206,0.98167904640718,0.981951813331604,reinspect,reinspect,0.0010648108002223
2_002_20200714_043024(4),2,2020-07-14 04:30:24,155.2858428955078,154.16920471191406,165.58897399902344,165.15830993652344,0.6886590123176575,0.9784807353758106,0.981951813331604,reinspect,reinspect,0.0010648108002223
2_002_20200714_043029(1),2,2020-07-14 04:30:29,169.5102081298828,182.0755920410156,179.36412048339844,191.9300079345703,0.7318820357322693,0.9845620433052308,0.9845620433052308,reject,reject,0.0004500123708911
2_002_20200714_043029(1),2,2020-07-14 04:30:29,161.71990966796875,135.3907470703125,171.9824981689453,146.233642578125,0.7301636338233948,0.9843469217607212,0.9845620433052308,reject,reject,0.0004500123708911
2_002_20200714_043029(1),2,2020-07-14 04:30:29,165.2393035888672,157.5047149658203,175.10629272460938,167.5296630859375,0.7227466106414795,0.9833944486468708,0.9845620433052308,reject,reject,0.0004500123708911
2_002_20200714_043033(4),2,2020-07-14 04:30:33,157.58311462402344,157.34136962890625,167.62176513671875,167.667236328125,0.7297844290733337,0.984299172105116,0.984299172105116,reject,reject,0.001185175501327
2_002_20200714_043033(4),2,2020-07-14 04:30:33,159.82064819335938,178.4530487060547,169.7080841064453,188.0155334472656,0.7107373476028442,0.9817669547641522,0.984299172105116,reject,reject,0.001185175501327
2_002_20200714_043033(4),2,2020-07-14 04:30:33,163.32073974609375,203.9076995849609,173.3964080810547,213.775131225586,0.7101474404335022,0.9816842056602856,0.984299172105116,reject,reject,0.001185175501327
2_002_20200714_043033(4),2,2020-07-14 04:30:33,159.24525451660156,175.52333068847656,170.96437072753906,189.2369537353516,0.001881270785816,0.0005252055265668,0.984299172105116,reject,reject,0.001185175501327
2_002_20200714_043033(4),2,2020-07-14 04:30:33,162.8588409423828,200.3014068603516,174.42568969726562,215.00192260742188,0.0010440626647323,0.000203498041985,0.984299172105116,reject,reject,0.001185175501327
2_002_20200714_043037(9),2,2020-07-14 04:30:37,170.2227325439453,194.3423767089844,180.67840576171875,204.8581085205078,0.7362058162689209,0.985094279277579,0.985094279277579,reject,reject,0.00097387768431
2_002_20200714_043037(9),2,2020-07-14 04:30:37,164.00851440429688,147.45484924316406,174.6742706298828,158.06503295898438,0.7238136529922485,0.9835339015147976,0.985094279277579,reject,reject,0.00097387768431
2_002_20200714_043037(9),2,2020-07-14 04:30:37,167.14749145507812,169.13771057128906,176.8997039794922,179.46780395507812,0.7143229842185974,0.9822642027918752,0.985094279277579,reject,reject,0.00097387768431
2_002_20200714_230002(9),2,2020-07-14 23:00:02,159.1841583251953,127.7436752319336,169.10537719726562,137.9315948486328,0.721829354763031,0.9832739111726088,0.9832739111726088,reinspect,reinspect,0.0009850448181712
2_002_20200714_230002(9),2,2020-07-14 23:00:02,161.2274627685547,149.0437774658203,170.64767456054688,159.45574951171875,0.7190701365470886,0.9829076115208338,0.9832739111726088,reinspect,reinspect,0.0009850448181712
2_002_20200714_230002(9),2,2020-07-14 23:00:02,163.48275756835938,174.66392517089844,173.39926147460938,185.50428771972656,0.706505537033081,0.9811673693973556,0.9832739111726088,reinspect,reinspect,0.0009850448181712
2_002_20200714_230006(3),2,2020-07-14 23:00:06,161.24349975585938,107.78111267089844,171.4818115234375,118.1789093017578,0.7409281730651855,0.985661032633566,0.985661032633566,reject,reject,0.0007980227455944
2_002_20200714_230006(3),2,2020-07-14 23:00:06,167.2853546142578,155.66236877441406,177.41604614257812,165.77523803710938,0.7169141173362732,0.9826174797067292,0.985661032633566,reject,reject,0.0007980227455944
2_002_20200714_230006(3),2,2020-07-14 23:00:06,163.6952667236328,129.8525390625,173.51449584960938,139.95693969726562,0.7029651403427124,0.9806549657821556,0.985661032633566,reject,reject,0.0007980227455944
2_002_20200714_230010(7),2,2020-07-14 23:00:10,157.0022430419922,105.70521545410156,167.82461547851562,116.62301635742188,0.7437312006950378,0.985990385971565,0.985990385971565,reject,reject,0.0017061089779266
2_002_20200714_230010(7),2,2020-07-14 23:00:10,158.10264587402344,128.6036376953125,168.6311492919922,138.62872314453125,0.7128996253013611,0.982067986534884,0.985990385971565,reject,reject,0.0017061089779266
2_002_20200714_230010(7),2,2020-07-14 23:00:10,159.51255798339844,154.18910217285156,171.18740844726562,165.4078369140625,0.691322922706604,0.9788985049530688,0.985990385971565,reject,reject,0.0017061089779266
2_002_20200714_230010(7),2,2020-07-14 23:00:10,156.49647521972656,104.6980209350586,170.2857666015625,119.99515533447266,0.0015755053609609,0.0003947026374339,0.985990385971565,reject,reject,0.0017061089779266
2_002_20200714_230014(1),2,2020-07-14 23:00:14,153.49734497070312,159.96189880371094,163.2451934814453,170.05979919433594,0.7325380444526672,0.984643624688392,0.984643624688392,reject,reject,0.0003878948506396
2_002_20200714_230014(1),2,2020-07-14 23:00:14,147.56658935546875,136.067138671875,158.7012481689453,147.80560302734375,0.7110495567321777,0.9818106415451892,0.984643624688392,reject,reject,0.0003878948506396
2_002_20200714_230014(1),2,2020-07-14 23:00:14,159.66165161132812,191.19764709472656,170.7437286376953,201.7425079345703,0.707904040813446,0.9813670570135016,0.984643624688392,reject,reject,0.0003878948506396
2_002_20200714_230014(1),2,2020-07-14 23:00:14,152.38978576660156,157.81556701660156,165.68858337402344,171.33163452148438,0.0021084535401314,0.0006310758407607,0.984643624688392,reject,reject,0.0003878948506396
2_002_20200714_230017(3),2,2020-07-14 23:00:17,149.3819580078125,191.484130859375,159.4146270751953,201.46778869628903,0.7409712672233582,0.9856661356301438,0.9856661356301438,reject,reject,0.0016133829350684
2_002_20200714_230017(3),2,2020-07-14 23:00:17,153.43231201171875,135.32504272460938,164.28021240234375,146.18624877929688,0.7403063774108887,0.9855872647528048,0.9856661356301438,reject,reject,0.0016133829350684
2_002_20200714_230017(3),2,2020-07-14 23:00:17,151.4292449951172,158.4023895263672,162.06141662597656,169.42738342285156,0.702165424823761,0.980537843650001,0.9856661356301438,reject,reject,0.0016133829350684
2_002_20200714_230017(3),2,2020-07-14 23:00:17,148.83590698242188,187.7615203857422,160.3343505859375,202.4820098876953,0.0016996581107378,0.0004459847556327,0.9856661356301438,reject,reject,0.0016133829350684
2_002_20200714_230020(6),2,2020-07-14 23:00:20,149.1258087158203,187.2120819091797,159.5580596923828,197.6464385986328,0.7351883053779602,0.9849701843911186,0.9849701843911186,reject,reject,0.0003653675882611
2_002_20200714_230020(6),2,2020-07-14 23:00:20,139.24774169921875,131.71356201171875,149.65371704101562,141.95213317871094,0.7130872011184692,0.98209393261916,0.9849701843911186,reject,reject,0.0003653675882611
2_002_20200714_230020(6),2,2020-07-14 23:00:20,143.12416076660156,155.65892028808594,153.58908081054688,165.90003967285156,0.7048615217208862,0.9809306632859852,0.9849701843911186,reject,reject,0.0003653675882611
2_002_20200715_002706(2),2,2020-07-15 00:27:06,157.33506774902344,171.83624267578125,168.04486083984375,182.34393310546875,0.7332267165184021,0.9847289471809246,0.9847289471809246,reject,reject,0.0009994660059081
2_002_20200715_002706(2),2,2020-07-15 00:27:06,154.92178344726562,115.85523223876952,165.13101196289062,125.80821228027344,0.7195340991020203,0.9829695960639028,0.9847289471809246,reject,reject,0.0009994660059081
2_002_20200715_002706(2),2,2020-07-15 00:27:06,155.55987548828125,139.83790588378906,165.79403686523438,149.84959411621094,0.7159566879272461,0.9824875300033988,0.9847289471809246,reject,reject,0.0009994660059081
2_002_20200715_002710(7),2,2020-07-15 00:27:10,157.17840576171875,186.4600982666016,167.70677185058594,197.43264770507807,0.7366907596588135,0.9851531741911908,0.9851531741911908,reject,reject,0.0008044919145063
2_002_20200715_002710(7),2,2020-07-15 00:27:10,153.31552124023438,154.28616333007812,163.64666748046875,165.12808227539062,0.7327287793159485,0.9846672885055144,0.9851531741911908,reject,reject,0.0008044919145063
2_002_20200715_002710(7),2,2020-07-15 00:27:10,150.01161193847656,131.31678771972656,161.1136474609375,141.95504760742188,0.7158445715904236,0.98247226782505,0.9851531741911908,reject,reject,0.0008044919145063
2_002_20200715_002715(0),2,2020-07-15 00:27:15,149.53086853027344,117.98523712158205,161.233642578125,130.09329223632812,0.7120525240898132,0.9819504790887856,0.9819504790887856,reinspect,reinspect,0.0013410084415475
2_002_20200715_002715(0),2,2020-07-15 00:27:15,155.23446655273438,175.6204071044922,165.387451171875,185.84896850585932,0.6970708966255188,0.9797796125872248,0.9819504790887856,reinspect,reinspect,0.0013410084415475
2_002_20200715_002715(0),2,2020-07-15 00:27:15,151.5811004638672,142.60533142089844,162.3207244873047,153.8567657470703,0.696165144443512,0.9796425905537626,0.9819504790887856,reinspect,reinspect,0.0013410084415475
2_002_20200715_002719(6),2,2020-07-15 00:27:19,153.06381225585938,141.97755432128906,163.64718627929688,153.16641235351562,0.7305253744125366,0.9843923783918388,0.9843923783918388,reject,reject,0.0011606800843616
2_002_20200715_002719(6),2,2020-07-15 00:27:19,159.29681396484375,189.6132354736328,169.24557495117188,199.7316131591797,0.719260036945343,0.98293300106378,0.9843923783918388,reject,reject,0.0011606800843616
2_002_20200715_002719(6),2,2020-07-15 00:27:19,155.7966766357422,164.012451171875,165.48751831054688,173.70779418945312,0.7037782073020935,0.9807735200623616,0.9843923783918388,reject,reject,0.0011606800843616
2_002_20200715_002728(6),2,2020-07-15 00:27:28,165.67385864257812,158.36610412597656,175.3131561279297,168.19126892089844,0.7308571338653564,0.984433987075262,0.984433987075262,reject,reject,0.0001871782978719
2_002_20200715_002728(6),2,2020-07-15 00:27:28,169.3482666015625,184.0090484619141,178.72531127929688,193.9111328125,0.7244724035263062,0.9836195835521832,0.984433987075262,reject,reject,0.0001871782978719
2_002_20200715_002728(6),2,2020-07-15 00:27:28,163.44639587402344,136.3046417236328,173.56674194335938,147.0842742919922,0.7088947892189026,0.9815075997847782,0.984433987075262,reject,reject,0.0001871782978719
2_002_20200715_002733(1),2,2020-07-15 00:27:33,157.1790008544922,132.0460968017578,167.5294952392578,142.6719207763672,0.7411933541297913,0.9856924144402284,0.9856924144402284,reject,reject,0.0007085077895949
2_002_20200715_002733(1),2,2020-07-15 00:27:33,161.88214111328125,179.59417724609375,172.40855407714844,190.00558471679688,0.7153490781784058,0.9824047043003956,0.9856924144402284,reject,reject,0.0007085077895949
2_002_20200715_002733(1),2,2020-07-15 00:27:33,159.5438690185547,154.64022827148438,168.9011993408203,164.13040161132812,0.7143620848655701,0.9822695713383516,0.9856924144402284,reject,reject,0.0007085077895949
2_002_20200715_042403(8),2,2020-07-15 04:24:03,165.44728088378906,152.01011657714844,174.83734130859375,161.66342163085938,0.7287120819091797,0.9841635945702424,0.9841635945702424,reject,reject,0.0005822391732981
2_002_20200715_042403(8),2,2020-07-15 04:24:03,167.4670867919922,177.73260498046875,177.20677185058594,187.8408203125,0.7194762229919434,0.9829618725894138,0.9841635945702424,reject,reject,0.0005822391732981
2_002_20200715_042403(8),2,2020-07-15 04:24:03,164.08863830566406,129.8255157470703,173.89707946777344,140.20843505859375,0.7082250118255615,0.9814126719851723,0.9841635945702424,reject,reject,0.0005822391732981
2_002_20200715_042408(4),2,2020-07-15 04:24:08,161.9367218017578,198.0885467529297,172.23452758789062,208.19314575195312,0.7365678548812866,0.9851382629155055,0.9851382629155055,reject,reject,0.0013866985322074
2_002_20200715_042408(4),2,2020-07-15 04:24:08,157.4076690673828,150.07496643066406,167.43983459472656,160.98556518554688,0.7345093488693237,0.9848869852867936,0.9851382629155055,reject,reject,0.0013866985322074
2_002_20200715_042408(4),2,2020-07-15 04:24:08,159.66055297851562,172.62298583984375,169.16502380371094,182.04226684570312,0.7031602263450623,0.980683459536974,0.9851382629155055,reject,reject,0.0013866985322074
2_002_20200715_042412(9),2,2020-07-15 04:24:12,157.24143981933594,162.11915588378906,167.64443969726562,173.02662658691406,0.7353195548057556,0.9849862312214934,0.9849862312214934,reject,reject,0.0014448363005599
2_002_20200715_042412(9),2,2020-07-15 04:24:12,162.0475311279297,209.82080078125,173.08172607421875,220.2767944335937,0.7155664563179016,0.9824343678246756,0.9849862312214934,reject,reject,0.0014448363005599
2_002_20200715_042412(9),2,2020-07-15 04:24:12,159.16102600097656,184.8856201171875,169.37075805664062,195.4713287353516,0.6982588768005371,0.9799583090443612,0.9849862312214934,reject,reject,0.0014448363005599
2_002_20200715_042417(3),2,2020-07-15 04:24:17,153.45718383789062,139.63194274902344,164.04368591308594,150.04104614257812,0.7450467348098755,0.9861431732726786,0.9861431732726786,reject,reject,0.002228649625206
2_002_20200715_042417(3),2,2020-07-15 04:24:17,159.2442626953125,195.84750366210932,169.30552673339844,206.10580444335932,0.7129257321357727,0.9820715993180912,0.9861431732726786,reject,reject,0.002228649625206
2_002_20200715_042417(3),2,2020-07-15 04:24:17,155.58372497558594,163.8907470703125,165.9193115234375,173.9767303466797,0.705405056476593,0.9810091573379048,0.9861431732726786,reject,reject,0.002228649625206
2_002_20200715_042421(7),2,2020-07-15 04:24:21,149.52789306640625,187.55209350585932,159.66554260253906,197.69146728515625,0.7313279509544373,0.9844929041636098,0.9844929041636098,reject,reject,0.0003077530133343
2_002_20200715_042421(7),2,2020-07-15 04:24:21,143.6717071533203,131.4337158203125,154.69927978515625,142.03244018554688,0.7218753695487976,0.98327997260936,0.9844929041636098,reject,reject,0.0003077530133343
2_002_20200715_042421(7),2,2020-07-15 04:24:21,145.8068084716797,155.53713989257812,156.97994995117188,165.8148193359375,0.7089890241622925,0.9815209277968596,0.9844929041636098,reject,reject,0.0003077530133343
2_002_20200715_042426(3),2,2020-07-15 04:24:26,154.07974243164062,168.53558349609375,164.2545166015625,179.47328186035156,0.7234417200088501,0.9834853867691286,0.9834853867691286,reject,reject,0.0015195326046267
2_002_20200715_042426(3),2,2020-07-15 04:24:26,157.1893768310547,199.99609375,168.13986206054688,211.2790679931641,0.7224279642105103,0.9833526443696574,0.9834853867691286,reject,reject,0.0015195326046267
2_002_20200715_042426(3),2,2020-07-15 04:24:26,151.18447875976562,145.55123901367188,161.81396484375,155.94415283203125,0.7161461114883423,0.9825132944573824,0.9834853867691286,reject,reject,0.0015195326046267
2_002_20200715_083106(3),2,2020-07-15 08:31:06,153.15997314453125,141.96180725097656,164.1991424560547,153.58151245117188,0.7231132388114929,0.983442456639434,0.983442456639434,reject,reject,0.0007448535800372
2_002_20200715_083106(3),2,2020-07-15 08:31:06,155.66831970214844,166.05345153808594,165.80746459960938,176.09115600585938,0.709193766117096,0.9815498615229166,0.983442456639434,reject,reject,0.0007448535800372
2_002_20200715_083106(3),2,2020-07-15 08:31:06,159.1114959716797,198.29576110839844,169.06260681152344,208.980224609375,0.7048742175102234,0.9809324993984428,0.983442456639434,reject,reject,0.0007448535800372
2_002_20200715_083109(1),2,2020-07-15 08:31:09,148.00137329101562,163.37327575683594,159.08645629882812,174.190185546875,0.718904972076416,0.9828855074975268,0.9828855074975268,reinspect,reinspect,0.0002889419044574
2_002_20200715_083109(1),2,2020-07-15 08:31:09,155.26974487304688,195.7919006347656,165.57762145996094,206.0292358398437,0.710716962814331,0.9817640997582932,0.9828855074975268,reinspect,reinspect,0.0002889419044574
2_002_20200715_083109(1),2,2020-07-15 08:31:09,143.7005615234375,141.31907653808594,155.24351501464844,152.1592559814453,0.7040804624557495,0.9808174581556112,0.9828855074975268,reinspect,reinspect,0.0002889419044574
2_002_20200715_083113(8),2,2020-07-15 08:31:13,149.20050048828125,166.00096130371094,158.89508056640625,176.10594177246094,0.7303730845451355,0.9843732526849288,0.9843732526849288,reject,reject,0.0006444720878798
2_002_20200715_083113(8),2,2020-07-15 08:31:13,151.60330200195312,198.1676177978516,162.47706604003906,209.51356506347656,0.7128006219863892,0.9820542812915948,0.9843732526849288,reject,reject,0.0006444720878798
2_002_20200715_083113(8),2,2020-07-15 08:31:13,146.97962951660156,142.25006103515625,157.26673889160156,153.51268005371094,0.703924298286438,0.980794766012868,0.9843732526849288,reject,reject,0.0006444720878798
2_002_20200715_083118(3),2,2020-07-15 08:31:18,147.06466674804688,199.41099548339844,157.444091796875,209.60585021972656,0.7176701426506042,0.9827196098170464,0.9827196098170464,reinspect,reinspect,0.0001274772968772
2_002_20200715_083118(3),2,2020-07-15 08:31:18,143.97494506835938,165.95089721679688,154.8797149658203,176.3449249267578,0.7100182175636292,0.9816660431611756,0.9827196098170464,reinspect,reinspect,0.0001274772968772
2_002_20200715_083118(3),2,2020-07-15 08:31:18,142.80551147460938,142.27215576171875,153.32374572753906,153.3818817138672,0.6966131329536438,0.9797104465814354,0.9827196098170464,reinspect,reinspect,0.0001274772968772
2_002_20200715_083118(3),2,2020-07-15 08:31:18,146.7179412841797,195.72422790527344,159.156494140625,210.32325744628903,0.001757507561706,0.0004706843412917,0.9827196098170464,reinspect,reinspect,0.0001274772968772
2_002_20200715_083118(3),2,2020-07-15 08:31:18,139.19659423828125,142.2860565185547,153.58079528808594,157.25787353515625,0.0016856051515787,0.000440061216328,0.9827196098170464,reinspect,reinspect,0.0001274772968772
2_002_20200715_083122(8),2,2020-07-15 08:31:22,151.7804718017578,165.5714874267578,162.97776794433594,176.1279754638672,0.7163335084915161,0.9825387568255866,0.9825387568255866,reinspect,reinspect,0.0004706356186065
2_002_20200715_083122(8),2,2020-07-15 08:31:22,151.0065460205078,141.88031005859375,161.28140258789062,151.96224975585938,0.7102671265602112,0.9817010162718652,0.9825387568255866,reinspect,reinspect,0.0004706356186065
2_002_20200715_083122(8),2,2020-07-15 08:31:22,155.2258758544922,198.0122985839844,165.50987243652344,209.19728088378903,0.7046154737472534,0.9808950537291524,0.9825387568255866,reinspect,reinspect,0.0004706356186065
2_002_20200715_083127(3),2,2020-07-15 08:31:27,153.11424255371094,198.18093872070312,163.5195770263672,209.21975708007807,0.7401973009109497,0.9855742976326968,0.9855742976326968,reject,reject,0.0007898197157183
2_002_20200715_083127(3),2,2020-07-15 08:31:27,149.6949920654297,165.93643188476562,159.6635284423828,176.03016662597656,0.7368336915969849,0.9851705023230392,0.9855742976326968,reject,reject,0.0007898197157183
2_002_20200715_083127(3),2,2020-07-15 08:31:27,147.30780029296875,142.22238159179688,157.9569549560547,153.55047607421875,0.7054275870323181,0.9810124060331136,0.9855742976326968,reject,reject,0.0007898197157183
2_002_20200721_163536(6),2,2020-07-21 16:35:36,248.45741271972656,143.8834991455078,258.51922607421875,153.9610137939453,0.727769136428833,0.9840437070280444,0.9840437070280444,reject,reject,0.0006307082185419
2_002_20200721_163539(9),2,2020-07-21 16:35:39,253.91598510742188,143.8609619140625,263.48370361328125,153.97430419921875,0.7468110918998718,0.986346311277974,0.986346311277974,reject,reject,0.0015116143804274
2_002_20200721_163543(2),2,2020-07-21 16:35:43,245.99024963378903,150.11148071289062,255.1782989501953,159.87945556640625,0.7464599013328552,0.9863060387269048,0.9863060387269048,reject,reject,0.0012508586206488
2_002_20200721_163548(0),2,2020-07-21 16:35:48,130.32925415039062,148.0550079345703,139.57867431640625,157.8145294189453,0.730356752872467,0.9843712006667572,0.9843712006667572,reject,reject,0.0009483052290842
2_002_20200721_163551(3),2,2020-07-21 16:35:51,131.69683837890625,212.6565704345703,141.31524658203125,223.2898712158203,0.7117506861686707,0.9819084766788878,0.9819084766788878,reinspect,reinspect,0.0019447909466974
2_002_20200721_163554(6),2,2020-07-21 16:35:54,133.7555694580078,195.92330932617188,142.92918395996094,205.69970703125,0.7429926991462708,0.9859041170718892,0.9859041170718892,reject,reject,0.001851270083592
2_002_20200722_003424(1),2,2020-07-22 00:34:24,130.51055908203125,166.3910369873047,140.9588165283203,177.4703826904297,0.7187141180038452,0.9828599403122622,0.9828599403122622,reinspect,reinspect,0.0007986191777634
2_002_20200722_003428(4),2,2020-07-22 00:34:28,136.33253479003906,170.4936981201172,145.55654907226562,180.10183715820312,0.7224665880203247,0.9833577154834,0.9833577154834,reject,reject,0.0009563882740885
2_002_20200722_043525(6),2,2020-07-22 04:35:25,128.935791015625,169.77792358398438,138.7435302734375,179.72019958496094,0.7416743636131287,0.9857492181621088,0.9857492181621088,reject,reject,0.0014031524095125
2_002_20200722_043529(9),2,2020-07-22 04:35:29,127.98788452148438,163.9923553466797,137.36831665039062,173.87513732910156,0.7285959720611572,0.9841488661140138,0.9841488661140138,reject,reject,0.0013168479521493
2_002_20200722_083350(7),2,2020-07-22 08:33:50,132.5789031982422,169.8105926513672,142.50747680664062,179.7988739013672,0.7209083437919617,0.9831522631506898,0.9831522631506898,reinspect,reinspect,0.0004941497499595
2_002_20200722_083355(2),2,2020-07-22 08:33:55,135.78427124023438,168.41903686523438,145.30154418945312,179.23611450195312,0.7240583896636963,0.9835657703355606,0.9835657703355606,reject,reject,0.0017913236309314
2_002_20200722_131101(2),2,2020-07-22 13:11:01,126.65897369384766,174.30091857910156,136.82398986816406,185.43099975585932,0.7209325432777405,0.9831554673750196,0.9831554673750196,reinspect,reinspect,0.0001281046962955
2_002_20200722_131105(7),2,2020-07-22 13:11:05,136.2938995361328,159.69943237304688,145.60708618164062,169.5370635986328,0.7249379754066467,0.9836799508526632,0.9836799508526632,reject,reject,0.0015661383461218
2_002_20200722_163020(9),2,2020-07-22 16:30:20,129.9646759033203,159.89480590820312,138.7380828857422,169.4999237060547,0.7213034629821777,0.9832045267844858,0.9832045267844858,reinspect,reinspect,0.0183745236452451
2_002_20200722_163034(4),2,2020-07-22 16:30:34,124.2454833984375,149.32252502441406,134.14276123046875,159.511474609375,0.7283090353012085,0.984112427541644,0.984112427541644,reject,reject,0.0016709282896292
2_002_20200723_003123(9),2,2020-07-23 00:31:23,127.91348266601562,166.05418395996094,137.38206481933594,175.9667510986328,0.730452299118042,0.9843832030725492,0.9843832030725492,reject,reject,0.0011240255840592
2_002_20200723_003128(3),2,2020-07-23 00:31:28,135.69485473632812,162.0582733154297,145.3262481689453,171.96746826171875,0.7267037630081177,0.983907495397922,0.983907495397922,reject,reject,0.0016389202053426
2_002_20200723_043243(7),2,2020-07-23 04:32:43,134.70802307128906,162.6490936279297,145.06680297851562,173.48097229003906,0.721924364566803,0.983286424929948,0.983286424929948,reinspect,reinspect,0.0006187284786159
2_002_20200723_043248(3),2,2020-07-23 04:32:48,134.06961059570312,161.93153381347656,143.3543701171875,171.7572021484375,0.737109363079071,0.9852038837364137,0.9852038837364137,reject,reject,0.001043757385829
2_002_20200723_082414(2),2,2020-07-23 08:24:14,134.08717346191406,175.8744354248047,143.17843627929688,185.54690551757807,0.7354986071586609,0.985008103532551,0.985008103532551,reject,reject,0.0005301556713028
2_002_20200723_082418(9),2,2020-07-23 08:24:18,127.9981460571289,161.87599182128906,137.5396728515625,171.91183471679688,0.7231582999229431,0.9834483504264288,0.9834483504264288,reject,reject,0.0009864745785143
2_002_20200723_123231(8),2,2020-07-23 12:32:31,130.06069946289062,126.25698852539062,139.67669677734375,136.07473754882812,0.7314000725746155,0.9845019156599,0.9845019156599,reject,reject,0.0003602526249878
2_002_20200723_123236(1),2,2020-07-23 12:32:36,133.79595947265625,143.55813598632812,143.55709838867188,153.6518096923828,0.7327819466590881,0.9846738803035536,0.9846738803035536,reject,reject,0.0007293983248833
2_002_20200723_163042(4),2,2020-07-23 16:30:42,128.09149169921875,128.922119140625,137.6792755126953,139.78282165527344,0.726972222328186,0.9839418948792346,0.9839418948792346,reject,reject,0.0010138478120766
2_002_20200723_163045(7),2,2020-07-23 16:30:45,127.169189453125,123.3238525390625,136.86276245117188,134.41372680664062,0.7225295305252075,0.983365977197686,0.983365977197686,reject,reject,0.0007403186399458
2_002_20200723_203159(2),2,2020-07-23 20:31:59,130.01780700683594,159.894775390625,139.44085693359375,169.7938995361328,0.7331830859184265,0.9847235513346256,0.9847235513346256,reject,reject,0.000267173990649
2_002_20200723_203202(3),2,2020-07-23 20:32:02,132.46044921875,159.6683807373047,142.8867950439453,170.06944274902344,0.7395761609077454,0.9855003040971636,0.9855003040971636,reject,reject,0.0005317546080972
2_002_20200724_003143(3),2,2020-07-24 00:31:43,130.02587890625,157.6017303466797,139.70285034179688,167.51344299316406,0.7277326583862305,0.984039056509866,0.984039056509866,reject,reject,0.0011464022059782
2_002_20200724_003148(0),2,2020-07-24 00:31:48,126.33506774902344,157.58871459960938,136.9808349609375,167.9810028076172,0.7216973900794983,0.9832565191641304,0.9832565191641304,reinspect,reinspect,0.0006985438533961
2_002_20200727_091734(5),2,2020-07-27 09:17:34,129.8723907470703,130.86355590820312,139.45071411132812,141.7859649658203,0.7374064326286316,0.9852397985488068,0.9852397985488068,reject,reject,0.0004350120585623
2_002_20200727_091737(7),2,2020-07-27 09:17:37,130.3988494873047,153.47474670410156,140.6607208251953,163.69149780273438,0.7285011410713196,0.9841368298052042,0.9841368298052042,reject,reject,0.0005054726937087
2_002_20200727_123224(5),2,2020-07-27 12:32:24,129.02992248535156,159.9874267578125,138.96209716796875,170.1764373779297,0.7403898239135742,0.9855971795836131,0.9855971795836131,reject,reject,0.0006444277425058
2_002_20200727_123227(4),2,2020-07-27 12:32:27,130.2908172607422,157.83450317382812,140.33128356933594,168.00527954101562,0.7305878400802612,0.984400218606528,0.984400218606528,reject,reject,0.0003185208015146
2_002_20200727_163325(2),2,2020-07-27 16:33:25,134.40223693847656,164.20648193359375,143.62152099609375,173.92807006835938,0.7351899743080139,0.9849703885120188,0.9849703885120188,reject,reject,0.0003200697160137
2_002_20200727_163329(7),2,2020-07-27 16:33:29,130.10948181152344,159.89141845703125,139.24557495117188,169.56802368164062,0.7358194589614868,0.98504724267887,0.98504724267887,reject,reject,0.0010562272505899
2_002_20200727_204743(0),2,2020-07-27 20:47:43,132.3673095703125,137.6374053955078,142.96128845214844,148.27401733398438,0.7265171408653259,0.9838835520139142,0.9838835520139142,reject,reject,0.0010213018563878
2_002_20200727_204746(6),2,2020-07-27 20:47:46,124.76969146728516,155.76988220214844,134.68775939941406,166.0585174560547,0.7399343848228455,0.9855430091964424,0.9855430091964424,reject,reject,0.0009211672795635
2_002_20200728_014158(9),2,2020-07-28 01:41:58,126.1593780517578,178.5666046142578,135.72421264648438,189.1600952148437,0.7284982800483704,0.9841364665746252,0.9841364665746252,reject,reject,0.0005068591419916
2_002_20200728_014203(2),2,2020-07-28 01:42:03,129.66375732421875,148.00238037109375,139.5928955078125,159.24200439453125,0.726365327835083,0.983864056279878,0.983864056279878,reject,reject,0.0011049369138402
2_002_20200728_043429(7),2,2020-07-28 04:34:29,132.3651123046875,133.9661102294922,141.56358337402344,143.88075256347656,0.7209264039993286,0.983154654521256,0.983154654521256,reinspect,reinspect,0.0015520844455759
2_002_20200728_043435(6),2,2020-07-28 04:34:35,126.69142150878906,162.2465362548828,137.1863555908203,173.2103271484375,0.7167497873306274,0.982595224284144,0.982595224284144,reinspect,reinspect,0.0014735864051561
2_002_20200728_083031(3),2,2020-07-28 08:30:31,131.8443145751953,168.28305053710938,141.20208740234375,177.91697692871094,0.7314763069152832,0.984511437094516,0.984511437094516,reject,reject,0.0013390754962041
2_002_20200728_083035(2),2,2020-07-28 08:30:35,130.28062438964844,167.98757934570312,139.96038818359375,177.81336975097656,0.7379165291786194,0.9853013282386046,0.9853013282386046,reject,reject,0.000565672860767
2_002_20200728_123102(5),2,2020-07-28 12:31:02,134.1028289794922,166.36978149414062,144.00062561035156,177.16433715820312,0.7274977564811707,0.9840090866978234,0.9840090866978234,reject,reject,0.0006721592340791
2_002_20200728_123106(5),2,2020-07-28 12:31:06,129.93572998046875,157.7138671875,139.60562133789062,167.57225036621094,0.7332574725151062,0.9847327500199484,0.9847327500199484,reject,reject,0.0004365246777947
2_002_20200728_163706(6),2,2020-07-28 16:37:06,131.94371032714844,159.81011962890625,141.52842712402344,169.88815307617188,0.734900951385498,0.9849350107049192,0.9849350107049192,reject,reject,0.0015447681550705
2_002_20200728_163710(5),2,2020-07-28 16:37:10,123.86549377441406,162.36964416503906,133.17709350585938,171.97503662109375,0.7196147441864014,0.982980353905592,0.982980353905592,reinspect,reinspect,0.0010686094673566
2_002_20200810_084910(4),2,2020-08-10 08:49:10,130.62054443359375,164.2523956298828,140.05430603027344,174.9992218017578,0.7302913665771484,0.9843629832340738,0.9843629832340738,reject,reject,0.0008182026740688
2_002_20200810_084913(2),2,2020-08-10 08:49:13,132.04986572265625,176.08935546875,141.41136169433594,185.9911651611328,0.7267656326293945,0.983915427714846,0.983915427714846,reject,reject,0.0014052090711035
2_002_20200810_123005(5),2,2020-08-10 12:30:05,136.06141662597656,168.552001953125,145.53802490234375,179.30906677246094,0.7339808344841003,0.9848220022254812,0.9848220022254812,reject,reject,0.0010208925737472
2_002_20200810_123009(4),2,2020-08-10 12:30:09,131.8474578857422,164.1108856201172,141.5462188720703,175.0850372314453,0.7247257232666016,0.9836524490015968,0.9836524490015968,reject,reject,0.0010896139377803
2_002_20200810_163043(1),2,2020-08-10 16:30:43,134.3338623046875,170.46310424804688,143.39230346679688,180.10206604003906,0.7314176559448242,0.9845041121279968,0.9845041121279968,reject,reject,0.0005684737888788
2_002_20200810_163047(0),2,2020-08-10 16:30:47,134.00489807128906,170.57601928710938,142.94776916503906,179.90420532226562,0.7339390516281128,0.9848168566516652,0.9848168566516652,reject,reject,0.0021648417050974
2_002_20200810_203016(8),2,2020-08-10 20:30:16,129.88438415527344,162.43739318847656,139.33827209472656,173.0470733642578,0.719778835773468,0.9830022285008784,0.9830022285008784,reinspect,reinspect,0.0010156793032113
2_002_20200810_203020(9),2,2020-08-10 20:30:20,132.167236328125,177.89869689941406,141.0631866455078,187.5977020263672,0.7268690466880798,0.9839286803668617,0.9839286803668617,reject,reject,0.0013065973138846
2_002_20200811_002929(3),2,2020-08-11 00:29:29,132.9649658203125,152.91873168945312,142.34527587890625,163.26776123046875,0.7085528373718262,0.98145917835826,0.98145917835826,reinspect,reinspect,0.0009451922871108
2_002_20200811_002936(8),2,2020-08-11 00:29:36,117.9866714477539,137.8962860107422,127.12484741210938,147.66717529296875,0.7232663631439209,0.9834624786082118,0.9834624786082118,reject,reject,0.0007691561902628
2_002_20200814_032826(3),2,2020-08-14 03:28:26,130.02549743652344,176.2025146484375,139.16453552246094,185.8558654785156,0.7259055972099304,0.9838049176162188,0.9838049176162188,reject,reject,0.0005308875711003
2_002_20200814_032835(5),2,2020-08-14 03:28:35,129.64849853515625,130.0362548828125,138.9678192138672,139.83599853515625,0.7346727252006531,0.9849070342546282,0.9849070342546282,reject,reject,0.0014086222418128
2_002_20200814_043103(6),2,2020-08-14 04:31:03,131.67593383789062,143.73855590820312,141.1079864501953,153.8486785888672,0.7309841513633728,0.984449897024294,0.984449897024294,reject,reject,0.001412539211255
2_002_20200814_043115(5),2,2020-08-14 04:31:15,126.08820343017578,147.38059997558594,135.52517700195312,157.26515197753906,0.7239441871643066,0.9835509046334447,0.9835509046334447,reject,reject,0.0008397377849949
2_002_20200814_083411(8),2,2020-08-14 08:34:11,136.19248962402344,162.27467346191406,145.93386840820312,173.3096923828125,0.7154954075813293,0.9824246763860964,0.9824246763860964,reinspect,reinspect,0.0014509042962615
2_002_20200814_083414(7),2,2020-08-14 08:34:14,134.63343811035156,163.84286499023438,144.873046875,173.92449951171875,0.7196205258369446,0.9829811249784626,0.9829811249784626,reinspect,reinspect,0.0004889151230918
2_002_20200814_123224(3),2,2020-08-14 12:32:24,137.6963348388672,161.9788360595703,146.83987426757812,171.69918823242188,0.7441847324371338,0.9860431878371778,0.9860431878371778,reject,reject,0.0010070409243389
2_002_20200814_123228(8),2,2020-08-14 12:32:28,126.7063980102539,162.23301696777344,135.77313232421875,171.90927124023438,0.7267624735832214,0.9839150227589308,0.9839150227589308,reject,reject,0.0010767477712473
2_002_20200814_163309(9),2,2020-08-14 16:33:09,134.48159790039062,164.4932403564453,143.54212951660156,175.15110778808594,0.7368751168251038,0.9851755218516868,0.9851755218516868,reject,reject,0.0008977704463848
2_002_20200814_163312(9),2,2020-08-14 16:33:12,126.59017181396484,163.83673095703125,136.48985290527344,173.63902282714844,0.721035897731781,0.983169147587054,0.983169147587054,reinspect,reinspect,0.0007288054855958
2_002_20200814_203248(3),2,2020-08-14 20:32:48,130.31976318359375,164.22276306152344,139.0606231689453,173.8807830810547,0.7271763682365417,0.9839680191306288,0.9839680191306288,reject,reject,0.0003907194586037
2_002_20200814_203255(7),2,2020-08-14 20:32:55,135.6434783935547,148.24404907226562,145.0279541015625,159.3369598388672,0.726580798625946,0.983891722013156,0.983891722013156,reject,reject,0.0010509387390035
2_002_20200815_003211(1),2,2020-08-15 00:32:11,126.33413696289062,157.91455078125,135.47593688964844,167.6686248779297,0.7287918329238892,0.9841737054213984,0.9841737054213984,reject,reject,0.0003528310619492
2_002_20200815_003217(4),2,2020-08-15 00:32:17,128.39373779296875,147.97451782226562,137.73915100097656,158.18234252929688,0.7313348054885864,0.9844937607840352,0.9844937607840352,reject,reject,0.0005034992280024
2_002_20200818_123445(7),2,2020-08-18 12:34:45,123.75833892822266,154.6550750732422,133.2083282470703,165.36280822753906,0.7064297795295715,0.9811565085258744,0.9811565085258744,reinspect,reinspect,0.0014282190716849
2_002_20200818_123445(7),2,2020-08-18 12:34:45,114.84705352783205,168.81581115722656,124.11046600341795,177.7350616455078,0.0018949204823002,0.0005313567677894,0.9811565085258744,reinspect,reinspect,0.0014282190716849
2_002_20200818_123452(1),2,2020-08-18 12:34:52,136.12818908691406,152.2335205078125,145.4182586669922,161.97476196289062,0.7395442128181458,0.9854964912772944,0.9854964912772944,reject,reject,0.001135191578347
2_002_20200818_163006(5),2,2020-08-18 16:30:06,135.508056640625,147.8110809326172,144.6827850341797,157.95785522460938,0.7294480204582214,0.9842567268540544,0.9842567268540544,reject,reject,0.0012915572312501
2_002_20200818_163014(5),2,2020-08-18 16:30:14,124.29540252685548,157.0326385498047,133.74923706054688,167.3319549560547,0.7386197447776794,0.9853858643542244,0.9853858643542244,reject,reject,0.0005998882034444
2_002_20200818_163014(5),2,2020-08-18 16:30:14,115.05646514892578,170.84010314941406,123.978515625,178.8577423095703,0.0012350843753665,0.0002667078653375,0.9853858643542244,reject,reject,0.0005998882034444
2_002_20200818_203329(0),2,2020-08-18 20:33:29,123.9861297607422,164.03480529785156,133.31475830078125,173.88986206054688,0.7357486486434937,0.9850386109200748,0.9850386109200748,reject,reject,0.0006314924494266
2_002_20200818_203333(4),2,2020-08-18 20:33:33,131.98448181152344,164.16326904296875,141.68768310546875,175.24472045898438,0.7334065437316895,0.9847511727401574,0.9847511727401574,reject,reject,0.0009654207152439
2_002_20200819_003211(0),2,2020-08-19 00:32:11,130.50672912597656,159.9066162109375,139.48471069335938,169.6081085205078,0.7371625900268555,0.9852103231146496,0.9852103231146496,reject,reject,0.0007487909271287
2_002_20200819_003213(8),2,2020-08-19 00:32:13,126.03130340576172,158.00338745117188,135.3206787109375,167.58462524414062,0.7269622087478638,0.983940612693479,0.983940612693479,reject,reject,0.0010715531437105
2_002_20200819_043343(8),2,2020-08-19 04:33:43,130.16058349609375,161.87229919433594,139.2716064453125,171.7017822265625,0.733330249786377,0.9847417459960044,0.9847417459960044,reject,reject,0.0005329587991999
2_002_20200819_043346(8),2,2020-08-19 04:33:46,132.15420532226562,161.3929443359375,141.4816436767578,171.3983917236328,0.7259678840637207,0.983812938893511,0.983812938893511,reject,reject,0.0013136952995616
2_002_20200819_083326(7),2,2020-08-19 08:33:26,129.86695861816406,121.98469543457033,138.87457275390625,131.6942901611328,0.7358823418617249,0.985054905218252,0.985054905218252,reject,reject,0.0014002986742483
2_002_20200819_083328(5),2,2020-08-19 08:33:28,134.0208282470703,162.0276336669922,142.90878295898438,171.5274200439453,0.7358255982398987,0.9850479908940148,0.9850479908940148,reject,reject,0.0006905123414009
2_002_20200819_124217(5),2,2020-08-19 12:42:17,129.59178161621094,128.71511840820312,138.5581512451172,138.1743621826172,0.7434649467468262,0.9859593246490124,0.9859593246490124,reject,reject,0.0007096833746954
2_002_20200819_124225(2),2,2020-08-19 12:42:25,134.2287139892578,157.78860473632812,143.27125549316406,167.22543334960938,0.7295984029769897,0.984275710702766,0.984275710702766,reject,reject,0.0013891837568814
2_002_20200819_162523(2),2,2020-08-19 16:25:23,138.29168701171875,158.0482177734375,147.4904327392578,167.4290313720703,0.7308214902877808,0.9844295204096216,0.9844295204096216,reject,reject,0.0006390836671717
2_002_20200819_162527(8),2,2020-08-19 16:25:27,139.9396209716797,162.48043823242188,149.9608917236328,173.37783813476562,0.719658613204956,0.9829862039049828,0.9829862039049828,reinspect,reinspect,0.0023027842978632
2_002_20200821_150506(5),2,2020-08-21 15:05:06,132.1751251220703,172.1680450439453,141.4544219970703,182.0026397705078,0.7316842079162598,0.98453738272043,0.98453738272043,reject,reject,0.0011273538052459
2_002_20200821_150510(6),2,2020-08-21 15:05:10,122.47727966308594,172.70538330078125,131.4747314453125,183.37147521972656,0.7371433973312378,0.9852080014103656,0.9852080014103656,reject,reject,0.0004004178793976
2_002_20200821_163435(4),2,2020-08-21 16:34:35,132.43263244628906,148.2550048828125,141.58363342285156,158.06243896484375,0.7289605140686035,0.9841950760761023,0.9841950760761023,reject,reject,0.0003657226901868
2_002_20200821_163441(6),2,2020-08-21 16:34:41,136.86065673828125,146.18846130371094,147.05523681640625,157.35853576660156,0.7234569787979126,0.9834873790850082,0.9834873790850082,reject,reject,0.0022025518879643
2_002_20200821_203925(1),2,2020-08-21 20:39:25,127.69729614257812,146.27964782714844,137.45652770996094,157.19012451171875,0.7095445990562439,0.9815993650878336,0.9815993650878336,reinspect,reinspect,0.0025163666044945
2_002_20200821_203927(9),2,2020-08-21 20:39:27,122.7186050415039,159.55201721191406,133.01913452148438,169.7734375,0.7243610620498657,0.9836051236093484,0.9836051236093484,reject,reject,0.0003228499429268
2_002_20200826_023149(2),2,2020-08-26 02:31:49,130.36082458496094,139.6363067626953,141.2308349609375,150.26934814453125,0.7233812212944031,0.983477485890076,0.983477485890076,reject,reject,0.0008013696502668
2_002_20200826_023154(4),2,2020-08-26 02:31:54,134.15101623535156,97.96569061279295,143.70736694335938,107.74490356445312,0.7337794899940491,0.9847971955155296,0.9847971955155296,reject,reject,0.0009851333286355
2_002_20200826_043116(7),2,2020-08-26 04:31:16,136.66229248046875,151.9581298828125,146.39727783203125,162.2085723876953,0.7326237559318542,0.9846542617344746,0.9846542617344746,reject,reject,0.0001947124409778
2_002_20200826_043121(1),2,2020-08-26 04:31:21,128.87457275390625,156.12074279785156,137.9580078125,165.7429962158203,0.7241194844245911,0.983573719157877,0.983573719157877,reject,reject,0.0006594598142389
2_002_20200826_123512(3),2,2020-08-26 12:35:12,124.34516143798828,135.9364013671875,133.72312927246094,145.97369384765625,0.7366726398468018,0.9851509764721234,0.9851509764721234,reject,reject,0.0002806926661831
2_002_20200826_123515(1),2,2020-08-26 12:35:15,135.66680908203125,162.3411102294922,144.86740112304688,172.1847686767578,0.729127824306488,0.9842162532360956,0.9842162532360956,reject,reject,0.0012998852851264
2_002_20200826_163123(8),2,2020-08-26 16:31:23,241.84408569335932,150.3309326171875,250.64035034179688,159.85415649414062,0.7458579540252686,0.986236824307061,0.986236824307061,reject,reject,0.0010316875780021
2_002_20200826_163126(9),2,2020-08-26 16:31:26,243.38589477539065,153.89306640625,252.76844787597656,163.66787719726562,0.7210099697113037,0.9831657164345544,0.9831657164345544,reinspect,reinspect,0.0014225977112277
2_002_20200828_002838(9),2,2020-08-28 00:28:38,240.2197113037109,117.65267181396484,250.47543334960932,127.9015121459961,0.7115296125411987,0.9818776688601424,0.9818776688601424,reinspect,reinspect,0.0005393975549442
2_002_20200828_002842(8),2,2020-08-28 00:28:42,245.5043487548828,122.13057708740234,254.9585876464844,131.88247680664062,0.7315976619720459,0.9845265856170736,0.9845265856170736,reject,reject,0.0012976745458117
2_002_20200831_083537(6),2,2020-08-31 08:35:37,230.8069610595703,195.9980010986328,240.9599456787109,205.90768432617188,0.6811953783035278,0.9772776338888975,0.9772776338888975,reinspect,reinspect,0.0027602493156831
2_002_20200831_083543(5),2,2020-08-31 08:35:43,241.8096618652344,135.8177032470703,251.123291015625,145.53952026367188,0.7358685731887817,0.9850532276797224,0.9850532276797224,reject,reject,0.001704628526684
2_002_20200831_123129(1),2,2020-08-31 12:31:29,245.6128387451172,158.01510620117188,254.94178771972656,167.77297973632812,0.7443757057189941,0.9860653812321534,0.9860653812321534,reject,reject,0.001380993280631
2_002_20200831_123136(7),2,2020-08-31 12:31:36,252.476303100586,165.76422119140625,262.22705078125,175.7271728515625,0.7166777849197388,0.9825854665527414,0.9825854665527414,reinspect,reinspect,0.0010189529331212
2_002_20200901_003145(6),2,2020-09-01 00:31:45,239.88473510742188,153.7846221923828,249.0586395263672,163.4191131591797,0.7185760736465454,0.9828414308262852,0.9828414308262852,reinspect,reinspect,0.0011562444206342
2_002_20200901_083212(5),2,2020-09-01 08:32:12,247.4516143798828,157.76490783691406,256.7859191894531,167.50477600097656,0.7166947722434998,0.9825877690155532,0.9825877690155532,reinspect,reinspect,0.0014626277137898
2_002_20200901_123055(9),2,2020-09-01 12:30:55,238.43875122070312,174.43051147460938,247.46871948242188,184.5424346923828,0.7191188335418701,0.9829141248113756,0.9829141248113756,reinspect,reinspect,0.0008036606928871
2_002_20200901_191354(2),2,2020-09-01 19:13:54,240.13937377929688,192.1306915283203,249.6073760986328,202.5166778564453,0.7152369618415833,0.9823893909676592,0.9823893909676592,reinspect,reinspect,0.0008004900251557
2_002_20200901_203328(4),2,2020-09-01 20:33:28,236.26954650878903,132.1510467529297,245.2134246826172,141.63365173339844,0.7202581763267517,0.9830660146069472,0.9830660146069472,reinspect,reinspect,0.0008263596650068
2_002_20200901_203332(1),2,2020-09-01 20:33:32,241.7771148681641,191.7515106201172,251.2822265625,201.3997039794922,0.7282110452651978,0.9840999702958436,0.9840999702958436,reject,reject,0.0006077297611161
2_002_20200901_203335(1),2,2020-09-01 20:33:35,239.5738220214844,164.0267333984375,249.2240753173828,174.71556091308594,0.7244438529014587,0.9836158765270496,0.9836158765270496,reject,reject,0.0011798119317643
2_002_20200901_203338(1),2,2020-09-01 20:33:38,238.0090789794922,154.13523864746094,247.397689819336,163.6591033935547,0.7337222695350647,0.984790140554638,0.984790140554638,reject,reject,0.0004657229889526
2_002_20200901_203341(0),2,2020-09-01 20:33:41,246.1802520751953,162.15281677246094,255.6072998046875,172.68453979492188,0.7275298833847046,0.9840131878993246,0.9840131878993246,reject,reject,0.0004531867946193
2_002_20200901_203343(7),2,2020-09-01 20:33:43,237.84078979492188,155.57492065429688,246.95738220214844,164.9630126953125,0.7244409918785095,0.983615505018276,0.983615505018276,reject,reject,0.0007573103743793
2_002_20200902_003149(5),2,2020-09-02 00:31:49,236.21180725097656,157.42466735839844,246.3770446777344,167.2193145751953,0.7103666067123413,0.9817149804387172,0.9817149804387172,reinspect,reinspect,0.0017817362724766
2_002_20200902_003152(5),2,2020-09-02 00:31:52,236.8000030517578,162.23934936523438,246.94064331054688,172.93020629882812,0.7298299670219421,0.9843049115973904,0.9843049115973904,reject,reject,0.0015507654452293
2_002_20200902_003155(5),2,2020-09-02 00:31:55,239.99609375,161.38330078125,250.51573181152344,171.37054443359375,0.7089357376098633,0.9815133921197552,0.9815133921197552,reinspect,reinspect,0.0016365806832585
2_002_20200902_003158(2),2,2020-09-02 00:31:58,243.6482696533203,165.55935668945312,253.0277557373047,175.28085327148438,0.721916675567627,0.9832854124552076,0.9832854124552076,reinspect,reinspect,0.0011777026006985
2_002_20200902_003200(9),2,2020-09-02 00:32:00,242.11376953125,157.5242462158203,252.31646728515625,167.55685424804688,0.7215357422828674,0.9832351978216956,0.9832351978216956,reinspect,reinspect,0.0009407502869806
2_002_20200902_003203(7),2,2020-09-02 00:32:03,239.826416015625,163.77108764648438,248.6499481201172,173.25657653808594,0.7175462245941162,0.9827028991083157,0.9827028991083157,reinspect,reinspect,0.0017291892780742
2_002_20200902_043143(0),2,2020-09-02 04:31:43,237.76744079589844,139.73606872558594,247.029525756836,149.29254150390625,0.7090322971343994,0.9815270457541552,0.9815270457541552,reinspect,reinspect,0.0017134282076946
2_002_20200902_043145(9),2,2020-09-02 04:31:45,246.436264038086,163.91348266601562,256.7264099121094,174.06488037109375,0.7179998159408569,0.9827640116415376,0.9827640116415376,reinspect,reinspect,0.0007729226044571
2_002_20200902_043148(8),2,2020-09-02 04:31:48,246.25289916992188,163.6795654296875,255.3771514892578,173.07208251953125,0.7279229164123535,0.9840633017868096,0.9840633017868096,reject,reject,0.0005438569554425
2_002_20200902_043151(7),2,2020-09-02 04:31:51,238.2238006591797,155.4488067626953,248.6812744140625,165.58856201171875,0.7134807705879211,0.9821482855168774,0.9821482855168774,reinspect,reinspect,0.001025134243097
2_002_20200902_043154(5),2,2020-09-02 04:31:54,236.4004364013672,159.46578979492188,246.69552612304688,169.4706573486328,0.7166666984558105,0.9825839637765476,0.9825839637765476,reinspect,reinspect,0.0004856517287004
2_002_20200902_043157(3),2,2020-09-02 04:31:57,234.4791412353516,166.03138732910156,244.8876953125,176.8844757080078,0.6998425126075745,0.9801947292769576,0.9801947292769576,reinspect,reinspect,0.0015786428852793
2_002_20200902_082641(4),2,2020-09-02 08:26:41,249.43475341796875,149.98748779296875,258.9657897949219,159.71316528320312,0.7496618628501892,0.9866702715335742,0.9866702715335742,reject,reject,0.0017727164071013
2_002_20200902_082645(7),2,2020-09-02 08:26:45,249.39781188964844,170.46231079101562,259.0820617675781,180.8972930908203,0.7469162344932556,0.9863583528654396,0.9863583528654396,reject,reject,0.0022799604057471
2_002_20200902_082650(0),2,2020-09-02 08:26:50,247.91123962402344,152.3589324951172,258.1252136230469,163.33448791503906,0.7241776585578918,0.983581285486102,0.983581285486102,reject,reject,0.0008167209154636
2_002_20200902_082654(4),2,2020-09-02 08:26:54,245.55398559570312,175.5926971435547,255.2194976806641,185.354721069336,0.733116626739502,0.984715329723768,0.984715329723768,reject,reject,0.0003994703307311
2_002_20200902_082658(4),2,2020-09-02 08:26:58,243.48980712890625,172.19717407226562,253.02294921875,183.051025390625,0.7273315787315369,0.9839878613658616,0.9839878613658616,reject,reject,0.0012754963923691
2_002_20200902_082702(8),2,2020-09-02 08:27:02,237.6051025390625,170.21408081054688,247.42529296875,180.7965087890625,0.728318452835083,0.9841136244132483,0.9841136244132483,reject,reject,0.0006204425057128
2_002_20200904_230043(1),2,2020-09-04 23:00:43,241.5232086181641,143.7007293701172,251.03347778320312,153.58782958984375,0.7329684495925903,0.9846969878560738,0.9846969878560738,reject,reject,0.0010883689408007
2_002_20200904_230047(0),2,2020-09-04 23:00:47,239.7186737060547,141.83871459960938,248.6978912353516,151.55552673339844,0.7237184643745422,0.9835214946793994,0.9835214946793994,reject,reject,0.0015572326012706
2_002_20200904_230050(7),2,2020-09-04 23:00:50,244.31967163085932,149.5238037109375,254.45834350585932,159.54115295410156,0.7173378467559814,0.9826747729931627,0.9826747729931627,reinspect,reinspect,0.000968465422536
2_002_20200907_184832(7),2,2020-09-07 18:48:32,243.72413635253903,171.8961181640625,252.7923889160156,181.54627990722656,0.7207413911819458,0.9831301454744292,0.9831301454744292,reinspect,reinspect,0.0016891852421577
2_002_20200907_184835(6),2,2020-09-07 18:48:35,242.6626739501953,197.8031616210937,252.8912048339844,208.0565185546875,0.7117578983306885,0.9819094811032172,0.9819094811032172,reinspect,reinspect,0.0007948068706286
2_002_20200907_184838(9),2,2020-09-07 18:48:38,241.3422241210937,198.2759552001953,251.222412109375,209.0802154541016,0.7343415021896362,0.9848663686431184,0.9848663686431184,reject,reject,0.0010804402882111
2_002_20200907_184841(6),2,2020-09-07 18:48:41,246.31060791015625,179.6916961669922,256.6617431640625,189.9679718017578,0.7073997259140015,0.9812952238258804,0.9812952238258804,reinspect,reinspect,0.0009164942468924
2_002_20200907_184844(1),2,2020-09-07 18:48:44,248.2317657470703,151.81280517578125,258.3756408691406,162.08180236816406,0.7330695986747742,0.9847095100756534,0.9847095100756534,reject,reject,0.0004444440022074
2_002_20200907_184846(7),2,2020-09-07 18:48:46,238.2384490966797,177.4888458251953,248.7572479248047,187.96617126464844,0.7164844870567322,0.9825592517625332,0.9825592517625332,reinspect,reinspect,0.0004590596905672
2_002_20200907_204436(3),2,2020-09-07 20:44:36,236.190673828125,161.6088409423828,245.5474853515625,171.23326110839844,0.7191076874732971,0.9829126341637984,0.9829126341637984,reinspect,reinspect,0.0009028960037837
2_002_20200907_204440(8),2,2020-09-07 20:44:40,234.25718688964844,173.54641723632812,244.5266265869141,183.72694396972656,0.7136415243148804,0.982170452186244,0.982170452186244,reinspect,reinspect,0.0016026274452963
2_002_20200907_204445(2),2,2020-09-07 20:44:45,246.27996826171875,125.91250610351562,256.465576171875,136.05812072753906,0.721653938293457,0.9832507897477424,0.9832507897477424,reinspect,reinspect,0.0004013278645651
2_002_20200907_204449(9),2,2020-09-07 20:44:49,242.0830078125,174.49594116210938,251.2010498046875,183.9212188720703,0.7197284698486328,0.9829955164676756,0.9829955164676756,reinspect,reinspect,0.0006340021792689
2_002_20200907_204454(2),2,2020-09-07 20:44:54,246.36265563964844,165.54176330566406,256.3721618652344,175.56797790527344,0.7131199240684509,0.982098456221791,0.982098456221791,reinspect,reinspect,0.0009239876121102
2_002_20200907_204458(7),2,2020-09-07 20:44:58,245.7775115966797,170.0062255859375,255.1336975097656,179.67013549804688,0.7415568828582764,0.9857353587383526,0.9857353587383526,reject,reject,0.0009869829752234
2_002_20200908_003059(0),2,2020-09-08 00:30:59,239.23741149902344,158.04505920410156,248.74513244628903,167.98916625976562,0.7104101777076721,0.9817210941598774,0.9817210941598774,reinspect,reinspect,0.0020770585780135
2_002_20200908_003103(2),2,2020-09-08 00:31:03,237.64779663085932,160.1087188720703,246.90240478515625,170.49803161621094,0.7319974899291992,0.9845764228823194,0.9845764228823194,reject,reject,0.0016456055032977
2_002_20200908_003107(5),2,2020-09-08 00:31:07,245.58090209960932,135.63330078125,254.75424194335932,144.94580078125,0.7228584289550781,0.9834091009873004,0.9834091009873004,reject,reject,0.0015073324630819
2_002_20200908_003111(0),2,2020-09-08 00:31:11,248.1392059326172,154.26759338378906,257.47589111328125,163.9713592529297,0.7125132083892822,0.982014451731224,0.982014451731224,reinspect,reinspect,0.0020871465350863
2_002_20200908_003115(3),2,2020-09-08 00:31:15,246.2337188720703,143.8821563720703,256.5422668457031,153.98321533203125,0.7086331844329834,0.981470563905462,0.981470563905462,reinspect,reinspect,0.0011335172810956
2_002_20200908_003119(9),2,2020-09-08 00:31:19,247.4535980224609,143.60791015625,257.01873779296875,153.71812438964844,0.7104399800300598,0.9817252750699854,0.9817252750699854,reinspect,reinspect,0.0019456490328864
2_002_20200908_043119(7),2,2020-09-08 04:31:19,239.77183532714844,129.91329956054688,248.8721923828125,139.5489044189453,0.7147027254104614,0.9823162926945128,0.9823162926945128,reinspect,reinspect,0.0013933103419545
2_002_20200908_043124(3),2,2020-09-08 04:31:24,242.1710205078125,145.92576599121094,251.40093994140625,155.62313842773438,0.7342267632484436,0.9848522640928368,0.9848522640928368,reject,reject,0.0005852195577417
2_002_20200908_043128(8),2,2020-09-08 04:31:28,241.80670166015625,139.95901489257812,251.3276824951172,150.8833465576172,0.7239381074905396,0.9835501129804604,0.9835501129804604,reject,reject,0.0015766489383055
2_002_20200908_043133(4),2,2020-09-08 04:31:33,239.8692321777344,151.71148681640625,249.25440979003903,161.3573760986328,0.714786946773529,0.98232783077606,0.98232783077606,reinspect,reinspect,0.0013941153254043
2_002_20200908_043137(8),2,2020-09-08 04:31:37,247.30178833007807,163.60507202148438,256.4106140136719,173.6826171875,0.6770009994506836,0.9765799171445416,0.9765799171445416,reinspect,reinspect,0.0031537253375054
2_002_20200908_043137(8),2,2020-09-08 04:31:37,247.1335601806641,164.72161865234375,258.2414855957031,177.22535705566406,0.0013864632928743,0.0003212784611438,0.9765799171445416,reinspect,reinspect,0.0031537253375054
2_002_20200908_043142(4),2,2020-09-08 04:31:42,245.63949584960932,149.70614624023438,255.1729888916016,159.36216735839844,0.7356507182121277,0.9850266675847692,0.9850266675847692,reject,reject,0.0010055594110382
2_002_20200912_021355(2),2,2020-09-12 02:13:55,249.9217834472656,130.29969787597656,259.5868530273437,139.95309448242188,0.7301720380783081,0.9843479788865762,0.9843479788865762,reject,reject,0.0006323609113362
2_002_20200912_021400(1),2,2020-09-12 02:14:00,245.628158569336,132.61131286621094,255.45008850097656,143.26876831054688,0.7418015599250793,0.9857642134107772,0.9857642134107772,reject,reject,0.001192805351546
2_002_20200912_021403(1),2,2020-09-12 02:14:03,249.93223571777344,139.72071838378906,259.435546875,149.46595764160156,0.7269032001495361,0.9839330555069786,0.9839330555069786,reject,reject,0.0009655348784973
2_002_20200912_021406(0),2,2020-09-12 02:14:06,237.5186767578125,165.88719177246094,246.8907470703125,175.6044464111328,0.741564929485321,0.9857363083065503,0.9857363083065503,reject,reject,0.0012609380501153
2_002_20200912_021409(1),2,2020-09-12 02:14:09,233.60122680664065,102.15086364746094,243.286849975586,113.10588073730467,0.7262417674064636,0.983848176589445,0.983848176589445,reject,reject,0.0003885195602683
2_002_20200912_021412(4),2,2020-09-12 02:14:12,245.85791015625,116.10294342041016,255.31558227539065,125.63475036621094,0.7260203957557678,0.983819699174587,0.983819699174587,reject,reject,0.0014361926319447
2_002_20200912_043058(7),2,2020-09-12 04:30:58,235.96759033203125,167.88095092773438,245.1954040527344,177.69395446777344,0.733378529548645,0.984747711824442,0.984747711824442,reject,reject,0.000942258413298
2_002_20200912_043103(1),2,2020-09-12 04:31:03,246.6385498046875,129.8162841796875,256.6914978027344,139.80372619628906,0.719982922077179,0.9830294070281068,0.9830294070281068,reinspect,reinspect,0.0003301822129097
2_002_20200912_043107(6),2,2020-09-12 04:31:07,247.8081817626953,149.97158813476562,257.0928039550781,159.5685272216797,0.7275813221931458,0.9840197528620348,0.9840197528620348,reject,reject,0.0007124955144714
2_002_20200912_043112(2),2,2020-09-12 04:31:12,248.5878295898437,144.7344512939453,258.8865966796875,155.52745056152344,0.727502703666687,0.984009718284912,0.984009718284912,reject,reject,0.0009090045637107
2_002_20200912_043116(6),2,2020-09-12 04:31:16,240.0238037109375,175.7188720703125,249.2763214111328,185.5006561279297,0.7062171101570129,0.9811259953966897,0.9811259953966897,reinspect,reinspect,0.0010688560959345
2_002_20200912_043121(1),2,2020-09-12 04:31:21,239.5652313232422,176.06768798828125,248.95654296875,186.0043029785156,0.7130007147789001,0.9820819728769992,0.9820819728769992,reinspect,reinspect,0.0018705778089636
2_002_20200912_122945(7),2,2020-09-12 12:29:45,247.69000244140625,159.5470428466797,256.8829040527344,169.24574279785156,0.7228958606719971,0.9834140039020042,0.9834140039020042,reject,reject,0.0014248267996055
2_002_20200912_122948(3),2,2020-09-12 12:29:48,241.62374877929688,158.06265258789062,251.337890625,168.44383239746094,0.72902512550354,0.9842032565545789,0.9842032565545789,reject,reject,0.0009427634216821
2_002_20200912_122951(2),2,2020-09-12 12:29:51,239.6705474853516,159.7758026123047,248.99380493164065,169.7346954345703,0.7270935773849487,0.9839574280793932,0.9839574280793932,reject,reject,0.0014831160350445
2_002_20200912_122954(2),2,2020-09-12 12:29:54,235.6890869140625,158.33522033691406,245.1449432373047,169.00204467773438,0.7026536464691162,0.9806094068190376,0.9806094068190376,reinspect,reinspect,0.0029079897734889
2_002_20200912_122957(0),2,2020-09-12 12:29:57,241.9165496826172,154.11402893066406,251.21371459960932,163.5799560546875,0.7407842874526978,0.985643985443956,0.985643985443956,reject,reject,0.0008394610907088
2_002_20200912_122959(9),2,2020-09-12 12:29:59,241.7012176513672,154.00955200195312,250.99806213378903,163.64862060546875,0.7415146827697754,0.9857303780759472,0.9857303780759472,reject,reject,0.0009636649251754
2_002_20200912_163155(6),2,2020-09-12 16:31:55,243.1902618408203,154.1621551513672,252.93899536132807,165.0328826904297,0.7039003968238831,0.9807912911934712,0.9807912911934712,reinspect,reinspect,0.0030309119232803
2_002_20200912_163158(6),2,2020-09-12 16:31:58,244.56704711914065,149.51426696777344,254.62875366210932,159.38729858398438,0.7234369516372681,0.983484764135875,0.983484764135875,reject,reject,0.0006918021470794
2_002_20200912_163201(5),2,2020-09-12 16:32:01,239.69488525390625,153.88308715820312,248.8990173339844,163.80545043945312,0.7157940864562988,0.982465392304016,0.982465392304016,reinspect,reinspect,0.0018204647562043
2_002_20200912_163204(3),2,2020-09-12 16:32:04,238.4840087890625,154.04994201660156,248.6271209716797,163.89407348632812,0.7243760824203491,0.9836070748292056,0.9836070748292056,reject,reject,0.0004972899364963
2_002_20200912_163207(3),2,2020-09-12 16:32:07,242.4881591796875,155.59901428222656,252.56588745117188,165.45684814453125,0.7153472900390625,0.9824044601427856,0.9824044601427856,reinspect,reinspect,0.0006788035635871
2_002_20200912_163210(1),2,2020-09-12 16:32:10,244.3448638916016,143.7553253173828,254.6157073974609,154.1044464111328,0.7237249612808228,0.9835223416909328,0.9835223416909328,reject,reject,0.0011510510755697
2_002_20200912_202615(6),2,2020-09-12 20:26:15,244.4282684326172,150.53053283691406,254.68801879882807,161.37684631347656,0.730513870716095,0.984390934237848,0.984390934237848,reject,reject,0.0010128368344033
2_002_20200912_202620(0),2,2020-09-12 20:26:20,241.30865478515625,172.5164794921875,251.001220703125,183.36312866210932,0.7327808737754822,0.9846737473045564,0.9846737473045564,reject,reject,0.0014953323622131
2_002_20200912_202624(4),2,2020-09-12 20:26:24,241.310302734375,176.2923126220703,251.3358917236328,187.2471466064453,0.7277920246124268,0.9840466245186804,0.9840466245186804,reject,reject,0.0015360457598847
2_002_20200912_202629(0),2,2020-09-12 20:26:29,237.12657165527344,176.39210510253906,246.70216369628903,187.09182739257807,0.7319129705429077,0.98456589707943,0.98456589707943,reject,reject,0.0012968265174564
2_002_20200912_202633(4),2,2020-09-12 20:26:33,239.791748046875,171.8907012939453,248.838623046875,181.62432861328125,0.7207534313201904,0.9831317412202588,0.9831317412202588,reinspect,reinspect,0.0012688099838123
2_002_20200912_202637(9),2,2020-09-12 20:26:37,242.18020629882807,168.03736877441406,251.2271728515625,177.4937286376953,0.7267624735832214,0.9839150227589308,0.9839150227589308,reject,reject,0.0011399325460323
2_002_20200914_082856(6),2,2020-09-14 08:28:56,235.7210998535156,127.7170181274414,245.23568725585932,137.25344848632812,0.7259649634361267,0.9838125628381794,0.9838125628381794,reject,reject,0.000929034783213
2_002_20200914_082900(7),2,2020-09-14 08:29:00,238.01007080078125,158.27804565429688,247.5250701904297,167.6649627685547,0.7266209721565247,0.983896876499842,0.983896876499842,reject,reject,0.0005818248504327
2_002_20200914_082903(8),2,2020-09-14 08:29:03,233.4327545166016,170.22726440429688,242.99240112304688,180.66552734375,0.7312988638877869,0.9844892687490848,0.9844892687490848,reject,reject,0.0004483488693882
2_002_20200914_082906(7),2,2020-09-14 08:29:06,235.8170166015625,130.4202423095703,244.8438415527344,140.0701446533203,0.7285448312759399,0.984142375920586,0.984142375920586,reject,reject,0.0016078356144846
2_002_20200914_082909(7),2,2020-09-14 08:29:09,241.324951171875,175.98593139648438,250.8434295654297,185.6335906982422,0.7373864650726318,0.9852373864069736,0.9852373864069736,reject,reject,0.0009475428029934
2_002_20200914_082913(3),2,2020-09-14 08:29:13,243.59161376953125,153.8008575439453,252.77821350097656,163.351318359375,0.7230576276779175,0.983435180929684,0.983435180929684,reject,reject,0.0009189267582421
2_002_20200914_123939(3),2,2020-09-14 12:39:39,236.34571838378903,133.86900329589844,245.7637634277344,143.68092346191406,0.7369304299354553,0.9851822223690814,0.9851822223690814,reject,reject,0.0012229567375848
2_002_20200914_123943(9),2,2020-09-14 12:39:43,238.17189025878903,127.93987274169922,247.33628845214844,137.44725036621094,0.7232178449630737,0.983456136389015,0.983456136389015,reject,reject,0.0013407484369978
2_002_20200914_123948(3),2,2020-09-14 12:39:48,238.18312072753903,147.5821990966797,247.3886108398437,157.33804321289062,0.7251843810081482,0.9837118374347176,0.9837118374347176,reject,reject,0.0005310088407198
2_002_20200914_123952(7),2,2020-09-14 12:39:52,245.0118560791016,126.1982421875,254.89816284179688,136.91009521484375,0.7351523041725159,0.9849657807474612,0.9849657807474612,reject,reject,0.001309824989601
2_002_20200914_123957(3),2,2020-09-14 12:39:57,245.53317260742188,137.9188232421875,255.0322113037109,147.6101837158203,0.7409741282463074,0.9856664743744812,0.9856664743744812,reject,reject,0.0014024198980045
2_002_20200914_124001(9),2,2020-09-14 12:40:01,242.2919158935547,147.6508026123047,252.6085968017578,157.9445037841797,0.7110281586647034,0.9818076497468096,0.9818076497468096,reinspect,reinspect,0.0011820364381297
2_002_20200914_163059(4),2,2020-09-14 16:30:59,240.0850524902344,142.01278686523438,249.49679565429688,151.8787841796875,0.7173148393630981,0.9826716655537368,0.9826716655537368,reinspect,reinspect,0.0008191715789304
2_002_20200914_163104(0),2,2020-09-14 16:31:04,250.0302581787109,142.00450134277344,259.2923278808594,151.6228485107422,0.7406538724899292,0.985628522290407,0.985628522290407,reject,reject,0.001152597896523
2_002_20200914_163108(5),2,2020-09-14 16:31:08,243.35340881347656,138.11972045898438,252.72344970703125,147.941650390625,0.7091116309165955,0.9815382582404594,0.9815382582404594,reinspect,reinspect,0.0022845893839511
2_002_20200914_163113(0),2,2020-09-14 16:31:13,239.9857788085937,137.91741943359375,249.0810546875,147.43728637695312,0.7126625776290894,0.9820351590597428,0.9820351590597428,reinspect,reinspect,0.0015345991707737
2_002_20200914_163117(5),2,2020-09-14 16:31:17,239.73681640625,142.02761840820312,248.73660278320312,151.63861083984375,0.7035226225852966,0.980736309673536,0.980736309673536,reinspect,reinspect,0.0020339323181493
2_002_20200914_163122(1),2,2020-09-14 16:31:22,237.54595947265625,176.28578186035156,247.11605834960932,186.83058166503903,0.7283169031143188,0.9841134274640032,0.9841134274640032,reject,reject,0.0011021605940004
2_002_20200914_203029(2),2,2020-09-14 20:30:29,246.3775177001953,155.6314239501953,256.4749755859375,165.42430114746094,0.7120830416679382,0.9819547219028862,0.9819547219028862,reinspect,reinspect,0.0007449927809002
2_002_20200914_203032(1),2,2020-09-14 20:30:32,241.49478149414065,153.93209838867188,250.8224029541016,163.55101013183594,0.7436736822128296,0.9859836797882278,0.9859836797882278,reject,reject,0.0012944350560713
2_002_20200914_203035(2),2,2020-09-14 20:30:35,245.6455078125,151.81224060058594,255.1011199951172,161.759033203125,0.736208975315094,0.9850946634523392,0.9850946634523392,reject,reject,0.0009438025995743
2_002_20200914_203038(1),2,2020-09-14 20:30:38,245.9263916015625,151.79006958007812,255.17428588867188,161.42164611816406,0.7317839860916138,0.9845498241520686,0.9845498241520686,reject,reject,0.0010441585990523
2_002_20200914_203041(1),2,2020-09-14 20:30:41,236.03419494628903,155.37940979003906,246.1919403076172,165.435302734375,0.715801477432251,0.9824663989932632,0.9824663989932632,reinspect,reinspect,0.0007483121171508
2_002_20200914_203045(7),2,2020-09-14 20:30:45,239.716552734375,154.07546997070312,249.068359375,163.7967071533203,0.7187540531158447,0.9828652923266946,0.9828652923266946,reinspect,reinspect,0.0017126729200419
2_002_20200915_003459(4),2,2020-09-15 00:34:59,245.4410095214844,157.87063598632812,254.9720916748047,167.64620971679688,0.7390686869621277,0.9854396590094258,0.9854396590094258,reject,reject,0.0011888735426926
2_002_20200915_003502(0),2,2020-09-15 00:35:02,244.54031372070312,173.70314025878906,253.56309509277344,183.2435302734375,0.7211536765098572,0.9831847275045206,0.9831847275045206,reinspect,reinspect,0.0004945698379819
2_002_20200915_003504(5),2,2020-09-15 00:35:04,241.6053924560547,166.2652130126953,251.01353454589844,175.7520751953125,0.7422159910202026,0.985812996454955,0.985812996454955,reject,reject,0.0013334929539315
2_002_20200915_003507(2),2,2020-09-15 00:35:07,237.79739379882807,164.03536987304688,246.8699493408203,173.54258728027344,0.7366032600402832,0.9851425594576152,0.9851425594576152,reject,reject,0.0011578456450344
2_002_20200915_003509(8),2,2020-09-15 00:35:09,247.39833068847656,163.8179168701172,256.4510192871094,173.4445037841797,0.7197990417480469,0.983004920732549,0.983004920732549,reinspect,reinspect,0.0013236528777157
2_002_20200915_003512(4),2,2020-09-15 00:35:12,241.5284423828125,165.9531707763672,250.86676025390625,175.69195556640625,0.7448475956916809,0.9861201179566438,0.9861201179566438,reject,reject,0.0013786858930681
2_002_20200915_043405(0),2,2020-09-15 04:34:05,248.04991149902344,156.02835083007812,257.4347839355469,166.95046997070312,0.7264562845230103,0.9838757388545668,0.9838757388545668,reject,reject,0.000940383899067
2_002_20200915_043410(8),2,2020-09-15 04:34:10,245.5120849609375,147.5956573486328,255.20167541503903,157.65357971191406,0.734038770198822,0.9848291350410252,0.9848291350410252,reject,reject,0.0009491057379617
2_002_20200915_043413(6),2,2020-09-15 04:34:13,239.5840759277344,155.9398193359375,249.10446166992188,166.51210021972656,0.7270464301109314,0.9839513945685134,0.9839513945685134,reject,reject,0.0013560017362981
2_002_20200915_043416(5),2,2020-09-15 04:34:16,243.6398468017578,146.1891326904297,253.32215881347656,157.14041137695312,0.7134501338005066,0.982144058722376,0.982144058722376,reinspect,reinspect,0.0025313521080463
2_002_20200915_043419(5),2,2020-09-15 04:34:19,243.41897583007807,143.58045959472656,252.68760681152344,153.6470184326172,0.726861298084259,0.9839276876366264,0.9839276876366264,reject,reject,0.0010261198588367
2_002_20200915_043422(4),2,2020-09-15 04:34:22,240.5184936523437,149.72479248046875,250.69972229003903,159.66995239257812,0.7210302948951721,0.9831684061842706,0.9831684061842706,reinspect,reinspect,0.000818214576909
2_002_20200915_083044(8),2,2020-09-15 08:30:44,244.2288360595703,159.53836059570312,254.213119506836,169.63729858398438,0.7218353152275085,0.9832746964198188,0.9832746964198188,reinspect,reinspect,0.0006103730093651
2_002_20200915_083047(9),2,2020-09-15 08:30:47,245.75167846679688,158.47296142578125,255.4488525390625,168.69921875,0.724319338798523,0.983599702701525,0.983599702701525,reject,reject,0.0007148928809678
2_002_20200915_083050(8),2,2020-09-15 08:30:50,229.26971435546875,219.9476318359375,239.857162475586,230.2333068847656,0.6878448128700256,0.978351839594132,0.978351839594132,reinspect,reinspect,0.0013814991470966
2_002_20200915_083053(9),2,2020-09-15 08:30:53,239.99693298339844,166.1576690673828,249.38233947753903,175.74485778808594,0.7190055847167969,0.9828989749243652,0.9828989749243652,reinspect,reinspect,0.000901866163369
2_002_20200915_083056(9),2,2020-09-15 08:30:56,235.28887939453125,193.6691131591797,244.68539428710932,203.821533203125,0.7220677137374878,0.9833052930264008,0.9833052930264008,reinspect,reinspect,0.0006649381146204
2_002_20200915_083059(9),2,2020-09-15 08:30:59,243.50965881347656,172.02456665039062,252.8361358642578,181.8885498046875,0.7233524322509766,0.9834737252314416,0.9834737252314416,reject,reject,0.0013348887000823
2_002_20200915_123120(2),2,2020-09-15 12:31:20,239.80154418945312,127.73110961914062,248.9770050048828,137.1866455078125,0.7271085381507874,0.9839593423017884,0.9839593423017884,reject,reject,0.0011446903548797
2_002_20200915_123124(8),2,2020-09-15 12:31:24,247.559799194336,132.13951110839844,257.3589172363281,143.3585968017578,0.7148434519767761,0.982335568827135,0.982335568827135,reinspect,reinspect,0.002073419317863
2_002_20200915_123129(4),2,2020-09-15 12:31:29,240.27471923828125,139.5025634765625,250.60305786132807,149.6497802734375,0.7201687693595886,0.9830541299869286,0.9830541299869286,reinspect,reinspect,0.0009797957897603
2_002_20200915_123133(8),2,2020-09-15 12:31:33,248.2191925048828,133.8848114013672,257.42059326171875,143.88172912597656,0.706822395324707,0.9812127465788107,0.9812127465788107,reinspect,reinspect,0.0018769777293954
2_002_20200915_123138(3),2,2020-09-15 12:31:38,240.2588806152344,151.66775512695312,250.4882659912109,161.78350830078125,0.7189469933509827,0.9828911331323212,0.9828911331323212,reinspect,reinspect,0.0006212168257688
2_002_20200915_123142(8),2,2020-09-15 12:31:42,245.94854736328125,158.2826690673828,256.3348083496094,169.0215301513672,0.7103326320648193,0.9817102122273526,0.9817102122273526,reinspect,reinspect,0.0008491114147944
2_002_20200915_163147(0),2,2020-09-15 16:31:47,243.46453857421875,127.86222839355467,252.7037048339844,137.7733154296875,0.7234739661216736,0.9834895968948036,0.9834895968948036,reject,reject,0.0016626097478369
2_002_20200915_163150(3),2,2020-09-15 16:31:50,249.715087890625,137.8961639404297,259.0768737792969,147.46026611328125,0.7468690276145935,0.9863529473254632,0.9863529473254632,reject,reject,0.001328333141953
2_002_20200915_163153(6),2,2020-09-15 16:31:53,241.7421875,163.63818359375,250.98907470703125,173.3484649658203,0.7353603839874268,0.9849912206790898,0.9849912206790898,reject,reject,0.0016198332900205
2_002_20200915_163158(2),2,2020-09-15 16:31:58,239.2780914306641,189.4381561279297,248.86578369140625,199.42794799804688,0.7155154347419739,0.9824274085847758,0.9824274085847758,reinspect,reinspect,0.0013049481725563
2_002_20200915_163204(1),2,2020-09-15 16:32:04,242.0923767089844,120.20258331298828,251.4344940185547,130.013427734375,0.729000449180603,0.9842001326231292,0.9842001326231292,reject,reject,0.0005756587816712
2_002_20200915_163207(2),2,2020-09-15 16:32:07,241.9579315185547,143.8797149658203,252.2489013671875,154.03163146972656,0.7214188575744629,0.9832197688483898,0.9832197688483898,reinspect,reinspect,0.0006730342513103
2_002_20200915_203221(1),2,2020-09-15 20:32:21,250.07989501953125,165.77113342285156,260.2995300292969,175.75779724121094,0.7173739671707153,0.9826796507168416,0.9826796507168416,reinspect,reinspect,0.0009137539034642
2_002_20200915_203224(0),2,2020-09-15 20:32:24,245.64468383789065,138.2214813232422,254.9086151123047,148.14169311523438,0.7481697797775269,0.9865013654035362,0.9865013654035362,reject,reject,0.0012513098642292
2_002_20200915_203227(0),2,2020-09-15 20:32:27,239.5311737060547,142.25677490234375,249.2581787109375,152.787109375,0.7056937217712402,0.9810507498920958,0.9810507498920958,reinspect,reinspect,0.0029717098193631
2_002_20200915_203230(0),2,2020-09-15 20:32:30,235.95138549804688,119.88485717773438,244.80044555664065,129.6339569091797,0.7175332307815552,0.9827011461934342,0.9827011461934342,reinspect,reinspect,0.000347517370009
2_002_20200915_203233(0),2,2020-09-15 20:32:33,251.8804168701172,158.1244354248047,261.3982849121094,168.04039001464844,0.7097678184509277,0.9816308124652092,0.9816308124652092,reinspect,reinspect,0.0017689744231757
2_002_20200915_203236(0),2,2020-09-15 20:32:36,243.856674194336,132.572021484375,253.46348571777344,143.35281372070312,0.719307541847229,0.9829393482721096,0.9829393482721096,reinspect,reinspect,0.0013251561947572
2_002_20200915_215738(0),2,2020-09-15 21:57:38,263.7121276855469,150.63616943359375,272.8800354003906,161.06124877929688,0.65790855884552,0.973197132039186,0.973197132039186,reinspect,reinspect,0.2810442641959755
2_002_20200916_003108(4),2,2020-09-16 00:31:08,241.2303466796875,158.541259765625,251.0159912109375,168.9529266357422,0.7330262064933777,0.9847041390059628,0.9847041390059628,reject,reject,0.0014307113192838
2_002_20200916_003111(4),2,2020-09-16 00:31:11,241.6394195556641,163.73667907714844,251.0204162597656,173.49351501464844,0.7292875647544861,0.9842364538589472,0.9842364538589472,reject,reject,0.0010951939761818
2_002_20200916_003114(5),2,2020-09-16 00:31:14,251.5407257080078,158.2537384033203,261.4013977050781,168.92306518554688,0.7070523500442505,0.9812456290735228,0.9812456290735228,reinspect,reinspect,0.0023609279005618
2_002_20200916_003117(4),2,2020-09-16 00:31:17,243.9322204589844,157.99383544921875,253.32139587402344,167.83944702148438,0.7059317231178284,0.9810849931301276,0.9810849931301276,reinspect,reinspect,0.0023256892466883
2_002_20200916_003120(4),2,2020-09-16 00:31:20,243.6107940673828,156.16757202148438,253.375717163086,166.90701293945312,0.7252455949783325,0.9837197521868968,0.9837197521868968,reject,reject,0.0015807325777186
2_002_20200916_003123(4),2,2020-09-16 00:31:23,243.2673797607422,158.2784881591797,253.2632598876953,168.9684295654297,0.7088887095451355,0.981506739676592,0.981506739676592,reinspect,reinspect,0.0028258220952708
2_002_20200916_043144(0),2,2020-09-16 04:31:44,249.73373413085932,164.5118865966797,259.3873291015625,175.08734130859375,0.7325307130813599,0.9846427146073304,0.9846427146073304,reject,reject,0.0017472608208302
2_002_20200916_043146(9),2,2020-09-16 04:31:46,240.17941284179688,165.968017578125,250.5416259765625,176.12493896484375,0.7160772681236267,0.9825039338339288,0.9825039338339288,reinspect,reinspect,0.0003328904934076
2_002_20200916_043150(0),2,2020-09-16 04:31:50,243.849365234375,157.56967163085938,253.0313415527344,167.52337646484375,0.7146982550621033,0.9823156801203208,0.9823156801203208,reinspect,reinspect,0.0015863891025346
2_002_20200916_043152(7),2,2020-09-16 04:31:52,241.916244506836,159.79591369628906,251.09017944335932,169.2213134765625,0.7217782735824585,0.9832671805419492,0.9832671805419492,reinspect,reinspect,0.0005790330488112
2_002_20200916_043155(6),2,2020-09-16 04:31:55,250.01255798339844,158.28631591796875,260.4648132324219,168.97286987304688,0.7130038142204285,0.9820824015807452,0.9820824015807452,reinspect,reinspect,0.0011487860427019
2_002_20200916_043158(6),2,2020-09-16 04:31:58,247.28872680664065,156.8403778076172,256.2935485839844,167.01242065429688,0.6878610253334045,0.9783544117386106,0.9783544117386106,reinspect,reinspect,0.0025598777111331
2_002_20200916_083057(9),2,2020-09-16 08:30:57,243.89651489257807,155.84365844726562,252.81558227539065,165.7342987060547,0.7268491983413696,0.983926137364706,0.983926137364706,reject,reject,0.000952267757624
2_002_20200916_083102(3),2,2020-09-16 08:31:02,239.7080535888672,157.9169464111328,248.986572265625,167.70252990722656,0.7187774181365967,0.9828684231075274,0.9828684231075274,reinspect,reinspect,0.0012267328400937
2_002_20200916_083106(8),2,2020-09-16 08:31:06,245.8243408203125,161.9498291015625,255.197998046875,171.4888916015625,0.7299358248710632,0.984318248038788,0.984318248038788,reject,reject,0.0016446958553839
2_002_20200916_083111(3),2,2020-09-16 08:31:11,243.46041870117188,177.80043029785156,252.7293701171875,187.40028381347656,0.7202491760253906,0.9830648184876476,0.9830648184876476,reinspect,reinspect,0.000640419823831
2_002_20200916_083115(8),2,2020-09-16 08:31:15,241.8463592529297,178.18801879882812,251.08010864257807,187.5279235839844,0.7259215712547302,0.98380697501208,0.98380697501208,reject,reject,0.0005080200095185
2_002_20200916_083120(2),2,2020-09-16 08:31:20,248.63690185546875,164.26824951171875,258.5062866210937,174.921630859375,0.7247735857963562,0.9836586534540732,0.9836586534540732,reject,reject,0.0010697858079634
2_002_20200916_122640(9),2,2020-09-16 12:26:40,237.8399353027344,157.91920471191406,246.9872131347656,167.37303161621094,0.7348079085350037,0.984923609628068,0.984923609628068,reject,reject,0.0017098308134656
2_002_20200916_122645(5),2,2020-09-16 12:26:45,243.4747772216797,151.79574584960938,252.6749267578125,161.51663208007812,0.7248890995979309,0.9836736208046194,0.9836736208046194,reject,reject,0.0014207962686822
2_002_20200916_122650(1),2,2020-09-16 12:26:50,236.0153045654297,150.1988067626953,245.68829345703125,160.62249755859375,0.7323828935623169,0.984624357055374,0.984624357055374,reject,reject,0.0001882416934501
2_002_20200916_122654(5),2,2020-09-16 12:26:54,246.0829162597656,143.70021057128906,256.38787841796875,153.8210906982422,0.7088652849197388,0.981503425462354,0.981503425462354,reinspect,reinspect,0.0007801969264007
2_002_20200916_122659(0),2,2020-09-16 12:26:59,239.70233154296875,144.33299255371094,249.1793975830078,154.47964477539062,0.7037720084190369,0.9807726181862788,0.9807726181862788,reinspect,reinspect,0.0024348190357892
2_002_20200916_122703(5),2,2020-09-16 12:27:03,237.6927947998047,153.75779724121094,247.3075561523437,163.51051330566406,0.718861997127533,0.982879752838794,0.982879752838794,reinspect,reinspect,0.0003369523643739
2_002_20200916_203132(4),2,2020-09-16 20:31:32,251.5977783203125,172.27442932128906,261.4251403808594,183.2636108398437,0.7198781371116638,0.9830154564601628,0.9830154564601628,reinspect,reinspect,0.0011818602592477
2_002_20200916_203136(3),2,2020-09-16 20:31:36,241.7486114501953,170.28871154785156,251.09103393554688,180.04307556152344,0.7345018982887268,0.9848860705408506,0.9848860705408506,reject,reject,0.000945924631402
2_002_20200916_203140(2),2,2020-09-16 20:31:40,251.56655883789065,177.78048706054688,260.8492126464844,187.6849822998047,0.7210625410079956,0.9831726728795992,0.9831726728795992,reinspect,reinspect,0.0010419189902581
2_002_20200916_203144(3),2,2020-09-16 20:31:44,241.6451416015625,169.8037109375,251.0756072998047,179.49368286132812,0.7314984202384949,0.9845141982230484,0.9845141982230484,reject,reject,0.0012543711800949
2_002_20200916_203148(2),2,2020-09-16 20:31:48,249.3130798339844,174.0094757080078,258.7723388671875,183.8010711669922,0.7321862578392029,0.9845999135780376,0.9845999135780376,reject,reject,0.0013199428665969
2_002_20200916_203152(3),2,2020-09-16 20:31:52,249.78338623046875,180.02471923828125,259.2086486816406,189.8329315185547,0.7352373600006104,0.9849761832919668,0.9849761832919668,reject,reject,0.0010696925109558
2_002_20200917_003224(9),2,2020-09-17 00:32:24,243.3019256591797,173.79811096191406,253.03273010253903,183.91542053222656,0.718578577041626,0.9828417666161092,0.9828417666161092,reinspect,reinspect,0.001290024303119
2_002_20200917_003228(7),2,2020-09-17 00:32:28,247.5070953369141,169.91270446777344,257.3325500488281,179.94859313964844,0.7226966023445129,0.9833878927713308,0.9833878927713308,reject,reject,0.0009525139320799
2_002_20200917_003234(6),2,2020-09-17 00:32:34,242.0193634033203,172.823486328125,252.07586669921875,183.4643096923828,0.7141774296760559,0.9822442078955568,0.9822442078955568,reinspect,reinspect,0.000691239819442
2_002_20200917_003238(7),2,2020-09-17 00:32:38,246.27891540527344,170.5355224609375,256.5764465332031,181.38902282714844,0.7067265510559082,0.9811990290511768,0.9811990290511768,reinspect,reinspect,0.0006173822405352
2_002_20200917_003242(7),2,2020-09-17 00:32:42,243.24215698242188,170.7518310546875,252.88023376464844,181.469482421875,0.7037230730056763,0.9807654974959082,0.9807654974959082,reinspect,reinspect,0.0023546526795886
2_002_20200917_003246(7),2,2020-09-17 00:32:46,244.09420776367188,169.97076416015625,254.41207885742188,180.1669006347656,0.7084828615188599,0.9814492583735897,0.9814492583735897,reinspect,reinspect,0.0009594777203279
2_002_20200917_043058(6),2,2020-09-17 04:30:58,249.6844482421875,173.84780883789062,259.2888488769531,183.9252471923828,0.7348621487617493,0.9849302567172764,0.9849302567172764,reject,reject,0.0013133341736391
2_002_20200917_043102(6),2,2020-09-17 04:31:02,250.15740966796875,175.63592529296875,260.4099426269531,185.82411193847656,0.7035027146339417,0.9807334091079928,0.9807334091079928,reinspect,reinspect,0.0012198927193053
2_002_20200917_043106(5),2,2020-09-17 04:31:06,247.29351806640625,168.02883911132812,256.6884155273437,177.95965576171875,0.7093234658241272,0.9815681736310636,0.9815681736310636,reinspect,reinspect,0.0018012300975629
2_002_20200917_043110(7),2,2020-09-17 04:31:10,247.19049072265625,171.09368896484375,256.40740966796875,181.0726623535156,0.6935576796531677,0.979244344549812,0.979244344549812,reinspect,reinspect,0.001894288670162
2_002_20200917_043114(6),2,2020-09-17 04:31:14,240.3950653076172,171.83514404296875,250.7090301513672,181.9920959472656,0.7176436185836792,0.982716033930404,0.982716033930404,reinspect,reinspect,0.000710919976621
2_002_20200917_043118(5),2,2020-09-17 04:31:18,237.14097595214844,203.9842529296875,246.91896057128903,213.512451171875,0.7245460748672485,0.9836291463595734,0.9836291463595734,reject,reject,0.0010344706795283
2_002_20200917_083825(7),2,2020-09-17 08:38:25,241.7818756103516,164.27847290039062,251.308837890625,174.66368103027344,0.7221598029136658,0.9833174062171804,0.9833174062171804,reinspect,reinspect,0.0008796915103603
2_002_20200917_083829(7),2,2020-09-17 08:38:29,241.659423828125,157.96133422851562,251.0242156982422,167.4869842529297,0.7310619354248047,0.9844596345334484,0.9844596345334484,reject,reject,0.0009143416023185
2_002_20200917_083833(6),2,2020-09-17 08:38:33,251.7822113037109,161.4686279296875,261.1650390625,171.43063354492188,0.714530348777771,0.982292660917154,0.982292660917154,reinspect,reinspect,0.0014129961307738
2_002_20200917_083836(7),2,2020-09-17 08:38:36,235.9332275390625,137.93475341796875,244.63414001464844,147.1930389404297,0.7180948257446289,0.982776792990716,0.982776792990716,reinspect,reinspect,0.0008220986895998
2_002_20200917_083840(1),2,2020-09-17 08:38:40,238.66879272460932,145.80450439453125,248.5824737548828,156.01565551757812,0.7133434414863586,0.9821293333929648,0.9821293333929648,reinspect,reinspect,0.0012635396326973
2_002_20200917_083843(4),2,2020-09-17 08:38:43,242.5181579589844,163.75596618652344,252.4763641357422,173.8050079345703,0.7213599681854248,0.983211991572616,0.983211991572616,reinspect,reinspect,0.0003193416845018
2_002_20200917_123114(9),2,2020-09-17 12:31:14,244.0631866455078,151.8180694580078,254.3891143798828,162.1035614013672,0.7294486165046692,0.9842568021285965,0.9842568021285965,reject,reject,0.0007882105496566
2_002_20200917_123118(9),2,2020-09-17 12:31:18,241.98081970214844,148.13394165039062,251.1215667724609,157.7572784423828,0.7245649099349976,0.983631590592724,0.983631590592724,reject,reject,0.0010940918280991
2_002_20200917_123122(9),2,2020-09-17 12:31:22,244.1446685791016,131.87144470214844,254.42823791503903,141.88796997070312,0.7243669033050537,0.9836058824363794,0.9836058824363794,reject,reject,0.0005681568676097
2_002_20200917_123126(9),2,2020-09-17 12:31:26,240.10829162597656,146.0021514892578,249.35536193847656,155.61485290527344,0.7182446122169495,0.9827969296582446,0.9827969296582446,reinspect,reinspect,0.000709480916596
2_002_20200917_123130(9),2,2020-09-17 12:31:30,239.78582763671875,155.9109344482422,248.8316650390625,165.70065307617188,0.7232027649879456,0.9834541648114798,0.9834541648114798,reject,reject,0.0003051613338277
2_002_20200917_123135(0),2,2020-09-17 12:31:35,247.8825836181641,130.21141052246094,258.1071472167969,141.1623077392578,0.7229230403900146,0.983417563343348,0.983417563343348,reject,reject,0.0007377273887726
2_002_20200917_162827(5),2,2020-09-17 16:28:27,241.94564819335932,133.66665649414062,252.386947631836,143.9613037109375,0.7127012610435486,0.9820405190412064,0.9820405190412064,reinspect,reinspect,0.00028233441712
2_002_20200917_162841(6),2,2020-09-17 16:28:41,241.6112670898437,166.48211669921875,251.3253631591797,177.13656616210938,0.7231786847114563,0.9834510161801876,0.9834510161801876,reject,reject,0.0005413475479798
2_002_20200917_162845(6),2,2020-09-17 16:28:45,238.309799194336,155.68563842773438,248.38296508789065,165.916259765625,0.7127600312232971,0.9820486600684528,0.9820486600684528,reinspect,reinspect,0.0010233426969595
2_002_20200917_162851(6),2,2020-09-17 16:28:51,236.11827087402344,173.66319274902344,246.63262939453125,183.87110900878903,0.7176011204719543,0.98271030338543,0.98271030338543,reinspect,reinspect,0.0009611495275534
2_002_20200917_162855(9),2,2020-09-17 16:28:55,243.81106567382807,173.91519165039062,252.93946838378903,183.7395782470703,0.7152631878852844,0.9823929738808044,0.9823929738808044,reinspect,reinspect,0.0015703566208276
2_002_20200917_162859(9),2,2020-09-17 16:28:59,236.5263519287109,177.87693786621094,246.4696807861328,188.71270751953125,0.7201555371284485,0.9830523705642956,0.9830523705642956,reinspect,reinspect,0.0006571741005943
2_002_20200917_203038(6),2,2020-09-17 20:30:38,241.5056915283203,162.1524200439453,250.9799652099609,171.80743408203125,0.7404563426971436,0.9856050797868678,0.9856050797868678,reject,reject,0.0010549733975221
2_002_20200917_203042(6),2,2020-09-17 20:30:42,239.849838256836,162.1874237060547,249.04595947265625,171.8946075439453,0.7242568731307983,0.9835915844837216,0.9835915844837216,reject,reject,0.0006200725147289
2_002_20200917_203046(7),2,2020-09-17 20:30:46,238.1524353027344,161.29574584960938,248.4958038330078,171.4852752685547,0.7233850359916687,0.9834779841518092,0.9834779841518092,reject,reject,0.0006579352039532
2_002_20200917_203050(7),2,2020-09-17 20:30:50,241.46145629882807,162.19113159179688,251.12136840820312,172.66427612304688,0.7370962500572205,0.9852022970323352,0.9852022970323352,reject,reject,0.0016277084620619
2_002_20200917_203054(5),2,2020-09-17 20:30:54,247.6587677001953,161.50450134277344,257.0341491699219,171.4545440673828,0.7187997698783875,0.98287141773682,0.98287141773682,reinspect,reinspect,0.0015586151933187
2_002_20200917_203058(6),2,2020-09-17 20:30:58,237.835189819336,158.3584747314453,247.1752319335937,168.65306091308594,0.7332183122634888,0.984727907919366,0.984727907919366,reject,reject,0.000984558343711
2_002_20200918_003519(6),2,2020-09-18 00:35:19,240.66148376464844,173.9742431640625,251.01138305664065,184.7228240966797,0.7301419973373413,0.9843441999961688,0.9843441999961688,reject,reject,0.0009950955377174
2_002_20200918_003523(4),2,2020-09-18 00:35:23,250.47055053710932,167.3216094970703,260.675537109375,177.5895233154297,0.7053935527801514,0.9810074984581872,0.9810074984581872,reinspect,reinspect,0.0006343981771857
2_002_20200918_003527(3),2,2020-09-18 00:35:27,248.4116668701172,164.06980895996094,258.5980529785156,174.89199829101562,0.7236120700836182,0.9835076195547872,0.9835076195547872,reject,reject,0.001118125675214
2_002_20200918_003531(2),2,2020-09-18 00:35:31,251.7577362060547,173.72039794921875,261.2545471191406,183.76333618164065,0.7154760360717773,0.9824220333477068,0.9824220333477068,reinspect,reinspect,0.0013776869164629
2_002_20200918_003535(0),2,2020-09-18 00:35:35,242.1106109619141,173.89479064941406,251.34657287597656,183.3917999267578,0.7173687219619751,0.982678942460826,0.982678942460826,reinspect,reinspect,0.0012141172570474
2_002_20200918_003538(9),2,2020-09-18 00:35:38,243.92881774902344,171.94754028320312,253.23329162597656,181.70315551757807,0.7174791693687439,0.9826938517539936,0.9826938517539936,reinspect,reinspect,0.00159251201756
2_002_20200918_043323(0),2,2020-09-18 04:33:23,244.07839965820312,164.01669311523438,254.3162384033203,174.85459899902344,0.7187380194664001,0.9828631436745868,0.9828631436745868,reinspect,reinspect,0.0004556387528647
2_002_20200918_043326(6),2,2020-09-18 04:33:26,240.4847717285156,161.5800323486328,250.79415893554688,171.9261016845703,0.7206332683563232,0.9831158106002444,0.9831158106002444,reinspect,reinspect,0.0007396811419645
2_002_20200918_043330(5),2,2020-09-18 04:33:30,248.43161010742188,164.034423828125,258.6864318847656,174.97097778320312,0.7229472398757935,0.983420732044239,0.983420732044239,reject,reject,0.0010554380046047
2_002_20200918_043334(3),2,2020-09-18 04:33:34,239.68995666503903,162.5774383544922,249.43719482421875,173.1491241455078,0.7047016024589539,0.9809075242485934,0.9809075242485934,reinspect,reinspect,0.0025365470378427
2_002_20200918_043338(2),2,2020-09-18 04:33:38,245.57940673828125,165.52064514160156,255.0987701416016,175.3441162109375,0.7322359681129456,0.9846060955182911,0.9846060955182911,reject,reject,0.0010324938875588
2_002_20200918_043342(2),2,2020-09-18 04:33:42,249.43858337402344,167.53089904785156,258.06134033203125,177.03164672851562,0.7092949151992798,0.9815641437286377,0.9815641437286377,reinspect,reinspect,0.0013706581038309
2_002_20200918_083026(0),2,2020-09-18 08:30:26,239.71585083007807,135.4810791015625,248.9834442138672,145.14222717285156,0.7216715812683105,0.9832531162612216,0.9832531162612216,reinspect,reinspect,0.0016649455510993
2_002_20200918_083029(4),2,2020-09-18 08:30:29,244.1560516357422,155.5560760498047,254.27902221679688,165.53289794921875,0.7220839858055115,0.9833074338645218,0.9833074338645218,reinspect,reinspect,0.0001654786674478
2_002_20200918_083033(4),2,2020-09-18 08:30:33,236.1910400390625,193.82212829589844,245.17465209960932,203.38037109375,0.7310392260551453,0.9844567920649916,0.9844567920649916,reject,reject,0.0003776486375035
2_002_20200918_083037(6),2,2020-09-18 08:30:37,246.68637084960932,189.5518341064453,256.7928161621094,199.6456756591797,0.7093884944915771,0.9815773500313622,0.9815773500313622,reinspect,reinspect,0.000421164516909
2_002_20200918_083041(4),2,2020-09-18 08:30:41,245.7506256103516,171.93174743652344,255.2482452392578,181.80123901367188,0.7342557907104492,0.984855833216151,0.984855833216151,reject,reject,0.0010846590577659
2_002_20200918_083045(4),2,2020-09-18 08:30:45,250.29083251953125,167.84230041503906,260.6684875488281,177.8779754638672,0.7101304531097412,0.9816818187973604,0.9816818187973604,reinspect,reinspect,0.0003124160609409
2_002_20200918_123100(6),2,2020-09-18 12:31:00,240.0237274169922,137.66726684570312,249.32525634765625,146.8748321533203,0.7108975052833557,0.9817893746505418,0.9817893746505418,reinspect,reinspect,0.0010694620312331
2_002_20200918_123104(6),2,2020-09-18 12:31:04,237.4959716796875,145.92959594726562,247.1259002685547,155.65432739257812,0.7368962168693542,0.985178078113166,0.985178078113166,reject,reject,0.0005794562913208
2_002_20200918_123108(7),2,2020-09-18 12:31:08,239.3438873291016,154.24288940429688,248.86376953125,164.74542236328125,0.7099258899688721,0.9816530584692138,0.9816530584692138,reinspect,reinspect,0.002688279794823
2_002_20200918_123112(8),2,2020-09-18 12:31:12,236.03488159179688,154.0786590576172,245.1748809814453,163.5826416015625,0.7020329833030701,0.9805183975600515,0.9805183975600515,reinspect,reinspect,0.0019676533503114
2_002_20200918_123116(5),2,2020-09-18 12:31:16,250.1905212402344,130.22894287109375,259.4203186035156,139.43260192871094,0.7204212546348572,0.983087677035988,0.983087677035988,reinspect,reinspect,0.0007697395875008
2_002_20200918_123120(6),2,2020-09-18 12:31:20,241.73019409179688,146.2785186767578,251.40565490722656,156.9962158203125,0.7199863791465759,0.983029867148142,0.983029867148142,reinspect,reinspect,0.0012373205173144
2_002_20200918_163058(9),2,2020-09-18 16:30:58,240.1895446777344,158.39198303222656,249.32308959960932,168.93045043945312,0.7113006711006165,0.9818457251743412,0.9818457251743412,reinspect,reinspect,0.0017795046098661
2_002_20200918_163102(9),2,2020-09-18 16:31:02,237.8421173095703,158.5279998779297,247.1744842529297,168.92221069335938,0.728964626789093,0.9841955968768922,0.9841955968768922,reject,reject,0.0009306791130262
2_002_20200918_163106(9),2,2020-09-18 16:31:06,242.1587677001953,153.82228088378906,252.4364471435547,163.63905334472656,0.7259687781333923,0.983813054011271,0.983813054011271,reject,reject,0.0006394354770526
2_002_20200918_163110(9),2,2020-09-18 16:31:10,248.5890350341797,154.05020141601562,258.6337890625,164.79660034179688,0.7285985946655273,0.9841491988946666,0.9841491988946666,reject,reject,0.0010897016113881
2_002_20200918_163114(8),2,2020-09-18 16:31:14,245.75747680664065,165.7003173828125,255.16323852539065,175.25831604003906,0.7289723753929138,0.984196578063382,0.984196578063382,reject,reject,0.0016227422103692
2_002_20200918_163118(7),2,2020-09-18 16:31:18,245.82504272460932,150.13108825683594,255.167724609375,160.0338897705078,0.7415051460266113,0.9857292523385196,0.9857292523385196,reject,reject,0.0012856389048847
2_002_20200921_111920(1),2,2020-09-21 11:19:20,241.84718322753903,141.8837890625,251.50396728515625,151.5897216796875,0.7339465022087097,0.9848177742814216,0.9848177742814216,reject,reject,0.000592600701634
2_002_20200921_111923(3),2,2020-09-21 11:19:23,244.2485198974609,109.54222869873048,254.5658416748047,119.77801513671876,0.7274225354194641,0.983999481390203,0.983999481390203,reject,reject,0.0006253698685804
2_002_20200921_111926(6),2,2020-09-21 11:19:26,245.93798828125,118.29231262207033,255.6554412841797,129.14044189453125,0.7319930195808411,0.9845758662822524,0.9845758662822524,reject,reject,0.0010304283460401
2_002_20200921_111930(0),2,2020-09-21 11:19:30,234.78829956054688,121.8070297241211,244.8428497314453,132.12435913085938,0.716651976108551,0.982581968012464,0.982581968012464,reinspect,reinspect,0.000766557659955
2_002_20200921_111933(1),2,2020-09-21 11:19:33,234.53944396972656,114.00160217285156,244.8050079345703,124.27429962158205,0.7217864394187927,0.9832682566281556,0.9832682566281556,reinspect,reinspect,0.0012191539966317
2_002_20200921_111936(2),2,2020-09-21 11:19:36,233.8089904785156,122.03341674804688,243.07086181640625,131.4305419921875,0.7305058240890503,0.9843899240232838,0.9843899240232838,reject,reject,0.0007712499322778
2_002_20200921_123149(8),2,2020-09-21 12:31:49,243.79312133789065,161.75311279296875,253.2794342041016,171.80076599121094,0.7142085433006287,0.9822484833344812,0.9822484833344812,reinspect,reinspect,0.0016241207297382
2_002_20200921_123152(7),2,2020-09-21 12:31:52,241.90496826171875,152.1058349609375,251.18896484375,161.92794799804688,0.7306329011917114,0.9844058726393132,0.9844058726393132,reject,reject,0.0007027438684932
2_002_20200921_123155(7),2,2020-09-21 12:31:55,243.35108947753903,157.693359375,252.61691284179688,167.43492126464844,0.7313135266304016,0.9844911014293052,0.9844911014293052,reject,reject,0.0007259419742157
2_002_20200921_123158(9),2,2020-09-21 12:31:58,238.1285552978516,155.89744567871094,247.17739868164065,165.3572235107422,0.7242645025253296,0.9835925761725,0.9835925761725,reject,reject,0.0006139968667434
2_002_20200921_123201(8),2,2020-09-21 12:32:01,242.01382446289065,163.85440063476562,251.197509765625,173.39402770996094,0.7310233116149902,0.9844547998843908,0.9844547998843908,reject,reject,0.0009657983276837
2_002_20200921_123207(6),2,2020-09-21 12:32:07,245.51785278320312,164.06932067871094,254.7470703125,173.7781524658203,0.7402654886245728,0.9855824047864234,0.9855824047864234,reject,reject,0.0006834776858896
2_002_20200921_163038(3),2,2020-09-21 16:30:38,240.0341339111328,115.97573852539062,248.44287109375,125.2024383544922,0.728746235370636,0.9841679251029476,0.9841679251029476,reject,reject,0.0005205288591583
2_002_20200921_163042(3),2,2020-09-21 16:30:42,243.52735900878903,159.788330078125,252.8181915283203,169.60610961914062,0.7314642667770386,0.9845099335875174,0.9845099335875174,reject,reject,0.001160998040718
2_002_20200921_163045(4),2,2020-09-21 16:30:45,247.6556701660156,155.86660766601562,256.8185729980469,165.84873962402344,0.7321065664291382,0.984589999621581,0.984589999621581,reject,reject,0.0011348501932433
2_002_20200921_163049(6),2,2020-09-21 16:30:49,238.0840606689453,123.62334442138672,248.3697662353516,133.83216857910156,0.7225887775421143,0.9833737512193488,0.9833737512193488,reject,reject,0.0008091097759651
2_002_20200921_163052(5),2,2020-09-21 16:30:52,241.74969482421875,161.89407348632812,251.2295837402344,171.81396484375,0.7377646565437317,0.9852830272192308,0.9852830272192308,reject,reject,0.0016672759673584
2_002_20200921_163055(5),2,2020-09-21 16:30:55,246.2246856689453,155.9296417236328,255.52052307128903,165.6422119140625,0.7298128604888916,0.9843027557022952,0.9843027557022952,reject,reject,0.000651875840833
2_002_20200921_202239(4),2,2020-09-21 20:22:39,240.86297607421875,188.5615692138672,250.6423492431641,199.1737823486328,0.7323889136314392,0.9846251049774616,0.9846251049774616,reject,reject,0.0011450125686471
2_002_20200921_202244(0),2,2020-09-21 20:22:44,241.91433715820312,170.32293701171875,252.77230834960932,181.62481689453125,0.6956726908683777,0.9795678084343296,0.9795678084343296,reinspect,reinspect,0.000867870734147
2_002_20200921_202248(6),2,2020-09-21 20:22:48,235.68295288085932,176.7436065673828,245.3261260986328,187.0802459716797,0.705524742603302,0.9810264103725932,0.9810264103725932,reinspect,reinspect,0.001104870513484
2_002_20200921_202253(0),2,2020-09-21 20:22:53,239.84999084472656,175.55078125,249.1347503662109,185.37928771972656,0.7166549563407898,0.9825823720263628,0.9825823720263628,reinspect,reinspect,0.0018883144762788
2_002_20200921_202257(4),2,2020-09-21 20:22:57,237.56661987304688,179.919677734375,246.85435485839844,189.6366424560547,0.7411891222000122,0.9856919139969808,0.9856919139969808,reject,reject,0.0007174308042863
2_002_20200921_202303(6),2,2020-09-21 20:23:03,240.2211151123047,199.7777404785156,250.72808837890625,209.9437713623047,0.7034879922866821,0.9807312638760765,0.9807312638760765,reinspect,reinspect,0.0008216070661693
2_002_20200922_003106(0),2,2020-09-22 00:31:06,243.9969024658203,117.96551513671876,253.0430450439453,127.58326721191406,0.7248050570487976,0.9836627321966256,0.9836627321966256,reject,reject,0.0011822651491377
2_002_20200922_003110(6),2,2020-09-22 00:31:10,245.93533325195312,139.532470703125,255.25035095214844,149.17860412597656,0.7266900539398193,0.9839057373864336,0.9839057373864336,reject,reject,0.0013154823336687
2_002_20200922_003115(1),2,2020-09-22 00:31:15,247.6828155517578,134.43093872070312,257.05133056640625,144.92251586914062,0.7161970734596252,0.9825202214636616,0.9825202214636616,reinspect,reinspect,0.0025142263999964
2_002_20200922_003119(6),2,2020-09-22 00:31:19,240.3861083984375,133.98683166503906,249.4237670898437,143.6050567626953,0.714364230632782,0.9822698659202784,0.9822698659202784,reinspect,reinspect,0.000674037732618
2_002_20200922_003124(2),2,2020-09-22 00:31:24,249.69650268554688,169.71844482421875,259.14166259765625,179.30056762695312,0.7406432032585144,0.9856272567495322,0.9856272567495322,reject,reject,0.001578872575672
2_002_20200922_003128(7),2,2020-09-22 00:31:28,247.8651428222656,159.85939025878906,257.1676330566406,169.7230987548828,0.7263733148574829,0.9838650823779838,0.9838650823779838,reject,reject,0.0015308444645997
2_002_20200922_043107(1),2,2020-09-22 04:31:07,248.4683990478516,151.68276977539062,258.43927001953125,161.79531860351562,0.7085287570953369,0.981455765096062,0.981455765096062,reinspect,reinspect,0.0008366747164864
2_002_20200922_043111(6),2,2020-09-22 04:31:11,245.6786651611328,139.908935546875,255.1501007080078,149.60137939453125,0.7165539860725403,0.9825686803387944,0.9825686803387944,reinspect,reinspect,0.0014889053910625
2_002_20200922_043116(0),2,2020-09-22 04:31:16,247.4515991210937,147.82383728027344,256.9566955566406,157.80775451660156,0.7194055914878845,0.9829524435824712,0.9829524435824712,reinspect,reinspect,0.0012487417444379
2_002_20200922_043120(5),2,2020-09-22 04:31:20,239.76242065429688,143.521484375,249.08139038085932,153.26007080078125,0.7267603278160095,0.983914747690482,0.983914747690482,reject,reject,0.00100343975833
2_002_20200922_043125(0),2,2020-09-22 04:31:25,248.1038818359375,146.23385620117188,257.5918273925781,156.80645751953125,0.7097916007041931,0.9816341606646288,0.9816341606646288,reinspect,reinspect,0.0022495374311372
2_002_20200922_043129(5),2,2020-09-22 04:31:29,245.98312377929688,137.9363555908203,255.27749633789065,147.69210815429688,0.7414219379425049,0.9857194277138168,0.9857194277138168,reject,reject,0.0006947064020955
2_002_20200922_083741(5),2,2020-09-22 08:37:41,245.9154357910156,153.50631713867188,255.2560272216797,163.06651306152344,0.7368256449699402,0.9851695271714658,0.9851695271714658,reject,reject,0.0012494032852377
2_002_20200922_083744(6),2,2020-09-22 08:37:44,241.9275054931641,152.13430786132812,251.45440673828125,162.89703369140625,0.7290253043174744,0.9842032791901972,0.9842032791901972,reject,reject,0.0012109203362751
2_002_20200922_083747(7),2,2020-09-22 08:37:47,239.5783233642578,153.94578552246094,248.8303985595703,163.65359497070312,0.7180063724517822,0.982764893882114,0.982764893882114,reinspect,reinspect,0.0018047230444592
2_002_20200922_083750(6),2,2020-09-22 08:37:50,243.9620513916016,139.5646209716797,253.4302520751953,149.41200256347656,0.7285708785057068,0.9841456817626906,0.9841456817626906,reject,reject,0.0008387309483825
2_002_20200922_083753(5),2,2020-09-22 08:37:53,244.395751953125,159.77415466308594,254.4504547119141,169.80482482910156,0.728388249874115,0.9841224929441876,0.9841224929441876,reject,reject,0.0002755770714776
2_002_20200922_083756(6),2,2020-09-22 08:37:56,247.9375915527344,145.9392547607422,257.16363525390625,155.6866455078125,0.720869243144989,0.9831470849757418,0.9831470849757418,reinspect,reinspect,0.0015785722284823
2_002_20200922_122726(9),2,2020-09-22 12:27:26,246.0739898681641,163.93853759765625,256.4615783691406,173.9955596923828,0.7102123498916626,0.981693323940552,0.981693323940552,reinspect,reinspect,0.0006623509165815
2_002_20200922_122730(0),2,2020-09-22 12:27:30,247.92855834960932,158.4505157470703,257.5531005859375,169.01751708984375,0.699969470500946,0.9802135945658824,0.9802135945658824,reinspect,reinspect,0.002780228143935
2_002_20200922_122732(8),2,2020-09-22 12:27:32,239.75704956054688,151.96652221679688,249.00070190429688,161.79124450683594,0.7270683646202087,0.9839542017588336,0.9839542017588336,reject,reject,0.0012583498435023
2_002_20200922_122737(2),2,2020-09-22 12:27:37,241.8664703369141,159.69651794433594,252.49887084960932,169.89129638671875,0.7081730961799622,0.9814052994014472,0.9814052994014472,reinspect,reinspect,0.0005427568661478
2_002_20200922_122741(6),2,2020-09-22 12:27:41,243.4343719482422,158.65667724609375,252.13172912597656,167.856689453125,0.6865036487579346,0.978138276799122,0.978138276799122,reinspect,reinspect,0.0022861367600313
2_002_20200922_122746(0),2,2020-09-22 12:27:46,245.88250732421875,165.915283203125,255.151611328125,175.45794677734375,0.7378031015396118,0.9852876614085794,0.9852876614085794,reject,reject,0.0011922032385577
2_002_20200922_163036(2),2,2020-09-22 16:30:36,237.2981109619141,156.1890869140625,246.6934356689453,166.59341430664062,0.7330504059791565,0.9847071345707894,0.9847071345707894,reject,reject,0.0015246677095122
2_002_20200922_163039(5),2,2020-09-22 16:30:39,242.06044006347656,154.32286071777344,251.2954559326172,164.59268188476562,0.728025496006012,0.9840763632406032,0.9840763632406032,reject,reject,0.0005813362521015
2_002_20200922_163043(6),2,2020-09-22 16:30:43,247.3868560791016,154.08619689941406,256.8840637207031,164.60247802734375,0.7027378678321838,0.9806217326447504,0.9806217326447504,reinspect,reinspect,0.0032217879758739
2_002_20200922_163047(8),2,2020-09-22 16:30:47,238.2619781494141,145.5719757080078,248.68972778320312,155.56988525390625,0.722832441329956,0.9834056964551204,0.9834056964551204,reject,reject,0.0003746191683815
2_002_20200922_163053(8),2,2020-09-22 16:30:53,243.95558166503903,171.8419189453125,253.1758728027344,181.6640472412109,0.7282654047012329,0.9841068817233364,0.9841068817233364,reject,reject,0.0008638395689008
2_002_20200922_163059(7),2,2020-09-22 16:30:59,245.4281463623047,162.12020874023438,255.2843475341797,172.84634399414062,0.7361930012702942,0.985092720763056,0.985092720763056,reject,reject,0.001206747835915
3_001_20200624_162846(3),3,2020-06-24 16:28:46,358.4385681152344,192.96974182128903,368.990966796875,203.4716796875,0.6866341829299927,0.9781591308514204,0.9781591308514204,reinspect,reinspect,0.0011257100169724
3_001_20200624_162846(3),3,2020-06-24 16:28:46,361.3686218261719,222.59503173828125,372.8919372558594,234.0523376464844,0.6487210988998413,0.971441592705384,0.9781591308514204,reinspect,reinspect,0.0011257100169724
3_001_20200624_162846(3),3,2020-06-24 16:28:46,367.43157958984375,259.5716857910156,378.7311401367188,270.8002014160156,0.6357468962669373,0.9688108369374772,0.9781591308514204,reinspect,reinspect,0.0011257100169724
3_001_20200624_162846(3),3,2020-06-24 16:28:46,355.6703796386719,192.7081298828125,370.4608459472656,205.3790435791016,0.0038871713913977,0.0016911650949918,0.9781591308514204,reinspect,reinspect,0.0011257100169724
3_001_20200624_162846(3),3,2020-06-24 16:28:46,363.0014343261719,258.69659423828125,379.8504333496094,272.3944702148437,0.0020231283269822,0.0005904494593254,0.9781591308514204,reinspect,reinspect,0.0011257100169724
3_001_20200624_162850(9),3,2020-06-24 16:28:50,374.21728515625,278.4403381347656,385.5369262695313,289.42108154296875,0.7061476707458496,0.98111602475686,0.98111602475686,reinspect,reinspect,0.0011431771704048
3_001_20200624_162850(9),3,2020-06-24 16:28:50,359.7436828613281,213.4810791015625,371.0972290039063,224.6019287109375,0.7016212344169617,0.9804578515425127,0.98111602475686,reinspect,reinspect,0.0011431771704048
3_001_20200624_162850(9),3,2020-06-24 16:28:50,365.440185546875,243.1217193603516,376.5048522949219,253.50588989257807,0.6801873445510864,0.9771113909064184,0.98111602475686,reinspect,reinspect,0.0011431771704048
3_001_20200624_162850(9),3,2020-06-24 16:28:50,364.4952087402344,242.75,378.9323425292969,256.1141967773437,0.0121566150337457,0.0106311062893864,0.98111602475686,reinspect,reinspect,0.0011431771704048
3_001_20200624_162850(9),3,2020-06-24 16:28:50,364.8361511230469,239.04074096679688,379.3183288574219,253.1116943359375,0.0035544340498745,0.0014640016005645,0.98111602475686,reinspect,reinspect,0.0011431771704048
3_001_20200624_162850(9),3,2020-06-24 16:28:50,370.3346252441406,277.6551208496094,386.4780578613281,290.9197998046875,0.0012227235129103,0.000262423485137,0.98111602475686,reinspect,reinspect,0.0011431771704048
3_001_20200624_162850(9),3,2020-06-24 16:28:50,356.0294189453125,211.9480743408203,372.0347900390625,225.436752319336,0.0011577863479033,0.0002403513785596,0.98111602475686,reinspect,reinspect,0.0011431771704048
3_001_20200629_123129(6),3,2020-06-29 12:31:29,345.4015808105469,185.43536376953125,357.3716125488281,197.51153564453125,0.6805585622787476,0.9771727167060305,0.9771727167060305,reinspect,reinspect,0.0004092916296716
3_001_20200629_123129(6),3,2020-06-29 12:31:29,343.551513671875,151.57296752929688,355.495849609375,163.52488708496094,0.6621872782707214,0.9739856760634138,0.9771727167060305,reinspect,reinspect,0.0004092916296716
3_001_20200629_123129(6),3,2020-06-29 12:31:29,348.6365966796875,231.12684631347656,360.1187438964844,242.6300811767578,0.6430373191833496,0.9703115217406052,0.9771727167060305,reinspect,reinspect,0.0004092916296716
3_001_20200629_123129(6),3,2020-06-29 12:31:29,0.0,0.0,7.427268981933594,6.118862628936768,0.0045367735438048,0.0021696155239962,0.9771727167060305,reinspect,reinspect,0.0004092916296716
3_001_20200629_123129(6),3,2020-06-29 12:31:29,348.0498352050781,230.05563354492188,364.2221374511719,243.67274475097656,0.0031404853798449,0.0011991506604647,0.9771727167060305,reinspect,reinspect,0.0004092916296716
3_001_20200629_123129(6),3,2020-06-29 12:31:29,320.39361572265625,340.4153137207031,329.2719421386719,349.2982177734375,0.0025152675807476,0.0008385263641897,0.9771727167060305,reinspect,reinspect,0.0004092916296716
3_001_20200629_123129(6),3,2020-06-29 12:31:29,341.4491882324219,185.3804931640625,358.66552734375,199.5772399902344,0.0024551921524107,0.0008064952635171,0.9771727167060305,reinspect,reinspect,0.0004092916296716
3_001_20200629_123129(6),3,2020-06-29 12:31:29,246.6598663330078,151.68800354003906,256.872314453125,162.6205291748047,0.0022876586299389,0.0007197003595513,0.9771727167060305,reinspect,reinspect,0.0004092916296716
3_001_20200629_123129(6),3,2020-06-29 12:31:29,570.689208984375,314.7994384765625,576.0,325.9127197265625,0.0013412691187113,0.0003045843347108,0.9771727167060305,reinspect,reinspect,0.0004092916296716
3_001_20200629_163728(4),3,2020-06-29 16:37:28,349.037109375,218.1432037353516,361.3814697265625,229.9342803955078,0.686744749546051,0.9781767833752252,0.9781767833752252,reinspect,reinspect,0.0005558087126182
3_001_20200629_163728(4),3,2020-06-29 16:37:28,343.4989929199219,137.84823608398438,355.9941711425781,150.30056762695312,0.6836146712303162,0.9776729446972076,0.9781767833752252,reinspect,reinspect,0.0005558087126182
3_001_20200629_163728(4),3,2020-06-29 16:37:28,345.99169921875,172.18080139160156,357.7303771972656,183.93585205078125,0.6647074222564697,0.9744417234995948,0.9781767833752252,reinspect,reinspect,0.0005558087126182
3_001_20200629_163728(4),3,2020-06-29 16:37:28,342.43768310546875,138.2096710205078,358.2835998535156,154.70513916015625,0.0018052051309496,0.0004914275234489,0.9781767833752252,reinspect,reinspect,0.0005558087126182
3_001_20200629_163728(4),3,2020-06-29 16:37:28,344.6166687011719,167.58786010742188,359.3854675292969,183.60516357421875,0.001639791065827,0.0004209595382757,0.9781767833752252,reinspect,reinspect,0.0005558087126182
3_001_20200629_163732(9),3,2020-06-29 16:37:32,343.3404235839844,136.45712280273438,355.4051818847656,148.2653350830078,0.6733991503715515,0.9759680403850576,0.9759680403850576,reinspect,reinspect,0.0004379590535267
3_001_20200629_163732(9),3,2020-06-29 16:37:32,349.90338134765625,217.26168823242188,361.8601989746094,228.53756713867188,0.6491143703460693,0.9715185210848934,0.9759680403850576,reinspect,reinspect,0.0004379590535267
3_001_20200629_163732(9),3,2020-06-29 16:37:32,346.6142883300781,170.4768829345703,358.43902587890625,182.26773071289065,0.6353356242179871,0.968724425393076,0.9759680403850576,reinspect,reinspect,0.0004379590535267
3_001_20200629_163732(9),3,2020-06-29 16:37:32,569.382080078125,56.91695022583008,576.0,70.31725311279297,0.0024591791443526,0.0008086063453591,0.9759680403850576,reinspect,reinspect,0.0004379590535267
3_001_20200629_163732(9),3,2020-06-29 16:37:32,0.0,0.0,7.653207302093506,6.56707763671875,0.00184980512131,0.0005111294124053,0.9759680403850576,reinspect,reinspect,0.0004379590535267
3_001_20200629_163737(5),3,2020-06-29 16:37:37,352.6098022460937,172.40989685058594,364.3779296875,183.7676696777344,0.6741920709609985,0.97610376168881,0.97610376168881,reinspect,reinspect,0.0012635304081234
3_001_20200629_163737(5),3,2020-06-29 16:37:37,355.5421142578125,217.1728057861328,367.3469848632813,228.9854278564453,0.6712058782577515,0.975589593981963,0.97610376168881,reinspect,reinspect,0.0012635304081234
3_001_20200629_163737(5),3,2020-06-29 16:37:37,349.783935546875,137.77978515625,361.8883361816406,149.44320678710938,0.6600448489189148,0.973593100218692,0.97610376168881,reinspect,reinspect,0.0012635304081234
3_001_20200629_163737(5),3,2020-06-29 16:37:37,354.3074645996094,216.0469665527344,371.538330078125,230.10748291015625,0.0051089134067296,0.0026275544765558,0.97610376168881,reinspect,reinspect,0.0012635304081234
3_001_20200629_163737(5),3,2020-06-29 16:37:37,0.0,0.0,6.674490928649902,6.012611389160156,0.004154987167567,0.001882924127791,0.97610376168881,reinspect,reinspect,0.0012635304081234
3_001_20200629_163737(5),3,2020-06-29 16:37:37,351.7049865722656,213.66732788085932,367.4230041503906,228.25848388671875,0.0022792373783886,0.0007154371204023,0.97610376168881,reinspect,reinspect,0.0012635304081234
3_001_20200629_163737(5),3,2020-06-29 16:37:37,348.7033386230469,171.74244689941406,365.5479736328125,185.5308380126953,0.0017981061246246,0.000488318748786,0.97610376168881,reinspect,reinspect,0.0012635304081234
3_001_20200629_163741(9),3,2020-06-29 16:37:41,341.8634033203125,145.30238342285156,354.0578308105469,157.40289306640625,0.679786205291748,0.9770449837046832,0.9770449837046832,reinspect,reinspect,0.0012583992500919
3_001_20200629_163741(9),3,2020-06-29 16:37:41,348.7551574707031,225.09475708007807,360.7275085449219,236.8815460205078,0.6786922812461853,0.9768631560009794,0.9770449837046832,reinspect,reinspect,0.0012583992500919
3_001_20200629_163741(9),3,2020-06-29 16:37:41,344.5863952636719,179.86131286621094,356.6928405761719,191.5456695556641,0.6675717234611511,0.9749526110885472,0.9770449837046832,reinspect,reinspect,0.0012583992500919
3_001_20200629_163741(9),3,2020-06-29 16:37:41,347.8403625488281,224.95492553710932,362.6206970214844,241.0834503173828,0.0015250622527673,0.000374552089834,0.9770449837046832,reinspect,reinspect,0.0012583992500919
3_001_20200629_163741(9),3,2020-06-29 16:37:41,340.3695068359375,146.20555114746094,354.7836303710937,161.76560974121094,0.0013430869439616,0.0003052492778232,0.9770449837046832,reinspect,reinspect,0.0012583992500919
3_001_20200629_163741(9),3,2020-06-29 16:37:41,263.7364807128906,267.9390563964844,273.8185119628906,277.5834045410156,0.0010391575051471,0.0002019611661246,0.9770449837046832,reinspect,reinspect,0.0012583992500919
3_001_20200629_163746(6),3,2020-06-29 16:37:46,347.0847473144531,170.52423095703125,359.9101867675781,183.0183258056641,0.6770927906036377,0.9765953557994204,0.9765953557994204,reinspect,reinspect,0.0015759541505685
3_001_20200629_163746(6),3,2020-06-29 16:37:46,347.5716552734375,136.28964233398438,359.4618225097656,148.3516387939453,0.6617008447647095,0.9738969381802808,0.9765953557994204,reinspect,reinspect,0.0015759541505685
3_001_20200629_163746(6),3,2020-06-29 16:37:46,350.5536193847656,217.2470245361328,362.0889892578125,228.16001892089844,0.6217482089996338,0.9657602692662316,0.9765953557994204,reinspect,reinspect,0.0015759541505685
3_001_20200629_163746(6),3,2020-06-29 16:37:46,0.0,0.0,7.396701335906982,6.5916595458984375,0.0016939700581133,0.0004435835314551,0.9765953557994204,reinspect,reinspect,0.0015759541505685
3_001_20200629_163746(6),3,2020-06-29 16:37:46,346.6663818359375,135.6466522216797,364.2279052734375,149.81808471679688,0.0010311547666788,0.0001994632599618,0.9765953557994204,reinspect,reinspect,0.0015759541505685
3_001_20200629_163756(6),3,2020-06-29 16:37:56,345.44024658203125,248.53619384765625,357.2361145019531,259.89617919921875,0.685767412185669,0.9780203797952916,0.9780203797952916,reinspect,reinspect,0.001878143849254
3_001_20200629_163756(6),3,2020-06-29 16:37:56,345.9371032714844,203.9530487060547,357.86407470703125,215.6966552734375,0.6618868112564087,0.9739308905641902,0.9780203797952916,reinspect,reinspect,0.001878143849254
3_001_20200629_163756(6),3,2020-06-29 16:37:56,346.4232482910156,168.12405395507812,358.9750671386719,180.6128692626953,0.6499916315078735,0.97168954121767,0.9780203797952916,reinspect,reinspect,0.001878143849254
3_001_20200629_163756(6),3,2020-06-29 16:37:56,344.6348876953125,199.9669647216797,359.40545654296875,215.05865478515625,0.0174673367291688,0.0190470700245035,0.9780203797952916,reinspect,reinspect,0.001878143849254
3_001_20200629_163756(6),3,2020-06-29 16:37:56,344.5594177246094,204.2389068603516,360.3131103515625,219.66162109375,0.0034510791301727,0.0013959998786833,0.9780203797952916,reinspect,reinspect,0.001878143849254
3_001_20200629_163756(6),3,2020-06-29 16:37:56,569.660888671875,185.9679107666016,576.0,199.8175506591797,0.0024910601787269,0.0008255624142548,0.9780203797952916,reinspect,reinspect,0.001878143849254
3_001_20200629_163756(6),3,2020-06-29 16:37:56,341.554443359375,247.76119995117188,358.2087097167969,261.43182373046875,0.0017637778073549,0.0004733917901391,0.9780203797952916,reinspect,reinspect,0.001878143849254
3_001_20200629_163756(6),3,2020-06-29 16:37:56,344.4168395996094,243.10699462890625,358.6581420898437,260.5916442871094,0.0013311697402969,0.0003009001096976,0.9780203797952916,reinspect,reinspect,0.001878143849254
3_001_20200629_202802(6),3,2020-06-29 20:28:02,357.4913024902344,278.0483703613281,369.5021057128906,289.7939453125,0.6919262409210205,0.978992285251796,0.978992285251796,reinspect,reinspect,0.0011165776115048
3_001_20200629_202802(6),3,2020-06-29 20:28:02,346.1191711425781,234.82020568847656,358.4622497558594,247.4701995849609,0.6771947145462036,0.9766124897701092,0.978992285251796,reinspect,reinspect,0.0011165776115048
3_001_20200629_202802(6),3,2020-06-29 20:28:02,338.72149658203125,201.8556671142578,350.50115966796875,213.7874298095703,0.6491729617118835,0.9715299683765588,0.978992285251796,reinspect,reinspect,0.0011165776115048
3_001_20200629_202807(1),3,2020-06-29 20:28:07,327.53338623046875,177.7915802001953,339.8838195800781,189.648193359375,0.6826580166816711,0.9775172455046712,0.9775172455046712,reinspect,reinspect,0.0006075553639163
3_001_20200629_202807(1),3,2020-06-29 20:28:07,349.4169006347656,251.7403564453125,361.8229370117188,263.598876953125,0.6611039638519287,0.9737877349457548,0.9775172455046712,reinspect,reinspect,0.0006075553639163
3_001_20200629_202807(1),3,2020-06-29 20:28:07,336.2711486816406,208.88563537597656,348.7872009277344,221.1765899658203,0.6294888257980347,0.967475220698236,0.9775172455046712,reinspect,reinspect,0.0006075553639163
3_001_20200629_202807(1),3,2020-06-29 20:28:07,326.8293151855469,174.47128295898438,342.85546875,189.7572784423828,0.0015904587926343,0.0004007528587078,0.9775172455046712,reinspect,reinspect,0.0006075553639163
3_001_20200629_202807(1),3,2020-06-29 20:28:07,348.0306091308594,246.6777801513672,363.1368103027344,264.07891845703125,0.0013852977426722,0.0003208436846778,0.9775172455046712,reinspect,reinspect,0.0006075553639163
3_001_20200629_202807(1),3,2020-06-29 20:28:07,569.2653198242188,13.180506706237791,576.0,27.31396484375,0.0011809163261204,0.000248128825689,0.9775172455046712,reinspect,reinspect,0.0006075553639163
3_001_20200629_202811(5),3,2020-06-29 20:28:11,349.9852905273437,196.91525268554688,361.9031982421875,208.3687744140625,0.6913703680038452,0.9789058910194156,0.9789058910194156,reinspect,reinspect,0.0007346368563518
3_001_20200629_202811(5),3,2020-06-29 20:28:11,355.59259033203125,242.1601409912109,367.4019165039063,253.6986389160156,0.6801497936248779,0.9771051805811808,0.9789058910194156,reinspect,reinspect,0.0007346368563518
3_001_20200629_202811(5),3,2020-06-29 20:28:11,345.8727722167969,163.27377319335938,357.5397033691406,175.22657775878906,0.6732884049415588,0.9759490383284288,0.9789058910194156,reinspect,reinspect,0.0007346368563518
3_001_20200629_202811(5),3,2020-06-29 20:28:11,354.3371887207031,241.37484741210932,371.3198547363281,255.10137939453125,0.0012820458505302,0.0002832237703615,0.9789058910194156,reinspect,reinspect,0.0007346368563518
3_001_20200629_202811(5),3,2020-06-29 20:28:11,570.1358642578125,104.58531188964844,576.0,118.22393035888672,0.0010058316402137,0.0001916370810662,0.9789058910194156,reinspect,reinspect,0.0007346368563518
3_001_20200629_202816(1),3,2020-06-29 20:28:16,350.0433349609375,178.05711364746094,361.5680847167969,189.2016143798828,0.690357506275177,0.9787477996696672,0.9787477996696672,reinspect,reinspect,0.0013470833742935
3_001_20200629_202816(1),3,2020-06-29 20:28:16,364.2885437011719,244.0770874023437,375.7939758300781,255.4214630126953,0.6741859912872314,0.9761027232569456,0.9787477996696672,reinspect,reinspect,0.0013470833742935
3_001_20200629_202816(1),3,2020-06-29 20:28:16,355.3780517578125,207.74884033203125,367.1253967285156,219.45504760742188,0.660688042640686,0.9737114324681778,0.9787477996696672,reinspect,reinspect,0.0013470833742935
3_001_20200629_202816(1),3,2020-06-29 20:28:16,354.43682861328125,203.5832977294922,369.0927734375,219.21450805664065,0.0035478619392961,0.0014596409607386,0.9787477996696672,reinspect,reinspect,0.0013470833742935
3_001_20200629_202816(1),3,2020-06-29 20:28:16,355.0443725585937,207.5712738037109,371.5243225097656,221.79953002929688,0.0016042502829805,0.0004063638719538,0.9787477996696672,reinspect,reinspect,0.0013470833742935
3_001_20200629_202816(1),3,2020-06-29 20:28:16,363.4324340820313,239.7061004638672,377.1662292480469,255.5742645263672,0.0014942438574507,0.0003624392034466,0.9787477996696672,reinspect,reinspect,0.0013470833742935
3_001_20200629_202820(6),3,2020-06-29 20:28:20,360.0632019042969,215.41876220703125,371.2831115722656,226.7530212402344,0.6944583058357239,0.9793825384934493,0.9793825384934493,reinspect,reinspect,0.0007150155735853
3_001_20200629_202820(6),3,2020-06-29 20:28:20,356.56610107421875,147.24142456054688,367.5797729492188,158.1400604248047,0.6790735125541687,0.9769266446514948,0.9793825384934493,reinspect,reinspect,0.0007150155735853
3_001_20200629_202820(6),3,2020-06-29 20:28:20,356.7479248046875,178.28297424316406,368.8184814453125,189.7972412109375,0.6734320521354675,0.9759736835922708,0.9793825384934493,reinspect,reinspect,0.0007150155735853
3_001_20200629_202820(6),3,2020-06-29 20:28:20,0.0,0.0,6.419908046722412,5.026377201080322,0.0032719930168241,0.0012811086027997,0.9793825384934493,reinspect,reinspect,0.0007150155735853
3_001_20200629_202820(6),3,2020-06-29 20:28:20,569.6148681640625,358.0784912109375,576.0,372.47650146484375,0.0022337108384817,0.0006925565367214,0.9793825384934493,reinspect,reinspect,0.0007150155735853
3_001_20200629_202820(6),3,2020-06-29 20:28:20,356.03924560546875,146.6401824951172,371.3650817871094,160.16851806640625,0.0018040488939732,0.0004909206771292,0.9793825384934493,reinspect,reinspect,0.0007150155735853
3_001_20200629_202820(6),3,2020-06-29 20:28:20,355.8457336425781,214.82286071777344,372.6068115234375,228.333740234375,0.0015430483035743,0.0003816909877606,0.9793825384934493,reinspect,reinspect,0.0007150155735853
3_001_20200629_202825(1),3,2020-06-29 20:28:25,365.3476257324219,200.1473388671875,377.3037414550781,212.05181884765625,0.6937664151191711,0.9792764335812704,0.9792764335812704,reinspect,reinspect,0.001009201816429
3_001_20200629_202825(1),3,2020-06-29 20:28:25,365.7247314453125,169.74884033203125,376.4122924804688,180.52395629882807,0.6820123195648193,0.9774116998451344,0.9792764335812704,reinspect,reinspect,0.001009201816429
3_001_20200629_202825(1),3,2020-06-29 20:28:25,368.36529541015625,237.30455017089844,379.369873046875,248.6415557861328,0.6161616444587708,0.964477797144538,0.9792764335812704,reinspect,reinspect,0.001009201816429
3_001_20200629_202825(1),3,2020-06-29 20:28:25,362.7938232421875,166.44935607910156,376.5213317871094,179.29049682617188,0.0046557439491152,0.0022620818345138,0.9792764335812704,reinspect,reinspect,0.001009201816429
3_001_20200629_202825(1),3,2020-06-29 20:28:25,364.6079711914063,169.9132537841797,379.2602233886719,183.78469848632807,0.0046372832730412,0.0022476376950504,0.9792764335812704,reinspect,reinspect,0.001009201816429
3_001_20200629_202825(1),3,2020-06-29 20:28:25,570.4906616210938,103.76719665527344,576.0,116.5259780883789,0.0013946680119261,0.0003243453231362,0.9792764335812704,reinspect,reinspect,0.001009201816429
3_001_20200630_003006(2),3,2020-06-30 00:30:06,353.5745849609375,248.914291381836,364.65521240234375,260.1055603027344,0.6869681477546692,0.9782124178073212,0.9782124178073212,reinspect,reinspect,0.0019646370366138
3_001_20200630_003006(2),3,2020-06-30 00:30:06,339.65557861328125,169.61085510253906,351.3329772949219,181.6408843994141,0.6356059908866882,0.9687812529601828,0.9782124178073212,reinspect,reinspect,0.0019646370366138
3_001_20200630_003006(2),3,2020-06-30 00:30:06,345.17987060546875,202.4834747314453,356.917236328125,214.05479431152344,0.6316061019897461,0.9679320995354236,0.9782124178073212,reinspect,reinspect,0.0019646370366138
3_001_20200630_003010(8),3,2020-06-30 00:30:10,345.9404602050781,219.67686462402344,358.2447509765625,232.0946655273437,0.6792231202125549,0.9769515240143,0.9769515240143,reinspect,reinspect,0.0006417882879305
3_001_20200630_003010(8),3,2020-06-30 00:30:10,355.0362854003906,264.7619323730469,367.05072021484375,276.6405639648437,0.6631642580032349,0.9741632037832946,0.9769515240143,reinspect,reinspect,0.0006417882879305
3_001_20200630_003010(8),3,2020-06-30 00:30:10,339.55047607421875,186.1685485839844,352.03973388671875,198.35348510742188,0.6339588165283203,0.9684337621920156,0.9769515240143,reinspect,reinspect,0.0006417882879305
3_001_20200630_003010(8),3,2020-06-30 00:30:10,337.5625305175781,185.329330444336,353.15447998046875,201.6848907470703,0.0037644407711923,0.0016059276968354,0.9769515240143,reinspect,reinspect,0.0006417882879305
3_001_20200630_003010(8),3,2020-06-30 00:30:10,354.2021484375,264.3150634765625,371.5113830566406,278.4332580566406,0.0016004566568881,0.0004048174980969,0.9769515240143,reinspect,reinspect,0.0006417882879305
3_001_20200630_003015(1),3,2020-06-30 00:30:15,343.2221069335937,197.9581298828125,354.29522705078125,208.7534027099609,0.691545307636261,0.978933108392825,0.978933108392825,reinspect,reinspect,0.0008055817215235
3_001_20200630_003015(1),3,2020-06-30 00:30:15,338.4450988769531,164.0605010986328,349.7041015625,175.4716033935547,0.6834370493888855,0.9776440969014418,0.978933108392825,reinspect,reinspect,0.0008055817215235
3_001_20200630_003015(1),3,2020-06-30 00:30:15,349.20977783203125,243.0758514404297,361.3446044921875,254.8326568603516,0.6784902811050415,0.9768294627802482,0.978933108392825,reinspect,reinspect,0.0008055817215235
3_001_20200630_003019(7),3,2020-06-30 00:30:19,356.9349365234375,162.56658935546875,367.8834838867188,173.30091857910156,0.693941056728363,0.9793032533971238,0.9793032533971238,reinspect,reinspect,0.0013413763567469
3_001_20200630_003019(7),3,2020-06-30 00:30:19,359.4466552734375,193.2337951660156,371.0760192871094,204.65402221679688,0.6931647062301636,0.9791838336831796,0.9793032533971238,reinspect,reinspect,0.0013413763567469
3_001_20200630_003019(7),3,2020-06-30 00:30:19,364.9000549316406,230.31295776367188,376.0625,241.43836975097656,0.6745091676712036,0.9761578759197652,0.9793032533971238,reinspect,reinspect,0.0013413763567469
3_001_20200630_003019(7),3,2020-06-30 00:30:19,358.3957214355469,189.26492309570312,372.5977478027344,204.1176605224609,0.0012416312238201,0.0002689877075001,0.9793032533971238,reinspect,reinspect,0.0013413763567469
3_001_20200630_003024(2),3,2020-06-30 00:30:24,365.0856628417969,165.1368865966797,375.9469604492188,176.12364196777344,0.6842310428619385,0.9777728358059596,0.9777728358059596,reinspect,reinspect,0.0006656065304309
3_001_20200630_003024(2),3,2020-06-30 00:30:24,365.0753479003906,233.7337951660156,376.7039184570313,245.6302795410156,0.6833206415176392,0.977625175914286,0.9777728358059596,reinspect,reinspect,0.0006656065304309
3_001_20200630_003024(2),3,2020-06-30 00:30:24,364.0664978027344,195.9701232910156,375.4586181640625,207.0728454589844,0.6735386252403259,0.9759919558133364,0.9777728358059596,reinspect,reinspect,0.0006656065304309
3_001_20200630_003024(2),3,2020-06-30 00:30:24,363.5097961425781,228.93634033203125,377.3878784179688,244.9328765869141,0.0016158643411472,0.0004111119430359,0.9777728358059596,reinspect,reinspect,0.0006656065304309
3_001_20200630_003033(2),3,2020-06-30 00:30:33,357.7784729003906,169.514892578125,369.0494995117188,180.69927978515625,0.6887643337249756,0.9784973672914014,0.9784973672914014,reinspect,reinspect,0.0007658168475101
3_001_20200630_003033(2),3,2020-06-30 00:30:33,356.3394775390625,200.1880645751953,368.3914794921875,211.83807373046875,0.6705701351165771,0.9754790595878594,0.9784973672914014,reinspect,reinspect,0.0007658168475101
3_001_20200630_003033(2),3,2020-06-30 00:30:33,357.22088623046875,237.71763610839844,368.7298278808594,249.56825256347656,0.6496606469154358,0.9716251107844658,0.9784973672914014,reinspect,reinspect,0.0007658168475101
3_001_20200630_003033(2),3,2020-06-30 00:30:33,355.3605041503906,169.6513214111328,370.2724914550781,183.56581115722656,0.0068328767083585,0.0041993943520357,0.9784973672914014,reinspect,reinspect,0.0007658168475101
3_001_20200630_003033(2),3,2020-06-30 00:30:33,569.3421020507812,193.78952026367188,576.0,207.00440979003903,0.0013531709555536,0.0003089478948328,0.9784973672914014,reinspect,reinspect,0.0007658168475101
3_001_20200630_043339(8),3,2020-06-30 04:33:39,351.6527709960937,199.55458068847656,363.0981140136719,210.4072113037109,0.6973519325256348,0.9798219905415504,0.9798219905415504,reinspect,reinspect,0.0013529068634433
3_001_20200630_043339(8),3,2020-06-30 04:33:39,349.0126342773437,119.26557159423828,360.5439453125,130.62322998046875,0.6828364729881287,0.9775463510727308,0.9798219905415504,reinspect,reinspect,0.0013529068634433
3_001_20200630_043339(8),3,2020-06-30 04:33:39,349.3141784667969,152.6338653564453,361.6319580078125,165.20184326171875,0.6779589056968689,0.9767406548796372,0.9798219905415504,reinspect,reinspect,0.0013529068634433
3_001_20200630_043339(8),3,2020-06-30 04:33:39,347.5849304199219,153.617431640625,362.5175476074219,169.06146240234375,0.0016227198066189,0.0004139244190527,0.9798219905415504,reinspect,reinspect,0.0013529068634433
3_001_20200630_043339(8),3,2020-06-30 04:33:39,348.39898681640625,119.3728485107422,364.4497375488281,133.8433837890625,0.0011962013086304,0.0002533198033494,0.9798219905415504,reinspect,reinspect,0.0013529068634433
3_001_20200630_043339(8),3,2020-06-30 04:33:39,348.5489501953125,199.33351135253903,364.4204406738281,212.87789916992188,0.0011802257504314,0.0002478952607839,0.9798219905415504,reinspect,reinspect,0.0013529068634433
3_001_20200630_043538(1),3,2020-06-30 04:35:38,349.4954528808594,178.3590545654297,361.5283203125,190.0621795654297,0.6748719215393066,0.9762196685265568,0.9762196685265568,reinspect,reinspect,0.0009813182525941
3_001_20200630_043538(1),3,2020-06-30 04:35:38,354.02081298828125,224.8814849853516,365.4676818847656,236.5457763671875,0.6397283673286438,0.969637635594617,0.9762196685265568,reinspect,reinspect,0.0009813182525941
3_001_20200630_043538(1),3,2020-06-30 04:35:38,346.5609741210937,144.52835083007812,358.69976806640625,156.38079833984375,0.6022882461547852,0.961122609090962,0.9762196685265568,reinspect,reinspect,0.0009813182525941
3_001_20200630_043538(1),3,2020-06-30 04:35:38,352.3939208984375,225.2899780273437,367.2913818359375,241.0210876464844,0.0010344494367018,0.0002004902021274,0.9762196685265568,reinspect,reinspect,0.0009813182525941
3_001_20200630_043544(2),3,2020-06-30 04:35:44,351.9012756347656,178.48785400390625,364.0625305175781,190.3800048828125,0.6863242983818054,0.9781095998576288,0.9781095998576288,reinspect,reinspect,0.0004801921975499
3_001_20200630_043544(2),3,2020-06-30 04:35:44,348.08526611328125,144.1145782470703,359.43414306640625,155.5365753173828,0.655964732170105,0.9728328762614992,0.9781095998576288,reinspect,reinspect,0.0004801921975499
3_001_20200630_043544(2),3,2020-06-30 04:35:44,358.5853576660156,224.26055908203125,369.9239807128906,235.2769317626953,0.595618724822998,0.9594190215150576,0.9781095998576288,reinspect,reinspect,0.0004801921975499
3_001_20200630_043544(2),3,2020-06-30 04:35:44,480.13323974609375,141.2932891845703,489.7172546386719,150.7362060546875,0.1461061686277389,0.4256724197187064,0.9781095998576288,reinspect,reinspect,0.0004801921975499
3_001_20200630_043544(2),3,2020-06-30 04:35:44,347.3280944824219,143.44105529785156,364.29888916015625,157.08502197265625,0.0012201667996123,0.0002615405949167,0.9781095998576288,reinspect,reinspect,0.0004801921975499
3_001_20200630_043548(7),3,2020-06-30 04:35:48,365.7605590820313,156.67857360839844,376.83245849609375,167.57168579101562,0.7058365345001221,0.981071302899903,0.981071302899903,reinspect,reinspect,0.0012606383384331
3_001_20200630_043548(7),3,2020-06-30 04:35:48,366.0810241699219,126.12794494628906,376.2973327636719,136.46868896484375,0.6917414665222168,0.9789635963749148,0.981071302899903,reinspect,reinspect,0.0012606383384331
3_001_20200630_043548(7),3,2020-06-30 04:35:48,367.773193359375,193.9126892089844,379.0029296875,205.37960815429688,0.668366551399231,0.9750929913987036,0.981071302899903,reinspect,reinspect,0.0012606383384331
3_001_20200630_043548(7),3,2020-06-30 04:35:48,364.7964172363281,126.04290008544922,377.7517395019531,140.14572143554688,0.0018838430987671,0.0005263626597533,0.981071302899903,reinspect,reinspect,0.0012606383384331
3_001_20200630_043548(7),3,2020-06-30 04:35:48,364.9088439941406,153.18756103515625,379.0939636230469,167.37255859375,0.0011492846533656,0.0002375163530158,0.981071302899903,reinspect,reinspect,0.0012606383384331
3_001_20200630_043600(9),3,2020-06-30 04:36:00,359.6619873046875,241.0194091796875,371.2290649414063,252.5331268310547,0.7090336680412292,0.9815272395500224,0.9815272395500224,reinspect,reinspect,0.0016105353642131
3_001_20200630_043600(9),3,2020-06-30 04:36:00,358.5260314941406,203.89602661132807,369.7250061035156,214.6809234619141,0.6878994703292847,0.9783605102224302,0.9815272395500224,reinspect,reinspect,0.0016105353642131
3_001_20200630_043600(9),3,2020-06-30 04:36:00,358.8208312988281,173.27748107910156,369.5636901855469,184.0000915527344,0.6392415761947632,0.9695374887513738,0.9815272395500224,reinspect,reinspect,0.0016105353642131
3_001_20200630_043600(9),3,2020-06-30 04:36:00,357.7442626953125,200.17105102539065,371.3051452636719,214.13087463378903,0.0017519656103104,0.0004682962769894,0.9815272395500224,reinspect,reinspect,0.0016105353642131
3_001_20200630_043600(9),3,2020-06-30 04:36:00,356.0228881835937,239.97479248046875,372.114013671875,253.8008728027344,0.0013899019686505,0.0003225624661101,0.9815272395500224,reinspect,reinspect,0.0016105353642131
3_001_20200630_043605(5),3,2020-06-30 04:36:05,366.5849304199219,260.9529724121094,378.3950500488281,272.5423278808594,0.6843594312667847,0.9777936009635936,0.9777936009635936,reinspect,reinspect,0.0008342989868169
3_001_20200630_043605(5),3,2020-06-30 04:36:05,348.52362060546875,198.1764373779297,359.760986328125,209.3955841064453,0.6776902675628662,0.9766956608572612,0.9777936009635936,reinspect,reinspect,0.0008342989868169
3_001_20200630_043605(5),3,2020-06-30 04:36:05,355.57354736328125,225.99252319335932,367.6217041015625,237.76502990722656,0.6711936593055725,0.9755874730780626,0.9777936009635936,reinspect,reinspect,0.0008342989868169
3_001_20200630_043605(5),3,2020-06-30 04:36:05,363.0535888671875,259.3808898925781,379.4570617675781,273.7876892089844,0.0084400018677115,0.0059038111412169,0.9777936009635936,reinspect,reinspect,0.0008342989868169
3_001_20200630_043605(5),3,2020-06-30 04:36:05,354.3789978027344,225.19483947753903,371.425048828125,239.55908203125,0.004164436366409,0.0018898322639783,0.9777936009635936,reinspect,reinspect,0.0008342989868169
3_001_20200630_043605(5),3,2020-06-30 04:36:05,347.4380187988281,197.4598999023437,364.1474609375,211.10943603515625,0.001005669706501,0.0001915874179029,0.9777936009635936,reinspect,reinspect,0.0008342989868169
3_001_20200630_083235(6),3,2020-06-30 08:32:35,351.3117980957031,186.88026428222656,362.4596252441406,198.1448211669922,0.6742237210273743,0.9761091670936204,0.9761091670936204,reinspect,reinspect,0.0019652775543636
3_001_20200630_083235(6),3,2020-06-30 08:32:35,352.0339050292969,231.9727935791016,363.68951416015625,243.439453125,0.6736895442008972,0.9760178133064764,0.9761091670936204,reinspect,reinspect,0.0019652775543636
3_001_20200630_083235(6),3,2020-06-30 08:32:35,350.15838623046875,152.15182495117188,362.3039855957031,164.09197998046875,0.672431230545044,0.9758015777067944,0.9761091670936204,reinspect,reinspect,0.0019652775543636
3_001_20200630_083322(2),3,2020-06-30 08:33:22,346.0556030273437,178.3733673095703,357.3609619140625,189.80709838867188,0.6795960068702698,0.9770134467298904,0.9770134467298904,reinspect,reinspect,0.0011114232064472
3_001_20200630_083322(2),3,2020-06-30 08:33:22,343.8510131835937,144.10499572753906,355.0009460449219,155.05551147460938,0.6748618483543396,0.9762179542590383,0.9770134467298904,reinspect,reinspect,0.0011114232064472
3_001_20200630_083322(2),3,2020-06-30 08:33:22,348.8149108886719,223.2769470214844,360.3571472167969,234.9303741455078,0.6675230264663696,0.9749439908466704,0.9770134467298904,reinspect,reinspect,0.0011114232064472
3_001_20200630_083322(2),3,2020-06-30 08:33:22,564.464599609375,399.4316101074219,575.7579956054688,414.72601318359375,0.0018266002880409,0.0005008420565517,0.9770134467298904,reinspect,reinspect,0.0011114232064472
3_001_20200630_083331(2),3,2020-06-30 08:33:31,343.2010498046875,213.2188262939453,354.9077453613281,224.49256896972656,0.6891663074493408,0.9785607581071268,0.9785607581071268,reinspect,reinspect,0.0005297895059619
3_001_20200630_083331(2),3,2020-06-30 08:33:31,341.359375,166.27938842773438,354.1322021484375,179.1231231689453,0.6719939708709717,0.9757260929564846,0.9785607581071268,reinspect,reinspect,0.0005297895059619
3_001_20200630_083331(2),3,2020-06-30 08:33:31,339.9748840332031,132.8152618408203,352.75,145.20883178710938,0.6714756488800049,0.975636383892245,0.9785607581071268,reinspect,reinspect,0.0005297895059619
3_001_20200630_083331(2),3,2020-06-30 08:33:31,338.76446533203125,131.85574340820312,356.95611572265625,146.44381713867188,0.0023598314728587,0.0007566307105504,0.9785607581071268,reinspect,reinspect,0.0005297895059619
3_001_20200630_083331(2),3,2020-06-30 08:33:31,339.97625732421875,167.21531677246094,355.2271423339844,183.6285552978516,0.0018801310798153,0.0005246931487109,0.9785607581071268,reinspect,reinspect,0.0005297895059619
3_001_20200630_083350(7),3,2020-06-30 08:33:50,352.84722900390625,228.567138671875,364.5820617675781,240.6273803710937,0.700413167476654,0.9802794231866586,0.9802794231866586,reinspect,reinspect,0.0017222497142941
3_001_20200630_083350(7),3,2020-06-30 08:33:50,349.13787841796875,183.27378845214844,361.55316162109375,195.137451171875,0.6888085007667542,0.9785043391409473,0.9802794231866586,reinspect,reinspect,0.0017222497142941
3_001_20200630_083350(7),3,2020-06-30 08:33:50,347.5009460449219,149.15737915039062,359.6166076660156,161.10047912597656,0.6706082820892334,0.9754857027338006,0.9802794231866586,reinspect,reinspect,0.0017222497142941
3_001_20200630_083350(7),3,2020-06-30 08:33:50,348.3330078125,183.4598693847656,364.6949462890625,198.4362030029297,0.002044023014605,0.000600303101453,0.9802794231866586,reinspect,reinspect,0.0017222497142941
3_001_20200630_083355(1),3,2020-06-30 08:33:55,344.6560363769531,143.37962341308594,355.99151611328125,154.6633758544922,0.6976054310798645,0.979860160513194,0.979860160513194,reinspect,reinspect,0.0046290621797241
3_001_20200630_083355(1),3,2020-06-30 08:33:55,349.0601501464844,223.3115081787109,360.13250732421875,234.44461059570312,0.6628866791725159,0.9741128593570798,0.979860160513194,reinspect,reinspect,0.0046290621797241
3_001_20200630_083355(1),3,2020-06-30 08:33:55,346.5613098144531,176.75537109375,358.2745056152344,188.34152221679688,0.657213032245636,0.9730672323078672,0.979860160513194,reinspect,reinspect,0.0046290621797241
3_001_20200630_083405(7),3,2020-06-30 08:34:05,350.24609375,178.9006805419922,361.9254455566406,190.19363403320312,0.6820889711380005,0.9774242485843226,0.9774242485843226,reinspect,reinspect,0.0008359189831111
3_001_20200630_083405(7),3,2020-06-30 08:34:05,348.6883544921875,143.97802734375,359.9195556640625,155.7081298828125,0.6601009368896484,0.9736034353172548,0.9774242485843226,reinspect,reinspect,0.0008359189831111
3_001_20200630_083405(7),3,2020-06-30 08:34:05,353.6715393066406,223.58413696289065,364.9697570800781,234.9408569335937,0.633056104183197,0.9682420240522458,0.9774242485843226,reinspect,reinspect,0.0008359189831111
3_001_20200630_123334(2),3,2020-06-30 12:33:34,343.4002685546875,225.8713531494141,354.85943603515625,236.99154663085932,0.6857103109359741,0.978011216258596,0.978011216258596,reinspect,reinspect,0.0010088587566377
3_001_20200630_123334(2),3,2020-06-30 12:33:34,341.9125366210937,178.47152709960938,353.9548645019531,190.4060211181641,0.6745259165763855,0.9761607316396214,0.978011216258596,reinspect,reinspect,0.0010088587566377
3_001_20200630_123334(2),3,2020-06-30 12:33:34,340.19305419921875,144.8081817626953,352.6372985839844,157.1058349609375,0.6532273888587952,0.972313447393242,0.978011216258596,reinspect,reinspect,0.0010088587566377
3_001_20200630_123334(2),3,2020-06-30 12:33:34,342.4361572265625,225.7075653076172,356.4374084472656,240.980209350586,0.0018398521933704,0.0005067072723679,0.978011216258596,reinspect,reinspect,0.0010088587566377
3_001_20200630_123334(2),3,2020-06-30 12:33:34,338.61553955078125,144.59402465820312,354.1680603027344,161.7713165283203,0.0011918429518118,0.0002518354951123,0.978011216258596,reinspect,reinspect,0.0010088587566377
3_001_20200630_123338(7),3,2020-06-30 12:33:38,351.98028564453125,184.72848510742188,363.5517578125,195.8347320556641,0.6980497241020203,0.9799269319872574,0.9799269319872574,reinspect,reinspect,0.0009188476901265
3_001_20200630_123338(7),3,2020-06-30 12:33:38,349.48370361328125,149.72669982910156,361.12591552734375,161.2046661376953,0.6949329972267151,0.9794551043754246,0.9799269319872574,reinspect,reinspect,0.0009188476901265
3_001_20200630_123338(7),3,2020-06-30 12:33:38,355.873291015625,230.04959106445312,367.3523559570313,241.71530151367188,0.672960638999939,0.9758927327519312,0.9799269319872574,reinspect,reinspect,0.0009188476901265
3_001_20200630_123338(7),3,2020-06-30 12:33:38,348.5298767089844,184.97445678710932,364.52728271484375,198.6210174560547,0.0013638889649882,0.0003128975531014,0.9799269319872574,reinspect,reinspect,0.0009188476901265
3_001_20200630_123343(2),3,2020-06-30 12:33:43,344.323486328125,147.33973693847656,356.1956481933594,159.14585876464844,0.7010821104049683,0.980378369584634,0.980378369584634,reinspect,reinspect,0.0015685922432027
3_001_20200630_123343(2),3,2020-06-30 12:33:43,346.2841186523437,182.26031494140625,357.66375732421875,193.5643768310547,0.6757140159606934,0.9763626487054626,0.980378369584634,reinspect,reinspect,0.0015685922432027
3_001_20200630_123343(2),3,2020-06-30 12:33:43,348.3370361328125,228.03936767578125,359.9350891113281,239.4806365966797,0.6723077297210693,0.975780275587512,0.980378369584634,reinspect,reinspect,0.0015685922432027
3_001_20200630_123347(6),3,2020-06-30 12:33:47,348.8910522460937,243.5347595214844,361.34613037109375,255.78846740722656,0.6768231391906738,0.976549980487544,0.976549980487544,reinspect,reinspect,0.0016361802721145
3_001_20200630_123347(6),3,2020-06-30 12:33:47,348.719482421875,164.0573272705078,360.0674743652344,175.4770050048828,0.6767085790634155,0.976530683023884,0.976549980487544,reinspect,reinspect,0.0016361802721145
3_001_20200630_123347(6),3,2020-06-30 12:33:47,347.5440368652344,198.1700134277344,360.1123962402344,210.2162933349609,0.6531489491462708,0.9722984504211354,0.976549980487544,reinspect,reinspect,0.0016361802721145
3_001_20200630_123347(6),3,2020-06-30 12:33:47,346.40771484375,197.4334259033203,364.385498046875,211.581787109375,0.0023340387269854,0.0007433521552352,0.976549980487544,reinspect,reinspect,0.0016361802721145
3_001_20200630_123347(6),3,2020-06-30 12:33:47,347.3767395019531,160.3008270263672,360.9593811035156,174.8007354736328,0.0017984145088121,0.0004884536397387,0.976549980487544,reinspect,reinspect,0.0016361802721145
3_001_20200630_123347(6),3,2020-06-30 12:33:47,347.70440673828125,163.3828582763672,364.3206176757813,176.41354370117188,0.0015945018967613,0.0004023947104169,0.976549980487544,reinspect,reinspect,0.0016361802721145
3_001_20200630_123352(1),3,2020-06-30 12:33:52,344.5266418457031,185.6616058349609,356.5629577636719,197.4880523681641,0.6950973868370056,0.9794801909290384,0.9794801909290384,reinspect,reinspect,0.0014490735102425
3_001_20200630_123352(1),3,2020-06-30 12:33:52,343.5181884765625,151.03457641601562,355.06964111328125,162.4337615966797,0.6722642183303833,0.9757727671229088,0.9794801909290384,reinspect,reinspect,0.0014490735102425
3_001_20200630_123352(1),3,2020-06-30 12:33:52,347.25341796875,231.60821533203125,358.9527587890625,243.12847900390625,0.6401153802871704,0.96971706957995,0.9794801909290384,reinspect,reinspect,0.0014490735102425
3_001_20200630_123423(6),3,2020-06-30 12:34:23,349.0939025878906,283.4306945800781,360.3250427246094,294.56610107421875,0.6845769286155701,0.9778287454485456,0.9778287454485456,reinspect,reinspect,0.0013447984619889
3_001_20200630_123423(6),3,2020-06-30 12:34:23,346.9915771484375,237.85333251953125,358.6127014160156,249.6185913085937,0.6358802318572998,0.9688388110979474,0.9778287454485456,reinspect,reinspect,0.0013447984619889
3_001_20200630_123423(6),3,2020-06-30 12:34:23,346.98046875,202.6772308349609,358.6330261230469,214.2005157470703,0.6063081622123718,0.9621204907023684,0.9778287454485456,reinspect,reinspect,0.0013447984619889
3_001_20200630_123423(6),3,2020-06-30 12:34:23,348.29547119140625,281.8883972167969,364.4368896484375,295.1571350097656,0.003793551120907,0.0016259932257833,0.9778287454485456,reinspect,reinspect,0.0013447984619889
3_001_20200630_123426(8),3,2020-06-30 12:34:26,345.0705261230469,256.0806579589844,356.9285583496094,267.7377014160156,0.7004647850990295,0.980287071043264,0.980287071043264,reinspect,reinspect,0.0018587499716206
3_001_20200630_123426(8),3,2020-06-30 12:34:26,345.95001220703125,174.36505126953125,358.6296081542969,187.0618133544922,0.6746973395347595,0.9761899447665714,0.980287071043264,reinspect,reinspect,0.0018587499716206
3_001_20200630_123426(8),3,2020-06-30 12:34:26,345.80487060546875,208.78579711914065,357.7132263183594,220.7028350830078,0.6277033686637878,0.96708591066822,0.980287071043264,reinspect,reinspect,0.0018587499716206
3_001_20200630_123426(8),3,2020-06-30 12:34:26,341.4651184082031,209.47381591796875,358.7080383300781,223.9705810546875,0.0017154669621959,0.0004526843107715,0.980287071043264,reinspect,reinspect,0.0018587499716206
3_001_20200630_123426(8),3,2020-06-30 12:34:26,341.6099853515625,173.35569763183594,359.7085266113281,188.2857818603516,0.0012230876600369,0.000262549325095,0.980287071043264,reinspect,reinspect,0.0018587499716206
3_001_20200630_163111(8),3,2020-06-30 16:31:11,362.0850524902344,220.2139129638672,373.2697448730469,231.61068725585932,0.6437902450561523,0.970463202020296,0.970463202020296,reinspect,reinspect,0.0010137768478938
3_001_20200630_163111(8),3,2020-06-30 16:31:11,362.09814453125,153.23985290527344,372.8935546875,164.1654815673828,0.6231290102005005,0.9660714028021512,0.970463202020296,reinspect,reinspect,0.0010137768478938
3_001_20200630_163111(8),3,2020-06-30 16:31:11,361.4861755371094,182.76141357421875,372.7206726074219,193.7622985839844,0.6186625361442566,0.9650566392601876,0.970463202020296,reinspect,reinspect,0.0010137768478938
3_001_20200630_163111(8),3,2020-06-30 16:31:11,360.6957702636719,182.92337036132807,374.9396667480469,197.902572631836,0.0023740523029118,0.0007639899917023,0.970463202020296,reinspect,reinspect,0.0010137768478938
3_001_20200630_163116(2),3,2020-06-30 16:31:16,363.3681335449219,260.76416015625,373.8870849609375,271.68902587890625,0.6715277433395386,0.9756454115054902,0.9756454115054902,reinspect,reinspect,0.0016817561070094
3_001_20200630_163116(2),3,2020-06-30 16:31:16,368.8501892089844,298.30474853515625,379.8127746582031,309.4176025390625,0.6154858469963074,0.964320050826404,0.9756454115054902,reinspect,reinspect,0.0016817561070094
3_001_20200630_163116(2),3,2020-06-30 16:31:16,359.4747314453125,231.55746459960932,370.4700622558594,242.302963256836,0.6153743267059326,0.964293964765216,0.9756454115054902,reinspect,reinspect,0.0016817561070094
3_001_20200630_163116(2),3,2020-06-30 16:31:16,368.0189208984375,298.4669494628906,382.0774536132813,312.9946594238281,0.0036314479075372,0.0015154684249228,0.9756454115054902,reinspect,reinspect,0.0016817561070094
3_001_20200630_163116(2),3,2020-06-30 16:31:16,355.9797058105469,230.6055450439453,371.5166931152344,243.31365966796875,0.0019994301255792,0.0005793488541749,0.9756454115054902,reinspect,reinspect,0.0016817561070094
3_001_20200630_163120(7),3,2020-06-30 16:31:20,366.1866149902344,169.21966552734375,377.1850891113281,180.16116333007807,0.7103091478347778,0.9817069157862311,0.9817069157862311,reinspect,reinspect,0.001569470464724
3_001_20200630_163120(7),3,2020-06-30 16:31:20,366.0829162597656,139.57887268066406,376.3562316894531,149.8484649658203,0.6731232404708862,0.9759206778173164,0.9817069157862311,reinspect,reinspect,0.001569470464724
3_001_20200630_163120(7),3,2020-06-30 16:31:20,368.52294921875,206.3625640869141,379.2427062988281,217.3685607910156,0.6523387432098389,0.9721431772054387,0.9817069157862311,reinspect,reinspect,0.001569470464724
3_001_20200630_163120(7),3,2020-06-30 16:31:20,365.3409423828125,169.56631469726562,379.1509704589844,183.51156616210932,0.0050004427321255,0.0025381863185438,0.9817069157862311,reinspect,reinspect,0.001569470464724
3_001_20200630_163125(2),3,2020-06-30 16:31:25,357.55975341796875,148.0705108642578,368.2472534179688,158.85227966308594,0.7083605527877808,0.9814319103870244,0.9814319103870244,reinspect,reinspect,0.0009393101755528
3_001_20200630_163125(2),3,2020-06-30 16:31:25,357.8164978027344,177.69383239746094,369.1319885253906,188.7377166748047,0.6978901028633118,0.9799029615765756,0.9814319103870244,reinspect,reinspect,0.0009393101755528
3_001_20200630_163125(2),3,2020-06-30 16:31:25,360.3384704589844,214.27761840820312,371.2621154785156,225.5625457763672,0.6964606046676636,0.9796873619582374,0.9814319103870244,reinspect,reinspect,0.0009393101755528
3_001_20200630_163125(2),3,2020-06-30 16:31:25,357.00372314453125,174.71795654296875,371.6507568359375,188.99826049804688,0.002618572441861,0.0008947077137695,0.9814319103870244,reinspect,reinspect,0.0009393101755528
3_001_20200630_163129(8),3,2020-06-30 16:31:29,359.3622436523437,170.94395446777344,369.91943359375,181.3498687744141,0.6989103555679321,0.9800558150404288,0.9800558150404288,reinspect,reinspect,0.0010100474671745
3_001_20200630_163129(8),3,2020-06-30 16:31:29,358.3956604003906,140.75636291503906,368.6668701171875,151.13894653320312,0.6950474381446838,0.9794725709172356,0.9800558150404288,reinspect,reinspect,0.0010100474671745
3_001_20200630_163129(8),3,2020-06-30 16:31:29,360.9581604003906,207.40756225585932,371.7863464355469,219.0372772216797,0.6772044897079468,0.9766141325332688,0.9800558150404288,reinspect,reinspect,0.0010100474671745
3_001_20200630_163129(8),3,2020-06-30 16:31:29,357.4156494140625,140.61900329589844,370.3468322753906,154.5497283935547,0.0054833916947245,0.0029450286569669,0.9800558150404288,reinspect,reinspect,0.0010100474671745
3_001_20200630_163129(8),3,2020-06-30 16:31:29,359.56817626953125,203.720932006836,373.0002746582031,218.62625122070312,0.0030293266754597,0.0011314928156069,0.9800558150404288,reinspect,reinspect,0.0010100474671745
3_001_20200630_163129(8),3,2020-06-30 16:31:29,358.59429931640625,167.21051025390625,372.0239868164063,180.7974090576172,0.0011506978189572,0.0002379867110843,0.9800558150404288,reinspect,reinspect,0.0010100474671745
3_001_20200630_163129(8),3,2020-06-30 16:31:29,355.69256591796875,171.20692443847656,370.90338134765625,184.0912475585937,0.0011312692658975,0.0002315511092261,0.9800558150404288,reinspect,reinspect,0.0010100474671745
3_001_20200630_163134(2),3,2020-06-30 16:31:34,365.8234252929688,206.07066345214844,376.82470703125,216.75833129882807,0.7001979947090149,0.9802475191997648,0.9802475191997648,reinspect,reinspect,0.0015191736272291
3_001_20200630_163134(2),3,2020-06-30 16:31:34,371.2684631347656,243.54177856445312,382.241943359375,254.62831115722656,0.6962586641311646,0.979656769477334,0.9802475191997648,reinspect,reinspect,0.0015191736272291
3_001_20200630_163134(2),3,2020-06-30 16:31:34,362.76702880859375,177.44183349609375,373.2505798339844,188.09239196777344,0.657264769077301,0.9730769115948286,0.9802475191997648,reinspect,reinspect,0.0015191736272291
3_001_20200630_163134(2),3,2020-06-30 16:31:34,369.4602661132813,239.7674560546875,383.1036376953125,254.1451568603516,0.001314649474807,0.0002949103160571,0.9802475191997648,reinspect,reinspect,0.0015191736272291
3_001_20200630_163134(2),3,2020-06-30 16:31:34,362.8423461914063,206.639892578125,377.7808837890625,219.7805328369141,0.0011972375214099,0.0002536731889426,0.9802475191997648,reinspect,reinspect,0.0015191736272291
3_001_20200630_163147(8),3,2020-06-30 16:31:47,360.99359130859375,183.55528259277344,372.0874633789063,194.6656494140625,0.6678880453109741,0.9750085508373736,0.9750085508373736,reinspect,reinspect,0.0020997607682362
3_001_20200630_163147(8),3,2020-06-30 16:31:47,362.1853942871094,220.2242126464844,373.1175537109375,231.23570251464844,0.6363493800163269,0.9689370814331636,0.9750085508373736,reinspect,reinspect,0.0020997607682362
3_001_20200630_163147(8),3,2020-06-30 16:31:47,361.8535461425781,153.50277709960938,372.6579284667969,164.37338256835938,0.6271926760673523,0.966973872697108,0.9750085508373736,reinspect,reinspect,0.0020997607682362
3_001_20200630_163147(8),3,2020-06-30 16:31:47,352.1846008300781,143.57432556152344,359.2419738769531,150.0194549560547,0.0013127132551744,0.0002942112909947,0.9750085508373736,reinspect,reinspect,0.0020997607682362
3_001_20200630_203200(3),3,2020-06-30 20:32:00,357.52423095703125,183.3631591796875,368.92779541015625,194.613021850586,0.6931406259536743,0.979180121550588,0.979180121550588,reinspect,reinspect,0.0012038568754013
3_001_20200630_203200(3),3,2020-06-30 20:32:00,358.8021850585937,250.9759063720703,369.52978515625,262.0022277832031,0.6896674036979675,0.978639587267421,0.979180121550588,reinspect,reinspect,0.0012038568754013
3_001_20200630_203200(3),3,2020-06-30 20:32:00,356.53131103515625,213.72560119628903,368.929931640625,225.1729736328125,0.676965594291687,0.9765739601923454,0.979180121550588,reinspect,reinspect,0.0012038568754013
3_001_20200630_203200(3),3,2020-06-30 20:32:00,355.3915405273437,183.3631896972656,370.1239318847656,197.8895263671875,0.0028851686511188,0.0010459934802557,0.979180121550588,reinspect,reinspect,0.0012038568754013
3_001_20200630_203205(0),3,2020-06-30 20:32:05,356.84588623046875,225.9998016357422,368.5422058105469,237.17642211914065,0.68963623046875,0.9786346895446282,0.9786346895446282,reinspect,reinspect,0.0009282297790011
3_001_20200630_203205(0),3,2020-06-30 20:32:05,369.1925659179688,291.8847045898437,380.3643493652344,302.88201904296875,0.6283824443817139,0.967234417071522,0.9786346895446282,reinspect,reinspect,0.0009282297790011
3_001_20200630_203205(0),3,2020-06-30 20:32:05,361.3510437011719,255.43495178222656,373.04290771484375,266.87628173828125,0.6207751631736755,0.965539633618716,0.9786346895446282,reinspect,reinspect,0.0009282297790011
3_001_20200630_203205(0),3,2020-06-30 20:32:05,355.13360595703125,226.13735961914065,369.6229248046875,240.9714813232422,0.0015687519917264,0.0003919816617937,0.9786346895446282,reinspect,reinspect,0.0009282297790011
3_001_20200630_203209(3),3,2020-06-30 20:32:09,366.2607727050781,208.42379760742188,378.0769958496094,219.9875030517578,0.680543839931488,0.9771702868893516,0.9771702868893516,reinspect,reinspect,0.0007627764528441
3_001_20200630_203209(3),3,2020-06-30 20:32:09,363.1598205566406,178.35910034179688,374.0488586425781,189.4615020751953,0.6770439743995667,0.9765871461933904,0.9771702868893516,reinspect,reinspect,0.0007627764528441
3_001_20200630_203209(3),3,2020-06-30 20:32:09,373.3674621582031,245.3362579345703,383.89654541015625,256.3234558105469,0.5987716913223267,0.9602319441998336,0.9771702868893516,reinspect,reinspect,0.0007627764528441
3_001_20200630_203213(8),3,2020-06-30 20:32:13,366.4425354003906,186.53631591796875,377.2876281738281,197.30154418945312,0.6981629133224487,0.9799439170544696,0.9799439170544696,reinspect,reinspect,0.0005466953995662
3_001_20200630_203213(8),3,2020-06-30 20:32:13,365.2207336425781,155.91456604003906,376.0368957519531,166.8369903564453,0.6907972693443298,0.97881654629322,0.9799439170544696,reinspect,reinspect,0.0005466953995662
3_001_20200630_203213(8),3,2020-06-30 20:32:13,369.5323181152344,223.297119140625,380.1554565429688,234.1361083984375,0.6194564700126648,0.9652387893499108,0.9799439170544696,reinspect,reinspect,0.0005466953995662
3_001_20200630_203213(8),3,2020-06-30 20:32:13,362.5888977050781,153.01551818847656,376.4969787597656,166.4413604736328,0.0073820482939481,0.0047569775672041,0.9799439170544696,reinspect,reinspect,0.0005466953995662
3_001_20200630_203213(8),3,2020-06-30 20:32:13,310.92987060546875,214.0384521484375,318.3578796386719,221.47320556640625,0.0062381871975958,0.0036258656541069,0.9799439170544696,reinspect,reinspect,0.0005466953995662
3_001_20200630_203213(8),3,2020-06-30 20:32:13,364.08349609375,155.69210815429688,378.7839660644531,169.4085693359375,0.005969014018774,0.0033769114325196,0.9799439170544696,reinspect,reinspect,0.0005466953995662
3_001_20200630_203213(8),3,2020-06-30 20:32:13,363.11614990234375,185.98928833007807,378.5184326171875,198.76806640625,0.0023360447958111,0.0007443817086247,0.9799439170544696,reinspect,reinspect,0.0005466953995662
3_001_20200630_203218(3),3,2020-06-30 20:32:18,336.4580383300781,148.9495849609375,348.0390625,160.2798614501953,0.704079270362854,0.9808172850064848,0.9808172850064848,reinspect,reinspect,0.0008975011211616
3_001_20200630_203218(3),3,2020-06-30 20:32:18,349.26416015625,226.8738555908203,361.0884094238281,238.18153381347656,0.689001202583313,0.9785347379631234,0.9808172850064848,reinspect,reinspect,0.0008975011211616
3_001_20200630_203218(3),3,2020-06-30 20:32:18,341.9412841796875,180.35382080078125,353.65655517578125,192.2224578857422,0.635428786277771,0.9687440161151142,0.9808172850064848,reinspect,reinspect,0.0008975011211616
3_001_20200630_203218(3),3,2020-06-30 20:32:18,348.3952941894531,224.5996551513672,364.51025390625,238.60369873046875,0.0019104350358247,0.0005383813877292,0.9808172850064848,reinspect,reinspect,0.0008975011211616
3_001_20200630_203222(8),3,2020-06-30 20:32:22,336.6640625,205.7369842529297,348.68194580078125,217.8722076416016,0.7017787098884583,0.980481023744876,0.980481023744876,reinspect,reinspect,0.0011746097845751
3_001_20200630_203222(8),3,2020-06-30 20:32:22,344.0237731933594,237.5947265625,356.35186767578125,249.6900634765625,0.6534327864646912,0.9723526877505128,0.980481023744876,reinspect,reinspect,0.0011746097845751
3_001_20200630_203222(8),3,2020-06-30 20:32:22,355.2687683105469,281.8390808105469,366.5890808105469,293.16796875,0.6366382241249084,0.9689974619530816,0.980481023744876,reinspect,reinspect,0.0011746097845751
3_001_20200701_004132(8),3,2020-07-01 00:41:32,366.0987243652344,171.00320434570312,376.3408203125,180.8187255859375,0.6905466318130493,0.9787773851022368,0.9787773851022368,reinspect,reinspect,0.0008126853680685
3_001_20200701_004132(8),3,2020-07-01 00:41:32,363.3038940429688,141.58010864257812,373.6847839355469,152.21450805664062,0.673679530620575,0.9760160982943128,0.9787773851022368,reinspect,reinspect,0.0008126853680685
3_001_20200701_004132(8),3,2020-07-01 00:41:32,370.4745178222656,208.5476226806641,380.3771667480469,218.9041290283203,0.638135552406311,0.969308977660886,0.9787773851022368,reinspect,reinspect,0.0008126853680685
3_001_20200701_004132(8),3,2020-07-01 00:41:32,365.6019592285156,171.69915771484375,378.9225463867188,184.10787963867188,0.0026578938122838,0.0009164544547986,0.9787773851022368,reinspect,reinspect,0.0008126853680685
3_001_20200701_004141(6),3,2020-07-01 00:41:41,358.64031982421875,183.7588348388672,370.1235656738281,194.93753051757807,0.6946885585784912,0.9794177605216848,0.9794177605216848,reinspect,reinspect,0.0013381749215479
3_001_20200701_004141(6),3,2020-07-01 00:41:41,356.2435913085937,249.6998748779297,368.5591735839844,261.63671875,0.6798588633537292,0.9770570226600604,0.9794177605216848,reinspect,reinspect,0.0013381749215479
3_001_20200701_004141(6),3,2020-07-01 00:41:41,356.28759765625,212.49087524414065,369.0121765136719,224.3753967285156,0.6718859076499939,0.9757074104562312,0.9794177605216848,reinspect,reinspect,0.0013381749215479
3_001_20200701_004141(6),3,2020-07-01 00:41:41,355.61627197265625,183.65509033203125,371.55963134765625,198.06344604492188,0.001215464901179,0.0002599198730093,0.9794177605216848,reinspect,reinspect,0.0013381749215479
3_001_20200701_004141(6),3,2020-07-01 00:41:41,355.4838562011719,246.60125732421875,371.748291015625,261.687255859375,0.0011412487365305,0.000234848395475,0.9794177605216848,reinspect,reinspect,0.0013381749215479
3_001_20200701_004146(2),3,2020-07-01 00:41:46,365.38031005859375,200.05953979492188,376.1983947753906,210.71957397460932,0.6873630285263062,0.9782753002188328,0.9782753002188328,reinspect,reinspect,0.0004358325001515
3_001_20200701_004146(2),3,2020-07-01 00:41:46,363.2810363769531,170.6449432373047,373.9474792480469,181.3425445556641,0.6734492778778076,0.9759766376987472,0.9782753002188328,reinspect,reinspect,0.0004358325001515
3_001_20200701_004146(2),3,2020-07-01 00:41:46,368.8569030761719,236.67417907714844,379.96868896484375,247.88604736328125,0.6011605858802795,0.9608388173650708,0.9782753002188328,reinspect,reinspect,0.0004358325001515
3_001_20200701_004150(6),3,2020-07-01 00:41:50,351.9430847167969,229.01055908203125,364.0035400390625,240.9429168701172,0.6961060166358948,0.9796336222088072,0.9796336222088072,reinspect,reinspect,0.0020123628061797
3_001_20200701_004150(6),3,2020-07-01 00:41:50,345.7102355957031,149.4252471923828,357.1502990722656,160.93032836914062,0.681746244430542,0.9773680999502908,0.9796336222088072,reinspect,reinspect,0.0020123628061797
3_001_20200701_004150(6),3,2020-07-01 00:41:50,347.3242492675781,183.62989807128903,359.7799987792969,195.940170288086,0.6692531704902649,0.9752488774735594,0.9796336222088072,reinspect,reinspect,0.0020123628061797
3_001_20200701_004150(6),3,2020-07-01 00:41:50,346.1117248535156,182.8262634277344,364.2571411132813,197.23634338378903,0.0013448328245431,0.0003058884221416,0.9796336222088072,reinspect,reinspect,0.0020123628061797
3_001_20200701_004155(1),3,2020-07-01 00:41:55,348.8143615722656,138.55357360839844,360.2868347167969,150.34234619140625,0.6801066398620605,0.9770980420809722,0.9770980420809722,reinspect,reinspect,0.0006119363801436
3_001_20200701_004155(1),3,2020-07-01 00:41:55,347.4745788574219,219.0145874023437,359.6385803222656,230.84295654296875,0.6648998856544495,0.9744762988893302,0.9770980420809722,reinspect,reinspect,0.0006119363801436
3_001_20200701_004155(1),3,2020-07-01 00:41:55,346.9891052246094,172.27218627929688,359.2427062988281,184.60894775390625,0.6525920033454895,0.9721917860354518,0.9770980420809722,reinspect,reinspect,0.0006119363801436
3_001_20200701_004155(1),3,2020-07-01 00:41:55,346.1012878417969,214.36676025390625,360.6363220214844,231.0435791015625,0.0032467041164636,0.0012651883613349,0.9770980420809722,reinspect,reinspect,0.0006119363801436
3_001_20200701_004155(1),3,2020-07-01 00:41:55,347.5697021484375,138.5126953125,362.193603515625,154.53271484375,0.0016052909195423,0.0004067884517096,0.9770980420809722,reinspect,reinspect,0.0006119363801436
3_001_20200701_004155(1),3,2020-07-01 00:41:55,345.86529541015625,167.6239013671875,360.4560546875,184.20968627929688,0.0013837182195857,0.0003202548436381,0.9770980420809722,reinspect,reinspect,0.0006119363801436
3_001_20200701_004159(7),3,2020-07-01 00:41:59,353.6845397949219,247.2641448974609,364.9639892578125,258.5912780761719,0.6733576059341431,0.9759609133851692,0.9759609133851692,reinspect,reinspect,0.0010979575447886
3_001_20200701_004159(7),3,2020-07-01 00:41:59,349.3811950683594,200.6109771728516,361.9646301269531,212.9810943603516,0.6650758385658264,0.9745078769722052,0.9759609133851692,reinspect,reinspect,0.0010979575447886
3_001_20200701_004159(7),3,2020-07-01 00:41:59,347.4668273925781,166.57215881347656,359.4320373535156,178.7261505126953,0.6548949480056763,0.972630783797052,0.9759609133851692,reinspect,reinspect,0.0010979575447886
3_001_20200701_004159(7),3,2020-07-01 00:41:59,350.9143981933594,243.0836334228516,365.6327819824219,257.86627197265625,0.0047098966315388,0.002304655087738,0.9759609133851692,reinspect,reinspect,0.0010979575447886
3_001_20200701_004159(7),3,2020-07-01 00:41:59,352.37139892578125,247.44786071777344,366.7431640625,262.6021728515625,0.0033955646213144,0.0013599842440401,0.9759609133851692,reinspect,reinspect,0.0010979575447886
3_001_20200701_004159(7),3,2020-07-01 00:41:59,346.5036926269531,167.4965362548828,360.379638671875,183.3373107910156,0.0013225360307842,0.0002977640632782,0.9759609133851692,reinspect,reinspect,0.0010979575447886
3_001_20200701_043236(2),3,2020-07-01 04:32:36,352.7538452148437,248.81912231445312,364.0679931640625,260.18084716796875,0.7077247500419617,0.98134154207137,0.98134154207137,reinspect,reinspect,0.0015566302781508
3_001_20200701_043236(2),3,2020-07-01 04:32:36,343.9457702636719,204.21278381347656,355.7412414550781,215.86363220214844,0.6966943740844727,0.9797227343251764,0.98134154207137,reinspect,reinspect,0.0015566302781508
3_001_20200701_043236(2),3,2020-07-01 04:32:36,338.2348022460937,170.98744201660156,350.0050048828125,182.859375,0.6889950633049011,0.9785337699779872,0.98134154207137,reinspect,reinspect,0.0015566302781508
3_001_20200701_043236(2),3,2020-07-01 04:32:36,342.86846923828125,204.660385131836,357.8905029296875,219.5114898681641,0.0047978572547435,0.0023744487336764,0.98134154207137,reinspect,reinspect,0.0015566302781508
3_001_20200701_043236(2),3,2020-07-01 04:32:36,342.4133605957031,200.27413940429688,356.8148803710937,215.394760131836,0.0016954310704022,0.000444199831275,0.98134154207137,reinspect,reinspect,0.0015566302781508
3_001_20200701_043236(2),3,2020-07-01 04:32:36,348.74774169921875,247.6834716796875,365.2565612792969,261.4671325683594,0.0014053683262318,0.00032836161066,0.98134154207137,reinspect,reinspect,0.0015566302781508
3_001_20200701_043245(3),3,2020-07-01 04:32:45,350.1384582519531,255.4936981201172,361.919921875,266.758544921875,0.6971667408943176,0.9797940724170072,0.9797940724170072,reinspect,reinspect,0.0007193396891892
3_001_20200701_043245(3),3,2020-07-01 04:32:45,348.1463928222656,175.91363525390625,359.7103881835937,187.4834442138672,0.6650953888893127,0.974511383806459,0.9797940724170072,reinspect,reinspect,0.0007193396891892
3_001_20200701_043245(3),3,2020-07-01 04:32:45,348.2568054199219,209.5762634277344,359.5827331542969,221.10191345214844,0.6227766275405884,0.9659922187513232,0.9797940724170072,reinspect,reinspect,0.0007193396891892
3_001_20200701_043245(3),3,2020-07-01 04:32:45,349.41607666015625,255.85250854492188,364.6099548339844,270.2385559082031,0.0031690173782408,0.0012167570530716,0.9797940724170072,reinspect,reinspect,0.0007193396891892
3_001_20200701_043245(3),3,2020-07-01 04:32:45,347.1917419433594,171.43856811523438,360.7586364746094,186.97430419921875,0.0019299411214888,0.0005472629069989,0.9797940724170072,reinspect,reinspect,0.0007193396891892
3_001_20200701_043249(7),3,2020-07-01 04:32:49,349.8795471191406,178.9891357421875,362.5623779296875,191.3022918701172,0.675395667552948,0.976308672228164,0.976308672228164,reinspect,reinspect,0.0009715413328596
3_001_20200701_043249(7),3,2020-07-01 04:32:49,347.58258056640625,213.8767547607422,359.5741577148437,225.5416259765625,0.6556498408317566,0.9727735105137766,0.976308672228164,reinspect,reinspect,0.0009715413328596
3_001_20200701_043249(7),3,2020-07-01 04:32:49,346.3970642089844,259.2344970703125,358.7270812988281,271.3350524902344,0.6293466687202454,0.967444359803578,0.976308672228164,reinspect,reinspect,0.0009715413328596
3_001_20200701_043249(7),3,2020-07-01 04:32:49,349.5016174316406,174.71316528320312,365.0472717285156,190.71484375,0.0012321473332121,0.0002656874781311,0.976308672228164,reinspect,reinspect,0.0009715413328596
3_001_20200701_043258(7),3,2020-07-01 04:32:58,365.7412109375,250.26077270507807,376.9033203125,261.6202087402344,0.6982966661453247,0.9799639743852396,0.9799639743852396,reinspect,reinspect,0.0007095830760135
3_001_20200701_043258(7),3,2020-07-01 04:32:58,363.5414123535156,183.0722045898437,374.73382568359375,193.97789001464844,0.6784869432449341,0.9768289057233716,0.9799639743852396,reinspect,reinspect,0.0007095830760135
3_001_20200701_043258(7),3,2020-07-01 04:32:58,363.5301818847656,213.0985565185547,375.7378540039063,224.4005279541016,0.671760618686676,0.9756857362783512,0.9799639743852396,reinspect,reinspect,0.0007095830760135
3_001_20200701_043258(7),3,2020-07-01 04:32:58,362.7165222167969,182.8665313720703,376.776123046875,197.80319213867188,0.0027758912183344,0.0009828969020053,0.9799639743852396,reinspect,reinspect,0.0007095830760135
3_001_20200701_043258(7),3,2020-07-01 04:32:58,364.8359069824219,246.759017944336,379.1097717285156,261.261962890625,0.0018096381099894,0.000493372597325,0.9799639743852396,reinspect,reinspect,0.0007095830760135
3_001_20200701_043307(7),3,2020-07-01 04:33:07,362.0888671875,247.81353759765625,373.5386047363281,259.0997009277344,0.6480786204338074,0.971315567878413,0.971315567878413,reinspect,reinspect,0.001793490620574
3_001_20200701_043307(7),3,2020-07-01 04:33:07,361.9611206054688,209.8732452392578,373.4185485839844,221.41197204589844,0.6451561450958252,0.9707368151566294,0.971315567878413,reinspect,reinspect,0.001793490620574
3_001_20200701_043307(7),3,2020-07-01 04:33:07,362.8386840820313,181.05960083007807,373.7612915039063,192.23692321777344,0.6368104815483093,0.9690334266589932,0.971315567878413,reinspect,reinspect,0.001793490620574
3_001_20200701_043307(7),3,2020-07-01 04:33:07,360.8088989257813,243.2678985595703,374.6253051757813,258.5614013671875,0.0049760239198803,0.0025182303854467,0.971315567878413,reinspect,reinspect,0.001793490620574
3_001_20200701_043312(4),3,2020-07-01 04:33:12,360.37017822265625,254.0196990966797,371.6356506347656,265.33551025390625,0.6795397400856018,0.9770041108750724,0.9770041108750724,reinspect,reinspect,0.0010659485284256
3_001_20200701_043312(4),3,2020-07-01 04:33:12,363.9496154785156,187.085678100586,375.4897766113281,198.3163452148437,0.6718674302101135,0.9757042148977132,0.9770041108750724,reinspect,reinspect,0.0010659485284256
3_001_20200701_043312(4),3,2020-07-01 04:33:12,361.7963562011719,215.81365966796875,373.4111022949219,227.50640869140625,0.6314842700958252,0.9679059496805548,0.9770041108750724,reinspect,reinspect,0.0010659485284256
3_001_20200701_083251(9),3,2020-07-01 08:32:51,356.2526550292969,282.28875732421875,367.7606201171875,293.562255859375,0.6734256148338318,0.9759725795651856,0.9759725795651856,reinspect,reinspect,0.001868411771766
3_001_20200701_083251(9),3,2020-07-01 08:32:51,339.7186889648437,203.70030212402344,352.1219177246094,215.91102600097656,0.6583771705627441,0.9732843794417766,0.9759725795651856,reinspect,reinspect,0.001868411771766
3_001_20200701_083251(9),3,2020-07-01 08:32:51,346.3214416503906,237.3357696533203,358.7943115234375,249.9027099609375,0.6476537585258484,0.9712319912147486,0.9759725795651856,reinspect,reinspect,0.001868411771766
3_001_20200701_083251(9),3,2020-07-01 08:32:51,337.0368347167969,199.99703979492188,352.3733215332031,214.87765502929688,0.0018094675615429,0.0004932977112222,0.9759725795651856,reinspect,reinspect,0.001868411771766
3_001_20200701_083256(5),3,2020-07-01 08:32:56,359.5155029296875,278.94830322265625,371.1870422363281,290.5931091308594,0.6988736391067505,0.9800503289312718,0.9800503289312718,reinspect,reinspect,0.0020230532735698
3_001_20200701_083256(5),3,2020-07-01 08:32:56,348.1293029785156,236.07794189453125,360.51080322265625,248.30572509765625,0.6720032095909119,0.9757276896875916,0.9800503289312718,reinspect,reinspect,0.0020230532735698
3_001_20200701_083256(5),3,2020-07-01 08:32:56,339.397216796875,202.0155792236328,351.8498840332031,214.1809539794922,0.6174972653388977,0.9647878931573052,0.9800503289312718,reinspect,reinspect,0.0020230532735698
3_001_20200701_083256(5),3,2020-07-01 08:32:56,355.44219970703125,277.4447021484375,372.7894592285156,291.1203918457031,0.0054446891881525,0.0029115818310474,0.9800503289312718,reinspect,reinspect,0.0020230532735698
3_001_20200701_083300(7),3,2020-07-01 08:33:00,352.3905944824219,314.6111145019531,364.1834106445313,326.1736755371094,0.7028566598892212,0.9806391082703404,0.9806391082703404,reinspect,reinspect,0.0019067317883368
3_001_20200701_083300(7),3,2020-07-01 08:33:00,339.4521484375,271.3182373046875,352.1961669921875,283.9569091796875,0.6560609340667725,0.9728509930218058,0.9806391082703404,reinspect,reinspect,0.0019067317883368
3_001_20200701_083300(7),3,2020-07-01 08:33:00,331.2816772460937,238.4572906494141,342.6703186035156,249.9225006103516,0.640596330165863,0.969815555401484,0.9806391082703404,reinspect,reinspect,0.0019067317883368
3_001_20200701_083300(7),3,2020-07-01 08:33:00,327.1292419433594,236.6884002685547,343.7413330078125,250.174560546875,0.0030449228361248,0.0011408953241026,0.9806391082703404,reinspect,reinspect,0.0019067317883368
3_001_20200701_083300(7),3,2020-07-01 08:33:00,339.7544860839844,271.9369506835937,354.4285583496094,288.1568298339844,0.0021998547017574,0.0006757250205859,0.9806391082703404,reinspect,reinspect,0.0019067317883368
3_001_20200701_083300(7),3,2020-07-01 08:33:00,348.5865173339844,314.4884033203125,365.399658203125,328.67559814453125,0.0012023424496874,0.0002554168786016,0.9806391082703404,reinspect,reinspect,0.0019067317883368
3_001_20200701_083309(8),3,2020-07-01 08:33:09,351.115234375,315.10162353515625,362.1714477539063,326.2353820800781,0.6851884126663208,0.9779273313421228,0.9779273313421228,reinspect,reinspect,0.000545347276585
3_001_20200701_083309(8),3,2020-07-01 08:33:09,334.564697265625,235.71583557128903,346.5835266113281,247.2792816162109,0.6817687749862671,0.9773717943062596,0.9779273313421228,reinspect,reinspect,0.000545347276585
3_001_20200701_083309(8),3,2020-07-01 08:33:09,341.6078491210937,270.55157470703125,353.9695129394531,282.9712219238281,0.6775202751159668,0.976667155236896,0.9779273313421228,reinspect,reinspect,0.000545347276585
3_001_20200701_083309(8),3,2020-07-01 08:33:09,341.2695007324219,270.231689453125,355.85845947265625,288.0566711425781,0.0014271145919337,0.0003365815725111,0.9779273313421228,reinspect,reinspect,0.000545347276585
3_001_20200701_083309(8),3,2020-07-01 08:33:09,350.3394470214844,311.2561950683594,364.998046875,325.5800476074219,0.0013368820073083,0.0003029818388257,0.9779273313421228,reinspect,reinspect,0.000545347276585
3_001_20200701_083309(8),3,2020-07-01 08:33:09,340.4801330566406,267.99713134765625,357.3455810546875,283.3327941894531,0.0011680895695462,0.0002438042271013,0.9779273313421228,reinspect,reinspect,0.000545347276585
3_001_20200701_083323(2),3,2020-07-01 08:33:23,337.4119567871094,255.1350555419922,349.949462890625,267.453369140625,0.6993147730827332,0.980116169831496,0.980116169831496,reinspect,reinspect,0.0012749219459551
3_001_20200701_083323(2),3,2020-07-01 08:33:23,328.0024719238281,221.4398956298828,340.2008056640625,233.3602294921875,0.6862419843673706,0.9780964290655412,0.980116169831496,reinspect,reinspect,0.0012749219459551
3_001_20200701_083323(2),3,2020-07-01 08:33:23,349.4461364746094,298.44854736328125,361.8282775878906,310.2256774902344,0.6847002506256104,0.9778486541753032,0.980116169831496,reinspect,reinspect,0.0012749219459551
3_001_20200701_083323(2),3,2020-07-01 08:33:23,334.0190734863281,255.16146850585932,350.98492431640625,270.6560363769531,0.0014147331239655,0.0003318919926702,0.980116169831496,reinspect,reinspect,0.0012749219459551
3_001_20200701_083323(2),3,2020-07-01 08:33:23,327.3471069335937,217.7282867431641,343.0710754394531,233.0053253173828,0.001030477695167,0.0001992524659162,0.980116169831496,reinspect,reinspect,0.0012749219459551
3_001_20200701_083327(8),3,2020-07-01 08:33:27,351.6123046875,241.3125,363.4436950683594,252.5263519287109,0.6932585835456848,0.9791983008522857,0.9791983008522857,reinspect,reinspect,0.001358049647875
3_001_20200701_083327(8),3,2020-07-01 08:33:27,356.7592468261719,287.08251953125,368.4083862304688,298.5354309082031,0.6777421236038208,0.9767043512696688,0.9791983008522857,reinspect,reinspect,0.001358049647875
3_001_20200701_083327(8),3,2020-07-01 08:33:27,347.4170837402344,205.7122039794922,359.3424987792969,217.7639617919922,0.6674705147743225,0.9749346928064184,0.9791983008522857,reinspect,reinspect,0.001358049647875
3_001_20200701_083327(8),3,2020-07-01 08:33:27,511.3709411621094,270.25360107421875,520.3840942382812,278.9651184082031,0.0014020818052813,0.0003271260427127,0.9791983008522857,reinspect,reinspect,0.001358049647875
3_001_20200701_123507(7),3,2020-07-01 12:35:07,341.3129272460937,183.6354217529297,353.8713073730469,195.9283599853516,0.6841795444488525,0.9777645025537416,0.9777645025537416,reinspect,reinspect,0.0010589898841254
3_001_20200701_123507(7),3,2020-07-01 12:35:07,338.759521484375,263.1454467773437,350.8747863769531,274.9396057128906,0.6696135997772217,0.975312036272106,0.9777645025537416,reinspect,reinspect,0.0010589898841254
3_001_20200701_123507(7),3,2020-07-01 12:35:07,339.1264038085937,218.21694946289065,351.8002319335937,230.55239868164065,0.6551593542098999,0.9726808404629466,0.9777645025537416,reinspect,reinspect,0.0010589898841254
3_001_20200701_123507(7),3,2020-07-01 12:35:07,336.9093017578125,214.3804931640625,352.7943420410156,229.6793975830078,0.0055941729806363,0.0030415669241307,0.9777645025537416,reinspect,reinspect,0.0010589898841254
3_001_20200701_123507(7),3,2020-07-01 12:35:07,340.2648010253906,183.3609619140625,357.2169189453125,198.5998992919922,0.0050551630556583,0.0025831229485879,0.9777645025537416,reinspect,reinspect,0.0010589898841254
3_001_20200701_123511(0),3,2020-07-01 12:35:11,344.062744140625,221.29627990722656,356.5496520996094,233.39370727539065,0.6817166805267334,0.9773632516475572,0.9773632516475572,reinspect,reinspect,0.0022132390967748
3_001_20200701_123511(0),3,2020-07-01 12:35:11,344.6160583496094,267.7834777832031,356.30670166015625,279.2161865234375,0.6735614538192749,0.9759958684657865,0.9773632516475572,reinspect,reinspect,0.0022132390967748
3_001_20200701_123511(0),3,2020-07-01 12:35:11,344.287109375,187.3488006591797,356.6817626953125,199.51089477539065,0.6713175773620605,0.975608975684639,0.9773632516475572,reinspect,reinspect,0.0022132390967748
3_001_20200701_123514(1),3,2020-07-01 12:35:14,345.40252685546875,221.446044921875,357.4517822265625,233.26808166503903,0.6769571900367737,0.976572546001316,0.976572546001316,reinspect,reinspect,0.0019430546725362
3_001_20200701_123514(1),3,2020-07-01 12:35:14,344.7221374511719,267.43408203125,356.6563415527344,279.0622253417969,0.6610661149024963,0.9737807984375652,0.976572546001316,reinspect,reinspect,0.0019430546725362
3_001_20200701_123514(1),3,2020-07-01 12:35:14,346.2275695800781,186.9403839111328,358.1531677246094,198.99647521972656,0.6494368314743042,0.9715814774979684,0.976572546001316,reinspect,reinspect,0.0019430546725362
3_001_20200701_123517(3),3,2020-07-01 12:35:17,352.10125732421875,198.07264709472656,364.7961120605469,210.4126434326172,0.6945052742958069,0.9793897268922432,0.9793897268922432,reinspect,reinspect,0.0019891223837107
3_001_20200701_123517(3),3,2020-07-01 12:35:17,338.865478515625,276.9090881347656,350.8143615722656,288.4888916015625,0.6743259429931641,0.9761266189343544,0.9793897268922432,reinspect,reinspect,0.0019891223837107
3_001_20200701_123517(3),3,2020-07-01 12:35:17,346.55718994140625,232.31573486328125,358.6903381347656,244.20101928710932,0.6380529403686523,0.9692918552752796,0.9793897268922432,reinspect,reinspect,0.0019891223837107
3_001_20200701_123517(3),3,2020-07-01 12:35:17,346.99810791015625,228.7802276611328,360.921630859375,243.44862365722656,0.0149290738627314,0.0147984335315317,0.9793897268922432,reinspect,reinspect,0.0019891223837107
3_001_20200701_123517(3),3,2020-07-01 12:35:17,346.03778076171875,233.26443481445312,361.857666015625,249.8726806640625,0.0046325493603944,0.0022439394243546,0.9793897268922432,reinspect,reinspect,0.0019891223837107
3_001_20200701_123517(3),3,2020-07-01 12:35:17,336.3419189453125,271.993408203125,351.5982360839844,287.9656677246094,0.0023554225917905,0.0007543546144507,0.9793897268922432,reinspect,reinspect,0.0019891223837107
3_001_20200701_123517(3),3,2020-07-01 12:35:17,334.3371276855469,275.6332397460937,352.1688842773437,290.1866455078125,0.0012079156003892,0.0002573256683403,0.9793897268922432,reinspect,reinspect,0.0019891223837107
3_001_20200701_123520(6),3,2020-07-01 12:35:20,342.43609619140625,297.2689819335937,354.6749572753906,309.1187438964844,0.6872509121894836,0.9782574600275096,0.9782574600275096,reinspect,reinspect,0.0004749289181207
3_001_20200701_123520(6),3,2020-07-01 12:35:20,346.4380187988281,250.4545745849609,358.7256774902344,262.7714538574219,0.663562536239624,0.974235308537397,0.9782574600275096,reinspect,reinspect,0.0004749289181207
3_001_20200701_123520(6),3,2020-07-01 12:35:20,349.5285949707031,216.3848114013672,362.5135498046875,228.8667755126953,0.6596355438232422,0.9735175850645748,0.9782574600275096,reinspect,reinspect,0.0004749289181207
3_001_20200701_123520(6),3,2020-07-01 12:35:20,340.68414306640625,297.599853515625,355.9612731933594,313.0429992675781,0.0016599944792687,0.0004293434544064,0.9782574600275096,reinspect,reinspect,0.0004749289181207
3_001_20200701_123523(9),3,2020-07-01 12:35:23,349.7438049316406,181.49880981445312,362.40087890625,193.88150024414065,0.6853321194648743,0.9779504530321204,0.9779504530321204,reinspect,reinspect,0.0003600904810154
3_001_20200701_123523(9),3,2020-07-01 12:35:23,341.4837951660156,261.5770568847656,353.5603942871094,273.3680114746094,0.6707050204277039,0.9755025432253972,0.9779504530321204,reinspect,reinspect,0.0003600904810154
3_001_20200701_123523(9),3,2020-07-01 12:35:23,346.7341613769531,215.5137634277344,358.5065002441406,227.15196228027344,0.6217069029808044,0.9657509264949212,0.9779504530321204,reinspect,reinspect,0.0003600904810154
3_001_20200701_123523(9),3,2020-07-01 12:35:23,340.6507568359375,257.47271728515625,355.1448974609375,272.7706298828125,0.0077620265074074,0.0051580448869132,0.9779504530321204,reinspect,reinspect,0.0003600904810154
3_001_20200701_123523(9),3,2020-07-01 12:35:23,347.848876953125,182.00082397460932,363.43157958984375,197.846435546875,0.0017613103846088,0.000472325670403,0.9779504530321204,reinspect,reinspect,0.0003600904810154
3_001_20200701_123523(9),3,2020-07-01 12:35:23,345.38043212890625,210.6098022460937,359.9469909667969,226.4677124023437,0.0014416058547794,0.000342101911712,0.9779504530321204,reinspect,reinspect,0.0003600904810154
3_001_20200701_163109(0),3,2020-07-01 16:31:09,367.2526245117188,282.8928527832031,377.939453125,293.4094543457031,0.6611165404319763,0.9737900395209916,0.9737900395209916,reinspect,reinspect,0.0031950480812628
3_001_20200701_163109(0),3,2020-07-01 16:31:09,365.8089904785156,246.102783203125,377.0639953613281,257.06005859375,0.6496153473854065,0.971616283763988,0.9737900395209916,reinspect,reinspect,0.0031950480812628
3_001_20200701_163109(0),3,2020-07-01 16:31:09,366.035888671875,217.42237854003903,376.7778625488281,228.08792114257807,0.6210010051727295,0.9655909448395336,0.9737900395209916,reinspect,reinspect,0.0031950480812628
3_001_20200701_163109(0),3,2020-07-01 16:31:09,363.0956726074219,281.9930725097656,378.6167602539063,294.5780944824219,0.0018814667128026,0.0005252936286324,0.9737900395209916,reinspect,reinspect,0.0031950480812628
3_001_20200701_163109(0),3,2020-07-01 16:31:09,570.6315307617188,385.20849609375,576.0,396.8263854980469,0.001001957221888,0.0001904501820186,0.9737900395209916,reinspect,reinspect,0.0031950480812628
3_001_20200701_163112(8),3,2020-07-01 16:31:12,363.8825988769531,221.1809844970703,375.2372131347656,232.3054656982422,0.6978043913841248,0.9798900816360446,0.9798900816360446,reinspect,reinspect,0.0010363013112957
3_001_20200701_163112(8),3,2020-07-01 16:31:12,372.828125,286.55865478515625,383.1148376464844,297.1401062011719,0.6918372511863708,0.9789784719100808,0.9798900816360446,reinspect,reinspect,0.0010363013112957
3_001_20200701_163112(8),3,2020-07-01 16:31:12,367.1142272949219,250.12217712402344,378.244384765625,260.8059387207031,0.6860162615776062,0.97806028178627,0.9798900816360446,reinspect,reinspect,0.0010363013112957
3_001_20200701_163112(8),3,2020-07-01 16:31:12,363.1871337890625,249.23643493652344,379.0633544921875,261.88092041015625,0.0013846403453499,0.0003205985592373,0.9798900816360446,reinspect,reinspect,0.0010363013112957
3_001_20200701_163121(1),3,2020-07-01 16:31:21,366.9345397949219,157.05532836914062,377.6712951660156,168.00396728515625,0.7066611647605896,0.9811896666322908,0.9811896666322908,reinspect,reinspect,0.0006189668410626
3_001_20200701_163121(1),3,2020-07-01 16:31:21,366.8111877441406,221.63702392578125,378.0546569824219,233.1208648681641,0.7022842168807983,0.9805552736645348,0.9811896666322908,reinspect,reinspect,0.0006189668410626
3_001_20200701_163121(1),3,2020-07-01 16:31:21,366.3189086914063,185.59771728515625,377.2355346679688,196.2566070556641,0.698939859867096,0.9800602227258236,0.9811896666322908,reinspect,reinspect,0.0006189668410626
3_001_20200701_163121(1),3,2020-07-01 16:31:21,363.0039367675781,185.47299194335932,378.4639892578125,198.2846221923828,0.0020867465063929,0.0006206430891909,0.9811896666322908,reinspect,reinspect,0.0006189668410626
3_001_20200701_163121(1),3,2020-07-01 16:31:21,365.1284790039063,182.0533599853516,379.2421875,196.2776336669922,0.0014522118726745,0.0003461637622149,0.9811896666322908,reinspect,reinspect,0.0006189668410626
3_001_20200701_163121(1),3,2020-07-01 16:31:21,363.1931762695313,156.00791931152344,378.7657775878906,168.63999938964844,0.0012031025253236,0.0002556768849659,0.9811896666322908,reinspect,reinspect,0.0006189668410626
3_001_20200701_163140(2),3,2020-07-01 16:31:40,367.669677734375,270.6000671386719,378.4149169921875,281.4841003417969,0.7072775363922119,0.9812777896173588,0.9812777896173588,reinspect,reinspect,0.0011585038154492
3_001_20200701_163140(2),3,2020-07-01 16:31:40,360.7891845703125,206.3606414794922,371.1670837402344,216.4433441162109,0.6876744627952576,0.9783247995033584,0.9812777896173588,reinspect,reinspect,0.0011585038154492
3_001_20200701_163140(2),3,2020-07-01 16:31:40,362.980224609375,234.57418823242188,373.680908203125,245.21632385253903,0.6694587469100952,0.9752849160704996,0.9812777896173588,reinspect,reinspect,0.0011585038154492
3_001_20200701_163140(2),3,2020-07-01 16:31:40,359.6446838378906,206.60821533203125,372.6800842285156,219.531982421875,0.0106995105743408,0.0086542337448305,0.9812777896173588,reinspect,reinspect,0.0011585038154492
3_001_20200701_163140(2),3,2020-07-01 16:31:40,570.2213745117188,330.4048156738281,576.0,341.1776123046875,0.0012301104143261,0.0002649806835166,0.9812777896173588,reinspect,reinspect,0.0011585038154492
3_001_20200701_163144(5),3,2020-07-01 16:31:44,359.4794006347656,296.5802917480469,369.6758117675781,306.93829345703125,0.5997157096862793,0.960472687537212,0.960472687537212,reinspect,reinspect,0.0097887212683272
3_001_20200701_163144(5),3,2020-07-01 16:31:44,359.2260131835937,231.3380584716797,369.3617248535156,241.7624969482422,0.5885383486747742,0.9575428188915088,0.960472687537212,reinspect,reinspect,0.0097887212683272
3_001_20200701_163144(5),3,2020-07-01 16:31:44,358.8564147949219,260.0860290527344,369.1427001953125,270.5622863769531,0.5862383842468262,0.9569179194239348,0.960472687537212,reinspect,reinspect,0.0097887212683272
3_001_20200701_163144(5),3,2020-07-01 16:31:44,356.03082275390625,295.7549133300781,370.6030883789063,307.880859375,0.0022173558827489,0.0006844060568079,0.960472687537212,reinspect,reinspect,0.0097887212683272
3_001_20200701_163202(1),3,2020-07-01 16:32:02,365.01666259765625,239.24514770507807,375.6717529296875,250.32595825195312,0.6676530241966248,0.9749669977508064,0.9749669977508064,reinspect,reinspect,0.0025353528535069
3_001_20200701_163202(1),3,2020-07-01 16:32:02,363.6270446777344,173.19740295410156,374.037353515625,183.97938537597656,0.6535096764564514,0.972367366164469,0.9749669977508064,reinspect,reinspect,0.0025353528535069
3_001_20200701_163202(1),3,2020-07-01 16:32:02,362.8801574707031,201.9029083251953,373.84320068359375,213.2728881835937,0.6442751288414001,0.9705605613549516,0.9749669977508064,reinspect,reinspect,0.0025353528535069
3_001_20200701_203552(7),3,2020-07-01 20:35:52,342.5901794433594,181.3179168701172,354.25347900390625,193.0032501220703,0.6812761425971985,0.9772909142617792,0.9772909142617792,reinspect,reinspect,0.0004745259413816
3_001_20200701_203552(7),3,2020-07-01 20:35:52,349.7008972167969,261.1396179199219,361.05572509765625,272.3221130371094,0.6751629710197449,0.9762691595395347,0.9772909142617792,reinspect,reinspect,0.0004745259413816
3_001_20200701_203552(7),3,2020-07-01 20:35:52,346.0400695800781,215.5821533203125,357.2943725585937,226.87550354003903,0.6663755178451538,0.9747402069617178,0.9772909142617792,reinspect,reinspect,0.0004745259413816
3_001_20200701_203557(3),3,2020-07-01 20:35:57,344.0361328125,146.10516357421875,355.3964538574219,157.7403564453125,0.6966800689697266,0.9797205710665808,0.9797205710665808,reinspect,reinspect,0.000594198435013
3_001_20200701_203557(3),3,2020-07-01 20:35:57,355.4985656738281,224.7730407714844,366.489013671875,235.9699859619141,0.6721204519271851,0.9757479458245262,0.9797205710665808,reinspect,reinspect,0.000594198435013
3_001_20200701_203557(3),3,2020-07-01 20:35:57,348.81890869140625,179.1817626953125,360.7740478515625,191.1177978515625,0.6717822551727295,0.9756894802941956,0.9797205710665808,reinspect,reinspect,0.000594198435013
3_001_20200701_203557(3),3,2020-07-01 20:35:57,343.1164245605469,146.82293701171875,357.9927978515625,161.87667846679688,0.0017014446202665,0.0004467399499813,0.9797205710665808,reinspect,reinspect,0.000594198435013
3_001_20200701_203557(3),3,2020-07-01 20:35:57,347.64892578125,174.8511962890625,362.2708740234375,191.09701538085932,0.0015955520793795,0.0004028215926592,0.9797205710665808,reinspect,reinspect,0.000594198435013
3_001_20200701_203601(8),3,2020-07-01 20:36:01,352.8227844238281,228.89849853515625,364.4847717285156,240.7629547119141,0.6943342089653015,0.9793635369638244,0.9793635369638244,reinspect,reinspect,0.0010135039659837
3_001_20200701_203601(8),3,2020-07-01 20:36:01,342.3729553222656,149.8601531982422,354.19287109375,161.47512817382812,0.6871750950813293,0.9782453897062956,0.9793635369638244,reinspect,reinspect,0.0010135039659837
3_001_20200701_203601(8),3,2020-07-01 20:36:01,346.6443176269531,183.7245178222656,359.02899169921875,196.4045562744141,0.6540253758430481,0.9724656578932496,0.9793635369638244,reinspect,reinspect,0.0010135039659837
3_001_20200701_203606(3),3,2020-07-01 20:36:06,357.7271423339844,211.6513519287109,369.4175720214844,222.9051971435547,0.701593279838562,0.9804537360003835,0.9804537360003835,reinspect,reinspect,0.0012409416573561
3_001_20200701_203606(3),3,2020-07-01 20:36:06,370.6630859375,275.26080322265625,382.50494384765625,287.29180908203125,0.6819143891334534,0.97739565995019,0.9804537360003835,reinspect,reinspect,0.0012409416573561
3_001_20200701_203606(3),3,2020-07-01 20:36:06,362.73870849609375,239.58450317382807,374.30413818359375,251.2823181152344,0.6682447791099548,0.9750715232010964,0.9804537360003835,reinspect,reinspect,0.0012409416573561
3_001_20200701_203606(3),3,2020-07-01 20:36:06,361.7247314453125,239.18002319335932,378.6573486328125,253.38088989257807,0.0024595826398581,0.0008088201100066,0.9804537360003835,reinspect,reinspect,0.0012409416573561
3_001_20200701_203606(3),3,2020-07-01 20:36:06,355.2230529785156,211.9263458251953,370.3446960449219,226.8095245361328,0.0013643190031871,0.0003130564221229,0.9804537360003835,reinspect,reinspect,0.0012409416573561
3_001_20200701_203606(3),3,2020-07-01 20:36:06,369.17718505859375,276.1175537109375,383.2138671875,291.347900390625,0.0010199501411989,0.0001959857910665,0.9804537360003835,reinspect,reinspect,0.0012409416573561
3_001_20200701_203610(7),3,2020-07-01 20:36:10,359.8908996582031,194.1233062744141,371.2429504394531,205.27996826171875,0.6754744648933411,0.9763220410673918,0.9763220410673918,reinspect,reinspect,0.0008828008096072
3_001_20200701_203610(7),3,2020-07-01 20:36:10,371.6347961425781,259.20263671875,383.0660705566406,270.61962890625,0.6595218777656555,0.973496584707342,0.9763220410673918,reinspect,reinspect,0.0008828008096072
3_001_20200701_203610(7),3,2020-07-01 20:36:10,364.1128845214844,223.4776763916016,375.9678955078125,234.94235229492188,0.6485578417778015,0.9714096101782403,0.9763220410673918,reinspect,reinspect,0.0008828008096072
3_001_20200701_203610(7),3,2020-07-01 20:36:10,355.9148864746094,193.24868774414065,372.2894592285156,206.64584350585932,0.0019631136674433,0.0005624934252418,0.9763220410673918,reinspect,reinspect,0.0008828008096072
3_001_20200701_203615(2),3,2020-07-01 20:36:15,356.1746520996094,224.42274475097656,367.8054504394531,236.0972595214844,0.6775248646736145,0.9766679251919952,0.9766679251919952,reinspect,reinspect,0.0007771834296749
3_001_20200701_203615(2),3,2020-07-01 20:36:15,361.4770812988281,261.72125244140625,373.17620849609375,273.2911682128906,0.6343517303466797,0.968516929752546,0.9766679251919952,reinspect,reinspect,0.0007771834296749
3_001_20200701_203615(2),3,2020-07-01 20:36:15,353.3988037109375,195.66954040527344,364.3885192871094,206.7079162597656,0.6259169578552246,0.966692662360486,0.9766679251919952,reinspect,reinspect,0.0007771834296749
3_001_20200701_203615(2),3,2020-07-01 20:36:15,360.0013122558594,257.66131591796875,374.0785827636719,272.6647033691406,0.0082876626402139,0.0057329229029316,0.9766679251919952,reinspect,reinspect,0.0007771834296749
3_001_20200702_003135(7),3,2020-07-02 00:31:35,367.4508361816406,249.49346923828125,378.4552307128906,260.7262268066406,0.708261251449585,0.9814178171613748,0.9814178171613748,reinspect,reinspect,0.0007778659727896
3_001_20200702_003135(7),3,2020-07-02 00:31:35,364.428466796875,212.7754821777344,375.7705383300781,223.53988647460932,0.696790874004364,0.9797373229085296,0.9814178171613748,reinspect,reinspect,0.0007778659727896
3_001_20200702_003135(7),3,2020-07-02 00:31:35,363.14739990234375,183.5548858642578,373.5923156738281,194.1219482421875,0.6700091361999512,0.9753812062162224,0.9814178171613748,reinspect,reinspect,0.0007778659727896
3_001_20200702_003135(7),3,2020-07-02 00:31:35,362.2932739257813,183.38705444335932,375.3832702636719,197.7756805419922,0.0035781837068498,0.0014798008610452,0.9814178171613748,reinspect,reinspect,0.0007778659727896
3_001_20200702_003140(4),3,2020-07-02 00:31:40,366.5597839355469,183.78890991210932,377.67816162109375,194.60427856445312,0.6982235908508301,0.9799530179572088,0.9799530179572088,reinspect,reinspect,0.0010750993990512
3_001_20200702_003140(4),3,2020-07-02 00:31:40,366.5250854492188,212.7352752685547,378.17718505859375,223.97608947753903,0.6957948207855225,0.9795863732993216,0.9799530179572088,reinspect,reinspect,0.0010750993990512
3_001_20200702_003140(4),3,2020-07-02 00:31:40,367.3638305664063,250.31886291503903,378.5080871582031,261.5760498046875,0.6930229067802429,0.9791619673782384,0.9799530179572088,reinspect,reinspect,0.0010750993990512
3_001_20200702_003140(4),3,2020-07-02 00:31:40,365.3419799804688,183.5873870849609,379.4732971191406,197.84181213378903,0.0089256633073091,0.0064612033502182,0.9799530179572088,reinspect,reinspect,0.0010750993990512
3_001_20200702_003140(4),3,2020-07-02 00:31:40,363.0676879882813,181.05772399902344,377.6624755859375,194.0533447265625,0.0013973515015095,0.0003253507893957,0.9799530179572088,reinspect,reinspect,0.0010750993990512
3_001_20200702_003149(3),3,2020-07-02 00:31:49,355.44775390625,176.3812255859375,367.28216552734375,188.2622833251953,0.6824253797531128,0.9774792611025588,0.9774792611025588,reinspect,reinspect,0.0013162905915055
3_001_20200702_003149(3),3,2020-07-02 00:31:49,357.5162353515625,206.04544067382807,369.4244689941406,217.18618774414065,0.6727975606918335,0.975864681152216,0.9774792611025588,reinspect,reinspect,0.0013162905915055
3_001_20200702_003149(3),3,2020-07-02 00:31:49,360.8319396972656,242.42140197753903,372.0730285644531,253.8257598876953,0.6706700325012207,0.9754964534370052,0.9774792611025588,reinspect,reinspect,0.0013162905915055
3_001_20200702_003149(3),3,2020-07-02 00:31:49,354.1503601074219,175.6265106201172,371.3572387695313,189.900390625,0.0014734560390934,0.0003543543654211,0.9774792611025588,reinspect,reinspect,0.0013162905915055
3_001_20200702_003154(0),3,2020-07-02 00:31:54,343.81475830078125,174.8729248046875,356.2284240722656,187.210678100586,0.7036548852920532,0.9807555721894612,0.9807555721894612,reinspect,reinspect,0.001110865677252
3_001_20200702_003154(0),3,2020-07-02 00:31:54,354.913818359375,252.9955139160156,366.9312133789063,265.0222473144531,0.6617448925971985,0.9739049831692752,0.9807555721894612,reinspect,reinspect,0.001110865677252
3_001_20200702_003154(0),3,2020-07-02 00:31:54,349.2178955078125,208.917221069336,360.9832763671875,220.6558380126953,0.6469860076904297,0.971100250243287,0.9807555721894612,reinspect,reinspect,0.001110865677252
3_001_20200702_003154(0),3,2020-07-02 00:31:54,353.8905334472656,252.5400238037109,371.5094299316406,266.8067626953125,0.0015261387452483,0.0003749779233502,0.9807555721894612,reinspect,reinspect,0.001110865677252
3_001_20200702_003154(0),3,2020-07-02 00:31:54,341.1152038574219,175.25975036621094,356.8860778808594,190.8196258544922,0.0011102415155619,0.0002246614577267,0.9807555721894612,reinspect,reinspect,0.001110865677252
3_001_20200702_003158(4),3,2020-07-02 00:31:58,344.4270935058594,204.212631225586,356.7706604003906,215.956787109375,0.6996315121650696,0.9801633468040288,0.9801633468040288,reinspect,reinspect,0.000677243861184
3_001_20200702_003158(4),3,2020-07-02 00:31:58,349.0135498046875,249.82797241210932,360.73638916015625,261.40679931640625,0.6862127780914307,0.9780917544555962,0.9801633468040288,reinspect,reinspect,0.000677243861184
3_001_20200702_003158(4),3,2020-07-02 00:31:58,341.8940124511719,170.99288940429688,353.9020690917969,182.5717010498047,0.6814504265785217,0.9773195526917344,0.9801633468040288,reinspect,reinspect,0.000677243861184
3_001_20200702_003158(4),3,2020-07-02 00:31:58,342.84576416015625,200.18243408203125,357.765869140625,215.38096618652344,0.0051800957880914,0.0026868383225962,0.9801633468040288,reinspect,reinspect,0.000677243861184
3_001_20200702_003203(1),3,2020-07-02 00:32:03,345.0130920410156,178.1783447265625,357.14068603515625,189.82357788085932,0.6818990707397461,0.9773931502032068,0.9773931502032068,reinspect,reinspect,0.0005091578212371
3_001_20200702_003203(1),3,2020-07-02 00:32:03,343.58843994140625,224.0428924560547,355.4644470214844,235.89295959472656,0.6622387170791626,0.9739950462798608,0.9773931502032068,reinspect,reinspect,0.0005091578212371
3_001_20200702_003203(1),3,2020-07-02 00:32:03,346.7899169921875,144.39920043945312,358.378173828125,156.1514434814453,0.6115967631340027,0.9634011123554156,0.9773931502032068,reinspect,reinspect,0.0005091578212371
3_001_20200702_043956(5),3,2020-07-02 04:39:56,357.58984375,257.11737060546875,369.339111328125,268.51885986328125,0.6947344541549683,0.9794247759536314,0.9794247759536314,reinspect,reinspect,0.0014551009634588
3_001_20200702_043956(5),3,2020-07-02 04:39:56,345.7537841796875,214.04917907714844,357.771240234375,226.2936553955078,0.6778079271316528,0.976715375604641,0.9794247759536314,reinspect,reinspect,0.0014551009634588
3_001_20200702_043956(5),3,2020-07-02 04:39:56,337.4204406738281,181.4103546142578,349.303466796875,193.1228179931641,0.6703149676322937,0.975434588093053,0.9794247759536314,reinspect,reinspect,0.0014551009634588
3_001_20200702_043956(5),3,2020-07-02 04:39:56,356.5234680175781,253.7984619140625,371.8719177246094,268.7994079589844,0.0046926271170377,0.0022910455155732,0.9794247759536314,reinspect,reinspect,0.0014551009634588
3_001_20200702_043956(5),3,2020-07-02 04:39:56,335.9478454589844,181.58154296875,350.4128723144531,197.7552032470703,0.0019384723855182,0.0005511646928545,0.9794247759536314,reinspect,reinspect,0.0014551009634588
3_001_20200702_043956(5),3,2020-07-02 04:39:56,357.0343322753906,256.9638977050781,370.78411865234375,273.5444641113281,0.0012209196574985,0.0002618004563005,0.9794247759536314,reinspect,reinspect,0.0014551009634588
3_001_20200702_043959(8),3,2020-07-02 04:39:59,344.46636962890625,154.70172119140625,355.97772216796875,166.48170471191406,0.7122120261192322,0.9819726465675624,0.9819726465675624,reinspect,reinspect,0.0010494178024207
3_001_20200702_043959(8),3,2020-07-02 04:39:59,353.38214111328125,233.41110229492188,364.2554321289063,244.2816925048828,0.7033803462982178,0.9807155732525248,0.9819726465675624,reinspect,reinspect,0.0010494178024207
3_001_20200702_043959(8),3,2020-07-02 04:39:59,348.1377868652344,187.767822265625,359.2724304199219,199.444091796875,0.6169666647911072,0.964664966172244,0.9819726465675624,reinspect,reinspect,0.0010494178024207
3_001_20200702_043959(8),3,2020-07-02 04:39:59,352.1893615722656,233.8051300048828,366.083984375,248.27615356445312,0.0020939351525157,0.0006240907505408,0.9819726465675624,reinspect,reinspect,0.0010494178024207
3_001_20200702_043959(8),3,2020-07-02 04:39:59,350.5211486816406,228.7462158203125,364.5820007324219,243.361328125,0.0012105908244848,0.0002582438397525,0.9819726465675624,reinspect,reinspect,0.0010494178024207
3_001_20200702_044003(1),3,2020-07-02 04:40:03,351.1807556152344,226.6977081298828,362.2237243652344,237.64382934570312,0.6975544095039368,0.9798524822882072,0.9798524822882072,reinspect,reinspect,0.0003811190847173
3_001_20200702_044003(1),3,2020-07-02 04:40:03,343.7216186523437,147.33843994140625,354.9883117675781,158.51174926757812,0.6924793124198914,0.9790779857721894,0.9798524822882072,reinspect,reinspect,0.0003811190847173
3_001_20200702_044003(1),3,2020-07-02 04:40:03,346.18231201171875,180.0855712890625,357.73516845703125,191.7321319580078,0.634323000907898,0.9685108545399812,0.9798524822882072,reinspect,reinspect,0.0003811190847173
3_001_20200702_044003(1),3,2020-07-02 04:40:03,342.86083984375,147.75616455078125,357.4091491699219,161.96176147460938,0.004558250773698,0.0021861993788492,0.9798524822882072,reinspect,reinspect,0.0003811190847173
3_001_20200702_044003(1),3,2020-07-02 04:40:03,379.8752136230469,142.4506072998047,387.984130859375,150.19989013671875,0.002266343915835,0.0007089285004005,0.9798524822882072,reinspect,reinspect,0.0003811190847173
3_001_20200702_044003(1),3,2020-07-02 04:40:03,350.1147766113281,227.0743560791016,364.7673950195313,241.2996063232422,0.0018978789448738,0.000532693584558,0.9798524822882072,reinspect,reinspect,0.0003811190847173
3_001_20200702_044006(3),3,2020-07-02 04:40:06,357.6100158691406,188.73260498046875,368.7261962890625,199.6279144287109,0.6676189303398132,0.9749609653997392,0.9749609653997392,reinspect,reinspect,0.0024978254177565
3_001_20200702_044006(3),3,2020-07-02 04:40:06,362.8085021972656,225.0465545654297,373.3235168457031,235.9581756591797,0.6417866349220276,0.9700582128020112,0.9749609653997392,reinspect,reinspect,0.0024978254177565
3_001_20200702_044006(3),3,2020-07-02 04:40:06,354.6214294433594,158.3968048095703,365.52142333984375,169.44142150878906,0.5928406715393066,0.9586913266203314,0.9749609653997392,reinspect,reinspect,0.0024978254177565
3_001_20200702_044009(8),3,2020-07-02 04:40:09,360.5009765625,204.2682647705078,371.2877807617188,215.04356384277344,0.6939293146133423,0.9793014509514318,0.9793014509514318,reinspect,reinspect,0.0008619265050126
3_001_20200702_044009(8),3,2020-07-02 04:40:09,356.6403503417969,167.59071350097656,367.3937683105469,178.39944458007812,0.6786110997200012,0.976849619497686,0.9793014509514318,reinspect,reinspect,0.0008619265050126
3_001_20200702_044009(8),3,2020-07-02 04:40:09,354.4015808105469,137.43402099609375,365.0713806152344,148.24642944335938,0.5397982001304626,0.942500612841656,0.9793014509514318,reinspect,reinspect,0.0008619265050126
3_001_20200702_044009(8),3,2020-07-02 04:40:09,358.95245361328125,200.0697326660156,372.0813293457031,214.24874877929688,0.0061813732609152,0.0035727597176454,0.9793014509514318,reinspect,reinspect,0.0008619265050126
3_001_20200702_044013(2),3,2020-07-02 04:40:13,363.2835388183594,189.80865478515625,373.8493041992188,200.7470245361328,0.6774994134902954,0.9766636552007808,0.9766636552007808,reinspect,reinspect,0.0014319862975092
3_001_20200702_044013(2),3,2020-07-02 04:40:13,361.6476135253906,122.37762451171876,372.63482666015625,133.24513244628906,0.630139172077179,0.9676161062221242,0.9766636552007808,reinspect,reinspect,0.0014319862975092
3_001_20200702_044013(2),3,2020-07-02 04:40:13,362.1330871582031,152.38658142089844,373.2484130859375,163.68118286132812,0.6293051242828369,0.96743533649508,0.9766636552007808,reinspect,reinspect,0.0014319862975092
3_001_20200702_044013(2),3,2020-07-02 04:40:13,361.53802490234375,185.6487579345703,374.8382873535156,199.87579345703125,0.0058397641405463,0.0032597762023162,0.9766636552007808,reinspect,reinspect,0.0014319862975092
3_001_20200706_083233(2),3,2020-07-06 08:32:33,353.102783203125,160.13633728027344,364.0062561035156,170.98451232910156,0.6620564460754395,0.9739618316989612,0.9739618316989612,reinspect,reinspect,0.0024668724608932
3_001_20200706_083233(2),3,2020-07-06 08:32:33,367.3579711914063,222.989501953125,378.9922790527344,234.8076019287109,0.6568551659584045,0.9730002066527424,0.9739618316989612,reinspect,reinspect,0.0024668724608932
3_001_20200706_083233(2),3,2020-07-06 08:32:33,358.9335327148437,188.6429901123047,370.4118347167969,199.80010986328125,0.6562016606330872,0.9728774778609834,0.9739618316989612,reinspect,reinspect,0.0024668724608932
3_001_20200706_083233(2),3,2020-07-06 08:32:33,363.161865234375,222.7009429931641,380.3010864257813,236.71499633789065,0.0012658939231187,0.0002775008488475,0.9739618316989612,reinspect,reinspect,0.0024668724608932
3_001_20200706_083236(5),3,2020-07-06 08:32:36,360.8304443359375,161.30364990234375,371.568359375,171.94281005859375,0.6916993260383606,0.9789570494300516,0.9789570494300516,reinspect,reinspect,0.0004740607917517
3_001_20200706_083236(5),3,2020-07-06 08:32:36,364.33935546875,190.5816192626953,376.0100402832031,201.78970336914065,0.6778931617736816,0.9767296494983966,0.9789570494300516,reinspect,reinspect,0.0004740607917517
3_001_20200706_083236(5),3,2020-07-06 08:32:36,371.1519470214844,225.2020263671875,381.9786376953125,236.1919860839844,0.6622183918952942,0.9739913441048136,0.9789570494300516,reinspect,reinspect,0.0004740607917517
3_001_20200706_083236(5),3,2020-07-06 08:32:36,370.7536926269531,224.89285278320312,385.9044189453125,238.18569946289065,0.0020361265633255,0.0005965719649813,0.9789570494300516,reinspect,reinspect,0.0004740607917517
3_001_20200706_083236(5),3,2020-07-06 08:32:36,360.2359619140625,156.90756225585938,372.6412963867188,170.84454345703125,0.0020159387495368,0.0005870732960057,0.9789570494300516,reinspect,reinspect,0.0004740607917517
3_001_20200706_083239(5),3,2020-07-06 08:32:39,357.3570251464844,232.994140625,369.0630187988281,244.58746337890625,0.6869507431983948,0.9782096431402492,0.9782096431402492,reinspect,reinspect,0.0006185307959873
3_001_20200706_083239(5),3,2020-07-06 08:32:39,354.68756103515625,195.7866668701172,366.5453186035156,207.807357788086,0.666010320186615,0.9746750881892012,0.9782096431402492,reinspect,reinspect,0.0006185307959873
3_001_20200706_083239(5),3,2020-07-06 08:32:39,354.3240051269531,166.54408264160156,365.6585083007813,177.73085021972656,0.5780858397483826,0.9546398977040556,0.9782096431402492,reinspect,reinspect,0.0006185307959873
3_001_20200706_083239(5),3,2020-07-06 08:32:39,356.5248413085937,228.85235595703125,370.2129211425781,243.5955047607422,0.0028003649786114,0.0009968981447503,0.9782096431402492,reinspect,reinspect,0.0006185307959873
3_001_20200706_083239(5),3,2020-07-06 08:32:39,570.2503051757812,349.7229309082031,576.0,362.8412780761719,0.0015390393091365,0.0003800953365409,0.9782096431402492,reinspect,reinspect,0.0006185307959873
3_001_20200706_083239(5),3,2020-07-06 08:32:39,353.4942932128906,195.6801147460937,368.4347839355469,212.4725952148437,0.0010150220477953,0.000194463661504,0.9782096431402492,reinspect,reinspect,0.0006185307959873
3_001_20200706_083242(3),3,2020-07-06 08:32:42,336.6064758300781,196.7272491455078,348.20880126953125,208.3028106689453,0.6892008185386658,0.9785661940329764,0.9785661940329764,reinspect,reinspect,0.0012662982421264
3_001_20200706_083242(3),3,2020-07-06 08:32:42,341.68865966796875,230.18679809570312,353.59033203125,242.01577758789065,0.6630658507347107,0.9741453642550716,0.9785661940329764,reinspect,reinspect,0.0012662982421264
3_001_20200706_083242(3),3,2020-07-06 08:32:42,347.6980895996094,273.8304443359375,359.9666442871094,286.2472229003906,0.6505672335624695,0.9718013181693268,0.9785661940329764,reinspect,reinspect,0.0012662982421264
3_001_20200706_083242(3),3,2020-07-06 08:32:42,569.834716796875,308.6258239746094,576.0,320.9229431152344,0.0085949916392564,0.0060796190689929,0.9785661940329764,reinspect,reinspect,0.0012662982421264
3_001_20200706_083242(3),3,2020-07-06 08:32:42,335.7734375,197.40728759765625,350.7506408691406,212.3975830078125,0.0028804782778024,0.0010432546853243,0.9785661940329764,reinspect,reinspect,0.0012662982421264
3_001_20200706_083242(3),3,2020-07-06 08:32:42,337.44390869140625,227.6757659912109,353.36737060546875,241.5902862548828,0.0019539105705916,0.0005582520975969,0.9785661940329764,reinspect,reinspect,0.0012662982421264
3_001_20200706_083245(3),3,2020-07-06 08:32:45,343.2755126953125,234.96804809570312,354.5731811523437,245.907470703125,0.6847430467605591,0.9778555599484612,0.9778555599484612,reinspect,reinspect,0.0011788926337412
3_001_20200706_083245(3),3,2020-07-06 08:32:45,347.7277526855469,279.2556457519531,359.0565490722656,290.7340393066406,0.6611053943634033,0.9737879970853726,0.9778555599484612,reinspect,reinspect,0.0011788926337412
3_001_20200706_083245(3),3,2020-07-06 08:32:45,339.3754272460937,201.1413116455078,351.18768310546875,213.1323089599609,0.638988196849823,0.9694852582291332,0.9778555599484612,reinspect,reinspect,0.0011788926337412
3_001_20200706_083245(3),3,2020-07-06 08:32:45,342.613525390625,235.5232696533203,357.5223083496094,248.8291473388672,0.0026868490967899,0.0009325948271561,0.9778555599484612,reinspect,reinspect,0.0011788926337412
3_001_20200706_083245(3),3,2020-07-06 08:32:45,570.3809204101562,266.1046142578125,576.0,281.1316223144531,0.0010476555908098,0.0002046265727471,0.9778555599484612,reinspect,reinspect,0.0011788926337412
3_001_20200706_083245(3),3,2020-07-06 08:32:45,342.6627502441406,231.91555786132807,357.5038452148437,245.6941680908203,0.0010160842211917,0.0001947913521512,0.9778555599484612,reinspect,reinspect,0.0011788926337412
3_001_20200706_083248(4),3,2020-07-06 08:32:48,357.3558044433594,292.3746337890625,369.06634521484375,303.86358642578125,0.6959589123725891,0.979611297315144,0.979611297315144,reinspect,reinspect,0.0007792741039892
3_001_20200706_083248(4),3,2020-07-06 08:32:48,345.864501953125,214.976806640625,357.3164978027344,226.63449096679688,0.6839662194252014,0.9777299584845848,0.979611297315144,reinspect,reinspect,0.0007792741039892
3_001_20200706_083248(4),3,2020-07-06 08:32:48,350.593505859375,248.28570556640625,361.950927734375,259.208984375,0.6839130520820618,0.97772134280454,0.979611297315144,reinspect,reinspect,0.0007792741039892
3_001_20200706_083248(4),3,2020-07-06 08:32:48,344.5806579589844,210.95669555664065,358.6205749511719,226.2939910888672,0.0011995643144473,0.0002544673893113,0.979611297315144,reinspect,reinspect,0.0007792741039892
3_001_20200706_083248(4),3,2020-07-06 08:32:48,348.2279052734375,243.35287475585932,362.35400390625,258.141357421875,0.0011707146186381,0.0002446869256958,0.979611297315144,reinspect,reinspect,0.0007792741039892
3_001_20200706_123355(3),3,2020-07-06 12:33:55,341.8271789550781,163.1494903564453,353.3264465332031,174.33363342285156,0.6792861223220825,0.97696199509124,0.97696199509124,reinspect,reinspect,0.00098902342631
3_001_20200706_123355(3),3,2020-07-06 12:33:55,338.8807067871094,129.82656860351562,349.8878479003906,140.93917846679688,0.6548658609390259,0.9726252727825346,0.97696199509124,reinspect,reinspect,0.00098902342631
3_001_20200706_123355(3),3,2020-07-06 12:33:55,347.4256896972656,208.1759185791016,359.0628967285156,219.8155517578125,0.6535109877586365,0.9723676164415987,0.97696199509124,reinspect,reinspect,0.00098902342631
3_001_20200706_123355(3),3,2020-07-06 12:33:55,570.1683349609375,301.29156494140625,576.0,312.6708068847656,0.0016328574856743,0.0004180967606727,0.97696199509124,reinspect,reinspect,0.00098902342631
3_001_20200706_123355(3),3,2020-07-06 12:33:55,570.2781982421875,120.93573760986328,576.0,133.39280700683594,0.0015478412387892,0.0003836019896337,0.97696199509124,reinspect,reinspect,0.00098902342631
3_001_20200706_123355(3),3,2020-07-06 12:33:55,341.4053039550781,163.4555206298828,357.29461669921875,177.03219604492188,0.0013820627937093,0.000319638146938,0.97696199509124,reinspect,reinspect,0.00098902342631
3_001_20200706_123359(3),3,2020-07-06 12:33:59,342.9046325683594,153.77008056640625,354.15924072265625,164.8035125732422,0.679682195186615,0.9770277417055026,0.9770277417055026,reinspect,reinspect,0.0014089406017236
3_001_20200706_123359(3),3,2020-07-06 12:33:59,346.18658447265625,187.1173248291016,357.24578857421875,198.2281188964844,0.6549561619758606,0.9726423789676552,0.9770277417055026,reinspect,reinspect,0.0014089406017236
3_001_20200706_123359(3),3,2020-07-06 12:33:59,351.9777526855469,231.7165985107422,363.1226501464844,242.7000732421875,0.6420564651489258,0.9701130065433948,0.9770277417055026,reinspect,reinspect,0.0014089406017236
3_001_20200706_123359(3),3,2020-07-06 12:33:59,292.2392578125,368.8050537109375,301.9818115234375,378.109375,0.0023060487583279,0.0007290437337914,0.9770277417055026,reinspect,reinspect,0.0014089406017236
3_001_20200706_123411(3),3,2020-07-06 12:34:11,356.7151184082031,226.73736572265625,368.6626892089844,238.3500366210937,0.6900630593299866,0.978701678072895,0.978701678072895,reinspect,reinspect,0.0008957237173174
3_001_20200706_123411(3),3,2020-07-06 12:34:11,351.32342529296875,182.4518585205078,362.5858459472656,193.3437042236328,0.6852620244026184,0.9779391773405102,0.978701678072895,reinspect,reinspect,0.0008957237173174
3_001_20200706_123411(3),3,2020-07-06 12:34:11,348.1059265136719,148.98165893554688,359.39794921875,160.32420349121094,0.6601486802101135,0.973612230332392,0.978701678072895,reinspect,reinspect,0.0008957237173174
3_001_20200706_123411(3),3,2020-07-06 12:34:11,356.0927429199219,226.9828643798828,371.7065124511719,241.48953247070312,0.002290652366355,0.0007212182495729,0.978701678072895,reinspect,reinspect,0.0008957237173174
3_001_20200706_123411(3),3,2020-07-06 12:34:11,570.2808227539062,52.5650749206543,576.0,66.04843139648438,0.0017243302427232,0.0004564570086226,0.978701678072895,reinspect,reinspect,0.0008957237173174
3_001_20200706_123411(3),3,2020-07-06 12:34:11,570.350341796875,49.080177307128906,575.998291015625,61.21706008911133,0.0011416319757699,0.000234975372773,0.978701678072895,reinspect,reinspect,0.0008957237173174
3_001_20200706_123437(4),3,2020-07-06 12:34:37,367.65338134765625,229.3172607421875,379.2894592285156,241.5648803710937,0.670695424079895,0.975500873056806,0.975500873056806,reinspect,reinspect,0.0007285481097641
3_001_20200706_123437(4),3,2020-07-06 12:34:37,363.2349243164063,194.46145629882807,374.7378234863281,206.03550720214844,0.6674754023551941,0.974935558342037,0.975500873056806,reinspect,reinspect,0.0007285481097641
3_001_20200706_123437(4),3,2020-07-06 12:34:37,361.3446044921875,165.77481079101562,371.86334228515625,176.24769592285156,0.6224929690361023,0.965928369483996,0.975500873056806,reinspect,reinspect,0.0007285481097641
3_001_20200706_123437(4),3,2020-07-06 12:34:37,366.0993347167969,225.1665954589844,380.7750854492188,240.9258270263672,0.0016567923594266,0.0004280104703832,0.975500873056806,reinspect,reinspect,0.0007285481097641
3_001_20200706_123437(4),3,2020-07-06 12:34:37,445.2052307128906,20.65641593933105,456.7272338867188,31.71081924438477,0.0012281283270567,0.0002642936009629,0.975500873056806,reinspect,reinspect,0.0007285481097641
3_001_20200706_123445(4),3,2020-07-06 12:34:45,359.4029846191406,155.24746704101562,369.8401794433594,165.7445831298828,0.7048562169075012,0.9809298960463128,0.9809298960463128,reinspect,reinspect,0.0008116527277145
3_001_20200706_123445(4),3,2020-07-06 12:34:45,363.73529052734375,220.4727478027344,375.4659423828125,231.5943756103516,0.6837666630744934,0.9776976079048936,0.9809298960463128,reinspect,reinspect,0.0008116527277145
3_001_20200706_123445(4),3,2020-07-06 12:34:45,360.6968994140625,184.7953643798828,371.7586059570313,195.6778717041016,0.6649571061134338,0.9744865714588474,0.9809298960463128,reinspect,reinspect,0.0008116527277145
3_001_20200706_123445(4),3,2020-07-06 12:34:45,358.0805053710937,155.32440185546875,371.9663391113281,169.12960815429688,0.0052077793516218,0.002710030093802,0.9809298960463128,reinspect,reinspect,0.0008116527277145
3_001_20200706_123445(4),3,2020-07-06 12:34:45,363.2691345214844,220.6260681152344,378.847412109375,234.41995239257807,0.0016302414005622,0.0004170185439059,0.9809298960463128,reinspect,reinspect,0.0008116527277145
3_001_20200706_123445(4),3,2020-07-06 12:34:45,47.28748321533203,11.911276817321776,61.33818054199219,26.143672943115234,0.0013200306566432,0.000296856364606,0.9809298960463128,reinspect,reinspect,0.0008116527277145
3_001_20200706_123449(4),3,2020-07-06 12:34:49,359.1708374023437,189.4349365234375,370.2702026367188,200.27149963378903,0.6869168877601624,0.9782042450935504,0.9782042450935504,reinspect,reinspect,0.0004662922781969
3_001_20200706_123449(4),3,2020-07-06 12:34:49,361.3897705078125,225.6866912841797,372.2964477539063,236.78936767578125,0.6469393968582153,0.9710910367841932,0.9782042450935504,reinspect,reinspect,0.0004662922781969
3_001_20200706_123449(4),3,2020-07-06 12:34:49,357.2942199707031,159.61883544921875,368.1053161621094,170.42282104492188,0.6282062530517578,0.9671959376533038,0.9782042450935504,reinspect,reinspect,0.0004662922781969
3_001_20200706_123449(4),3,2020-07-06 12:34:49,570.3970947265625,320.6205444335937,576.0,332.63970947265625,0.0022223461419343,0.0006868890616423,0.9782042450935504,reinspect,reinspect,0.0004662922781969
3_001_20200706_123449(4),3,2020-07-06 12:34:49,0.0,0.0,6.08145809173584,4.958112716674805,0.0013256990350782,0.0002989115229289,0.9782042450935504,reinspect,reinspect,0.0004662922781969
3_001_20200706_123449(4),3,2020-07-06 12:34:49,357.96881103515625,185.78651428222656,371.3934326171875,199.48570251464844,0.0012970496900379,0.0002885795220116,0.9782042450935504,reinspect,reinspect,0.0004662922781969
3_001_20200706_163108(5),3,2020-07-06 16:31:08,355.1767883300781,266.0243835449219,367.5705871582031,278.6548156738281,0.6730135083198547,0.9759018216800884,0.9759018216800884,reinspect,reinspect,0.0003421339692744
3_001_20200706_163108(5),3,2020-07-06 16:31:08,341.24908447265625,190.2613677978516,352.33367919921875,201.3522186279297,0.6659377217292786,0.9746621278530434,0.9759018216800884,reinspect,reinspect,0.0003421339692744
3_001_20200706_163108(5),3,2020-07-06 16:31:08,346.1744079589844,222.4006805419922,358.3737487792969,234.6256103515625,0.6423512101173401,0.9701727694327998,0.9759018216800884,reinspect,reinspect,0.0003421339692744
3_001_20200706_163108(5),3,2020-07-06 16:31:08,569.0944213867188,386.5043640136719,576.0,400.9671630859375,0.0128245884552598,0.0115876841285293,0.9759018216800884,reinspect,reinspect,0.0003421339692744
3_001_20200706_163108(5),3,2020-07-06 16:31:08,570.0389404296875,357.58306884765625,576.0,370.8219909667969,0.0103145539760589,0.0081578942429891,0.9759018216800884,reinspect,reinspect,0.0003421339692744
3_001_20200706_163108(5),3,2020-07-06 16:31:08,340.0874938964844,189.98324584960932,354.1553649902344,205.05450439453125,0.0069360854104161,0.0043021631338185,0.9759018216800884,reinspect,reinspect,0.0003421339692744
3_001_20200706_163108(5),3,2020-07-06 16:31:08,353.8913269042969,265.3052978515625,371.3751831054688,280.34228515625,0.0034325516317039,0.001383940175474,0.9759018216800884,reinspect,reinspect,0.0003421339692744
3_001_20200706_163108(5),3,2020-07-06 16:31:08,345.3454895019531,218.04864501953125,360.2521667480469,234.14295959472656,0.001961957430467,0.0005619598937811,0.9759018216800884,reinspect,reinspect,0.0003421339692744
3_001_20200706_163108(5),3,2020-07-06 16:31:08,570.2506103515625,61.36169052124024,576.0,74.41380310058594,0.0015773749910295,0.00039545718566,0.9759018216800884,reinspect,reinspect,0.0003421339692744
3_001_20200706_163108(5),3,2020-07-06 16:31:08,353.8485107421875,261.2463073730469,368.5860290527344,277.29644775390625,0.0011695493012666,0.0002442949268982,0.9759018216800884,reinspect,reinspect,0.0003421339692744
3_001_20200706_163112(5),3,2020-07-06 16:31:12,343.02764892578125,175.86985778808594,354.94000244140625,187.5205078125,0.6934915781021118,0.9792341751292974,0.9792341751292974,reinspect,reinspect,0.0003990303416059
3_001_20200706_163112(5),3,2020-07-06 16:31:12,353.7578430175781,253.50184631347656,366.0080261230469,265.65386962890625,0.6448185443878174,0.9706693737366728,0.9792341751292974,reinspect,reinspect,0.0003990303416059
3_001_20200706_163112(5),3,2020-07-06 16:31:12,347.3158874511719,209.49673461914065,359.348876953125,221.66749572753903,0.6193381547927856,0.9652116935107972,0.9792341751292974,reinspect,reinspect,0.0003990303416059
3_001_20200706_163112(5),3,2020-07-06 16:31:12,352.4546203613281,253.5436248779297,367.8849182128906,269.798828125,0.0022314907982945,0.000691448031706,0.9792341751292974,reinspect,reinspect,0.0003990303416059
3_001_20200706_163116(3),3,2020-07-06 16:31:16,335.3791198730469,183.5826873779297,347.07696533203125,195.0447235107422,0.6939918994903564,0.9793110565686296,0.9793110565686296,reinspect,reinspect,0.0008767840685407
3_001_20200706_163116(3),3,2020-07-06 16:31:16,351.552978515625,258.6051940917969,363.3366394042969,270.2942199707031,0.6860772371292114,0.9780700507738338,0.9793110565686296,reinspect,reinspect,0.0008767840685407
3_001_20200706_163116(3),3,2020-07-06 16:31:16,341.5581359863281,215.61178588867188,353.643310546875,227.64044189453125,0.6446949243545532,0.9706446480920352,0.9793110565686296,reinspect,reinspect,0.0008767840685407
3_001_20200706_163116(3),3,2020-07-06 16:31:16,334.567626953125,183.56382751464844,350.16766357421875,198.25375366210932,0.0034006852656602,0.0013632913161014,0.9793110565686296,reinspect,reinspect,0.0008767840685407
3_001_20200706_163116(3),3,2020-07-06 16:31:16,341.0713806152344,210.5965118408203,355.3363342285156,227.63140869140625,0.0016310596838593,0.0004173556849139,0.9793110565686296,reinspect,reinspect,0.0008767840685407
3_001_20200706_163116(3),3,2020-07-06 16:31:16,350.762451171875,253.8600311279297,365.54974365234375,269.5052185058594,0.0014605103060603,0.0003493545359849,0.9793110565686296,reinspect,reinspect,0.0008767840685407
3_001_20200706_163120(5),3,2020-07-06 16:31:20,359.35113525390625,187.19015502929688,370.686279296875,198.3678741455078,0.6721265912055969,0.9757490061648348,0.9757490061648348,reinspect,reinspect,0.0012055915965983
3_001_20200706_163120(5),3,2020-07-06 16:31:20,363.4085083007813,253.55099487304688,374.0395202636719,264.59454345703125,0.6629815101623535,0.9741300672739364,0.9757490061648348,reinspect,reinspect,0.0012055915965983
3_001_20200706_163120(5),3,2020-07-06 16:31:20,361.071044921875,217.4217071533203,371.8695068359375,228.233139038086,0.6200557947158813,0.9653757806241358,0.9757490061648348,reinspect,reinspect,0.0012055915965983
3_001_20200706_163120(5),3,2020-07-06 16:31:20,0.0,0.0,6.162222862243652,4.740245819091797,0.0040434026159346,0.0018020771723135,0.9757490061648348,reinspect,reinspect,0.0012055915965983
3_001_20200706_163120(5),3,2020-07-06 16:31:20,566.9016723632812,437.4593200683594,575.49755859375,444.0,0.0016638997476547,0.0004309712753506,0.9757490061648348,reinspect,reinspect,0.0012055915965983
3_001_20200706_163124(3),3,2020-07-06 16:31:24,363.3427734375,257.6136169433594,375.2152099609375,269.2278137207031,0.6775130033493042,0.9766659352690168,0.9766659352690168,reinspect,reinspect,0.0009590226320328
3_001_20200706_163124(3),3,2020-07-06 16:31:24,353.730712890625,222.7530670166016,365.8483581542969,234.65725708007807,0.6417315602302551,0.9700470192110988,0.9766659352690168,reinspect,reinspect,0.0009590226320328
3_001_20200706_163124(3),3,2020-07-06 16:31:24,346.82769775390625,196.0938873291016,357.6962585449219,207.16046142578125,0.5998342633247375,0.9605028353732028,0.9766659352690168,reinspect,reinspect,0.0009590226320328
3_001_20200706_163134(3),3,2020-07-06 16:31:34,356.2210693359375,197.14097595214844,367.7310180664063,208.3217620849609,0.6763195395469666,0.9764650609253962,0.9764650609253962,reinspect,reinspect,0.0014723950872975
3_001_20200706_163134(3),3,2020-07-06 16:31:34,369.6582336425781,261.3665466308594,380.5077209472656,272.4700012207031,0.6469927430152893,0.971101581409994,0.9764650609253962,reinspect,reinspect,0.0014723950872975
3_001_20200706_163134(3),3,2020-07-06 16:31:34,361.9800109863281,226.31411743164065,373.3710632324219,237.337142944336,0.6359447240829468,0.9688523345924236,0.9764650609253962,reinspect,reinspect,0.0014723950872975
3_001_20200706_163134(3),3,2020-07-06 16:31:34,361.12738037109375,226.1868438720703,375.7964477539063,241.3619384765625,0.0040571535937488,0.001811967234824,0.9764650609253962,reinspect,reinspect,0.0014723950872975
3_001_20200706_163134(3),3,2020-07-06 16:31:34,355.5235595703125,196.5482635498047,371.4677429199219,210.10159301757807,0.003793028416112,0.0016256320944035,0.9764650609253962,reinspect,reinspect,0.0014723950872975
3_001_20200706_203245(6),3,2020-07-06 20:32:45,337.0420837402344,201.1285400390625,348.6968078613281,212.52859497070312,0.6839876770973206,0.977733434963342,0.977733434963342,reinspect,reinspect,0.0008905860244217
3_001_20200706_203245(6),3,2020-07-06 20:32:45,348.2830810546875,278.89080810546875,360.227294921875,290.75982666015625,0.6753256320953369,0.9762967851730768,0.977733434963342,reinspect,reinspect,0.0008905860244217
3_001_20200706_203245(6),3,2020-07-06 20:32:45,341.1674194335937,232.8739776611328,352.9880065917969,244.4781188964844,0.6726707220077515,0.9758428462071732,0.977733434963342,reinspect,reinspect,0.0008905860244217
3_001_20200706_203245(6),3,2020-07-06 20:32:45,569.8367919921875,217.2613677978516,576.0,231.630111694336,0.005599204916507,0.0030459799870117,0.977733434963342,reinspect,reinspect,0.0008905860244217
3_001_20200706_203245(6),3,2020-07-06 20:32:45,340.1868591308594,232.1698303222656,357.1344909667969,245.79342651367188,0.0045301103964447,0.0021644802775357,0.977733434963342,reinspect,reinspect,0.0008905860244217
3_001_20200706_203245(6),3,2020-07-06 20:32:45,569.9318237304688,77.06787872314453,576.0,91.2168426513672,0.0015690282452851,0.0003920928259211,0.977733434963342,reinspect,reinspect,0.0008905860244217
3_001_20200706_203309(2),3,2020-07-06 20:33:09,351.6790466308594,253.53726196289065,363.1679382324219,264.7129821777344,0.6750937104225159,0.9762573892755972,0.9762573892755972,reinspect,reinspect,0.0021331823313237
3_001_20200706_203309(2),3,2020-07-06 20:33:09,346.4913024902344,175.4498748779297,358.04443359375,187.2264404296875,0.6640584468841553,0.9743248735579638,0.9762573892755972,reinspect,reinspect,0.0021331823313237
3_001_20200706_203309(2),3,2020-07-06 20:33:09,348.79296875,208.63229370117188,360.2411804199219,220.24197387695312,0.6621996164321899,0.9739879238482346,0.9762573892755972,reinspect,reinspect,0.0021331823313237
3_001_20200706_203309(2),3,2020-07-06 20:33:09,569.5474853515625,316.82586669921875,575.9703369140625,328.1013488769531,0.0065308562479913,0.0039041219868764,0.9762573892755972,reinspect,reinspect,0.0021331823313237
3_001_20200706_203309(2),3,2020-07-06 20:33:09,0.0,0.0,6.50241756439209,5.013049602508545,0.0038639509584754,0.0016749098819342,0.9762573892755972,reinspect,reinspect,0.0021331823313237
3_001_20200706_203309(2),3,2020-07-06 20:33:09,348.165283203125,208.2055511474609,364.363525390625,222.366439819336,0.0024520782753825,0.0008048479484209,0.9762573892755972,reinspect,reinspect,0.0021331823313237
3_001_20200706_203419(5),3,2020-07-06 20:34:19,345.80157470703125,219.13131713867188,357.2584533691406,230.266342163086,0.6970489621162415,0.9797763023116636,0.9797763023116636,reinspect,reinspect,0.0010936980181085
3_001_20200706_203419(5),3,2020-07-06 20:34:19,339.392333984375,140.31427001953125,351.1340637207031,152.0338897705078,0.6527178287506104,0.9722159115134964,0.9797763023116636,reinspect,reinspect,0.0010936980181085
3_001_20200706_203419(5),3,2020-07-06 20:34:19,342.0323486328125,173.01832580566406,354.1473999023437,185.0396728515625,0.6459509134292603,0.9708951036885692,0.9797763023116636,reinspect,reinspect,0.0010936980181085
3_001_20200706_203419(5),3,2020-07-06 20:34:19,344.432861328125,214.4325256347656,358.49468994140625,230.4209747314453,0.0028576871845871,0.0010299854523581,0.9797763023116636,reinspect,reinspect,0.0010936980181085
3_001_20200706_203419(5),3,2020-07-06 20:34:19,519.0360107421875,366.6809387207031,531.2265625,379.6376647949219,0.001253055059351,0.0002729834924539,0.9797763023116636,reinspect,reinspect,0.0010936980181085
3_001_20200706_203456(7),3,2020-07-06 20:34:56,351.1473693847656,211.9115753173828,362.40478515625,223.00282287597656,0.6939957141876221,0.9793116419482576,0.9793116419482576,reinspect,reinspect,0.0007282441124757
3_001_20200706_203456(7),3,2020-07-06 20:34:56,353.175048828125,243.51763916015625,364.2913818359375,254.7178192138672,0.6864365339279175,0.9781275488407012,0.9793116419482576,reinspect,reinspect,0.0007282441124757
3_001_20200706_203456(7),3,2020-07-06 20:34:56,355.7441711425781,289.3012390136719,366.98931884765625,300.802490234375,0.6668949723243713,0.9748326115806798,0.9793116419482576,reinspect,reinspect,0.0007282441124757
3_001_20200706_203456(7),3,2020-07-06 20:34:56,350.0971984863281,212.16433715820312,364.7325134277344,226.695068359375,0.0033767309505492,0.0013478471708908,0.9793116419482576,reinspect,reinspect,0.0007282441124757
3_001_20200706_203456(7),3,2020-07-06 20:34:56,354.9985046386719,288.7688293457031,371.3343200683594,302.1478576660156,0.00209930841811,0.0006266724944036,0.9793116419482576,reinspect,reinspect,0.0007282441124757
3_001_20200706_203456(7),3,2020-07-06 20:34:56,351.9823913574219,239.5292510986328,365.6676025390625,253.9930725097656,0.0016278482507914,0.0004160331356887,0.9793116419482576,reinspect,reinspect,0.0007282441124757
3_001_20200706_203456(7),3,2020-07-06 20:34:56,348.51611328125,243.77249145507807,365.3716735839844,256.9443359375,0.001192650408484,0.0002521102376392,0.9793116419482576,reinspect,reinspect,0.0007282441124757
3_001_20200706_203500(1),3,2020-07-06 20:35:00,348.6678161621094,271.5565795898437,360.5484313964844,282.9784240722656,0.6676657199859619,0.9749692437809132,0.9749692437809132,reinspect,reinspect,0.001977174419214
3_001_20200706_203500(1),3,2020-07-06 20:35:00,354.5680847167969,315.5064697265625,366.3523254394531,327.2567138671875,0.6627172231674194,0.9740820882579136,0.9749692437809132,reinspect,reinspect,0.001977174419214
3_001_20200706_203500(1),3,2020-07-06 20:35:00,345.3638916015625,238.8881072998047,356.93701171875,250.38525390625,0.6615431308746338,0.9738681173863925,0.9749692437809132,reinspect,reinspect,0.001977174419214
3_001_20200706_203500(1),3,2020-07-06 20:35:00,347.8261413574219,271.4066467285156,364.43463134765625,285.29150390625,0.003293752670288,0.0012948675737504,0.9749692437809132,reinspect,reinspect,0.001977174419214
3_001_20200706_203500(1),3,2020-07-06 20:35:00,566.885009765625,437.0857238769531,575.5823364257812,444.0,0.0031576650217175,0.0012097401062568,0.9749692437809132,reinspect,reinspect,0.001977174419214
3_001_20200706_203500(1),3,2020-07-06 20:35:00,291.7443542480469,368.5256652832031,301.59228515625,378.4712524414063,0.0019048759713768,0.0005358603484018,0.9749692437809132,reinspect,reinspect,0.001977174419214
3_001_20200706_203500(1),3,2020-07-06 20:35:00,570.7037963867188,313.0360717773437,576.0,326.4146728515625,0.0011661329772323,0.0002431470910983,0.9749692437809132,reinspect,reinspect,0.001977174419214
3_001_20200706_203520(0),3,2020-07-06 20:35:20,344.4529724121094,196.65158081054688,355.5593566894531,208.0092163085937,0.6903866529464722,0.9787523611426852,0.9787523611426852,reinspect,reinspect,0.0010136944433167
3_001_20200706_203520(0),3,2020-07-06 20:35:20,348.9329528808594,275.0928649902344,360.5588073730469,286.6033630371094,0.6705219149589539,0.975470660285081,0.9787523611426852,reinspect,reinspect,0.0010136944433167
3_001_20200706_203520(0),3,2020-07-06 20:35:20,345.93731689453125,229.3949432373047,357.46600341796875,240.8297271728516,0.6682285070419312,0.9750686534052476,0.9787523611426852,reinspect,reinspect,0.0010136944433167
3_001_20200706_203520(0),3,2020-07-06 20:35:20,569.8635864257812,330.64898681640625,576.0,342.314697265625,0.0036710663698613,0.0015422073755299,0.9787523611426852,reinspect,reinspect,0.0010136944433167
3_001_20200706_203520(0),3,2020-07-06 20:35:20,343.4306640625,196.9223175048828,356.84423828125,212.0504913330078,0.0015973837580531,0.0004035665515165,0.9787523611426852,reinspect,reinspect,0.0010136944433167
3_001_20200706_203520(0),3,2020-07-06 20:35:20,344.8441772460937,225.16192626953125,358.9707336425781,240.25099182128903,0.00157115701586,0.0003929498421384,0.9787523611426852,reinspect,reinspect,0.0010136944433167
3_001_20200707_003223(4),3,2020-07-07 00:32:23,352.4230041503906,213.18507385253903,364.3419494628906,224.7677764892578,0.6933401226997375,0.9792108606371968,0.9792108606371968,reinspect,reinspect,0.0012223649549054
3_001_20200707_003223(4),3,2020-07-07 00:32:23,357.8343200683594,258.1722106933594,369.6564636230469,270.2189025878906,0.6920394897460938,0.9790098545406328,0.9792108606371968,reinspect,reinspect,0.0012223649549054
3_001_20200707_003223(4),3,2020-07-07 00:32:23,349.40594482421875,179.64120483398438,361.1276550292969,190.99952697753903,0.6792231202125549,0.9769515240143,0.9792108606371968,reinspect,reinspect,0.0012223649549054
3_001_20200707_003223(4),3,2020-07-07 00:32:23,570.0293579101562,337.0726318359375,576.0,349.5047607421875,0.0083347018808126,0.0057854864549923,0.9792108606371968,reinspect,reinspect,0.0012223649549054
3_001_20200707_003223(4),3,2020-07-07 00:32:23,570.1396484375,279.7312316894531,576.0,292.72674560546875,0.0018601630581542,0.0005157469787294,0.9792108606371968,reinspect,reinspect,0.0012223649549054
3_001_20200707_003223(4),3,2020-07-07 00:32:23,357.1204833984375,253.88172912597656,372.23040771484375,269.696044921875,0.0013599912635982,0.0003114590213805,0.9792108606371968,reinspect,reinspect,0.0012223649549054
3_001_20200707_003223(4),3,2020-07-07 00:32:23,348.4233703613281,213.4335021972656,365.5273132324219,227.64537048339844,0.0011608176864683,0.0002413653102379,0.9792108606371968,reinspect,reinspect,0.0012223649549054
3_001_20200707_003233(9),3,2020-07-07 00:32:33,344.291015625,205.8515167236328,356.5915222167969,217.4657287597656,0.686595618724823,0.9781529713934756,0.9781529713934756,reinspect,reinspect,0.0004575959937018
3_001_20200707_003233(9),3,2020-07-07 00:32:33,349.0663452148437,251.1675262451172,361.6663513183594,263.5199584960937,0.6761650443077087,0.976438962896189,0.9781529713934756,reinspect,reinspect,0.0004575959937018
3_001_20200707_003233(9),3,2020-07-07 00:32:33,341.2664489746094,172.6802520751953,353.9437255859375,185.33660888671875,0.666953444480896,0.9748429969234848,0.9781529713934756,reinspect,reinspect,0.0004575959937018
3_001_20200707_003233(9),3,2020-07-07 00:32:33,347.1660461425781,246.79180908203125,361.9305114746094,262.5492858886719,0.0015979778254404,0.0004038082758349,0.9781529713934756,reinspect,reinspect,0.0004575959937018
3_001_20200707_003256(1),3,2020-07-07 00:32:56,352.2117919921875,193.3736724853516,365.12060546875,206.48008728027344,0.6831551194190979,0.9775982513679528,0.9775982513679528,reinspect,reinspect,0.0007077115599789
3_001_20200707_003256(1),3,2020-07-07 00:32:56,348.4320983886719,272.6747131347656,361.1807861328125,285.4781494140625,0.6778650283813477,0.9767249388408246,0.9775982513679528,reinspect,reinspect,0.0007077115599789
3_001_20200707_003256(1),3,2020-07-07 00:32:56,350.38739013671875,227.1405639648437,363.3736267089844,239.36264038085932,0.671904444694519,0.9757106160036808,0.9775982513679528,reinspect,reinspect,0.0007077115599789
3_001_20200707_003312(2),3,2020-07-07 00:33:12,343.04815673828125,192.74185180664065,355.3129577636719,204.9388732910156,0.684201180934906,0.9777680039597836,0.9777680039597836,reinspect,reinspect,0.0006133098802424
3_001_20200707_003312(2),3,2020-07-07 00:33:12,341.9864807128906,227.17481994628903,354.5054931640625,238.89926147460932,0.6782414317131042,0.9767879046832924,0.9777680039597836,reinspect,reinspect,0.0006133098802424
3_001_20200707_003312(2),3,2020-07-07 00:33:12,341.7206420898437,271.8988647460937,354.04949951171875,283.9604187011719,0.671268105506897,0.9756003929098728,0.9777680039597836,reinspect,reinspect,0.0006133098802424
3_001_20200707_003312(2),3,2020-07-07 00:33:12,569.8375244140625,308.6874084472656,576.0,322.223388671875,0.004048915579915,0.0018060397671708,0.9777680039597836,reinspect,reinspect,0.0006133098802424
3_001_20200707_003312(2),3,2020-07-07 00:33:12,347.7333068847656,368.25103759765625,357.5394897460937,378.3325805664063,0.0028955414891242,0.0010520600593372,0.9777680039597836,reinspect,reinspect,0.0006133098802424
3_001_20200707_003315(4),3,2020-07-07 00:33:15,342.7515563964844,199.3192901611328,354.5635070800781,210.60269165039065,0.6931795477867126,0.9791861213646686,0.9791861213646686,reinspect,reinspect,0.0005437606061787
3_001_20200707_003315(4),3,2020-07-07 00:33:15,342.70977783203125,278.2129211425781,354.4256896972656,289.2403564453125,0.686259388923645,0.9780992144000622,0.9791861213646686,reinspect,reinspect,0.0005437606061787
3_001_20200707_003315(4),3,2020-07-07 00:33:15,342.13787841796875,233.5464782714844,354.32391357421875,245.1265106201172,0.6804644465446472,0.9771571802563902,0.9791861213646686,reinspect,reinspect,0.0005437606061787
3_001_20200707_003315(4),3,2020-07-07 00:33:15,341.38092041015625,228.92584228515625,355.8056945800781,244.0391845703125,0.0018160423496738,0.0004961877573564,0.9791861213646686,reinspect,reinspect,0.0005437606061787
3_001_20200707_003315(4),3,2020-07-07 00:33:15,568.275390625,343.5023803710937,576.0,357.1029052734375,0.0011865173000842,0.0002500262549638,0.9791861213646686,reinspect,reinspect,0.0005437606061787
3_001_20200707_003402(5),3,2020-07-07 00:34:02,343.401123046875,328.1629943847656,355.6313171386719,340.1335144042969,0.6848891973495483,0.9778791314034752,0.9778791314034752,reinspect,reinspect,0.0017820557127366
3_001_20200707_003402(5),3,2020-07-07 00:34:02,344.6845703125,283.9154968261719,357.6371459960937,296.5248413085937,0.6753358840942383,0.9762985255159152,0.9778791314034752,reinspect,reinspect,0.0017820557127366
3_001_20200707_003402(5),3,2020-07-07 00:34:02,346.5706787109375,249.42398071289065,359.0915832519531,261.4678955078125,0.641274094581604,0.9699539147041684,0.9778791314034752,reinspect,reinspect,0.0017820557127366
3_001_20200707_043717(1),3,2020-07-07 04:37:17,356.6278381347656,217.5895233154297,368.3494873046875,228.93878173828125,0.6888366937637329,0.9785087885853252,0.9785087885853252,reinspect,reinspect,0.0010288449053533
3_001_20200707_043717(1),3,2020-07-07 04:37:17,360.5236511230469,255.13235473632807,371.1329956054688,265.4079895019531,0.6871935129165649,0.9782483223391258,0.9785087885853252,reinspect,reinspect,0.0010288449053533
3_001_20200707_043717(1),3,2020-07-07 04:37:17,355.5228271484375,187.4561309814453,366.6866760253906,199.04283142089844,0.6558655500411987,0.9728141884842436,0.9785087885853252,reinspect,reinspect,0.0010288449053533
3_001_20200707_043827(5),3,2020-07-07 04:38:27,350.83612060546875,189.7405548095703,362.1699523925781,200.6680450439453,0.6926226615905762,0.9791001563088692,0.9791001563088692,reinspect,reinspect,0.0004169096228107
3_001_20200707_043827(5),3,2020-07-07 04:38:27,349.172119140625,155.4179229736328,360.6062927246094,166.76882934570312,0.6907467246055603,0.9788086531493831,0.9791001563088692,reinspect,reinspect,0.0004169096228107
3_001_20200707_043827(5),3,2020-07-07 04:38:27,353.73638916015625,235.3225250244141,364.97216796875,246.49012756347656,0.6652935743331909,0.9745469124915048,0.9791001563088692,reinspect,reinspect,0.0004169096228107
3_001_20200707_043827(5),3,2020-07-07 04:38:27,349.21942138671875,185.77207946777344,362.587890625,200.19970703125,0.005247566383332,0.0027434940964294,0.9791001563088692,reinspect,reinspect,0.0004169096228107
3_001_20200707_043827(5),3,2020-07-07 04:38:27,569.775146484375,83.74847412109375,576.0,96.76673889160156,0.0031665719579905,0.0012152442230081,0.9791001563088692,reinspect,reinspect,0.0004169096228107
3_001_20200707_043827(5),3,2020-07-07 04:38:27,348.6185913085937,155.56338500976562,364.3046569824219,169.50640869140625,0.0013454157160595,0.0003061019241345,0.9791001563088692,reinspect,reinspect,0.0004169096228107
3_001_20200707_043842(1),3,2020-07-07 04:38:42,338.5168762207031,192.36920166015625,350.8890380859375,204.8811492919922,0.6843150854110718,0.9777864302271564,0.9777864302271564,reinspect,reinspect,0.000490924772762
3_001_20200707_043842(1),3,2020-07-07 04:38:42,350.2698974609375,271.6640319824219,361.9694519042969,282.92303466796875,0.6842767596244812,0.977780231551838,0.9777864302271564,reinspect,reinspect,0.000490924772762
3_001_20200707_043842(1),3,2020-07-07 04:38:42,342.9067077636719,226.9517364501953,355.40142822265625,238.979248046875,0.6757677793502808,0.976371755236326,0.9777864302271564,reinspect,reinspect,0.000490924772762
3_001_20200707_043842(1),3,2020-07-07 04:38:42,569.76806640625,277.3184814453125,576.0,291.16827392578125,0.0157937351614236,0.0162009517454612,0.9777864302271564,reinspect,reinspect,0.000490924772762
3_001_20200707_043842(1),3,2020-07-07 04:38:42,349.2411804199219,268.0143737792969,364.7858581542969,282.7367248535156,0.0023687782231718,0.000761257497269,0.9777864302271564,reinspect,reinspect,0.000490924772762
3_001_20200707_043856(6),3,2020-07-07 04:38:56,343.7637023925781,199.64456176757807,355.25860595703125,210.8238677978516,0.6876842975616455,0.978326361279038,0.978326361279038,reinspect,reinspect,0.0010312809615578
3_001_20200707_043856(6),3,2020-07-07 04:38:56,342.4887084960937,165.02560424804688,354.3390197753906,176.6669921875,0.6759530305862427,0.9764031131900868,0.978326361279038,reinspect,reinspect,0.0010312809615578
3_001_20200707_043856(6),3,2020-07-07 04:38:56,346.7554931640625,244.4357147216797,358.6859436035156,256.1990051269531,0.6340648531913757,0.9684562240278622,0.978326361279038,reinspect,reinspect,0.0010312809615578
3_001_20200707_043856(6),3,2020-07-07 04:38:56,342.81939697265625,196.2167053222656,357.5917358398437,210.6490936279297,0.0037118133623152,0.0015698931415481,0.978326361279038,reinspect,reinspect,0.0010312809615578
3_001_20200707_043856(6),3,2020-07-07 04:38:56,406.3031005859375,90.4933090209961,418.2734375,102.117919921875,0.002615523058921,0.0008930295513035,0.978326361279038,reinspect,reinspect,0.0010312809615578
3_001_20200707_043856(6),3,2020-07-07 04:38:56,406.8291320800781,86.24977111816406,417.9859008789063,98.0687026977539,0.0014306987868621,0.0003379437715228,0.978326361279038,reinspect,reinspect,0.0010312809615578
3_001_20200707_043856(6),3,2020-07-07 04:38:56,343.12664794921875,199.78321838378903,357.2442932128906,216.2774810791016,0.0011032846523448,0.0002223994844168,0.978326361279038,reinspect,reinspect,0.0010312809615578
3_001_20200707_043900(9),3,2020-07-07 04:39:00,352.568115234375,239.2284393310547,363.9128112792969,250.2679443359375,0.6815436482429504,0.9773348598579286,0.9773348598579286,reinspect,reinspect,0.0010956159801911
3_001_20200707_043900(9),3,2020-07-07 04:39:00,345.4154052734375,193.7279357910156,357.1979675292969,205.348388671875,0.6734568476676941,0.9759779357834366,0.9773348598579286,reinspect,reinspect,0.0010956159801911
3_001_20200707_043900(9),3,2020-07-07 04:39:00,341.6860046386719,159.71717834472656,352.8157043457031,171.1358184814453,0.6625277996063232,0.9740476581570248,0.9773348598579286,reinspect,reinspect,0.0010956159801911
3_001_20200707_043900(9),3,2020-07-07 04:39:00,341.5963134765625,193.1834716796875,358.0507507324219,207.06201171875,0.0023881962988525,0.0007713363299652,0.9773348598579286,reinspect,reinspect,0.0010956159801911
3_001_20200707_043900(9),3,2020-07-07 04:39:00,340.95391845703125,159.2258758544922,357.0108337402344,172.71607971191406,0.0022080664057284,0.0006797929941594,0.9773348598579286,reinspect,reinspect,0.0010956159801911
3_001_20200707_043900(9),3,2020-07-07 04:39:00,348.8118896484375,238.15414428710932,364.8062438964844,251.4817657470703,0.0020568508189171,0.0006063831592543,0.9773348598579286,reinspect,reinspect,0.0010956159801911
3_001_20200707_044035(7),3,2020-07-07 04:40:35,348.4360046386719,243.22642517089844,360.4538269042969,255.29161071777344,0.6812436580657959,0.9772855734060468,0.9772855734060468,reinspect,reinspect,0.0018717183606014
3_001_20200707_044035(7),3,2020-07-07 04:40:35,346.7705993652344,163.4816436767578,358.0274353027344,175.09707641601562,0.6555972695350647,0.972763589607034,0.9772855734060468,reinspect,reinspect,0.0018717183606014
3_001_20200707_044035(7),3,2020-07-07 04:40:35,346.5593566894531,198.86192321777344,359.1793518066406,211.00184631347656,0.6428205966949463,0.9702677487668596,0.9772855734060468,reinspect,reinspect,0.0018717183606014
3_001_20200707_083252(0),3,2020-07-07 08:32:52,359.978759765625,133.76864624023438,370.8863830566406,144.73146057128906,0.7122464776039124,0.9819774320601112,0.9819774320601112,reinspect,reinspect,0.0018063134732307
3_001_20200707_083252(0),3,2020-07-07 08:32:52,363.4310302734375,164.17559814453125,374.4575500488281,175.27392578125,0.6770633459091187,0.9765904042321916,0.9819774320601112,reinspect,reinspect,0.0018063134732307
3_001_20200707_083252(0),3,2020-07-07 08:32:52,368.9509887695313,201.2594146728516,380.3517150878906,212.7186737060547,0.6392585039138794,0.9695409756394172,0.9819774320601112,reinspect,reinspect,0.0018063134732307
3_001_20200707_083252(0),3,2020-07-07 08:32:52,362.0194396972656,160.53848266601562,375.4486999511719,174.85182189941406,0.001617795554921,0.0004119034929131,0.9819774320601112,reinspect,reinspect,0.0018063134732307
3_001_20200707_083252(0),3,2020-07-07 08:32:52,556.53076171875,0.0,570.5377197265625,0.0,0.0010498235933482,0.000205308682419,0.9819774320601112,reinspect,reinspect,0.0018063134732307
3_001_20200707_083252(0),3,2020-07-07 08:32:52,363.1773376464844,163.94879150390625,378.6416320800781,177.34628295898438,0.0010286860633641,0.0001986950814429,0.9819774320601112,reinspect,reinspect,0.0018063134732307
3_001_20200707_083254(7),3,2020-07-07 08:32:54,359.554443359375,208.39068603515625,370.9380187988281,219.590560913086,0.6880788207054138,0.9783889435807605,0.9783889435807605,reinspect,reinspect,0.0004862313762509
3_001_20200707_083254(7),3,2020-07-07 08:32:54,366.6305236816406,275.41680908203125,377.7217102050781,286.52178955078125,0.6766603589057922,0.9765225568531134,0.9783889435807605,reinspect,reinspect,0.0004862313762509
3_001_20200707_083254(7),3,2020-07-07 08:32:54,361.85650634765625,238.7413024902344,373.25335693359375,250.08255004882807,0.6452670693397522,0.97075894758381,0.9783889435807605,reinspect,reinspect,0.0004862313762509
3_001_20200707_083254(7),3,2020-07-07 08:32:54,364.0552673339844,271.9403991699219,377.9028625488281,286.1282653808594,0.0090702008455991,0.0066307468012233,0.9783889435807605,reinspect,reinspect,0.0004862313762509
3_001_20200707_083254(7),3,2020-07-07 08:32:54,570.1246337890625,286.3914794921875,576.0,297.7176818847656,0.0062900390475988,0.0036745929241925,0.9783889435807605,reinspect,reinspect,0.0004862313762509
3_001_20200707_083254(7),3,2020-07-07 08:32:54,355.9128112792969,207.88055419921875,372.2176208496094,221.1991577148437,0.0038519843947142,0.0016665561546591,0.9783889435807605,reinspect,reinspect,0.0004862313762509
3_001_20200707_083254(7),3,2020-07-07 08:32:54,570.4819946289062,328.9155578613281,576.0,339.6579895019531,0.0032671745866537,0.0012780693973118,0.9783889435807605,reinspect,reinspect,0.0004862313762509
3_001_20200707_083257(4),3,2020-07-07 08:32:57,352.99871826171875,185.01242065429688,364.0726318359375,196.2572631835937,0.6834679245948792,0.9776491133734846,0.9776491133734846,reinspect,reinspect,0.0004156476427116
3_001_20200707_083257(4),3,2020-07-07 08:32:57,355.63250732421875,215.53103637695312,366.8237915039063,226.64956665039065,0.6663125157356262,0.9747289821077512,0.9776491133734846,reinspect,reinspect,0.0004156476427116
3_001_20200707_083257(4),3,2020-07-07 08:32:57,359.78662109375,252.1274871826172,371.23095703125,263.4414978027344,0.655270516872406,0.97270186431631,0.9776491133734846,reinspect,reinspect,0.0004156476427116
3_001_20200707_083257(4),3,2020-07-07 08:32:57,355.2605285644531,216.39698791503903,368.6679382324219,230.3997802734375,0.0029958682134747,0.0011114215924024,0.9776491133734846,reinspect,reinspect,0.0004156476427116
3_001_20200707_083257(4),3,2020-07-07 08:32:57,0.0,0.0,6.30479621887207,5.107272624969482,0.0024922108277678,0.0008261768901929,0.9776491133734846,reinspect,reinspect,0.0004156476427116
3_001_20200707_083257(4),3,2020-07-07 08:32:57,570.0907592773438,285.419189453125,576.0,297.7298583984375,0.0019313453231006,0.0005479043966695,0.9776491133734846,reinspect,reinspect,0.0004156476427116
3_001_20200707_083257(4),3,2020-07-07 08:32:57,355.9523010253906,251.6352996826172,372.26019287109375,264.9745788574219,0.0016098867636173,0.0004086655685866,0.9776491133734846,reinspect,reinspect,0.0004156476427116
3_001_20200707_083259(9),3,2020-07-07 08:32:59,359.8202514648437,267.725341796875,371.5745849609375,279.308837890625,0.6768412590026855,0.9765530316482472,0.9765530316482472,reinspect,reinspect,0.0009657184295815
3_001_20200707_083259(9),3,2020-07-07 08:32:59,338.6539001464844,192.56570434570312,350.41455078125,204.6158447265625,0.6694941520690918,0.9752911187550214,0.9765530316482472,reinspect,reinspect,0.0009657184295815
3_001_20200707_083259(9),3,2020-07-07 08:32:59,347.3757019042969,223.5478973388672,359.7387390136719,235.9405975341797,0.6338818073272705,0.9684174412945816,0.9765530316482472,reinspect,reinspect,0.0009657184295815
3_001_20200707_083259(9),3,2020-07-07 08:32:59,355.90875244140625,266.33160400390625,372.8991088867188,280.0899963378906,0.0037774995435029,0.001614917281247,0.9765530316482472,reinspect,reinspect,0.0009657184295815
3_001_20200707_083259(9),3,2020-07-07 08:32:59,0.0,0.0,6.060781002044678,5.051893711090088,0.0012870781356468,0.0002850158446429,0.9765530316482472,reinspect,reinspect,0.0009657184295815
3_001_20200707_083259(9),3,2020-07-07 08:32:59,334.3455505371094,191.5125732421875,351.6802062988281,205.29547119140625,0.0012863727752119,0.0002847643965246,0.9765530316482472,reinspect,reinspect,0.0009657184295815
3_001_20200707_083302(4),3,2020-07-07 08:33:02,352.5017395019531,226.35433959960932,364.8003234863281,238.6756134033203,0.6968536972999573,0.9797468162393592,0.9797468162393592,reinspect,reinspect,0.0012423325234937
3_001_20200707_083302(4),3,2020-07-07 08:33:02,351.2351379394531,306.6325988769531,362.5402221679688,317.6170349121094,0.6906830072402954,0.978798699863782,0.9797468162393592,reinspect,reinspect,0.0012423325234937
3_001_20200707_083302(4),3,2020-07-07 08:33:02,351.394775390625,261.6109619140625,363.2930908203125,273.01531982421875,0.6883063912391663,0.9784249817884392,0.9797468162393592,reinspect,reinspect,0.0012423325234937
3_001_20200707_083302(4),3,2020-07-07 08:33:02,350.26483154296875,306.8095703125,364.7675476074219,320.785400390625,0.0137207396328449,0.0129189862965429,0.9797468162393592,reinspect,reinspect,0.0012423325234937
3_001_20200707_083302(4),3,2020-07-07 08:33:02,350.2277526855469,262.6921081542969,365.87603759765625,277.74298095703125,0.0011109540937468,0.0002248936372751,0.9797468162393592,reinspect,reinspect,0.0012423325234937
3_001_20200707_083305(1),3,2020-07-07 08:33:05,344.5375671386719,214.7896270751953,356.7105712890625,226.8524780273437,0.6983957290649414,0.9799788202658224,0.9799788202658224,reinspect,reinspect,0.0031388745465405
3_001_20200707_083305(1),3,2020-07-07 08:33:05,352.7057800292969,294.6413269042969,364.3214111328125,306.2143249511719,0.6900596022605896,0.9787011361267278,0.9799788202658224,reinspect,reinspect,0.0031388745465405
3_001_20200707_083305(1),3,2020-07-07 08:33:05,347.495361328125,249.232650756836,358.9036560058594,260.2942810058594,0.6323249340057373,0.9680860430751982,0.9799788202658224,reinspect,reinspect,0.0031388745465405
3_001_20200707_083305(1),3,2020-07-07 08:33:05,351.7474060058594,289.8768310546875,365.87744140625,305.5455017089844,0.0015569955576211,0.0003872619863137,0.9799788202658224,reinspect,reinspect,0.0031388745465405
3_001_20200707_083305(1),3,2020-07-07 08:33:05,348.8109130859375,293.95513916015625,365.4055480957031,307.7954406738281,0.0010642629349604,0.0002098735923437,0.9799788202658224,reinspect,reinspect,0.0031388745465405
3_001_20200707_123433(4),3,2020-07-07 12:34:33,350.5899353027344,191.15621948242188,362.112060546875,202.45339965820312,0.6912083625793457,0.978880662916993,0.978880662916993,reinspect,reinspect,0.0020010705901142
3_001_20200707_123433(4),3,2020-07-07 12:34:33,356.23223876953125,236.6993103027344,367.8049011230469,248.27769470214844,0.6808328032493591,0.9772179428948656,0.978880662916993,reinspect,reinspect,0.0020010705901142
3_001_20200707_123433(4),3,2020-07-07 12:34:33,346.7364807128906,157.11248779296875,357.6620483398437,168.45912170410156,0.6541942954063416,0.9724977947970174,0.978880662916993,reinspect,reinspect,0.0020010705901142
3_001_20200707_123433(4),3,2020-07-07 12:34:33,349.73028564453125,191.8183135986328,364.6656188964844,205.52618408203125,0.006432699970901,0.0038099288235329,0.978880662916993,reinspect,reinspect,0.0020010705901142
3_001_20200707_123433(4),3,2020-07-07 12:34:33,569.8817138671875,48.116119384765625,576.0,61.84626770019531,0.0019970377907156,0.0005782326984624,0.978880662916993,reinspect,reinspect,0.0020010705901142
3_001_20200707_123433(4),3,2020-07-07 12:34:33,354.7190856933594,232.5329132080078,368.8611145019531,247.478271484375,0.001257206313312,0.0002744410338987,0.978880662916993,reinspect,reinspect,0.0020010705901142
3_001_20200707_123441(2),3,2020-07-07 12:34:41,344.3605041503906,156.8603515625,355.6154479980469,168.27195739746094,0.7040959596633911,0.9808197089916112,0.9808197089916112,reinspect,reinspect,0.0017162174103578
3_001_20200707_123441(2),3,2020-07-07 12:34:41,352.7699584960937,236.3216857910156,364.2277221679688,248.01498413085932,0.7030177116394043,0.9806626471975952,0.9808197089916112,reinspect,reinspect,0.0017162174103578
3_001_20200707_123441(2),3,2020-07-07 12:34:41,347.26788330078125,190.81787109375,359.13787841796875,202.5233917236328,0.6482332944869995,0.971345947436448,0.9808197089916112,reinspect,reinspect,0.0017162174103578
3_001_20200707_123441(2),3,2020-07-07 12:34:41,351.6156311035156,232.48321533203125,365.7828369140625,247.6866455078125,0.0019642789848148,0.0005630313412908,0.9808197089916112,reinspect,reinspect,0.0017162174103578
3_001_20200707_123441(2),3,2020-07-07 12:34:41,343.6262512207031,153.19473266601562,357.6869812011719,167.816162109375,0.0018299103248864,0.0005023046292682,0.9808197089916112,reinspect,reinspect,0.0017162174103578
3_001_20200707_123448(9),3,2020-07-07 12:34:48,340.628173828125,138.02232360839844,352.60943603515625,150.3953094482422,0.6640860438346863,0.9743298507643804,0.9743298507643804,reinspect,reinspect,0.001365060276068
3_001_20200707_123448(9),3,2020-07-07 12:34:48,346.7274475097656,218.70559692382807,358.669677734375,230.4332275390625,0.6625444889068604,0.9740506930523616,0.9743298507643804,reinspect,reinspect,0.001365060276068
3_001_20200707_123448(9),3,2020-07-07 12:34:48,342.63671875,172.6785888671875,355.0147705078125,184.88043212890625,0.6463477611541748,0.9709738896638598,0.9743298507643804,reinspect,reinspect,0.001365060276068
3_001_20200707_123448(9),3,2020-07-07 12:34:48,345.1900329589844,214.431884765625,359.9490661621094,230.6444091796875,0.0072202021256089,0.0045899147014479,0.9743298507643804,reinspect,reinspect,0.001365060276068
3_001_20200707_123448(9),3,2020-07-07 12:34:48,0.0,0.0,6.145288467407227,4.927904605865479,0.0031352413352578,0.0011959253140225,0.9743298507643804,reinspect,reinspect,0.001365060276068
3_001_20200707_123448(9),3,2020-07-07 12:34:48,339.28857421875,138.14852905273438,354.39013671875,154.55001831054688,0.0027353519108146,0.0009598707259537,0.9743298507643804,reinspect,reinspect,0.001365060276068
3_001_20200707_123557(9),3,2020-07-07 12:35:57,359.4422302246094,222.9267120361328,370.864990234375,234.09002685546875,0.688951313495636,0.9785268709764536,0.9785268709764536,reinspect,reinspect,0.0014249723219803
3_001_20200707_123557(9),3,2020-07-07 12:35:57,363.5185852050781,252.31727600097656,375.2884521484375,263.8812255859375,0.6482030153274536,0.9713400022799392,0.9785268709764536,reinspect,reinspect,0.0014249723219803
3_001_20200707_123557(9),3,2020-07-07 12:35:57,370.9729919433594,288.3495178222656,382.5308227539063,300.08697509765625,0.6462014317512512,0.9709448584197288,0.9785268709764536,reinspect,reinspect,0.0014249723219803
3_001_20200707_123557(9),3,2020-07-07 12:35:57,492.8155822753906,369.27740478515625,501.4231567382813,378.1390686035156,0.0040230969898402,0.001787510520426,0.9785268709764536,reinspect,reinspect,0.0014249723219803
3_001_20200707_123557(9),3,2020-07-07 12:35:57,355.9502868652344,222.1538543701172,372.1355285644531,235.5672149658203,0.002434967784211,0.0007958189547947,0.9785268709764536,reinspect,reinspect,0.0014249723219803
3_001_20200707_123605(6),3,2020-07-07 12:36:05,365.2435302734375,151.2314453125,375.30615234375,161.57957458496094,0.6809372305870056,0.97723514682928,0.97723514682928,reinspect,reinspect,0.00052770136206
3_001_20200707_123605(6),3,2020-07-07 12:36:05,368.1167907714844,218.07460021972656,378.8984375,229.07850646972656,0.6608158349990845,0.9737348946286762,0.97723514682928,reinspect,reinspect,0.00052770136206
3_001_20200707_123605(6),3,2020-07-07 12:36:05,365.7261962890625,181.5363311767578,376.6168823242188,192.2528076171875,0.6391098499298096,0.9695103440923156,0.97723514682928,reinspect,reinspect,0.00052770136206
3_001_20200707_123605(6),3,2020-07-07 12:36:05,365.3619079589844,214.435287475586,379.4234008789063,228.64959716796875,0.0053198221139609,0.00280466535873,0.97723514682928,reinspect,reinspect,0.00052770136206
3_001_20200707_123605(6),3,2020-07-07 12:36:05,364.5198669433594,150.67861938476562,378.62933349609375,162.98818969726562,0.0040385550819337,0.0017985956098237,0.97723514682928,reinspect,reinspect,0.00052770136206
3_001_20200707_123605(6),3,2020-07-07 12:36:05,569.7645874023438,75.23583221435547,576.0,89.15581512451172,0.0024270238354802,0.0007916402012718,0.97723514682928,reinspect,reinspect,0.00052770136206
3_001_20200707_123640(2),3,2020-07-07 12:36:40,363.4228515625,272.17950439453125,374.4198913574219,283.1357421875,0.6851390600204468,0.9779193866052944,0.9779193866052944,reinspect,reinspect,0.0014139535371399
3_001_20200707_123640(2),3,2020-07-07 12:36:40,363.0938720703125,301.528564453125,374.4085388183594,312.9606018066406,0.678374171257019,0.9768100792627024,0.9779193866052944,reinspect,reinspect,0.0014139535371399
3_001_20200707_123640(2),3,2020-07-07 12:36:40,363.9259948730469,339.1603698730469,374.8322448730469,350.2454528808594,0.615408182144165,0.9643018856378922,0.9779193866052944,reinspect,reinspect,0.0014139535371399
3_001_20200707_123640(2),3,2020-07-07 12:36:40,568.9063720703125,438.3709106445313,575.375,444.0,0.0062013007700443,0.0035913527195533,0.9779193866052944,reinspect,reinspect,0.0014139535371399
3_001_20200707_123640(2),3,2020-07-07 12:36:40,361.8928833007813,268.5272827148437,375.4278259277344,282.7099609375,0.0022165277041494,0.0006839943103219,0.9779193866052944,reinspect,reinspect,0.0014139535371399
3_001_20200707_123640(2),3,2020-07-07 12:36:40,361.69915771484375,297.31256103515625,375.8893737792969,312.854248046875,0.0011864117113873,0.0002499904342236,0.9779193866052944,reinspect,reinspect,0.0014139535371399
3_001_20200707_123640(2),3,2020-07-07 12:36:40,362.8031921386719,271.3139953613281,378.5660705566406,284.0565795898437,0.0010133079485967,0.0001939352869154,0.9779193866052944,reinspect,reinspect,0.0014139535371399
3_001_20200708_041209(1),3,2020-07-08 04:12:09,348.577880859375,236.4753570556641,361.0753784179688,248.7061004638672,0.6665512919425964,0.9747715039051048,0.9747715039051048,reinspect,reinspect,0.0007378896296111
3_001_20200708_041209(1),3,2020-07-08 04:12:09,347.5783996582031,282.4978332519531,359.532958984375,294.39501953125,0.6648591160774231,0.9744689777574814,0.9747715039051048,reinspect,reinspect,0.0007378896296111
3_001_20200708_041209(1),3,2020-07-08 04:12:09,350.02001953125,202.1808319091797,362.22998046875,214.22003173828125,0.6387098431587219,0.9694277980509176,0.9747715039051048,reinspect,reinspect,0.0007378896296111
3_001_20200708_041209(1),3,2020-07-08 04:12:09,522.9036254882812,382.902099609375,532.9262084960938,393.04632568359375,0.0034443095792084,0.0013915889083326,0.9747715039051048,reinspect,reinspect,0.0007378896296111
3_001_20200708_041209(1),3,2020-07-08 04:12:09,346.4011535644531,282.6261291503906,361.7699890136719,298.76922607421875,0.0014773505972698,0.0003558637717482,0.9747715039051048,reinspect,reinspect,0.0007378896296111
3_001_20200708_041212(4),3,2020-07-08 04:12:12,352.6429443359375,313.3663635253906,363.8670043945313,324.28759765625,0.7017687559127808,0.980479559626648,0.980479559626648,reinspect,reinspect,0.0017073966507169
3_001_20200708_041212(4),3,2020-07-08 04:12:12,343.2724304199219,234.3370056152344,355.00836181640625,246.00942993164065,0.7000716924667358,0.9802287747376108,0.980479559626648,reinspect,reinspect,0.0017073966507169
3_001_20200708_041212(4),3,2020-07-08 04:12:12,346.8873291015625,269.0687866210937,358.4535217285156,280.4906311035156,0.6272785067558289,0.9669927239618836,0.980479559626648,reinspect,reinspect,0.0017073966507169
3_001_20200708_041212(4),3,2020-07-08 04:12:12,345.7743530273437,269.245849609375,360.7838745117188,284.2001953125,0.003678040811792,0.0015469329014016,0.980479559626648,reinspect,reinspect,0.0017073966507169
3_001_20200708_041212(4),3,2020-07-08 04:12:12,570.1617431640625,395.2702331542969,576.0,408.3124084472656,0.0015367363812401,0.000379179878043,0.980479559626648,reinspect,reinspect,0.0017073966507169
3_001_20200708_041212(4),3,2020-07-08 04:12:12,348.71734619140625,312.36773681640625,364.88177490234375,325.4884338378906,0.001003767363727,0.0001910043573714,0.980479559626648,reinspect,reinspect,0.0017073966507169
3_001_20200708_041219(0),3,2020-07-08 04:12:19,345.68902587890625,286.80517578125,357.4501647949219,298.9193115234375,0.6928699016571045,0.979138354197446,0.979138354197446,reinspect,reinspect,0.0008681627914497
3_001_20200708_041219(0),3,2020-07-08 04:12:19,342.3914794921875,207.8760681152344,353.9531555175781,219.1421661376953,0.6852328181266785,0.9779344778733704,0.979138354197446,reinspect,reinspect,0.0008681627914497
3_001_20200708_041219(0),3,2020-07-08 04:12:19,343.25506591796875,242.22232055664065,354.7965393066406,253.23150634765625,0.6844438910484314,0.9778072533760764,0.979138354197446,reinspect,reinspect,0.0008681627914497
3_001_20200708_041219(0),3,2020-07-08 04:12:19,569.6967163085938,402.0936279296875,576.0,414.27386474609375,0.0040842024609446,0.0018314815097714,0.979138354197446,reinspect,reinspect,0.0008681627914497
3_001_20200708_041228(7),3,2020-07-08 04:12:28,341.5663146972656,270.38018798828125,354.23150634765625,282.4151611328125,0.6762921810150146,0.9764604409829416,0.9764604409829416,reinspect,reinspect,0.0005908308088967
3_001_20200708_041228(7),3,2020-07-08 04:12:28,348.2485656738281,190.5974884033203,360.92724609375,203.0227508544922,0.6761481165885925,0.976436102068484,0.9764604409829416,reinspect,reinspect,0.0005908308088967
3_001_20200708_041228(7),3,2020-07-08 04:12:28,344.5718994140625,224.3449859619141,357.4034729003906,236.963119506836,0.6758671998977661,0.9763885883011156,0.9764604409829416,reinspect,reinspect,0.0005908308088967
3_001_20200708_041228(7),3,2020-07-08 04:12:28,347.0244140625,190.32485961914065,364.5069580078125,205.9553375244141,0.0030515624675899,0.0011449071535962,0.9764604409829416,reinspect,reinspect,0.0005908308088967
3_001_20200708_041228(7),3,2020-07-08 04:12:28,343.113525390625,224.59165954589844,359.4778747558594,241.32125854492188,0.0019609101582318,0.0005614768087613,0.9764604409829416,reinspect,reinspect,0.0005908308088967
3_001_20200708_041231(7),3,2020-07-08 04:12:31,344.2956848144531,279.7662353515625,356.2394714355469,291.5574645996094,0.6932042837142944,0.9791899337573758,0.9791899337573758,reinspect,reinspect,0.000980009171331
3_001_20200708_041231(7),3,2020-07-08 04:12:31,342.0325012207031,200.33151245117188,353.69049072265625,211.78936767578125,0.681419849395752,0.9773145301838734,0.9791899337573758,reinspect,reinspect,0.000980009171331
3_001_20200708_041231(7),3,2020-07-08 04:12:31,342.1215515136719,234.6411895751953,354.5003967285156,246.20626831054688,0.6747886538505554,0.97620549513008,0.9791899337573758,reinspect,reinspect,0.000980009171331
3_001_20200708_041231(7),3,2020-07-08 04:12:31,337.48504638671875,198.28225708007807,354.0072631835937,212.29669189453125,0.0022839775774627,0.0007178356512901,0.9791899337573758,reinspect,reinspect,0.000980009171331
3_001_20200708_041231(7),3,2020-07-08 04:12:31,343.5680236816406,275.4742126464844,358.30572509765625,290.828369140625,0.0018600906478241,0.0005157146434973,0.9791899337573758,reinspect,reinspect,0.000980009171331
3_001_20200708_041231(7),3,2020-07-08 04:12:31,570.2218627929688,328.9656677246094,576.0,342.5372009277344,0.001098686014302,0.000220909041662,0.9791899337573758,reinspect,reinspect,0.000980009171331
3_001_20200708_093645(7),3,2020-07-08 09:36:45,350.897216796875,307.3676147460937,362.0293273925781,318.2004699707031,0.6919556856155396,0.978996854305914,0.978996854305914,reinspect,reinspect,0.0007371713729298
3_001_20200708_093645(7),3,2020-07-08 09:36:45,344.1571960449219,262.6332092285156,355.7010803222656,273.715576171875,0.689518392086029,0.9786161681101688,0.978996854305914,reinspect,reinspect,0.0007371713729298
3_001_20200708_093645(7),3,2020-07-08 09:36:45,339.1839904785156,228.8110198974609,351.12554931640625,240.83697509765625,0.6605924367904663,0.9736938691004452,0.978996854305914,reinspect,reinspect,0.0007371713729298
3_001_20200708_093645(7),3,2020-07-08 09:36:45,343.2333374023437,263.4380798339844,358.06707763671875,277.5706787109375,0.0041556716896593,0.0018834242459862,0.978996854305914,reinspect,reinspect,0.0007371713729298
3_001_20200708_093645(7),3,2020-07-08 09:36:45,349.9839172363281,304.02471923828125,364.5865173339844,318.13543701171875,0.0035018124617636,0.0014292258474469,0.978996854305914,reinspect,reinspect,0.0007371713729298
3_001_20200708_093645(7),3,2020-07-08 09:36:45,339.3984375,229.26153564453125,354.01519775390625,244.70083618164065,0.0017079414101317,0.0004494903643531,0.978996854305914,reinspect,reinspect,0.0007371713729298
3_001_20200708_093653(4),3,2020-07-08 09:36:53,339.296630859375,255.4962310791016,350.5386657714844,266.6736755371094,0.6720917224884033,0.9757429833779891,0.9757429833779891,reinspect,reinspect,0.003368056053752
3_001_20200708_093653(4),3,2020-07-08 09:36:53,342.1011657714844,290.0074462890625,353.2369079589844,300.9521179199219,0.6681069731712341,0.975047211347922,0.9757429833779891,reinspect,reinspect,0.003368056053752
3_001_20200708_093653(4),3,2020-07-08 09:36:53,347.150390625,335.2870178222656,358.0329895019531,345.9090881347656,0.6129209399223328,0.9637161409566708,0.9757429833779891,reinspect,reinspect,0.003368056053752
3_001_20200708_093653(4),3,2020-07-08 09:36:53,346.3242492675781,335.7298278808594,359.765625,349.1556701660156,0.0103703401982784,0.0082291343513159,0.9757429833779891,reinspect,reinspect,0.003368056053752
3_001_20200708_093653(4),3,2020-07-08 09:36:53,341.6855773925781,286.3657531738281,355.28662109375,300.30059814453125,0.0012405484449118,0.0002686101379085,0.9757429833779891,reinspect,reinspect,0.003368056053752
3_001_20200708_093657(4),3,2020-07-08 09:36:57,341.7673034667969,263.7651062011719,353.5626525878906,275.3179626464844,0.6887726783752441,0.9784986846378044,0.9784986846378044,reinspect,reinspect,0.0013197502451012
3_001_20200708_093657(4),3,2020-07-08 09:36:57,356.7723693847656,341.7440795898437,368.2151794433594,352.6986083984375,0.6878470778465271,0.9783521989514212,0.9784986846378044,reinspect,reinspect,0.0013197502451012
3_001_20200708_093657(4),3,2020-07-08 09:36:57,347.9403991699219,298.391357421875,359.3565673828125,309.5982971191406,0.6570907235145569,0.9730443392633026,0.9784986846378044,reinspect,reinspect,0.0013197502451012
3_001_20200708_093657(4),3,2020-07-08 09:36:57,346.7040405273437,298.2637634277344,361.3529357910156,313.100830078125,0.007492677308619,0.0048724731078108,0.9784986846378044,reinspect,reinspect,0.0013197502451012
3_001_20200708_093657(4),3,2020-07-08 09:36:57,341.1928405761719,263.4380187988281,357.136962890625,277.724853515625,0.0057657435536384,0.003193403878321,0.9784986846378044,reinspect,reinspect,0.0013197502451012
3_001_20200708_093657(4),3,2020-07-08 09:36:57,355.956787109375,339.84100341796875,371.6138305664063,353.77001953125,0.0030434117652475,0.0011399830458339,0.9784986846378044,reinspect,reinspect,0.0013197502451012
3_001_20200708_093657(4),3,2020-07-08 09:36:57,355.1029357910156,341.9813842773437,369.1939086914063,356.4451904296875,0.0013639072421938,0.0003129043046272,0.9784986846378044,reinspect,reinspect,0.0013197502451012
3_001_20200708_093703(5),3,2020-07-08 09:37:03,363.8277587890625,237.1181640625,374.4303894042969,247.66476440429688,0.6813164949417114,0.9772975473776404,0.9772975473776404,reinspect,reinspect,0.0025278977603869
3_001_20200708_093703(5),3,2020-07-08 09:37:03,361.24993896484375,208.1346740722656,371.7941589355469,218.9979248046875,0.6607373952865601,0.9737204953207969,0.9772975473776404,reinspect,reinspect,0.0025278977603869
3_001_20200708_093703(5),3,2020-07-08 09:37:03,368.1229553222656,273.72265625,378.99798583984375,284.84735107421875,0.6401104927062988,0.9697160674330242,0.9772975473776404,reinspect,reinspect,0.0025278977603869
3_001_20200708_093714(9),3,2020-07-08 09:37:14,363.2575988769531,260.7160339355469,373.8226013183594,271.5467224121094,0.680575966835022,0.9771755889527132,0.9771755889527132,reinspect,reinspect,0.0016061208634565
3_001_20200708_093714(9),3,2020-07-08 09:37:14,368.3683166503906,326.958984375,378.3133850097656,336.9892883300781,0.6789955496788025,0.9769136716655322,0.9771755889527132,reinspect,reinspect,0.0016061208634565
3_001_20200708_093714(9),3,2020-07-08 09:37:14,365.0761413574219,289.5431213378906,375.5956115722656,300.02947998046875,0.642856240272522,0.970274951436585,0.9771755889527132,reinspect,reinspect,0.0016061208634565
3_001_20200708_093714(9),3,2020-07-08 09:37:14,568.8858032226562,437.958251953125,575.4129638671875,444.0,0.0058029973879456,0.003226743519271,0.9771755889527132,reinspect,reinspect,0.0016061208634565
3_001_20200708_093714(9),3,2020-07-08 09:37:14,368.2483215332031,326.05096435546875,382.5147399902344,338.009765625,0.0021979880984872,0.0006748016235287,0.9771755889527132,reinspect,reinspect,0.0016061208634565
3_001_20200708_093723(4),3,2020-07-08 09:37:23,355.64703369140625,259.07635498046875,367.6528930664063,271.047607421875,0.6623659729957581,0.9740182164105412,0.9740182164105412,reinspect,reinspect,0.0021152310950701
3_001_20200708_093723(4),3,2020-07-08 09:37:23,358.87274169921875,230.69223022460932,369.8480224609375,241.3768768310547,0.6544579267501831,0.9725478925322242,0.9740182164105412,reinspect,reinspect,0.0021152310950701
3_001_20200708_093723(4),3,2020-07-08 09:37:23,354.3310852050781,297.274169921875,364.8501892089844,307.9031066894531,0.6337893009185791,0.9683978271318048,0.9740182164105412,reinspect,reinspect,0.0021152310950701
3_001_20200708_093723(4),3,2020-07-08 09:37:23,568.5571899414062,437.6719665527344,575.38916015625,444.0,0.0023608710616827,0.0007571677805119,0.9740182164105412,reinspect,reinspect,0.0021152310950701
3_001_20200708_093723(4),3,2020-07-08 09:37:23,357.4881896972656,232.3024444580078,369.6887817382813,244.87799072265625,0.0017012787284329,0.0004466698036579,0.9740182164105412,reinspect,reinspect,0.0021152310950701
3_001_20200708_123604(8),3,2020-07-08 12:36:04,347.76171875,273.01287841796875,359.9488525390625,285.29669189453125,0.6728145480155945,0.9758676043431672,0.9758676043431672,reinspect,reinspect,0.0007470839902472
3_001_20200708_123604(8),3,2020-07-08 12:36:04,347.0048217773437,308.00225830078125,359.5170288085937,319.9248962402344,0.6609864234924316,0.9737661889322268,0.9758676043431672,reinspect,reinspect,0.0007470839902472
3_001_20200708_123604(8),3,2020-07-08 12:36:04,349.1255187988281,353.2865600585937,360.7840576171875,364.8714294433594,0.6319476962089539,0.9680053282917784,0.9758676043431672,reinspect,reinspect,0.0007470839902472
3_001_20200708_123604(8),3,2020-07-08 12:36:04,346.7417297363281,272.3591003417969,364.1979064941406,286.8528747558594,0.0024739878717809,0.000816465799598,0.9758676043431672,reinspect,reinspect,0.0007470839902472
3_001_20200708_123620(9),3,2020-07-08 12:36:20,344.4765930175781,118.7340087890625,355.7308654785156,129.99656677246094,0.701141893863678,0.9803871948672864,0.9803871948672864,reinspect,reinspect,0.0010671759248387
3_001_20200708_123620(9),3,2020-07-08 12:36:20,342.93475341796875,198.8306121826172,354.89666748046875,210.3192443847656,0.6879242658615112,0.9783644428344224,0.9803871948672864,reinspect,reinspect,0.0010671759248387
3_001_20200708_123620(9),3,2020-07-08 12:36:20,343.5540771484375,153.4810028076172,355.2731628417969,164.59384155273438,0.6770829558372498,0.9765937020233147,0.9803871948672864,reinspect,reinspect,0.0010671759248387
3_001_20200708_123620(9),3,2020-07-08 12:36:20,343.1859436035156,118.62785339355467,357.7417297363281,133.1812286376953,0.0092076119035482,0.0067934687367958,0.9803871948672864,reinspect,reinspect,0.0010671759248387
3_001_20200708_123811(1),3,2020-07-08 12:38:11,336.7264099121094,183.41200256347656,348.35919189453125,194.9977264404297,0.6877803802490234,0.978341614977946,0.978341614977946,reinspect,reinspect,0.0013434194820011
3_001_20200708_123811(1),3,2020-07-08 12:38:11,352.6354675292969,260.6360168457031,363.9799499511719,271.8037414550781,0.6701909899711609,0.9754129587812416,0.978341614977946,reinspect,reinspect,0.0013434194820011
3_001_20200708_123811(1),3,2020-07-08 12:38:11,342.8396911621094,215.85525512695312,354.8507385253906,227.7667694091797,0.6543608903884888,0.972529460986021,0.978341614977946,reinspect,reinspect,0.0013434194820011
3_001_20200708_123811(1),3,2020-07-08 12:38:11,333.6968078613281,183.96356201171875,349.3272705078125,198.7289123535156,0.0088543901219964,0.006378213267439,0.978341614977946,reinspect,reinspect,0.0013434194820011
3_001_20200708_123811(1),3,2020-07-08 12:38:11,348.7961730957031,259.4449462890625,364.7859191894531,272.695556640625,0.0019488806137815,0.0005559391543299,0.978341614977946,reinspect,reinspect,0.0013434194820011
3_001_20200708_123855(3),3,2020-07-08 12:38:55,335.3822021484375,185.03204345703125,347.3720703125,196.5643920898437,0.6848093867301941,0.977866261699244,0.977866261699244,reinspect,reinspect,0.0007739964322489
3_001_20200708_123855(3),3,2020-07-08 12:38:55,349.1308288574219,263.15631103515625,360.96490478515625,274.7760925292969,0.6818933486938477,0.9773922126568828,0.977866261699244,reinspect,reinspect,0.0007739964322489
3_001_20200708_123855(3),3,2020-07-08 12:38:55,340.80096435546875,217.7853546142578,352.4682922363281,229.61817932128903,0.6631887555122375,0.9741676432914188,0.977866261699244,reinspect,reinspect,0.0007739964322489
3_001_20200708_123855(3),3,2020-07-08 12:38:55,348.67950439453125,263.40606689453125,364.4312744140625,277.57568359375,0.0025508699472993,0.0008577318735983,0.977866261699244,reinspect,reinspect,0.0007739964322489
3_001_20200708_123855(3),3,2020-07-08 12:38:55,336.936767578125,214.27772521972656,351.9629821777344,228.6771697998047,0.0015818299725651,0.0003972573378713,0.977866261699244,reinspect,reinspect,0.0007739964322489
3_001_20200708_123855(3),3,2020-07-08 12:38:55,339.78057861328125,217.48980712890625,357.23248291015625,231.2835693359375,0.0014781308127567,0.0003561664510577,0.977866261699244,reinspect,reinspect,0.0007739964322489
3_001_20200708_123935(2),3,2020-07-08 12:39:35,344.3602294921875,184.10708618164065,356.1461486816406,196.02117919921875,0.7020257115364075,0.9805173294557886,0.9805173294557886,reinspect,reinspect,0.0008845131624617
3_001_20200708_123935(2),3,2020-07-08 12:39:35,349.0301818847656,218.3640594482422,361.0269470214844,229.9113006591797,0.6830607652664185,0.9775828925259132,0.9805173294557886,reinspect,reinspect,0.0008845131624617
3_001_20200708_123935(2),3,2020-07-08 12:39:35,356.6716003417969,264.0902404785156,367.9496765136719,274.93408203125,0.6819988489151001,0.9774094940087376,0.9805173294557886,reinspect,reinspect,0.0008845131624617
3_001_20200708_123935(2),3,2020-07-08 12:39:35,347.02655029296875,214.5370330810547,361.5534973144531,229.45977783203125,0.0073216799646615,0.0046943982711746,0.9805173294557886,reinspect,reinspect,0.0008845131624617
3_001_20200708_123935(2),3,2020-07-08 12:39:35,347.4125061035156,218.98403930664065,361.7649841308594,233.87974548339844,0.0018300462979823,0.0005023647449607,0.9805173294557886,reinspect,reinspect,0.0008845131624617
3_001_20200708_123935(2),3,2020-07-08 12:39:35,356.3696594238281,264.207275390625,371.5870361328125,277.6484069824219,0.0014137108810245,0.0003315059266879,0.9805173294557886,reinspect,reinspect,0.0008845131624617
3_001_20200708_123946(1),3,2020-07-08 12:39:46,362.4639892578125,184.8744964599609,373.365966796875,196.00523376464844,0.6581214070320129,0.9732367878602842,0.9732367878602842,reinspect,reinspect,0.0012037549129732
3_001_20200708_123946(1),3,2020-07-08 12:39:46,362.2056579589844,147.0119171142578,373.2644958496094,157.95437622070312,0.6441766023635864,0.9705407987456128,0.9732367878602842,reinspect,reinspect,0.0012037549129732
3_001_20200708_123946(1),3,2020-07-08 12:39:46,362.8424072265625,117.17707061767578,373.0855712890625,127.80392456054688,0.6289495229721069,0.9673580192049712,0.9732367878602842,reinspect,reinspect,0.0012037549129732
3_001_20200708_123946(1),3,2020-07-08 12:39:46,361.0451049804688,146.81202697753906,375.02740478515625,161.77139282226562,0.0027376057114452,0.0009611454245044,0.9732367878602842,reinspect,reinspect,0.0012037549129732
3_001_20200708_123946(1),3,2020-07-08 12:39:46,361.2406311035156,142.72998046875,374.7030334472656,157.04812622070312,0.0012645074166357,0.0002770116521242,0.9732367878602842,reinspect,reinspect,0.0012037549129732
3_001_20200708_163845(3),3,2020-07-08 16:38:45,366.8055725097656,187.05992126464844,377.0899353027344,197.54296875,0.6896398663520813,0.9786352608321872,0.9786352608321872,reinspect,reinspect,0.0008938994352677
3_001_20200708_163845(3),3,2020-07-08 16:38:45,371.4687805175781,223.1553955078125,382.2430114746094,234.33233642578125,0.6666157245635986,0.974782968866048,0.9786352608321872,reinspect,reinspect,0.0008938994352677
3_001_20200708_163845(3),3,2020-07-08 16:38:45,363.6695861816406,156.4375762939453,373.7359619140625,166.91677856445312,0.6648115515708923,0.97446043441084,0.9786352608321872,reinspect,reinspect,0.0008938994352677
3_001_20200708_163845(3),3,2020-07-08 16:38:45,378.3907165527344,339.52410888671875,387.05364990234375,348.82403564453125,0.0031203748658299,0.0011867996694748,0.9786352608321872,reinspect,reinspect,0.0008938994352677
3_001_20200708_163845(3),3,2020-07-08 16:38:45,363.1186218261719,186.47674560546875,378.1224365234375,198.8212890625,0.0012587585952132,0.000274986809766,0.9786352608321872,reinspect,reinspect,0.0008938994352677
3_001_20200708_163848(2),3,2020-07-08 16:38:48,365.4575805664063,272.02685546875,375.8335266113281,282.6872253417969,0.6978446245193481,0.979896128253768,0.979896128253768,reinspect,reinspect,0.0005048957203811
3_001_20200708_163848(2),3,2020-07-08 16:38:48,363.335205078125,234.887435913086,373.9666748046875,245.3607635498047,0.6787941455841064,0.9768801328458416,0.979896128253768,reinspect,reinspect,0.0005048957203811
3_001_20200708_163848(2),3,2020-07-08 16:38:48,363.1138305664063,204.6009979248047,373.44671630859375,215.08090209960932,0.6607910990715027,0.97373035446754,0.979896128253768,reinspect,reinspect,0.0005048957203811
3_001_20200708_163848(2),3,2020-07-08 16:38:48,362.072998046875,200.1161651611328,374.2855224609375,214.1154937744141,0.0014969349140301,0.0003634908693459,0.979896128253768,reinspect,reinspect,0.0005048957203811
3_001_20200708_163851(0),3,2020-07-08 16:38:51,359.7981262207031,283.8619384765625,370.3572998046875,294.3165283203125,0.7024951577186584,0.9805861965610012,0.9805861965610012,reinspect,reinspect,0.0007285000421128
3_001_20200708_163851(0),3,2020-07-08 16:38:51,359.3283386230469,215.6595764160156,369.6818542480469,226.1722412109375,0.6964974403381348,0.97969293866305,0.9805861965610012,reinspect,reinspect,0.0007285000421128
3_001_20200708_163851(0),3,2020-07-08 16:38:51,357.9287414550781,245.95350646972656,369.2821044921875,256.9243469238281,0.6298562288284302,0.9675548718821376,0.9805861965610012,reinspect,reinspect,0.0007285000421128
3_001_20200708_163851(0),3,2020-07-08 16:38:51,355.921630859375,282.9009704589844,371.15142822265625,295.4120788574219,0.002520480658859,0.0008413281955243,0.9805861965610012,reinspect,reinspect,0.0007285000421128
3_001_20200708_163851(0),3,2020-07-08 16:38:51,355.9192810058594,215.1776885986328,371.1750183105469,227.653060913086,0.0013964270474389,0.0003250042759558,0.9805861965610012,reinspect,reinspect,0.0007285000421128
3_001_20200708_163851(0),3,2020-07-08 16:38:51,358.5914611816406,216.98861694335932,370.3599548339844,230.34390258789065,0.0011240739841014,0.0002291847256353,0.9805861965610012,reinspect,reinspect,0.0007285000421128
3_001_20200708_163853(5),3,2020-07-08 16:38:53,345.6309814453125,207.4889678955078,357.2510986328125,219.11463928222656,0.6837812662124634,0.9776999764401272,0.9776999764401272,reinspect,reinspect,0.0023764024282475
3_001_20200708_163853(5),3,2020-07-08 16:38:53,354.351806640625,251.6830902099609,366.11322021484375,263.4423217773437,0.6499276161193848,0.9716770886934152,0.9776999764401272,reinspect,reinspect,0.0023764024282475
3_001_20200708_163853(5),3,2020-07-08 16:38:53,339.46466064453125,174.56503295898438,350.8285217285156,186.3463287353516,0.6424379348754883,0.9701903359450024,0.9776999764401272,reinspect,reinspect,0.0023764024282475
3_001_20200708_163853(5),3,2020-07-08 16:38:53,336.9736328125,171.23558044433594,351.4842529296875,185.6676025390625,0.0069223828613758,0.0042884646801126,0.9776999764401272,reinspect,reinspect,0.0023764024282475
3_001_20200708_163853(5),3,2020-07-08 16:38:53,344.62554931640625,203.50787353515625,358.5956726074219,218.6557159423828,0.0035986993461847,0.0014935005825261,0.9776999764401272,reinspect,reinspect,0.0023764024282475
3_001_20200708_163853(5),3,2020-07-08 16:38:53,353.2975158691406,246.67755126953125,367.8550415039063,262.66876220703125,0.002117839641869,0.0006356073873963,0.9776999764401272,reinspect,reinspect,0.0023764024282475
3_001_20200708_163853(5),3,2020-07-08 16:38:53,338.0318298339844,174.59202575683594,353.1090393066406,190.52066040039065,0.0015707687707617,0.000392793486596,0.9776999764401272,reinspect,reinspect,0.0023764024282475
3_001_20200708_163856(2),3,2020-07-08 16:38:56,353.1020812988281,220.7296600341797,364.6856384277344,232.47042846679688,0.6832435131072998,0.9776126328682428,0.9776126328682428,reinspect,reinspect,0.0011113613260114
3_001_20200708_163856(2),3,2020-07-08 16:38:56,350.60888671875,186.3191375732422,362.5611267089844,198.2993927001953,0.6808267831802368,0.9772169508197271,0.9776126328682428,reinspect,reinspect,0.0011113613260114
3_001_20200708_163856(2),3,2020-07-08 16:38:56,356.7157287597656,265.6249389648437,368.729736328125,277.751708984375,0.6804003715515137,0.9771465983578318,0.9776126328682428,reinspect,reinspect,0.0011113613260114
3_001_20200708_163858(9),3,2020-07-08 16:38:58,345.7146301269531,222.88633728027344,357.54010009765625,234.67202758789065,0.6717297434806824,0.975680392823028,0.975680392823028,reinspect,reinspect,0.0011854801684201
3_001_20200708_163858(9),3,2020-07-08 16:38:58,348.7012939453125,257.1431884765625,360.8156433105469,269.0954284667969,0.6706658005714417,0.9754957167750048,0.975680392823028,reinspect,reinspect,0.0011854801684201
3_001_20200708_163858(9),3,2020-07-08 16:38:58,352.9178771972656,302.4798889160156,364.49261474609375,314.0531005859375,0.6642308831214905,0.974355960946644,0.975680392823028,reinspect,reinspect,0.0011854801684201
3_001_20200708_163858(9),3,2020-07-08 16:38:58,341.5794677734375,222.10690307617188,358.6607971191406,236.37380981445312,0.0010830794926732,0.0002158792867303,0.975680392823028,reinspect,reinspect,0.0011854801684201
3_001_20200708_203204(7),3,2020-07-08 20:32:04,345.52606201171875,205.9498291015625,356.9690856933594,217.1370391845703,0.6945568323135376,0.979397615598238,0.979397615598238,reinspect,reinspect,0.0008289248109165
3_001_20200708_203204(7),3,2020-07-08 20:32:04,350.6437683105469,251.9453887939453,361.75982666015625,263.1272888183594,0.6790099143981934,0.9769160623583109,0.979397615598238,reinspect,reinspect,0.0008289248109165
3_001_20200708_203204(7),3,2020-07-08 20:32:04,342.845947265625,173.23033142089844,354.3292236328125,184.63705444335932,0.6604021191596985,0.9736588797891356,0.979397615598238,reinspect,reinspect,0.0008289248109165
3_001_20200708_203204(7),3,2020-07-08 20:32:04,341.52197265625,205.4260406494141,357.7319641113281,218.6514892578125,0.0013769745128229,0.0003177454325853,0.979397615598238,reinspect,reinspect,0.0008289248109165
3_001_20200708_203208(3),3,2020-07-08 20:32:08,349.8241271972656,241.0851287841797,361.6101379394531,252.16363525390625,0.6889492869377136,0.9785265513645298,0.9785265513645298,reinspect,reinspect,0.0004273273813206
3_001_20200708_203208(3),3,2020-07-08 20:32:08,355.3300170898437,287.2220153808594,366.62701416015625,298.793701171875,0.6628533601760864,0.9741068112526556,0.9785265513645298,reinspect,reinspect,0.0004273273813206
3_001_20200708_203208(3),3,2020-07-08 20:32:08,346.895263671875,207.2975006103516,358.2801208496094,219.08380126953125,0.6410031318664551,0.9698986602970718,0.9785265513645298,reinspect,reinspect,0.0004273273813206
3_001_20200708_203208(3),3,2020-07-08 20:32:08,354.0379333496094,282.92041015625,368.0748901367188,298.48748779296875,0.0024312261957675,0.0007938497263506,0.9785265513645298,reinspect,reinspect,0.0004273273813206
3_001_20200708_203208(3),3,2020-07-08 20:32:08,354.8744201660156,287.3591003417969,371.72161865234375,300.6732177734375,0.0013448802055791,0.0003059057747964,0.9785265513645298,reinspect,reinspect,0.0004273273813206
3_001_20200708_203247(7),3,2020-07-08 20:32:47,348.3597717285156,200.2786102294922,360.36669921875,212.1672515869141,0.6687530875205994,0.9751610438638164,0.9751610438638164,reinspect,reinspect,0.0004179394221312
3_001_20200708_203247(7),3,2020-07-08 20:32:47,349.0644226074219,165.58148193359375,361.0529174804688,177.67808532714844,0.6624236106872559,0.9740287055923406,0.9751610438638164,reinspect,reinspect,0.0004179394221312
3_001_20200708_203247(7),3,2020-07-08 20:32:47,347.2743530273437,245.64390563964844,359.0334777832031,257.21173095703125,0.6400184631347656,0.9696971928534256,0.9751610438638164,reinspect,reinspect,0.0004179394221312
3_001_20200708_203804(5),3,2020-07-08 20:38:04,356.3787536621094,226.68283081054688,368.3289794921875,238.56190490722656,0.6813048720359802,0.9772956369533649,0.9772956369533649,reinspect,reinspect,0.0018709093627302
3_001_20200708_203804(5),3,2020-07-08 20:38:04,350.9651184082031,180.08316040039062,362.8013305664063,191.8075561523437,0.6473707556724548,0.9711762148523234,0.9772956369533649,reinspect,reinspect,0.0018709093627302
3_001_20200708_203804(5),3,2020-07-08 20:38:04,347.2346496582031,147.1361083984375,358.8656616210937,158.69705200195312,0.6189147233963013,0.9651145815361614,0.9772956369533649,reinspect,reinspect,0.0018709093627302
3_001_20200708_203844(8),3,2020-07-08 20:38:44,355.97052001953125,160.46905517578125,368.0349426269531,172.55706787109375,0.6803725957870483,0.9771420100902444,0.9771420100902444,reinspect,reinspect,0.0009823917094864
3_001_20200708_203844(8),3,2020-07-08 20:38:44,354.6759033203125,242.75857543945312,366.9787292480469,254.78985595703125,0.6802500486373901,0.9771217583576184,0.9771420100902444,reinspect,reinspect,0.0009823917094864
3_001_20200708_203844(8),3,2020-07-08 20:38:44,355.1686706542969,195.3850860595703,367.2725830078125,207.5735321044922,0.6633018851280212,0.9741881373904496,0.9771420100902444,reinspect,reinspect,0.0009823917094864
3_001_20200708_203844(8),3,2020-07-08 20:38:44,354.24127197265625,194.8394775390625,371.5049743652344,209.12030029296875,0.0050024101510643,0.0025397967715588,0.9771420100902444,reinspect,reinspect,0.0009823917094864
3_001_20200708_203844(8),3,2020-07-08 20:38:44,353.5884094238281,241.99493408203125,371.4586486816406,255.881103515625,0.0010437592864036,0.0002034028598682,0.9771420100902444,reinspect,reinspect,0.0009823917094864
3_001_20200708_203917(6),3,2020-07-08 20:39:17,353.08856201171875,229.296142578125,364.8459167480469,241.0474548339844,0.670074462890625,0.97539261615339,0.97539261615339,reinspect,reinspect,0.0009270244503462
3_001_20200708_203917(6),3,2020-07-08 20:39:17,360.4951477050781,275.1644592285156,371.7191162109375,286.4071960449219,0.666582465171814,0.9747770512782248,0.97539261615339,reinspect,reinspect,0.0009270244503462
3_001_20200708_203917(6),3,2020-07-08 20:39:17,348.0321960449219,197.1128845214844,359.5822448730469,208.7215118408203,0.6591678261756897,0.9734310898631178,0.97539261615339,reinspect,reinspect,0.0009270244503462
3_001_20200708_203917(6),3,2020-07-08 20:39:17,351.8608703613281,225.15380859375,366.2726440429688,240.6918792724609,0.0024894918315112,0.0008247251566831,0.97539261615339,reinspect,reinspect,0.0009270244503462
3_001_20200708_203917(6),3,2020-07-08 20:39:17,346.8644104003906,196.5677032470703,364.26708984375,210.94403076171875,0.0014609124045819,0.0003495094262626,0.97539261615339,reinspect,reinspect,0.0009270244503462
3_001_20200708_203917(6),3,2020-07-08 20:39:17,348.70086669921875,228.84295654296875,366.10546875,243.2417449951172,0.0010158471995964,0.0001947182105882,0.97539261615339,reinspect,reinspect,0.0009270244503462
3_001_20200713_091052(5),3,2020-07-13 09:10:52,345.5558166503906,254.9362030029297,357.3973388671875,266.3869323730469,0.6839793920516968,0.977732092704074,0.977732092704074,reinspect,reinspect,0.0016144917006555
3_001_20200713_091052(5),3,2020-07-13 09:10:52,348.1112670898437,174.9933624267578,359.95458984375,186.87030029296875,0.673067033290863,0.9759110206879894,0.977732092704074,reinspect,reinspect,0.0016144917006555
3_001_20200713_091052(5),3,2020-07-13 09:10:52,346.4742126464844,207.25770568847656,359.08721923828125,219.5342712402344,0.6417874693870544,0.9700583823765384,0.977732092704074,reinspect,reinspect,0.0016144917006555
3_001_20200713_091052(5),3,2020-07-13 09:10:52,346.9131164550781,174.73667907714844,361.8847351074219,190.50831604003903,0.0065668616443872,0.0039388924651173,0.977732092704074,reinspect,reinspect,0.0016144917006555
3_001_20200713_091052(5),3,2020-07-13 09:10:52,341.58123779296875,253.7862091064453,358.46514892578125,267.9794311523437,0.0022077963221818,0.0006796590507074,0.977732092704074,reinspect,reinspect,0.0016144917006555
3_001_20200713_091104(2),3,2020-07-13 09:11:04,350.55584716796875,138.29150390625,362.5153503417969,150.3358612060547,0.6846792697906494,0.977845268031162,0.977845268031162,reinspect,reinspect,0.0006868160037302
3_001_20200713_091104(2),3,2020-07-13 09:11:04,348.7288513183594,170.32485961914062,361.26947021484375,182.79478454589844,0.6648047566413879,0.9744592137545964,0.977845268031162,reinspect,reinspect,0.0006868160037302
3_001_20200713_091104(2),3,2020-07-13 09:11:04,346.5857849121094,217.0619964599609,358.6011962890625,228.9807281494141,0.6300992369651794,0.9676074691028828,0.977845268031162,reinspect,reinspect,0.0006868160037302
3_001_20200713_091104(2),3,2020-07-13 09:11:04,347.955078125,167.00787353515625,364.5684814453125,182.51028442382807,0.0010606439318507,0.0002087258927844,0.977845268031162,reinspect,reinspect,0.0006868160037302
3_001_20200713_091113(2),3,2020-07-13 09:11:13,351.9701538085937,185.1930084228516,364.6251525878906,197.67996215820312,0.684799075126648,0.9778645985165596,0.9778645985165596,reinspect,reinspect,0.0005964741216764
3_001_20200713_091113(2),3,2020-07-13 09:11:13,347.1104736328125,232.62603759765625,359.7608337402344,244.9113922119141,0.6782224774360657,0.9767847370128536,0.9778645985165596,reinspect,reinspect,0.0005964741216764
3_001_20200713_091113(2),3,2020-07-13 09:11:13,355.2640075683594,154.57205200195312,367.8141174316406,166.64230346679688,0.6749985218048096,0.9762412055909202,0.9778645985165596,reinspect,reinspect,0.0005964741216764
3_001_20200713_091113(2),3,2020-07-13 09:11:13,345.91387939453125,231.82183837890625,364.3521118164063,246.5616455078125,0.0015693015884608,0.0003922028306902,0.9778645985165596,reinspect,reinspect,0.0005964741216764
3_001_20200713_091113(2),3,2020-07-13 09:11:13,354.21783447265625,154.43801879882812,371.7760620117188,169.9818115234375,0.001297932700254,0.000288895905362,0.9778645985165596,reinspect,reinspect,0.0005964741216764
3_001_20200713_091125(7),3,2020-07-13 09:11:25,343.0531005859375,241.9586334228516,354.7422180175781,253.3590850830078,0.696708083152771,0.979724807289992,0.979724807289992,reinspect,reinspect,0.0005753641326821
3_001_20200713_091125(7),3,2020-07-13 09:11:25,341.1890869140625,163.1943817138672,352.77978515625,174.75662231445312,0.6748735904693604,0.9762199525382264,0.979724807289992,reinspect,reinspect,0.0005753641326821
3_001_20200713_091125(7),3,2020-07-13 09:11:25,341.4520874023437,195.5595550537109,353.4439697265625,207.6597137451172,0.6731885671615601,0.9759318981260544,0.979724807289992,reinspect,reinspect,0.0005753641326821
3_001_20200713_091125(7),3,2020-07-13 09:11:25,568.764404296875,379.8283996582031,576.0,394.5991821289063,0.0016421689651906,0.0004219430465327,0.979724807289992,reinspect,reinspect,0.0005753641326821
3_001_20200713_091129(5),3,2020-07-13 09:11:29,344.4154052734375,243.47427368164065,357.1111755371094,255.8726806640625,0.6863589882850647,0.9781151487162826,0.9781151487162826,reinspect,reinspect,0.0015235206983699
3_001_20200713_091129(5),3,2020-07-13 09:11:29,350.3364562988281,164.82977294921875,362.6829528808594,177.17642211914062,0.6737775802612305,0.9760328871413914,0.9781151487162826,reinspect,reinspect,0.0015235206983699
3_001_20200713_091129(5),3,2020-07-13 09:11:29,346.8695678710937,197.29139709472656,359.6956787109375,209.70864868164065,0.652105987071991,0.972098445600632,0.9781151487162826,reinspect,reinspect,0.0015235206983699
3_001_20200713_091129(5),3,2020-07-13 09:11:29,345.7896728515625,196.4585723876953,364.2994384765625,211.2964630126953,0.0016458646859973,0.0004234733395935,0.9781151487162826,reinspect,reinspect,0.0015235206983699
3_001_20200713_091141(5),3,2020-07-13 09:11:41,346.45587158203125,185.00555419921875,358.4647521972656,196.9370880126953,0.6531755328178406,0.9723035336872388,0.9723035336872388,reinspect,reinspect,0.0013509608448957
3_001_20200713_091141(5),3,2020-07-13 09:11:41,347.3882751464844,151.33421325683594,358.74188232421875,162.7755584716797,0.6453102827072144,0.9707675662828092,0.9723035336872388,reinspect,reinspect,0.0013509608448957
3_001_20200713_091141(5),3,2020-07-13 09:11:41,346.5445556640625,230.2242126464844,358.3388366699219,242.1455841064453,0.6446313261985779,0.9706319212506188,0.9723035336872388,reinspect,reinspect,0.0013509608448957
3_001_20200713_091141(5),3,2020-07-13 09:11:41,345.795654296875,185.5103454589844,359.8030090332031,201.6781616210937,0.0015205033123493,0.0003727507237567,0.9723035336872388,reinspect,reinspect,0.0013509608448957
3_001_20200713_123019(3),3,2020-07-13 12:30:19,348.3817138671875,231.5772857666016,359.9877624511719,243.30487060546875,0.6630545258522034,0.974143310645942,0.974143310645942,reinspect,reinspect,0.0022811726173361
3_001_20200713_123019(3),3,2020-07-13 12:30:19,347.0368347167969,185.5872802734375,358.8318176269531,197.1285858154297,0.6412826180458069,0.9699556515016964,0.974143310645942,reinspect,reinspect,0.0022811726173361
3_001_20200713_123019(3),3,2020-07-13 12:30:19,346.8686218261719,152.74563598632812,358.4027709960937,164.24510192871094,0.6403233408927917,0.96975968547303,0.974143310645942,reinspect,reinspect,0.0022811726173361
3_001_20200713_123019(3),3,2020-07-13 12:30:19,346.61920166015625,186.4550018310547,359.90869140625,201.6571655273437,0.0032409012783318,0.001261545959625,0.974143310645942,reinspect,reinspect,0.0022811726173361
3_001_20200713_123019(3),3,2020-07-13 12:30:19,347.4769592285156,230.57330322265625,364.32525634765625,244.4944610595703,0.0022421691101044,0.000696786078599,0.974143310645942,reinspect,reinspect,0.0022811726173361
3_001_20200713_123032(8),3,2020-07-13 12:30:32,348.9098815917969,228.3358612060547,361.4419860839844,240.4996490478516,0.6789783835411072,0.976910814494994,0.976910814494994,reinspect,reinspect,0.000581566123405
3_001_20200713_123032(8),3,2020-07-13 12:30:32,349.0671691894531,182.31253051757807,361.7009887695313,194.6380920410156,0.6782742738723755,0.9767933925530164,0.976910814494994,reinspect,reinspect,0.000581566123405
3_001_20200713_123032(8),3,2020-07-13 12:30:32,349.4882202148437,149.28541564941406,361.7839965820313,160.9452667236328,0.6736205816268921,0.97600600030596,0.976910814494994,reinspect,reinspect,0.000581566123405
3_001_20200713_123032(8),3,2020-07-13 12:30:32,348.3329467773437,183.15606689453125,364.7225646972656,198.5905303955078,0.001567612751387,0.0003915233591689,0.976910814494994,reinspect,reinspect,0.000581566123405
3_001_20200713_123032(8),3,2020-07-13 12:30:32,348.3948974609375,224.6935272216797,364.7755432128906,239.98440551757807,0.0011252949479967,0.0002295856263901,0.976910814494994,reinspect,reinspect,0.000581566123405
3_001_20200713_123043(4),3,2020-07-13 12:30:43,352.6520690917969,156.78427124023438,364.4874572753906,168.91058349609375,0.6890602707862854,0.9785440496502096,0.9785440496502096,reinspect,reinspect,0.0010129738137052
3_001_20200713_123043(4),3,2020-07-13 12:30:43,352.7155456542969,190.83932495117188,364.5531005859375,202.16244506835932,0.6786190271377563,0.9768509416054368,0.9785440496502096,reinspect,reinspect,0.0010129738137052
3_001_20200713_123043(4),3,2020-07-13 12:30:43,353.6687316894531,236.53936767578125,365.3009033203125,248.34747314453125,0.666445255279541,0.97475262739402,0.9785440496502096,reinspect,reinspect,0.0010129738137052
3_001_20200713_123043(4),3,2020-07-13 12:30:43,352.2876281738281,232.4771728515625,366.6033630371094,248.0531616210937,0.0033907529432326,0.0013568794965569,0.9785440496502096,reinspect,reinspect,0.0010129738137052
3_001_20200713_123043(4),3,2020-07-13 12:30:43,348.7363586425781,190.4922332763672,365.48193359375,204.2413482666016,0.0020415596663951,0.0005991382014488,0.9785440496502096,reinspect,reinspect,0.0010129738137052
3_001_20200713_123049(2),3,2020-07-13 12:30:49,348.05487060546875,224.53257751464844,359.7884521484375,236.37277221679688,0.6690502762794495,0.9752132699961212,0.9752132699961212,reinspect,reinspect,0.001148316211724
3_001_20200713_123049(2),3,2020-07-13 12:30:49,345.4399108886719,145.03526306152344,357.2787780761719,156.93026733398438,0.6662726998329163,0.9747218862953432,0.9752132699961212,reinspect,reinspect,0.001148316211724
3_001_20200713_123049(2),3,2020-07-13 12:30:49,346.3231506347656,178.34835815429688,358.50738525390625,190.5268402099609,0.6580171585083008,0.973217370934218,0.9752132699961212,reinspect,reinspect,0.001148316211724
3_001_20200713_123049(2),3,2020-07-13 12:30:49,341.652587890625,143.80026245117188,358.0153503417969,158.22171020507812,0.0025282464921474,0.0008455086194527,0.9752132699961212,reinspect,reinspect,0.001148316211724
3_001_20200713_123049(2),3,2020-07-13 12:30:49,347.0764465332031,223.9161376953125,364.2239074707031,237.91580200195312,0.0022824078332632,0.0007170410261989,0.9752132699961212,reinspect,reinspect,0.001148316211724
3_001_20200713_123049(2),3,2020-07-13 12:30:49,393.3711853027344,21.50459098815918,405.7213439941406,33.27873992919922,0.0019748585764318,0.0005679238593524,0.9752132699961212,reinspect,reinspect,0.001148316211724
3_001_20200713_123108(0),3,2020-07-13 12:31:08,351.7538757324219,205.1469268798828,363.3717041015625,216.08157348632807,0.6963585615158081,0.9796719073847824,0.9796719073847824,reinspect,reinspect,0.0011360203861232
3_001_20200713_123108(0),3,2020-07-13 12:31:08,356.4319152832031,250.52371215820312,368.274169921875,262.3261108398437,0.685443639755249,0.9779683836918064,0.9796719073847824,reinspect,reinspect,0.0011360203861232
3_001_20200713_123108(0),3,2020-07-13 12:31:08,348.75927734375,171.54620361328125,360.7345886230469,183.51031494140625,0.6746402382850647,0.9761802168257808,0.9796719073847824,reinspect,reinspect,0.0011360203861232
3_001_20200713_123108(0),3,2020-07-13 12:31:08,350.7058410644531,205.5941772460937,365.2759094238281,219.6963806152344,0.0054640038870275,0.0029282554910453,0.9796719073847824,reinspect,reinspect,0.0011360203861232
3_001_20200713_123108(0),3,2020-07-13 12:31:08,347.3310546875,167.7271728515625,361.4827575683594,182.5849151611328,0.0028064087964594,0.0010003673463072,0.9796719073847824,reinspect,reinspect,0.0011360203861232
3_001_20200713_123108(0),3,2020-07-13 12:31:08,349.6531066894531,200.25262451171875,363.46337890625,215.21463012695312,0.0014527451712638,0.0003463684830044,0.9796719073847824,reinspect,reinspect,0.0011360203861232
3_001_20200713_123108(0),3,2020-07-13 12:31:08,448.9183654785156,80.8420181274414,458.9821166992188,91.34304809570312,0.0010083104716613,0.0001923979185695,0.9796719073847824,reinspect,reinspect,0.0011360203861232
3_001_20200713_123114(3),3,2020-07-13 12:31:14,340.32769775390625,236.3021850585937,352.6825561523437,248.6842041015625,0.6884571313858032,0.9784488286357858,0.9784488286357858,reinspect,reinspect,0.0013388450607697
3_001_20200713_123114(3),3,2020-07-13 12:31:14,342.14288330078125,190.7533264160156,354.5274353027344,202.5345764160156,0.6770777702331543,0.9765928299969628,0.9784488286357858,reinspect,reinspect,0.0013388450607697
3_001_20200713_123114(3),3,2020-07-13 12:31:14,343.5129699707031,157.43426513671875,355.7066955566406,169.50308227539062,0.6697214245796204,0.975330906865669,0.9784488286357858,reinspect,reinspect,0.0013388450607697
3_001_20200713_123114(3),3,2020-07-13 12:31:14,341.349853515625,190.9142608642578,357.3905029296875,205.89651489257807,0.0064952936954796,0.0038698943114082,0.9784488286357858,reinspect,reinspect,0.0013388450607697
3_001_20200713_123114(3),3,2020-07-13 12:31:14,339.142822265625,235.51638793945312,357.133056640625,249.94845581054688,0.0014043500414118,0.0003279785973675,0.9784488286357858,reinspect,reinspect,0.0013388450607697
3_001_20200713_163743(9),3,2020-07-13 16:37:43,344.2902526855469,236.80419921875,356.3904724121094,248.63417053222656,0.6894015669822693,0.978597794255452,0.978597794255452,reinspect,reinspect,0.0015953756739304
3_001_20200713_163743(9),3,2020-07-13 16:37:43,356.47198486328125,315.4908752441406,368.0541076660156,327.12066650390625,0.6831008195877075,0.9775894134713408,0.978597794255452,reinspect,reinspect,0.0015953756739304
3_001_20200713_163743(9),3,2020-07-13 16:37:43,348.612548828125,270.5055236816406,360.8876953125,282.5866394042969,0.6752645969390869,0.9762864220718712,0.978597794255452,reinspect,reinspect,0.0015953756739304
3_001_20200713_163743(9),3,2020-07-13 16:37:43,354.83843994140625,311.68359375,368.9485168457031,326.6791076660156,0.0030191994737833,0.0011254032509695,0.978597794255452,reinspect,reinspect,0.0015953756739304
3_001_20200713_163757(3),3,2020-07-13 16:37:57,355.8719787597656,293.7217712402344,367.19091796875,305.1259155273437,0.6799622178077698,0.9770741396686694,0.9770741396686694,reinspect,reinspect,0.0009165197045273
3_001_20200713_163757(3),3,2020-07-13 16:37:57,346.5360107421875,248.20147705078125,357.8929443359375,259.4297180175781,0.6592684984207153,0.9734497255450512,0.9770741396686694,reinspect,reinspect,0.0009165197045273
3_001_20200713_163757(3),3,2020-07-13 16:37:57,339.4581298828125,214.10215759277344,350.97137451171875,225.97195434570312,0.6424776315689087,0.9701983739830516,0.9770741396686694,reinspect,reinspect,0.0009165197045273
3_001_20200713_163757(3),3,2020-07-13 16:37:57,354.57928466796875,290.1419982910156,368.50048828125,304.5912170410156,0.0057965628802776,0.0032209756686909,0.9770741396686694,reinspect,reinspect,0.0009165197045273
3_001_20200713_163904(8),3,2020-07-13 16:39:04,352.7163391113281,146.81785583496094,363.552734375,157.74530029296875,0.706483006477356,0.9811641398053272,0.9811641398053272,reinspect,reinspect,0.001416456694884
3_001_20200713_163904(8),3,2020-07-13 16:39:04,356.5627136230469,225.30007934570312,368.6081848144531,237.01300048828125,0.6918707489967346,0.978983672356948,0.9811641398053272,reinspect,reinspect,0.001416456694884
3_001_20200713_163904(8),3,2020-07-13 16:39:04,353.5873413085937,181.1454925537109,364.70989990234375,192.393295288086,0.6358246207237244,0.9688271461559396,0.9811641398053272,reinspect,reinspect,0.001416456694884
3_001_20200713_163904(8),3,2020-07-13 16:39:04,351.2721252441406,147.03103637695312,365.5301818847656,161.82302856445312,0.0018432540819048,0.0005082171083414,0.9811641398053272,reinspect,reinspect,0.001416456694884
3_001_20200713_163904(8),3,2020-07-13 16:39:04,350.5863037109375,142.5696563720703,364.0515747070313,156.8553466796875,0.0011869326699525,0.0002501671871991,0.9811641398053272,reinspect,reinspect,0.001416456694884
3_001_20200713_163925(9),3,2020-07-13 16:39:25,345.58154296875,229.12179565429688,357.3677673339844,241.1071014404297,0.6971550583839417,0.9797923103040947,0.9797923103040947,reinspect,reinspect,0.0014535930554274
3_001_20200713_163925(9),3,2020-07-13 16:39:25,342.9538879394531,149.94735717773438,354.4943542480469,161.53651428222656,0.6838357448577881,0.9777088108765462,0.9797923103040947,reinspect,reinspect,0.0014535930554274
3_001_20200713_163925(9),3,2020-07-13 16:39:25,343.73260498046875,183.90028381347656,355.5101013183594,195.16433715820312,0.682479739189148,0.977488141057578,0.9797923103040947,reinspect,reinspect,0.0014535930554274
3_001_20200713_163925(9),3,2020-07-13 16:39:25,341.066162109375,184.138427734375,356.7021179199219,198.212142944336,0.0025860723108053,0.0008768836906782,0.9797923103040947,reinspect,reinspect,0.0014535930554274
3_001_20200713_163945(4),3,2020-07-13 16:39:45,338.7361145019531,228.70079040527344,350.4042663574219,240.76466369628903,0.6844830513000488,0.9778135812778326,0.9778135812778326,reinspect,reinspect,0.0006415817715778
3_001_20200713_163945(4),3,2020-07-13 16:39:45,342.08612060546875,262.8684387207031,354.2054748535156,274.41033935546875,0.6765725612640381,0.9765077555683186,0.9778135812778326,reinspect,reinspect,0.0006415817715778
3_001_20200713_163945(4),3,2020-07-13 16:39:45,348.0834350585937,310.5633850097656,359.6216125488281,322.1817626953125,0.6612114310264587,0.973807422584282,0.9778135812778326,reinspect,reinspect,0.0006415817715778
3_001_20200713_163945(4),3,2020-07-13 16:39:45,337.344482421875,227.95120239257807,351.814453125,244.6748046875,0.0017483500996604,0.0004667408162109,0.9778135812778326,reinspect,reinspect,0.0006415817715778
3_001_20200713_163945(4),3,2020-07-13 16:39:45,341.4983215332031,263.77398681640625,357.4276123046875,277.8961486816406,0.0017263563349843,0.0004573210931644,0.9778135812778326,reinspect,reinspect,0.0006415817715778
3_001_20200713_164009(3),3,2020-07-13 16:40:09,359.0771789550781,299.3124084472656,370.2320556640625,310.37506103515625,0.7108463048934937,0.9817822094387274,0.9817822094387274,reinspect,reinspect,0.0015326143333968
3_001_20200713_164009(3),3,2020-07-13 16:40:09,352.2618408203125,251.7460174560547,364.0135498046875,263.0726318359375,0.6785221099853516,0.9768347742115612,0.9817822094387274,reinspect,reinspect,0.0015326143333968
3_001_20200713_164009(3),3,2020-07-13 16:40:09,348.0302124023437,217.877685546875,359.162109375,229.3857421875,0.6535487771034241,0.9723748282183896,0.9817822094387274,reinspect,reinspect,0.0015326143333968
3_001_20200713_164009(3),3,2020-07-13 16:40:09,346.5761413574219,219.0294189453125,359.8232421875,233.93972778320312,0.0019511358113959,0.0005569757189683,0.9817822094387274,reinspect,reinspect,0.0015326143333968
3_001_20200713_202630(0),3,2020-07-13 20:26:30,344.7462463378906,174.8807830810547,356.7927551269531,187.0758819580078,0.6927573084831238,0.9791209652307988,0.9791209652307988,reinspect,reinspect,0.0015294844460073
3_001_20200713_202630(0),3,2020-07-13 20:26:30,351.5804748535156,253.54293823242188,362.9763793945313,264.9878234863281,0.6548798680305481,0.972627926759416,0.9791209652307988,reinspect,reinspect,0.0015294844460073
3_001_20200713_202630(0),3,2020-07-13 20:26:30,347.7289733886719,208.41134643554688,359.32965087890625,219.96669006347656,0.6474276185035706,0.9711874285918818,0.9791209652307988,reinspect,reinspect,0.0015294844460073
3_001_20200713_202634(5),3,2020-07-13 20:26:34,344.9753112792969,220.61021423339844,357.06036376953125,232.4501800537109,0.6883400082588196,0.9784303016342112,0.9784303016342112,reinspect,reinspect,0.0007061471704526
3_001_20200713_202634(5),3,2020-07-13 20:26:34,353.6793212890625,265.03472900390625,365.3819580078125,276.9880065917969,0.6749696731567383,0.9762362991906304,0.9784303016342112,reinspect,reinspect,0.0007061471704526
3_001_20200713_202634(5),3,2020-07-13 20:26:34,339.7397766113281,188.6521453857422,351.0297546386719,200.2195281982422,0.6237092614173889,0.9662014672947906,0.9784303016342112,reinspect,reinspect,0.0007061471704526
3_001_20200713_202634(5),3,2020-07-13 20:26:34,337.065185546875,185.5442657470703,351.55279541015625,199.771713256836,0.002450771164149,0.0008041568369411,0.9784303016342112,reinspect,reinspect,0.0007061471704526
3_001_20200713_202639(1),3,2020-07-13 20:26:39,343.15362548828125,191.7681121826172,354.9385070800781,203.47003173828125,0.6930601000785828,0.9791677044317963,0.9791677044317963,reinspect,reinspect,0.0007797144533442
3_001_20200713_202639(1),3,2020-07-13 20:26:39,360.9062194824219,268.3000183105469,372.019287109375,279.6640625,0.6711048483848572,0.9755720535368972,0.9791677044317963,reinspect,reinspect,0.0007797144533442
3_001_20200713_202639(1),3,2020-07-13 20:26:39,349.4266967773437,223.0311279296875,361.6785278320313,235.33154296875,0.6407254338264465,0.969841949360282,0.9791677044317963,reinspect,reinspect,0.0007797144533442
3_001_20200713_202639(1),3,2020-07-13 20:26:39,360.0057373046875,269.0547180175781,372.880615234375,284.1951599121094,0.001465089037083,0.0003511198255771,0.9791677044317963,reinspect,reinspect,0.0007797144533442
3_001_20200713_202643(6),3,2020-07-13 20:26:43,374.13861083984375,279.5672302246094,385.2781982421875,290.6220092773437,0.6978973150253296,0.9799040450804516,0.9799040450804516,reinspect,reinspect,0.0015326199573088
3_001_20200713_202643(6),3,2020-07-13 20:26:43,366.0963439941406,243.7723388671875,377.6283264160156,254.86083984375,0.6880309581756592,0.9783813583845746,0.9799040450804516,reinspect,reinspect,0.0015326199573088
3_001_20200713_202643(6),3,2020-07-13 20:26:43,360.8370361328125,214.3469696044922,371.850830078125,225.6389923095703,0.6722478866577148,0.975769948423336,0.9799040450804516,reinspect,reinspect,0.0015326199573088
3_001_20200713_202643(6),3,2020-07-13 20:26:43,359.7035827636719,210.76577758789065,373.2691650390625,225.1547698974609,0.0060366257093846,0.003438810441991,0.9799040450804516,reinspect,reinspect,0.0015326199573088
3_001_20200713_202643(6),3,2020-07-13 20:26:43,372.96917724609375,275.5186462402344,386.9579772949219,290.2106628417969,0.0019835107959806,0.0005719370070924,0.9799040450804516,reinspect,reinspect,0.0015326199573088
3_001_20200713_202643(6),3,2020-07-13 20:26:43,370.1876220703125,279.7699279785156,386.24951171875,292.8243103027344,0.0011810979340225,0.0002481902625482,0.9799040450804516,reinspect,reinspect,0.0015326199573088
3_001_20200713_202648(2),3,2020-07-13 20:26:48,358.5170288085937,237.4921112060547,369.42376708984375,248.20477294921875,0.6897594928741455,0.9786540508499308,0.9786540508499308,reinspect,reinspect,0.0017159262983422
3_001_20200713_202648(2),3,2020-07-13 20:26:48,355.4043884277344,206.9467620849609,366.4826049804688,218.21495056152344,0.6691269278526306,0.9752267267409256,0.9786540508499308,reinspect,reinspect,0.0017159262983422
3_001_20200713_202648(2),3,2020-07-13 20:26:48,362.1497497558594,273.9397277832031,372.9693908691406,285.0960693359375,0.6139184832572937,0.9639519960987348,0.9786540508499308,reinspect,reinspect,0.0017159262983422
3_001_20200713_202652(6),3,2020-07-13 20:26:52,359.6704406738281,214.20364379882807,371.00823974609375,225.17221069335932,0.7063488960266113,0.9811449078010792,0.9811449078010792,reinspect,reinspect,0.0004651487405849
3_001_20200713_202652(6),3,2020-07-13 20:26:52,357.79656982421875,184.1708984375,368.3868408203125,194.9343719482422,0.7043772339820862,0.9808605285531544,0.9811449078010792,reinspect,reinspect,0.0004651487405849
3_001_20200713_202652(6),3,2020-07-13 20:26:52,363.6285400390625,250.85467529296875,374.6033325195313,262.1547546386719,0.6876459717750549,0.978320274616884,0.9811449078010792,reinspect,reinspect,0.0004651487405849
3_001_20200713_202652(6),3,2020-07-13 20:26:52,357.0963134765625,184.26583862304688,371.58599853515625,198.06771850585932,0.0019052575808018,0.0005360332648411,0.9811449078010792,reinspect,reinspect,0.0004651487405849
3_001_20200713_202652(6),3,2020-07-13 20:26:52,361.9352722167969,246.9615020751953,375.6489562988281,261.5787658691406,0.001344833523035,0.0003058886779519,0.9811449078010792,reinspect,reinspect,0.0004651487405849
3_001_20200714_003045(4),3,2020-07-14 00:30:45,359.2557678222656,243.17044067382807,369.4772338867188,253.08384704589844,0.6967290639877319,0.9797279795280316,0.9797279795280316,reinspect,reinspect,0.0014131200954035
3_001_20200714_003045(4),3,2020-07-14 00:30:45,357.2223205566406,213.53521728515625,367.6231689453125,223.88856506347656,0.695624828338623,0.9795605295280144,0.9797279795280316,reinspect,reinspect,0.0014131200954035
3_001_20200714_003045(4),3,2020-07-14 00:30:45,362.7144470214844,279.44976806640625,372.7573547363281,289.46392822265625,0.6075314879417419,0.9624199373725552,0.9797279795280316,reinspect,reinspect,0.0014131200954035
3_001_20200714_003045(4),3,2020-07-14 00:30:45,358.0631103515625,239.7466735839844,370.7096862792969,253.2862243652344,0.0025793835520744,0.0008732323141236,0.9797279795280316,reinspect,reinspect,0.0014131200954035
3_001_20200714_003045(4),3,2020-07-14 00:30:45,361.5682373046875,275.7494506835937,373.5192565917969,289.2132873535156,0.001230651861988,0.0002651684918349,0.9797279795280316,reinspect,reinspect,0.0014131200954035
3_001_20200714_003052(4),3,2020-07-14 00:30:52,358.9124450683594,244.2407073974609,369.0158081054688,254.20513916015625,0.6944916844367981,0.979387647188863,0.979387647188863,reinspect,reinspect,0.0018220652441137
3_001_20200714_003052(4),3,2020-07-14 00:30:52,364.8738403320313,280.059326171875,375.19232177734375,290.537353515625,0.6915915012359619,0.97894029095197,0.979387647188863,reinspect,reinspect,0.0018220652441137
3_001_20200714_003052(4),3,2020-07-14 00:30:52,355.1375427246094,214.15841674804688,365.9497375488281,225.0250396728516,0.6425452828407288,0.9702120685123372,0.979387647188863,reinspect,reinspect,0.0018220652441137
3_001_20200714_003052(4),3,2020-07-14 00:30:52,355.7978210449219,243.81353759765625,370.1259765625,255.96034240722656,0.0017491024918854,0.0004670643475916,0.979387647188863,reinspect,reinspect,0.0018220652441137
3_001_20200714_003110(6),3,2020-07-14 00:31:10,366.7684326171875,283.2777404785156,377.0359497070313,293.5762023925781,0.7009649872779846,0.9803610714290188,0.9803610714290188,reinspect,reinspect,0.0015818359446971
3_001_20200714_003110(6),3,2020-07-14 00:31:10,363.248779296875,246.0953369140625,373.8688354492188,257.09814453125,0.6564270853996277,0.9729198613661384,0.9803610714290188,reinspect,reinspect,0.0015818359446971
3_001_20200714_003110(6),3,2020-07-14 00:31:10,361.7819213867188,215.88204956054688,372.0762023925781,226.31362915039065,0.5711358785629272,0.9526178009126032,0.9803610714290188,reinspect,reinspect,0.0015818359446971
3_001_20200714_003110(6),3,2020-07-14 00:31:10,363.1792602539063,282.4423522949219,377.8415222167969,294.7142944335937,0.0040956870652735,0.0018397910519468,0.9803610714290188,reinspect,reinspect,0.0015818359446971
3_001_20200714_003110(6),3,2020-07-14 00:31:10,362.06097412109375,217.8540496826172,372.821044921875,230.2726593017578,0.0011077283415943,0.0002238433159697,0.9803610714290188,reinspect,reinspect,0.0015818359446971
3_001_20200714_003110(6),3,2020-07-14 00:31:10,549.248291015625,369.239990234375,558.0457153320312,378.3867492675781,0.0010557561181485,0.0002071796054909,0.9803610714290188,reinspect,reinspect,0.0015818359446971
3_001_20200714_003118(1),3,2020-07-14 00:31:18,353.34674072265625,301.4300231933594,364.95843505859375,313.0362548828125,0.6827144622802734,0.9775264546100402,0.9775264546100402,reinspect,reinspect,0.0007121582114752
3_001_20200714_003118(1),3,2020-07-14 00:31:18,345.7012939453125,256.7027893066406,357.7051696777344,268.63494873046875,0.6767839193344116,0.9765433753095172,0.9775264546100402,reinspect,reinspect,0.0007121582114752
3_001_20200714_003118(1),3,2020-07-14 00:31:18,340.8710327148437,223.1109161376953,353.4262084960937,235.8670959472656,0.674384355545044,0.976136587100977,0.9775264546100402,reinspect,reinspect,0.0007121582114752
3_001_20200714_003118(1),3,2020-07-14 00:31:18,352.0718078613281,297.1810607910156,366.7791137695313,312.6662902832031,0.0026095802895724,0.0008897625179641,0.9775264546100402,reinspect,reinspect,0.0007121582114752
3_001_20200714_003118(1),3,2020-07-14 00:31:18,345.0691223144531,256.5050964355469,359.6705017089844,273.6543273925781,0.0010633375495672,0.0002095798964569,0.9775264546100402,reinspect,reinspect,0.0007121582114752
3_001_20200714_003118(1),3,2020-07-14 00:31:18,354.1485595703125,302.19970703125,368.4103393554688,316.835693359375,0.0010497950715944,0.0002052997031498,0.9775264546100402,reinspect,reinspect,0.0007121582114752
3_001_20200714_003133(7),3,2020-07-14 00:31:33,342.4408569335937,265.528076171875,354.5024108886719,277.22772216796875,0.6681378483772278,0.9750526599464135,0.9750526599464135,reinspect,reinspect,0.0018778782310642
3_001_20200714_003133(7),3,2020-07-14 00:31:33,348.5336608886719,310.6387634277344,360.04205322265625,322.2447814941406,0.6642651557922363,0.9743621363116856,0.9750526599464135,reinspect,reinspect,0.0018778782310642
3_001_20200714_003133(7),3,2020-07-14 00:31:33,338.9877014160156,231.5897521972656,350.42919921875,243.16346740722656,0.6515033841133118,0.9719823767144912,0.9750526599464135,reinspect,reinspect,0.0018778782310642
3_001_20200714_003133(7),3,2020-07-14 00:31:33,347.7579650878906,310.0087890625,364.1913146972656,323.7063293457031,0.0043870536610484,0.0020553486565557,0.9750526599464135,reinspect,reinspect,0.0018778782310642
3_001_20200714_003133(7),3,2020-07-14 00:31:33,341.0546875,261.18438720703125,355.6716613769531,277.3259582519531,0.0012314022751525,0.000265428866074,0.9750526599464135,reinspect,reinspect,0.0018778782310642
3_001_20200714_003137(8),3,2020-07-14 00:31:37,336.6058044433594,235.6973876953125,348.513671875,247.45977783203125,0.6939037442207336,0.9792975254306778,0.9792975254306778,reinspect,reinspect,0.0004445188859453
3_001_20200714_003137(8),3,2020-07-14 00:31:37,348.8951721191406,314.4618225097656,360.1753845214844,325.5986633300781,0.6727569699287415,0.9758576951816276,0.9792975254306778,reinspect,reinspect,0.0004445188859453
3_001_20200714_003137(8),3,2020-07-14 00:31:37,341.73248291015625,269.2942810058594,353.79425048828125,280.86871337890625,0.6701522469520569,0.9754061966625872,0.9792975254306778,reinspect,reinspect,0.0004445188859453
3_001_20200714_003137(8),3,2020-07-14 00:31:37,340.7020568847656,267.65643310546875,357.2815246582031,282.0686340332031,0.0076717678457498,0.0050616627239515,0.9792975254306778,reinspect,reinspect,0.0004445188859453
3_001_20200714_042943(8),3,2020-07-14 04:29:43,359.0516052246094,200.3750762939453,369.4230041503906,210.80059814453125,0.7050253748893738,0.98095435055339,0.98095435055339,reinspect,reinspect,0.0005603450524179
3_001_20200714_042943(8),3,2020-07-14 04:29:43,357.3410339355469,171.26564025878906,367.2095031738281,181.416732788086,0.6678466200828552,0.975001230428674,0.98095435055339,reinspect,reinspect,0.0005603450524179
3_001_20200714_042943(8),3,2020-07-14 04:29:43,361.0194091796875,237.4209442138672,371.6607666015625,248.45445251464844,0.6443310976028442,0.97057178302965,0.98095435055339,reinspect,reinspect,0.0005603450524179
3_001_20200714_042943(8),3,2020-07-14 04:29:43,355.84381103515625,200.22189331054688,370.5202331542969,212.76454162597656,0.0014164763269945,0.0003325507337347,0.98095435055339,reinspect,reinspect,0.0005603450524179
3_001_20200714_042948(4),3,2020-07-14 04:29:48,359.4837951660156,184.19500732421875,369.4231872558594,194.64712524414065,0.7063287496566772,0.9811420175070036,0.9811420175070036,reinspect,reinspect,0.0004090000571699
3_001_20200714_042948(4),3,2020-07-14 04:29:48,360.6351623535156,214.2043914794922,371.2469787597656,224.50665283203125,0.6869503259658813,0.9782095766210482,0.9811420175070036,reinspect,reinspect,0.0004090000571699
3_001_20200714_042948(4),3,2020-07-14 04:29:48,363.5444946289063,250.7206878662109,374.0263366699219,261.55963134765625,0.6791791319847107,0.976944210971611,0.9811420175070036,reinspect,reinspect,0.0004090000571699
3_001_20200714_042948(4),3,2020-07-14 04:29:48,358.6236267089844,184.92428588867188,371.911376953125,198.0562438964844,0.0025182419922202,0.0008401245621313,0.9811420175070036,reinspect,reinspect,0.0004090000571699
3_001_20200714_042948(4),3,2020-07-14 04:29:48,356.01177978515625,183.41407775878903,370.2408447265625,195.6626739501953,0.0015482803573831,0.0003837772527025,0.9811420175070036,reinspect,reinspect,0.0004090000571699
3_001_20200714_042957(3),3,2020-07-14 04:29:57,367.6218566894531,263.9631042480469,378.2674560546875,274.4732971191406,0.688923180103302,0.978522433696998,0.978522433696998,reinspect,reinspect,0.0015943505637708
3_001_20200714_042957(3),3,2020-07-14 04:29:57,365.0994567871094,227.5901031494141,376.09710693359375,238.26101684570312,0.6886122226715088,0.978473343504882,0.978522433696998,reinspect,reinspect,0.0015943505637708
3_001_20200714_042957(3),3,2020-07-14 04:29:57,363.7155151367188,197.5748291015625,374.9743041992188,208.6405334472656,0.6798768639564514,0.9770600045098934,0.978522433696998,reinspect,reinspect,0.0015943505637708
3_001_20200714_042957(3),3,2020-07-14 04:29:57,364.2872924804688,224.94692993164065,378.8033142089844,238.4461669921875,0.0031592536251991,0.0012107211009934,0.978522433696998,reinspect,reinspect,0.0015943505637708
3_001_20200714_042957(3),3,2020-07-14 04:29:57,362.6685791015625,227.684799194336,377.1495361328125,241.1978302001953,0.0028555644676089,0.0010287528716925,0.978522433696998,reinspect,reinspect,0.0015943505637708
3_001_20200714_042957(3),3,2020-07-14 04:29:57,363.1428527832031,197.0027313232422,378.4530029296875,210.63232421875,0.002285819966346,0.0007187687192131,0.978522433696998,reinspect,reinspect,0.0015943505637708
3_001_20200714_043001(8),3,2020-07-14 04:30:01,350.664306640625,255.46343994140625,362.2162170410156,267.1732177734375,0.6915229558944702,0.9789296323145223,0.9789296323145223,reinspect,reinspect,0.0004969826919763
3_001_20200714_043001(8),3,2020-07-14 04:30:01,339.0813903808594,177.00320434570312,350.6212158203125,188.67189025878903,0.6714128851890564,0.9756255040122718,0.9789296323145223,reinspect,reinspect,0.0004969826919763
3_001_20200714_043001(8),3,2020-07-14 04:30:01,343.30181884765625,209.8634185791016,355.22088623046875,221.5456695556641,0.6502931118011475,0.9717481290291622,0.9789296323145223,reinspect,reinspect,0.0004969826919763
3_001_20200714_043001(8),3,2020-07-14 04:30:01,348.2876892089844,255.33792114257807,363.66314697265625,270.0889892578125,0.0045503475703299,0.0021800912566922,0.9789296323145223,reinspect,reinspect,0.0004969826919763
3_001_20200714_043006(2),3,2020-07-14 04:30:06,344.7698669433594,187.40603637695312,356.0531616210937,198.61599731445312,0.661803126335144,0.973915616183864,0.973915616183864,reinspect,reinspect,0.0018751400162697
3_001_20200714_043006(2),3,2020-07-14 04:30:06,351.73199462890625,266.9164123535156,363.0251770019531,278.1739807128906,0.6330350041389465,0.9682375312936412,0.973915616183864,reinspect,reinspect,0.0018751400162697
3_001_20200714_043006(2),3,2020-07-14 04:30:06,347.0644226074219,220.8174743652344,358.8934020996094,232.3863983154297,0.6305871605873108,0.9677128705877952,0.973915616183864,reinspect,reinspect,0.0018751400162697
3_001_20200714_043006(2),3,2020-07-14 04:30:06,399.32330322265625,277.0833740234375,408.7264404296875,286.2123413085937,0.0019261369016021,0.0005455264373726,0.973915616183864,reinspect,reinspect,0.0018751400162697
3_001_20200714_043010(8),3,2020-07-14 04:30:10,343.7744140625,218.4545440673828,355.4488220214844,229.73992919921875,0.6940799355506897,0.9793245629421424,0.9793245629421424,reinspect,reinspect,0.000880568152477
3_001_20200714_043010(8),3,2020-07-14 04:30:10,342.2626342773437,185.0876617431641,354.1920166015625,196.69113159179688,0.6923677921295166,0.9790607259866404,0.9793245629421424,reinspect,reinspect,0.000880568152477
3_001_20200714_043010(8),3,2020-07-14 04:30:10,346.6906433105469,264.34698486328125,358.2313537597656,276.1995849609375,0.6548272371292114,0.9726179535507996,0.9793245629421424,reinspect,reinspect,0.000880568152477
3_001_20200714_043010(8),3,2020-07-14 04:30:10,342.50799560546875,214.57662963867188,356.7790832519531,229.18438720703125,0.0051843412220478,0.0026903899911506,0.9793245629421424,reinspect,reinspect,0.000880568152477
3_001_20200714_043010(8),3,2020-07-14 04:30:10,342.5215759277344,218.2222595214844,356.8908996582031,233.6963348388672,0.0010835871798917,0.0002160422149305,0.9793245629421424,reinspect,reinspect,0.000880568152477
3_001_20200714_043010(8),3,2020-07-14 04:30:10,341.64630126953125,181.77474975585932,357.30126953125,196.6331024169922,0.0010701448190957,0.0002117440100552,0.9793245629421424,reinspect,reinspect,0.000880568152477
3_001_20200714_084009(9),3,2020-07-14 08:40:09,347.89239501953125,250.7041015625,359.7684020996094,262.6074523925781,0.6724027395248413,0.9757966646714352,0.9757966646714352,reinspect,reinspect,0.0007571202389393
3_001_20200714_084009(9),3,2020-07-14 08:40:09,340.4752502441406,217.08541870117188,352.769287109375,229.6533966064453,0.662137508392334,0.9739766074009596,0.9757966646714352,reinspect,reinspect,0.0007571202389393
3_001_20200714_084009(9),3,2020-07-14 08:40:09,358.5072631835937,295.5713195800781,370.0818176269531,306.9148254394531,0.6457683444023132,0.9708588021641978,0.9757966646714352,reinspect,reinspect,0.0007571202389393
3_001_20200714_084009(9),3,2020-07-14 08:40:09,339.3087463378906,216.50558471679688,356.93218994140625,231.34915161132807,0.0030318424105644,0.0011330074833985,0.9757966646714352,reinspect,reinspect,0.0007571202389393
3_001_20200714_084009(9),3,2020-07-14 08:40:09,337.40753173828125,214.10531616210932,353.1233215332031,228.7079620361328,0.0029825863894075,0.0011034919477444,0.9757966646714352,reinspect,reinspect,0.0007571202389393
3_001_20200714_084009(9),3,2020-07-14 08:40:09,346.75360107421875,249.9873046875,364.2827453613281,263.6939392089844,0.0013439384056255,0.0003055609235613,0.9757966646714352,reinspect,reinspect,0.0007571202389393
3_001_20200714_084013(3),3,2020-07-14 08:40:13,351.7455139160156,228.4916076660156,363.7545166015625,240.07911682128903,0.6888671517372131,0.9785135947264322,0.9785135947264322,reinspect,reinspect,0.0015592064896139
3_001_20200714_084013(3),3,2020-07-14 08:40:13,358.9320678710937,275.02001953125,370.2484130859375,286.0491027832031,0.667228102684021,0.9748917358106942,0.9785135947264322,reinspect,reinspect,0.0015592064896139
3_001_20200714_084013(3),3,2020-07-14 08:40:13,347.2564392089844,194.421875,359.01611328125,206.44483947753903,0.648213267326355,0.9713420153147732,0.9785135947264322,reinspect,reinspect,0.0015592064896139
3_001_20200714_084020(1),3,2020-07-14 08:40:20,352.8321838378906,227.0954132080078,364.64544677734375,238.9882202148437,0.6846627593040466,0.977842603096384,0.977842603096384,reinspect,reinspect,0.0018731849613226
3_001_20200714_084020(1),3,2020-07-14 08:40:20,356.903564453125,310.6610412597656,368.6401672363281,321.9678649902344,0.6568532586097717,0.9729998490762406,0.977842603096384,reinspect,reinspect,0.0018731849613226
3_001_20200714_084020(1),3,2020-07-14 08:40:20,355.24761962890625,262.4444885253906,366.37017822265625,273.2792053222656,0.6454271078109741,0.9707908565232622,0.977842603096384,reinspect,reinspect,0.0018731849613226
3_001_20200714_084020(1),3,2020-07-14 08:40:20,353.8893737792969,262.54998779296875,368.72174072265625,277.4158630371094,0.0021505216136574,0.0006514819175681,0.977842603096384,reinspect,reinspect,0.0018731849613226
3_001_20200714_084027(0),3,2020-07-14 08:40:27,345.7364807128906,232.93377685546875,357.5698547363281,244.6658477783203,0.6908467411994934,0.9788242697983488,0.9788242697983488,reinspect,reinspect,0.0011191768356005
3_001_20200714_084027(0),3,2020-07-14 08:40:27,356.1705322265625,280.434814453125,367.66790771484375,291.8375244140625,0.6673232316970825,0.9749085999612082,0.9788242697983488,reinspect,reinspect,0.0011191768356005
3_001_20200714_084027(0),3,2020-07-14 08:40:27,339.3124694824219,201.1194000244141,350.5997009277344,212.49639892578125,0.6370673775672913,0.9690870011750756,0.9788242697983488,reinspect,reinspect,0.0011191768356005
3_001_20200714_084027(0),3,2020-07-14 08:40:27,337.4594421386719,200.3851776123047,352.15838623046875,216.0027618408203,0.0048450557515025,0.0024122248148645,0.9788242697983488,reinspect,reinspect,0.0011191768356005
3_001_20200714_084027(0),3,2020-07-14 08:40:27,351.92779541015625,279.21240234375,368.2220458984375,292.9467468261719,0.002042016480118,0.0005993541605191,0.9788242697983488,reinspect,reinspect,0.0011191768356005
3_001_20200714_084027(0),3,2020-07-14 08:40:27,343.5782165527344,229.087890625,358.51593017578125,244.16070556640625,0.0017085268627852,0.0004497385303168,0.9788242697983488,reinspect,reinspect,0.0011191768356005
3_001_20200714_084047(6),3,2020-07-14 08:40:47,352.0870361328125,297.42791748046875,363.3720703125,308.516845703125,0.6962419748306274,0.9796542396691948,0.9796542396691948,reinspect,reinspect,0.0018191472412483
3_001_20200714_084047(6),3,2020-07-14 08:40:47,346.1607360839844,249.8949584960937,357.3139343261719,260.724853515625,0.6726499199867249,0.9758392637706794,0.9796542396691948,reinspect,reinspect,0.0018191472412483
3_001_20200714_084047(6),3,2020-07-14 08:40:47,342.8580322265625,217.1742553710937,354.071533203125,228.14707946777344,0.6301267743110657,0.9676134250448488,0.9796542396691948,reinspect,reinspect,0.0018191472412483
3_001_20200714_084047(6),3,2020-07-14 08:40:47,348.73455810546875,296.6723937988281,364.384033203125,310.0558166503906,0.0054885847494006,0.0029495275605883,0.9796542396691948,reinspect,reinspect,0.0018191472412483
3_001_20200714_084106(0),3,2020-07-14 08:41:06,335.7557373046875,197.61163330078125,347.5372619628906,209.4912567138672,0.6985467672348022,0.9800014399095968,0.9800014399095968,reinspect,reinspect,0.0004939206902525
3_001_20200714_084106(0),3,2020-07-14 08:41:06,341.6342163085937,229.5567321777344,353.1203308105469,241.01712036132807,0.6670235395431519,0.974855442331248,0.9800014399095968,reinspect,reinspect,0.0004939206902525
3_001_20200714_084106(0),3,2020-07-14 08:41:06,350.62042236328125,274.881103515625,361.9327087402344,285.9640197753906,0.6537991762161255,0.9724225779147648,0.9800014399095968,reinspect,reinspect,0.0004939206902525
3_001_20200714_084106(0),3,2020-07-14 08:41:06,340.464599609375,225.26724243164065,354.6351928710937,240.94923400878903,0.0011980946874246,0.0002539656544086,0.9800014399095968,reinspect,reinspect,0.0004939206902525
3_001_20200714_123235(9),3,2020-07-14 12:32:35,353.0249938964844,154.57296752929688,364.4479064941406,166.35337829589844,0.7008478045463562,0.9803437534072206,0.9803437534072206,reinspect,reinspect,0.0012549091547532
3_001_20200714_123235(9),3,2020-07-14 12:32:35,357.01043701171875,233.7144927978516,368.8932495117188,245.08071899414065,0.6882096529006958,0.978409667675976,0.9803437534072206,reinspect,reinspect,0.0012549091547532
3_001_20200714_123235(9),3,2020-07-14 12:32:35,354.3136291503906,187.52413940429688,366.1676025390625,199.40969848632807,0.6179684400558472,0.9648967613114844,0.9803437534072206,reinspect,reinspect,0.0012549091547532
3_001_20200714_123235(9),3,2020-07-14 12:32:35,356.5107727050781,234.37567138671875,371.8969421386719,248.6415252685547,0.0021876404061913,0.0006696913913472,0.9803437534072206,reinspect,reinspect,0.0012549091547532
3_001_20200714_123240(4),3,2020-07-14 12:32:40,349.2372741699219,169.95245361328125,361.755615234375,181.87387084960932,0.6660162806510925,0.974676152031696,0.974676152031696,reinspect,reinspect,0.0017124551275738
3_001_20200714_123240(4),3,2020-07-14 12:32:40,349.0057067871094,136.91368103027344,361.171630859375,148.99061584472656,0.6635473966598511,0.9742325704679872,0.974676152031696,reinspect,reinspect,0.0017124551275738
3_001_20200714_123240(4),3,2020-07-14 12:32:40,350.7271423339844,216.51657104492188,362.3001403808594,227.52960205078125,0.5792272686958313,0.95496485751438,0.974676152031696,reinspect,reinspect,0.0017124551275738
3_001_20200714_123244(9),3,2020-07-14 12:32:44,348.242919921875,207.38693237304688,359.4425964355469,218.84735107421875,0.6806448101997375,0.9771869474202216,0.9771869474202216,reinspect,reinspect,0.003128037330602
3_001_20200714_123244(9),3,2020-07-14 12:32:44,346.6524353027344,127.6098403930664,358.14324951171875,139.3733673095703,0.6551300883293152,0.9726753034145306,0.9771869474202216,reinspect,reinspect,0.003128037330602
3_001_20200714_123244(9),3,2020-07-14 12:32:44,346.7553100585937,161.82786560058594,359.01727294921875,173.45091247558594,0.6364954710006714,0.968967632210634,0.9771869474202216,reinspect,reinspect,0.003128037330602
3_001_20200714_123244(9),3,2020-07-14 12:32:44,347.0484924316406,203.6311187744141,360.9526672363281,218.56576538085932,0.0044193919748067,0.0020798300368695,0.9771869474202216,reinspect,reinspect,0.003128037330602
3_001_20200714_123244(9),3,2020-07-14 12:32:44,345.6884460449219,156.9842529296875,360.2592468261719,172.9158935546875,0.0029698687139898,0.001095919365189,0.9771869474202216,reinspect,reinspect,0.003128037330602
3_001_20200714_123244(9),3,2020-07-14 12:32:44,345.8273620605469,128.0913848876953,359.334716796875,143.88626098632812,0.0016403821064159,0.000421203913544,0.9771869474202216,reinspect,reinspect,0.003128037330602
3_001_20200714_123249(5),3,2020-07-14 12:32:49,349.8662414550781,210.5347900390625,362.05767822265625,222.2611541748047,0.6812137365341187,0.9772806531097464,0.9772806531097464,reinspect,reinspect,0.0008159137199116
3_001_20200714_123249(5),3,2020-07-14 12:32:49,346.4398803710937,131.19749450683594,357.60321044921875,142.73626708984375,0.6673814058303833,0.9749189086277856,0.9772806531097464,reinspect,reinspect,0.0008159137199116
3_001_20200714_123249(5),3,2020-07-14 12:32:49,346.8321533203125,164.82797241210938,359.180908203125,176.9462432861328,0.6570183634757996,0.973030788260788,0.9772806531097464,reinspect,reinspect,0.0008159137199116
3_001_20200714_123249(5),3,2020-07-14 12:32:49,345.80633544921875,160.40472412109375,360.7897033691406,176.6135711669922,0.0021423264406621,0.0006474873291298,0.9772806531097464,reinspect,reinspect,0.0008159137199116
3_001_20200714_123253(9),3,2020-07-14 12:32:53,348.4072570800781,131.442626953125,360.2483215332031,143.59779357910156,0.6682976484298706,0.9750808456769156,0.9750808456769156,reinspect,reinspect,0.0013686460668996
3_001_20200714_123253(9),3,2020-07-14 12:32:53,353.7806091308594,211.24549865722656,365.0458068847656,222.3275146484375,0.6476014852523804,0.9712216951552428,0.9750808456769156,reinspect,reinspect,0.0013686460668996
3_001_20200714_123253(9),3,2020-07-14 12:32:53,349.8451538085937,165.83839416503906,362.0572204589844,177.885009765625,0.6393377184867859,0.9695572886123976,0.9750808456769156,reinspect,reinspect,0.0013686460668996
3_001_20200714_123253(9),3,2020-07-14 12:32:53,347.3885498046875,130.95587158203125,364.194091796875,145.25979614257812,0.0042368951253592,0.001943124621106,0.9750808456769156,reinspect,reinspect,0.0013686460668996
3_001_20200714_123253(9),3,2020-07-14 12:32:53,352.297607421875,211.7351531982422,367.3229675292969,226.85723876953125,0.0010714000090956,0.0002121439703955,0.9750808456769156,reinspect,reinspect,0.0013686460668996
3_001_20200714_123258(4),3,2020-07-14 12:32:58,353.3343200683594,218.32107543945312,364.6950378417969,229.6195831298828,0.6795802116394043,0.9770108262518092,0.9770108262518092,reinspect,reinspect,0.0015231732474485
3_001_20200714_123258(4),3,2020-07-14 12:32:58,349.32000732421875,137.91961669921875,361.5444946289063,149.81263732910156,0.6730254888534546,0.9759038809310864,0.9770108262518092,reinspect,reinspect,0.0015231732474485
3_001_20200714_123258(4),3,2020-07-14 12:32:58,350.2058410644531,173.81710815429688,362.46142578125,185.75808715820312,0.6625477075576782,0.9740512783223388,0.9770108262518092,reinspect,reinspect,0.0015231732474485
3_001_20200714_123258(4),3,2020-07-14 12:32:58,350.586669921875,214.2635803222656,365.2597961425781,229.1331329345703,0.0077819903381168,0.0051794562410652,0.9770108262518092,reinspect,reinspect,0.0015231732474485
3_001_20200714_123258(4),3,2020-07-14 12:32:58,351.8570251464844,218.5629425048828,366.59765625,233.79867553710932,0.0017415380571037,0.0004638154895528,0.9770108262518092,reinspect,reinspect,0.0015231732474485
3_001_20200714_163058(0),3,2020-07-14 16:30:58,365.940185546875,128.39454650878906,375.941162109375,138.51065063476562,0.6977977752685547,0.979889087176526,0.979889087176526,reinspect,reinspect,0.0013413654110179
3_001_20200714_163058(0),3,2020-07-14 16:30:58,363.4937744140625,157.72581481933594,374.4378051757813,168.94065856933594,0.6829445362091064,0.9775639621450686,0.979889087176526,reinspect,reinspect,0.0013413654110179
3_001_20200714_163058(0),3,2020-07-14 16:30:58,363.2344665527344,193.8447723388672,373.7353210449219,204.8406524658203,0.6762168407440186,0.9764477150047576,0.979889087176526,reinspect,reinspect,0.0013413654110179
3_001_20200714_163058(0),3,2020-07-14 16:30:58,364.9845275878906,128.08792114257812,378.7207336425781,140.77857971191406,0.0038642005529254,0.0016750842902044,0.979889087176526,reinspect,reinspect,0.0013413654110179
3_001_20200714_163100(9),3,2020-07-14 16:31:00,356.42510986328125,181.9358673095703,367.7640075683594,193.3516998291016,0.6766526699066162,0.976521260890156,0.976521260890156,reinspect,reinspect,0.0016916198773828
3_001_20200714_163100(9),3,2020-07-14 16:31:00,360.5345764160156,218.2513885498047,370.8018493652344,228.47889709472656,0.6597239971160889,0.973533918386595,0.976521260890156,reinspect,reinspect,0.0016916198773828
3_001_20200714_163100(9),3,2020-07-14 16:31:00,355.0645446777344,151.4720916748047,365.8002624511719,162.392578125,0.6156424880027771,0.9643566650138964,0.976521260890156,reinspect,reinspect,0.0016916198773828
3_001_20200714_163100(9),3,2020-07-14 16:31:00,359.4998779296875,214.3407287597656,371.7333984375,227.7052154541016,0.0027019083499908,0.0009410314968273,0.976521260890156,reinspect,reinspect,0.0016916198773828
3_001_20200714_163104(1),3,2020-07-14 16:31:04,358.68035888671875,208.4953155517578,369.22119140625,219.0027008056641,0.6846572160720825,0.97784170831762,0.97784170831762,reinspect,reinspect,0.0012009168206596
3_001_20200714_163104(1),3,2020-07-14 16:31:04,359.2163391113281,177.4517364501953,368.7916259765625,187.52230834960932,0.6827061772346497,0.9775251030798834,0.97784170831762,reinspect,reinspect,0.0012009168206596
3_001_20200714_163104(1),3,2020-07-14 16:31:04,360.1247863769531,244.8213653564453,370.9184265136719,255.58367919921875,0.6566237211227417,0.9729567902821028,0.97784170831762,reinspect,reinspect,0.0012009168206596
3_001_20200714_163104(1),3,2020-07-14 16:31:04,358.8280029296875,178.53265380859375,372.0147705078125,191.03746032714844,0.0017213163664564,0.0004551728038954,0.97784170831762,reinspect,reinspect,0.0012009168206596
3_001_20200714_163104(1),3,2020-07-14 16:31:04,570.38671875,319.43341064453125,576.0,331.5840759277344,0.0017164887394756,0.0004531186287402,0.97784170831762,reinspect,reinspect,0.0012009168206596
3_001_20200714_163104(1),3,2020-07-14 16:31:04,569.8642578125,344.4056701660156,576.0,355.859130859375,0.0012898743152618,0.0002860134599179,0.97784170831762,reinspect,reinspect,0.0012009168206596
3_001_20200714_163107(2),3,2020-07-14 16:31:07,365.5190734863281,240.0639495849609,375.8341979980469,250.39572143554688,0.6801261305809021,0.9771012664437836,0.9771012664437836,reinspect,reinspect,0.0013036807143168
3_001_20200714_163107(2),3,2020-07-14 16:31:07,363.6721801757813,172.11239624023438,374.4807434082031,183.2841033935547,0.6746371388435364,0.9761796887099586,0.9771012664437836,reinspect,reinspect,0.0013036807143168
3_001_20200714_163107(2),3,2020-07-14 16:31:07,363.7212219238281,202.8564300537109,374.5440673828125,213.850341796875,0.6414896845817566,0.9699978204556414,0.9771012664437836,reinspect,reinspect,0.0013036807143168
3_001_20200714_163110(3),3,2020-07-14 16:31:10,363.1883850097656,194.022201538086,374.1715393066406,205.2899169921875,0.6718365550041199,0.9756988745132849,0.9756988745132849,reinspect,reinspect,0.0020209401888852
3_001_20200714_163110(3),3,2020-07-14 16:31:10,361.40338134765625,163.96470642089844,371.7566833496094,174.41542053222656,0.6452229619026184,0.9707501485130692,0.9756988745132849,reinspect,reinspect,0.0020209401888852
3_001_20200714_163110(3),3,2020-07-14 16:31:10,368.1184387207031,231.498291015625,378.5841369628906,242.27560424804688,0.5896127223968506,0.9578321027747376,0.9756988745132849,reinspect,reinspect,0.0020209401888852
3_001_20200714_163110(3),3,2020-07-14 16:31:10,365.2180480957031,228.5601348876953,378.4201049804688,241.96055603027344,0.0046139392070472,0.0022294230990191,0.9756988745132849,reinspect,reinspect,0.0020209401888852
3_001_20200714_163113(3),3,2020-07-14 16:31:13,358.19110107421875,197.50192260742188,369.0236206054688,208.2139587402344,0.6952860951423645,0.9795089609906916,0.9795089609906916,reinspect,reinspect,0.0009551957024317
3_001_20200714_163113(3),3,2020-07-14 16:31:13,361.1750793457031,234.60287475585932,371.8412780761719,245.69488525390625,0.6770206689834595,0.9765832260710564,0.9795089609906916,reinspect,reinspect,0.0009551957024317
3_001_20200714_163113(3),3,2020-07-14 16:31:13,356.24627685546875,167.57525634765625,366.732177734375,178.36740112304688,0.6638875603675842,0.9742940371507768,0.9795089609906916,reinspect,reinspect,0.0009551957024317
3_001_20200714_225902(4),3,2020-07-14 22:59:02,345.53253173828125,110.14878845214844,356.9715576171875,121.7335968017578,0.6879559755325317,0.9783694712704682,0.9783694712704682,reinspect,reinspect,0.0014256007948769
3_001_20200714_225902(4),3,2020-07-14 22:59:02,348.5420837402344,142.57484436035156,360.99261474609375,154.97006225585938,0.668140172958374,0.9750530701324752,0.9783694712704682,reinspect,reinspect,0.0014256007948769
3_001_20200714_225902(4),3,2020-07-14 22:59:02,353.75445556640625,187.59706115722656,365.6740112304688,199.549560546875,0.619948148727417,0.9653512075920178,0.9783694712704682,reinspect,reinspect,0.0014256007948769
3_001_20200714_225902(4),3,2020-07-14 22:59:02,344.1316223144531,110.53609466552734,358.8221435546875,125.74982452392578,0.0038519881200045,0.0016665587527707,0.9783694712704682,reinspect,reinspect,0.0014256007948769
3_001_20200714_225906(4),3,2020-07-14 22:59:06,330.7816162109375,214.9554901123047,342.9022827148437,227.0191650390625,0.6798030138015747,0.9770477691822907,0.9770477691822907,reinspect,reinspect,0.0009310127540018
3_001_20200714_225906(4),3,2020-07-14 22:59:06,338.6098022460937,246.3910369873047,351.035400390625,258.8099670410156,0.6773950457572937,0.9766461391058272,0.9770477691822907,reinspect,reinspect,0.0009310127540018
3_001_20200714_225906(4),3,2020-07-14 22:59:06,351.3821105957031,288.4269104003906,363.3230590820313,300.2015075683594,0.6355492472648621,0.9687693329886268,0.9770477691822907,reinspect,reinspect,0.0009310127540018
3_001_20200714_225906(4),3,2020-07-14 22:59:06,327.0704040527344,213.0623321533203,344.3352966308594,227.2862701416016,0.0047178608365356,0.0023109417588735,0.9770477691822907,reinspect,reinspect,0.0009310127540018
3_001_20200714_225906(4),3,2020-07-14 22:59:06,334.20513916015625,245.4419860839844,352.6053771972656,260.3696594238281,0.0026119479443877,0.0008910635891314,0.9770477691822907,reinspect,reinspect,0.0009310127540018
3_001_20200714_225906(4),3,2020-07-14 22:59:06,338.09552001953125,243.0997009277344,354.254638671875,258.3314208984375,0.0010899517219513,0.0002180886916465,0.9770477691822907,reinspect,reinspect,0.0009310127540018
3_001_20200714_225909(9),3,2020-07-14 22:59:09,355.8111267089844,291.0074768066406,366.6013488769531,301.8648681640625,0.6691032648086548,0.9752225731121488,0.9752225731121488,reinspect,reinspect,0.0019425670447182
3_001_20200714_225909(9),3,2020-07-14 22:59:09,347.4204406738281,212.8723297119141,358.8953857421875,224.45037841796875,0.6468831300735474,0.9710799115943396,0.9752225731121488,reinspect,reinspect,0.0019425670447182
3_001_20200714_225909(9),3,2020-07-14 22:59:09,350.74176025390625,245.84341430664065,362.0250549316406,257.0272216796875,0.6302978992462158,0.967650417352914,0.9752225731121488,reinspect,reinspect,0.0019425670447182
3_001_20200714_225909(9),3,2020-07-14 22:59:09,354.9100646972656,291.0862731933594,368.5550231933594,305.86865234375,0.0010590249439701,0.0002082132339425,0.9752225731121488,reinspect,reinspect,0.0019425670447182
3_001_20200714_225913(0),3,2020-07-14 22:59:13,365.7723388671875,178.6656494140625,375.52490234375,188.74169921875,0.6975092887878418,0.9798456903050012,0.9798456903050012,reinspect,reinspect,0.0005035185178333
3_001_20200714_225913(0),3,2020-07-14 22:59:13,366.9956359863281,209.0733795166016,378.0842590332031,219.84747314453125,0.6653037667274475,0.9745487386587568,0.9798456903050012,reinspect,reinspect,0.0005035185178333
3_001_20200714_225913(0),3,2020-07-14 22:59:13,371.1224670410156,245.35955810546875,381.9263610839844,256.66717529296875,0.634003758430481,0.96844328382584,0.9798456903050012,reinspect,reinspect,0.0005035185178333
3_001_20200714_225913(0),3,2020-07-14 22:59:13,365.1962585449219,178.7767333984375,378.8511657714844,191.1592559814453,0.0026396648027002,0.0009063481945372,0.9798456903050012,reinspect,reinspect,0.0005035185178333
3_001_20200714_225916(1),3,2020-07-14 22:59:16,360.7724914550781,221.99136352539065,371.8177185058594,233.32557678222656,0.6739624738693237,0.9760645219979024,0.9760645219979024,reinspect,reinspect,0.000911205994321
3_001_20200714_225916(1),3,2020-07-14 22:59:16,360.9814147949219,191.88400268554688,372.0243835449219,202.93836975097656,0.6724560260772705,0.9758058528733016,0.9760645219979024,reinspect,reinspect,0.000911205994321
3_001_20200714_225916(1),3,2020-07-14 22:59:16,360.3669738769531,259.4040222167969,371.4712829589844,270.62139892578125,0.6456196904182434,0.9708292180274092,0.9760645219979024,reinspect,reinspect,0.000911205994321
3_001_20200714_225916(1),3,2020-07-14 22:59:16,359.48895263671875,217.97384643554688,373.4263916015625,232.62274169921875,0.0016690784832462,0.0004331335167144,0.9760645219979024,reinspect,reinspect,0.000911205994321
3_001_20200714_225919(2),3,2020-07-14 22:59:19,360.2898864746094,229.8578948974609,371.3277893066406,240.93760681152344,0.6882405281066895,0.9784145562315634,0.9784145562315634,reinspect,reinspect,0.0051915821452498
3_001_20200714_225919(2),3,2020-07-14 22:59:19,373.3381042480469,295.1552124023437,384.2811584472656,306.067626953125,0.6759495139122009,0.9764025182051178,0.9784145562315634,reinspect,reinspect,0.0051915821452498
3_001_20200714_225919(2),3,2020-07-14 22:59:19,365.4756164550781,259.3560791015625,376.4247131347656,270.03814697265625,0.6569125652313232,0.9730109657607456,0.9784145562315634,reinspect,reinspect,0.0051915821452498
3_001_20200714_225919(2),3,2020-07-14 22:59:19,355.9061279296875,228.07638549804688,372.6200256347656,241.07716369628903,0.001539202639833,0.000380160295479,0.9784145562315634,reinspect,reinspect,0.0051915821452498
3_001_20200715_002651(8),3,2020-07-15 00:26:51,359.611083984375,235.45046997070312,370.9891662597656,246.65707397460932,0.7081369161605835,0.9814001602068904,0.9814001602068904,reinspect,reinspect,0.0020459080963444
3_001_20200715_002651(8),3,2020-07-15 00:26:51,351.5533752441406,189.72055053710932,363.5668029785156,201.85011291503903,0.6915603876113892,0.9789354533488018,0.9814001602068904,reinspect,reinspect,0.0020459080963444
3_001_20200715_002651(8),3,2020-07-15 00:26:51,347.1872253417969,157.7582550048828,358.5827941894531,169.1835479736328,0.6201511025428772,0.965397525369482,0.9814001602068904,reinspect,reinspect,0.0020459080963444
3_001_20200715_002651(8),3,2020-07-15 00:26:51,349.581787109375,185.9090118408203,363.3896179199219,200.72882080078125,0.0144040705636143,0.0139701406799716,0.9814001602068904,reinspect,reinspect,0.0020459080963444
3_001_20200715_002651(8),3,2020-07-15 00:26:51,356.0081481933594,234.3602905273437,371.83978271484375,247.8480987548828,0.0014211877714842,0.000334333626256,0.9814001602068904,reinspect,reinspect,0.0020459080963444
3_001_20200715_002656(3),3,2020-07-15 00:26:56,350.85748291015625,212.3756103515625,362.7936706542969,224.4631500244141,0.6963817477226257,0.9796754197205072,0.9796754197205072,reinspect,reinspect,0.0004590079875548
3_001_20200715_002656(3),3,2020-07-15 00:26:56,357.6327514648437,257.0899658203125,369.3625793457031,268.7084350585937,0.6943393349647522,0.9793643221030628,0.9796754197205072,reinspect,reinspect,0.0004590079875548
3_001_20200715_002656(3),3,2020-07-15 00:26:56,346.9414367675781,179.18533325195312,358.8172912597656,191.0427703857422,0.6459053158760071,0.9708860405161892,0.9796754197205072,reinspect,reinspect,0.0004590079875548
3_001_20200715_002656(3),3,2020-07-15 00:26:56,356.90826416015625,257.2613220214844,370.5562438964844,273.5960693359375,0.0027578477747738,0.0009726226715236,0.9796754197205072,reinspect,reinspect,0.0004590079875548
3_001_20200715_002656(3),3,2020-07-15 00:26:56,346.11376953125,174.9378204345703,360.2704162597656,190.48532104492188,0.0010518272174522,0.0002059398395701,0.9796754197205072,reinspect,reinspect,0.0004590079875548
3_001_20200715_002700(8),3,2020-07-15 00:27:00,344.3766784667969,258.8935852050781,356.179931640625,270.4700927734375,0.6838386058807373,0.977709274757523,0.977709274757523,reinspect,reinspect,0.000551901751588
3_001_20200715_002700(8),3,2020-07-15 00:27:00,341.6344299316406,214.02154541015625,353.6981811523437,225.4724578857422,0.6726534962654114,0.9758398796908988,0.977709274757523,reinspect,reinspect,0.000551901751588
3_001_20200715_002700(8),3,2020-07-15 00:27:00,340.56463623046875,179.691162109375,352.70928955078125,192.12094116210932,0.6684315204620361,0.975104439559289,0.977709274757523,reinspect,reinspect,0.000551901751588
3_001_20200715_002700(8),3,2020-07-15 00:27:00,339.56695556640625,178.8679962158203,356.98699951171875,193.4611358642578,0.0025330404751002,0.0008480931967742,0.977709274757523,reinspect,reinspect,0.000551901751588
3_001_20200715_002705(1),3,2020-07-15 00:27:05,359.0945739746094,169.39308166503906,369.0291442871094,179.5630645751953,0.6963942050933838,0.9796773066279452,0.9796773066279452,reinspect,reinspect,0.000868411708901
3_001_20200715_002705(1),3,2020-07-15 00:27:05,364.6085205078125,235.71534729003903,374.9077758789063,246.0379943847656,0.6882560849189758,0.9784170190742744,0.9796773066279452,reinspect,reinspect,0.000868411708901
3_001_20200715_002705(1),3,2020-07-15 00:27:05,360.8818664550781,199.48123168945312,371.45806884765625,209.8138732910156,0.6692370772361755,0.9752460545619857,0.9796773066279452,reinspect,reinspect,0.000868411708901
3_001_20200715_002705(1),3,2020-07-15 00:27:05,358.04949951171875,169.3246612548828,370.4940490722656,183.35079956054688,0.0019149365834891,0.000540426133837,0.9796773066279452,reinspect,reinspect,0.000868411708901
3_001_20200715_002709(8),3,2020-07-15 00:27:09,364.011962890625,216.04885864257807,374.3184814453125,226.3366241455078,0.6695720553398132,0.9753047625917995,0.9753047625917995,reinspect,reinspect,0.0015044123350428
3_001_20200715_002709(8),3,2020-07-15 00:27:09,361.59576416015625,185.5858764648437,372.1998596191406,196.7166748046875,0.6279578804969788,0.967141632678844,0.9753047625917995,reinspect,reinspect,0.0015044123350428
3_001_20200715_002709(8),3,2020-07-15 00:27:09,366.6404113769531,252.9838714599609,377.7094421386719,263.95513916015625,0.6066762208938599,0.9622107901172884,0.9753047625917995,reinspect,reinspect,0.0015044123350428
3_001_20200715_002709(8),3,2020-07-15 00:27:09,363.7384033203125,217.04611206054688,375.77197265625,230.3514404296875,0.0026247866917401,0.0008981312982571,0.9753047625917995,reinspect,reinspect,0.0015044123350428
3_001_20200715_002714(2),3,2020-07-15 00:27:14,359.60546875,171.35984802246094,369.9785461425781,181.70309448242188,0.7116818428039551,0.9818988869894733,0.9818988869894733,reinspect,reinspect,0.0021720280059705
3_001_20200715_002714(2),3,2020-07-15 00:27:14,360.0537414550781,201.6919708251953,371.3115539550781,212.8582305908203,0.6686000823974609,0.9751341231205628,0.9818988869894733,reinspect,reinspect,0.0021720280059705
3_001_20200715_002714(2),3,2020-07-15 00:27:14,363.3887634277344,238.21945190429688,373.5224609375,249.06857299804688,0.5940796732902527,0.959017210669149,0.9818988869894733,reinspect,reinspect,0.0021720280059705
3_001_20200715_042104(4),3,2020-07-15 04:21:04,358.05035400390625,199.9419860839844,369.2045593261719,211.0471954345703,0.6930787563323975,0.9791705817161686,0.9791705817161686,reinspect,reinspect,0.0001811407894025
3_001_20200715_042104(4),3,2020-07-15 04:21:04,363.1988220214844,236.8823699951172,373.5182800292969,247.6383056640625,0.6657900810241699,0.9746357553165272,0.9791705817161686,reinspect,reinspect,0.0001811407894025
3_001_20200715_042104(4),3,2020-07-15 04:21:04,355.3390197753906,169.83287048339844,365.8650817871094,180.4467163085937,0.6456323862075806,0.970831745578292,0.9791705817161686,reinspect,reinspect,0.0001811407894025
3_001_20200715_042104(4),3,2020-07-15 04:21:04,357.878662109375,200.6024932861328,370.6812438964844,215.9248504638672,0.0011846415000036,0.000249390183787,0.9791705817161686,reinspect,reinspect,0.0001811407894025
3_001_20200715_042108(8),3,2020-07-15 04:21:08,363.5878601074219,207.91905212402344,375.2377624511719,219.4141082763672,0.6691093444824219,0.9752236403417824,0.9752236403417824,reinspect,reinspect,0.0017203690848056
3_001_20200715_042108(8),3,2020-07-15 04:21:08,366.9658508300781,244.771484375,378.1636047363281,255.8934936523437,0.669089138507843,0.9752200932379864,0.9752236403417824,reinspect,reinspect,0.0017203690848056
3_001_20200715_042108(8),3,2020-07-15 04:21:08,362.8763122558594,177.521484375,373.7166442871094,188.3565216064453,0.662011444568634,0.9739536262366134,0.9752236403417824,reinspect,reinspect,0.0017203690848056
3_001_20200715_042108(8),3,2020-07-15 04:21:08,363.1705322265625,244.2003326416016,379.1346435546875,257.41754150390625,0.0014084163121879,0.0003295090805922,0.9752236403417824,reinspect,reinspect,0.0017203690848056
3_001_20200715_042113(4),3,2020-07-15 04:21:13,366.99652099609375,156.1252899169922,378.061279296875,167.0795135498047,0.7051087021827698,0.980966388541177,0.980966388541177,reinspect,reinspect,0.0015911135961525
3_001_20200715_042113(4),3,2020-07-15 04:21:13,366.963134765625,186.8326873779297,378.30908203125,198.04440307617188,0.6927763819694519,0.9791239117010724,0.980966388541177,reinspect,reinspect,0.0015911135961525
3_001_20200715_042113(4),3,2020-07-15 04:21:13,368.1705627441406,223.75491333007807,378.8915710449219,234.64312744140625,0.5957930088043213,0.9594643151481388,0.980966388541177,reinspect,reinspect,0.0015911135961525
3_001_20200715_042118(0),3,2020-07-15 04:21:18,352.8681640625,222.1222381591797,364.6878967285156,234.13211059570312,0.6813247799873352,0.9772989090940356,0.9772989090940356,reinspect,reinspect,0.0003709102268121
3_001_20200715_042118(0),3,2020-07-15 04:21:18,348.71160888671875,189.11422729492188,360.6452026367188,201.04263305664065,0.6783223748207092,0.976801428386082,0.9772989090940356,reinspect,reinspect,0.0003709102268121
3_001_20200715_042118(0),3,2020-07-15 04:21:18,358.6878967285156,267.5970764160156,369.8269348144531,278.63043212890625,0.6375371217727661,0.9691847743368122,0.9772989090940356,reinspect,reinspect,0.0003709102268121
3_001_20200715_042118(0),3,2020-07-15 04:21:18,351.7268981933594,217.9828948974609,366.0580139160156,233.7163543701172,0.0020975719671696,0.0006258377225841,0.9772989090940356,reinspect,reinspect,0.0003709102268121
3_001_20200715_042118(0),3,2020-07-15 04:21:18,348.80328369140625,221.60171508789065,365.8597717285156,235.86151123046875,0.0017536800587549,0.0004690345516493,0.9772989090940356,reinspect,reinspect,0.0003709102268121
3_001_20200715_042122(5),3,2020-07-15 04:21:22,345.351806640625,171.1505126953125,357.138916015625,183.01712036132807,0.6918010115623474,0.978972844738995,0.978972844738995,reinspect,reinspect,0.0007981343439114
3_001_20200715_042122(5),3,2020-07-15 04:21:22,353.4584655761719,249.15025329589844,364.9942626953125,260.78082275390625,0.6792360544204712,0.9769536739960396,0.978972844738995,reinspect,reinspect,0.0007981343439114
3_001_20200715_042122(5),3,2020-07-15 04:21:22,348.4912109375,203.7410888671875,360.6545104980469,215.96261596679688,0.6727649569511414,0.9758590699279144,0.978972844738995,reinspect,reinspect,0.0007981343439114
3_001_20200715_042122(5),3,2020-07-15 04:21:22,347.3714904785156,202.4954071044922,364.5055236816406,217.1383209228516,0.0027294217143207,0.000956519814272,0.978972844738995,reinspect,reinspect,0.0007981343439114
3_001_20200715_042127(0),3,2020-07-15 04:21:27,345.07086181640625,211.5833740234375,356.40869140625,222.56475830078125,0.7014962434768677,0.980439445194758,0.980439445194758,reinspect,reinspect,0.0011085304547716
3_001_20200715_042127(0),3,2020-07-15 04:21:27,349.56884765625,256.95904541015625,360.94140625,268.0619506835937,0.6861127614974976,0.9780757407017004,0.980439445194758,reinspect,reinspect,0.0011085304547716
3_001_20200715_042127(0),3,2020-07-15 04:21:27,341.6013488769531,178.3037872314453,353.2166442871094,189.8350372314453,0.6839711666107178,0.9777307600418572,0.980439445194758,reinspect,reinspect,0.0011085304547716
3_001_20200715_042127(0),3,2020-07-15 04:21:27,343.9189147949219,212.2710723876953,358.4928283691406,226.8304748535156,0.0010283186566084,0.0001985808527761,0.980439445194758,reinspect,reinspect,0.0011085304547716
3_001_20200715_083509(3),3,2020-07-15 08:35:09,349.2138977050781,191.9781188964844,360.4788208007813,202.98794555664065,0.6802101731300354,0.9771151657745224,0.9771151657745224,reinspect,reinspect,0.0009699457650774
3_001_20200715_083509(3),3,2020-07-15 08:35:09,355.1714172363281,237.1193084716797,366.4638671875,248.5644378662109,0.6637247204780579,0.9742646264186716,0.9771151657745224,reinspect,reinspect,0.0009699457650774
3_001_20200715_083509(3),3,2020-07-15 08:35:09,345.623291015625,159.06118774414062,357.0437927246094,170.4302215576172,0.628181517124176,0.96719053253747,0.9771151657745224,reinspect,reinspect,0.0009699457650774
3_001_20200715_083509(3),3,2020-07-15 08:35:09,349.0343322753906,192.6473388671875,364.4652404785156,205.8433532714844,0.0010092623997479,0.0001926904013417,0.9771151657745224,reinspect,reinspect,0.0009699457650774
3_001_20200715_083513(8),3,2020-07-15 08:35:13,344.6184997558594,161.6026153564453,355.6993713378906,173.03395080566406,0.7074256539344788,0.9812989217798056,0.9812989217798056,reinspect,reinspect,0.0007811438553552
3_001_20200715_083513(8),3,2020-07-15 08:35:13,358.817138671875,239.0033264160156,369.8189086914063,249.9713134765625,0.6632202863693237,0.9741733565436734,0.9812989217798056,reinspect,reinspect,0.0007811438553552
3_001_20200715_083513(8),3,2020-07-15 08:35:13,350.3635559082031,194.41085815429688,361.9149169921875,206.40789794921875,0.6555936336517334,0.9727629033639122,0.9812989217798056,reinspect,reinspect,0.0007811438553552
3_001_20200715_083518(2),3,2020-07-15 08:35:18,351.29888916015625,189.2360076904297,362.6160888671875,200.46095275878903,0.6922765970230103,0.9790466041227798,0.9790466041227798,reinspect,reinspect,0.0007381660637155
3_001_20200715_083518(2),3,2020-07-15 08:35:18,356.6999206542969,235.37619018554688,368.39068603515625,246.6859588623047,0.6844115853309631,0.977802032088896,0.9790466041227798,reinspect,reinspect,0.0007381660637155
3_001_20200715_083518(2),3,2020-07-15 08:35:18,347.2720031738281,156.03738403320312,358.9524841308594,167.68775939941406,0.6352511644363403,0.9687066562176132,0.9790466041227798,reinspect,reinspect,0.0007381660637155
3_001_20200715_083522(7),3,2020-07-15 08:35:22,357.92730712890625,254.9071350097656,369.46185302734375,266.1611633300781,0.688464343547821,0.9784499690999678,0.9784499690999678,reinspect,reinspect,0.0006403940055241
3_001_20200715_083522(7),3,2020-07-15 08:35:22,346.3992614746094,175.6557159423828,357.9842529296875,187.4959259033203,0.6715277433395386,0.9756454115054902,0.9784499690999678,reinspect,reinspect,0.0006403940055241
3_001_20200715_083522(7),3,2020-07-15 08:35:22,350.74786376953125,209.2935028076172,362.8117065429688,221.13473510742188,0.62174391746521,0.965759298684542,0.9784499690999678,reinspect,reinspect,0.0006403940055241
3_001_20200715_083522(7),3,2020-07-15 08:35:22,356.8476867675781,255.41702270507807,372.1209716796875,270.1408386230469,0.0017602199222892,0.0004718547962047,0.9784499690999678,reinspect,reinspect,0.0006403940055241
3_001_20200715_083527(3),3,2020-07-15 08:35:27,345.4671936035156,185.0974273681641,357.08563232421875,196.75035095214844,0.6910269856452942,0.9788523918845656,0.9788523918845656,reinspect,reinspect,0.0008662504069503
3_001_20200715_083527(3),3,2020-07-15 08:35:27,360.65130615234375,263.4701538085937,372.0730895996094,275.04266357421875,0.6892092227935791,0.9785675176537002,0.9788523918845656,reinspect,reinspect,0.0008662504069503
3_001_20200715_083527(3),3,2020-07-15 08:35:27,350.1437683105469,217.3187866210937,363.1786193847656,230.52447509765625,0.662697970867157,0.9740785905093474,0.9788523918845656,reinspect,reinspect,0.0008662504069503
3_001_20200715_083527(3),3,2020-07-15 08:35:27,347.1561889648437,218.86871337890625,362.0176696777344,234.1594390869141,0.0368835665285587,0.0625445357041299,0.9788523918845656,reinspect,reinspect,0.0008662504069503
3_001_20200715_083531(8),3,2020-07-15 08:35:31,337.4137268066406,197.80897521972656,349.5693359375,209.67160034179688,0.6965565085411072,0.979701878910294,0.979701878910294,reinspect,reinspect,0.0005117920788042
3_001_20200715_083531(8),3,2020-07-15 08:35:31,349.2204284667969,277.70953369140625,361.22747802734375,289.0032043457031,0.6852794885635376,0.9779419870752646,0.979701878910294,reinspect,reinspect,0.0005117920788042
3_001_20200715_083531(8),3,2020-07-15 08:35:31,342.2694091796875,231.69586181640625,353.9759521484375,243.1374053955078,0.6641088128089905,0.9743339566732268,0.979701878910294,reinspect,reinspect,0.0005117920788042
3_001_20200715_083531(8),3,2020-07-15 08:35:31,348.560302734375,277.7561340332031,364.4598388671875,291.9521179199219,0.0032623487059026,0.001275028244622,0.979701878910294,reinspect,reinspect,0.0005117920788042
3_001_20200721_163828(2),3,2020-07-21 16:38:28,331.2392272949219,172.58766174316406,340.3230285644531,181.92828369140625,0.6532593369483948,0.9723195537774894,0.9723195537774894,reinspect,reinspect,0.0054475198016228
3_001_20200721_163828(2),3,2020-07-21 16:38:28,330.58404541015625,172.15501403808594,342.86083984375,183.8111267089844,0.0131650166586041,0.0120870175224182,0.9723195537774894,reinspect,reinspect,0.0054475198016228
3_001_20200721_163828(2),3,2020-07-21 16:38:28,570.1107788085938,135.35447692871094,575.8762817382812,146.07232666015625,0.0049224407412111,0.0024746506419133,0.9723195537774894,reinspect,reinspect,0.0054475198016228
3_001_20200721_163828(2),3,2020-07-21 16:38:28,568.05859375,0.0,575.2473754882812,0.2680389285087585,0.001257857424207,0.0002746699116944,0.9723195537774894,reinspect,reinspect,0.0054475198016228
3_001_20200721_163831(6),3,2020-07-21 16:38:31,324.2991638183594,195.5348663330078,334.1390686035156,205.5294342041016,0.5360297560691833,0.9411647131364516,0.9411647131364516,pass,reinspect,0.0153447381538175
3_001_20200721_163835(0),3,2020-07-21 16:38:35,333.697998046875,248.0087738037109,344.0599975585937,258.59771728515625,0.6075869798660278,0.9624334744327286,0.9624334744327286,reinspect,reinspect,0.0082710980920679
3_001_20200721_163838(2),3,2020-07-21 16:38:38,320.0650329589844,214.0241851806641,329.3868713378906,223.3817596435547,0.560019314289093,0.9492224981971495,0.9492224981971495,reinspect,reinspect,0.0033008235968617
3_001_20200721_163838(2),3,2020-07-21 16:38:38,446.9678955078125,212.51812744140625,453.5679321289063,220.7874755859375,0.0022419013548642,0.0006966520381952,0.9492224981971495,reinspect,reinspect,0.0033008235968617
3_001_20200721_163838(2),3,2020-07-21 16:38:38,570.4440307617188,185.03237915039065,576.0,196.3434600830078,0.0019480563933029,0.0005555604979086,0.9492224981971495,reinspect,reinspect,0.0033008235968617
3_001_20200721_163838(2),3,2020-07-21 16:38:38,318.9651184082031,210.87094116210932,329.34356689453125,221.6597900390625,0.0015079502481967,0.0003678077095532,0.9492224981971495,reinspect,reinspect,0.0033008235968617
3_001_20200721_163838(2),3,2020-07-21 16:38:38,333.1763916015625,352.20123291015625,341.1241149902344,360.3214416503906,0.0013726071920245,0.0003161243016628,0.9492224981971495,reinspect,reinspect,0.0033008235968617
3_001_20200721_163838(2),3,2020-07-21 16:38:38,318.8766174316406,215.20706176757807,329.1946716308594,226.4467315673828,0.0010410308605059,0.0002025476009225,0.9492224981971495,reinspect,reinspect,0.0033008235968617
3_001_20200721_163841(6),3,2020-07-21 16:38:41,311.6820678710937,172.77490234375,321.2887268066406,182.4237365722656,0.4549591541290283,0.9046152313227168,0.9046152313227168,pass,reinspect,0.009686919921993
3_001_20200721_163845(0),3,2020-07-21 16:38:45,321.12567138671875,205.64068603515625,330.0529479980469,214.97450256347656,0.596346378326416,0.9596078478964098,0.9596078478964098,reinspect,reinspect,0.0051921848344935
3_001_20200721_163845(0),3,2020-07-21 16:38:45,319.28448486328125,203.55235290527344,329.5204467773437,213.61813354492188,0.0041201552376151,0.0018575423654793,0.9596078478964098,reinspect,reinspect,0.0051921848344935
3_001_20200722_003342(7),3,2020-07-22 00:33:42,331.4839172363281,164.83372497558594,340.8382263183594,174.8727569580078,0.6775319576263428,0.9766691150851164,0.9766691150851164,reinspect,reinspect,0.0009214403959551
3_001_20200722_003342(7),3,2020-07-22 00:33:42,570.693359375,322.5599670410156,576.0,333.0668029785156,0.0073856934905052,0.0047607663371073,0.9766691150851164,reinspect,reinspect,0.0009214403959551
3_001_20200722_003342(7),3,2020-07-22 00:33:42,569.5326538085938,385.05804443359375,576.0,398.745361328125,0.0026634903624653,0.0009195657524791,0.9766691150851164,reinspect,reinspect,0.0009214403959551
3_001_20200722_003342(7),3,2020-07-22 00:33:42,570.3076171875,151.01947021484375,576.0,161.0404815673828,0.0013089715503156,0.0002928622236944,0.9766691150851164,reinspect,reinspect,0.0009214403959551
3_001_20200722_003351(5),3,2020-07-22 00:33:51,330.7910461425781,162.66107177734375,339.2385559082031,171.79888916015625,0.6507737636566162,0.9718413406689834,0.9718413406689834,reinspect,reinspect,0.0029455615521445
3_001_20200722_003351(5),3,2020-07-22 00:33:51,330.61151123046875,161.9136962890625,342.4996032714844,172.9879150390625,0.0026231668889522,0.0008972384298493,0.9718413406689834,reinspect,reinspect,0.0029455615521445
3_001_20200722_003351(5),3,2020-07-22 00:33:51,570.416015625,275.8126525878906,576.0,286.96826171875,0.0010614631464704,0.0002089854824444,0.9718413406689834,reinspect,reinspect,0.0029455615521445
3_001_20200722_043531(1),3,2020-07-22 04:35:31,320.1766357421875,166.070556640625,329.5613708496094,175.9838409423828,0.5740282535552979,0.9534685001313692,0.9534685001313692,reinspect,reinspect,0.0066703213855003
3_001_20200722_043531(1),3,2020-07-22 04:35:31,570.3822631835938,278.1680603027344,576.0,289.19415283203125,0.0018706707051023,0.0005204473826598,0.9534685001313692,reinspect,reinspect,0.0066703213855003
3_001_20200722_043535(5),3,2020-07-22 04:35:35,332.0527648925781,155.74766540527344,342.0598449707031,165.5929718017578,0.6878153085708618,0.978347158089778,0.978347158089778,reinspect,reinspect,0.0032871334758164
3_001_20200722_043535(5),3,2020-07-22 04:35:35,331.2636108398437,156.6361846923828,343.7334289550781,169.1454620361328,0.0050633889622986,0.0025899040214002,0.978347158089778,reinspect,reinspect,0.0032871334758164
3_001_20200722_043535(5),3,2020-07-22 04:35:35,570.1427612304688,141.6682891845703,576.0,153.06800842285156,0.0012233403977006,0.0002626366782394,0.978347158089778,reinspect,reinspect,0.0032871334758164
3_001_20200722_083525(2),3,2020-07-22 08:35:25,329.974853515625,186.9408264160156,339.50225830078125,197.1459197998047,0.7004287838935852,0.9802817371994906,0.9802817371994906,reinspect,reinspect,0.0041947944747959
3_001_20200722_083529(6),3,2020-07-22 08:35:29,321.9491882324219,214.07177734375,331.34588623046875,223.7482147216797,0.671670138835907,0.9756700747602636,0.9756700747602636,reinspect,reinspect,0.0012695858819376
3_001_20200722_083529(6),3,2020-07-22 08:35:29,570.7559814453125,313.5649719238281,576.0,325.1165466308594,0.0016947024269029,0.0004438924264765,0.9756700747602636,reinspect,reinspect,0.0012695858819376
3_001_20200722_131315(1),3,2020-07-22 13:13:15,319.9052124023437,225.4237670898437,328.8335876464844,235.1423797607422,0.5354364514350891,0.9409518939926548,0.9409518939926548,pass,reinspect,0.009022449370632
3_001_20200722_131319(5),3,2020-07-22 13:13:19,316.8385009765625,130.50343322753906,326.5462951660156,140.589599609375,0.5765978097915649,0.9542132678760028,0.9542132678760028,reinspect,reinspect,0.0111843887997581
3_001_20200722_131319(5),3,2020-07-22 13:13:19,570.23974609375,279.7227783203125,576.0,290.846923828125,0.0018077174900099,0.0004925295219068,0.9542132678760028,reinspect,reinspect,0.0111843887997581
3_001_20200722_163247(7),3,2020-07-22 16:32:47,327.743896484375,203.47276306152344,336.8886413574219,213.4208526611328,0.5283463597297668,0.9383549815446564,0.9383549815446564,pass,reinspect,0.0141304101638042
3_001_20200722_163247(7),3,2020-07-22 16:32:47,328.8248596191406,205.582763671875,339.4325866699219,216.292236328125,0.0011627658968791,0.0002420178081616,0.9383549815446564,pass,reinspect,0.0141304101638042
3_001_20200722_163255(2),3,2020-07-22 16:32:55,320.16339111328125,215.01919555664065,329.7203674316406,224.7797698974609,0.5884947776794434,0.9575310519476612,0.9575310519476612,reinspect,reinspect,0.0045083603740804
3_001_20200723_003047(2),3,2020-07-23 00:30:47,318.51385498046875,169.8907928466797,328.02593994140625,179.47679138183594,0.6267775893211365,0.9668825839322722,0.9668825839322722,reinspect,reinspect,0.0058868851550602
3_001_20200723_003051(9),3,2020-07-23 00:30:51,328.24969482421875,164.57028198242188,337.36572265625,173.7998504638672,0.6497285962104797,0.9716383473041036,0.9716383473041036,reinspect,reinspect,0.0015125332957429
3_001_20200723_043303(9),3,2020-07-23 04:33:03,328.12530517578125,164.184814453125,338.37652587890625,174.78668212890625,0.6957356929779053,0.9795773868713338,0.9795773868713338,reinspect,reinspect,0.0008421201006176
3_001_20200723_043303(9),3,2020-07-23 04:33:03,534.191650390625,278.78009033203125,542.7633666992188,287.2580261230469,0.0039419000968337,0.0017297130663029,0.9795773868713338,reinspect,reinspect,0.0008421201006176
3_001_20200723_043308(5),3,2020-07-23 04:33:08,324.1889953613281,180.5288543701172,332.5289306640625,189.50352478027344,0.5850539207458496,0.9565930899137182,0.9565930899137182,reinspect,reinspect,0.0229319656604495
3_001_20200723_043308(5),3,2020-07-23 04:33:08,569.6885375976562,100.59918212890624,575.9696655273438,111.11658477783205,0.0018666132818907,0.0005186304492664,0.9565930899137182,reinspect,reinspect,0.0229319656604495
3_001_20200723_043308(5),3,2020-07-23 04:33:08,324.5754699707031,180.48907470703125,335.6589050292969,191.3573608398437,0.0014318886678665,0.0003383964558792,0.9565930899137182,reinspect,reinspect,0.0229319656604495
3_001_20200723_043308(5),3,2020-07-23 04:33:08,570.3941040039062,315.03564453125,576.0,326.0265808105469,0.0010435157455503,0.0002033264634211,0.9565930899137182,reinspect,reinspect,0.0229319656604495
3_001_20200723_082647(1),3,2020-07-23 08:26:47,330.22137451171875,187.9346466064453,339.1441955566406,197.68978881835932,0.604262113571167,0.961615266817906,0.961615266817906,reinspect,reinspect,0.0104957731014004
3_001_20200723_082647(1),3,2020-07-23 08:26:47,570.14404296875,146.60801696777344,576.0,158.10630798339844,0.0063401139341294,0.003721884659717,0.961615266817906,reinspect,reinspect,0.0104957731014004
3_001_20200723_082647(1),3,2020-07-23 08:26:47,274.0542297363281,115.77293395996094,281.0679931640625,124.63522338867188,0.0011241489555686,0.0002292093346892,0.961615266817906,reinspect,reinspect,0.0104957731014004
3_001_20200723_082651(6),3,2020-07-23 08:26:51,322.3194580078125,225.3731689453125,331.3572692871094,235.3966522216797,0.6328878998756409,0.968206194829688,0.968206194829688,reinspect,reinspect,0.0033634352789866
3_001_20200723_123426(4),3,2020-07-23 12:34:26,321.06005859375,123.0967788696289,331.5328674316406,133.98109436035156,0.6102087497711182,0.963068498507769,0.963068498507769,reinspect,reinspect,0.01199480327016
3_001_20200723_123426(4),3,2020-07-23 12:34:26,498.568359375,303.218994140625,507.3134765625,311.8996276855469,0.0081342905759811,0.0055628062268322,0.963068498507769,reinspect,reinspect,0.01199480327016
3_001_20200723_123426(4),3,2020-07-23 12:34:26,551.7088012695312,341.8311462402344,561.78369140625,351.1552124023437,0.0013979119248688,0.0003255609212949,0.963068498507769,reinspect,reinspect,0.01199480327016
3_001_20200723_123428(2),3,2020-07-23 12:34:28,320.8193359375,111.87767791748048,331.0566101074219,122.43196868896484,0.6741788983345032,0.9761015117101216,0.9761015117101216,reinspect,reinspect,0.0024488637831177
3_001_20200723_123428(2),3,2020-07-23 12:34:28,319.193359375,113.51603698730467,331.2216491699219,125.79485321044922,0.0010782937752082,0.0002143457352675,0.9761015117101216,reinspect,reinspect,0.0024488637831177
3_001_20200723_163233(0),3,2020-07-23 16:32:33,326.1235656738281,196.5654754638672,335.9237060546875,206.6173095703125,0.526016116142273,0.9374794195689902,0.9374794195689902,pass,reinspect,0.0102931427390374
3_001_20200723_163233(0),3,2020-07-23 16:32:33,569.7019653320312,84.9612045288086,576.0,97.97354125976562,0.0057954690419137,0.0032199955494263,0.9374794195689902,pass,reinspect,0.0102931427390374
3_001_20200723_163233(0),3,2020-07-23 16:32:33,570.6679077148438,314.6454772949219,576.0,325.72857666015625,0.0031588929705321,0.0012104983629216,0.9374794195689902,pass,reinspect,0.0102931427390374
3_001_20200723_163233(0),3,2020-07-23 16:32:33,527.5194091796875,314.6859130859375,535.885498046875,322.58892822265625,0.0018504998879507,0.0005114386456522,0.9374794195689902,pass,reinspect,0.0102931427390374
3_001_20200723_163243(6),3,2020-07-23 16:32:43,327.1708679199219,248.60519409179688,336.6575622558594,258.5988464355469,0.5885095000267029,0.9575350282257632,0.9575350282257632,reinspect,reinspect,0.0063383360838998
3_001_20200723_163243(6),3,2020-07-23 16:32:43,570.180908203125,328.86358642578125,576.0,340.0670166015625,0.0016706365859135,0.0004337848641742,0.9575350282257632,reinspect,reinspect,0.0063383360838998
3_001_20200723_163243(6),3,2020-07-23 16:32:43,568.11572265625,437.7756652832031,575.4661254882812,444.0,0.0014375807950273,0.0003405651773501,0.9575350282257632,reinspect,reinspect,0.0063383360838998
3_001_20200723_203353(2),3,2020-07-23 20:33:53,330.1424560546875,156.6217498779297,339.3239440917969,166.16221618652344,0.7042969465255737,0.9808488833415128,0.9808488833415128,reinspect,reinspect,0.0008499710565833
3_001_20200723_203353(2),3,2020-07-23 20:33:53,534.7120971679688,266.5335998535156,543.717041015625,275.54412841796875,0.0097599104046821,0.0074624361008114,0.9808488833415128,reinspect,reinspect,0.0008499710565833
3_001_20200723_203353(2),3,2020-07-23 20:33:53,538.1066284179688,266.79022216796875,544.9752197265625,275.1735534667969,0.0014550199266523,0.0003472422238586,0.9808488833415128,reinspect,reinspect,0.0008499710565833
3_001_20200723_203357(7),3,2020-07-23 20:33:57,325.9732360839844,158.7842254638672,335.8543395996094,168.85899353027344,0.4922178089618683,0.9234442157578792,0.9234442157578792,pass,reinspect,0.0140470527731047
3_001_20200723_203357(7),3,2020-07-23 20:33:57,534.488525390625,266.4254150390625,543.627197265625,275.1968994140625,0.003783325664699,0.0016189341047711,0.9234442157578792,pass,reinspect,0.0140470527731047
3_001_20200724_003201(1),3,2020-07-24 00:32:01,321.9637451171875,165.65274047851562,330.8925170898437,175.52439880371094,0.6364554762840271,0.9689592708216532,0.9689592708216532,reinspect,reinspect,0.0054421650089818
3_001_20200724_003210(1),3,2020-07-24 00:32:10,329.0522155761719,161.2474822998047,337.9370422363281,170.98565673828125,0.6624770760536194,0.9740384325742686,0.9740384325742686,reinspect,reinspect,0.0024233210912231
3_001_20200727_091913(0),3,2020-07-27 09:19:13,323.7228698730469,173.94381713867188,332.9726257324219,183.5559844970703,0.5392909049987793,0.9423223617106302,0.9423223617106302,pass,reinspect,0.0196048769306507
3_001_20200727_091913(0),3,2020-07-27 09:19:13,570.5538940429688,256.3992614746094,576.0,267.4619140625,0.0072538964450359,0.0046245079502113,0.9423223617106302,pass,reinspect,0.0196048769306507
3_001_20200727_091913(0),3,2020-07-27 09:19:13,322.3829040527344,176.40257263183594,332.3411865234375,187.22213745117188,0.0010887550888583,0.0002177033636579,0.9423223617106302,pass,reinspect,0.0196048769306507
3_001_20200727_091915(2),3,2020-07-27 09:19:15,328.156982421875,159.9886474609375,337.5664978027344,170.10162353515625,0.577392041683197,0.9544414034880178,0.9544414034880178,reinspect,reinspect,0.0102648952398063
3_001_20200727_091915(2),3,2020-07-27 09:19:15,328.6645812988281,160.79075622558594,339.50885009765625,172.70700073242188,0.001688604010269,0.0004413227569417,0.9544414034880178,reinspect,reinspect,0.0102648952398063
3_001_20200727_091915(2),3,2020-07-27 09:19:15,536.3521728515625,268.9034729003906,543.9085693359375,277.063232421875,0.0011435084743425,0.000235597482136,0.9544414034880178,reinspect,reinspect,0.0102648952398063
3_001_20200727_123118(0),3,2020-07-27 12:31:18,323.9599609375,177.6711883544922,334.24041748046875,188.01998901367188,0.6978433728218079,0.9798959401567352,0.9798959401567352,reinspect,reinspect,0.0007125875394402
3_001_20200727_123121(5),3,2020-07-27 12:31:21,330.8157043457031,199.1010284423828,339.767578125,208.47267150878903,0.6910156011581421,0.9788506164684078,0.9788506164684078,reinspect,reinspect,0.0006870870642839
3_001_20200727_123121(5),3,2020-07-27 12:31:21,220.2045745849609,368.3115234375,231.5296630859375,379.5963439941406,0.0059658968821167,0.0033740679879174,0.9788506164684078,reinspect,reinspect,0.0006870870642839
3_001_20200727_123121(5),3,2020-07-27 12:31:21,570.1526489257812,367.0745239257813,576.0,377.8363037109375,0.0023757547605782,0.0007648728271084,0.9788506164684078,reinspect,reinspect,0.0006870870642839
3_001_20200727_123121(5),3,2020-07-27 12:31:21,327.2284851074219,199.61338806152344,339.770263671875,209.7993927001953,0.0010866118827834,0.0002170138757622,0.9788506164684078,reinspect,reinspect,0.0006870870642839
3_001_20200727_123121(5),3,2020-07-27 12:31:21,329.9732360839844,199.27735900878903,341.25213623046875,212.02207946777344,0.001032103667967,0.0001997588255454,0.9788506164684078,reinspect,reinspect,0.0006870870642839
3_001_20200727_163532(4),3,2020-07-27 16:35:32,323.8920288085937,203.53369140625,333.0086975097656,213.3480529785156,0.6123554110527039,0.963581870940568,0.963581870940568,reinspect,reinspect,0.0055187993776477
3_001_20200727_163538(3),3,2020-07-27 16:35:38,326.0712585449219,229.97671508789065,335.6106872558594,239.61639404296875,0.4965332150459289,0.925384359921102,0.925384359921102,pass,reinspect,0.0052007785143292
3_001_20200727_163538(3),3,2020-07-27 16:35:38,537.1570434570312,412.2369689941406,545.5739135742188,420.9806518554688,0.0139120565727353,0.0132101817636863,0.925384359921102,pass,reinspect,0.0052007785143292
3_001_20200727_163538(3),3,2020-07-27 16:35:38,568.4992065429688,437.6857299804688,575.494873046875,444.0,0.0018112617544829,0.0004940857393821,0.925384359921102,pass,reinspect,0.0052007785143292
3_001_20200810_085047(2),3,2020-08-10 08:50:47,316.57049560546875,200.1140594482422,326.1102905273437,209.6460723876953,0.6833181977272034,0.977624778571876,0.977624778571876,reinspect,reinspect,0.0014084266294256
3_001_20200810_085047(2),3,2020-08-10 08:50:47,316.0268249511719,200.6229858398437,328.4932861328125,212.51336669921875,0.0029722901526838,0.0010973596525998,0.977624778571876,reinspect,reinspect,0.0014084266294256
3_001_20200814_043345(8),3,2020-08-14 04:33:45,318.3293151855469,212.2655487060547,328.3537902832031,222.66465759277344,0.6415143013000488,0.9700028305303678,0.9700028305303678,reinspect,reinspect,0.0044816135549078
3_001_20200814_043345(8),3,2020-08-14 04:33:45,248.033432006836,124.0657196044922,256.3266906738281,132.70114135742188,0.0068101561628282,0.0041768976235698,0.9700028305303678,reinspect,reinspect,0.0044816135549078
3_001_20200814_043345(8),3,2020-08-14 04:33:45,534.4404907226562,287.1302490234375,543.0283813476562,296.2439270019531,0.004984681494534,0.0025252988106553,0.9700028305303678,reinspect,reinspect,0.0044816135549078
3_001_20200814_043345(8),3,2020-08-14 04:33:45,535.9814453125,284.91656494140625,543.9805908203125,293.3710021972656,0.0019512251019477,0.0005570167749997,0.9700028305303678,reinspect,reinspect,0.0044816135549078
3_001_20200814_043345(8),3,2020-08-14 04:33:45,317.5179443359375,213.14730834960932,330.2139587402344,226.5511779785156,0.0012328394223004,0.000265927790078,0.9700028305303678,reinspect,reinspect,0.0044816135549078
3_001_20200818_123638(1),3,2020-08-18 12:36:38,328.3768920898437,167.68716430664062,337.7442626953125,177.77549743652344,0.6334819793701172,0.9683325960528644,0.9683325960528644,reinspect,reinspect,0.0037054272695834
3_001_20200819_162727(9),3,2020-08-19 16:27:27,322.1291198730469,158.9871826171875,331.8765869140625,169.19110107421875,0.6165661215782166,0.9645719394658456,0.9645719394658456,reinspect,reinspect,0.0076195062584526
3_001_20200831_123324(1),3,2020-08-31 12:33:24,476.3772888183594,143.16091918945312,486.03076171875,153.0583953857422,0.6535733342170715,0.9723795139535276,0.9723795139535276,reinspect,reinspect,0.0029755329094199
3_001_20200831_123324(1),3,2020-08-31 12:33:24,304.2455749511719,322.5657043457031,310.23565673828125,329.1820068359375,0.0011990012135356,0.0002542751006432,0.9723795139535276,reinspect,reinspect,0.0029755329094199
3_001_20200831_163330(7),3,2020-08-31 16:33:30,479.5220031738281,121.9520034790039,489.1273498535156,132.14736938476562,0.6772778630256653,0.9766264605096968,0.9766264605096968,reinspect,reinspect,0.0045190395894981
3_001_20200831_163330(7),3,2020-08-31 16:33:30,570.7914428710938,241.83140563964844,576.0,252.7614898681641,0.0013599576195701,0.0003114466152703,0.9766264605096968,reinspect,reinspect,0.0045190395894981
3_001_20200831_163332(1),3,2020-08-31 16:33:32,480.3235778808594,169.30215454101562,491.6522216796875,180.3710784912109,0.6994088292121887,0.980130187603557,0.980130187603557,reinspect,reinspect,0.0006787580106839
3_001_20200831_163332(1),3,2020-08-31 16:33:32,479.7604064941406,169.7248077392578,494.03265380859375,183.5011749267578,0.0029351711273193,0.0010753601286232,0.980130187603557,reinspect,reinspect,0.0006787580106839
3_001_20200831_203249(0),3,2020-08-31 20:32:49,471.9174499511719,172.7488250732422,481.323486328125,182.5337371826172,0.6443586349487305,0.9705773030047397,0.9705773030047397,reinspect,reinspect,0.0107510027745035
3_001_20200831_203253(5),3,2020-08-31 20:32:53,471.0400085449219,178.48512268066406,480.3933410644531,188.09051513671875,0.5177000761032104,0.9342627042604992,0.9342627042604992,pass,reinspect,0.0063488672171079
3_001_20200831_203253(5),3,2020-08-31 20:32:53,467.18304443359375,178.17889404296875,479.6553955078125,188.80064392089844,0.0039854790084064,0.0017606435124647,0.9342627042604992,pass,reinspect,0.0063488672171079
3_001_20200901_003429(1),3,2020-09-01 00:34:29,469.1851806640625,176.48870849609375,478.2574768066406,186.009017944336,0.6406400203704834,0.9698244894673672,0.9698244894673672,reinspect,reinspect,0.0069085287138884
3_001_20200901_003433(7),3,2020-09-01 00:34:33,475.3325500488281,166.18458557128906,485.2507629394531,176.25534057617188,0.6417686343193054,0.9700545546531076,0.9700545546531076,reinspect,reinspect,0.0043194124923692
3_001_20200901_003438(1),3,2020-09-01 00:34:38,478.61334228515625,170.090576171875,488.5718994140625,180.01150512695312,0.6702842116355896,0.9754292237052232,0.9754292237052232,reinspect,reinspect,0.001799540875506
3_001_20200901_003438(1),3,2020-09-01 00:34:38,478.0354919433594,170.3925323486328,490.1597900390625,183.3289337158203,0.0059096147306263,0.0033228844246532,0.9754292237052232,reinspect,reinspect,0.001799540875506
3_001_20200901_003442(7),3,2020-09-01 00:34:42,477.2901306152344,169.8923797607422,487.1124572753906,179.9627227783203,0.5385714769363403,0.9420687318060408,0.9420687318060408,pass,reinspect,0.0081775662499128
3_001_20200901_003442(7),3,2020-09-01 00:34:42,477.47021484375,170.98150634765625,488.8940124511719,183.51202392578125,0.0020241327583789,0.0005909217168984,0.9420687318060408,pass,reinspect,0.0081775662499128
3_001_20200901_003447(1),3,2020-09-01 00:34:47,469.9552307128906,171.9976348876953,479.8165588378906,182.1766815185547,0.5571193695068359,0.948302907479426,0.948302907479426,reinspect,reinspect,0.053883138474351
3_001_20200901_003451(7),3,2020-09-01 00:34:51,472.5432739257813,165.63803100585938,482.3685607910156,175.82823181152344,0.6737751364707947,0.976032468803684,0.976032468803684,reinspect,reinspect,0.0128670434106616
3_001_20200901_003451(7),3,2020-09-01 00:34:51,569.5614624023438,172.24124145507812,576.0,183.36753845214844,0.0011261103209108,0.0002298535002378,0.976032468803684,reinspect,reinspect,0.0128670434106616
3_001_20200901_043410(8),3,2020-09-01 04:34:10,476.4358520507813,154.8928680419922,485.46044921875,164.09271240234375,0.6296051144599915,0.9675004484097732,0.9675004484097732,reinspect,reinspect,0.0037106602710653
3_001_20200901_043415(3),3,2020-09-01 04:34:15,474.8563232421875,183.9669647216797,483.7059326171875,193.5785675048828,0.6746023297309875,0.976173756957332,0.976173756957332,reinspect,reinspect,0.0030282133830397
3_001_20200901_043415(3),3,2020-09-01 04:34:15,570.1526489257812,342.8038024902344,576.0,353.95458984375,0.0033870553597807,0.0013544954556103,0.976173756957332,reinspect,reinspect,0.0030282133830397
3_001_20200901_043415(3),3,2020-09-01 04:34:15,510.0464172363281,344.7029724121094,517.0717163085938,352.51531982421875,0.0019785969052463,0.0005696564865988,0.976173756957332,reinspect,reinspect,0.0030282133830397
3_001_20200901_043419(9),3,2020-09-01 04:34:19,474.4586181640625,173.91636657714844,483.8565673828125,183.88494873046875,0.5285515785217285,0.9384315603777252,0.9384315603777252,pass,reinspect,0.0182540836759798
3_001_20200901_043419(9),3,2020-09-01 04:34:19,474.3201904296875,175.58030700683594,484.22943115234375,187.1407165527344,0.0040877279825508,0.0018340308347737,0.9384315603777252,pass,reinspect,0.0182540836759798
3_001_20200901_043424(4),3,2020-09-01 04:34:24,474.5910034179688,176.2827911376953,483.8440246582031,186.1100616455078,0.6821591258049011,0.9774357291513744,0.9774357291513744,reinspect,reinspect,0.000863735739206
3_001_20200901_043424(4),3,2020-09-01 04:34:24,475.2917175292969,174.419189453125,486.7124633789063,184.96798706054688,0.001320942537859,0.0002971866180426,0.9774357291513744,reinspect,reinspect,0.000863735739206
3_001_20200901_043424(4),3,2020-09-01 04:34:24,292.5370483398437,67.52813720703125,300.4494934082031,75.72682189941406,0.0010046388488262,0.0001912713804533,0.9774357291513744,reinspect,reinspect,0.000863735739206
3_001_20200901_043428(8),3,2020-09-01 04:34:28,479.78814697265625,176.33865356445312,489.4207458496094,186.347885131836,0.6782772541046143,0.976793890496706,0.976793890496706,reinspect,reinspect,0.0008341217810115
3_001_20200901_043433(3),3,2020-09-01 04:34:33,473.0677490234375,177.95010375976562,482.4131774902344,187.3436889648437,0.6877977252006531,0.9783443677464844,0.9783443677464844,reinspect,reinspect,0.0010271460706007
3_001_20200901_043433(3),3,2020-09-01 04:34:33,472.3038330078125,178.1589813232422,483.8674926757813,190.4470367431641,0.0038395228330045,0.0016578737725413,0.9783443677464844,reinspect,reinspect,0.0010271460706007
3_001_20200901_083346(7),3,2020-09-01 08:33:46,483.4947814941406,164.04576110839844,493.8577270507813,174.69403076171875,0.6676455736160278,0.9749656795866556,0.9749656795866556,reinspect,reinspect,0.0021025231085979
3_001_20200901_083356(1),3,2020-09-01 08:33:56,468.6594848632813,158.14236450195312,477.7750854492188,167.6956329345703,0.6427167654037476,0.9702467592545934,0.9702467592545934,reinspect,reinspect,0.002782226350644
3_001_20200901_083422(0),3,2020-09-01 08:34:22,468.09765625,177.5756072998047,477.6764221191406,187.1422271728516,0.6868804097175598,0.9781984277806774,0.9781984277806774,reinspect,reinspect,0.0026837543030514
3_001_20200901_083422(0),3,2020-09-01 08:34:22,468.0697021484375,174.76708984375,479.7504577636719,186.32638549804688,0.0028216841164976,0.0010091559127715,0.9781984277806774,reinspect,reinspect,0.0026837543030514
3_001_20200901_083422(0),3,2020-09-01 08:34:22,511.6852416992188,317.51519775390625,517.8385009765625,325.8185729980469,0.0022950316779315,0.0007234408447032,0.9781984277806774,reinspect,reinspect,0.0026837543030514
3_001_20200901_083422(0),3,2020-09-01 08:34:22,464.0491943359375,177.52056884765625,477.9651489257813,188.5051422119141,0.0011289449175819,0.0002307856697352,0.9781984277806774,reinspect,reinspect,0.0026837543030514
3_001_20200901_083422(0),3,2020-09-01 08:34:22,468.5372314453125,179.05984497070312,479.89202880859375,190.841796875,0.001118361367844,0.0002273125342004,0.9781984277806774,reinspect,reinspect,0.0026837543030514
3_001_20200901_083438(5),3,2020-09-01 08:34:38,478.9083557128906,233.87777709960932,488.7193908691406,244.0314483642578,0.654244601726532,0.9725073599443768,0.9725073599443768,reinspect,reinspect,0.0033171289639154
3_001_20200901_083438(5),3,2020-09-01 08:34:38,568.8318481445312,437.6945495605469,575.4102172851562,444.0,0.004421723075211,0.0020815990306045,0.9725073599443768,reinspect,reinspect,0.0033171289639154
3_001_20200901_083442(9),3,2020-09-01 08:34:42,478.7668762207031,223.58331298828125,489.0341491699219,234.52178955078125,0.6409400701522827,0.9698857893442174,0.9698857893442174,reinspect,reinspect,0.0088621096109749
3_001_20200901_083442(9),3,2020-09-01 08:34:42,568.3759155273438,437.6845397949219,575.4508666992188,444.0,0.0015828437171876,0.0003976674013507,0.9698857893442174,reinspect,reinspect,0.0088621096109749
3_001_20200901_083502(5),3,2020-09-01 08:35:02,485.5418701171875,207.3690185546875,495.6549987792969,218.0550994873047,0.6739373207092285,0.9760602202031742,0.9760602202031742,reinspect,reinspect,0.0002160016302038
3_001_20200901_083502(5),3,2020-09-01 08:35:02,484.1134033203125,203.82943725585932,496.37548828125,217.5680084228516,0.0016437481390312,0.0004225966802339,0.9760602202031742,reinspect,reinspect,0.0002160016302038
3_001_20200901_123053(8),3,2020-09-01 12:30:53,484.9777221679688,207.487548828125,495.1197509765625,218.0285797119141,0.6234758496284485,0.9661491959754576,0.9661491959754576,reinspect,reinspect,0.0036471786311473
3_001_20200901_123056(9),3,2020-09-01 12:30:56,480.3159484863281,205.120834350586,489.8382263183594,215.17233276367188,0.6953190565109253,0.9795139831822834,0.9795139831822834,reinspect,reinspect,0.0006137120381547
3_001_20200901_123100(2),3,2020-09-01 12:31:00,483.8626098632813,205.7653961181641,493.6565856933594,215.82864379882807,0.663479208946228,0.9742202356172756,0.9742202356172756,reinspect,reinspect,0.002361025271746
3_001_20200901_123100(2),3,2020-09-01 12:31:00,482.7262878417969,206.2720947265625,495.1320495605469,219.2248077392578,0.0037618416827172,0.0016041407773781,0.9742202356172756,reinspect,reinspect,0.002361025271746
3_001_20200901_123103(2),3,2020-09-01 12:31:03,467.4178771972656,173.68328857421875,477.74755859375,183.9647979736328,0.5873129367828369,0.9572108316948648,0.9572108316948648,reinspect,reinspect,0.0094930270072068
3_001_20200901_123106(4),3,2020-09-01 12:31:06,462.6781005859375,200.2504119873047,472.7635498046875,210.6322631835937,0.5515797734260559,0.9465058579238697,0.9465058579238697,pass,reinspect,0.0110360963202489
3_001_20200901_123109(7),3,2020-09-01 12:31:09,471.1530151367188,186.9844970703125,480.447998046875,196.8470916748047,0.5163744688034058,0.9337363457822212,0.9337363457822212,pass,reinspect,0.0072570365545759
3_001_20200904_230425(6),3,2020-09-04 23:04:25,472.0286865234375,155.9485321044922,482.2561645507813,166.12965393066406,0.6919425129890442,0.978994810345656,0.978994810345656,reinspect,reinspect,0.0007185011480161
3_001_20200904_230425(6),3,2020-09-04 23:04:25,470.4380798339844,156.4718475341797,483.231201171875,168.93821716308594,0.0036679618060588,0.0015401056506512,0.978994810345656,reinspect,reinspect,0.0007185011480161
3_001_20200904_230425(6),3,2020-09-04 23:04:25,331.7075500488281,335.2088928222656,337.2669677734375,343.30078125,0.0011299261823296,0.0002311086962896,0.978994810345656,reinspect,reinspect,0.0007185011480161
3_001_20200904_230429(3),3,2020-09-04 23:04:29,471.695556640625,144.52696228027344,482.5294189453125,155.63743591308594,0.6449865102767944,0.970702942964264,0.970702942964264,reinspect,reinspect,0.004942572027241
3_001_20200904_230429(3),3,2020-09-04 23:04:29,570.3746337890625,158.02078247070312,576.0,169.35427856445312,0.0041816816665232,0.0019024647793546,0.970702942964264,reinspect,reinspect,0.004942572027241
3_001_20200904_230429(3),3,2020-09-04 23:04:29,569.4932861328125,41.557579040527344,576.0,53.53042221069336,0.0021385387517511,0.0006456442441889,0.970702942964264,reinspect,reinspect,0.004942572027241
3_001_20200904_230429(3),3,2020-09-04 23:04:29,570.610107421875,266.04815673828125,575.84619140625,276.2295227050781,0.0010346283670514,0.0002005460316116,0.970702942964264,reinspect,reinspect,0.004942572027241
3_001_20200904_230433(1),3,2020-09-04 23:04:33,471.9986877441406,151.2063446044922,481.84771728515625,161.29856872558594,0.6513544321060181,0.9719536289336924,0.9719536289336924,reinspect,reinspect,0.0057833731709212
3_001_20200904_230433(1),3,2020-09-04 23:04:33,570.2169189453125,114.32785034179688,576.0,125.12916564941406,0.0019018884049728,0.0005345073423855,0.9719536289336924,reinspect,reinspect,0.0057833731709212
3_001_20200904_230437(0),3,2020-09-04 23:04:37,476.102294921875,166.96372985839844,486.77838134765625,177.65463256835938,0.6303789615631104,0.967667928912785,0.967667928912785,reinspect,reinspect,0.0042481558126941
3_001_20200904_230440(7),3,2020-09-04 23:04:40,473.61279296875,151.81585693359375,484.33148193359375,162.83938598632812,0.6176549792289734,0.9648243645114952,0.9648243645114952,reinspect,reinspect,0.0052877335613885
3_001_20200904_230440(7),3,2020-09-04 23:04:40,417.8411865234375,281.19781494140625,424.13818359375,290.174560546875,0.0012457947013899,0.0002704414032166,0.9648243645114952,reinspect,reinspect,0.0052877335613885
3_001_20200904_230444(3),3,2020-09-04 23:04:44,481.8349609375,166.1282196044922,492.24560546875,176.6404266357422,0.6089901328086853,0.9627744397780096,0.9627744397780096,reinspect,reinspect,0.0056912627746072
3_001_20200904_230444(3),3,2020-09-04 23:04:44,570.5596923828125,68.78068542480469,576.0,81.74746704101562,0.0016758498968556,0.0004359669312309,0.9627744397780096,reinspect,reinspect,0.0056912627746072
3_001_20200905_003911(9),3,2020-09-05 00:39:11,479.2039489746094,216.16363525390625,488.5680541992188,226.04188537597656,0.5997939705848694,0.9604925911907604,0.9604925911907604,reinspect,reinspect,0.0271598160363508
3_001_20200905_003911(9),3,2020-09-05 00:39:11,570.4132080078125,69.43728637695312,576.0,81.43578338623047,0.0057678651064634,0.0031952989861806,0.9604925911907604,reinspect,reinspect,0.0271598160363508
3_001_20200905_003911(9),3,2020-09-05 00:39:11,570.3641967773438,372.3689880371094,576.0,383.46917724609375,0.0033800867386162,0.001350006727322,0.9604925911907604,reinspect,reinspect,0.0271598160363508
3_001_20200905_003911(9),3,2020-09-05 00:39:11,376.1985473632813,221.9257659912109,383.01513671875,229.34527587890625,0.0016875360161066,0.0004408733228213,0.9604925911907604,reinspect,reinspect,0.0271598160363508
3_001_20200905_003914(9),3,2020-09-05 00:39:14,475.6317443847656,197.18814086914065,485.044189453125,206.85372924804688,0.6747773289680481,0.9762035669757342,0.9762035669757342,reinspect,reinspect,0.0052584663110123
3_001_20200905_003914(9),3,2020-09-05 00:39:14,570.4854125976562,201.2052001953125,576.0,211.30421447753903,0.0013868494424968,0.000321422552916,0.9762035669757342,reinspect,reinspect,0.0052584663110123
3_001_20200905_003914(9),3,2020-09-05 00:39:14,570.6268920898438,204.1572723388672,575.908447265625,215.46536254882807,0.0012281383387744,0.0002642970697836,0.9762035669757342,reinspect,reinspect,0.0052584663110123
3_001_20200905_003918(2),3,2020-09-05 00:39:18,473.211181640625,189.3378753662109,482.9533081054688,199.5944061279297,0.6620018482208252,0.9739518762061916,0.9739518762061916,reinspect,reinspect,0.0053819849929142
3_001_20200905_003918(2),3,2020-09-05 00:39:18,570.459228515625,78.95161437988281,576.0,89.6177978515625,0.0020228838548064,0.0005903345365565,0.9739518762061916,reinspect,reinspect,0.0053819849929142
3_001_20200905_003918(2),3,2020-09-05 00:39:18,505.2181396484375,324.1860046386719,510.7239379882813,331.2359313964844,0.001979243941605,0.0005699565761711,0.9739518762061916,reinspect,reinspect,0.0053819849929142
3_001_20200905_003918(2),3,2020-09-05 00:39:18,570.604736328125,216.2508087158203,575.9533081054688,226.08599853515625,0.0015818426618352,0.0003972624697357,0.9739518762061916,reinspect,reinspect,0.0053819849929142
3_001_20200905_003921(2),3,2020-09-05 00:39:21,474.4939575195313,216.942123413086,484.1504821777344,226.90133666992188,0.5907090902328491,0.958125600809323,0.958125600809323,reinspect,reinspect,0.0103843225129137
3_001_20200905_003921(2),3,2020-09-05 00:39:21,570.3037109375,266.21875,576.0,276.2257385253906,0.0041140727698802,0.0018531235663566,0.958125600809323,reinspect,reinspect,0.0103843225129137
3_001_20200905_003921(2),3,2020-09-05 00:39:21,570.6215209960938,268.1642150878906,576.0,279.6964416503906,0.0010152937611564,0.0001945474677569,0.958125600809323,reinspect,reinspect,0.0103843225129137
3_001_20200905_003924(3),3,2020-09-05 00:39:24,467.0211181640625,215.8091278076172,477.3322143554688,226.1682586669922,0.6818240284919739,0.9773808523710564,0.9773808523710564,reinspect,reinspect,0.006306873592267
3_001_20200905_003924(3),3,2020-09-05 00:39:24,570.7706909179688,84.36551666259766,576.0,94.93460845947266,0.0046885041519999,0.0022878008696913,0.9773808523710564,reinspect,reinspect,0.006306873592267
3_001_20200905_003924(3),3,2020-09-05 00:39:24,570.2672119140625,55.99160003662109,576.0,67.12162780761719,0.0017567813629284,0.0004703711547793,0.9773808523710564,reinspect,reinspect,0.006306873592267
3_001_20200905_003924(3),3,2020-09-05 00:39:24,423.3776550292969,86.66124725341797,431.64984130859375,95.98328399658205,0.0011961094569414,0.0002532884876585,0.9773808523710564,reinspect,reinspect,0.006306873592267
3_001_20200905_003927(3),3,2020-09-05 00:39:27,477.3951110839844,247.1303100585937,487.2819213867188,257.2643127441406,0.502159833908081,0.92784581319904,0.92784581319904,pass,reinspect,0.0142904496787337
3_001_20200905_003927(3),3,2020-09-05 00:39:27,570.5256958007812,337.6708679199219,575.8413696289062,347.4237060546875,0.0015772524056956,0.0003954076957223,0.92784581319904,pass,reinspect,0.0142904496787337
3_001_20200905_003927(3),3,2020-09-05 00:39:27,478.1080627441406,243.3080291748047,488.8108520507813,255.81480407714844,0.0015693166060373,0.0003922088747329,0.92784581319904,pass,reinspect,0.0142904496787337
3_001_20200905_003927(3),3,2020-09-05 00:39:27,568.7318725585938,437.6975708007813,575.4559326171875,444.0,0.0015487419441342,0.0003839615161265,0.92784581319904,pass,reinspect,0.0142904496787337
3_001_20200905_043356(8),3,2020-09-05 04:33:56,467.3125305175781,275.14019775390625,478.5239562988281,286.1772155761719,0.653484582901001,0.9723625764316866,0.9723625764316866,reinspect,reinspect,0.0024883541269041
3_001_20200905_043356(8),3,2020-09-05 04:33:56,400.0060424804688,221.2100067138672,409.2062683105469,230.4141082763672,0.0105951940640807,0.0085186420577315,0.9723625764316866,reinspect,reinspect,0.0024883541269041
3_001_20200905_043359(9),3,2020-09-05 04:33:59,480.1482849121094,258.4129333496094,489.7736206054688,268.3698425292969,0.6916581988334656,0.9789506584642692,0.9789506584642692,reinspect,reinspect,0.0036399750780231
3_001_20200905_043402(9),3,2020-09-05 04:34:02,471.3838806152344,219.8711700439453,480.8042297363281,229.7587432861328,0.6034693717956543,0.9614180298906734,0.9614180298906734,reinspect,reinspect,0.0076332587320682
3_001_20200905_043406(0),3,2020-09-05 04:34:06,483.1130981445313,195.9434051513672,493.0798950195313,206.11203002929688,0.5658508539199829,0.9510288717150672,0.9510288717150672,reinspect,reinspect,0.0106286023807799
3_001_20200905_043409(3),3,2020-09-05 04:34:09,471.9948425292969,194.34420776367188,481.54833984375,204.4243621826172,0.645000696182251,0.9707057767422936,0.9707057767422936,reinspect,reinspect,0.0052670310993186
3_001_20200905_043412(3),3,2020-09-05 04:34:12,475.8811340332031,197.9348602294922,485.2619323730469,207.72238159179688,0.6813656091690063,0.9773056188207389,0.9773056188207389,reinspect,reinspect,0.0007972434586255
3_001_20200905_083552(0),3,2020-09-05 08:35:52,475.81787109375,142.6741180419922,486.8160400390625,154.0217742919922,0.6482337117195129,0.9713460293511698,0.9713460293511698,reinspect,reinspect,0.0041499692942631
3_001_20200905_083552(0),3,2020-09-05 08:35:52,570.5315551757812,247.9491729736328,576.0,260.1260986328125,0.001807237509638,0.0004923189152287,0.9713460293511698,reinspect,reinspect,0.0041499692942631
3_001_20200905_083552(0),3,2020-09-05 08:35:52,491.1634521484375,146.3959503173828,496.4153442382813,156.579833984375,0.0011171523947268,0.0002269170655126,0.9713460293511698,reinspect,reinspect,0.0041499692942631
3_001_20200905_083552(0),3,2020-09-05 08:35:52,475.5700073242188,138.72962951660156,488.3842468261719,153.1055145263672,0.0010838840389624,0.0002161375052547,0.9713460293511698,reinspect,reinspect,0.0041499692942631
3_001_20200905_083555(2),3,2020-09-05 08:35:55,474.5951232910156,156.41952514648438,484.6333312988281,166.29776000976562,0.7043665051460266,0.9808589726959474,0.9808589726959474,reinspect,reinspect,0.0015667667548087
3_001_20200905_083555(2),3,2020-09-05 08:35:55,474.2157287597656,156.9854736328125,486.8741760253906,169.27490234375,0.0043936856091022,0.0020603603121299,0.9808589726959474,reinspect,reinspect,0.0015667667548087
3_001_20200905_083555(2),3,2020-09-05 08:35:55,570.6074829101562,119.98904418945312,576.0,130.77003479003906,0.003699634457007,0.0015615984918731,0.9808589726959474,reinspect,reinspect,0.0015667667548087
3_001_20200905_083555(2),3,2020-09-05 08:35:55,259.7079467773437,108.25133514404295,266.8525695800781,116.01463317871094,0.0013545686379075,0.0003094618702118,0.9808589726959474,reinspect,reinspect,0.0015667667548087
3_001_20200905_083558(2),3,2020-09-05 08:35:58,473.3472595214844,212.18174743652344,483.6109008789063,222.5181884765625,0.6903784871101379,0.9787510832566978,0.9787510832566978,reinspect,reinspect,0.0009823013028985
3_001_20200905_083558(2),3,2020-09-05 08:35:58,570.26611328125,337.6376953125,576.0,348.5651550292969,0.0038194619119167,0.0016439329353794,0.9787510832566978,reinspect,reinspect,0.0009823013028985
3_001_20200905_083558(2),3,2020-09-05 08:35:58,472.5154724121094,212.26675415039065,485.4429931640625,226.7009735107422,0.0010595869971439,0.000208391156092,0.9787510832566978,reinspect,reinspect,0.0009823013028985
3_001_20200905_083603(0),3,2020-09-05 08:36:03,476.60009765625,156.44981384277344,486.8372497558594,166.9735107421875,0.6493454575538635,0.9715636489353856,0.9715636489353856,reinspect,reinspect,0.004423419418114
3_001_20200905_083606(6),3,2020-09-05 08:36:06,480.4976501464844,205.27447509765625,490.6827392578125,215.59800720214844,0.700339674949646,0.9802685305489034,0.9802685305489034,reinspect,reinspect,0.0007364368487549
3_001_20200905_083606(6),3,2020-09-05 08:36:06,570.2424926757812,287.07598876953125,576.0,297.9422302246094,0.0095616122707724,0.0072195160680952,0.9802685305489034,reinspect,reinspect,0.0007364368487549
3_001_20200905_083606(6),3,2020-09-05 08:36:06,570.3577270507812,288.9532775878906,576.0,302.0717163085937,0.0012934253318235,0.0002872822897839,0.9802685305489034,reinspect,reinspect,0.0007364368487549
3_001_20200905_083606(6),3,2020-09-05 08:36:06,479.5855102539063,205.439193725586,492.1156311035156,219.27328491210932,0.0011335333110764,0.0002322976140084,0.9802685305489034,reinspect,reinspect,0.0007364368487549
3_001_20200905_083609(7),3,2020-09-05 08:36:09,484.0342102050781,177.41680908203125,494.4718627929688,188.09458923339844,0.6343389749526978,0.9685142325740294,0.9685142325740294,reinspect,reinspect,0.0065204971507842
3_001_20200905_083609(7),3,2020-09-05 08:36:09,570.6154174804688,89.67558288574219,576.0,101.38033294677734,0.0054452936165034,0.0029121030625203,0.9685142325740294,reinspect,reinspect,0.0065204971507842
3_001_20200905_083609(7),3,2020-09-05 08:36:09,569.7600708007812,343.28546142578125,576.0,354.2906494140625,0.0049109836108982,0.0024653700337989,0.9685142325740294,reinspect,reinspect,0.0065204971507842
3_001_20200905_083609(7),3,2020-09-05 08:36:09,570.6142578125,84.2354965209961,576.0,96.69479370117188,0.0020995221566408,0.0006267752750978,0.9685142325740294,reinspect,reinspect,0.0065204971507842
3_001_20200905_083609(7),3,2020-09-05 08:36:09,372.1936950683594,331.8634948730469,380.1657409667969,340.44390869140625,0.0016453476855531,0.000423259137868,0.9685142325740294,reinspect,reinspect,0.0065204971507842
3_001_20200905_123258(6),3,2020-09-05 12:32:58,475.806640625,203.5427703857422,485.8557434082031,213.8400115966797,0.6458909511566162,0.970883184862936,0.970883184862936,reinspect,reinspect,0.0038928928950138
3_001_20200905_123258(6),3,2020-09-05 12:32:58,570.3388671875,322.2494812011719,576.0,333.1766052246094,0.0013225398724898,0.000297765455938,0.970883184862936,reinspect,reinspect,0.0038928928950138
3_001_20200905_123258(6),3,2020-09-05 12:32:58,375.6709289550781,150.59979248046875,382.1766052246094,157.64015197753906,0.0012119504390284,0.0002587109523609,0.970883184862936,reinspect,reinspect,0.0038928928950138
3_001_20200905_123303(2),3,2020-09-05 12:33:03,472.1403503417969,182.55067443847656,481.74163818359375,192.6790313720703,0.6720356345176697,0.9757332930703864,0.9757332930703864,reinspect,reinspect,0.00218801616227
3_001_20200905_123303(2),3,2020-09-05 12:33:03,570.2903442382812,323.1892395019531,576.0,333.87744140625,0.0017640239093452,0.0004734981755117,0.9757332930703864,reinspect,reinspect,0.00218801616227
3_001_20200905_123303(2),3,2020-09-05 12:33:03,568.448486328125,215.95640563964844,575.953125,226.75425720214844,0.0015585004584863,0.0003878649241439,0.9757332930703864,reinspect,reinspect,0.00218801616227
3_001_20200905_123307(6),3,2020-09-05 12:33:07,474.8494567871094,184.6149139404297,485.4049072265625,195.37437438964844,0.6939696073532104,0.97930763551379,0.97930763551379,reinspect,reinspect,0.0012195177125414
3_001_20200905_123312(1),3,2020-09-05 12:33:12,478.0865783691406,166.07290649414062,487.791259765625,176.24673461914062,0.5948016047477722,0.9592061017548632,0.9592061017548632,reinspect,reinspect,0.0078707308937902
3_001_20200905_123316(6),3,2020-09-05 12:33:16,474.8767700195313,174.12554931640625,484.9552001953125,184.4429168701172,0.5636365413665771,0.9503496254059288,0.9503496254059288,reinspect,reinspect,0.013098108736591
3_001_20200905_123316(6),3,2020-09-05 12:33:16,570.3674926757812,279.7069702148437,576.0,290.4071044921875,0.0010886717354878,0.0002176765326568,0.9503496254059288,reinspect,reinspect,0.013098108736591
3_001_20200905_123321(0),3,2020-09-05 12:33:21,476.286865234375,161.14810180664062,485.96185302734375,171.05760192871094,0.6567240357398987,0.9729756147543356,0.9729756147543356,reinspect,reinspect,0.0042715864140313
3_001_20200905_123321(0),3,2020-09-05 12:33:21,476.88665771484375,156.79107666015625,487.25335693359375,168.80484008789062,0.0014076600782573,0.0003292242408437,0.9729756147543356,reinspect,reinspect,0.0042715864140313
3_001_20200905_164117(6),3,2020-09-05 16:41:17,473.8440551757813,160.07826232910156,483.5530090332031,170.36866760253906,0.6294167637825012,0.9674595796742468,0.9674595796742468,reinspect,reinspect,0.0050068935690762
3_001_20200905_164117(6),3,2020-09-05 16:41:17,474.10540771484375,156.88919067382812,484.7632446289063,169.24237060546875,0.0017561912536621,0.0004701167176569,0.9674595796742468,reinspect,reinspect,0.0050068935690762
3_001_20200905_164122(0),3,2020-09-05 16:41:22,466.4240112304688,157.99473571777344,475.26556396484375,167.54168701171875,0.6482328176498413,0.9713458538193988,0.9713458538193988,reinspect,reinspect,0.0040489653680018
3_001_20200905_164122(0),3,2020-09-05 16:41:22,570.4228515625,113.53589630126952,576.0,124.49080657958984,0.0012380718253552,0.0002677472868734,0.9713458538193988,reinspect,reinspect,0.0040489653680018
3_001_20200905_164126(5),3,2020-09-05 16:41:26,470.8946228027344,176.23338317871094,480.6782531738281,186.48843383789065,0.6001361608505249,0.9605795208864896,0.9605795208864896,reinspect,reinspect,0.0047436222920045
3_001_20200905_164131(0),3,2020-09-05 16:41:31,483.2005615234375,165.57095336914062,493.4383850097656,176.12364196777344,0.6563664674758911,0.972908469247102,0.972908469247102,reinspect,reinspect,0.0066844629971626
3_001_20200905_164135(4),3,2020-09-05 16:41:35,473.6667785644531,179.33705139160156,483.8001403808594,189.78158569335932,0.6957340240478516,0.9795771331802192,0.9795771331802192,reinspect,reinspect,0.0020046750677379
3_001_20200905_164140(0),3,2020-09-05 16:41:40,482.2825317382813,176.40293884277344,492.0041198730469,186.5482635498047,0.7020724415779114,0.9805241925998578,0.9805241925998578,reinspect,reinspect,0.0012370765257921
3_001_20200905_164140(0),3,2020-09-05 16:41:40,478.4127807617188,175.93740844726562,492.8227844238281,188.31504821777344,0.0010495861060917,0.0002052339208022,0.9805241925998578,reinspect,reinspect,0.0012370765257921
3_001_20200905_204255(4),3,2020-09-05 20:42:55,478.8655700683594,180.10015869140625,489.5314331054688,191.1588287353516,0.6780286431312561,0.9767523245005176,0.9767523245005176,reinspect,reinspect,0.0020514177234846
3_001_20200905_204255(4),3,2020-09-05 20:42:55,570.3505859375,320.6105041503906,576.0,332.5978088378906,0.0069137183018028,0.0042798112789585,0.9767523245005176,reinspect,reinspect,0.0020514177234846
3_001_20200905_204300(0),3,2020-09-05 20:43:00,475.1747131347656,179.36692810058594,485.6552429199219,189.8805084228516,0.6851865649223328,0.9779270339324704,0.9779270339324704,reinspect,reinspect,0.0052762753542522
3_001_20200905_204304(5),3,2020-09-05 20:43:04,473.6850891113281,176.56300354003906,483.70306396484375,186.73809814453125,0.6968245506286621,0.9797424122418232,0.9797424122418232,reinspect,reinspect,0.0007650894245606
3_001_20200905_204309(0),3,2020-09-05 20:43:09,474.2992248535156,176.83792114257812,484.4477233886719,187.1070709228516,0.6983904838562012,0.9799780344031632,0.9799780344031632,reinspect,reinspect,0.0014845739999974
3_001_20200905_204313(4),3,2020-09-05 20:43:13,477.869873046875,169.33505249023438,488.3120727539063,179.94102478027344,0.6605899333953857,0.9736934090907432,0.9736934090907432,reinspect,reinspect,0.0025537859289152
3_001_20200905_204317(9),3,2020-09-05 20:43:17,481.4625244140625,187.333251953125,491.9768676757813,197.8182983398437,0.6808204054832458,0.9772158997742476,0.9772158997742476,reinspect,reinspect,0.0082832692860915
3_001_20200907_185040(2),3,2020-09-07 18:50:40,479.0843200683594,187.944076538086,489.0350646972656,198.5988311767578,0.6262857913970947,0.96677416225866,0.96677416225866,reinspect,reinspect,0.0046559064019992
3_001_20200907_185040(2),3,2020-09-07 18:50:40,570.6541748046875,358.4333801269531,576.0,369.5781555175781,0.0026379292830824,0.0009053882351623,0.96677416225866,reinspect,reinspect,0.0046559064019992
3_001_20200907_185043(2),3,2020-09-07 18:50:43,474.1981506347656,243.89498901367188,483.9030151367188,253.636459350586,0.6861916184425354,0.9780883672866988,0.9780883672866988,reinspect,reinspect,0.0010099092948724
3_001_20200907_185043(2),3,2020-09-07 18:50:43,570.72119140625,164.2128143310547,576.0,174.56527709960938,0.0020851583685725,0.0006198824000182,0.9780883672866988,reinspect,reinspect,0.0010099092948724
3_001_20200907_185043(2),3,2020-09-07 18:50:43,568.1488037109375,437.41497802734375,575.4818725585938,444.0,0.0011522427666932,0.0002385013353158,0.9780883672866988,reinspect,reinspect,0.0010099092948724
3_001_20200907_185046(1),3,2020-09-07 18:50:46,466.08056640625,245.64373779296875,476.42376708984375,256.20281982421875,0.6117687225341797,0.9634421482667508,0.9634421482667508,reinspect,reinspect,0.0080902716402634
3_001_20200907_185046(1),3,2020-09-07 18:50:46,570.6465454101562,148.16392517089844,575.7275390625,160.60841369628906,0.0011538161197677,0.0002390258546684,0.9634421482667508,reinspect,reinspect,0.0080902716402634
3_001_20200907_185049(1),3,2020-09-07 18:50:49,469.9866333007813,227.2536163330078,480.0610961914063,237.7697296142578,0.5750654339790344,0.9537703544601726,0.9537703544601726,reinspect,reinspect,0.0077007305726859
3_001_20200907_185049(1),3,2020-09-07 18:50:49,570.7208862304688,220.9123077392578,576.0,231.9994354248047,0.0022020693868398,0.0006768212337138,0.9537703544601726,reinspect,reinspect,0.0077007305726859
3_001_20200907_185049(1),3,2020-09-07 18:50:49,569.1351318359375,165.8727569580078,575.980712890625,176.24769592285156,0.0014579236740246,0.0003483587760502,0.9537703544601726,reinspect,reinspect,0.0077007305726859
3_001_20200907_185049(1),3,2020-09-07 18:50:49,551.6678466796875,224.80990600585932,560.7311401367188,233.7070159912109,0.0012469080975279,0.0002708306537547,0.9537703544601726,reinspect,reinspect,0.0077007305726859
3_001_20200907_185049(1),3,2020-09-07 18:50:49,566.1641235351562,167.3371124267578,574.5296630859375,177.51930236816406,0.0010890554403886,0.0002178000556008,0.9537703544601726,reinspect,reinspect,0.0077007305726859
3_001_20200907_185052(1),3,2020-09-07 18:50:52,463.8628540039063,150.19351196289062,473.6802368164063,160.30801391601562,0.6537083387374878,0.972405263120962,0.972405263120962,reinspect,reinspect,0.0011969044652753
3_001_20200907_185052(1),3,2020-09-07 18:50:52,463.2810363769531,146.09542846679688,474.3693237304688,159.56922912597656,0.0015738508664071,0.0003940353702775,0.972405263120962,reinspect,reinspect,0.0011969044652753
3_001_20200907_185052(1),3,2020-09-07 18:50:52,310.23345947265625,43.75699234008789,321.3038330078125,55.36048889160156,0.0011853413889184,0.0002496274395203,0.972405263120962,reinspect,reinspect,0.0011969044652753
3_001_20200907_185055(2),3,2020-09-07 18:50:55,473.0533752441406,223.33595275878903,483.9269714355469,234.069091796875,0.6811721920967102,0.977273820224324,0.977273820224324,reinspect,reinspect,0.0031120597706264
3_001_20200907_185055(2),3,2020-09-07 18:50:55,569.1484375,382.1934814453125,576.0,392.7335205078125,0.0049865832552313,0.0025268525012695,0.977273820224324,reinspect,reinspect,0.0031120597706264
3_001_20200907_204437(0),3,2020-09-07 20:44:37,483.85748291015625,163.0794677734375,494.07366943359375,173.74887084960938,0.6455782651901245,0.9708209696609218,0.9708209696609218,reinspect,reinspect,0.0061619142143456
3_001_20200907_204437(0),3,2020-09-07 20:44:37,570.3244018554688,277.1683349609375,576.0,288.5452575683594,0.0012022427981719,0.0002553827972937,0.9708209696609218,reinspect,reinspect,0.0061619142143456
3_001_20200907_204440(2),3,2020-09-07 20:44:40,479.3705139160156,147.8168182373047,489.7513732910156,158.205322265625,0.6942545175552368,0.9793513279739348,0.9793513279739348,reinspect,reinspect,0.0017191850970567
3_001_20200907_204440(2),3,2020-09-07 20:44:40,569.4746704101562,64.55106353759766,575.944091796875,74.90818786621094,0.0037912826519459,0.0016244261849956,0.9793513279739348,reinspect,reinspect,0.0017191850970567
3_001_20200907_204440(2),3,2020-09-07 20:44:40,569.5775146484375,13.826749801635742,576.0,26.28458595275879,0.0015074083348736,0.0003675948848945,0.9793513279739348,reinspect,reinspect,0.0017191850970567
3_001_20200907_204440(2),3,2020-09-07 20:44:40,570.40185546875,154.9098663330078,575.9011840820312,166.31724548339844,0.001247001462616,0.0002708633044493,0.9793513279739348,reinspect,reinspect,0.0017191850970567
3_001_20200907_204443(2),3,2020-09-07 20:44:43,482.0167846679688,169.26876831054688,492.2604370117188,179.6717529296875,0.7151188254356384,0.9823732451573668,0.9823732451573668,reinspect,reinspect,0.0017979237029711
3_001_20200907_204443(2),3,2020-09-07 20:44:43,570.1437377929688,251.1830444335937,576.0,262.1072082519531,0.0018751571187749,0.0005224592280882,0.9823732451573668,reinspect,reinspect,0.0017979237029711
3_001_20200907_204443(2),3,2020-09-07 20:44:43,478.4158935546875,168.43157958984375,493.0483703613281,180.91709899902344,0.0017068149754777,0.0004490130292841,0.9823732451573668,reinspect,reinspect,0.0017979237029711
3_001_20200907_204443(2),3,2020-09-07 20:44:43,481.04107666015625,170.0288543701172,494.43408203125,183.36279296875,0.0014577216934412,0.0003482810662309,0.9823732451573668,reinspect,reinspect,0.0017979237029711
3_001_20200907_204443(2),3,2020-09-07 20:44:43,570.687744140625,46.601200103759766,576.0,58.91394805908203,0.0011680740863084,0.0002437990243006,0.9823732451573668,reinspect,reinspect,0.0017979237029711
3_001_20200907_204446(0),3,2020-09-07 20:44:46,469.4590759277344,189.84376525878903,479.3852233886719,200.15328979492188,0.6228413581848145,0.9660067755655944,0.9660067755655944,reinspect,reinspect,0.0050303826640174
3_001_20200907_204448(8),3,2020-09-07 20:44:48,472.53326416015625,166.09947204589844,482.4906311035156,176.3916015625,0.6511287093162537,0.9719100206624164,0.9719100206624164,reinspect,reinspect,0.0037376285886915
3_001_20200907_204448(8),3,2020-09-07 20:44:48,570.3634033203125,181.41876220703125,576.0,193.93321228027344,0.0019293295918032,0.000546983627525,0.9719100206624164,reinspect,reinspect,0.0037376285886915
3_001_20200907_204448(8),3,2020-09-07 20:44:48,474.784912109375,166.21449279785156,486.7677001953125,178.20875549316406,0.0015324652194976,0.0003774842276647,0.9719100206624164,reinspect,reinspect,0.0037376285886915
3_001_20200907_204451(8),3,2020-09-07 20:44:51,474.4410095214844,178.56863403320312,484.4924011230469,188.48046875,0.7032830715179443,0.9807013864122835,0.9807013864122835,reinspect,reinspect,0.0011752948242926
3_001_20200907_204451(8),3,2020-09-07 20:44:51,570.6840209960938,341.76251220703125,576.0,352.8316955566406,0.0010345746995881,0.0002005292857798,0.9807013864122835,reinspect,reinspect,0.0011752948242926
3_001_20200908_003050(8),3,2020-09-08 00:30:50,469.6465148925781,176.11473083496094,479.9543151855469,186.70083618164065,0.6198771595954895,0.9653349947286118,0.9653349947286118,reinspect,reinspect,0.0036349189738295
3_001_20200908_003050(8),3,2020-09-08 00:30:50,570.7106323242188,218.3999786376953,576.0,230.0482177734375,0.0019943367224186,0.0005769734845136,0.9653349947286118,reinspect,reinspect,0.0036349189738295
3_001_20200908_003050(8),3,2020-09-08 00:30:50,468.7775573730469,176.7135772705078,481.4624633789063,190.39599609375,0.001096898689866,0.0002203307867444,0.9653349947286118,reinspect,reinspect,0.0036349189738295
3_001_20200908_003059(1),3,2020-09-08 00:30:59,470.0482177734375,196.43136596679688,479.9231872558594,206.61782836914065,0.5321388840675354,0.9397565000283437,0.9397565000283437,pass,reinspect,0.0071140934970779
3_001_20200908_003059(1),3,2020-09-08 00:30:59,551.7997436523438,354.29180908203125,560.4251098632812,362.8801574707031,0.0019106761319562,0.0005384908266384,0.9397565000283437,pass,reinspect,0.0071140934970779
3_001_20200908_003103(1),3,2020-09-08 00:31:03,471.8278503417969,183.787826538086,482.3606567382813,194.2837829589844,0.6918053030967712,0.9789735111722946,0.9789735111722946,reinspect,reinspect,0.0026367718002931
3_001_20200908_003103(1),3,2020-09-08 00:31:03,571.0048828125,278.7541198730469,576.0,289.2056884765625,0.001661516376771,0.0004299775441125,0.9789735111722946,reinspect,reinspect,0.0026367718002931
3_001_20200908_003103(1),3,2020-09-08 00:31:03,470.3551330566406,184.3553009033203,483.4312744140625,197.6917724609375,0.0015921413432806,0.0004014358109336,0.9789735111722946,reinspect,reinspect,0.0026367718002931
3_001_20200908_003103(1),3,2020-09-08 00:31:03,554.8623657226562,338.5218200683594,561.7667846679688,347.0577697753906,0.0015843991423025,0.0003982968888046,0.9789735111722946,reinspect,reinspect,0.0026367718002931
3_001_20200908_003103(1),3,2020-09-08 00:31:03,570.38232421875,308.3572998046875,576.0,318.4950561523437,0.001521180383861,0.0003730180453725,0.9789735111722946,reinspect,reinspect,0.0026367718002931
3_001_20200908_003103(1),3,2020-09-08 00:31:03,552.1130981445312,339.3251037597656,561.8348388671875,348.1396484375,0.0011251105461269,0.0002295250614123,0.9789735111722946,reinspect,reinspect,0.0026367718002931
3_001_20200908_003107(4),3,2020-09-08 00:31:07,480.1366882324219,160.2349395751953,490.3596801757813,170.8512420654297,0.6788786053657532,0.9768942019500586,0.9768942019500586,reinspect,reinspect,0.0027654192530878
3_001_20200908_003107(4),3,2020-09-08 00:31:07,570.3119506835938,222.02066040039065,576.0,233.1121368408203,0.0022683157585561,0.0007099224223363,0.9768942019500586,reinspect,reinspect,0.0027654192530878
3_001_20200908_003107(4),3,2020-09-08 00:31:07,570.5104370117188,224.17953491210932,576.0,236.9082946777344,0.001757824444212,0.0004708210274757,0.9768942019500586,reinspect,reinspect,0.0027654192530878
3_001_20200908_003111(1),3,2020-09-08 00:31:11,478.659423828125,153.30972290039062,488.697509765625,163.8826446533203,0.670885443687439,0.9755339284235988,0.9755339284235988,reinspect,reinspect,0.0020434218544057
3_001_20200908_003115(2),3,2020-09-08 00:31:15,480.847412109375,161.53854370117188,491.4896240234375,172.0918426513672,0.7056957483291626,0.9810510416581196,0.9810510416581196,reinspect,reinspect,0.0006600498919665
3_001_20200908_043328(0),3,2020-09-08 04:33:28,462.0447387695313,152.5002899169922,472.1886291503906,162.7646484375,0.6024987101554871,0.961175386410624,0.961175386410624,reinspect,reinspect,0.0031502833492003
3_001_20200908_043332(2),3,2020-09-08 04:33:32,472.0638427734375,151.32447814941406,481.4628601074219,161.23106384277344,0.6428284645080566,0.9702693387718384,0.9702693387718384,reinspect,reinspect,0.0160474758195239
3_001_20200908_043332(2),3,2020-09-08 04:33:32,570.1854248046875,142.96095275878906,576.0,153.460693359375,0.0019290247000753,0.0005468444067583,0.9702693387718384,reinspect,reinspect,0.0160474758195239
3_001_20200908_043332(2),3,2020-09-08 04:33:32,570.5446166992188,328.8244934082031,575.876708984375,339.1471862792969,0.0017846275586634,0.0004824368976079,0.9702693387718384,reinspect,reinspect,0.0160474758195239
3_001_20200908_043336(7),3,2020-09-08 04:33:36,479.4039611816406,155.91477966308594,488.6964111328125,165.52650451660156,0.6645360589027405,0.9744109085729058,0.9744109085729058,reinspect,reinspect,0.0019877830230957
3_001_20200908_043336(7),3,2020-09-08 04:33:36,479.392822265625,156.3765411376953,490.3523254394531,168.94058227539062,0.0017270097741857,0.0004575999031663,0.9744109085729058,reinspect,reinspect,0.0019877830230957
3_001_20200908_043336(7),3,2020-09-08 04:33:36,219.6129608154297,339.5216369628906,229.1443634033203,349.1932373046875,0.001115926541388,0.0002265163418663,0.9744109085729058,reinspect,reinspect,0.0019877830230957
3_001_20200908_043341(4),3,2020-09-08 04:33:41,480.7197265625,156.1284942626953,491.4509582519531,166.3858184814453,0.7003393173217773,0.980268477532694,0.980268477532694,reinspect,reinspect,0.0003377502988836
3_001_20200908_043341(4),3,2020-09-08 04:33:41,484.32269287109375,150.3291015625,494.91693115234375,162.7945098876953,0.0039458153769373,0.0017324834336698,0.980268477532694,reinspect,reinspect,0.0003377502988836
3_001_20200908_043341(4),3,2020-09-08 04:33:41,480.0191345214844,156.48458862304688,493.9517822265625,169.20252990722656,0.0037529417313635,0.0015980276368452,0.980268477532694,reinspect,reinspect,0.0003377502988836
3_001_20200908_043341(4),3,2020-09-08 04:33:41,477.9400939941406,153.2099609375,491.8615112304688,166.28358459472656,0.0015778128290548,0.0003956339680614,0.980268477532694,reinspect,reinspect,0.0003377502988836
3_001_20200908_043341(4),3,2020-09-08 04:33:41,570.1419677734375,75.7502212524414,576.0,88.44500732421875,0.001457784208469,0.0003483051175007,0.980268477532694,reinspect,reinspect,0.0003377502988836
3_001_20200908_043341(4),3,2020-09-08 04:33:41,495.26947021484375,144.58087158203125,502.684814453125,152.71910095214844,0.0010843921918421,0.0002163006568563,0.980268477532694,reinspect,reinspect,0.0003377502988836
3_001_20200908_043345(8),3,2020-09-08 04:33:45,468.2538757324219,177.06814575195312,478.5924682617188,187.35975646972656,0.7067285776138306,0.981199319172886,0.981199319172886,reinspect,reinspect,0.0020657094089205
3_001_20200908_043345(8),3,2020-09-08 04:33:45,467.0987854003906,177.61268615722656,480.2265625,190.58595275878903,0.0087400237098336,0.0062458971878104,0.981199319172886,reinspect,reinspect,0.0020657094089205
3_001_20200908_043350(5),3,2020-09-08 04:33:50,477.1589050292969,160.47073364257812,487.7802734375,171.3813018798828,0.6065733432769775,0.9621855680099348,0.9621855680099348,reinspect,reinspect,0.0033289004907925
3_001_20200908_043350(5),3,2020-09-08 04:33:50,263.8246765136719,253.93116760253903,272.81951904296875,262.4452514648437,0.001861645723693,0.0005164092404629,0.9621855680099348,reinspect,reinspect,0.0033289004907925
3_001_20200912_021546(2),3,2020-09-12 02:15:46,474.6903381347656,185.1131896972656,484.424560546875,194.7780914306641,0.6926482915878296,0.9791041184536168,0.9791041184536168,reinspect,reinspect,0.0003789027294557
3_001_20200912_021546(2),3,2020-09-12 02:15:46,570.5177001953125,391.3093872070313,576.0,404.1040649414063,0.0019181162351742,0.0005418722061559,0.9791041184536168,reinspect,reinspect,0.0003789027294557
3_001_20200912_021546(2),3,2020-09-12 02:15:46,474.50048828125,186.2436370849609,486.8614196777344,198.13235473632807,0.0013420032337307,0.0003048528007346,0.9791041184536168,reinspect,reinspect,0.0003789027294557
3_001_20200912_021549(3),3,2020-09-12 02:15:49,478.4074401855469,179.84375,488.1795654296875,190.08551025390625,0.6223165392875671,0.9658886077812644,0.9658886077812644,reinspect,reinspect,0.0021374451992592
3_001_20200912_021552(4),3,2020-09-12 02:15:52,457.5579223632813,177.46978759765625,468.3671569824219,187.97540283203125,0.6970776915550232,0.9797806379728546,0.9797806379728546,reinspect,reinspect,0.0008305288909799
3_001_20200912_021552(4),3,2020-09-12 02:15:52,570.73876953125,293.8389587402344,576.0,304.55645751953125,0.0030337409116327,0.001134151038403,0.9797806379728546,reinspect,reinspect,0.0008305288909799
3_001_20200912_021552(4),3,2020-09-12 02:15:52,570.0118408203125,149.04702758789062,576.0,161.2884979248047,0.0017942845588549,0.0004866483242439,0.9797806379728546,reinspect,reinspect,0.0008305288909799
3_001_20200912_021555(0),3,2020-09-12 02:15:55,485.51361083984375,175.3790283203125,495.8853759765625,186.19122314453125,0.6875855326652527,0.9783106734869608,0.9783106734869608,reinspect,reinspect,0.0014066149208443
3_001_20200912_021601(0),3,2020-09-12 02:16:01,474.5011596679688,203.74368286132807,484.516845703125,214.0240936279297,0.6717023849487305,0.9756756572431716,0.9756756572431716,reinspect,reinspect,0.0022327949235462
3_001_20200912_021601(0),3,2020-09-12 02:16:01,567.19189453125,437.7076110839844,575.45361328125,444.0,0.00182838330511,0.0005016296991536,0.9756756572431716,reinspect,reinspect,0.0022327949235462
3_001_20200912_021601(0),3,2020-09-12 02:16:01,570.4058837890625,268.1568603515625,576.0,280.54571533203125,0.0014016256900504,0.0003269547058527,0.9756756572431716,reinspect,reinspect,0.0022327949235462
3_001_20200912_021601(0),3,2020-09-12 02:16:01,474.0503845214844,200.1175842285156,485.39794921875,213.1100616455078,0.0011261608451604,0.0002298701028295,0.9756756572431716,reinspect,reinspect,0.0022327949235462
3_001_20200912_021604(3),3,2020-09-12 02:16:04,477.3758239746094,226.70358276367188,488.0075073242188,237.63641357421875,0.6178711652755737,0.9648743077186918,0.9648743077186918,reinspect,reinspect,0.0042593981723328
3_001_20200912_043256(0),3,2020-09-12 04:32:56,483.54437255859375,153.44464111328125,493.3784484863281,163.54042053222656,0.6311023831367493,0.967823871622854,0.967823871622854,reinspect,reinspect,0.0038676441846418
3_001_20200912_043259(2),3,2020-09-12 04:32:59,478.5006103515625,190.6400909423828,487.7965698242188,200.56475830078125,0.5996003150939941,0.9604433247021592,0.9604433247021592,reinspect,reinspect,0.0042555345757456
3_001_20200912_043302(3),3,2020-09-12 04:33:02,476.5672302246094,215.3595123291016,486.49755859375,225.7073211669922,0.6277921199798584,0.9671053501941328,0.9671053501941328,reinspect,reinspect,0.0046177091339128
3_001_20200912_043302(3),3,2020-09-12 04:33:02,0.0,0.0,6.030567646026611,4.854614734649658,0.0039785779081285,0.0017557315169638,0.9671053501941328,reinspect,reinspect,0.0046177091339128
3_001_20200912_043304(9),3,2020-09-12 04:33:04,474.6134338378906,236.1147003173828,484.7900695800781,246.15383911132807,0.692367672920227,0.979060707531251,0.979060707531251,reinspect,reinspect,0.0010124644812896
3_001_20200912_043304(9),3,2020-09-12 04:33:04,568.6904296875,438.530517578125,575.434326171875,444.0,0.0016094782622531,0.000408498588326,0.979060707531251,reinspect,reinspect,0.0010124644812896
3_001_20200912_043304(9),3,2020-09-12 04:33:04,570.8705444335938,156.92367553710938,576.0,167.09974670410156,0.0015798790846019,0.0003964686484262,0.979060707531251,reinspect,reinspect,0.0010124644812896
3_001_20200912_043304(9),3,2020-09-12 04:33:04,570.6319580078125,183.2481842041016,576.0,195.2501373291016,0.0013597918441519,0.0003113854889399,0.979060707531251,reinspect,reinspect,0.0010124644812896
3_001_20200912_043304(9),3,2020-09-12 04:33:04,470.9362487792969,236.471420288086,485.6355285644531,248.55177307128903,0.0011453125625848,0.00023619617366,0.979060707531251,reinspect,reinspect,0.0010124644812896
3_001_20200912_043307(9),3,2020-09-12 04:33:07,476.41156005859375,195.352294921875,486.3539733886719,205.7353515625,0.5942454934120178,0.9590606614575572,0.9590606614575572,reinspect,reinspect,0.0071014488015067
3_001_20200912_043307(9),3,2020-09-12 04:33:07,0.0,0.0,6.795104026794434,5.030529022216797,0.0012462635058909,0.0002706052744328,0.9590606614575572,reinspect,reinspect,0.0071014488015067
3_001_20200912_043310(9),3,2020-09-12 04:33:10,476.3811950683594,185.33413696289065,486.9222412109375,196.17257690429688,0.6277074217796326,0.9670867986376916,0.9670867986376916,reinspect,reinspect,0.0051081242061936
3_001_20200912_043310(9),3,2020-09-12 04:33:10,570.164794921875,379.3693237304688,576.0,391.4720764160156,0.0067760860547423,0.0041432492640501,0.9670867986376916,reinspect,reinspect,0.0051081242061936
3_001_20200912_123123(1),3,2020-09-12 12:31:23,476.2886352539063,196.9215545654297,485.6788635253906,206.6199188232422,0.6317756175994873,0.9679684558847986,0.9679684558847986,reinspect,reinspect,0.0017727351199202
3_001_20200912_123126(0),3,2020-09-12 12:31:26,471.5155029296875,220.67044067382807,480.9627685546875,230.3677520751953,0.6196647882461548,0.9652864555859728,0.9652864555859728,reinspect,reinspect,0.0045028818058067
3_001_20200912_123126(0),3,2020-09-12 12:31:26,229.9676818847656,331.2020568847656,237.6296539306641,339.4635925292969,0.0010436405427753,0.0002033656097628,0.9652864555859728,reinspect,reinspect,0.0045028818058067
3_001_20200912_123129(3),3,2020-09-12 12:31:29,472.4562683105469,192.19044494628903,482.20904541015625,201.9726409912109,0.691415548324585,0.9789129227172476,0.9789129227172476,reinspect,reinspect,0.0009515790453204
3_001_20200912_123129(3),3,2020-09-12 12:31:29,570.1635131835938,107.7370376586914,576.0,118.35741424560548,0.0014117560349404,0.000330768123558,0.9789129227172476,reinspect,reinspect,0.0009515790453204
3_001_20200912_123129(3),3,2020-09-12 12:31:29,470.525634765625,189.22499084472656,483.1509094238281,201.2498016357422,0.0011429518926888,0.000235412895377,0.9789129227172476,reinspect,reinspect,0.0009515790453204
3_001_20200912_123129(3),3,2020-09-12 12:31:29,570.3818359375,109.47941589355467,576.0,122.28669738769533,0.0010167640866711,0.0001950012069569,0.9789129227172476,reinspect,reinspect,0.0009515790453204
3_001_20200912_123132(4),3,2020-09-12 12:31:32,475.9214172363281,200.1296844482422,485.6339721679688,209.6659545898437,0.6741493940353394,0.9760964715858088,0.9760964715858088,reinspect,reinspect,0.0016295767751414
3_001_20200912_123135(5),3,2020-09-12 12:31:35,477.108642578125,208.3894195556641,486.9484252929688,218.5600433349609,0.5515189170837402,0.9464858167356036,0.9464858167356036,pass,reinspect,0.0056290467546803
3_001_20200912_123135(5),3,2020-09-12 12:31:35,570.3416137695312,127.0138702392578,576.0,137.7280731201172,0.001275640213862,0.0002809488341836,0.9464858167356036,pass,reinspect,0.0056290467546803
3_001_20200912_123138(5),3,2020-09-12 12:31:38,468.6471252441406,202.6493682861328,478.5567932128906,212.5751037597656,0.5605161190032959,0.949378603920086,0.949378603920086,reinspect,reinspect,0.0082276848030942
3_001_20200912_123138(5),3,2020-09-12 12:31:38,466.8914184570313,204.1348114013672,478.5733947753906,215.976318359375,0.0028973978478461,0.0010531471618422,0.949378603920086,reinspect,reinspect,0.0082276848030942
3_001_20200912_123138(5),3,2020-09-12 12:31:38,570.1674194335938,215.9954071044922,576.0,226.6192169189453,0.0013407014776021,0.0003043768097689,0.949378603920086,reinspect,reinspect,0.0082276848030942
3_001_20200912_163419(0),3,2020-09-12 16:34:19,481.12591552734375,165.45799255371094,490.5853576660156,175.38381958007812,0.6695342659950256,0.9752981449487594,0.9752981449487594,reinspect,reinspect,0.00664042377773
3_001_20200912_163419(0),3,2020-09-12 16:34:19,482.2676696777344,165.64735412597656,493.9500732421875,177.25775146484375,0.0037619129288941,0.0016041897503017,0.9752981449487594,reinspect,reinspect,0.00664042377773
3_001_20200912_163419(0),3,2020-09-12 16:34:19,570.58251953125,50.43897247314453,576.0,61.16816711425781,0.0010302038863301,0.0001991672444618,0.9752981449487594,reinspect,reinspect,0.00664042377773
3_001_20200912_163423(5),3,2020-09-12 16:34:23,470.9550476074219,165.95718383789062,480.6768493652344,176.1440887451172,0.5537786483764648,0.9472255989875537,0.9472255989875537,pass,reinspect,0.007438823978162
3_001_20200912_163423(5),3,2020-09-12 16:34:23,570.836181640625,257.8320007324219,576.0,268.31170654296875,0.0023269685916602,0.0007397279436963,0.9472255989875537,pass,reinspect,0.007438823978162
3_001_20200912_163427(9),3,2020-09-12 16:34:27,472.10107421875,169.75794982910156,482.0298461914063,179.7138671875,0.6849674582481384,0.9778917458158684,0.9778917458158684,reinspect,reinspect,0.0015230198513429
3_001_20200912_163427(9),3,2020-09-12 16:34:27,471.83740234375,170.17263793945312,483.82513427734375,183.28237915039065,0.0016951059224084,0.0004440626457683,0.9778917458158684,reinspect,reinspect,0.0015230198513429
3_001_20200912_163427(9),3,2020-09-12 16:34:27,570.5919189453125,335.5433349609375,576.0,347.35174560546875,0.0011573809897527,0.0002402159158477,0.9778917458158684,reinspect,reinspect,0.0015230198513429
3_001_20200912_163432(2),3,2020-09-12 16:34:32,479.7290954589844,176.95289611816406,489.13385009765625,186.59304809570312,0.6843264698982239,0.9777882712657888,0.9777882712657888,reinspect,reinspect,0.0015548662772987
3_001_20200912_163436(7),3,2020-09-12 16:34:36,471.6675415039063,162.0556640625,481.2021484375,172.0521240234375,0.6417151093482971,0.970043675031905,0.970043675031905,reinspect,reinspect,0.004961979211982
3_001_20200912_163436(7),3,2020-09-12 16:34:36,317.994873046875,342.25164794921875,325.43701171875,350.6220092773437,0.0011833858443424,0.0002489647429208,0.970043675031905,reinspect,reinspect,0.004961979211982
3_001_20200912_163441(0),3,2020-09-12 16:34:41,478.9380798339844,191.1836853027344,487.8255920410156,200.7128143310547,0.5411428809165955,0.9429707409743175,0.9429707409743175,pass,reinspect,0.0091583415836213
3_001_20200912_163441(0),3,2020-09-12 16:34:41,490.9661254882813,23.26604461669922,500.4129638671875,33.13053131103516,0.0011180897708982,0.0002272236690411,0.9429707409743175,pass,reinspect,0.0091583415836213
3_001_20200912_163441(0),3,2020-09-12 16:34:41,555.18310546875,303.6216125488281,561.4189453125,312.2142028808594,0.0010426471708342,0.0002030540884439,0.9429707409743175,pass,reinspect,0.0091583415836213
3_001_20200912_202811(1),3,2020-09-12 20:28:11,465.8714904785156,187.85968017578125,475.5902099609375,197.9750366210937,0.5763224363327026,0.9541339425465034,0.9541339425465034,reinspect,reinspect,0.0092425289105718
3_001_20200912_202815(6),3,2020-09-12 20:28:15,473.781982421875,225.29090881347656,483.8580932617188,235.6471710205078,0.6694798469543457,0.9752886127620508,0.9752886127620508,reinspect,reinspect,0.0021959820077382
3_001_20200912_202815(6),3,2020-09-12 20:28:15,570.811279296875,330.9872131347656,575.7169799804688,340.1921081542969,0.0023184723686426,0.0007353816173803,0.9752886127620508,reinspect,reinspect,0.0021959820077382
3_001_20200912_202815(6),3,2020-09-12 20:28:15,567.9430541992188,437.51507568359375,575.4203491210938,444.0,0.0011200048029422,0.0002278505390386,0.9752886127620508,reinspect,reinspect,0.0021959820077382
3_001_20200912_202820(0),3,2020-09-12 20:28:20,476.4136352539063,211.39517211914065,485.9972534179688,221.25669860839844,0.6378574967384338,0.9692513170260924,0.9692513170260924,reinspect,reinspect,0.0038738848062564
3_001_20200912_202820(0),3,2020-09-12 20:28:20,570.1830444335938,265.86480712890625,576.0,276.3392028808594,0.0017175634857267,0.000453575632396,0.9692513170260924,reinspect,reinspect,0.0038738848062564
3_001_20200912_202820(0),3,2020-09-12 20:28:20,570.6142578125,267.91046142578125,576.0,280.088134765625,0.0014331103302538,0.0003388614705426,0.9692513170260924,reinspect,reinspect,0.0038738848062564
3_001_20200912_202824(6),3,2020-09-12 20:28:24,474.7559814453125,223.88433837890625,484.0888671875,233.55856323242188,0.6143607497215271,0.9640561628180172,0.9640561628180172,reinspect,reinspect,0.0036319417977898
3_001_20200912_202829(2),3,2020-09-12 20:28:29,484.2908325195313,205.28610229492188,494.168212890625,215.63340759277344,0.6212285757064819,0.9656425862795024,0.9656425862795024,reinspect,reinspect,0.0092250636748759
3_001_20200912_202829(2),3,2020-09-12 20:28:29,483.616455078125,205.80763244628903,495.83489990234375,219.2900848388672,0.0030354242771863,0.0011351653741859,0.9656425862795024,reinspect,reinspect,0.0092250636748759
3_001_20200912_202833(7),3,2020-09-12 20:28:33,471.7542419433594,187.5143585205078,481.8583679199219,198.1178436279297,0.6684821844100952,0.9751133642494816,0.9751133642494816,reinspect,reinspect,0.0021474952444473
3_001_20200912_202833(7),3,2020-09-12 20:28:33,471.3404846191406,188.21743774414065,483.5480651855469,201.3715362548828,0.0015490214573219,0.0003840731128963,0.9751133642494816,reinspect,reinspect,0.0021474952444473
3_001_20200914_083101(5),3,2020-09-14 08:31:01,471.4938049316406,160.06201171875,481.3338317871094,170.4665069580078,0.6352401375770569,0.9687043357267036,0.9687043357267036,reinspect,reinspect,0.0052622343120649
3_001_20200914_083105(1),3,2020-09-14 08:31:05,468.22607421875,267.0599365234375,477.8929443359375,276.9783020019531,0.5978229641914368,0.9599887741603402,0.9599887741603402,reinspect,reinspect,0.0088726212810838
3_001_20200914_083105(1),3,2020-09-14 08:31:05,568.3507080078125,437.8002014160156,575.3597412109375,444.0,0.0014891676837578,0.0003604585830966,0.9599887741603402,reinspect,reinspect,0.0088726212810838
3_001_20200914_083108(8),3,2020-09-14 08:31:08,478.4451293945313,215.81295776367188,488.2995300292969,226.21481323242188,0.6533448100090027,0.9723358854988458,0.9723358854988458,reinspect,reinspect,0.0186482492409864
3_001_20200914_083108(8),3,2020-09-14 08:31:08,570.4185180664062,319.8166198730469,576.0,331.3841247558594,0.002980291377753,0.0011021239456345,0.9723358854988458,reinspect,reinspect,0.0186482492409864
3_001_20200914_083108(8),3,2020-09-14 08:31:08,478.364501953125,216.9639129638672,489.0829772949219,230.1822204589844,0.0016781417652964,0.0004369275234124,0.9723358854988458,reinspect,reinspect,0.0186482492409864
3_001_20200914_083111(5),3,2020-09-14 08:31:11,477.6337890625,167.556884765625,487.87152099609375,178.09364318847656,0.6033862829208374,0.9613973087208624,0.9613973087208624,reinspect,reinspect,0.0041757230384111
3_001_20200914_083114(5),3,2020-09-14 08:31:14,467.3223571777344,137.6092987060547,478.19287109375,148.4756622314453,0.60957932472229,0.9629168536875466,0.9629168536875466,reinspect,reinspect,0.0073100028716704
3_001_20200914_083117(5),3,2020-09-14 08:31:17,474.5375671386719,202.3350067138672,484.4381103515625,212.35777282714844,0.6245120167732239,0.9663807438920988,0.9663807438920988,reinspect,reinspect,0.0030682070208631
3_001_20200914_124151(5),3,2020-09-14 12:41:51,473.5805358886719,155.0198974609375,483.7466430664063,165.103759765625,0.7056063413619995,0.9810381665508472,0.9810381665508472,reinspect,reinspect,0.0007206475383703
3_001_20200914_124151(5),3,2020-09-14 12:41:51,570.8843994140625,83.80658721923828,576.0,94.12957000732422,0.0032387883402407,0.0012602206748428,0.9810381665508472,reinspect,reinspect,0.0007206475383703
3_001_20200914_124151(5),3,2020-09-14 12:41:51,570.8074951171875,128.4953155517578,576.0,138.33555603027344,0.0013576514320448,0.0003105966642829,0.9810381665508472,reinspect,reinspect,0.0007206475383703
3_001_20200914_124155(9),3,2020-09-14 12:41:55,471.84771728515625,160.51678466796875,481.7817993164063,170.958740234375,0.6761955618858337,0.9764441197852408,0.9764441197852408,reinspect,reinspect,0.0033362648563297
3_001_20200914_124155(9),3,2020-09-14 12:41:55,236.16177368164065,145.03651428222656,244.20870971679688,153.781005859375,0.0011003625113517,0.0002214519628312,0.9764441197852408,reinspect,reinspect,0.0033362648563297
3_001_20200914_124200(5),3,2020-09-14 12:42:00,472.42291259765625,172.99546813964844,482.1285705566406,183.07058715820312,0.6588330864906311,0.973369053011348,0.973369053011348,reinspect,reinspect,0.0039905409185697
3_001_20200914_124200(5),3,2020-09-14 12:42:00,570.0823364257812,99.63973236083984,576.0,110.58201599121094,0.0095131173729896,0.0071605725383133,0.973369053011348,reinspect,reinspect,0.0039905409185697
3_001_20200914_124200(5),3,2020-09-14 12:42:00,569.9722290039062,280.2364807128906,575.9100952148438,290.1961975097656,0.0069712260738015,0.0043373691008595,0.973369053011348,reinspect,reinspect,0.0039905409185697
3_001_20200914_124200(5),3,2020-09-14 12:42:00,570.5738525390625,101.8488998413086,576.0,114.01793670654295,0.0018015432870015,0.0004898230046707,0.973369053011348,reinspect,reinspect,0.0039905409185697
3_001_20200914_124205(0),3,2020-09-14 12:42:05,479.78717041015625,151.7877655029297,489.2491455078125,161.87705993652344,0.643771231174469,0.9704593790975288,0.9704593790975288,reinspect,reinspect,0.0031228160157126
3_001_20200914_124209(5),3,2020-09-14 12:42:09,483.155517578125,176.11471557617188,493.271728515625,186.42002868652344,0.6882331371307373,0.9784133860726284,0.9784133860726284,reinspect,reinspect,0.0019005685779624
3_001_20200914_124209(5),3,2020-09-14 12:42:09,570.51025390625,179.55499267578125,576.0,189.5318756103516,0.0021428107284009,0.0006477231268637,0.9784133860726284,reinspect,reinspect,0.0019005685779624
3_001_20200914_124209(5),3,2020-09-14 12:42:09,570.1244506835938,40.93754196166992,576.0,53.0965576171875,0.0012209829874336,0.0002618223201418,0.9784133860726284,reinspect,reinspect,0.0019005685779624
3_001_20200914_124214(0),3,2020-09-14 12:42:14,484.0539855957031,156.0922393798828,493.83050537109375,165.77728271484375,0.6507395505905151,0.971834713735926,0.971834713735926,reinspect,reinspect,0.0016180718612734
3_001_20200914_124214(0),3,2020-09-14 12:42:14,483.3013000488281,156.60519409179688,495.1346740722656,169.0595245361328,0.0109196854755282,0.0089430640907715,0.971834713735926,reinspect,reinspect,0.0016180718612734
3_001_20200914_163305(1),3,2020-09-14 16:33:05,483.3887634277344,143.93826293945312,493.8655395507813,154.78773498535156,0.6561399102210999,0.9728658588486662,0.9728658588486662,reinspect,reinspect,0.0041571064967915
3_001_20200914_163305(1),3,2020-09-14 16:33:05,481.4130859375,144.26658630371094,494.5300903320313,158.2699737548828,0.0024129108060151,0.0007842369676955,0.9728658588486662,reinspect,reinspect,0.0041571064967915
3_001_20200914_163315(7),3,2020-09-14 16:33:15,473.4747924804688,149.69192504882812,484.4055480957031,160.37913513183594,0.7015584111213684,0.9804486016616948,0.9804486016616948,reinspect,reinspect,0.0008724348331191
3_001_20200914_163320(2),3,2020-09-14 16:33:20,481.20941162109375,162.73281860351562,491.38909912109375,172.93576049804688,0.6995545625686646,0.9801518929688152,0.9801518929688152,reinspect,reinspect,0.0004581179633215
3_001_20200914_163320(2),3,2020-09-14 16:33:20,481.2167663574219,160.12551879882812,494.07318115234375,171.97210693359375,0.0045818062499165,0.0022044431548677,0.9801518929688152,reinspect,reinspect,0.0004581179633215
3_001_20200914_163320(2),3,2020-09-14 16:33:20,570.3299560546875,191.6969757080078,576.0,203.81187438964844,0.0017288085073232,0.0004583677213721,0.9801518929688152,reinspect,reinspect,0.0004581179633215
3_001_20200914_163324(7),3,2020-09-14 16:33:24,471.6568298339844,193.98776245117188,481.45709228515625,204.15777587890625,0.6581598520278931,0.9732439457380412,0.9732439457380412,reinspect,reinspect,0.0049303189769243
3_001_20200914_163324(7),3,2020-09-14 16:33:24,570.0932006835938,75.70680236816406,576.0,87.8627700805664,0.0018108934164047,0.0004939239225127,0.9732439457380412,reinspect,reinspect,0.0049303189769243
3_001_20200914_163324(7),3,2020-09-14 16:33:24,570.074951171875,108.3346939086914,575.99853515625,118.74737548828124,0.0011481187539175,0.0002371285608144,0.9732439457380412,reinspect,reinspect,0.0049303189769243
3_001_20200914_163333(8),3,2020-09-14 16:33:33,473.65576171875,191.2379150390625,483.427001953125,201.20767211914065,0.6675133109092712,0.9749422707487508,0.9749422707487508,reinspect,reinspect,0.0019804423479828
3_001_20200914_163333(8),3,2020-09-14 16:33:33,470.6180419921875,189.0767822265625,483.1223449707031,200.323486328125,0.0060800579376518,0.0034787981118771,0.9749422707487508,reinspect,reinspect,0.0019804423479828
3_001_20200914_163333(8),3,2020-09-14 16:33:33,484.3165588378906,344.8720397949219,490.1276550292969,351.2599182128906,0.0013235618826001,0.0002981360334198,0.9749422707487508,reinspect,reinspect,0.0019804423479828
3_001_20200914_163338(3),3,2020-09-14 16:33:38,481.201171875,172.23983764648438,490.6029357910156,181.89601135253903,0.6876690983772278,0.9783239475906472,0.9783239475906472,reinspect,reinspect,0.0017122968445228
3_001_20200914_163338(3),3,2020-09-14 16:33:38,482.8938903808594,172.43014526367188,494.0773010253906,184.19918823242188,0.003858525538817,0.0016711204871085,0.9783239475906472,reinspect,reinspect,0.0017122968445228
3_001_20200914_163338(3),3,2020-09-14 16:33:38,478.1257629394531,171.9788360595703,491.2557373046875,183.6949920654297,0.002554188016802,0.0008595302002112,0.9783239475906472,reinspect,reinspect,0.0017122968445228
3_001_20200914_163338(3),3,2020-09-14 16:33:38,569.2824096679688,57.80363082885742,575.6414794921875,68.66089630126953,0.0019692257046699,0.0005653169439738,0.9783239475906472,reinspect,reinspect,0.0017122968445228
3_001_20200914_203322(0),3,2020-09-14 20:33:22,478.7291259765625,155.9388427734375,488.47552490234375,165.87808227539062,0.6448190212249756,0.9706694690787876,0.9706694690787876,reinspect,reinspect,0.0031958559038119
3_001_20200914_203322(0),3,2020-09-14 20:33:22,570.72119140625,329.1466979980469,576.0,340.0901794433594,0.0034821534063667,0.0014163155911763,0.9706694690787876,reinspect,reinspect,0.0031958559038119
3_001_20200914_203322(0),3,2020-09-14 20:33:22,477.4976806640625,156.84759521484375,489.5396728515625,168.9266815185547,0.0014058093074709,0.0003285275320923,0.9706694690787876,reinspect,reinspect,0.0031958559038119
3_001_20200914_203326(4),3,2020-09-14 20:33:26,478.6704711914063,160.17269897460938,487.84185791015625,170.15174865722656,0.4864411056041717,0.920773771980944,0.920773771980944,pass,reinspect,0.0153020615924145
3_001_20200914_203326(4),3,2020-09-14 20:33:26,570.6207885742188,293.6093444824219,575.9962158203125,303.365966796875,0.0045821387320756,0.0022047010757868,0.920773771980944,pass,reinspect,0.0153020615924145
3_001_20200914_203326(4),3,2020-09-14 20:33:26,478.4279479980469,156.806396484375,488.6080932617188,168.5849609375,0.0014537554234266,0.0003467564209765,0.920773771980944,pass,reinspect,0.0153020615924145
3_001_20200914_203330(8),3,2020-09-14 20:33:30,470.0627746582031,170.64083862304688,480.1038513183594,180.4384765625,0.528864324092865,0.9385480995652316,0.9385480995652316,pass,reinspect,0.0067617283606655
3_001_20200914_203330(8),3,2020-09-14 20:33:30,470.6808776855469,167.43130493164062,481.5618286132813,179.68902587890625,0.0037360680289566,0.0015864619283494,0.9385480995652316,pass,reinspect,0.0067617283606655
3_001_20200914_203330(8),3,2020-09-14 20:33:30,570.314453125,47.026981353759766,576.0,59.890380859375,0.0017251085955649,0.0004567888858807,0.9385480995652316,pass,reinspect,0.0067617283606655
3_001_20200914_203335(4),3,2020-09-14 20:33:35,478.87298583984375,143.3441925048828,488.182373046875,153.0088653564453,0.6387578248977661,0.9694377089524016,0.9694377089524016,reinspect,reinspect,0.0044291478339861
3_001_20200914_203335(4),3,2020-09-14 20:33:35,493.1434020996094,341.7416076660156,501.57916259765625,350.525390625,0.0013842665357515,0.0003204592075946,0.9694377089524016,reinspect,reinspect,0.0044291478339861
3_001_20200914_203340(0),3,2020-09-14 20:33:40,471.24462890625,165.42759704589844,481.4664306640625,176.09669494628906,0.648870587348938,0.9714708534216548,0.9714708534216548,reinspect,reinspect,0.0070846331563283
3_001_20200914_203344(4),3,2020-09-14 20:33:44,472.3922119140625,157.01724243164062,482.2297973632813,167.19593811035156,0.6750527024269104,0.9762504182362778,0.9762504182362778,reinspect,reinspect,0.0011948166086711
3_001_20200914_203344(4),3,2020-09-14 20:33:44,475.2718505859375,157.74537658691406,486.7584838867188,169.4849853515625,0.0011137457331642,0.000225804113874,0.9762504182362778,reinspect,reinspect,0.0011948166086711
3_001_20200914_203344(4),3,2020-09-14 20:33:44,570.5136108398438,85.72444915771484,576.0,96.68161010742188,0.0010646710870787,0.0002100031799385,0.9762504182362778,reinspect,reinspect,0.0011948166086711
3_001_20200915_003734(8),3,2020-09-15 00:37:34,465.9594421386719,238.1131134033203,475.6885986328125,248.1073760986328,0.6333476305007935,0.968304045956444,0.968304045956444,reinspect,reinspect,0.008097799081184
3_001_20200915_003734(8),3,2020-09-15 00:37:34,570.2258911132812,215.08511352539065,576.0,225.98342895507807,0.0024719752836972,0.0008153959602608,0.968304045956444,reinspect,reinspect,0.008097799081184
3_001_20200915_003734(8),3,2020-09-15 00:37:34,570.2904052734375,48.87699508666992,576.0,62.0323486328125,0.0020256792195141,0.0005916491031448,0.968304045956444,reinspect,reinspect,0.008097799081184
3_001_20200915_003734(8),3,2020-09-15 00:37:34,570.5514526367188,372.6126403808594,576.0,383.7135009765625,0.0015925309853628,0.0004015940307393,0.968304045956444,reinspect,reinspect,0.008097799081184
3_001_20200915_003734(8),3,2020-09-15 00:37:34,568.5166625976562,437.4817810058594,575.5068969726562,444.0,0.0013821317115798,0.0003196638119501,0.968304045956444,reinspect,reinspect,0.008097799081184
3_001_20200915_003737(5),3,2020-09-15 00:37:37,469.263427734375,265.7639465332031,478.64056396484375,275.1151733398437,0.6291395425796509,0.9673993528348116,0.9673993528348116,reinspect,reinspect,0.0051127762327868
3_001_20200915_003737(5),3,2020-09-15 00:37:37,570.416748046875,215.0105438232422,576.0,225.80630493164065,0.0016099603381007,0.0004086956458695,0.9673993528348116,reinspect,reinspect,0.0051127762327868
3_001_20200915_003737(5),3,2020-09-15 00:37:37,568.6554565429688,437.7750549316406,575.3323974609375,444.0,0.0012577340239658,0.0002746265286159,0.9673993528348116,reinspect,reinspect,0.0051127762327868
3_001_20200915_003740(4),3,2020-09-15 00:37:40,465.3142700195313,338.2390441894531,476.6058044433594,349.1795654296875,0.6729799509048462,0.9758960530211132,0.9758960530211132,reinspect,reinspect,0.003527801095814
3_001_20200915_003740(4),3,2020-09-15 00:37:40,568.463134765625,437.4852294921875,575.4920654296875,444.0,0.0032851258292794,0.0012894059999286,0.9758960530211132,reinspect,reinspect,0.003527801095814
3_001_20200915_003740(4),3,2020-09-15 00:37:40,570.514892578125,293.7355041503906,576.0,304.72344970703125,0.0014645897317677,0.000350927158769,0.9758960530211132,reinspect,reinspect,0.003527801095814
3_001_20200915_003743(5),3,2020-09-15 00:37:43,481.8314514160156,152.08419799804688,491.7843933105469,162.23252868652344,0.614290714263916,0.9640396837904566,0.9640396837904566,reinspect,reinspect,0.0055964429679603
3_001_20200915_003746(5),3,2020-09-15 00:37:46,477.9173583984375,254.7196044921875,487.2111206054688,264.5473022460937,0.5566484928131104,0.9481522307205508,0.9481522307205508,reinspect,reinspect,0.0052759910534592
3_001_20200915_003746(5),3,2020-09-15 00:37:46,568.5540771484375,437.447998046875,575.5511474609375,444.0,0.0013662063283845,0.0003137540185074,0.9481522307205508,reinspect,reinspect,0.0052759910534592
3_001_20200915_003746(5),3,2020-09-15 00:37:46,570.6761474609375,337.8601379394531,576.0,347.77520751953125,0.0013386429054662,0.000303624663016,0.9481522307205508,reinspect,reinspect,0.0052759910534592
3_001_20200915_003749(6),3,2020-09-15 00:37:49,476.83831787109375,153.5410919189453,486.8258972167969,163.69741821289062,0.5763069987297058,0.9541294920550206,0.9541294920550206,reinspect,reinspect,0.0076388775080707
3_001_20200915_003749(6),3,2020-09-15 00:37:49,392.03216552734375,397.1950378417969,400.7858581542969,406.3318176269531,0.0030645732767879,0.001152784122219,0.9541294920550206,reinspect,reinspect,0.0076388775080707
3_001_20200915_003749(6),3,2020-09-15 00:37:49,569.8899536132812,220.93736267089844,575.7667236328125,232.39610290527344,0.0012673585442826,0.0002780179621341,0.9541294920550206,reinspect,reinspect,0.0076388775080707
3_001_20200915_043556(4),3,2020-09-15 04:35:56,478.6193237304688,176.23434448242188,488.3066101074219,186.2440490722656,0.6528749465942383,0.972246014123236,0.972246014123236,reinspect,reinspect,0.0015228238648417
3_001_20200915_043601(0),3,2020-09-15 04:36:01,468.4411926269531,176.1337890625,478.1364135742188,186.2178649902344,0.6932910680770874,0.9792033052343904,0.9792033052343904,reinspect,reinspect,0.0026255304996705
3_001_20200915_043605(3),3,2020-09-15 04:36:05,477.3705139160156,174.52088928222656,487.1934814453125,184.68670654296875,0.4734672605991363,0.9144558200743496,0.9144558200743496,pass,reinspect,0.0151815890575195
3_001_20200915_043605(3),3,2020-09-15 04:36:05,548.4876098632812,324.7673645019531,555.2056884765625,333.4667053222656,0.007490802090615,0.0048705066424275,0.9144558200743496,pass,reinspect,0.0151815890575195
3_001_20200915_043605(3),3,2020-09-15 04:36:05,549.98974609375,325.07574462890625,557.8904418945312,333.80279541015625,0.0037368899211287,0.0015870245357556,0.9144558200743496,pass,reinspect,0.0151815890575195
3_001_20200915_043605(3),3,2020-09-15 04:36:05,418.3444213867188,303.9286193847656,425.4121398925781,312.2233581542969,0.0027066087350249,0.0009436707117611,0.9144558200743496,pass,reinspect,0.0151815890575195
3_001_20200915_043605(3),3,2020-09-15 04:36:05,570.8528442382812,321.02166748046875,576.0,331.2713623046875,0.0018861514981836,0.0005274018968577,0.9144558200743496,pass,reinspect,0.0151815890575195
3_001_20200915_043609(9),3,2020-09-15 04:36:09,480.0520935058594,169.3878173828125,488.9806823730469,178.99737548828125,0.6466049551963806,0.9710248610430172,0.9710248610430172,reinspect,reinspect,0.0023667844345102
3_001_20200915_043609(9),3,2020-09-15 04:36:09,477.9866638183594,167.60801696777344,490.0103149414063,178.46319580078125,0.002278531435877,0.0007150801759596,0.9710248610430172,reinspect,reinspect,0.0023667844345102
3_001_20200915_043609(9),3,2020-09-15 04:36:09,570.181640625,46.09177780151367,575.6161499023438,58.15505599975586,0.00112415489275,0.0002292112835857,0.9710248610430172,reinspect,reinspect,0.0023667844345102
3_001_20200915_043614(4),3,2020-09-15 04:36:14,469.1541137695313,170.3975830078125,478.5423583984375,179.8015594482422,0.6498720049858093,0.9716662675348328,0.9716662675348328,reinspect,reinspect,0.0061993764617084
3_001_20200915_043614(4),3,2020-09-15 04:36:14,469.0533142089844,167.49046325683594,479.9673461914063,178.77255249023438,0.0014404229586943,0.0003416500193921,0.9716662675348328,reinspect,reinspect,0.0061993764617084
3_001_20200915_043614(4),3,2020-09-15 04:36:14,469.1961364746094,171.89923095703125,480.30078125,183.5506591796875,0.0011422929819673,0.0002351944427844,0.9716662675348328,reinspect,reinspect,0.0061993764617084
3_001_20200915_043618(9),3,2020-09-15 04:36:18,474.2206726074219,172.74635314941406,483.75592041015625,182.62625122070312,0.6572368144989014,0.973071681990824,0.973071681990824,reinspect,reinspect,0.0111733442745618
3_001_20200915_083241(0),3,2020-09-15 08:32:41,476.25823974609375,191.52658081054688,486.5007934570313,201.6669006347656,0.6634901165962219,0.9742222090654746,0.9742222090654746,reinspect,reinspect,0.0027115960328432
3_001_20200915_083241(0),3,2020-09-15 08:32:41,475.4636535644531,192.4934234619141,487.9755554199219,205.33155822753903,0.0031188842840492,0.0011858861562987,0.9742222090654746,reinspect,reinspect,0.0027115960328432
3_001_20200915_083245(4),3,2020-09-15 08:32:45,471.9016723632813,225.77145385742188,481.4045104980469,235.790771484375,0.6639428734779358,0.9743040214774316,0.9743040214774316,reinspect,reinspect,0.0045551261549188
3_001_20200915_083250(0),3,2020-09-15 08:32:50,465.42578125,163.81097412109375,476.0453796386719,174.20458984375,0.684849739074707,0.9778727693315586,0.9778727693315586,reinspect,reinspect,0.0013091407852275
3_001_20200915_083250(0),3,2020-09-15 08:32:50,465.2743835449219,163.9696807861328,479.7255859375,176.729248046875,0.0017596143297851,0.0004715933714085,0.9778727693315586,reinspect,reinspect,0.0013091407852275
3_001_20200915_083250(0),3,2020-09-15 08:32:50,463.2491760253906,160.48794555664062,476.7083129882813,174.14785766601562,0.0012188159162178,0.0002610745606041,0.9778727693315586,reinspect,reinspect,0.0013091407852275
3_001_20200915_083254(5),3,2020-09-15 08:32:54,477.70806884765625,206.72833251953125,488.1742858886719,217.3036651611328,0.6405330896377563,0.9698026198595746,0.9698026198595746,reinspect,reinspect,0.0023782580216685
3_001_20200915_083254(5),3,2020-09-15 08:32:54,570.5341796875,314.467041015625,576.0,325.20135498046875,0.0014895669883117,0.0003606142343574,0.9698026198595746,reinspect,reinspect,0.0023782580216685
3_001_20200915_083259(0),3,2020-09-15 08:32:59,482.3285217285156,230.45684814453125,492.8990173339844,241.01889038085932,0.6670515537261963,0.9748604149502124,0.9748604149502124,reinspect,reinspect,0.0086282062844833
3_001_20200915_083259(0),3,2020-09-15 08:32:59,451.862060546875,240.0113220214844,460.1171875,249.24615478515625,0.0014560116687789,0.0003476234166707,0.9748604149502124,reinspect,reinspect,0.0086282062844833
3_001_20200915_083303(4),3,2020-09-15 08:33:03,472.3541870117188,209.07725524902344,483.2429809570313,219.9109344482422,0.666179358959198,0.974705245550251,0.974705245550251,reinspect,reinspect,0.0024580576062921
3_001_20200915_123359(7),3,2020-09-15 12:33:59,471.3432922363281,175.6995849609375,480.6683654785156,185.5389404296875,0.6002913117408752,0.9606188829687876,0.9606188829687876,reinspect,reinspect,0.0052499541807456
3_001_20200915_123359(7),3,2020-09-15 12:33:59,471.9699401855469,176.31271362304688,483.3576049804688,187.42449951171875,0.0029878602363169,0.0011066380072055,0.9606188829687876,reinspect,reinspect,0.0052499541807456
3_001_20200915_123404(4),3,2020-09-15 12:34:04,467.4312744140625,151.85821533203125,477.2803039550781,161.91867065429688,0.6317165493965149,0.9679557911444856,0.9679557911444856,reinspect,reinspect,0.0010235399944487
3_001_20200915_123404(4),3,2020-09-15 12:34:04,570.7030639648438,103.55245208740234,576.0,115.66197204589844,0.0011274629505351,0.0002302981398857,0.9679557911444856,reinspect,reinspect,0.0010235399944487
3_001_20200915_123409(0),3,2020-09-15 12:34:09,471.5955810546875,155.7037811279297,481.3627624511719,165.54165649414062,0.6566612720489502,0.9729638380610192,0.9729638380610192,reinspect,reinspect,0.0021644238948463
3_001_20200915_123413(3),3,2020-09-15 12:34:13,471.6224060058594,140.33306884765625,482.4571228027344,151.1824493408203,0.6984242796897888,0.9799830974654882,0.9799830974654882,reinspect,reinspect,0.0019304385811213
3_001_20200915_123417(9),3,2020-09-15 12:34:17,481.3221130371094,169.96217346191406,491.98480224609375,180.491439819336,0.7020728588104248,0.9805242538700456,0.9805242538700456,reinspect,reinspect,0.0012941767454771
3_001_20200915_123417(9),3,2020-09-15 12:34:17,480.4495849609375,170.39881896972656,494.1763305664063,183.5834808349609,0.0058653415180742,0.0032828313007201,0.9805242538700456,reinspect,reinspect,0.0012941767454771
3_001_20200915_123422(2),3,2020-09-15 12:34:22,481.3628845214844,169.23829650878906,492.0189514160156,179.98316955566406,0.7065757513046265,0.9811774315507352,0.9811774315507352,reinspect,reinspect,0.0013995451309526
3_001_20200915_123422(2),3,2020-09-15 12:34:22,480.80267333984375,169.8208770751953,494.2460021972656,183.44790649414065,0.0022226613946259,0.0006870460367344,0.9811774315507352,reinspect,reinspect,0.0013995451309526
3_001_20200915_164139(8),3,2020-09-15 16:41:39,470.2331848144531,189.7860870361328,479.8839111328125,199.866439819336,0.5161113739013672,0.9336314253108526,0.9336314253108526,pass,reinspect,0.0077372591710374
3_001_20200915_164139(8),3,2020-09-15 16:41:39,467.2141418457031,190.4844665527344,479.4088439941406,201.85525512695312,0.0012401000130921,0.0002684538267619,0.9336314253108526,pass,reinspect,0.0077372591710374
3_001_20200915_164139(8),3,2020-09-15 16:41:39,471.4190368652344,190.16456604003903,483.2128601074219,201.71511840820312,0.0010260659037157,0.0001978810050372,0.9336314253108526,pass,reinspect,0.0077372591710374
3_001_20200915_164147(9),3,2020-09-15 16:41:47,469.9893493652344,197.92481994628903,479.9349365234375,208.22593688964844,0.5696759819984436,0.9521833818835092,0.9521833818835092,reinspect,reinspect,0.0097047182428738
3_001_20200915_164147(9),3,2020-09-15 16:41:47,570.2313232421875,342.3907775878906,576.0,353.8038024902344,0.0024456204846501,0.0008014357050147,0.9521833818835092,reinspect,reinspect,0.0097047182428738
3_001_20200915_164147(9),3,2020-09-15 16:41:47,509.8043823242188,222.9014434814453,516.3862915039062,229.5258178710937,0.0014147587353363,0.0003319016673933,0.9521833818835092,reinspect,reinspect,0.0097047182428738
3_001_20200915_164147(9),3,2020-09-15 16:41:47,469.6316833496094,199.0042266845703,482.3153991699219,212.3280639648437,0.0011072425404563,0.0002236852982697,0.9521833818835092,reinspect,reinspect,0.0097047182428738
3_001_20200915_164151(3),3,2020-09-15 16:41:51,471.923095703125,217.76907348632807,481.0815124511719,227.6265563964844,0.491856575012207,0.9232797084040344,0.9232797084040344,pass,reinspect,0.0337337897457854
3_001_20200915_164151(3),3,2020-09-15 16:41:51,570.4334106445312,347.8559265136719,576.0,359.1918334960937,0.0113108847290277,0.009465020132995,0.9232797084040344,pass,reinspect,0.0337337897457854
3_001_20200915_164151(3),3,2020-09-15 16:41:51,570.2971801757812,345.6246032714844,576.0,355.6549987792969,0.0033118228893727,0.0013063360919002,0.9232797084040344,pass,reinspect,0.0337337897457854
3_001_20200915_164151(3),3,2020-09-15 16:41:51,568.3648071289062,437.5826416015625,575.4449462890625,444.0,0.0016930389683693,0.0004431909387421,0.9232797084040344,pass,reinspect,0.0337337897457854
3_001_20200915_164155(7),3,2020-09-15 16:41:55,476.31829833984375,226.92892456054688,485.8436584472656,236.7330017089844,0.6766682863235474,0.9765238929447208,0.9765238929447208,reinspect,reinspect,0.0024884287058149
3_001_20200915_164155(7),3,2020-09-15 16:41:55,568.3865966796875,438.1262817382813,575.493408203125,444.0,0.0035525260027498,0.001462735088748,0.9765238929447208,reinspect,reinspect,0.0024884287058149
3_001_20200915_164155(7),3,2020-09-15 16:41:55,570.677001953125,143.52474975585938,576.0,153.6121826171875,0.0018014018423855,0.0004897610675263,0.9765238929447208,reinspect,reinspect,0.0024884287058149
3_001_20200915_164155(7),3,2020-09-15 16:41:55,570.71240234375,146.73951721191406,576.0,159.1488800048828,0.0011939962860196,0.0002525684339945,0.9765238929447208,reinspect,reinspect,0.0024884287058149
3_001_20200915_164159(6),3,2020-09-15 16:41:59,474.69329833984375,233.2291412353516,483.45556640625,242.8330535888672,0.6638551950454712,0.9742881936534395,0.9742881936534395,reinspect,reinspect,0.002254664163218
3_001_20200915_164159(6),3,2020-09-15 16:41:59,568.1360473632812,437.4570617675781,575.4887084960938,444.0,0.0011558067053556,0.0002396900957845,0.9742881936534395,reinspect,reinspect,0.002254664163218
3_001_20200915_164202(8),3,2020-09-15 16:42:02,478.35791015625,268.4612731933594,487.2579345703125,278.1708679199219,0.5374534726142883,0.941672621248951,0.941672621248951,pass,reinspect,0.0057688410413085
3_001_20200915_164202(8),3,2020-09-15 16:42:02,568.57080078125,437.657958984375,575.4368286132812,444.0,0.0048122201114892,0.0023859202631692,0.941672621248951,pass,reinspect,0.0057688410413085
3_001_20200915_164202(8),3,2020-09-15 16:42:02,526.4627685546875,375.337890625,533.5072021484375,383.6472778320313,0.001180074061267,0.0002478439680051,0.941672621248951,pass,reinspect,0.0057688410413085
3_001_20200915_164202(8),3,2020-09-15 16:42:02,570.2048950195312,336.31494140625,576.0,347.3852233886719,0.0010177047224715,0.0001952916952927,0.941672621248951,pass,reinspect,0.0057688410413085
3_001_20200915_203430(3),3,2020-09-15 20:34:30,477.1001892089844,163.4954833984375,487.00238037109375,173.60899353027344,0.5911466479301453,0.9582422557724688,0.9582422557724688,reinspect,reinspect,0.0026533789524245
3_001_20200915_203446(9),3,2020-09-15 20:34:46,472.57952880859375,192.60873413085932,481.9627380371094,202.0054931640625,0.6808568835258484,0.9772219108729012,0.9772219108729012,reinspect,reinspect,0.0009981129074324
3_001_20200915_203451(3),3,2020-09-15 20:34:51,480.0596923828125,219.6846160888672,489.9754943847656,229.8068084716797,0.6943342089653015,0.9793635369638244,0.9793635369638244,reinspect,reinspect,0.0009390144507891
3_001_20200915_203455(9),3,2020-09-15 20:34:55,478.37701416015625,222.4546813964844,487.9680786132813,232.6529541015625,0.6410636901855469,0.9699110162231638,0.9699110162231638,reinspect,reinspect,0.0018080892580554
3_001_20200915_203455(9),3,2020-09-15 20:34:55,477.65728759765625,218.06407165527344,488.4439086914063,231.4947052001953,0.0010691095376387,0.0002114143380002,0.9699110162231638,reinspect,reinspect,0.0018080892580554
3_001_20200915_203500(5),3,2020-09-15 20:35:00,475.8608703613281,235.7888946533203,486.04498291015625,245.9198303222656,0.6900063753128052,0.9786927907419752,0.9786927907419752,reinspect,reinspect,0.0014320402143581
3_001_20200915_203500(5),3,2020-09-15 20:35:00,475.0044250488281,232.4674530029297,487.24365234375,245.4283599853516,0.0026665246114134,0.0009212542617329,0.9786927907419752,reinspect,reinspect,0.0014320402143581
3_001_20200915_203504(9),3,2020-09-15 20:35:04,476.0448913574219,219.33258056640625,486.1645202636719,229.57162475585932,0.6776667237281799,0.9766917144078672,0.9766917144078672,reinspect,reinspect,0.0020270997491831
3_001_20200916_003358(0),3,2020-09-16 00:33:58,478.3753662109375,178.8680419921875,487.6021118164063,188.3081817626953,0.5286415815353394,0.9384651187192476,0.9384651187192476,pass,reinspect,0.0117741833459858
3_001_20200916_003402(5),3,2020-09-16 00:34:02,478.3070373535156,168.7354736328125,488.25140380859375,179.09104919433594,0.6681363582611084,0.9750523970039344,0.9750523970039344,reinspect,reinspect,0.0019622972792092
3_001_20200916_003407(1),3,2020-09-16 00:34:07,482.807373046875,165.95016479492188,493.55572509765625,176.86643981933594,0.6506860256195068,0.9718243437302498,0.9718243437302498,reinspect,reinspect,0.0025671365584928
3_001_20200916_003411(6),3,2020-09-16 00:34:11,477.9133911132813,157.9095916748047,487.8452453613281,168.54183959960938,0.6240113973617554,0.9662690324162868,0.9662690324162868,reinspect,reinspect,0.0029878710471736
3_001_20200916_003411(6),3,2020-09-16 00:34:11,477.5665588378906,158.81846618652344,488.6058349609375,172.5963134765625,0.0011697987793013,0.000244378828261,0.9662690324162868,reinspect,reinspect,0.0029878710471736
3_001_20200916_003416(1),3,2020-09-16 00:34:16,476.8188171386719,167.17088317871094,486.7818908691406,177.56448364257812,0.6135730147361755,0.963870456964122,0.963870456964122,reinspect,reinspect,0.0054315176789124
3_001_20200916_003420(6),3,2020-09-16 00:34:20,477.79736328125,167.089111328125,487.41217041015625,177.32232666015625,0.6065449118614197,0.962178595146936,0.962178595146936,reinspect,reinspect,0.0045435501659788
3_001_20200916_043423(1),3,2020-09-16 04:34:23,478.57080078125,162.1177520751953,488.88763427734375,172.71127319335938,0.6860098242759705,0.9780592502680372,0.9780592502680372,reinspect,reinspect,0.0023395712807307
3_001_20200916_043423(1),3,2020-09-16 04:34:23,477.3066101074219,162.50729370117188,490.1221618652344,175.97186279296875,0.001551131135784,0.0003849158075751,0.9780592502680372,reinspect,reinspect,0.0023395712807307
3_001_20200916_043427(7),3,2020-09-16 04:34:27,477.2886962890625,164.2082061767578,487.42578125,174.87411499023438,0.5967732071876526,0.9597182691099552,0.9597182691099552,reinspect,reinspect,0.0049480501084523
3_001_20200916_043432(0),3,2020-09-16 04:34:32,475.12548828125,164.16046142578125,485.7530212402344,174.86009216308594,0.6843860149383545,0.977797898725774,0.977797898725774,reinspect,reinspect,0.0021089723295934
3_001_20200916_043432(0),3,2020-09-16 04:34:32,471.2152404785156,162.89820861816406,486.4793090820313,175.65574645996094,0.0016658557578921,0.0004317874718251,0.977797898725774,reinspect,reinspect,0.0021089723295934
3_001_20200916_043436(2),3,2020-09-16 04:34:36,471.5166015625,166.8853759765625,481.5496520996094,177.57696533203125,0.6165555119514465,0.9645694726618604,0.9645694726618604,reinspect,reinspect,0.0109754161867005
3_001_20200916_043440(6),3,2020-09-16 04:34:40,482.0556640625,167.43922424316406,492.2448425292969,177.8026580810547,0.6562104821205139,0.9728791374060836,0.9728791374060836,reinspect,reinspect,0.0038907879537488
3_001_20200916_043445(1),3,2020-09-16 04:34:45,477.5797424316406,170.0620880126953,487.8743591308594,180.50942993164065,0.600024938583374,0.9605512835071476,0.9605512835071476,reinspect,reinspect,0.0042694655941266
3_001_20200916_083309(1),3,2020-09-16 08:33:09,479.85784912109375,187.1757659912109,488.951904296875,197.04248046875,0.6568624973297119,0.9730015810533972,0.9730015810533972,reinspect,reinspect,0.0067782804334464
3_001_20200916_083313(6),3,2020-09-16 08:33:13,474.4618225097656,174.32516479492188,483.6515502929688,184.43006896972656,0.5366314053535461,0.941379828209802,0.941379828209802,pass,reinspect,0.0115630631300067
3_001_20200916_083318(0),3,2020-09-16 08:33:18,471.5987854003906,205.3055419921875,481.0490112304688,215.303466796875,0.6293714046478271,0.9674497314114994,0.9674497314114994,reinspect,reinspect,0.0008226781774463
3_001_20200916_083322(4),3,2020-09-16 08:33:22,465.62799072265625,193.30093383789065,474.964599609375,203.05386352539065,0.6730412244796753,0.9759065854171562,0.9759065854171562,reinspect,reinspect,0.0004218572968696
3_001_20200916_083327(0),3,2020-09-16 08:33:27,477.4666748046875,208.2467498779297,486.7923278808594,218.2379302978516,0.5407088398933411,0.9428193648207184,0.9428193648207184,pass,reinspect,0.0118216293953256
3_001_20200916_083327(0),3,2020-09-16 08:33:27,418.90283203125,223.27154541015625,424.551513671875,229.9052581787109,0.0058489516377449,0.0032680505750727,0.9428193648207184,pass,reinspect,0.0118216293953256
3_001_20200916_083331(6),3,2020-09-16 08:33:31,468.28619384765625,187.3681182861328,478.1435546875,197.50222778320312,0.6559787392616272,0.9728355146606326,0.9728355146606326,reinspect,reinspect,0.0065418802352109
3_001_20200916_122859(1),3,2020-09-16 12:28:59,476.1722717285156,195.49386596679688,485.694580078125,205.43209838867188,0.5430039763450623,0.9436158044932746,0.9436158044932746,pass,reinspect,0.0144365972519099
3_001_20200916_122903(5),3,2020-09-16 12:29:03,476.9857177734375,186.9207000732422,486.60260009765625,197.03746032714844,0.5556391477584839,0.9478279588031404,0.9478279588031404,reinspect,reinspect,0.0123487027108766
3_001_20200916_122908(1),3,2020-09-16 12:29:08,478.17431640625,176.2853546142578,488.0244445800781,186.63145446777344,0.62237149477005,0.9659009970283292,0.9659009970283292,reinspect,reinspect,0.0021189330588314
3_001_20200916_122908(1),3,2020-09-16 12:29:08,477.4800415039063,176.6279754638672,489.1399230957031,190.50167846679688,0.0017059750389307,0.0004486572252614,0.9659009970283292,reinspect,reinspect,0.0021189330588314
3_001_20200916_122912(6),3,2020-09-16 12:29:12,483.56201171875,174.24551391601562,493.938720703125,184.9345092773437,0.6162994503974915,0.9645098943897988,0.9645098943897988,reinspect,reinspect,0.0051984384688791
3_001_20200916_122912(6),3,2020-09-16 12:29:12,481.0523071289063,171.18934631347656,494.6475524902344,184.83453369140625,0.0045120813883841,0.0021506086554562,0.9645098943897988,reinspect,reinspect,0.0051984384688791
3_001_20200916_122917(1),3,2020-09-16 12:29:17,469.42962646484375,173.17263793945312,479.6605529785156,183.66818237304688,0.5878832936286926,0.957365622771046,0.957365622771046,reinspect,reinspect,0.0079161208656051
3_001_20200916_122921(6),3,2020-09-16 12:29:21,471.30072021484375,176.38392639160156,481.0858154296875,186.607421875,0.6608611345291138,0.9737432075789616,0.9737432075789616,reinspect,reinspect,0.0025532827377014
3_001_20200917_003431(4),3,2020-09-17 00:34:31,474.0453186035156,227.9724578857422,484.257568359375,238.33580017089844,0.6962028741836548,0.9796483117906216,0.9796483117906216,reinspect,reinspect,0.0015667433009383
3_001_20200917_003431(4),3,2020-09-17 00:34:31,474.186767578125,228.43800354003903,486.7969970703125,241.2816162109375,0.0022873603738844,0.0007195492037561,0.9796483117906216,reinspect,reinspect,0.0015667433009383
3_001_20200917_003431(4),3,2020-09-17 00:34:31,473.4937133789063,225.18313598632807,486.73089599609375,238.03790283203125,0.0016381151508539,0.0004202668970229,0.9796483117906216,reinspect,reinspect,0.0015667433009383
3_001_20200917_003434(7),3,2020-09-17 00:34:34,483.951904296875,215.8536071777344,493.9333190917969,226.1457061767578,0.6134299635887146,0.9638366493190448,0.9638366493190448,reinspect,reinspect,0.0081829153992449
3_001_20200917_003438(0),3,2020-09-17 00:34:38,481.5861206054688,209.18182373046875,491.57421875,219.37648010253903,0.6613991856575012,0.9738417913981054,0.9738417913981054,reinspect,reinspect,0.0099849958335819
3_001_20200917_003441(4),3,2020-09-17 00:34:41,474.9643249511719,215.14015197753903,484.1453857421875,224.44825744628903,0.6861909627914429,0.9780882623259726,0.9780882623259726,reinspect,reinspect,0.0018116906248583
3_001_20200917_003441(4),3,2020-09-17 00:34:41,476.6642456054688,216.5186004638672,486.9588623046875,228.00173950195312,0.002043342217803,0.0005999810715014,0.9780882623259726,reinspect,reinspect,0.0018116906248583
3_001_20200917_003444(9),3,2020-09-17 00:34:44,472.6827392578125,197.5221099853516,483.1380920410156,207.9760284423828,0.7010670900344849,0.9803761518129316,0.9803761518129316,reinspect,reinspect,0.0012241940843933
3_001_20200917_003448(2),3,2020-09-17 00:34:48,476.95318603515625,209.66261291503903,486.8580322265625,220.06539916992188,0.6181283593177795,0.964933649590339,0.964933649590339,reinspect,reinspect,0.0075945224437811
3_001_20200917_084022(3),3,2020-09-17 08:40:22,476.0733947753906,175.88565063476562,485.9914245605469,186.01541137695312,0.6762236952781677,0.9764488730408762,0.9764488730408762,reinspect,reinspect,0.0022708872824693
3_001_20200917_084025(3),3,2020-09-17 08:40:25,480.2154541015625,208.14732360839844,489.436279296875,218.02493286132807,0.6493979692459106,0.971573895899919,0.971573895899919,reinspect,reinspect,0.0058953992873344
3_001_20200917_084031(1),3,2020-09-17 08:40:31,477.799560546875,165.82533264160156,487.4464416503906,176.14747619628906,0.6062033772468567,0.9620947503322596,0.9620947503322596,reinspect,reinspect,0.0040621682805415
3_001_20200917_084034(2),3,2020-09-17 08:40:34,473.0213012695313,232.1904144287109,482.5714721679688,242.4710235595703,0.6466042995452881,0.9710247311935044,0.9710247311935044,reinspect,reinspect,0.0038173399086352
3_001_20200917_084037(3),3,2020-09-17 08:40:37,468.8439025878906,179.6397247314453,478.3505859375,189.5642852783203,0.6400518417358398,0.9697040396284764,0.9697040396284764,reinspect,reinspect,0.0063339266955879
3_001_20200917_084040(4),3,2020-09-17 08:40:40,480.4627685546875,190.66343688964844,489.9244079589844,200.825927734375,0.6990243196487427,0.9800728363653092,0.9800728363653092,reinspect,reinspect,0.0008952082443021
3_001_20200917_084040(4),3,2020-09-17 08:40:40,480.6143798828125,190.1463623046875,493.64788818359375,202.20899963378903,0.001636701868847,0.0004196831363276,0.9800728363653092,reinspect,reinspect,0.0008952082443021
3_001_20200917_123309(3),3,2020-09-17 12:33:09,477.8508911132813,172.17784118652344,487.7850341796875,182.8736572265625,0.6352962255477905,0.968716137452439,0.968716137452439,reinspect,reinspect,0.0013585245172105
3_001_20200917_123313(1),3,2020-09-17 12:33:13,479.53607177734375,200.5976409912109,489.7194213867188,210.989974975586,0.7012122273445129,0.9803975738685666,0.9803975738685666,reinspect,reinspect,0.0012966680202772
3_001_20200917_123316(8),3,2020-09-17 12:33:16,482.5068359375,193.6178741455078,491.46783447265625,202.65660095214844,0.6698850989341736,0.9753595308741256,0.9753595308741256,reinspect,reinspect,0.0018794193217137
3_001_20200917_123316(8),3,2020-09-17 12:33:16,482.6318054199219,193.9229736328125,494.05517578125,205.44976806640625,0.0020152069628238,0.0005867300677611,0.9753595308741256,reinspect,reinspect,0.0018794193217137
3_001_20200917_123325(3),3,2020-09-17 12:33:25,474.6525268554688,205.6313934326172,483.8713989257813,215.2544708251953,0.6832602024078369,0.9776153474174432,0.9776153474174432,reinspect,reinspect,0.0015926751051035
3_001_20200917_123325(3),3,2020-09-17 12:33:25,567.6539916992188,437.650146484375,575.4411010742188,444.0,0.0015913614770397,0.0004011192060601,0.9776153474174432,reinspect,reinspect,0.0015926751051035
3_001_20200917_123329(1),3,2020-09-17 12:33:29,476.6680908203125,212.93441772460932,486.0758972167969,222.58810424804688,0.621186375617981,0.9656330147601672,0.9656330147601672,reinspect,reinspect,0.0068127586575076
3_001_20200917_123340(7),3,2020-09-17 12:33:40,479.162109375,202.02691650390625,488.3765563964844,211.870849609375,0.5986130833625793,0.960191376817533,0.960191376817533,reinspect,reinspect,0.0426228883770398
3_001_20200917_163039(1),3,2020-09-17 16:30:39,471.8839721679688,195.06521606445312,481.5275573730469,205.25894165039065,0.622905433177948,0.9660211799843932,0.9660211799843932,reinspect,reinspect,0.0065855558127341
3_001_20200917_163043(0),3,2020-09-17 16:30:43,467.2546691894531,172.7373504638672,477.1317138671875,182.86849975585932,0.6676504611968994,0.9749665443082944,0.9749665443082944,reinspect,reinspect,0.0106198585641078
3_001_20200917_163043(0),3,2020-09-17 16:30:43,463.8812255859375,172.0737762451172,478.0651245117188,184.2248077392578,0.0014425629051402,0.0003424676918791,0.9749665443082944,reinspect,reinspect,0.0106198585641078
3_001_20200917_163046(8),3,2020-09-17 16:30:46,471.7979736328125,206.984619140625,481.1677551269531,216.4804229736328,0.6439732313156128,0.9704999733010168,0.9704999733010168,reinspect,reinspect,0.0034142396130847
3_001_20200917_163046(8),3,2020-09-17 16:30:46,470.3845825195313,207.6675262451172,481.7215881347656,219.3018798828125,0.0013490917626768,0.0003074496914529,0.9704999733010168,reinspect,reinspect,0.0034142396130847
3_001_20200917_163049(9),3,2020-09-17 16:30:49,478.8798522949219,241.9211578369141,488.18658447265625,251.6555938720703,0.6468149423599243,0.9710664248850496,0.9710664248850496,reinspect,reinspect,0.0034284931292827
3_001_20200917_163052(9),3,2020-09-17 16:30:52,478.6284484863281,230.6259307861328,487.7166442871094,240.3675079345703,0.5563376545906067,0.9480525555261244,0.9480525555261244,reinspect,reinspect,0.0077985894523115
3_001_20200917_163109(2),3,2020-09-17 16:31:09,477.93157958984375,210.1194305419922,486.7956848144531,219.9002227783203,0.544780969619751,0.9442256924429224,0.9442256924429224,pass,reinspect,0.0099086057512291
3_001_20200917_203305(3),3,2020-09-17 20:33:05,474.2463684082031,262.3478088378906,483.3230590820313,272.1934814453125,0.6697817444801331,0.975341458776892,0.975341458776892,reinspect,reinspect,0.0011809029639189
3_001_20200917_203305(3),3,2020-09-17 20:33:05,568.6453857421875,437.6525268554688,575.427734375,444.0,0.0014557344838976,0.0003475168600045,0.975341458776892,reinspect,reinspect,0.0011809029639189
3_001_20200917_203308(8),3,2020-09-17 20:33:08,471.6060791015625,231.3491058349609,480.8776550292969,241.2988739013672,0.5073930621147156,0.9300679374809048,0.9300679374809048,pass,reinspect,0.013352543950995
3_001_20200917_203312(3),3,2020-09-17 20:33:12,471.89068603515625,230.3303985595703,480.7166748046875,239.65174865722656,0.5810614228248596,0.9554828908962204,0.9554828908962204,reinspect,reinspect,0.0055554483606428
3_001_20200917_203312(3),3,2020-09-17 20:33:12,472.3090515136719,228.1558990478516,483.4937744140625,238.7857208251953,0.0020221206359565,0.0005899758132923,0.9554828908962204,reinspect,reinspect,0.0055554483606428
3_001_20200917_203315(7),3,2020-09-17 20:33:15,471.2610473632813,171.58609008789062,480.8204956054688,181.1117553710937,0.6115686297416687,0.963394395096429,0.963394395096429,reinspect,reinspect,0.0067186496894646
3_001_20200917_203315(7),3,2020-09-17 20:33:15,471.3816223144531,167.15138244628906,481.5921020507813,179.5345001220703,0.0016188787994906,0.0004123477372058,0.963394395096429,reinspect,reinspect,0.0067186496894646
3_001_20200917_203322(3),3,2020-09-17 20:33:22,472.7518005371094,232.3373260498047,481.658203125,242.2132568359375,0.5484173893928528,0.9454556655095088,0.9454556655095088,pass,reinspect,0.01145400318002
3_001_20200917_203322(3),3,2020-09-17 20:33:22,473.95458984375,234.10321044921875,483.6893310546875,244.90771484375,0.0027908470947295,0.0009914440946136,0.9454556655095088,pass,reinspect,0.01145400318002
3_001_20200917_203322(3),3,2020-09-17 20:33:22,568.7737426757812,437.6650085449219,575.4620971679688,444.0,0.0023227958008646,0.0007375920954461,0.9454556655095088,pass,reinspect,0.01145400318002
3_001_20200917_203325(7),3,2020-09-17 20:33:25,475.3379821777344,232.1885681152344,484.0568237304688,241.88433837890625,0.5230098366737366,0.9363333351261304,0.9363333351261304,pass,reinspect,0.024900944537493
3_001_20200917_203325(7),3,2020-09-17 20:33:25,475.4323425292969,233.7621459960937,484.6826171875,244.8380126953125,0.0029427302069962,0.0010798264658575,0.9363333351261304,pass,reinspect,0.024900944537493
3_001_20200918_004019(6),3,2020-09-18 00:40:19,481.7252197265625,245.1669921875,491.306396484375,255.06358337402344,0.657503604888916,0.973121559885591,0.973121559885591,reinspect,reinspect,0.015191063869258
3_001_20200918_004019(6),3,2020-09-18 00:40:19,480.6458129882813,246.3745574951172,491.5122680664063,258.9599304199219,0.0010301120346412,0.0001991386592394,0.973121559885591,reinspect,reinspect,0.015191063869258
3_001_20200918_004022(5),3,2020-09-18 00:40:22,476.4267272949219,207.71517944335932,485.8979187011719,217.25299072265625,0.64295893907547,0.9702956966084508,0.9702956966084508,reinspect,reinspect,0.0026386824937669
3_001_20200918_004025(8),3,2020-09-18 00:40:25,477.0354614257813,224.97711181640625,487.1865234375,235.5022430419922,0.624197781085968,0.96631065816728,0.96631065816728,reinspect,reinspect,0.0032178211893767
3_001_20200918_004029(0),3,2020-09-18 00:40:29,475.2972106933594,289.39892578125,483.8254699707031,298.8640441894531,0.4465246200561523,0.8997807758612179,0.8997807758612179,pass,reinspect,0.0289371981144524
3_001_20200918_004029(0),3,2020-09-18 00:40:29,476.76904296875,289.6431579589844,486.6741027832031,300.3263854980469,0.0055432780645787,0.0029970684701897,0.8997807758612179,pass,reinspect,0.0289371981144524
3_001_20200918_004029(0),3,2020-09-18 00:40:29,476.0262756347656,291.7440490722656,484.6884460449219,302.50262451171875,0.0018498342251405,0.0005111423647855,0.8997807758612179,pass,reinspect,0.0289371981144524
3_001_20200918_004029(0),3,2020-09-18 00:40:29,569.054931640625,437.5897216796875,575.400390625,444.0,0.001636528992094,0.0004196117501737,0.8997807758612179,pass,reinspect,0.0289371981144524
3_001_20200918_004032(2),3,2020-09-18 00:40:32,465.3307495117188,121.43157958984376,475.9591369628906,132.17417907714844,0.693200409412384,0.9791893366694552,0.9791893366694552,reinspect,reinspect,0.0023173128033482
3_001_20200918_004036(3),3,2020-09-18 00:40:36,480.3965759277344,184.369873046875,490.6268310546875,194.79559326171875,0.7036057710647583,0.980748420901396,0.980748420901396,reinspect,reinspect,0.0003177502449194
3_001_20200918_004036(3),3,2020-09-18 00:40:36,477.8160400390625,185.23468017578125,490.86956787109375,197.7589874267578,0.0016613353509455,0.0004299021021441,0.980748420901396,reinspect,reinspect,0.0003177502449194
3_001_20200918_043556(8),3,2020-09-18 04:35:56,483.8265686035156,206.416244506836,493.7687377929688,216.63905334472656,0.6684725284576416,0.9751116634960212,0.9751116634960212,reinspect,reinspect,0.0031471431933875
3_001_20200918_043559(9),3,2020-09-18 04:35:59,472.9122009277344,217.6542816162109,482.7501220703125,227.93809509277344,0.6603633761405945,0.9736517526275223,0.9736517526275223,reinspect,reinspect,0.0072279812292165
3_001_20200918_043602(9),3,2020-09-18 04:36:02,481.27532958984375,209.7414703369141,491.30560302734375,220.1504669189453,0.5855467319488525,0.9567284894460132,0.9567284894460132,reinspect,reinspect,0.0115997836812307
3_001_20200918_043606(0),3,2020-09-18 04:36:06,468.3909912109375,265.1302490234375,478.677490234375,275.525390625,0.7043033838272095,0.9808498172217616,0.9808498172217616,reinspect,reinspect,0.0022888393872312
3_001_20200918_043609(2),3,2020-09-18 04:36:09,472.3992309570313,181.5436248779297,482.494140625,192.13983154296875,0.6597638130187988,0.9735412680544552,0.9735412680544552,reinspect,reinspect,0.005316488741147
3_001_20200918_043612(4),3,2020-09-18 04:36:12,471.5874633789063,169.6145477294922,481.5362548828125,179.8467559814453,0.6853142976760864,0.9779475865737712,0.9779475865737712,reinspect,reinspect,0.002285644050823
3_001_20200918_043612(4),3,2020-09-18 04:36:12,470.2664794921875,170.2695770263672,482.4197692871094,183.183837890625,0.0016398824518546,0.0004209973197844,0.9779475865737712,reinspect,reinspect,0.002285644050823
3_001_20200918_083036(8),3,2020-09-18 08:30:36,474.5519104003906,169.0609130859375,482.8984375,178.68655395507812,0.6589157581329346,0.9733843847898476,0.9733843847898476,reinspect,reinspect,0.0025129180996577
3_001_20200918_083036(8),3,2020-09-18 08:30:36,474.9053955078125,168.6768035888672,486.4600524902344,179.89450073242188,0.0022796059492975,0.0007156235071404,0.9733843847898476,reinspect,reinspect,0.0025129180996577
3_001_20200918_083039(9),3,2020-09-18 08:30:39,474.722900390625,198.29278564453125,483.4651794433594,208.0100250244141,0.6763999462127686,0.9764786349828264,0.9764786349828264,reinspect,reinspect,0.0031464257451239
3_001_20200918_083042(8),3,2020-09-18 08:30:42,481.72662353515625,237.52688598632807,491.0385437011719,247.26077270507807,0.6673517823219299,0.9749136596378034,0.9749136596378034,reinspect,reinspect,0.0049877739428594
3_001_20200918_083045(5),3,2020-09-18 08:30:45,469.93798828125,141.0894775390625,479.8083190917969,151.33724975585938,0.5889597535133362,0.9576564836817388,0.9576564836817388,reinspect,reinspect,0.0096493491150083
3_001_20200918_083048(5),3,2020-09-18 08:30:48,477.9818420410156,252.25393676757807,487.1541137695313,262.06134033203125,0.5498915910720825,0.9459474603330076,0.9459474603330076,pass,reinspect,0.0159841836146415
3_001_20200918_083051(4),3,2020-09-18 08:30:51,478.4262390136719,260.318359375,487.6382751464844,270.40191650390625,0.4545096457004547,0.9043633258147517,0.9043633258147517,pass,reinspect,0.0250597454625101
3_001_20200918_083051(4),3,2020-09-18 08:30:51,568.8729248046875,437.7117309570313,575.4627685546875,444.0,0.0079316953197121,0.0053410858255506,0.9043633258147517,pass,reinspect,0.0250597454625101
3_001_20200918_123033(2),3,2020-09-18 12:30:33,478.5249328613281,144.997314453125,488.0953674316406,155.32528686523438,0.5339294075965881,0.9404082293752172,0.9404082293752172,pass,reinspect,0.0198811588675402
3_001_20200918_123038(9),3,2020-09-18 12:30:38,471.32269287109375,184.450912475586,480.51275634765625,194.01937866210932,0.5574130415916443,0.9483966870314988,0.9483966870314988,reinspect,reinspect,0.0035204779979064
3_001_20200918_123038(9),3,2020-09-18 12:30:38,471.5405578613281,185.5279998779297,481.8342895507813,197.95037841796875,0.001555367023684,0.0003866099161698,0.9483966870314988,reinspect,reinspect,0.0035204779979064
3_001_20200918_123042(8),3,2020-09-18 12:30:42,478.8161315917969,169.3384246826172,488.2316284179688,179.1936492919922,0.6398643851280212,0.969665571819166,0.969665571819166,reinspect,reinspect,0.0073024580522783
3_001_20200918_123046(4),3,2020-09-18 12:30:46,476.5186767578125,157.99813842773438,486.4195556640625,168.4070281982422,0.6412330269813538,0.9699455453890384,0.9699455453890384,reinspect,reinspect,0.0016248184382607
3_001_20200918_123050(1),3,2020-09-18 12:30:50,476.545166015625,146.1975555419922,486.1094055175781,156.0740966796875,0.5997607707977295,0.960484148691716,0.960484148691716,reinspect,reinspect,0.0102276823655027
3_001_20200918_123054(1),3,2020-09-18 12:30:54,482.2460632324219,164.12623596191406,492.4987182617188,174.6535186767578,0.696893036365509,0.9797527591775628,0.9797527591775628,reinspect,reinspect,0.0008824975539312
3_001_20200918_163052(9),3,2020-09-18 16:30:52,471.4635314941406,221.645263671875,481.068115234375,231.5353240966797,0.6611719131469727,0.9738001843561568,0.9738001843561568,reinspect,reinspect,0.0037363338053958
3_001_20200918_163056(2),3,2020-09-18 16:30:56,481.8545227050781,216.19940185546875,491.8361511230469,226.3354949951172,0.6666415333747864,0.9747875601007204,0.9747875601007204,reinspect,reinspect,0.0154445222858659
3_001_20200918_163056(2),3,2020-09-18 16:30:56,478.312255859375,215.5680084228516,492.910888671875,227.91384887695312,0.0011903793783858,0.0002513377942166,0.9747875601007204,reinspect,reinspect,0.0154445222858659
3_001_20200918_163059(3),3,2020-09-18 16:30:59,478.724609375,243.1455078125,488.51959228515625,253.1134033203125,0.6775525808334351,0.9766725745157904,0.9766725745157904,reinspect,reinspect,0.0017298926604158
3_001_20200918_163104(4),3,2020-09-18 16:31:04,475.5408325195313,158.1219024658203,484.6234436035156,167.7740020751953,0.6672681570053101,0.9748988375564934,0.9748988375564934,reinspect,reinspect,0.0043980854317857
3_001_20200918_163107(6),3,2020-09-18 16:31:07,478.3236083984375,208.54083251953125,486.626220703125,218.00010681152344,0.4208510816097259,0.8835631738652473,0.8835631738652473,pass,reinspect,0.0179872916049311
3_001_20200918_163110(8),3,2020-09-18 16:31:10,463.1280517578125,162.99871826171875,473.73138427734375,173.6644744873047,0.6547205448150635,0.9725977274321232,0.9725977274321232,reinspect,reinspect,0.0029765268360124
3_001_20200921_112114(8),3,2020-09-21 11:21:14,478.5674133300781,191.3988342285156,489.0198059082031,201.81971740722656,0.6725837588310242,0.9758278671073836,0.9758278671073836,reinspect,reinspect,0.0021244130589276
3_001_20200921_112114(8),3,2020-09-21 11:21:14,569.9006958007812,121.19121551513672,576.0,133.0711669921875,0.0160475391894578,0.0166215419207452,0.9758278671073836,reinspect,reinspect,0.0021244130589276
3_001_20200921_112114(8),3,2020-09-21 11:21:14,477.2576293945313,192.0797271728516,490.32958984375,204.99220275878903,0.0030459216795861,0.0011414985078175,0.9758278671073836,reinspect,reinspect,0.0021244130589276
3_001_20200921_112118(0),3,2020-09-21 11:21:18,474.8758850097656,210.4051055908203,484.5526428222656,220.44320678710932,0.5700200200080872,0.9522860633377742,0.9522860633377742,reinspect,reinspect,0.0221261352420808
3_001_20200921_112118(0),3,2020-09-21 11:21:18,570.3975830078125,77.89137268066406,576.0,89.51715087890625,0.0014931799378246,0.0003620237423468,0.9522860633377742,reinspect,reinspect,0.0221261352420808
3_001_20200921_112118(0),3,2020-09-21 11:21:18,570.7688598632812,148.96678161621094,575.9566040039062,159.40208435058594,0.001171845360659,0.0002450675216307,0.9522860633377742,reinspect,reinspect,0.0221261352420808
3_001_20200921_112118(0),3,2020-09-21 11:21:18,568.38525390625,437.7745666503906,575.4740600585938,444.0,0.001015534158796,0.0001946216265226,0.9522860633377742,reinspect,reinspect,0.0221261352420808
3_001_20200921_112121(3),3,2020-09-21 11:21:21,470.2489013671875,180.8783721923828,480.7496337890625,191.76809692382807,0.5516120195388794,0.946516474537572,0.946516474537572,pass,reinspect,0.0137717446111831
3_001_20200921_112121(3),3,2020-09-21 11:21:21,570.5985717773438,292.53131103515625,576.0,304.0033264160156,0.0010075350292026,0.0001921597860869,0.946516474537572,pass,reinspect,0.0137717446111831
3_001_20200921_112127(9),3,2020-09-21 11:21:27,471.6394348144531,192.0299072265625,482.0350341796875,202.3335418701172,0.6683735251426697,0.9750942204295348,0.9750942204295348,reinspect,reinspect,0.002166805982218
3_001_20200921_112127(9),3,2020-09-21 11:21:27,569.6301879882812,266.6528625488281,575.7461547851562,277.3152160644531,0.0019919408950954,0.0005758574440093,0.9750942204295348,reinspect,reinspect,0.002166805982218
3_001_20200921_112127(9),3,2020-09-21 11:21:27,565.6387939453125,268.4752502441406,573.6957397460938,278.4136962890625,0.0018028583144769,0.0004903989840447,0.9750942204295348,reinspect,reinspect,0.002166805982218
3_001_20200921_112145(1),3,2020-09-21 11:21:45,471.36663818359375,195.7303771972656,481.3545227050781,206.1234436035156,0.5871601104736328,0.957169275380877,0.957169275380877,reinspect,reinspect,0.0112619755961216
3_001_20200921_112145(1),3,2020-09-21 11:21:45,570.737548828125,306.0534973144531,576.0,316.8416442871094,0.0013551415177062,0.0003096726312781,0.957169275380877,reinspect,reinspect,0.0112619755961216
3_001_20200921_112145(1),3,2020-09-21 11:21:45,570.8651123046875,328.3827209472656,576.0,338.7245788574219,0.0013417099835351,0.0003047455483083,0.957169275380877,reinspect,reinspect,0.0112619755961216
3_001_20200921_112148(7),3,2020-09-21 11:21:48,475.7457885742188,226.4732666015625,485.714111328125,236.51300048828125,0.6918224096298218,0.97897616749522,0.97897616749522,reinspect,reinspect,0.0020813770618963
3_001_20200921_112148(7),3,2020-09-21 11:21:48,570.3488159179688,286.828125,576.0,297.33160400390625,0.0030853694770485,0.0011654170962317,0.97897616749522,reinspect,reinspect,0.0020813770618963
3_001_20200921_112148(7),3,2020-09-21 11:21:48,559.6975708007812,214.72415161132807,567.8036499023438,223.4610290527344,0.002813181374222,0.0010042603032164,0.97897616749522,reinspect,reinspect,0.0020813770618963
3_001_20200921_112148(7),3,2020-09-21 11:21:48,557.0192260742188,213.90821838378903,566.4545288085938,223.23614501953125,0.0010040868073701,0.0001911022184973,0.97897616749522,reinspect,reinspect,0.0020813770618963
3_001_20200921_123501(8),3,2020-09-21 12:35:01,478.6202392578125,161.8677215576172,488.0208129882813,171.77117919921875,0.6206916570663452,0.965520645398303,0.965520645398303,reinspect,reinspect,0.0036745151362207
3_001_20200921_123501(8),3,2020-09-21 12:35:01,248.52023315429688,23.18208122253418,258.4564514160156,33.13570022583008,0.0068933223374187,0.0042594678089238,0.965520645398303,reinspect,reinspect,0.0036745151362207
3_001_20200921_123501(8),3,2020-09-21 12:35:01,570.719970703125,278.037841796875,576.0,288.90313720703125,0.0040551251731812,0.0018105070472949,0.965520645398303,reinspect,reinspect,0.0036745151362207
3_001_20200921_123501(8),3,2020-09-21 12:35:01,570.3621215820312,15.828153610229492,576.0,29.622222900390625,0.0010043485090136,0.000191182404605,0.965520645398303,reinspect,reinspect,0.0036745151362207
3_001_20200921_123506(3),3,2020-09-21 12:35:06,471.3411560058594,173.33303833007812,480.7891845703125,183.3450469970703,0.5580401420593262,0.9485964462430924,0.9485964462430924,reinspect,reinspect,0.0151383379679701
3_001_20200921_123506(3),3,2020-09-21 12:35:06,570.5906372070312,342.9886474609375,576.0,354.03662109375,0.0014755383599549,0.0003551611035422,0.9485964462430924,reinspect,reinspect,0.0151383379679701
3_001_20200921_123510(8),3,2020-09-21 12:35:10,469.9881896972656,169.28981018066406,479.87060546875,179.41659545898438,0.5789494514465332,0.954885946971735,0.954885946971735,reinspect,reinspect,0.0062920321844421
3_001_20200921_123510(8),3,2020-09-21 12:35:10,569.2694091796875,373.7996826171875,576.0,385.78466796875,0.0023689519148319,0.0007613474274584,0.954885946971735,reinspect,reinspect,0.0062920321844421
3_001_20200921_123510(8),3,2020-09-21 12:35:10,570.41943359375,330.421142578125,576.0,340.72314453125,0.0012311848113313,0.000265353401695,0.954885946971735,reinspect,reinspect,0.0062920321844421
3_001_20200921_123515(3),3,2020-09-21 12:35:15,478.5989379882813,170.4036102294922,487.4910583496094,179.36740112304688,0.4616069793701172,0.9082675098600616,0.9082675098600616,pass,reinspect,0.0514054601557372
3_001_20200921_123515(3),3,2020-09-21 12:35:15,477.2608642578125,167.71389770507812,487.3346557617188,178.01820373535156,0.0033632288686931,0.0013391714469889,0.9082675098600616,pass,reinspect,0.0514054601557372
3_001_20200921_123515(3),3,2020-09-21 12:35:15,570.7262573242188,75.01571655273438,576.0,86.26152801513672,0.0018574197310954,0.000514522468968,0.9082675098600616,pass,reinspect,0.0514054601557372
3_001_20200921_123524(3),3,2020-09-21 12:35:24,471.926513671875,173.602294921875,481.28662109375,183.44615173339844,0.5705791711807251,0.952452543597876,0.952452543597876,reinspect,reinspect,0.0159433352483751
3_001_20200921_123528(7),3,2020-09-21 12:35:28,476.1661376953125,168.65875244140625,485.0237426757813,177.93392944335938,0.6322817206382751,0.96807680527181,0.96807680527181,reinspect,reinspect,0.0162949916163511
3_001_20200921_163325(1),3,2020-09-21 16:33:25,475.7890625,175.40463256835938,485.24896240234375,185.2284393310547,0.6549001336097717,0.9726317662033106,0.9726317662033106,reinspect,reinspect,0.0017058602524726
3_001_20200921_163325(1),3,2020-09-21 16:33:25,0.0,0.0,6.555940628051758,5.084839820861816,0.0020946485456079,0.000624433288164,0.9726317662033106,reinspect,reinspect,0.0017058602524726
3_001_20200921_163325(1),3,2020-09-21 16:33:25,471.15960693359375,174.90089416503906,485.0860900878906,186.23524475097656,0.001335184671916,0.0003023627079684,0.9726317662033106,reinspect,reinspect,0.0017058602524726
3_001_20200921_163329(4),3,2020-09-21 16:33:29,481.5076904296875,167.2200927734375,491.3494567871094,177.36099243164062,0.6074548959732056,0.9624012464439924,0.9624012464439924,reinspect,reinspect,0.0138142381896365
3_001_20200921_163329(4),3,2020-09-21 16:33:29,322.6185607910156,343.857666015625,329.6537780761719,351.7328796386719,0.0030623786151409,0.0011514539966011,0.9624012464439924,reinspect,reinspect,0.0138142381896365
3_001_20200921_163333(8),3,2020-09-21 16:33:33,472.8433227539063,172.24465942382812,482.3272705078125,181.85044860839844,0.6846615076065063,0.9778424010519116,0.9778424010519116,reinspect,reinspect,0.0049256650068882
3_001_20200921_163333(8),3,2020-09-21 16:33:33,570.2333984375,59.89607238769531,576.0,72.53881072998047,0.0230966862291097,0.0297988021735612,0.9778424010519116,reinspect,reinspect,0.0049256650068882
3_001_20200921_163333(8),3,2020-09-21 16:33:33,570.4312133789062,287.849365234375,576.0,297.4672546386719,0.0036529363133013,0.001529949120677,0.9778424010519116,reinspect,reinspect,0.0049256650068882
3_001_20200921_163333(8),3,2020-09-21 16:33:33,570.5327758789062,290.3351135253906,576.0,302.84429931640625,0.0019856442231684,0.0005729282007366,0.9778424010519116,reinspect,reinspect,0.0049256650068882
3_001_20200921_163338(1),3,2020-09-21 16:33:38,471.7472534179688,169.4630126953125,481.1892395019531,179.2942352294922,0.6470987796783447,0.97112253213167,0.97112253213167,reinspect,reinspect,0.0124241812045191
3_001_20200921_163338(1),3,2020-09-21 16:33:38,569.9925537109375,49.27072143554688,576.0,60.05398178100586,0.0399927496910095,0.0709680460688764,0.97112253213167,reinspect,reinspect,0.0124241812045191
3_001_20200921_163338(1),3,2020-09-21 16:33:38,570.8395385742188,208.4139404296875,575.6425170898438,217.9199066162109,0.0011675817659124,0.0002436336128491,0.97112253213167,reinspect,reinspect,0.0124241812045191
3_001_20200921_163342(6),3,2020-09-21 16:33:42,472.286865234375,168.83900451660156,482.1255493164063,179.04881286621094,0.6683209538459778,0.975084954292216,0.975084954292216,reinspect,reinspect,0.002443901004297
3_001_20200921_163342(6),3,2020-09-21 16:33:42,233.51901245117188,23.54318618774414,242.5623016357422,32.89635467529297,0.0031854237895458,0.0012269251782879,0.975084954292216,reinspect,reinspect,0.002443901004297
3_001_20200921_163342(6),3,2020-09-21 16:33:42,570.3092041015625,48.48231506347656,575.9779052734375,59.612342834472656,0.0019275398226454,0.0005461665690637,0.975084954292216,reinspect,reinspect,0.002443901004297
3_001_20200921_163346(9),3,2020-09-21 16:33:46,469.9212646484375,177.8942413330078,480.0989990234375,188.1334991455078,0.5478633046150208,0.9452698087627756,0.9452698087627756,pass,reinspect,0.0105727142117439
3_001_20200921_163346(9),3,2020-09-21 16:33:46,569.568359375,286.8005676269531,575.8988037109375,297.1806640625,0.0010338145075365,0.0002002921403976,0.9452698087627756,pass,reinspect,0.0105727142117439
3_001_20200921_202521(5),3,2020-09-21 20:25:21,479.9146728515625,206.60255432128903,489.8232421875,216.38629150390625,0.682138204574585,0.977432305920234,0.977432305920234,reinspect,reinspect,0.0015253813622232
3_001_20200921_202526(0),3,2020-09-21 20:25:26,463.860107421875,178.51095581054688,473.759033203125,189.14654541015625,0.6198848485946655,0.9653367510783823,0.9653367510783823,reinspect,reinspect,0.0027205541025421
3_001_20200921_202526(0),3,2020-09-21 20:25:26,475.7555541992188,179.89149475097656,481.674560546875,191.4281768798828,0.0063936985097825,0.0037727452366251,0.9653367510783823,reinspect,reinspect,0.0027205541025421
3_001_20200921_202526(0),3,2020-09-21 20:25:26,481.0610961914063,183.54995727539065,487.8893127441406,192.41932678222656,0.0028623477555811,0.0010326936357675,0.9653367510783823,reinspect,reinspect,0.0027205541025421
3_001_20200921_202526(0),3,2020-09-21 20:25:26,462.6888732910156,175.04237365722656,474.7892150878906,188.46437072753903,0.0027968399226665,0.0009948768494262,0.9653367510783823,reinspect,reinspect,0.0027205541025421
3_001_20200921_202526(0),3,2020-09-21 20:25:26,570.545166015625,150.76292419433594,576.0,161.6514434814453,0.0017629626672714,0.0004730394848734,0.9653367510783823,reinspect,reinspect,0.0027205541025421
3_001_20200921_202526(0),3,2020-09-21 20:25:26,570.4204711914062,153.57528686523438,576.0,166.42686462402344,0.0014906816650182,0.0003610488768483,0.9653367510783823,reinspect,reinspect,0.0027205541025421
3_001_20200921_202530(4),3,2020-09-21 20:25:30,476.8284301757813,205.56285095214844,486.4534606933594,215.3023376464844,0.604618489742279,0.9617036628776772,0.9617036628776772,reinspect,reinspect,0.0056657392349194
3_001_20200921_202530(4),3,2020-09-21 20:25:30,570.2564697265625,309.3171081542969,576.0,319.40869140625,0.0014800709905102,0.0003569195532065,0.9617036628776772,reinspect,reinspect,0.0056657392349194
3_001_20200921_202534(9),3,2020-09-21 20:25:34,484.0209045410156,217.5595092773437,493.6844787597656,227.54299926757807,0.5006351470947266,0.927186312621184,0.927186312621184,pass,reinspect,0.0267167878993261
3_001_20200921_202534(9),3,2020-09-21 20:25:34,570.5597534179688,347.2756652832031,576.0,359.3370056152344,0.0064040943980216,0.0037826430152401,0.927186312621184,pass,reinspect,0.0267167878993261
3_001_20200921_202534(9),3,2020-09-21 20:25:34,570.407958984375,345.2653503417969,576.0,355.4928894042969,0.0044433185830712,0.0020980143188928,0.927186312621184,pass,reinspect,0.0267167878993261
3_001_20200921_202534(9),3,2020-09-21 20:25:34,570.2002563476562,410.2117309570313,576.0,424.6347961425781,0.0016949040582403,0.000443977483914,0.927186312621184,pass,reinspect,0.0267167878993261
3_001_20200921_202534(9),3,2020-09-21 20:25:34,570.3527221679688,150.72384643554688,576.0,160.97181701660156,0.0014275441644713,0.0003367447244916,0.927186312621184,pass,reinspect,0.0267167878993261
3_001_20200921_202539(4),3,2020-09-21 20:25:39,476.457763671875,203.98243713378903,486.4425659179688,214.2206420898437,0.6400678753852844,0.9697073280916712,0.9697073280916712,reinspect,reinspect,0.0039206610181269
3_001_20200921_202539(4),3,2020-09-21 20:25:39,566.9281005859375,19.65583229064941,575.8380737304688,33.445953369140625,0.013672593049705,0.0128460875595243,0.9697073280916712,reinspect,reinspect,0.0039206610181269
3_001_20200921_202539(4),3,2020-09-21 20:25:39,570.1874389648438,83.50560760498047,576.0,95.6431121826172,0.0103693315759301,0.0082278442438231,0.9697073280916712,reinspect,reinspect,0.0039206610181269
3_001_20200921_202539(4),3,2020-09-21 20:25:39,475.856201171875,200.0613250732422,486.8987731933594,212.83721923828125,0.0015642635989934,0.0003901772146584,0.9697073280916712,reinspect,reinspect,0.0039206610181269
3_001_20200921_202547(2),3,2020-09-21 20:25:47,466.6134033203125,240.5194702148437,476.5716247558594,250.59063720703125,0.6845036149024963,0.9778169036119548,0.9778169036119548,reinspect,reinspect,0.0065404754717174
3_001_20200921_202547(2),3,2020-09-21 20:25:47,567.9618530273438,437.7657470703125,575.3843994140625,444.0,0.0027960275765508,0.0009944112647953,0.9778169036119548,reinspect,reinspect,0.0065404754717174
3_001_20200921_202547(2),3,2020-09-21 20:25:47,570.7499389648438,175.02389526367188,576.0,186.55569458007807,0.00198276899755,0.0005715925191262,0.9778169036119548,reinspect,reinspect,0.0065404754717174
3_001_20200921_202547(2),3,2020-09-21 20:25:47,411.8048095703125,87.275634765625,420.0525817871094,96.02346801757812,0.0015508388169109,0.0003847990012328,0.9778169036119548,reinspect,reinspect,0.0065404754717174
3_001_20200921_202547(2),3,2020-09-21 20:25:47,570.5226440429688,172.30799865722656,576.0,182.9193572998047,0.0015209616394713,0.0003729316726803,0.9778169036119548,reinspect,reinspect,0.0065404754717174
3_001_20200922_003308(2),3,2020-09-22 00:33:08,480.1954650878906,178.0207977294922,489.6388854980469,187.4140167236328,0.6708492040634155,0.9755276268709944,0.9755276268709944,reinspect,reinspect,0.0023469406526128
3_001_20200922_003308(2),3,2020-09-22 00:33:08,479.6744995117188,178.29176330566406,491.1953125,190.7378387451172,0.0034922296181321,0.0014229271529196,0.9755276268709944,reinspect,reinspect,0.0023469406526128
3_001_20200922_003312(7),3,2020-09-22 00:33:12,469.54791259765625,152.00584411621094,479.48382568359375,162.1869354248047,0.5362192392349243,0.9412325370192468,0.9412325370192468,pass,reinspect,0.0227228800349466
3_001_20200922_003317(2),3,2020-09-22 00:33:17,476.7591247558594,184.5110321044922,486.56353759765625,194.3570098876953,0.6249357461929321,0.966475064726942,0.966475064726942,reinspect,reinspect,0.0050635196185523
3_001_20200922_003317(2),3,2020-09-22 00:33:17,570.2298583984375,119.61865997314452,576.0,130.92286682128906,0.0158219262957572,0.0162474707372374,0.966475064726942,reinspect,reinspect,0.0050635196185523
3_001_20200922_003317(2),3,2020-09-22 00:33:17,476.2541198730469,185.67361450195312,488.3054809570313,197.9251708984375,0.0028880066238343,0.0010476519498223,0.966475064726942,reinspect,reinspect,0.0050635196185523
3_001_20200922_003317(2),3,2020-09-22 00:33:17,570.5684204101562,284.1102294921875,575.8709716796875,295.29364013671875,0.0010046992683783,0.0001912898982508,0.966475064726942,reinspect,reinspect,0.0050635196185523
3_001_20200922_003321(7),3,2020-09-22 00:33:21,479.44329833984375,186.0311584472656,488.73486328125,195.64288330078125,0.6590351462364197,0.9734065137891962,0.9734065137891962,reinspect,reinspect,0.0024169347765175
3_001_20200922_003321(7),3,2020-09-22 00:33:21,570.3057861328125,165.08236694335938,575.9591064453125,175.4906463623047,0.0046024713665246,0.0022204957908037,0.9734065137891962,reinspect,reinspect,0.0024169347765175
3_001_20200922_003321(7),3,2020-09-22 00:33:21,339.5519104003906,368.1243286132813,346.8825378417969,376.3150634765625,0.0015299859223887,0.0003765012709709,0.9734065137891962,reinspect,reinspect,0.0024169347765175
3_001_20200922_003321(7),3,2020-09-22 00:33:21,570.046630859375,17.188304901123047,576.0,30.673439025878903,0.0011354440357536,0.0002329283302932,0.9734065137891962,reinspect,reinspect,0.0024169347765175
3_001_20200922_003326(6),3,2020-09-22 00:33:26,473.8164367675781,182.71847534179688,482.693603515625,192.60104370117188,0.6504859328269958,0.971785551142051,0.971785551142051,reinspect,reinspect,0.0060719920801905
3_001_20200922_003326(6),3,2020-09-22 00:33:26,474.4926452636719,182.4717254638672,486.5067443847656,193.90879821777344,0.0026710489764809,0.0009237741820454,0.971785551142051,reinspect,reinspect,0.0060719920801905
3_001_20200922_003330(7),3,2020-09-22 00:33:30,479.93170166015625,239.08688354492188,490.0749206542969,249.61903381347656,0.6403692364692688,0.96976908415176,0.96976908415176,reinspect,reinspect,0.0068740187171291
3_001_20200922_043310(0),3,2020-09-22 04:33:10,469.5655517578125,179.483642578125,479.3006286621094,189.57760620117188,0.6061995625495911,0.962093812982336,0.962093812982336,reinspect,reinspect,0.0032806606127243
3_001_20200922_043314(4),3,2020-09-22 04:33:14,474.9458618164063,211.8730926513672,484.0829772949219,221.5536346435547,0.6733974814414978,0.9759677541087703,0.9759677541087703,reinspect,reinspect,0.0015385145613253
3_001_20200922_043314(4),3,2020-09-22 04:33:14,379.3781433105469,20.98493766784668,391.6197204589844,32.36239242553711,0.0052485195919871,0.002744297734509,0.9759677541087703,reinspect,reinspect,0.0015385145613253
3_001_20200922_043314(4),3,2020-09-22 04:33:14,375.5403137207031,215.861068725586,381.4265747070313,222.25912475585932,0.0033955469261854,0.0013599728212698,0.9759677541087703,reinspect,reinspect,0.0015385145613253
3_001_20200922_043314(4),3,2020-09-22 04:33:14,564.6654052734375,311.95562744140625,572.5707397460938,321.90594482421875,0.0024158442392945,0.0007857735741953,0.9759677541087703,reinspect,reinspect,0.0015385145613253
3_001_20200922_043318(9),3,2020-09-22 04:33:18,485.4628601074219,214.1782073974609,495.43646240234375,224.4760284423828,0.6342570781707764,0.9684969107988348,0.9684969107988348,reinspect,reinspect,0.0029217610042702
3_001_20200922_043318(9),3,2020-09-22 04:33:18,570.426513671875,218.9271545410156,576.0,231.0710906982422,0.0036672700662165,0.0015396375057448,0.9684969107988348,reinspect,reinspect,0.0029217610042702
3_001_20200922_043318(9),3,2020-09-22 04:33:18,481.7176208496094,212.8726501464844,496.0180969238281,225.1880798339844,0.0011166431941092,0.0002267505784548,0.9684969107988348,reinspect,reinspect,0.0029217610042702
3_001_20200922_043323(4),3,2020-09-22 04:33:23,476.67083740234375,186.30209350585932,486.7786865234375,196.67791748046875,0.6313248872756958,0.9678717142516754,0.9678717142516754,reinspect,reinspect,0.0027596383551578
3_001_20200922_043327(8),3,2020-09-22 04:33:27,479.6661376953125,206.57455444335932,489.3207092285156,216.1744842529297,0.6706055402755737,0.9754852253031586,0.9754852253031586,reinspect,reinspect,0.0022302010723195
3_001_20200922_043327(8),3,2020-09-22 04:33:27,570.5872192382812,356.9422302246094,576.0,368.6224365234375,0.0051819612272083,0.0026883987021371,0.9754852253031586,reinspect,reinspect,0.0022302010723195
3_001_20200922_043327(8),3,2020-09-22 04:33:27,468.8454895019531,386.3728637695313,476.8049926757813,394.6606140136719,0.0027850961778312,0.0009881541517483,0.9754852253031586,reinspect,reinspect,0.0022302010723195
3_001_20200922_043327(8),3,2020-09-22 04:33:27,477.7538757324219,203.7286529541016,490.1260070800781,215.64840698242188,0.0013619932578876,0.0003121975868448,0.9754852253031586,reinspect,reinspect,0.0022302010723195
3_001_20200922_043327(8),3,2020-09-22 04:33:27,570.3844604492188,121.80580139160156,576.0,132.2060089111328,0.0010926120448857,0.0002189462682434,0.9754852253031586,reinspect,reinspect,0.0022302010723195
3_001_20200922_043332(5),3,2020-09-22 04:33:32,478.7614135742188,182.39503479003903,488.36041259765625,192.6096343994141,0.6378709673881531,0.9692541124202684,0.9692541124202684,reinspect,reinspect,0.0016080650142194
3_001_20200922_043332(5),3,2020-09-22 04:33:32,570.5919799804688,347.71356201171875,576.0,359.496337890625,0.0021944290492683,0.0006730423137121,0.9692541124202684,reinspect,reinspect,0.0016080650142194
3_001_20200922_043332(5),3,2020-09-22 04:33:32,570.3475341796875,96.55159759521484,576.0,108.47187042236328,0.0021919559221714,0.0006718208248955,0.9692541124202684,reinspect,reinspect,0.0016080650142194
3_001_20200922_043332(5),3,2020-09-22 04:33:32,571.0194702148438,293.39361572265625,575.8912353515625,303.6619873046875,0.0021138610318303,0.0006336850373881,0.9692541124202684,reinspect,reinspect,0.0016080650142194
3_001_20200922_084020(7),3,2020-09-22 08:40:20,471.63568115234375,169.762939453125,481.7730102539063,179.98953247070312,0.6768355965614319,0.9765520781925492,0.9765520781925492,reinspect,reinspect,0.0010739110051334
3_001_20200922_084020(7),3,2020-09-22 08:40:20,570.1282348632812,359.5961303710937,576.0,370.4070739746094,0.0016797690186649,0.0004376100422643,0.9765520781925492,reinspect,reinspect,0.0010739110051334
3_001_20200922_084020(7),3,2020-09-22 08:40:20,570.4037475585938,266.3287048339844,576.0,276.4037170410156,0.001504105515778,0.0003662987857894,0.9765520781925492,reinspect,reinspect,0.0010739110051334
3_001_20200922_084025(1),3,2020-09-22 08:40:25,469.9508361816406,168.05966186523438,480.0679321289063,178.64657592773438,0.5717661380767822,0.9528042974267604,0.9528042974267604,reinspect,reinspect,0.0030500361503058
3_001_20200922_084025(1),3,2020-09-22 08:40:25,570.5587768554688,257.15350341796875,576.0,267.8127746582031,0.0042133745737373,0.0019257638249586,0.9528042974267604,reinspect,reinspect,0.0030500361503058
3_001_20200922_084025(1),3,2020-09-22 08:40:25,570.4448852539062,147.04318237304688,576.0,159.2903594970703,0.0013226413866505,0.0002978022568131,0.9528042974267604,reinspect,reinspect,0.0030500361503058
3_001_20200922_084029(7),3,2020-09-22 08:40:29,475.1519165039063,169.82542419433594,485.3765563964844,180.0398406982422,0.6901680827140808,0.9787181371818928,0.9787181371818928,reinspect,reinspect,0.0026211824225181
3_001_20200922_084029(7),3,2020-09-22 08:40:29,570.0482788085938,287.310546875,576.0,297.3642883300781,0.0050524827092885,0.0025809148508644,0.9787181371818928,reinspect,reinspect,0.0026211824225181
3_001_20200922_084029(7),3,2020-09-22 08:40:29,570.0574951171875,10.794404029846191,576.0,24.25014877319336,0.002904933411628,0.0010575644459739,0.9787181371818928,reinspect,reinspect,0.0026211824225181
3_001_20200922_084029(7),3,2020-09-22 08:40:29,474.6780395507813,170.80099487304688,487.2087097167969,183.50003051757807,0.0023739212192595,0.0007639220323389,0.9787181371818928,reinspect,reinspect,0.0026211824225181
3_001_20200922_084034(2),3,2020-09-22 08:40:34,469.78558349609375,176.27931213378906,479.6119995117188,186.4981384277344,0.6087819337844849,0.9627240087086788,0.9627240087086788,reinspect,reinspect,0.0112383428260374
3_001_20200922_084038(7),3,2020-09-22 08:40:38,471.0333251953125,157.21824645996094,480.3914794921875,166.6287841796875,0.5266361236572266,0.9377134637558951,0.9377134637558951,pass,reinspect,0.0132280985178868
3_001_20200922_084038(7),3,2020-09-22 08:40:38,467.1062622070313,155.3730926513672,480.5730590820313,166.8584747314453,0.0012867900077253,0.0002849131221257,0.9377134637558951,pass,reinspect,0.0132280985178868
3_001_20200922_084038(7),3,2020-09-22 08:40:38,471.0951232910156,153.27740478515625,481.6678161621094,165.62594604492188,0.0010153903858736,0.0001945772736239,0.9377134637558951,pass,reinspect,0.0132280985178868
3_001_20200922_084043(2),3,2020-09-22 08:40:43,469.2996215820313,171.95724487304688,479.7153015136719,182.84548950195312,0.6218242049217224,0.9657774529694292,0.9657774529694292,reinspect,reinspect,0.0115368808463952
3_001_20200922_084043(2),3,2020-09-22 08:40:43,570.4369506835938,284.3507080078125,576.0,295.4688720703125,0.0021266634576022,0.0006398786894624,0.9657774529694292,reinspect,reinspect,0.0115368808463952
3_001_20200922_122947(8),3,2020-09-22 12:29:47,475.4825439453125,194.9650421142578,485.2731323242188,204.8769989013672,0.647610604763031,0.971223491596426,0.971223491596426,reinspect,reinspect,0.0011977251347788
3_001_20200922_122947(8),3,2020-09-22 12:29:47,570.746337890625,91.2304229736328,576.0,101.92693328857422,0.0016285784076899,0.0004163336927545,0.971223491596426,reinspect,reinspect,0.0011977251347788
3_001_20200922_122947(8),3,2020-09-22 12:29:47,420.6179504394531,67.74820709228516,428.4025573730469,76.1539535522461,0.0013757167616859,0.0003172782381134,0.971223491596426,reinspect,reinspect,0.0011977251347788
3_001_20200922_122952(4),3,2020-09-22 12:29:52,476.1329956054688,183.1710662841797,485.8210754394531,193.18312072753903,0.6724463701248169,0.9758041880926488,0.9758041880926488,reinspect,reinspect,0.0005706862572293
3_001_20200922_122952(4),3,2020-09-22 12:29:52,570.2175903320312,90.10195922851562,575.7398681640625,101.51429748535156,0.0039870371110737,0.0017617532452762,0.9758041880926488,reinspect,reinspect,0.0005706862572293
3_001_20200922_122952(4),3,2020-09-22 12:29:52,570.8861694335938,66.87046813964844,576.0,79.17007446289062,0.0020430427975952,0.0005998394607806,0.9758041880926488,reinspect,reinspect,0.0005706862572293
3_001_20200922_122952(4),3,2020-09-22 12:29:52,570.8402709960938,186.05078125,576.0,195.5482788085937,0.0015042360173538,0.000366349964511,0.9758041880926488,reinspect,reinspect,0.0005706862572293
3_001_20200922_123001(2),3,2020-09-22 12:30:01,480.4356384277344,170.29623413085938,490.5502014160156,180.32406616210932,0.711532473564148,0.9818780677982644,0.9818780677982644,reinspect,reinspect,0.0008337722212919
3_001_20200922_123001(2),3,2020-09-22 12:30:01,570.6052856445312,37.71991729736328,576.0,50.45416259765625,0.0016882391646504,0.0004411692027776,0.9818780677982644,reinspect,reinspect,0.0008337722212919
3_001_20200922_123001(2),3,2020-09-22 12:30:01,490.0285034179688,23.21977806091309,499.8246765136719,33.035430908203125,0.0010423948988318,0.000202975004816,0.9818780677982644,reinspect,reinspect,0.0008337722212919
3_001_20200922_123001(2),3,2020-09-22 12:30:01,477.9764404296875,167.58689880371094,491.101806640625,180.1331787109375,0.0010145738488063,0.000194325450611,0.9818780677982644,reinspect,reinspect,0.0008337722212919
3_001_20200922_123005(5),3,2020-09-22 12:30:05,475.1045227050781,175.36978149414062,483.9588317871094,184.98226928710932,0.6367582082748413,0.969022516298456,0.969022516298456,reinspect,reinspect,0.004124546018218
3_001_20200922_123005(5),3,2020-09-22 12:30:05,570.5844116210938,78.7554931640625,575.8496704101562,88.62788391113281,0.0026360554620623,0.0009043522119922,0.969022516298456,reinspect,reinspect,0.004124546018218
3_001_20200922_123014(3),3,2020-09-22 12:30:14,478.8474426269531,178.27420043945312,488.0792541503906,187.6864776611328,0.6193953156471252,0.9652247862810588,0.9652247862810588,reinspect,reinspect,0.0012967570797576
3_001_20200922_123014(3),3,2020-09-22 12:30:14,570.0849609375,84.0765151977539,575.5927124023438,95.32655334472656,0.0049242675304412,0.0024761316200802,0.9652247862810588,reinspect,reinspect,0.0012967570797576
3_001_20200922_123018(6),3,2020-09-22 12:30:18,473.8551025390625,188.69967651367188,484.0484313964844,199.2639923095703,0.6249013543128967,0.9664674171525548,0.9664674171525548,reinspect,reinspect,0.0067577274103545
3_001_20200922_163323(0),3,2020-09-22 16:33:23,478.84130859375,171.84413146972656,487.88128662109375,181.29965209960932,0.5363405346870422,0.9412759171645424,0.9412759171645424,pass,reinspect,0.0236290835003122
3_001_20200922_163326(0),3,2020-09-22 16:33:26,479.2160949707031,181.84385681152344,490.0762023925781,192.91793823242188,0.6851676106452942,0.9779239829133776,0.9779239829133776,reinspect,reinspect,0.0011863630078912
3_001_20200922_163326(0),3,2020-09-22 16:33:26,336.0163879394531,81.4706802368164,345.3224792480469,90.1942367553711,0.0019952300935983,0.0005773898507825,0.9779239829133776,reinspect,reinspect,0.0011863630078912
3_001_20200922_163326(0),3,2020-09-22 16:33:26,555.7459106445312,268.344970703125,562.8137817382812,277.72857666015625,0.0019456410082057,0.0005544514065001,0.9779239829133776,reinspect,reinspect,0.0011863630078912
3_001_20200922_163326(0),3,2020-09-22 16:33:26,234.8383636474609,140.3617706298828,244.9750061035156,149.94192504882812,0.0017908905865624,0.0004851666258934,0.9779239829133776,reinspect,reinspect,0.0011863630078912
3_001_20200922_163329(0),3,2020-09-22 16:33:29,477.2908935546875,165.23509216308594,487.6474914550781,175.7362060546875,0.6176325678825378,0.9648191837556636,0.9648191837556636,reinspect,reinspect,0.0147740801490942
3_001_20200922_163338(3),3,2020-09-22 16:33:38,474.423583984375,165.3633575439453,485.5426330566406,176.29624938964844,0.6772295236587524,0.9766183392148128,0.9766183392148128,reinspect,reinspect,0.0037725284724261
