image_id,machine,timestamp,image_score,tta_std,ood,zone_prior,zone
1_002_20200629_082648(6),1,2020-06-29 08:26:48,0.9827803760183592,0.000810200328018,False,reinspect,reinspect
1_002_20200629_082651(5),1,2020-06-29 08:26:51,0.9817452503779392,0.0014776645189063,False,reinspect,reinspect
1_002_20200629_123235(1),1,2020-06-29 12:32:35,0.9824912528366088,0.00076985165388,False,reinspect,reinspect
1_002_20200629_123239(5),1,2020-06-29 12:32:39,0.982989342926139,0.0013299232083562,False,reinspect,reinspect
1_002_20200629_123244(1),1,2020-06-29 12:32:44,0.9826339504206992,0.0003756863461316,False,reinspect,reinspect
1_002_20200629_123248(5),1,2020-06-29 12:32:48,0.9824182187429849,0.0008549085911967,False,reinspect,reinspect
1_002_20200629_123253(1),1,2020-06-29 12:32:53,0.9820309379951307,0.000892905304527,False,reinspect,reinspect
1_002_20200629_123257(5),1,2020-06-29 12:32:57,0.9811489348688448,0.0012665340791138,False,reinspect,reinspect
1_002_20200629_163454(3),1,2020-06-29 16:34:54,0.9842282853227796,0.000692218368409,False,reject,reject
1_002_20200629_163457(3),1,2020-06-29 16:34:57,0.98194065656593,0.0006962692777235,False,reinspect,reinspect
1_002_20200629_163500(2),1,2020-06-29 16:35:00,0.982519435690577,0.0017467244480942,False,reinspect,reinspect
1_002_20200629_163506(3),1,2020-06-29 16:35:06,0.9815392267839004,0.0011201595453967,False,reinspect,reinspect
1_002_20200629_163513(1),1,2020-06-29 16:35:13,0.9831713401119356,0.0008620336618606,False,reinspect,reinspect
1_002_20200629_163520(3),1,2020-06-29 16:35:20,0.982424765837848,0.0012964965849815,False,reinspect,reinspect
1_002_20200629_202528(1),1,2020-06-29 20:25:28,0.9817047904441808,0.0012090189580766,False,reinspect,reinspect
1_002_20200629_202532(5),1,2020-06-29 20:25:32,0.9810797819104686,0.001967945077313,False,reinspect,reinspect
1_002_20200629_202537(0),1,2020-06-29 20:25:37,0.9820159644538576,0.0007157737637328,False,reinspect,reinspect
1_002_20200629_202541(5),1,2020-06-29 20:25:41,0.9824885844575534,0.0008464334589577,False,reinspect,reinspect
1_002_20200629_202546(0),1,2020-06-29 20:25:46,0.9812364622756776,0.0006565775643525,False,reinspect,reinspect
1_002_20200629_202550(6),1,2020-06-29 20:25:50,0.9809222914118624,0.0016157358401016,False,reinspect,reinspect
1_002_20200630_002731(0),1,2020-06-30 00:27:31,0.9824060552623872,0.0009543803683974,False,reinspect,reinspect
1_002_20200630_002735(3),1,2020-06-30 00:27:35,0.981807908105379,0.0011464215207531,False,reinspect,reinspect
1_002_20200630_002739(8),1,2020-06-30 00:27:39,0.9829489893380964,0.0007016330329078,False,reinspect,reinspect
1_002_20200630_002744(3),1,2020-06-30 00:27:44,0.9827647174365516,0.0004973994354514,False,reinspect,reinspect
1_002_20200630_002748(7),1,2020-06-30 00:27:48,0.9836972262335544,0.0009901447826184,False,reject,reject
1_002_20200630_002753(4),1,2020-06-30 00:27:53,0.9827341088929292,0.001093323563752,False,reinspect,reinspect
1_002_20200630_042952(6),1,2020-06-30 04:29:52,0.9838499083343312,0.0006769234185811,False,reject,reject
1_002_20200630_042956(9),1,2020-06-30 04:29:56,0.98192612716838,0.0005900860727806,False,reinspect,reinspect
1_002_20200630_043001(5),1,2020-06-30 04:30:01,0.982232106567391,0.0009837391263326,False,reinspect,reinspect
1_002_20200630_043009(0),1,2020-06-30 04:30:09,0.9816863494598068,0.0003751044378949,False,reinspect,reinspect
1_002_20200630_043018(1),1,2020-06-30 04:30:18,0.9822147513804688,0.0012825083663434,False,reinspect,reinspect
1_002_20200630_043022(7),1,2020-06-30 04:30:22,0.9821342126293608,0.0012818825459523,False,reinspect,reinspect
1_002_20200630_083021(2),1,2020-06-30 08:30:21,0.9821327316797548,0.0006268668461789,False,reinspect,reinspect
1_002_20200630_083024(2),1,2020-06-30 08:30:24,0.9827371040282914,0.0014392185506025,False,reinspect,reinspect
1_002_20200630_083028(7),1,2020-06-30 08:30:28,0.980731871854058,0.0011687784025269,False,reinspect,reinspect
1_002_20200630_083033(2),1,2020-06-30 08:30:33,0.9821532597226956,0.00078221228087,False,reinspect,reinspect
1_002_20200630_083037(7),1,2020-06-30 08:30:37,0.9824429178576534,0.0009234100010469,False,reinspect,reinspect
1_002_20200630_083042(2),1,2020-06-30 08:30:42,0.983863788261682,0.0006363848637157,False,reject,reject
1_002_20200630_123220(5),1,2020-06-30 12:32:20,0.983082659044224,0.0005597531372536,False,reinspect,reinspect
1_002_20200630_123224(9),1,2020-06-30 12:32:24,0.9825276243233556,0.0009953320946559,False,reinspect,reinspect
1_002_20200630_123229(5),1,2020-06-30 12:32:29,0.982047066747774,0.0013392405023509,False,reinspect,reinspect
1_002_20200630_123234(0),1,2020-06-30 12:32:34,0.9836442099109188,0.0003480498060601,False,reject,reject
1_002_20200630_123238(5),1,2020-06-30 12:32:38,0.9827047242577488,0.0015697007123177,False,reinspect,reinspect
1_002_20200630_123243(0),1,2020-06-30 12:32:43,0.9823985670767156,0.0005931313812419,False,reinspect,reinspect
1_002_20200630_163223(6),1,2020-06-30 16:32:23,0.9819385672341964,0.001104170973722,False,reinspect,reinspect
1_002_20200630_163227(9),1,2020-06-30 16:32:27,0.9808284854308272,0.0015016112081851,False,reinspect,reinspect
1_002_20200630_163232(4),1,2020-06-30 16:32:32,0.9799569238073004,0.0007729172989223,False,reinspect,reinspect
1_002_20200630_163237(0),1,2020-06-30 16:32:37,0.9824301892633004,0.0004497115344933,False,reinspect,reinspect
1_002_20200630_163241(3),1,2020-06-30 16:32:41,0.9821525033781268,0.0015924383934802,False,reinspect,reinspect
1_002_20200630_163246(0),1,2020-06-30 16:32:46,0.9821003181605834,0.000330315453113,False,reinspect,reinspect
1_002_20200630_202821(1),1,2020-06-30 20:28:21,0.9814590938770088,0.0006790812215076,False,reinspect,reinspect
1_002_20200630_202825(8),1,2020-06-30 20:28:25,0.982833250512691,0.0006555368110298,False,reinspect,reinspect
1_002_20200630_202830(0),1,2020-06-30 20:28:30,0.9823828915459968,0.0008241239431376,False,reinspect,reinspect
1_002_20200630_202834(7),1,2020-06-30 20:28:34,0.98298012337387,0.0006348685130171,False,reinspect,reinspect
1_002_20200630_202839(2),1,2020-06-30 20:28:39,0.9822586448024038,0.0006763414073611,False,reinspect,reinspect
1_002_20200630_202843(7),1,2020-06-30 20:28:43,0.9820154188922134,0.0016095301447992,False,reinspect,reinspect
1_002_20200701_003844(7),1,2020-07-01 00:38:44,0.9826856539734165,0.0005149557843062,False,reinspect,reinspect
1_002_20200701_003849(2),1,2020-07-01 00:38:49,0.983109675754753,0.0005520140392339,False,reinspect,reinspect
1_002_20200701_003853(8),1,2020-07-01 00:38:53,0.9829994168231408,0.0003955104295424,False,reinspect,reinspect
1_002_20200701_003858(2),1,2020-07-01 00:38:58,0.9814394867663996,0.0010720297000746,False,reinspect,reinspect
1_002_20200701_003902(7),1,2020-07-01 00:39:02,0.9828213949694512,0.0004626992173784,False,reinspect,reinspect
1_002_20200701_003907(0),1,2020-07-01 00:39:07,0.9822811556058612,0.0008961140768176,False,reinspect,reinspect
1_002_20200701_042952(8),1,2020-07-01 04:29:52,0.9829886436352496,0.0003339628466194,False,reinspect,reinspect
1_002_20200701_042957(2),1,2020-07-01 04:29:57,0.9826710053733484,9.665075230050496e-05,False,reinspect,reinspect
1_002_20200701_043001(6),1,2020-07-01 04:30:01,0.9806204854905852,0.001105978753875,False,reinspect,reinspect
1_002_20200701_043006(4),1,2020-07-01 04:30:06,0.9803813175315568,0.0020612852564554,False,reinspect,reinspect
1_002_20200701_043010(8),1,2020-07-01 04:30:10,0.9821321063636907,0.0002694524641646,False,reinspect,reinspect
1_002_20200701_043015(3),1,2020-07-01 04:30:15,0.9814489287687764,0.0012164174694508,False,reinspect,reinspect
1_002_20200701_083109(4),1,2020-07-01 08:31:09,0.983775057178746,0.0002928505545239,False,reject,reject
1_002_20200701_083113(8),1,2020-07-01 08:31:13,0.981926317962178,0.0009317148394178,False,reinspect,reinspect
1_002_20200701_083121(4),1,2020-07-01 08:31:21,0.9826706672252836,0.0004049946967167,False,reinspect,reinspect
1_002_20200701_083126(0),1,2020-07-01 08:31:26,0.982716138401926,0.0009669230653294,False,reinspect,reinspect
1_002_20200701_083130(4),1,2020-07-01 08:31:30,0.9826947043585956,0.0005889108256115,False,reinspect,reinspect
1_002_20200701_083142(6),1,2020-07-01 08:31:42,0.9832328144962484,0.0007100121517844,False,reinspect,reinspect
1_002_20200701_123318(7),1,2020-07-01 12:33:18,0.9816487483447184,0.001335090676912,False,reinspect,reinspect
1_002_20200701_123321(8),1,2020-07-01 12:33:21,0.9831158896472952,0.0012532146317434,False,reinspect,reinspect
1_002_20200701_123325(0),1,2020-07-01 12:33:25,0.983422035302876,0.0004187773097042,False,reject,reject
1_002_20200701_123328(2),1,2020-07-01 12:33:28,0.9828636309320714,0.0006452557564911,False,reinspect,reinspect
1_002_20200701_123331(2),1,2020-07-01 12:33:31,0.9834882273246318,0.000311745215922,False,reject,reject
1_002_20200701_123334(3),1,2020-07-01 12:33:34,0.984433449329743,0.0011673371157739,False,reject,reject
1_002_20200701_163004(7),1,2020-07-01 16:30:04,0.981269085158102,0.0007751360128934,False,reinspect,reinspect
1_002_20200701_163017(3),1,2020-07-01 16:30:17,0.9813387074168368,0.001541144167022,False,reinspect,reinspect
1_002_20200701_163021(2),1,2020-07-01 16:30:21,0.9809333355200966,0.0009545453985917,False,reinspect,reinspect
1_002_20200701_163024(9),1,2020-07-01 16:30:24,0.9819805777382266,0.0011114226449512,False,reinspect,reinspect
1_002_20200701_163029(1),1,2020-07-01 16:30:29,0.9822800759438765,0.0011194893489243,False,reinspect,reinspect
1_002_20200701_163033(0),1,2020-07-01 16:30:33,0.9838620116054156,0.0011301604863164,False,reject,reject
1_002_20200701_203037(6),1,2020-07-01 20:30:37,0.9814827716130148,0.0012971251796751,False,reinspect,reinspect
1_002_20200701_203040(8),1,2020-07-01 20:30:40,0.9827649179427737,0.0007262014579071,False,reinspect,reinspect
1_002_20200701_203043(9),1,2020-07-01 20:30:43,0.982651046649336,0.0003535385514223,False,reinspect,reinspect
1_002_20200701_203046(9),1,2020-07-01 20:30:46,0.9824212932464338,0.0006080040719958,False,reinspect,reinspect
1_002_20200701_203050(0),1,2020-07-01 20:30:50,0.9810779903150716,0.0011279770858197,False,reinspect,reinspect
1_002_20200701_203053(0),1,2020-07-01 20:30:53,0.9812962184995913,0.0009959169450284,False,reinspect,reinspect
1_002_20200702_002742(2),1,2020-07-02 00:27:42,0.983068184896674,0.0003986492633014,False,reinspect,reinspect
1_002_20200702_002746(8),1,2020-07-02 00:27:46,0.981755691497112,0.0009437378927,False,reinspect,reinspect
1_002_20200702_002751(2),1,2020-07-02 00:27:51,0.980558613199592,0.0010578180003003,False,reinspect,reinspect
1_002_20200702_002755(8),1,2020-07-02 00:27:55,0.981470167015984,0.0011492282329899,False,reinspect,reinspect
1_002_20200702_002800(1),1,2020-07-02 00:28:00,0.981840590148167,0.0009231935495473,False,reinspect,reinspect
1_002_20200702_002804(8),1,2020-07-02 00:28:04,0.9812103840600712,0.001266801670906,False,reinspect,reinspect
1_002_20200702_042930(4),1,2020-07-02 04:29:30,0.9819084019680504,0.0009055510623289,False,reinspect,reinspect
1_002_20200702_042933(6),1,2020-07-02 04:29:33,0.9833446833518747,0.0008641848755765,False,reject,reject
1_002_20200702_042937(8),1,2020-07-02 04:29:37,0.9826175039127508,0.0007118840784149,False,reinspect,reinspect
1_002_20200702_042945(5),1,2020-07-02 04:29:45,0.9825145260673118,0.0006214028485524,False,reinspect,reinspect
1_002_20200702_042949(9),1,2020-07-02 04:29:49,0.9828747712829992,0.0004013528580109,False,reinspect,reinspect
1_002_20200702_042954(6),1,2020-07-02 04:29:54,0.9819729446523726,0.0005303189595048,False,reinspect,reinspect
1_002_20200706_083031(0),1,2020-07-06 08:30:31,0.9810691934392048,0.0010863925771262,False,reinspect,reinspect
1_002_20200706_083035(5),1,2020-07-06 08:30:35,0.9813750252952712,0.0003759858255852,False,reinspect,reinspect
1_002_20200706_083039(2),1,2020-07-06 08:30:39,0.9816513563081434,0.0007088531046615,False,reinspect,reinspect
1_002_20200706_083042(4),1,2020-07-06 08:30:42,0.9811559957062304,0.0011930429575363,False,reinspect,reinspect
1_002_20200706_083045(5),1,2020-07-06 08:30:45,0.9827998850540256,0.0005185434476848,False,reinspect,reinspect
1_002_20200706_083049(6),1,2020-07-06 08:30:49,0.9821533912585536,0.0007361249533397,False,reinspect,reinspect
1_002_20200706_123023(3),1,2020-07-06 12:30:23,0.982391703634429,0.0004601815237791,False,reinspect,reinspect
1_002_20200706_123027(1),1,2020-07-06 12:30:27,0.9812120131120936,0.0011369256537893,False,reinspect,reinspect
1_002_20200706_123031(0),1,2020-07-06 12:30:31,0.9812117316600986,0.0016857885947368,False,reinspect,reinspect
1_002_20200706_123035(0),1,2020-07-06 12:30:35,0.9816748998256686,0.0006926989536935,False,reinspect,reinspect
1_002_20200706_123038(9),1,2020-07-06 12:30:38,0.9820281786395504,0.0007183690708247,False,reinspect,reinspect
1_002_20200706_123042(9),1,2020-07-06 12:30:42,0.9828182421182758,0.0003575350790097,False,reinspect,reinspect
1_002_20200706_163436(9),1,2020-07-06 16:34:36,0.981247102617079,0.0013840131455887,False,reinspect,reinspect
1_002_20200706_163440(2),1,2020-07-06 16:34:40,0.9825735953511318,0.0006354209563746,False,reinspect,reinspect
1_002_20200706_163443(1),1,2020-07-06 16:34:43,0.9808701123498024,0.0014329138978226,False,reinspect,reinspect
1_002_20200706_163445(8),1,2020-07-06 16:34:45,0.9814312676456878,0.0013417152927666,False,reinspect,reinspect
1_002_20200706_163448(8),1,2020-07-06 16:34:48,0.9816197661849712,0.001607219397298,False,reinspect,reinspect
1_002_20200706_163451(8),1,2020-07-06 16:34:51,0.9814195517355554,0.0013579840820391,False,reinspect,reinspect
1_002_20200706_203038(8),1,2020-07-06 20:30:38,0.9813333682611366,0.0013587992810869,False,reinspect,reinspect
1_002_20200706_203042(0),1,2020-07-06 20:30:42,0.9815215683121932,0.0013175836473792,False,reinspect,reinspect
1_002_20200706_203045(2),1,2020-07-06 20:30:45,0.9818418219831678,0.0010216342510145,False,reinspect,reinspect
1_002_20200706_203048(5),1,2020-07-06 20:30:48,0.9813703632996018,0.0005989312007328,False,reinspect,reinspect
1_002_20200706_203051(7),1,2020-07-06 20:30:51,0.9823065142110616,0.0003899984532459,False,reinspect,reinspect
1_002_20200706_203058(1),1,2020-07-06 20:30:58,0.9816613747941326,0.0004689297586521,False,reinspect,reinspect
1_002_20200707_003535(3),1,2020-07-07 00:35:35,0.9834704546059356,0.0003742624419372,False,reject,reject
1_002_20200707_003543(3),1,2020-07-07 00:35:43,0.9826962244949852,0.0005945608153081,False,reinspect,reinspect
1_002_20200707_003547(4),1,2020-07-07 00:35:47,0.9825523276272056,0.0016639405563702,False,reinspect,reinspect
1_002_20200707_003551(2),1,2020-07-07 00:35:51,0.9817711031360984,0.0010742761211054,False,reinspect,reinspect
1_002_20200707_003555(2),1,2020-07-07 00:35:55,0.9819119131394742,0.0015434542135107,False,reinspect,reinspect
1_002_20200707_003603(4),1,2020-07-07 00:36:03,0.9818417387529528,0.0017815939064681,False,reinspect,reinspect
1_002_20200707_043323(4),1,2020-07-07 04:33:23,0.9808629485941348,0.0009137287681837,False,reinspect,reinspect
1_002_20200707_043327(5),1,2020-07-07 04:33:27,0.980662786522635,0.0007996574285287,False,reinspect,reinspect
1_002_20200707_043331(4),1,2020-07-07 04:33:31,0.9822649721361956,0.000801623488438,False,reinspect,reinspect
1_002_20200707_043441(2),1,2020-07-07 04:34:41,0.9818602424486697,0.0008383989640518,False,reinspect,reinspect
1_002_20200707_043449(4),1,2020-07-07 04:34:49,0.98148625726479,0.0009921385252663,False,reinspect,reinspect
1_002_20200707_043453(4),1,2020-07-07 04:34:53,0.9812051124002196,0.0015734128798775,False,reinspect,reinspect
1_002_20200707_083007(7),1,2020-07-07 08:30:07,0.9810806990914772,0.0012227540213627,False,reinspect,reinspect
1_002_20200707_083011(7),1,2020-07-07 08:30:11,0.9830105107197618,0.0006694320853055,False,reinspect,reinspect
1_002_20200707_083015(6),1,2020-07-07 08:30:15,0.9839150380404148,0.0006524434408764,False,reject,reject
1_002_20200707_083019(7),1,2020-07-07 08:30:19,0.9822807548277004,0.0006533400226167,False,reinspect,reinspect
1_002_20200707_083023(7),1,2020-07-07 08:30:23,0.981665381092635,0.0008397698257298,False,reinspect,reinspect
1_002_20200707_083027(5),1,2020-07-07 08:30:27,0.9833099508671396,0.0009649192008884,False,reinspect,reinspect
1_002_20200707_123124(2),1,2020-07-07 12:31:24,0.9827687673426144,0.0011733984524071,False,reinspect,reinspect
1_002_20200707_123128(4),1,2020-07-07 12:31:28,0.983469878305871,0.0007504912720728,False,reject,reject
1_002_20200707_123132(4),1,2020-07-07 12:31:32,0.9815851444569528,0.0007965857038477,False,reinspect,reinspect
1_002_20200707_123136(3),1,2020-07-07 12:31:36,0.9812817282169972,0.0016166958340476,False,reinspect,reinspect
1_002_20200707_123140(3),1,2020-07-07 12:31:40,0.9824864755042364,0.0006707895605571,False,reinspect,reinspect
1_002_20200707_123144(3),1,2020-07-07 12:31:44,0.9823194370047922,0.0008259303950224,False,reinspect,reinspect
1_002_20200708_093546(5),1,2020-07-08 09:35:46,0.9819797665218544,0.0014514866383526,False,reinspect,reinspect
1_002_20200708_093556(1),1,2020-07-08 09:35:56,0.9828062911845464,0.0009960192105366,False,reinspect,reinspect
1_002_20200708_093600(2),1,2020-07-08 09:36:00,0.9830339364479042,0.0011819249985392,False,reinspect,reinspect
1_002_20200708_093604(2),1,2020-07-08 09:36:04,0.9820409732245512,0.0007231390946054,False,reinspect,reinspect
1_002_20200708_093608(1),1,2020-07-08 09:36:08,0.9822334177594004,0.0006889799272679,False,reinspect,reinspect
1_002_20200708_093612(3),1,2020-07-08 09:36:12,0.9830294625603015,0.001012591279498,False,reinspect,reinspect
1_002_20200708_122738(0),1,2020-07-08 12:27:38,0.9824130205006238,0.0006632798923812,False,reinspect,reinspect
1_002_20200708_122742(0),1,2020-07-08 12:27:42,0.9817161932629556,0.0010000791444226,False,reinspect,reinspect
1_002_20200708_122745(8),1,2020-07-08 12:27:45,0.9826310474732752,0.0010790041546888,False,reinspect,reinspect
1_002_20200708_122749(9),1,2020-07-08 12:27:49,0.9826100876856108,0.001539521601785,False,reinspect,reinspect
1_002_20200708_122753(9),1,2020-07-08 12:27:53,0.982621884809653,0.0004513232527498,False,reinspect,reinspect
1_002_20200708_122757(9),1,2020-07-08 12:27:57,0.9808312804728688,0.0004769759651339,False,reinspect,reinspect
1_002_20200708_123746(2),1,2020-07-08 12:37:46,0.9818997008008628,0.0011379973837742,False,reinspect,reinspect
1_002_20200708_123750(2),1,2020-07-08 12:37:50,0.9811982439998264,0.001334324538802,False,reinspect,reinspect
1_002_20200708_123754(3),1,2020-07-08 12:37:54,0.9818568738486778,0.0003297822999712,False,reinspect,reinspect
1_002_20200708_123800(1),1,2020-07-08 12:38:00,0.983224215241129,0.0010064508435958,False,reinspect,reinspect
1_002_20200708_123804(2),1,2020-07-08 12:38:04,0.9820635894578184,0.0005179135870422,False,reinspect,reinspect
1_002_20200708_123808(2),1,2020-07-08 12:38:08,0.9818521237800036,0.0010536316195576,False,reinspect,reinspect
1_002_20200708_163727(3),1,2020-07-08 16:37:27,0.981685495311192,0.0006782387217717,False,reinspect,reinspect
1_002_20200708_163731(2),1,2020-07-08 16:37:31,0.9823627553463546,0.0004186147639777,False,reinspect,reinspect
1_002_20200708_163735(1),1,2020-07-08 16:37:35,0.9826302894249084,0.0009113582274494,False,reinspect,reinspect
1_002_20200708_163739(3),1,2020-07-08 16:37:39,0.9823451809008572,0.0011088812404981,False,reinspect,reinspect
1_002_20200708_163743(1),1,2020-07-08 16:37:43,0.9823554661100808,0.0013367349702473,False,reinspect,reinspect
1_002_20200708_163747(2),1,2020-07-08 16:37:47,0.9839697495303704,0.0008268103849431,False,reject,reject
1_002_20200708_203120(0),1,2020-07-08 20:31:20,0.9817271228143806,0.0012428453962728,False,reinspect,reinspect
1_002_20200708_203124(1),1,2020-07-08 20:31:24,0.9815517892834846,0.0012030305188776,False,reinspect,reinspect
1_002_20200708_203128(1),1,2020-07-08 20:31:28,0.9827563989861122,0.0008935377686654,False,reinspect,reinspect
1_002_20200708_203132(0),1,2020-07-08 20:31:32,0.9831524604675308,0.0005859290112721,False,reinspect,reinspect
1_002_20200708_203135(9),1,2020-07-08 20:31:35,0.9832881436837742,0.0004669757245362,False,reinspect,reinspect
1_002_20200708_203139(9),1,2020-07-08 20:31:39,0.9820182375004368,0.000651960837785,False,reinspect,reinspect
1_002_20200713_090619(5),1,2020-07-13 09:06:19,0.9824811049718176,0.0010034866857359,False,reinspect,reinspect
1_002_20200713_090624(6),1,2020-07-13 09:06:24,0.9811254563087668,0.0005798751722873,False,reinspect,reinspect
1_002_20200713_090627(7),1,2020-07-13 09:06:27,0.9812457738762864,0.0012170516407697,False,reinspect,reinspect
1_002_20200713_090630(9),1,2020-07-13 09:06:30,0.981591902758656,0.0009063430108846,False,reinspect,reinspect
1_002_20200713_090633(9),1,2020-07-13 09:06:33,0.980316009190747,0.0012716432576705,False,reinspect,reinspect
1_002_20200713_090637(0),1,2020-07-13 09:06:37,0.982043978886234,0.0010952374051672,False,reinspect,reinspect
1_002_20200713_123402(2),1,2020-07-13 12:34:02,0.981189777601269,0.0006700231294696,False,reinspect,reinspect
1_002_20200713_123406(6),1,2020-07-13 12:34:06,0.9819309795207428,0.001364522664172,False,reinspect,reinspect
1_002_20200713_123411(2),1,2020-07-13 12:34:11,0.980836376557216,0.0012437704153839,False,reinspect,reinspect
1_002_20200713_123415(6),1,2020-07-13 12:34:15,0.9822595780417264,0.0001979731733414,False,reinspect,reinspect
1_002_20200713_123420(2),1,2020-07-13 12:34:20,0.9834564091239282,0.0003195223881331,False,reject,reject
1_002_20200713_123424(6),1,2020-07-13 12:34:24,0.9815958442812251,0.0003022622422315,False,reinspect,reinspect
1_002_20200713_163527(7),1,2020-07-13 16:35:27,0.982802872122117,0.0007303743292978,False,reinspect,reinspect
1_002_20200713_163532(0),1,2020-07-13 16:35:32,0.980717902233734,0.0012258329071243,False,reinspect,reinspect
1_002_20200713_163536(6),1,2020-07-13 16:35:36,0.9820980525089088,0.0008757323304923,False,reinspect,reinspect
1_002_20200713_163541(1),1,2020-07-13 16:35:41,0.9823521958586524,0.0005217223700923,False,reinspect,reinspect
1_002_20200713_163551(8),1,2020-07-13 16:35:51,0.9829959057371768,0.0011297286255152,False,reinspect,reinspect
1_002_20200713_163657(7),1,2020-07-13 16:36:57,0.9812855726688912,0.0010210586031459,False,reinspect,reinspect
1_002_20200713_202453(5),1,2020-07-13 20:24:53,0.9831432164012128,0.0007290592845435,False,reinspect,reinspect
1_002_20200713_202457(9),1,2020-07-13 20:24:57,0.9829657465664772,0.000905622321908,False,reinspect,reinspect
1_002_20200713_202502(4),1,2020-07-13 20:25:02,0.9808869209966632,0.0013314173065048,False,reinspect,reinspect
1_002_20200713_202507(0),1,2020-07-13 20:25:07,0.9777727683005096,0.0001691610995515,False,reinspect,reinspect
1_002_20200713_202511(3),1,2020-07-13 20:25:11,0.9802937986704114,0.001475829677354,False,reinspect,reinspect
1_002_20200713_202515(8),1,2020-07-13 20:25:15,0.9814119102768836,0.000925565162538,False,reinspect,reinspect
1_002_20200714_002645(1),1,2020-07-14 00:26:45,0.9815360009718884,0.0009180300052368,False,reinspect,reinspect
1_002_20200714_002649(5),1,2020-07-14 00:26:49,0.9818758070660336,0.0008748969789286,False,reinspect,reinspect
1_002_20200714_002654(1),1,2020-07-14 00:26:54,0.9814746844403888,0.0008920952216311,False,reinspect,reinspect
1_002_20200714_002658(5),1,2020-07-14 00:26:58,0.9828276594482376,0.0003552046032677,False,reinspect,reinspect
1_002_20200714_002703(0),1,2020-07-14 00:27:03,0.9819380531658384,0.0004914286482812,False,reinspect,reinspect
1_002_20200714_002707(5),1,2020-07-14 00:27:07,0.9815668948994596,0.0009985362258334,False,reinspect,reinspect
1_002_20200714_042619(3),1,2020-07-14 04:26:19,0.9812161151441536,0.0002941139132662,False,reinspect,reinspect
1_002_20200714_042623(8),1,2020-07-14 04:26:23,0.982331340949772,0.0013660827177104,False,reinspect,reinspect
1_002_20200714_042628(4),1,2020-07-14 04:26:28,0.9807502783378574,0.0013628617003631,False,reinspect,reinspect
1_002_20200714_042632(8),1,2020-07-14 04:26:32,0.9815474284663224,0.001410886706975,False,reinspect,reinspect
1_002_20200714_042637(4),1,2020-07-14 04:26:37,0.9823803173697206,0.0004688231548016,False,reinspect,reinspect
1_002_20200715_002517(9),1,2020-07-15 00:25:17,0.9821497079937836,0.0002739568969156,False,reinspect,reinspect
1_002_20200715_042354(7),1,2020-07-15 04:23:54,0.9814189594549896,0.0009061765293242,False,reinspect,reinspect
1_002_20200715_042358(9),1,2020-07-15 04:23:58,0.9817230759965,0.0008476298468623,False,reinspect,reinspect
1_002_20200715_042403(5),1,2020-07-15 04:24:03,0.981057022148868,0.0010014795101487,False,reinspect,reinspect
1_002_20200715_042408(0),1,2020-07-15 04:24:08,0.9808857120972352,0.0012045028669792,False,reinspect,reinspect
1_002_20200715_042412(5),1,2020-07-15 04:24:12,0.9814777490844114,0.0004764635271953,False,reinspect,reinspect
1_002_20200715_042416(9),1,2020-07-15 04:24:16,0.983050761610272,0.0011686413069397,False,reinspect,reinspect
1_002_20200715_083116(0),1,2020-07-15 08:31:16,0.9826190369121652,0.0003822293363379,False,reinspect,reinspect
1_002_20200715_083120(5),1,2020-07-15 08:31:20,0.9824804234310748,0.0006563741629013,False,reinspect,reinspect
1_002_20200715_083124(9),1,2020-07-15 08:31:24,0.9820195103170956,0.0004051100235279,False,reinspect,reinspect
1_002_20200715_083129(4),1,2020-07-15 08:31:29,0.9818608163137844,0.0007347775973104,False,reinspect,reinspect
1_002_20200715_083134(0),1,2020-07-15 08:31:34,0.9820074076975898,0.0002775581320585,False,reinspect,reinspect
1_002_20200715_083138(5),1,2020-07-15 08:31:38,0.9817299317988544,0.0010430016981096,False,reinspect,reinspect
1_002_20200721_163237(8),1,2020-07-21 16:32:37,0.9846226389609346,0.0007490072669949,False,reject,reject
1_002_20200721_163239(7),1,2020-07-21 16:32:39,0.9833769805208212,0.0008797143819542,False,reject,reject
1_002_20200721_163244(4),1,2020-07-21 16:32:44,0.981803182229412,0.0010978102349644,False,reinspect,reinspect
1_002_20200721_163245(6),1,2020-07-21 16:32:45,0.9852772276859176,0.0014589888349647,False,reject,reject
1_002_20200721_163248(8),1,2020-07-21 16:32:48,0.9826342648860552,0.001278778886886,False,reinspect,reinspect
1_002_20200721_163249(9),1,2020-07-21 16:32:49,0.9817594242051542,0.0009882576404572,False,reinspect,reinspect
1_002_20200721_163253(3),1,2020-07-21 16:32:53,0.986494154498908,0.0014872719762343,False,reject,reject
1_002_20200721_163253(9),1,2020-07-21 16:32:53,0.982767420121782,0.0012196595207463,False,reinspect,reinspect
1_002_20200721_163257(5),1,2020-07-21 16:32:57,0.983136093432513,0.0002660473817771,False,reinspect,reinspect
1_002_20200721_163257(9),1,2020-07-21 16:32:57,0.985310035136854,0.001269843249892,False,reject,reject
1_002_20200721_163301(1),1,2020-07-21 16:33:01,0.9829432577059208,0.0013995583761401,False,reinspect,reinspect
1_002_20200721_163302(4),1,2020-07-21 16:33:02,0.9833469380705256,0.001631904659892,False,reject,reject
1_002_20200722_003343(8),1,2020-07-22 00:33:43,0.983749298914643,0.0014457506726712,False,reject,reject
1_002_20200722_003354(1),1,2020-07-22 00:33:54,0.9851869504705556,0.0003958917677379,False,reject,reject
1_002_20200722_043432(7),1,2020-07-22 04:34:32,0.9843241177848938,0.0009544156891393,False,reject,reject
1_002_20200722_043437(0),1,2020-07-22 04:34:37,0.9834338081972752,0.0006761888002042,False,reject,reject
1_002_20200722_083131(9),1,2020-07-22 08:31:31,0.98178791507921,0.0014608555152357,False,reinspect,reinspect
1_002_20200722_083136(6),1,2020-07-22 08:31:36,0.983469862729998,0.0009070417575639,False,reject,reject
1_002_20200722_130939(5),1,2020-07-22 13:09:39,0.9838652967807944,0.0008572221809336,False,reject,reject
1_002_20200722_130944(0),1,2020-07-22 13:09:44,0.9856076063783216,0.0003266785752424,False,reject,reject
1_002_20200722_162848(2),1,2020-07-22 16:28:48,0.9822044818020734,0.0010480656441239,False,reinspect,reinspect
1_002_20200722_162852(6),1,2020-07-22 16:28:52,0.9841239845790134,0.001019351666552,False,reject,reject
1_002_20200723_003208(1),1,2020-07-23 00:32:08,0.9832354809732502,0.0008439556249301,False,reinspect,reinspect
1_002_20200723_003212(6),1,2020-07-23 00:32:12,0.9827408775364804,0.0009277092614187,False,reinspect,reinspect
1_002_20200723_043256(5),1,2020-07-23 04:32:56,0.9824109295073088,0.0009367746825812,False,reinspect,reinspect
1_002_20200723_043258(3),1,2020-07-23 04:32:58,0.9832508683498772,0.000338799592669,False,reinspect,reinspect
1_002_20200723_082303(8),1,2020-07-23 08:23:03,0.9848220242438988,0.0005982529207531,False,reject,reject
1_002_20200723_082309(9),1,2020-07-23 08:23:09,0.9836283341369872,0.0015740473508079,False,reject,reject
1_002_20200723_123129(3),1,2020-07-23 12:31:29,0.985555023582096,0.0006421943295334,False,reject,reject
1_002_20200723_123133(9),1,2020-07-23 12:31:33,0.983416657922236,0.0009840044874604,False,reject,reject
1_002_20200723_162937(5),1,2020-07-23 16:29:37,0.983967538864462,0.0011426934818088,False,reject,reject
1_002_20200723_162948(2),1,2020-07-23 16:29:48,0.9834189058004958,0.0014716178233227,False,reject,reject
1_002_20200723_203129(9),1,2020-07-23 20:31:29,0.984299389992007,0.0012095033254704,False,reject,reject
1_002_20200723_203134(3),1,2020-07-23 20:31:34,0.9844204648460088,0.001155891651788,False,reject,reject
1_002_20200724_003201(9),1,2020-07-24 00:32:01,0.984302117157349,0.000415167555921,False,reject,reject
1_002_20200724_003206(4),1,2020-07-24 00:32:06,0.9823429454868824,0.0008703507235731,False,reinspect,reinspect
1_002_20200727_091655(1),1,2020-07-27 09:16:55,0.985690292760918,0.0004346321352625,False,reject,reject
1_002_20200727_091657(1),1,2020-07-27 09:16:57,0.9829903918244848,0.0005830794373691,False,reinspect,reinspect
1_002_20200727_110524(7),1,2020-07-27 11:05:24,0.0005436900673393,0.0038472707597676,True,pass,reinspect
1_002_20200727_110529(6),1,2020-07-27 11:05:29,0.0025011570055056,0.0565833899780213,True,pass,reinspect
1_002_20200727_110632(2),1,2020-07-27 11:06:32,0.0040931036720164,0.0138646038465501,True,pass,reinspect
1_002_20200727_110645(7),1,2020-07-27 11:06:45,0.0,0.0,True,pass,reinspect
1_002_20200727_110753(2),1,2020-07-27 11:07:53,0.0,0.0,True,pass,reinspect
1_002_20200727_110806(8),1,2020-07-27 11:08:06,0.0,0.0,True,pass,reinspect
1_002_20200727_110914(3),1,2020-07-27 11:09:14,0.0,0.0,True,pass,reinspect
1_002_20200727_111038(1),1,2020-07-27 11:10:38,0.0,0.0,True,pass,reinspect
1_002_20200727_111132(2),1,2020-07-27 11:11:32,0.0,0.0,True,pass,reinspect
1_002_20200727_111239(7),1,2020-07-27 11:12:39,0.0,0.0,True,pass,reinspect
1_002_20200727_111347(3),1,2020-07-27 11:13:47,0.0,0.0,True,pass,reinspect
1_002_20200727_111441(3),1,2020-07-27 11:14:41,0.0,0.0,True,pass,reinspect
1_002_20200727_111454(8),1,2020-07-27 11:14:54,0.0,0.0,True,pass,reinspect
1_002_20200727_111648(3),1,2020-07-27 11:16:48,0.0,0.0,True,pass,reinspect
1_002_20200727_111742(3),1,2020-07-27 11:17:42,0.0,0.0,True,pass,reinspect
1_002_20200727_111849(9),1,2020-07-27 11:18:49,0.0,0.0,True,pass,reinspect
1_002_20200727_111943(9),1,2020-07-27 11:19:43,0.0,0.0,True,pass,reinspect
1_002_20200727_112037(9),1,2020-07-27 11:20:37,0.0,0.0,True,pass,reinspect
1_002_20200727_112148(2),1,2020-07-27 11:21:48,0.0,0.0,True,pass,reinspect
1_002_20200727_112242(2),1,2020-07-27 11:22:42,0.0,0.0,True,pass,reinspect
1_002_20200727_112336(2),1,2020-07-27 11:23:36,0.0,0.0,True,pass,reinspect
1_002_20200727_112341(2),1,2020-07-27 11:23:41,0.0040433374117928,0.0120919607037523,True,pass,reinspect
1_002_20200727_112430(3),1,2020-07-27 11:24:30,0.0,0.0,True,pass,reinspect
1_002_20200727_112443(8),1,2020-07-27 11:24:43,0.0,0.0,True,pass,reinspect
1_002_20200727_112537(8),1,2020-07-27 11:25:37,0.000710258778527,0.0014433407798624,True,pass,reinspect
1_002_20200727_112631(9),1,2020-07-27 11:26:31,0.0,0.0,True,pass,reinspect
1_002_20200727_112645(4),1,2020-07-27 11:26:45,0.0,0.0,True,pass,reinspect
1_002_20200727_112930(2),1,2020-07-27 11:29:30,0.0,0.0,True,pass,reinspect
1_002_20200727_112943(7),1,2020-07-27 11:29:43,0.0,0.0,True,pass,reinspect
1_002_20200727_113037(7),1,2020-07-27 11:30:37,0.0,0.0,True,pass,reinspect
1_002_20200727_113131(8),1,2020-07-27 11:31:31,0.0,0.0,True,pass,reinspect
1_002_20200727_113239(4),1,2020-07-27 11:32:39,0.0002158883640529,0.0001079441820264,True,pass,reinspect
1_002_20200727_113333(4),1,2020-07-27 11:33:33,0.0,0.0,True,pass,reinspect
1_002_20200727_113346(9),1,2020-07-27 11:33:46,0.0,0.0,True,pass,reinspect
1_002_20200727_113747(4),1,2020-07-27 11:37:47,0.0,0.0,True,pass,reinspect
1_002_20200727_113854(9),1,2020-07-27 11:38:54,0.0,0.0,True,pass,reinspect
1_002_20200727_113908(4),1,2020-07-27 11:39:08,0.0,0.0,True,pass,reinspect
1_002_20200727_114002(5),1,2020-07-27 11:40:02,0.0,0.0,True,pass,reinspect
1_002_20200727_114016(0),1,2020-07-27 11:40:16,0.0,0.0,True,pass,reinspect
1_002_20200727_114123(5),1,2020-07-27 11:41:23,0.0,0.0,True,pass,reinspect
1_002_20200727_114126(2),1,2020-07-27 11:41:26,0.0,0.0,True,pass,reinspect
1_002_20200727_114220(2),1,2020-07-27 11:42:20,0.0,0.0,True,pass,reinspect
1_002_20200727_114405(6),1,2020-07-27 11:44:05,0.0,0.0,True,pass,reinspect
1_002_20200727_114459(7),1,2020-07-27 11:44:59,0.0,0.0,True,pass,reinspect
1_002_20200727_114513(1),1,2020-07-27 11:45:13,0.0,0.0,True,pass,reinspect
1_002_20200727_114607(2),1,2020-07-27 11:46:07,0.0,0.0,True,pass,reinspect
1_002_20200727_114714(8),1,2020-07-27 11:47:14,0.0,0.0,True,pass,reinspect
1_002_20200727_114822(4),1,2020-07-27 11:48:22,0.0,0.0,True,pass,reinspect
1_002_20200727_115040(1),1,2020-07-27 11:50:40,0.0,0.0,True,pass,reinspect
1_002_20200727_115147(7),1,2020-07-27 11:51:47,0.0,0.0,True,pass,reinspect
1_002_20200727_115201(2),1,2020-07-27 11:52:01,0.0,0.0,True,pass,reinspect
1_002_20200727_115255(2),1,2020-07-27 11:52:55,0.0,0.0,True,pass,reinspect
1_002_20200727_115308(8),1,2020-07-27 11:53:08,0.0,0.0,True,pass,reinspect
1_002_20200727_115402(8),1,2020-07-27 11:54:02,0.0,0.0,True,pass,reinspect
1_002_20200727_115416(3),1,2020-07-27 11:54:16,0.0,0.0,True,pass,reinspect
1_002_20200727_115510(3),1,2020-07-27 11:55:10,0.0,0.0,True,pass,reinspect
1_002_20200727_115526(5),1,2020-07-27 11:55:26,0.0,0.0,True,pass,reinspect
1_002_20200727_115620(5),1,2020-07-27 11:56:20,0.0,0.0,True,pass,reinspect
1_002_20200727_115634(1),1,2020-07-27 11:56:34,0.0,0.0,True,pass,reinspect
1_002_20200727_115728(1),1,2020-07-27 11:57:28,0.0,0.0,True,pass,reinspect
1_002_20200727_115741(6),1,2020-07-27 11:57:41,0.0,0.0,True,pass,reinspect
1_002_20200727_115822(2),1,2020-07-27 11:58:22,0.0,0.0,True,pass,reinspect
1_002_20200727_115835(7),1,2020-07-27 11:58:35,0.0,0.0,True,pass,reinspect
1_002_20200727_115929(8),1,2020-07-27 11:59:29,0.0,0.0,True,pass,reinspect
1_002_20200727_120023(8),1,2020-07-27 12:00:23,0.0,0.0,True,pass,reinspect
1_002_20200727_120134(0),1,2020-07-27 12:01:34,0.0,0.0,True,pass,reinspect
1_002_20200727_120228(0),1,2020-07-27 12:02:28,0.0,0.0,True,pass,reinspect
1_002_20200727_120322(1),1,2020-07-27 12:03:22,0.0,0.0,True,pass,reinspect
1_002_20200727_120429(7),1,2020-07-27 12:04:29,0.0,0.0,True,pass,reinspect
1_002_20200727_120523(7),1,2020-07-27 12:05:23,0.0,0.0,True,pass,reinspect
1_002_20200727_120631(2),1,2020-07-27 12:06:31,0.0,0.0,True,pass,reinspect
1_002_20200727_120835(5),1,2020-07-27 12:08:35,0.0,0.0,True,pass,reinspect
1_002_20200727_120943(0),1,2020-07-27 12:09:43,0.0,0.0,True,pass,reinspect
1_002_20200727_121037(1),1,2020-07-27 12:10:37,0.0,0.0,True,pass,reinspect
1_002_20200727_121131(2),1,2020-07-27 12:11:31,0.0,0.0,True,pass,reinspect
1_002_20200727_121144(7),1,2020-07-27 12:11:44,0.0,0.0,True,pass,reinspect
1_002_20200727_121238(7),1,2020-07-27 12:12:38,0.0,0.0,True,pass,reinspect
1_002_20200727_121332(7),1,2020-07-27 12:13:32,0.0,0.0,True,pass,reinspect
1_002_20200727_121537(1),1,2020-07-27 12:15:37,0.0,0.0,True,pass,reinspect
1_002_20200727_121541(9),1,2020-07-27 12:15:41,0.000418999364793,0.0079119442195042,True,pass,reinspect
1_002_20200727_121631(1),1,2020-07-27 12:16:31,0.0,0.0,True,pass,reinspect
1_002_20200727_121725(1),1,2020-07-27 12:17:25,0.0,0.0,True,pass,reinspect
1_002_20200727_121819(1),1,2020-07-27 12:18:19,0.0,0.0,True,pass,reinspect
1_002_20200727_121913(2),1,2020-07-27 12:19:13,0.0,0.0,True,pass,reinspect
1_002_20200727_121926(7),1,2020-07-27 12:19:26,0.0,0.0,True,pass,reinspect
1_002_20200727_122023(4),1,2020-07-27 12:20:23,0.0,0.0,True,pass,reinspect
1_002_20200727_122117(5),1,2020-07-27 12:21:17,0.0,0.0,True,pass,reinspect
1_002_20200727_122131(0),1,2020-07-27 12:21:31,0.0,0.0,True,pass,reinspect
1_002_20200727_122225(0),1,2020-07-27 12:22:25,0.0,0.0,True,pass,reinspect
1_002_20200727_122319(0),1,2020-07-27 12:23:19,0.0,0.0,True,pass,reinspect
1_002_20200727_122332(6),1,2020-07-27 12:23:32,0.0,0.0,True,pass,reinspect
1_002_20200727_122413(1),1,2020-07-27 12:24:13,0.0,0.0,True,pass,reinspect
1_002_20200727_122426(6),1,2020-07-27 12:24:26,0.0,0.0,True,pass,reinspect
1_002_20200727_122630(9),1,2020-07-27 12:26:30,0.0,0.0,True,pass,reinspect
1_002_20200727_122724(9),1,2020-07-27 12:27:24,0.0,0.0,True,pass,reinspect
1_002_20200727_122819(0),1,2020-07-27 12:28:19,0.0,0.0,True,pass,reinspect
1_002_20200727_122832(5),1,2020-07-27 12:28:32,0.0,0.0,True,pass,reinspect
1_002_20200727_122926(5),1,2020-07-27 12:29:26,0.0,0.0,True,pass,reinspect
1_002_20200727_122940(0),1,2020-07-27 12:29:40,0.0,0.0,True,pass,reinspect
1_002_20200727_123034(0),1,2020-07-27 12:30:34,0.0,0.0,True,pass,reinspect
1_002_20200727_123047(6),1,2020-07-27 12:30:47,0.0,0.0,True,pass,reinspect
1_002_20200727_123141(6),1,2020-07-27 12:31:41,0.0,0.0,True,pass,reinspect
1_002_20200727_123155(1),1,2020-07-27 12:31:55,0.0,0.0,True,pass,reinspect
1_002_20200727_123300(5),1,2020-07-27 12:33:00,0.983551300449934,0.001048065711737,False,reject,reject
1_002_20200727_123306(5),1,2020-07-27 12:33:06,0.9791559624577848,0.0008407760952639,False,reinspect,reinspect
1_002_20200727_123318(9),1,2020-07-27 12:33:18,0.0,0.0,True,pass,reinspect
1_002_20200727_163511(2),1,2020-07-27 16:35:11,0.9816921100318482,0.0004606859396611,False,reinspect,reinspect
1_002_20200727_163515(3),1,2020-07-27 16:35:15,0.983785017486314,0.0013383363147278,False,reject,reject
1_002_20200727_204612(5),1,2020-07-27 20:46:12,0.9823847242619888,0.0004900816699924,False,reinspect,reinspect
1_002_20200727_204634(7),1,2020-07-27 20:46:34,0.9818234547990512,0.0011196364043946,False,reinspect,reinspect
1_002_20200728_014051(7),1,2020-07-28 01:40:51,0.980092897623358,0.0015688613637583,False,reinspect,reinspect
1_002_20200728_014055(8),1,2020-07-28 01:40:55,0.9851579520140188,0.000517859540301,False,reject,reject
1_002_20200728_043519(6),1,2020-07-28 04:35:19,0.9794547403735706,0.0009391726652324,False,reinspect,reinspect
1_002_20200728_043558(2),1,2020-07-28 04:35:58,0.9772571187892852,0.0016541033321116,False,reinspect,reinspect
1_002_20200728_083046(1),1,2020-07-28 08:30:46,0.9843189837171042,0.0004933140468516,False,reject,reject
1_002_20200728_083049(8),1,2020-07-28 08:30:49,0.9830490970618676,0.0011284759373389,False,reinspect,reinspect
1_002_20200728_123133(9),1,2020-07-28 12:31:33,0.9838972358944412,0.000913381898358,False,reject,reject
1_002_20200728_123137(7),1,2020-07-28 12:31:37,0.981440349115454,0.0012630770195934,False,reinspect,reinspect
1_002_20200728_163521(8),1,2020-07-28 16:35:21,0.9795946596303364,0.0011121355375425,False,reinspect,reinspect
1_002_20200728_163525(0),1,2020-07-28 16:35:25,0.9806078885971125,0.0009480858369647,False,reinspect,reinspect
1_002_20200810_202919(7),1,2020-08-10 20:29:19,0.9851400206948758,0.0021197535068306,False,reject,reject
1_002_20200810_202923(8),1,2020-08-10 20:29:23,0.9823449687899124,0.0011468344366767,False,reinspect,reinspect
1_002_20200811_003007(9),1,2020-08-11 00:30:07,0.9848474554871726,0.0006911712255597,False,reject,reject
1_002_20200811_003029(6),1,2020-08-11 00:30:29,0.9844814670066688,0.0006493965247585,False,reject,reject
1_002_20200811_043034(0),1,2020-08-11 04:30:34,0.9841573731851844,0.0009276349573476,False,reject,reject
1_002_20200811_043038(0),1,2020-08-11 04:30:38,0.9847506205027022,0.0013543423674312,False,reject,reject
1_002_20200814_032746(6),1,2020-08-14 03:27:46,0.983785701332219,0.0007014826084866,False,reject,reject
1_002_20200814_032749(8),1,2020-08-14 03:27:49,0.98402324377507,0.0010415250166224,False,reject,reject
1_002_20200814_042920(3),1,2020-08-14 04:29:20,0.9847030469259488,0.0020751405711186,False,reject,reject
1_002_20200814_042924(9),1,2020-08-14 04:29:24,0.98424708211916,0.0012439995066144,False,reject,reject
1_002_20200814_083424(4),1,2020-08-14 08:34:24,0.983631366290827,0.0004193636230839,False,reject,reject
1_002_20200814_083428(5),1,2020-08-14 08:34:28,0.985088233066112,0.0011274777009391,False,reject,reject
1_002_20200814_123337(2),1,2020-08-14 12:33:37,0.9852676733695984,0.0011339281333193,False,reject,reject
1_002_20200814_123341(8),1,2020-08-14 12:33:41,0.98428582441263,0.0006777252785789,False,reject,reject
1_002_20200814_163500(4),1,2020-08-14 16:35:00,0.9855815120180186,0.0006976138383995,False,reject,reject
1_002_20200814_163506(3),1,2020-08-14 16:35:06,0.984510380184297,0.0019908557773723,False,reject,reject
1_002_20200814_203159(5),1,2020-08-14 20:31:59,0.9829008811415568,0.0006053985975442,False,reinspect,reinspect
1_002_20200814_203205(7),1,2020-08-14 20:32:05,0.9796513029967108,0.0016815078526515,False,reinspect,reinspect
1_002_20200818_082854(5),1,2020-08-18 08:28:54,0.985044779925009,0.0016289079829381,False,reject,reject
1_002_20200818_082858(4),1,2020-08-18 08:28:58,0.9828878297262263,0.001094432897473,False,reinspect,reinspect
1_002_20200818_123358(2),1,2020-08-18 12:33:58,0.985287697328623,0.0003150016640044,False,reject,reject
1_002_20200818_123404(8),1,2020-08-18 12:34:04,0.983759224109399,0.0011920394996202,False,reject,reject
1_002_20200818_162920(4),1,2020-08-18 16:29:20,0.9839073501759592,0.0023828002148756,False,reject,reject
1_002_20200818_162926(0),1,2020-08-18 16:29:26,0.984040751170654,0.0009979392410496,False,reject,reject
1_002_20200818_203120(5),1,2020-08-18 20:31:20,0.9834328799977812,0.0017853889675792,False,reject,reject
1_002_20200818_203125(0),1,2020-08-18 20:31:25,0.9850757293232502,0.0001480894185316,False,reject,reject
1_002_20200819_003332(8),1,2020-08-19 00:33:32,0.9833773558106044,0.0014520384352556,False,reject,reject
1_002_20200819_003335(8),1,2020-08-19 00:33:35,0.9836893578380888,0.0011652283395475,False,reject,reject
1_002_20200819_043606(7),1,2020-08-19 04:36:06,0.9825869611584134,0.0013294431690752,False,reinspect,reinspect
1_002_20200819_043611(2),1,2020-08-19 04:36:11,0.9839042391492429,0.0018032576466457,False,reject,reject
1_002_20200819_083137(5),1,2020-08-19 08:31:37,0.982621618589606,0.0012485829954396,False,reinspect,reinspect
1_002_20200819_083145(2),1,2020-08-19 08:31:45,0.9837768405106012,0.0014398618398211,False,reject,reject
1_002_20200819_124134(7),1,2020-08-19 12:41:34,0.984066292690155,0.0007826417285072,False,reject,reject
1_002_20200819_124140(8),1,2020-08-19 12:41:40,0.9831242197461794,0.0009723601552103,False,reinspect,reinspect
1_002_20200819_162347(4),1,2020-08-19 16:23:47,0.983756677816061,0.0014066183526613,False,reject,reject
1_002_20200819_162352(0),1,2020-08-19 16:23:52,0.9839068610005198,0.0004819025612612,False,reject,reject
1_002_20200821_150301(4),1,2020-08-21 15:03:01,0.9840839492746144,0.0011166482940414,False,reject,reject
1_002_20200821_150305(3),1,2020-08-21 15:03:05,0.9835274153508607,0.0006288205015583,False,reject,reject
1_002_20200821_163620(7),1,2020-08-21 16:36:20,0.9857427290714792,0.0008987669363681,False,reject,reject
1_002_20200821_163624(8),1,2020-08-21 16:36:24,0.9827560138782518,0.0006059819493331,False,reinspect,reinspect
1_002_20200821_203950(2),1,2020-08-21 20:39:50,0.982491617790059,0.0011645548099475,False,reinspect,reinspect
1_002_20200821_203953(0),1,2020-08-21 20:39:53,0.9825185364762348,0.0021594660659126,False,reinspect,reinspect
1_002_20200826_023155(3),1,2020-08-26 02:31:55,0.9835483200206716,0.0018311600488006,False,reject,reject
1_002_20200826_023200(9),1,2020-08-26 02:32:00,0.9858154560914768,0.0006269928810345,False,reject,reject
1_002_20200826_043121(8),1,2020-08-26 04:31:21,0.98515068005214,0.0006865837830597,False,reject,reject
1_002_20200826_043125(8),1,2020-08-26 04:31:25,0.9824123289464788,0.0007849655956872,False,reinspect,reinspect
1_002_20200826_123052(0),1,2020-08-26 12:30:52,0.9858591695424732,0.0019309783973454,False,reject,reject
1_002_20200826_123059(6),1,2020-08-26 12:30:59,0.9843732526849288,0.0010355755907067,False,reject,reject
1_002_20200827_162026(7),1,2020-08-27 16:20:26,0.984378606524412,0.0005070761351128,False,reject,reject
1_002_20200827_162032(0),1,2020-08-27 16:20:32,0.9825069652816224,0.0019469508644834,False,reinspect,reinspect
1_002_20200831_083541(7),1,2020-08-31 08:35:41,0.9827670512269084,0.0019681371895529,False,reinspect,reinspect
1_002_20200831_083545(0),1,2020-08-31 08:35:45,0.9843345099512064,0.001234578519886,False,reject,reject
1_002_20200831_123127(7),1,2020-08-31 12:31:27,0.9805614191371752,0.0008717277235628,False,reinspect,reinspect
1_002_20200831_123134(5),1,2020-08-31 12:31:34,0.9830677255086224,0.0008228971534634,False,reinspect,reinspect
1_002_20200831_163123(9),1,2020-08-31 16:31:23,0.985092720763056,0.0011905083933946,False,reject,reject
1_002_20200831_163130(0),1,2020-08-31 16:31:30,0.9851474480878836,0.001280008363185,False,reject,reject
1_002_20200831_203044(7),1,2020-08-31 20:30:44,0.9844347862010848,0.0006266390349455,False,reject,reject
1_002_20200831_203049(3),1,2020-08-31 20:30:49,0.9837113903675432,0.0009853266395084,False,reject,reject
1_002_20200901_003102(0),1,2020-09-01 00:31:02,0.983622477564679,0.0014536102612115,False,reject,reject
1_002_20200901_003105(0),1,2020-09-01 00:31:05,0.9836931689414032,0.0009719094892575,False,reject,reject
1_002_20200901_003108(0),1,2020-09-01 00:31:08,0.9855381603521204,0.0015361809355747,False,reject,reject
1_002_20200901_003111(0),1,2020-09-01 00:31:11,0.9846179505544184,0.0004964113922797,False,reject,reject
1_002_20200901_003114(0),1,2020-09-01 00:31:14,0.9841982082489074,0.0011842618636491,False,reject,reject
1_002_20200901_003117(0),1,2020-09-01 00:31:17,0.9843443649609368,0.0009714129332115,False,reject,reject
1_002_20200901_043047(9),1,2020-09-01 04:30:47,0.985906182250145,0.0014780210080554,False,reject,reject
1_002_20200901_043050(9),1,2020-09-01 04:30:50,0.9842410793832465,0.0010870709274815,False,reject,reject
1_002_20200901_043055(4),1,2020-09-01 04:30:55,0.9825566149965888,0.0012513407876724,False,reinspect,reinspect
1_002_20200901_043058(4),1,2020-09-01 04:30:58,0.9826824754887457,0.0017106787546524,False,reinspect,reinspect
1_002_20200901_043104(4),1,2020-09-01 04:31:04,0.9832556704486088,0.0008967767659123,True,reinspect,reinspect
1_002_20200901_083206(9),1,2020-09-01 08:32:06,0.9808581947331296,0.0020933754854443,False,reinspect,reinspect
1_002_20200901_083213(5),1,2020-09-01 08:32:13,0.9823637906684548,0.0003481788769541,False,reinspect,reinspect
1_002_20200901_083714(2),1,2020-09-01 08:37:14,0.9854184273284816,0.0016585388031326,False,reject,reject
1_002_20200901_083717(4),1,2020-09-01 08:37:17,0.985404363531764,0.0015590944295495,False,reject,reject
1_002_20200901_083721(9),1,2020-09-01 08:37:21,0.9837266705758496,0.0009557705804474,False,reject,reject
1_002_20200901_083726(4),1,2020-09-01 08:37:26,0.9849492518816478,0.0013571652799599,False,reject,reject
1_002_20200901_083730(8),1,2020-09-01 08:37:30,0.9821493297708018,0.000659760168742,False,reinspect,reinspect
1_002_20200901_083735(4),1,2020-09-01 08:37:35,0.9834686633568984,0.0007712244226739,False,reject,reject
1_002_20200901_123248(2),1,2020-09-01 12:32:48,0.9854723749933068,0.0013411020687452,False,reject,reject
1_002_20200901_123251(2),1,2020-09-01 12:32:51,0.9848827405436548,0.0016504823409752,False,reject,reject
1_002_20200901_123256(0),1,2020-09-01 12:32:56,0.9826252405481606,0.0011021979009441,False,reinspect,reinspect
1_002_20200901_123300(3),1,2020-09-01 12:33:00,0.9824530732797744,0.0009031594973299,True,reinspect,reinspect
1_002_20200901_123304(6),1,2020-09-01 12:33:04,0.9840104411644792,0.0009485792260842,True,reject,reject
1_002_20200901_123309(1),1,2020-09-01 12:33:09,0.9852578774061992,0.0015141072798108,True,reject,reject
1_002_20200901_190126(8),1,2020-09-01 19:01:26,0.9843569811934052,0.0004771934853662,True,reject,reject
1_002_20200901_190132(2),1,2020-09-01 19:01:32,0.983433059400526,0.0009135890650311,True,reject,reject
1_002_20200901_190331(8),1,2020-09-01 19:03:31,0.9816369798622562,0.0009510173358655,True,reinspect,reinspect
1_002_20200901_190334(8),1,2020-09-01 19:03:34,0.981089826298365,0.0011142647906472,False,reinspect,reinspect
1_002_20200901_190337(5),1,2020-09-01 19:03:37,0.9827580356267108,0.0014623559774488,False,reinspect,reinspect
1_002_20200901_190344(1),1,2020-09-01 19:03:44,0.9847713383594632,0.0012629633740759,False,reject,reject
1_002_20200901_203149(6),1,2020-09-01 20:31:49,0.98619952549069,0.0019190163514074,True,reject,reject
1_002_20200901_203156(2),1,2020-09-01 20:31:56,0.9844342186006202,0.0005027741512773,True,reject,reject
1_002_20200901_203200(2),1,2020-09-01 20:32:00,0.9856034447723836,0.0019751153050657,True,reject,reject
1_002_20200901_203204(5),1,2020-09-01 20:32:04,0.9840724933948698,0.0006502070121556,False,reject,reject
1_002_20200901_203208(8),1,2020-09-01 20:32:08,0.9833607044282942,0.0014832085517572,False,reject,reject
1_002_20200901_203213(2),1,2020-09-01 20:32:13,0.983385657576452,0.0014077654869867,False,reject,reject
1_002_20200902_003106(3),1,2020-09-02 00:31:06,0.9822065491806652,0.0021554515945526,False,reinspect,reinspect
1_002_20200902_003115(0),1,2020-09-02 00:31:15,0.9822671981904192,0.0021472886124578,False,reinspect,reinspect
1_002_20200902_003119(5),1,2020-09-02 00:31:19,0.9823758200669328,0.0002754271928153,False,reinspect,reinspect
1_002_20200902_003123(6),1,2020-09-02 00:31:23,0.9812175050838194,0.0017456732012588,False,reinspect,reinspect
1_002_20200902_003127(7),1,2020-09-02 00:31:27,0.9844918016821708,0.0015451749982158,False,reject,reject
1_002_20200902_003132(0),1,2020-09-02 00:31:32,0.984155634219868,0.0008236297730758,False,reject,reject
1_002_20200902_043107(7),1,2020-09-02 04:31:07,0.9837419099741516,0.0011996437558716,False,reject,reject
1_002_20200902_043112(1),1,2020-09-02 04:31:12,0.984212512642996,0.0008943443602715,False,reject,reject
1_002_20200902_043116(4),1,2020-09-02 04:31:16,0.983293801352374,0.0007362488900821,False,reinspect,reinspect
1_002_20200902_043120(6),1,2020-09-02 04:31:20,0.9834916900045052,0.0017082753783529,False,reject,reject
1_002_20200902_043124(9),1,2020-09-02 04:31:24,0.9827997088616214,0.0006857657388381,False,reinspect,reinspect
1_002_20200902_043129(2),1,2020-09-02 04:31:29,0.9822761985905468,0.0004439384878142,False,reinspect,reinspect
1_002_20200902_082600(3),1,2020-09-02 08:26:00,0.9850315532950484,0.0015406021152931,True,reject,reject
1_002_20200902_082609(0),1,2020-09-02 08:26:09,0.9838149418610098,0.0021128630933801,False,reject,reject
1_002_20200902_082613(2),1,2020-09-02 08:26:13,0.9857234045671104,0.0014915146381124,False,reject,reject
1_002_20200902_082621(8),1,2020-09-02 08:26:21,0.9843153576422102,0.0005477989369237,False,reject,reject
1_002_20200902_082626(3),1,2020-09-02 08:26:26,0.9832926950348004,0.002025023529392,False,reinspect,reinspect
1_002_20200902_082638(8),1,2020-09-02 08:26:38,0.9853226405964712,0.0017996447435964,False,reject,reject
1_002_20200904_230034(7),1,2020-09-04 23:00:34,0.9834507745599416,0.0013656872868671,False,reject,reject
1_002_20200904_230038(7),1,2020-09-04 23:00:38,0.9841445319589076,0.0002093216126045,False,reject,reject
1_002_20200904_230042(8),1,2020-09-04 23:00:42,0.9828289873424632,0.0015638044437785,True,reinspect,reinspect
1_002_20200904_230047(1),1,2020-09-04 23:00:47,0.9789747977148934,0.0004052602202139,False,reinspect,reinspect
1_002_20200904_230050(8),1,2020-09-04 23:00:50,0.9854397446069966,0.0009362108019955,True,reject,reject
1_002_20200904_230054(7),1,2020-09-04 23:00:54,0.9825281507003074,0.0018421963838244,False,reinspect,reinspect
1_002_20200904_230301(9),1,2020-09-04 23:03:01,0.9818832866613122,0.0002084189096055,False,reinspect,reinspect
1_002_20200904_230305(2),1,2020-09-04 23:03:05,0.9845983715319008,0.0004049683838414,True,reject,reject
1_002_20200904_230308(3),1,2020-09-04 23:03:08,0.9841190928641236,0.001735089916865,True,reject,reject
1_002_20200904_230314(3),1,2020-09-04 23:03:14,0.9846396363335086,0.0011557976997188,True,reject,reject
1_002_20200904_230345(2),1,2020-09-04 23:03:45,0.9863339345599615,0.0011934517335664,False,reject,reject
1_002_20200904_230349(3),1,2020-09-04 23:03:49,0.982180448306723,0.0019977701304049,False,reinspect,reinspect
1_002_20200905_003146(9),1,2020-09-05 00:31:46,0.9848711731133828,0.0004254715600324,False,reject,reject
1_002_20200905_003154(8),1,2020-09-05 00:31:54,0.9843703917907612,0.0007090395431921,False,reject,reject
1_002_20200905_003158(8),1,2020-09-05 00:31:58,0.982963749994668,0.0005646141209531,False,reinspect,reinspect
1_002_20200905_003202(9),1,2020-09-05 00:32:02,0.981407576577078,0.0002439105819972,False,reinspect,reinspect
1_002_20200905_003210(8),1,2020-09-05 00:32:10,0.985610260035214,0.0013674449195309,False,reject,reject
1_002_20200905_003220(7),1,2020-09-05 00:32:20,0.9816876473762022,0.0013188056833409,False,reinspect,reinspect
1_002_20200905_043116(7),1,2020-09-05 04:31:16,0.9842914244873436,0.0014392107966299,False,reject,reject
1_002_20200905_043119(3),1,2020-09-05 04:31:19,0.980498665812275,0.0016890386242113,False,reinspect,reinspect
1_002_20200905_043122(0),1,2020-09-05 04:31:22,0.9816727215543998,0.0016482646729423,False,reinspect,reinspect
1_002_20200905_043124(6),1,2020-09-05 04:31:24,0.9853460024276772,0.0016324053378362,False,reject,reject
1_002_20200905_043129(6),1,2020-09-05 04:31:29,0.9787010707187448,0.0026368664920312,False,reinspect,reinspect
1_002_20200905_043135(3),1,2020-09-05 04:31:35,0.980532305309154,0.0009524093005761,False,reinspect,reinspect
1_002_20200905_083100(6),1,2020-09-05 08:31:00,0.982847562256856,0.0016139441224835,False,reinspect,reinspect
1_002_20200905_083104(6),1,2020-09-05 08:31:04,0.9820190805420264,0.0016277434561295,False,reinspect,reinspect
1_002_20200905_083116(7),1,2020-09-05 08:31:16,0.9846451783992276,0.0015179822281781,False,reject,reject
1_002_20200905_083120(6),1,2020-09-05 08:31:20,0.9837567778267994,0.0010711028240438,False,reject,reject
1_002_20200905_083124(7),1,2020-09-05 08:31:24,0.9857839143398188,0.0017980276700627,False,reject,reject
1_002_20200905_083134(7),1,2020-09-05 08:31:34,0.9845503293923956,0.0014142327436936,False,reject,reject
1_002_20200905_123051(5),1,2020-09-05 12:30:51,0.9804127745533082,0.0015990264087728,False,reinspect,reinspect
1_002_20200905_123055(5),1,2020-09-05 12:30:55,0.9842770945549786,0.0008586618218851,False,reject,reject
1_002_20200905_123059(6),1,2020-09-05 12:30:59,0.9799318523834089,0.0024217183770981,False,reinspect,reinspect
1_002_20200907_204657(8),1,2020-09-07 20:46:57,0.983702493489614,0.0003745062440482,False,reject,reject
1_002_20200908_003259(2),1,2020-09-08 00:32:59,0.9839073501759592,0.0013862696472553,False,reject,reject
1_002_20200908_003303(8),1,2020-09-08 00:33:03,0.986012316999805,0.0021965579050634,False,reject,reject
1_002_20200908_003308(2),1,2020-09-08 00:33:08,0.984244273006276,0.0004411703988532,False,reject,reject
1_002_20200908_003312(9),1,2020-09-08 00:33:12,0.9823606030426728,0.0011625345650623,False,reinspect,reinspect
1_002_20200908_003321(8),1,2020-09-08 00:33:21,0.9847124311547962,0.001505185869295,False,reject,reject
1_002_20200908_003330(9),1,2020-09-08 00:33:30,0.9844445601227908,0.0008638977738158,False,reject,reject
1_002_20200908_043104(3),1,2020-09-08 04:31:04,0.9852682989513566,0.0007162789650845,False,reject,reject
1_002_20200908_043108(7),1,2020-09-08 04:31:08,0.9830207583099496,0.0017326757729739,False,reinspect,reinspect
1_002_20200908_043113(2),1,2020-09-08 04:31:13,0.9828798566103308,0.0009954866226994,False,reinspect,reinspect
1_002_20200908_043117(6),1,2020-09-08 04:31:17,0.9815616699478948,0.0009263217548319,False,reinspect,reinspect
1_002_20200908_043122(1),1,2020-09-08 04:31:22,0.9835841997320274,0.0013003192845682,False,reject,reject
1_002_20200908_043126(7),1,2020-09-08 04:31:26,0.9827351528155857,0.0007878904962341,False,reinspect,reinspect
1_002_20200912_021405(0),1,2020-09-12 02:14:05,0.985993026150935,0.001358215463308,False,reject,reject
1_002_20200912_021411(6),1,2020-09-12 02:14:11,0.9840016509272552,0.0006264535193235,False,reject,reject
1_002_20200912_021417(8),1,2020-09-12 02:14:17,0.9845080503397712,0.0003569252030147,False,reject,reject
1_002_20200912_021420(7),1,2020-09-12 02:14:20,0.9817245643635012,0.0016602743482697,False,reinspect,reinspect
1_002_20200912_021423(8),1,2020-09-12 02:14:23,0.9852140502973078,0.0016536958508175,False,reject,reject
1_002_20200912_021430(0),1,2020-09-12 02:14:30,0.985140288327777,0.0012435059175301,False,reject,reject
1_002_20200912_043042(7),1,2020-09-12 04:30:42,0.9844200164560344,0.0009900968547576,False,reject,reject
1_002_20200912_043047(4),1,2020-09-12 04:30:47,0.984113071436059,0.001862341465569,False,reject,reject
1_002_20200912_043051(8),1,2020-09-12 04:30:51,0.9830902093783463,0.0010666055558408,False,reinspect,reinspect
1_002_20200912_043056(4),1,2020-09-12 04:30:56,0.9841928040375644,0.0014680730203841,False,reject,reject
1_002_20200912_043105(3),1,2020-09-12 04:31:05,0.984512121826612,0.0006510704775865,False,reject,reject
1_002_20200912_043123(2),1,2020-09-12 04:31:23,0.9834437275141966,0.0014185072264075,False,reject,reject
1_002_20200912_123204(6),1,2020-09-12 12:32:04,0.9843291081218862,0.0010945721785532,False,reject,reject
1_002_20200912_123207(7),1,2020-09-12 12:32:07,0.986524491909002,0.0023745049491882,False,reject,reject
1_002_20200912_123210(6),1,2020-09-12 12:32:10,0.9819250404458776,0.0008718529207332,False,reinspect,reinspect
1_002_20200912_123216(4),1,2020-09-12 12:32:16,0.98481702549841,0.0012185871728959,False,reject,reject
1_002_20200912_123219(3),1,2020-09-12 12:32:19,0.9831221256387124,0.0015910923454159,False,reinspect,reinspect
1_002_20200912_123222(2),1,2020-09-12 12:32:22,0.9843822149686708,0.0010362696307868,False,reject,reject
1_002_20200912_163052(9),1,2020-09-12 16:30:52,0.9861525577199308,0.0008478508366367,False,reject,reject
1_002_20200912_163058(9),1,2020-09-12 16:30:58,0.9840440033526272,0.0013990749386936,False,reject,reject
1_002_20200912_163101(7),1,2020-09-12 16:31:01,0.9844773973988642,0.0003646144198545,False,reject,reject
1_002_20200912_163104(6),1,2020-09-12 16:31:04,0.9826982029437576,0.0022309108001563,False,reinspect,reinspect
1_002_20200912_163113(5),1,2020-09-12 16:31:13,0.9824556967634166,0.0005941513747692,False,reinspect,reinspect
1_002_20200912_163116(5),1,2020-09-12 16:31:16,0.9867421128508318,0.0018172721106825,False,reject,reject
1_002_20200912_202615(3),1,2020-09-12 20:26:15,0.9845824555359856,0.0013540265875961,False,reject,reject
1_002_20200912_202619(7),1,2020-09-12 20:26:19,0.984003416855288,0.000891869261096,False,reject,reject
1_002_20200912_202628(8),1,2020-09-12 20:26:28,0.9865192459227812,0.0014114147058662,False,reject,reject
1_002_20200912_202633(1),1,2020-09-12 20:26:33,0.9818624214039126,0.000741838420624,False,reinspect,reinspect
1_002_20200912_202637(8),1,2020-09-12 20:26:37,0.986514756974936,0.0018459671421203,False,reject,reject
1_002_20200912_202646(7),1,2020-09-12 20:26:46,0.9844794770160156,0.0013223239455154,False,reject,reject
1_002_20200914_082846(9),1,2020-09-14 08:28:46,0.9852559781128938,0.0009609386881201,False,reject,reject
1_002_20200914_082856(2),1,2020-09-14 08:28:56,0.9853424342108604,0.0017041377932202,False,reject,reject
1_002_20200914_082904(6),1,2020-09-14 08:29:04,0.9846969214259104,0.0007978450003673,False,reject,reject
1_002_20200914_082910(5),1,2020-09-14 08:29:10,0.9855021249038584,0.0001481963715787,False,reject,reject
1_002_20200914_082918(3),1,2020-09-14 08:29:18,0.984948025943007,0.0015764012822128,False,reject,reject
1_002_20200914_082925(8),1,2020-09-14 08:29:25,0.983653484479265,0.0012043290520756,False,reject,reject
1_002_20200914_123926(8),1,2020-09-14 12:39:26,0.9830987936147912,0.0009805832942398,False,reinspect,reinspect
1_002_20200914_123931(3),1,2020-09-14 12:39:31,0.9836001983794684,0.0004255158652175,False,reject,reject
1_002_20200914_123935(7),1,2020-09-14 12:39:35,0.983930887129433,0.001153914840942,False,reject,reject
1_002_20200914_123940(1),1,2020-09-14 12:39:40,0.9841955742336276,0.0009513994921075,False,reject,reject
1_002_20200914_123944(7),1,2020-09-14 12:39:44,0.9828550345943065,0.001321658018386,False,reinspect,reinspect
1_002_20200914_123949(5),1,2020-09-14 12:39:49,0.9808540192762992,0.0026168266106423,False,reinspect,reinspect
1_002_20200914_163056(7),1,2020-09-14 16:30:56,0.9847796641855096,0.0014517312752251,False,reject,reject
1_002_20200914_163101(1),1,2020-09-14 16:31:01,0.984433800359526,0.0010478096180125,False,reject,reject
1_002_20200914_163105(7),1,2020-09-14 16:31:05,0.9853924924474952,0.002193736592522,False,reject,reject
1_002_20200914_163110(1),1,2020-09-14 16:31:10,0.9854927418110327,0.0002833319588382,False,reject,reject
1_002_20200914_163114(5),1,2020-09-14 16:31:14,0.9846189209060012,0.0009099451848833,False,reject,reject
1_002_20200914_163119(3),1,2020-09-14 16:31:19,0.9823368501075508,0.0002251542931104,False,reinspect,reinspect
1_002_20200914_202928(5),1,2020-09-14 20:29:28,0.9823844310365232,0.001186471088108,False,reinspect,reinspect
1_002_20200914_202931(6),1,2020-09-14 20:29:31,0.9837493220014047,0.0015256247302614,False,reject,reject
1_002_20200914_202934(5),1,2020-09-14 20:29:34,0.9835424434315924,0.0015716485271216,False,reject,reject
1_002_20200914_202937(6),1,2020-09-14 20:29:37,0.9855956784939714,0.0009709363581674,False,reject,reject
1_002_20200914_202943(5),1,2020-09-14 20:29:43,0.9829256403588958,0.002089914836715,False,reinspect,reinspect
1_002_20200914_202948(1),1,2020-09-14 20:29:48,0.980673582006183,0.0021998728414841,False,reinspect,reinspect
1_002_20200915_003458(4),1,2020-09-15 00:34:58,0.9817604762792874,0.0010022412640609,False,reinspect,reinspect
1_002_20200915_003505(7),1,2020-09-15 00:35:05,0.9850383202288928,0.0005248125406532,False,reject,reject
1_002_20200915_003510(7),1,2020-09-15 00:35:10,0.9828015508101152,0.0015832911865854,False,reinspect,reinspect
1_002_20200915_003515(6),1,2020-09-15 00:35:15,0.9813668874490188,0.0002899562409664,False,reinspect,reinspect
1_002_20200915_003523(1),1,2020-09-15 00:35:23,0.9863504624762988,0.0016170793225418,False,reject,reject
1_002_20200915_003532(1),1,2020-09-15 00:35:32,0.9823950256798945,0.0001654003187198,False,reinspect,reinspect
1_002_20200915_043352(7),1,2020-09-15 04:33:52,0.9862450541033986,0.0015853218003975,True,reject,reject
1_002_20200915_043355(3),1,2020-09-15 04:33:55,0.9847285639128384,0.0014505849645172,True,reject,reject
1_002_20200915_043358(1),1,2020-09-15 04:33:58,0.981555896868424,0.0023537959340728,True,reinspect,reinspect
1_002_20200915_043401(0),1,2020-09-15 04:34:01,0.9837749034368324,0.0005665065333326,True,reject,reject
1_002_20200915_043406(9),1,2020-09-15 04:34:06,0.9826615193545656,0.0008775807958316,True,reinspect,reinspect
1_002_20200915_043416(7),1,2020-09-15 04:34:16,0.983541767956657,0.0009486485067597,True,reject,reject
1_002_20200915_083053(7),1,2020-09-15 08:30:53,0.9848406586066684,0.0012237504993285,False,reject,reject
1_002_20200915_083056(7),1,2020-09-15 08:30:56,0.984077956516348,0.0012476424090172,False,reject,reject
1_002_20200915_083101(1),1,2020-09-15 08:31:01,0.9825140804260796,0.0016379542734719,False,reinspect,reinspect
1_002_20200915_083104(1),1,2020-09-15 08:31:04,0.9858441514211936,0.0017884521215253,False,reject,reject
1_002_20200915_083107(1),1,2020-09-15 08:31:07,0.9844104187677338,0.0023081937734408,False,reject,reject
1_002_20200915_083117(6),1,2020-09-15 08:31:17,0.983138841791023,0.0009369854205016,False,reinspect,reinspect
1_002_20200915_123113(2),1,2020-09-15 12:31:13,0.9811312573398208,0.0010572416571815,False,reinspect,reinspect
1_002_20200915_123117(6),1,2020-09-15 12:31:17,0.9816450833306326,0.0013018686401869,False,reinspect,reinspect
1_002_20200915_123126(5),1,2020-09-15 12:31:26,0.9826341358751146,0.0015156142827886,False,reinspect,reinspect
1_002_20200915_123131(1),1,2020-09-15 12:31:31,0.9841817349846996,0.0011527303930827,False,reject,reject
1_002_20200915_123135(7),1,2020-09-15 12:31:35,0.9861060691726938,0.0019727600918384,False,reject,reject
1_002_20200915_123140(1),1,2020-09-15 12:31:40,0.9840729487047952,0.0014197224132056,False,reject,reject
1_002_20200915_163129(0),1,2020-09-15 16:31:29,0.9833981828870748,0.001188261649225,False,reject,reject
1_002_20200915_163133(5),1,2020-09-15 16:31:33,0.985416884977694,0.0013830184579651,False,reject,reject
1_002_20200915_163144(0),1,2020-09-15 16:31:44,0.9848186771917906,0.0017366328433212,False,reject,reject
1_002_20200915_163154(5),1,2020-09-15 16:31:54,0.9834305554390556,0.0013751051750376,False,reject,reject
1_002_20200915_163158(9),1,2020-09-15 16:31:58,0.9846173135067164,0.0012063679398273,False,reject,reject
1_002_20200915_163203(4),1,2020-09-15 16:32:03,0.9822721079020856,0.0016009123505501,False,reinspect,reinspect
1_002_20200915_203209(5),1,2020-09-15 20:32:09,0.9825996333789916,0.0015771689341592,False,reinspect,reinspect
1_002_20200915_203212(5),1,2020-09-15 20:32:12,0.9848836188337206,0.0012995371097293,False,reject,reject
1_002_20200915_203215(5),1,2020-09-15 20:32:15,0.9861738894165644,0.0018141329604757,False,reject,reject
1_002_20200915_203218(5),1,2020-09-15 20:32:18,0.983144613897144,0.0009327355411622,False,reinspect,reinspect
1_002_20200915_203224(4),1,2020-09-15 20:32:24,0.9833190835445828,0.0005822992847874,False,reinspect,reinspect
1_002_20200915_203229(1),1,2020-09-15 20:32:29,0.9854285854907197,0.0015081417052407,False,reject,reject
1_002_20200916_003104(1),1,2020-09-16 00:31:04,0.9810248384770808,0.0009466284575018,False,reinspect,reinspect
1_002_20200916_003107(1),1,2020-09-16 00:31:07,0.983015837470297,0.0013261309287537,False,reinspect,reinspect
1_002_20200916_003110(0),1,2020-09-16 00:31:10,0.9809691948942424,0.0018564977798307,False,reinspect,reinspect
1_002_20200916_003113(0),1,2020-09-16 00:31:13,0.9816513227668888,0.0013426884783696,False,reinspect,reinspect
1_002_20200916_003115(9),1,2020-09-16 00:31:15,0.9825697879190236,0.0015184135486379,False,reinspect,reinspect
1_002_20200916_003118(8),1,2020-09-16 00:31:18,0.9830611822365348,0.0011762219408953,False,reinspect,reinspect
1_002_20200916_043147(8),1,2020-09-16 04:31:47,0.9825033583031492,0.0012189268689095,False,reinspect,reinspect
1_002_20200916_043150(7),1,2020-09-16 04:31:50,0.9802326945385296,0.0023712743383959,False,reinspect,reinspect
1_002_20200916_043153(7),1,2020-09-16 04:31:53,0.9835865246685715,0.0014095788838733,False,reject,reject
1_002_20200916_043156(6),1,2020-09-16 04:31:56,0.983840052517352,0.0009330675036505,False,reject,reject
1_002_20200916_043202(6),1,2020-09-16 04:32:02,0.9809219723488136,0.0022160425160622,False,reinspect,reinspect
1_002_20200916_043211(3),1,2020-09-16 04:32:11,0.9810790532859236,0.0018760490221174,False,reinspect,reinspect
1_002_20200916_083037(0),1,2020-09-16 08:30:37,0.9850082854671268,0.0014656556906127,False,reject,reject
1_002_20200916_083045(8),1,2020-09-16 08:30:45,0.9836558952644716,0.0009122424614852,False,reject,reject
1_002_20200916_083050(2),1,2020-09-16 08:30:50,0.9810010338482732,0.000726639918721,False,reinspect,reinspect
1_002_20200916_083057(6),1,2020-09-16 08:30:57,0.9827232494520194,0.0015196203043893,False,reinspect,reinspect
1_002_20200916_083106(3),1,2020-09-16 08:31:06,0.985519059455603,0.0010291088918607,False,reject,reject
1_002_20200916_083126(7),1,2020-09-16 08:31:26,0.984408721554189,0.001049878944913,False,reject,reject
1_002_20200916_122636(6),1,2020-09-16 12:26:36,0.9853353461696904,0.0011204817876239,False,reject,reject
1_002_20200916_122641(1),1,2020-09-16 12:26:41,0.9831834269381244,0.0009268945550413,False,reinspect,reinspect
1_002_20200916_122645(6),1,2020-09-16 12:26:45,0.9847617362267396,0.0012748148079197,False,reject,reject
1_002_20200916_122650(1),1,2020-09-16 12:26:50,0.9856453276868932,0.0015938082401391,False,reject,reject
1_002_20200916_122654(7),1,2020-09-16 12:26:54,0.9842526164848314,0.0008775572252891,False,reject,reject
1_002_20200916_122659(2),1,2020-09-16 12:26:59,0.9826295555472696,0.0011868396640179,False,reinspect,reinspect
1_002_20200916_203122(3),1,2020-09-16 20:31:22,0.9848728646812952,0.0010105872079847,False,reject,reject
1_002_20200916_203126(3),1,2020-09-16 20:31:26,0.9860462924732958,0.0015961879763296,False,reject,reject
1_002_20200916_203130(2),1,2020-09-16 20:31:30,0.9842508170228864,0.0012631095807808,False,reject,reject
1_002_20200916_203134(2),1,2020-09-16 20:31:34,0.9812801545498764,0.0021346407180175,False,reinspect,reinspect
1_002_20200916_203138(2),1,2020-09-16 20:31:38,0.9840453177719076,0.0002285672031227,False,reject,reject
1_002_20200916_203142(2),1,2020-09-16 20:31:42,0.9862804611868836,0.0014123554910004,False,reject,reject
1_002_20200917_003202(9),1,2020-09-17 00:32:02,0.9791820511850516,0.0022025444331362,False,reinspect,reinspect
1_002_20200917_003206(8),1,2020-09-17 00:32:06,0.9851586891937658,0.001291209522837,False,reject,reject
1_002_20200917_003210(8),1,2020-09-17 00:32:10,0.9851093584663604,0.0009624390871743,False,reject,reject
1_002_20200917_003214(8),1,2020-09-17 00:32:14,0.9836412180780032,0.0010241576602821,False,reject,reject
1_002_20200917_003218(8),1,2020-09-17 00:32:18,0.9842918528924014,0.001633738734445,False,reject,reject
1_002_20200917_003222(9),1,2020-09-17 00:32:22,0.9819678684509272,0.0018365377093775,False,reinspect,reinspect
1_002_20200917_043057(1),1,2020-09-17 04:30:57,0.9844965315405836,0.001538411005831,False,reject,reject
1_002_20200917_043101(1),1,2020-09-17 04:31:01,0.9825609016196968,0.0019300993652047,False,reinspect,reinspect
1_002_20200917_043105(2),1,2020-09-17 04:31:05,0.9844317090373044,0.0007119443682788,False,reject,reject
1_002_20200917_043109(1),1,2020-09-17 04:31:09,0.9832444692879015,0.00141640224266,False,reinspect,reinspect
1_002_20200917_043113(2),1,2020-09-17 04:31:13,0.9848614092694236,0.001006107029331,False,reject,reject
1_002_20200917_043117(2),1,2020-09-17 04:31:17,0.984821429738897,0.001171033736529,False,reject,reject
1_002_20200917_083653(7),1,2020-09-17 08:36:53,0.9847811348531652,0.0004642691792145,False,reject,reject
1_002_20200917_083659(5),1,2020-09-17 08:36:59,0.984301433518669,0.0006815287567694,False,reject,reject
1_002_20200917_083703(5),1,2020-09-17 08:37:03,0.9852972642889506,0.0013532699337287,False,reject,reject
1_002_20200917_083707(4),1,2020-09-17 08:37:07,0.9840548355651438,0.0008111506533533,False,reject,reject
1_002_20200917_083711(6),1,2020-09-17 08:37:11,0.983842076137696,0.000725994735309,False,reject,reject
1_002_20200917_083721(4),1,2020-09-17 08:37:21,0.9832262925637404,0.0020161309467576,False,reinspect,reinspect
1_002_20200917_123052(0),1,2020-09-17 12:30:52,0.9850646265840656,0.0011549002967288,False,reject,reject
1_002_20200917_123056(0),1,2020-09-17 12:30:56,0.9849675306458904,0.0015942050064979,False,reject,reject
1_002_20200917_123100(0),1,2020-09-17 12:31:00,0.985640947420344,0.0013517829815208,False,reject,reject
1_002_20200917_123116(1),1,2020-09-17 12:31:16,0.983893794652744,0.0012133342847895,False,reject,reject
1_002_20200917_123120(2),1,2020-09-17 12:31:20,0.9841399624289676,0.0010905937648936,False,reject,reject
1_002_20200917_123124(2),1,2020-09-17 12:31:24,0.9813274166541802,0.0009990828070764,False,reinspect,reinspect
1_002_20200917_162809(7),1,2020-09-17 16:28:09,0.9838458086401102,0.0018876061762294,False,reject,reject
1_002_20200917_162813(7),1,2020-09-17 16:28:13,0.9861087981803696,0.0016000515735384,False,reject,reject
1_002_20200917_162817(7),1,2020-09-17 16:28:17,0.9840522077427148,0.000524932868437,False,reject,reject
1_002_20200917_162821(7),1,2020-09-17 16:28:21,0.9859782367976826,0.0014245308156029,False,reject,reject
1_002_20200917_162825(6),1,2020-09-17 16:28:25,0.9834541648114798,0.0006207531355727,False,reject,reject
1_002_20200917_162829(8),1,2020-09-17 16:28:29,0.9838335128686588,0.0012297004365246,False,reject,reject
1_002_20200917_202944(0),1,2020-09-17 20:29:44,0.985272641568914,0.0017535033823344,False,reject,reject
1_002_20200917_202952(6),1,2020-09-17 20:29:52,0.985536804180936,0.0020297132090757,False,reject,reject
1_002_20200917_202955(7),1,2020-09-17 20:29:55,0.9845063828261428,0.0018192718975396,False,reject,reject
1_002_20200917_202958(6),1,2020-09-17 20:29:58,0.981876729668568,0.0021935794637897,False,reinspect,reinspect
1_002_20200917_203001(5),1,2020-09-17 20:30:01,0.985046610671278,0.0006286171313411,False,reject,reject
1_002_20200917_203004(3),1,2020-09-17 20:30:04,0.984411338349797,0.0010664210589862,False,reject,reject
1_002_20200918_003438(7),1,2020-09-18 00:34:38,0.9854551536953472,0.0010827659134294,False,reject,reject
1_002_20200918_003442(6),1,2020-09-18 00:34:42,0.9823832092264632,0.0015268738018912,False,reinspect,reinspect
1_002_20200918_003445(5),1,2020-09-18 00:34:45,0.981363182188638,0.0003603851093652,False,reinspect,reinspect
1_002_20200918_003448(4),1,2020-09-18 00:34:48,0.9832259384874422,0.0016304054491928,False,reinspect,reinspect
1_002_20200918_003451(0),1,2020-09-18 00:34:51,0.9832785516078932,0.0013114454583351,False,reinspect,reinspect
1_002_20200918_003453(6),1,2020-09-18 00:34:53,0.9848283132705894,0.0015634744316357,False,reject,reject
1_002_20200918_043330(3),1,2020-09-18 04:33:30,0.9834769642610424,0.0015046358956322,False,reject,reject
1_002_20200918_043332(9),1,2020-09-18 04:33:32,0.9859985138645708,0.0014817790908633,False,reject,reject
1_002_20200918_043335(6),1,2020-09-18 04:33:35,0.9843042731132848,0.0011245747576207,False,reject,reject
1_002_20200918_043338(2),1,2020-09-18 04:33:38,0.9850670870918944,0.0009558869537726,False,reject,reject
1_002_20200918_043341(9),1,2020-09-18 04:33:41,0.979379253842684,0.0023181170665622,False,reinspect,reinspect
1_002_20200918_043345(9),1,2020-09-18 04:33:45,0.9849784643371212,0.0012044976933115,False,reject,reject
1_002_20200918_083240(7),1,2020-09-18 08:32:40,0.9840916237812194,0.0012119528231532,False,reject,reject
1_002_20200918_083244(8),1,2020-09-18 08:32:44,0.9833147567392236,0.0013245386486307,False,reinspect,reinspect
1_002_20200918_083248(7),1,2020-09-18 08:32:48,0.985521226841586,0.0012233525725913,False,reject,reject
1_002_20200918_083254(8),1,2020-09-18 08:32:54,0.9851255563665448,0.001354865948793,False,reject,reject
1_002_20200918_083302(6),1,2020-09-18 08:33:02,0.9869987619665538,0.0021364101964048,False,reject,reject
1_002_20200918_083306(7),1,2020-09-18 08:33:06,0.9870121438843488,0.0011973986918997,False,reject,reject
1_002_20200918_123306(7),1,2020-09-18 12:33:06,0.9840257836699948,0.0009411976573483,False,reject,reject
1_002_20200918_123310(6),1,2020-09-18 12:33:10,0.9853244335999174,0.0010002725017532,False,reject,reject
1_002_20200918_123314(6),1,2020-09-18 12:33:14,0.984410583248586,0.0010855752624252,False,reject,reject
1_002_20200918_123318(7),1,2020-09-18 12:33:18,0.980406823654854,0.0007606437872636,False,reinspect,reinspect
1_002_20200918_123322(5),1,2020-09-18 12:33:22,0.984482927711364,0.0011965937219772,False,reject,reject
1_002_20200918_123331(0),1,2020-09-18 12:33:31,0.9827019583393404,0.0006032982739985,False,reinspect,reinspect
1_002_20200918_163302(9),1,2020-09-18 16:33:02,0.9819727624898504,0.002099766749748,False,reinspect,reinspect
1_002_20200918_163306(9),1,2020-09-18 16:33:06,0.9817814168876768,0.0017794329027179,False,reinspect,reinspect
1_002_20200918_163310(9),1,2020-09-18 16:33:10,0.9811790455770316,0.0024644948830998,False,reinspect,reinspect
1_002_20200918_163314(9),1,2020-09-18 16:33:14,0.98234593143275,0.0017512081059835,False,reinspect,reinspect
1_002_20200918_163318(8),1,2020-09-18 16:33:18,0.9832327201022202,0.0012076610006799,False,reinspect,reinspect
1_002_20200918_163322(9),1,2020-09-18 16:33:22,0.9840216086640444,0.0017724294605334,False,reject,reject
1_002_20200921_111929(2),1,2020-09-21 11:19:29,0.9852385097066328,0.0011774028004027,False,reject,reject
1_002_20200921_111932(4),1,2020-09-21 11:19:32,0.982725956731754,0.0017629282542639,False,reinspect,reinspect
1_002_20200921_111939(0),1,2020-09-21 11:19:39,0.9830608336345668,0.0012574913910891,False,reinspect,reinspect
1_002_20200921_111942(1),1,2020-09-21 11:19:42,0.9846573231948412,0.0010823838625628,False,reject,reject
1_002_20200921_111948(3),1,2020-09-21 11:19:48,0.9850842520868794,0.000117649913033,False,reject,reject
1_002_20200921_111951(8),1,2020-09-21 11:19:51,0.9845143768287984,0.0015318264906407,False,reject,reject
1_002_20200921_123148(8),1,2020-09-21 12:31:48,0.9841766441319328,0.0012698091427466,False,reject,reject
1_002_20200921_123153(3),1,2020-09-21 12:31:53,0.983962773776209,0.0007799944703782,False,reject,reject
1_002_20200921_123157(8),1,2020-09-21 12:31:57,0.9833082964188,0.0006262214298221,False,reinspect,reinspect
1_002_20200921_123202(3),1,2020-09-21 12:32:02,0.984719606817098,0.000893103306012,False,reject,reject
1_002_20200921_123206(8),1,2020-09-21 12:32:06,0.9810110739446102,0.0027743543632933,False,reinspect,reinspect
1_002_20200921_123211(3),1,2020-09-21 12:32:11,0.9839326814000584,0.0002914956992519,False,reject,reject
1_002_20200921_163052(8),1,2020-09-21 16:30:52,0.9845773059925964,0.0010655265836948,False,reject,reject
1_002_20200921_163055(8),1,2020-09-21 16:30:55,0.9851266999716828,0.0011033969759789,False,reject,reject
1_002_20200921_163102(0),1,2020-09-21 16:31:02,0.9826107252947446,0.0020264422791675,False,reinspect,reinspect
1_002_20200921_163105(3),1,2020-09-21 16:31:05,0.9854513755433484,0.0011955874689948,False,reject,reject
1_002_20200921_163110(2),1,2020-09-21 16:31:10,0.9837889512459134,0.0006480412086005,False,reject,reject
1_002_20200921_163113(3),1,2020-09-21 16:31:13,0.9847002722103574,0.0006224630581682,False,reject,reject
1_002_20200921_202245(2),1,2020-09-21 20:22:45,0.9836459878215206,0.0012253025474955,False,reject,reject
1_002_20200921_202254(1),1,2020-09-21 20:22:54,0.9859839161052713,0.0018816651732811,False,reject,reject
1_002_20200921_202257(2),1,2020-09-21 20:22:57,0.9841229321158308,0.0004969789312385,False,reject,reject
1_002_20200921_202300(1),1,2020-09-21 20:23:00,0.9856719993712006,0.0020064666806592,False,reject,reject
1_002_20200921_202312(1),1,2020-09-21 20:23:12,0.9847151084723332,0.0011285235282093,False,reject,reject
1_002_20200921_202315(3),1,2020-09-21 20:23:15,0.9823036787949464,0.0008284462160534,False,reinspect,reinspect
1_002_20200922_003107(0),1,2020-09-22 00:31:07,0.9830456011354516,0.0009354437446568,False,reinspect,reinspect
1_002_20200922_003116(0),1,2020-09-22 00:31:16,0.9837981914224638,0.0015467978511584,False,reject,reject
1_002_20200922_003120(5),1,2020-09-22 00:31:20,0.9837444424898926,0.0011680403447746,False,reject,reject
1_002_20200922_003123(5),1,2020-09-22 00:31:23,0.9842304483116192,0.0014336129917829,False,reject,reject
1_002_20200922_003129(5),1,2020-09-22 00:31:29,0.9848749881102729,0.0013122041919782,False,reject,reject
1_002_20200922_003134(1),1,2020-09-22 00:31:34,0.9814114363137604,0.0010397169361115,False,reinspect,reinspect
1_002_20200922_043105(7),1,2020-09-22 04:31:05,0.9830696184477856,0.0011863419580682,False,reinspect,reinspect
1_002_20200922_043110(2),1,2020-09-22 04:31:10,0.9834366081748284,0.0010388143912379,False,reject,reject
1_002_20200922_043114(8),1,2020-09-22 04:31:14,0.9806109249549928,0.0015879239986461,False,reinspect,reinspect
1_002_20200922_043119(3),1,2020-09-22 04:31:19,0.9848096170481,0.0017806318285587,False,reject,reject
1_002_20200922_043123(8),1,2020-09-22 04:31:23,0.9850618971994748,0.0019686175048717,False,reject,reject
1_002_20200922_043128(2),1,2020-09-22 04:31:28,0.985844389333366,0.0013583253260674,False,reject,reject
1_002_20200922_083752(7),1,2020-09-22 08:37:52,0.9841292007487422,0.0011427187572299,False,reject,reject
1_002_20200922_083755(7),1,2020-09-22 08:37:55,0.9847951968390436,0.0014928050690039,False,reject,reject
1_002_20200922_083758(7),1,2020-09-22 08:37:58,0.9837233349053872,0.0008714771967617,False,reject,reject
1_002_20200922_083801(7),1,2020-09-22 08:38:01,0.9826093047758112,0.001928778739349,False,reinspect,reinspect
1_002_20200922_083807(4),1,2020-09-22 08:38:07,0.9835905152722678,0.0001726213486113,False,reject,reject
1_002_20200922_083810(4),1,2020-09-22 08:38:10,0.9837918396762751,0.0003932252190478,False,reject,reject
1_002_20200922_122708(6),1,2020-09-22 12:27:08,0.982670304918606,0.0011218373520226,False,reinspect,reinspect
1_002_20200922_122713(0),1,2020-09-22 12:27:13,0.9849387708087596,0.0013528746640065,False,reject,reject
1_002_20200922_122717(4),1,2020-09-22 12:27:17,0.9841501064535833,0.0011870339900724,False,reject,reject
1_002_20200922_122721(8),1,2020-09-22 12:27:21,0.9796304301562528,0.002711013439349,False,reinspect,reinspect
1_002_20200922_122724(8),1,2020-09-22 12:27:24,0.9845935816120276,0.0018075611983205,False,reject,reject
1_002_20200922_122727(6),1,2020-09-22 12:27:27,0.9830784713057538,0.0008164911727441,False,reinspect,reinspect
1_002_20200922_163053(8),1,2020-09-22 16:30:53,0.9849003728035532,0.0003887919009431,False,reject,reject
1_002_20200922_163056(8),1,2020-09-22 16:30:56,0.9857906642703506,0.0017259917706506,False,reject,reject
1_002_20200922_163059(6),1,2020-09-22 16:30:59,0.9862924529617444,0.0009108742131557,False,reject,reject
1_002_20200922_163102(5),1,2020-09-22 16:31:02,0.983488079468546,0.0015854920343273,False,reject,reject
1_002_20200922_163105(5),1,2020-09-22 16:31:05,0.9832952685168824,0.0008594617453866,False,reinspect,reinspect
1_002_20200922_163110(0),1,2020-09-22 16:31:10,0.983884347721325,0.0012442104524216,False,reject,reject
2_002_20200624_162726(9),2,2020-06-24 16:27:26,0.9821819182296528,0.0009603827168013,False,reinspect,reinspect
2_002_20200624_162737(5),2,2020-06-24 16:27:37,0.9854454289422714,0.0014593883900343,False,reject,reject
2_002_20200629_202727(4),2,2020-06-29 20:27:27,0.9835559954112906,0.0006988691254477,False,reject,reject
2_002_20200629_202731(9),2,2020-06-29 20:27:31,0.9851002440922838,0.0006360419469991,False,reject,reject
2_002_20200629_202736(4),2,2020-06-29 20:27:36,0.9831762843856392,0.00120320303646,False,reinspect,reinspect
2_002_20200629_202741(1),2,2020-06-29 20:27:41,0.9843934857632616,0.0019791308164277,False,reject,reject
2_002_20200629_202745(5),2,2020-06-29 20:27:45,0.9827078516200888,0.0011262449520792,False,reinspect,reinspect
2_002_20200629_202750(0),2,2020-06-29 20:27:50,0.985033406960804,0.0005516643417805,False,reject,reject
2_002_20200630_002937(6),2,2020-06-30 00:29:37,0.984359798829574,0.0018141320607531,False,reject,reject
2_002_20200630_002942(1),2,2020-06-30 00:29:42,0.981981397205884,0.0002968349353283,False,reinspect,reinspect
2_002_20200630_002946(4),2,2020-06-30 00:29:46,0.9851049973756316,0.0009721752288622,False,reject,reject
2_002_20200630_002951(2),2,2020-06-30 00:29:51,0.9855322948201402,0.0013381483526563,False,reject,reject
2_002_20200630_002955(6),2,2020-06-30 00:29:55,0.9846743457937672,0.0007819889113713,False,reject,reject
2_002_20200630_003000(0),2,2020-06-30 00:30:00,0.984658594981876,0.0008665512843091,False,reject,reject
2_002_20200630_043222(4),2,2020-06-30 04:32:22,0.9856529274066456,0.0005475966637669,False,reject,reject
2_002_20200630_043226(7),2,2020-06-30 04:32:26,0.9850504024415128,0.0023869262756317,False,reject,reject
2_002_20200630_043231(3),2,2020-06-30 04:32:31,0.9852063212635428,0.0003686007917538,False,reject,reject
2_002_20200630_043235(6),2,2020-06-30 04:32:35,0.9832396256126916,0.0008649935110246,False,reinspect,reinspect
2_002_20200630_043240(2),2,2020-06-30 04:32:40,0.983604720956454,0.0009148860487207,False,reject,reject
2_002_20200630_043244(6),2,2020-06-30 04:32:44,0.9863062576672348,0.0013102540858868,False,reject,reject
2_002_20200630_083221(8),2,2020-06-30 08:32:21,0.986210362099437,0.0012662001080201,False,reject,reject
2_002_20200630_083224(8),2,2020-06-30 08:32:24,0.9845057798107302,0.0016596827960638,False,reject,reject
2_002_20200630_083227(8),2,2020-06-30 08:32:27,0.986696692382899,0.0021581678081838,False,reject,reject
2_002_20200630_083230(8),2,2020-06-30 08:32:30,0.985569151095207,0.0016814883800796,False,reject,reject
2_002_20200630_083233(8),2,2020-06-30 08:32:33,0.984988088744069,0.0020439253852079,False,reject,reject
2_002_20200630_083236(8),2,2020-06-30 08:32:36,0.9833643188269048,0.0008257115378125,False,reject,reject
2_002_20200630_123159(3),2,2020-06-30 12:31:59,0.9861856412722116,0.0010423033549951,False,reject,reject
2_002_20200630_123203(6),2,2020-06-30 12:32:03,0.9849689158827812,0.001514388285696,False,reject,reject
2_002_20200630_123232(0),2,2020-06-30 12:32:32,0.9851917785624116,0.0012141106733277,False,reject,reject
2_002_20200630_123235(0),2,2020-06-30 12:32:35,0.98606999838274,0.0014911213210408,False,reject,reject
2_002_20200630_123238(0),2,2020-06-30 12:32:38,0.9845233871271162,0.0013611264159793,False,reject,reject
2_002_20200630_123241(0),2,2020-06-30 12:32:41,0.9860483850664894,0.001672903026138,False,reject,reject
2_002_20200630_163105(7),2,2020-06-30 16:31:05,0.9825478129487096,0.0006134497625697,False,reinspect,reinspect
2_002_20200630_163108(9),2,2020-06-30 16:31:08,0.9863757745237104,0.0008808401244157,False,reject,reject
2_002_20200630_163112(5),2,2020-06-30 16:31:12,0.9849697324023396,0.001391352442149,False,reject,reject
2_002_20200630_163116(0),2,2020-06-30 16:31:16,0.9852944564114562,0.0009021661350351,False,reject,reject
2_002_20200630_163119(5),2,2020-06-30 16:31:19,0.9833370720944984,0.0005038711255585,False,reject,reject
2_002_20200630_163122(8),2,2020-06-30 16:31:22,0.9863135908021956,0.0015671714280081,False,reject,reject
2_002_20200630_203013(9),2,2020-06-30 20:30:13,0.9812971706302928,0.0011295131881165,False,reinspect,reinspect
2_002_20200630_203018(4),2,2020-06-30 20:30:18,0.984361582151473,0.0008453876126898,False,reject,reject
2_002_20200630_203022(9),2,2020-06-30 20:30:22,0.9858387556830618,0.0023050176147172,False,reject,reject
2_002_20200630_203027(4),2,2020-06-30 20:30:27,0.9842187038957432,0.0008476860961739,False,reject,reject
2_002_20200630_203031(8),2,2020-06-30 20:30:31,0.9854779580553564,0.0009432016779071,False,reject,reject
2_002_20200630_203036(4),2,2020-06-30 20:30:36,0.9859866127083226,0.0013262345499813,False,reject,reject
2_002_20200701_004107(2),2,2020-07-01 00:41:07,0.9858954145537184,0.0008880277735629,False,reject,reject
2_002_20200701_004111(5),2,2020-07-01 00:41:11,0.982970033467983,0.0007071941334553,False,reinspect,reinspect
2_002_20200701_004116(1),2,2020-07-01 00:41:16,0.9848743950352552,0.0008675025803051,False,reject,reject
2_002_20200701_004120(5),2,2020-07-01 00:41:20,0.9854669044494784,0.0007751345837862,False,reject,reject
2_002_20200701_004125(0),2,2020-07-01 00:41:25,0.9866731536873092,0.0018328899658473,False,reject,reject
2_002_20200701_004129(6),2,2020-07-01 00:41:29,0.981976637300544,0.0007542415141827,False,reinspect,reinspect
2_002_20200701_043204(8),2,2020-07-01 04:32:04,0.985660510265326,0.0021274121205178,False,reject,reject
2_002_20200701_043209(5),2,2020-07-01 04:32:09,0.9846239201387612,0.0013675524582166,False,reject,reject
2_002_20200701_043213(9),2,2020-07-01 04:32:13,0.9828124554934112,0.0010164925842047,False,reinspect,reinspect
2_002_20200701_043218(4),2,2020-07-01 04:32:18,0.983845318160782,0.00117787452383,False,reject,reject
2_002_20200701_043222(8),2,2020-07-01 04:32:22,0.9832483215088638,0.0011093329345088,False,reinspect,reinspect
2_002_20200701_043227(2),2,2020-07-01 04:32:27,0.9843525442019926,0.0005350862364135,False,reject,reject
2_002_20200701_083102(9),2,2020-07-01 08:31:02,0.9830100740486736,0.0011820583335146,False,reinspect,reinspect
2_002_20200701_083105(7),2,2020-07-01 08:31:05,0.9864365641476952,0.002560279883534,False,reject,reject
2_002_20200701_083108(8),2,2020-07-01 08:31:08,0.9827172875592028,0.0013309674035115,False,reinspect,reinspect
2_002_20200701_083111(8),2,2020-07-01 08:31:11,0.98109597787545,0.001399349524902,False,reinspect,reinspect
2_002_20200701_083114(8),2,2020-07-01 08:31:14,0.9847583064076812,0.0016458705801313,False,reject,reject
2_002_20200701_083117(8),2,2020-07-01 08:31:17,0.9836232667787318,0.0007343265521253,False,reject,reject
2_002_20200701_123502(6),2,2020-07-01 12:35:02,0.98423790037825,0.0005564610029076,False,reject,reject
2_002_20200701_123505(9),2,2020-07-01 12:35:05,0.9861459180309504,0.0011956970639297,False,reject,reject
2_002_20200701_123508(7),2,2020-07-01 12:35:08,0.9810647853206748,0.0006577528038005,False,reinspect,reinspect
2_002_20200701_123511(5),2,2020-07-01 12:35:11,0.9846036792806272,0.0024135600680371,False,reject,reject
2_002_20200701_123514(1),2,2020-07-01 12:35:14,0.9855563360226454,0.0018799043362992,False,reject,reject
2_002_20200701_123516(7),2,2020-07-01 12:35:16,0.9826888079097515,0.0003515919884051,False,reinspect,reinspect
2_002_20200701_163100(6),2,2020-07-01 16:31:00,0.9843755366460996,0.0013464660164243,False,reject,reject
2_002_20200701_163104(5),2,2020-07-01 16:31:04,0.9817024808172364,0.0014304621972387,False,reinspect,reinspect
2_002_20200701_163108(4),2,2020-07-01 16:31:08,0.9821428497610978,0.0008946528778686,False,reinspect,reinspect
2_002_20200701_163112(3),2,2020-07-01 16:31:12,0.9850697505135794,0.0012088866958594,False,reject,reject
2_002_20200701_163116(3),2,2020-07-01 16:31:16,0.9848851045277484,0.0012849743557205,False,reject,reject
2_002_20200701_163120(4),2,2020-07-01 16:31:20,0.9841372762682032,0.0009380906501967,False,reject,reject
2_002_20200701_203449(7),2,2020-07-01 20:34:49,0.982419512032977,0.0010815967248005,False,reinspect,reinspect
2_002_20200701_203454(3),2,2020-07-01 20:34:54,0.9826962807945196,0.0009087479033048,False,reinspect,reinspect
2_002_20200701_203458(5),2,2020-07-01 20:34:58,0.9844743633462092,0.0002058277608909,False,reject,reject
2_002_20200701_203503(2),2,2020-07-01 20:35:03,0.9854341372394472,0.0013802211997348,False,reject,reject
2_002_20200701_203507(7),2,2020-07-01 20:35:07,0.9827737305675864,0.0002019538273943,False,reinspect,reinspect
2_002_20200701_203512(1),2,2020-07-01 20:35:12,0.9852559205559338,0.0014913731487164,False,reject,reject
2_002_20200702_002959(7),2,2020-07-02 00:29:59,0.9821231445320784,0.0010022720075138,False,reinspect,reinspect
2_002_20200702_003004(2),2,2020-07-02 00:30:04,0.984911778664488,0.0006163020874299,False,reject,reject
2_002_20200702_003008(7),2,2020-07-02 00:30:08,0.98456686227514,0.0014461332756131,False,reject,reject
2_002_20200702_003011(7),2,2020-07-02 00:30:11,0.9833544522521656,0.0006188580718558,False,reject,reject
2_002_20200702_003016(3),2,2020-07-02 00:30:16,0.9849676618826244,0.001816456289542,False,reject,reject
2_002_20200702_003020(8),2,2020-07-02 00:30:20,0.9843883150695166,0.0013937436203403,False,reject,reject
2_002_20200702_043936(2),2,2020-07-02 04:39:36,0.983501250583048,0.0007525609491832,False,reject,reject
2_002_20200702_043940(7),2,2020-07-02 04:39:40,0.985540694952402,0.0012745915955371,False,reject,reject
2_002_20200702_043945(1),2,2020-07-02 04:39:45,0.9844316791598628,0.001211401770174,False,reject,reject
2_002_20200702_043949(6),2,2020-07-02 04:39:49,0.9843371053708752,0.0015052217483164,False,reject,reject
2_002_20200702_043954(0),2,2020-07-02 04:39:54,0.983606052781927,0.000592935474575,False,reject,reject
2_002_20200702_043958(5),2,2020-07-02 04:39:58,0.9851891012337384,0.0004816630758373,False,reject,reject
2_002_20200706_083210(1),2,2020-07-06 08:32:10,0.9841314337226752,0.0003524083759931,False,reject,reject
2_002_20200706_083227(7),2,2020-07-06 08:32:27,0.9822852039220415,0.0011745187967145,False,reinspect,reinspect
2_002_20200706_083231(8),2,2020-07-06 08:32:31,0.9864716919159044,0.00152438704682,False,reject,reject
2_002_20200706_083234(7),2,2020-07-06 08:32:34,0.9836057043465282,0.0008993405864445,False,reject,reject
2_002_20200706_083237(9),2,2020-07-06 08:32:37,0.981571437473722,0.0004473516383764,False,reinspect,reinspect
2_002_20200706_083241(0),2,2020-07-06 08:32:41,0.9830845191476392,0.0006624875072457,False,reinspect,reinspect
2_002_20200706_123239(6),2,2020-07-06 12:32:39,0.9804631946679154,0.0005408080043144,False,reinspect,reinspect
2_002_20200706_123242(9),2,2020-07-06 12:32:42,0.9838863904216318,0.0013437032846915,False,reject,reject
2_002_20200706_123246(0),2,2020-07-06 12:32:46,0.9855023453815684,0.0026910276931988,False,reject,reject
2_002_20200706_123251(3),2,2020-07-06 12:32:51,0.9853872802362068,0.0011957580966466,False,reject,reject
2_002_20200706_123254(7),2,2020-07-06 12:32:54,0.9839035740842296,0.0011533875495138,False,reject,reject
2_002_20200706_123258(0),2,2020-07-06 12:32:58,0.9824639715034932,0.0006040255903898,False,reinspect,reinspect
2_002_20200706_163440(6),2,2020-07-06 16:34:40,0.9845486278757392,0.0022375774010025,False,reject,reject
2_002_20200706_163443(7),2,2020-07-06 16:34:43,0.9818793809253138,0.000658896769695,False,reinspect,reinspect
2_002_20200706_163446(4),2,2020-07-06 16:34:46,0.9843730355093608,0.0013576167757037,False,reject,reject
2_002_20200706_163449(2),2,2020-07-06 16:34:49,0.984426958025231,0.0010374260216979,False,reject,reject
2_002_20200706_163452(0),2,2020-07-06 16:34:52,0.9822917861439664,0.0010156861441604,False,reinspect,reinspect
2_002_20200706_163454(6),2,2020-07-06 16:34:54,0.9834257105734447,0.0004382753589166,False,reject,reject
2_002_20200706_203227(3),2,2020-07-06 20:32:27,0.9822811392476952,0.0009333792972128,False,reinspect,reinspect
2_002_20200706_203230(6),2,2020-07-06 20:32:30,0.9826172537827124,0.0004054615415246,False,reinspect,reinspect
2_002_20200706_203233(8),2,2020-07-06 20:32:33,0.9832530219475242,0.0007793625485207,False,reinspect,reinspect
2_002_20200706_203236(9),2,2020-07-06 20:32:36,0.9839057144549644,0.0020368640537099,False,reject,reject
2_002_20200706_203240(1),2,2020-07-06 20:32:40,0.9830628776377038,0.0008617676418646,False,reinspect,reinspect
2_002_20200706_203243(4),2,2020-07-06 20:32:43,0.9823881205378596,0.0019062980356835,False,reinspect,reinspect
2_002_20200707_003521(0),2,2020-07-07 00:35:21,0.9851319178087962,0.0023927347991413,False,reject,reject
2_002_20200707_003525(0),2,2020-07-07 00:35:25,0.9839049653477788,0.0018352798098231,False,reject,reject
2_002_20200707_003529(0),2,2020-07-07 00:35:29,0.9809773798218936,0.0011752491261011,False,reinspect,reinspect
2_002_20200707_003533(0),2,2020-07-07 00:35:33,0.9851946215075784,0.0018359548116254,False,reject,reject
2_002_20200707_003537(1),2,2020-07-07 00:35:37,0.985336901582832,0.0007833024723022,False,reject,reject
2_002_20200707_003541(1),2,2020-07-07 00:35:41,0.9839909991990936,0.0031872601593361,False,reject,reject
2_002_20200707_043655(6),2,2020-07-07 04:36:55,0.9857364841477904,0.001883229201449,False,reject,reject
2_002_20200707_043659(3),2,2020-07-07 04:36:59,0.9859343973742484,0.0014049950826712,False,reject,reject
2_002_20200707_043703(4),2,2020-07-07 04:37:03,0.9828000131931552,0.0005927935872974,False,reinspect,reinspect
2_002_20200707_043707(4),2,2020-07-07 04:37:07,0.9853351454629942,0.0017203690374614,False,reject,reject
2_002_20200707_043711(3),2,2020-07-07 04:37:11,0.9859028750751924,0.0013517580980797,False,reject,reject
2_002_20200707_043715(5),2,2020-07-07 04:37:15,0.9848390745658224,0.0013176728062499,False,reject,reject
2_002_20200707_083236(0),2,2020-07-07 08:32:36,0.9858038771523514,0.0020855585869496,False,reject,reject
2_002_20200707_083240(0),2,2020-07-07 08:32:40,0.984733980643774,0.0014989856018883,False,reject,reject
2_002_20200707_083246(1),2,2020-07-07 08:32:46,0.9852153261866968,0.0012201346822652,False,reject,reject
2_002_20200707_083250(0),2,2020-07-07 08:32:50,0.9825670310028736,0.0009533969854161,False,reinspect,reinspect
2_002_20200707_083254(0),2,2020-07-07 08:32:54,0.9847850610557352,0.0014823634706889,False,reject,reject
2_002_20200707_083258(1),2,2020-07-07 08:32:58,0.9824773319210126,0.0013901906670474,False,reinspect,reinspect
2_002_20200707_123354(0),2,2020-07-07 12:33:54,0.983735581329054,0.0007564751103068,False,reject,reject
2_002_20200707_123358(1),2,2020-07-07 12:33:58,0.9817832605737004,0.000210061501398,False,reinspect,reinspect
2_002_20200707_123402(0),2,2020-07-07 12:34:02,0.9852551219372252,0.0010295837498902,False,reject,reject
2_002_20200707_123408(2),2,2020-07-07 12:34:08,0.981364309932547,0.0010033346288964,False,reinspect,reinspect
2_002_20200707_123412(1),2,2020-07-07 12:34:12,0.9865307920439348,0.001831109165966,False,reject,reject
2_002_20200707_123416(0),2,2020-07-07 12:34:16,0.9865031202970148,0.0018736998548448,False,reject,reject
2_002_20200708_092945(9),2,2020-07-08 09:29:45,0.9829948253002294,0.0006425395216105,False,reinspect,reinspect
2_002_20200708_092949(9),2,2020-07-08 09:29:49,0.9844961293552482,0.0005247893207902,False,reject,reject
2_002_20200708_092953(7),2,2020-07-08 09:29:53,0.9852351108255588,0.0008750898121654,False,reject,reject
2_002_20200708_092957(7),2,2020-07-08 09:29:57,0.9816722272286011,0.0001660087999812,False,reinspect,reinspect
2_002_20200708_093001(9),2,2020-07-08 09:30:01,0.9841188580960388,0.0005154762481708,False,reject,reject
2_002_20200708_093005(8),2,2020-07-08 09:30:05,0.9831110989256476,0.0013367279978912,False,reinspect,reinspect
2_002_20200708_123021(9),2,2020-07-08 12:30:21,0.9857407531201816,0.0010579629372896,False,reject,reject
2_002_20200708_123025(7),2,2020-07-08 12:30:25,0.9836992700392956,0.0011043822782729,False,reject,reject
2_002_20200708_123029(7),2,2020-07-08 12:30:29,0.9848361335209372,0.0004991225279099,False,reject,reject
2_002_20200708_123034(0),2,2020-07-08 12:30:34,0.9849354269035404,0.0009737325704665,False,reject,reject
2_002_20200708_123037(8),2,2020-07-08 12:30:37,0.9848902707398182,0.0007317799943828,False,reject,reject
2_002_20200708_123041(7),2,2020-07-08 12:30:41,0.9853726234629216,0.0016759071558178,False,reject,reject
2_002_20200708_163937(6),2,2020-07-08 16:39:37,0.9835180441521696,0.0007967733149163,False,reject,reject
2_002_20200708_163941(4),2,2020-07-08 16:39:41,0.9854944992334352,0.0016035433833819,False,reject,reject
2_002_20200708_163945(4),2,2020-07-08 16:39:45,0.983294868390082,0.0005576615443403,False,reinspect,reinspect
2_002_20200708_163949(4),2,2020-07-08 16:39:49,0.9834499015887692,0.0014208297246656,False,reject,reject
2_002_20200708_163953(3),2,2020-07-08 16:39:53,0.9861157330619212,0.0017995871016585,False,reject,reject
2_002_20200708_163957(5),2,2020-07-08 16:39:57,0.9819225847791228,0.0011060365635837,False,reinspect,reinspect
2_002_20200708_203125(0),2,2020-07-08 20:31:25,0.9851800492608428,0.0022090670312945,False,reject,reject
2_002_20200708_203128(9),2,2020-07-08 20:31:28,0.9838084642071908,0.000566881594724,False,reject,reject
2_002_20200708_203132(7),2,2020-07-08 20:31:32,0.9846599480241868,0.0007552810764309,False,reject,reject
2_002_20200708_203136(7),2,2020-07-08 20:31:36,0.9852772708109,0.0015432917697999,False,reject,reject
2_002_20200708_203140(7),2,2020-07-08 20:31:40,0.9843899240232838,0.0004657629877123,False,reject,reject
2_002_20200708_203144(7),2,2020-07-08 20:31:44,0.985132113181892,0.0007051204700947,False,reject,reject
2_002_20200713_091056(8),2,2020-07-13 09:10:56,0.9846407019380606,0.0011580160650109,False,reject,reject
2_002_20200713_091100(5),2,2020-07-13 09:11:00,0.9859859941887358,0.0011590148387799,False,reject,reject
2_002_20200713_091103(8),2,2020-07-13 09:11:03,0.985745534461426,0.0018447387617588,False,reject,reject
2_002_20200713_091106(9),2,2020-07-13 09:11:06,0.9859195590673984,0.0005213138962032,False,reject,reject
2_002_20200713_091109(9),2,2020-07-13 09:11:09,0.986251126505934,0.0023104268827103,False,reject,reject
2_002_20200713_091112(5),2,2020-07-13 09:11:12,0.9838728685197524,0.0014531347425794,False,reject,reject
2_002_20200713_123358(8),2,2020-07-13 12:33:58,0.980945951713876,0.001003243738983,False,reinspect,reinspect
2_002_20200713_123403(4),2,2020-07-13 12:34:03,0.9843887940259066,0.0008531688770027,False,reject,reject
2_002_20200713_123408(0),2,2020-07-13 12:34:08,0.9860554304136232,0.0012594093644972,False,reject,reject
2_002_20200713_123412(4),2,2020-07-13 12:34:12,0.9845743745255952,0.0014679744525789,False,reject,reject
2_002_20200713_123416(9),2,2020-07-13 12:34:16,0.9830779171079926,0.0007427261060932,False,reinspect,reinspect
2_002_20200713_123421(4),2,2020-07-13 12:34:21,0.9834040408633526,0.0008233121396075,False,reject,reject
2_002_20200713_163753(9),2,2020-07-13 16:37:53,0.9849267946390298,0.0012513289417183,False,reject,reject
2_002_20200713_163814(8),2,2020-07-13 16:38:14,0.9825270736400564,0.0009804864137201,False,reinspect,reinspect
2_002_20200713_163819(2),2,2020-07-13 16:38:19,0.9864874631166806,0.0014083957081525,False,reject,reject
2_002_20200713_163823(7),2,2020-07-13 16:38:23,0.985638120958421,0.0015207130611509,False,reject,reject
2_002_20200713_163828(2),2,2020-07-13 16:38:28,0.9848584419007278,0.0012217102039642,False,reject,reject
2_002_20200713_163832(8),2,2020-07-13 16:38:32,0.9813227715867838,0.0006057421353127,False,reinspect,reinspect
2_002_20200713_202718(1),2,2020-07-13 20:27:18,0.9852285924028998,0.0020829113925359,False,reject,reject
2_002_20200713_202722(5),2,2020-07-13 20:27:22,0.9851785546708448,0.0013225545825804,False,reject,reject
2_002_20200713_202726(9),2,2020-07-13 20:27:26,0.9819468903724892,0.0013300908322004,False,reinspect,reinspect
2_002_20200713_202731(4),2,2020-07-13 20:27:31,0.9814220730070212,0.0009561985343887,False,reinspect,reinspect
2_002_20200713_202735(9),2,2020-07-13 20:27:35,0.9838139365617816,0.0011971708765332,False,reject,reject
2_002_20200713_202743(4),2,2020-07-13 20:27:43,0.9854574772821506,0.0006350132635867,False,reject,reject
2_002_20200714_002857(2),2,2020-07-14 00:28:57,0.985842695899312,0.0016097097894827,False,reject,reject
2_002_20200714_002901(5),2,2020-07-14 00:29:01,0.984877550595993,0.0009726411057726,False,reject,reject
2_002_20200714_002904(6),2,2020-07-14 00:29:04,0.9850886463500051,0.0015631025743841,False,reject,reject
2_002_20200714_002907(5),2,2020-07-14 00:29:07,0.986064135046814,0.001760189556218,False,reject,reject
2_002_20200714_002910(7),2,2020-07-14 00:29:10,0.9853373459658438,0.0015463285204416,False,reject,reject
2_002_20200714_002915(0),2,2020-07-14 00:29:15,0.9826863057129582,0.000532755654284,False,reinspect,reinspect
2_002_20200714_043014(3),2,2020-07-14 04:30:14,0.9848833260742698,0.0021795596315955,False,reject,reject
2_002_20200714_043020(0),2,2020-07-14 04:30:20,0.9847129548429134,0.0021821853569685,False,reject,reject
2_002_20200714_043024(4),2,2020-07-14 04:30:24,0.981951813331604,0.0010648108002223,False,reinspect,reinspect
2_002_20200714_043029(1),2,2020-07-14 04:30:29,0.9845620433052308,0.0004500123708911,False,reject,reject
2_002_20200714_043033(4),2,2020-07-14 04:30:33,0.984299172105116,0.001185175501327,False,reject,reject
2_002_20200714_043037(9),2,2020-07-14 04:30:37,0.985094279277579,0.00097387768431,False,reject,reject
2_002_20200714_230002(9),2,2020-07-14 23:00:02,0.9832739111726088,0.0009850448181712,False,reinspect,reinspect
2_002_20200714_230006(3),2,2020-07-14 23:00:06,0.985661032633566,0.0007980227455944,False,reject,reject
2_002_20200714_230010(7),2,2020-07-14 23:00:10,0.985990385971565,0.0017061089779266,False,reject,reject
2_002_20200714_230014(1),2,2020-07-14 23:00:14,0.984643624688392,0.0003878948506396,False,reject,reject
2_002_20200714_230017(3),2,2020-07-14 23:00:17,0.9856661356301438,0.0016133829350684,False,reject,reject
2_002_20200714_230020(6),2,2020-07-14 23:00:20,0.9849701843911186,0.0003653675882611,False,reject,reject
2_002_20200715_002706(2),2,2020-07-15 00:27:06,0.9847289471809246,0.0009994660059081,False,reject,reject
2_002_20200715_002710(7),2,2020-07-15 00:27:10,0.9851531741911908,0.0008044919145063,False,reject,reject
2_002_20200715_002715(0),2,2020-07-15 00:27:15,0.9819504790887856,0.0013410084415475,False,reinspect,reinspect
2_002_20200715_002719(6),2,2020-07-15 00:27:19,0.9843923783918388,0.0011606800843616,False,reject,reject
2_002_20200715_002728(6),2,2020-07-15 00:27:28,0.984433987075262,0.0001871782978719,False,reject,reject
2_002_20200715_002733(1),2,2020-07-15 00:27:33,0.9856924144402284,0.0007085077895949,False,reject,reject
2_002_20200715_042403(8),2,2020-07-15 04:24:03,0.9841635945702424,0.0005822391732981,False,reject,reject
2_002_20200715_042408(4),2,2020-07-15 04:24:08,0.9851382629155055,0.0013866985322074,False,reject,reject
2_002_20200715_042412(9),2,2020-07-15 04:24:12,0.9849862312214934,0.0014448363005599,False,reject,reject
2_002_20200715_042417(3),2,2020-07-15 04:24:17,0.9861431732726786,0.002228649625206,False,reject,reject
2_002_20200715_042421(7),2,2020-07-15 04:24:21,0.9844929041636098,0.0003077530133343,False,reject,reject
2_002_20200715_042426(3),2,2020-07-15 04:24:26,0.9834853867691286,0.0015195326046267,False,reject,reject
2_002_20200715_083106(3),2,2020-07-15 08:31:06,0.983442456639434,0.0007448535800372,False,reject,reject
2_002_20200715_083109(1),2,2020-07-15 08:31:09,0.9828855074975268,0.0002889419044574,False,reinspect,reinspect
2_002_20200715_083113(8),2,2020-07-15 08:31:13,0.9843732526849288,0.0006444720878798,False,reject,reject
2_002_20200715_083118(3),2,2020-07-15 08:31:18,0.9827196098170464,0.0001274772968772,False,reinspect,reinspect
2_002_20200715_083122(8),2,2020-07-15 08:31:22,0.9825387568255866,0.0004706356186065,False,reinspect,reinspect
2_002_20200715_083127(3),2,2020-07-15 08:31:27,0.9855742976326968,0.0007898197157183,False,reject,reject
2_002_20200721_163536(6),2,2020-07-21 16:35:36,0.9840437070280444,0.0006307082185419,False,reject,reject
2_002_20200721_163539(9),2,2020-07-21 16:35:39,0.986346311277974,0.0015116143804274,False,reject,reject
2_002_20200721_163543(2),2,2020-07-21 16:35:43,0.9863060387269048,0.0012508586206488,False,reject,reject
2_002_20200721_163548(0),2,2020-07-21 16:35:48,0.9843712006667572,0.0009483052290842,False,reject,reject
2_002_20200721_163551(3),2,2020-07-21 16:35:51,0.9819084766788878,0.0019447909466974,False,reinspect,reinspect
2_002_20200721_163554(6),2,2020-07-21 16:35:54,0.9859041170718892,0.001851270083592,False,reject,reject
2_002_20200722_003424(1),2,2020-07-22 00:34:24,0.9828599403122622,0.0007986191777634,False,reinspect,reinspect
2_002_20200722_003428(4),2,2020-07-22 00:34:28,0.9833577154834,0.0009563882740885,False,reject,reject
2_002_20200722_043525(6),2,2020-07-22 04:35:25,0.9857492181621088,0.0014031524095125,False,reject,reject
2_002_20200722_043529(9),2,2020-07-22 04:35:29,0.9841488661140138,0.0013168479521493,False,reject,reject
2_002_20200722_083350(7),2,2020-07-22 08:33:50,0.9831522631506898,0.0004941497499595,False,reinspect,reinspect
2_002_20200722_083355(2),2,2020-07-22 08:33:55,0.9835657703355606,0.0017913236309314,False,reject,reject
2_002_20200722_131101(2),2,2020-07-22 13:11:01,0.9831554673750196,0.0001281046962955,False,reinspect,reinspect
2_002_20200722_131105(7),2,2020-07-22 13:11:05,0.9836799508526632,0.0015661383461218,False,reject,reject
2_002_20200722_163020(9),2,2020-07-22 16:30:20,0.9832045267844858,0.0183745236452451,False,reinspect,reinspect
2_002_20200722_163034(4),2,2020-07-22 16:30:34,0.984112427541644,0.0016709282896292,False,reject,reject
2_002_20200723_003123(9),2,2020-07-23 00:31:23,0.9843832030725492,0.0011240255840592,False,reject,reject
2_002_20200723_003128(3),2,2020-07-23 00:31:28,0.983907495397922,0.0016389202053426,False,reject,reject
2_002_20200723_043243(7),2,2020-07-23 04:32:43,0.983286424929948,0.0006187284786159,False,reinspect,reinspect
2_002_20200723_043248(3),2,2020-07-23 04:32:48,0.9852038837364137,0.001043757385829,False,reject,reject
2_002_20200723_082414(2),2,2020-07-23 08:24:14,0.985008103532551,0.0005301556713028,False,reject,reject
2_002_20200723_082418(9),2,2020-07-23 08:24:18,0.9834483504264288,0.0009864745785143,False,reject,reject
2_002_20200723_123231(8),2,2020-07-23 12:32:31,0.9845019156599,0.0003602526249878,False,reject,reject
2_002_20200723_123236(1),2,2020-07-23 12:32:36,0.9846738803035536,0.0007293983248833,False,reject,reject
2_002_20200723_163042(4),2,2020-07-23 16:30:42,0.9839418948792346,0.0010138478120766,False,reject,reject
2_002_20200723_163045(7),2,2020-07-23 16:30:45,0.983365977197686,0.0007403186399458,False,reject,reject
2_002_20200723_203159(2),2,2020-07-23 20:31:59,0.9847235513346256,0.000267173990649,False,reject,reject
2_002_20200723_203202(3),2,2020-07-23 20:32:02,0.9855003040971636,0.0005317546080972,False,reject,reject
2_002_20200724_003143(3),2,2020-07-24 00:31:43,0.984039056509866,0.0011464022059782,False,reject,reject
2_002_20200724_003148(0),2,2020-07-24 00:31:48,0.9832565191641304,0.0006985438533961,False,reinspect,reinspect
2_002_20200727_091734(5),2,2020-07-27 09:17:34,0.9852397985488068,0.0004350120585623,False,reject,reject
2_002_20200727_091737(7),2,2020-07-27 09:17:37,0.9841368298052042,0.0005054726937087,False,reject,reject
2_002_20200727_123224(5),2,2020-07-27 12:32:24,0.9855971795836131,0.0006444277425058,False,reject,reject
2_002_20200727_123227(4),2,2020-07-27 12:32:27,0.984400218606528,0.0003185208015146,False,reject,reject
2_002_20200727_163325(2),2,2020-07-27 16:33:25,0.9849703885120188,0.0003200697160137,False,reject,reject
2_002_20200727_163329(7),2,2020-07-27 16:33:29,0.98504724267887,0.0010562272505899,False,reject,reject
2_002_20200727_204743(0),2,2020-07-27 20:47:43,0.9838835520139142,0.0010213018563878,False,reject,reject
2_002_20200727_204746(6),2,2020-07-27 20:47:46,0.9855430091964424,0.0009211672795635,False,reject,reject
2_002_20200728_014158(9),2,2020-07-28 01:41:58,0.9841364665746252,0.0005068591419916,False,reject,reject
2_002_20200728_014203(2),2,2020-07-28 01:42:03,0.983864056279878,0.0011049369138402,False,reject,reject
2_002_20200728_043429(7),2,2020-07-28 04:34:29,0.983154654521256,0.0015520844455759,False,reinspect,reinspect
2_002_20200728_043435(6),2,2020-07-28 04:34:35,0.982595224284144,0.0014735864051561,False,reinspect,reinspect
2_002_20200728_083031(3),2,2020-07-28 08:30:31,0.984511437094516,0.0013390754962041,False,reject,reject
2_002_20200728_083035(2),2,2020-07-28 08:30:35,0.9853013282386046,0.000565672860767,False,reject,reject
2_002_20200728_123102(5),2,2020-07-28 12:31:02,0.9840090866978234,0.0006721592340791,False,reject,reject
2_002_20200728_123106(5),2,2020-07-28 12:31:06,0.9847327500199484,0.0004365246777947,False,reject,reject
2_002_20200728_163706(6),2,2020-07-28 16:37:06,0.9849350107049192,0.0015447681550705,False,reject,reject
2_002_20200728_163710(5),2,2020-07-28 16:37:10,0.982980353905592,0.0010686094673566,False,reinspect,reinspect
2_002_20200810_084910(4),2,2020-08-10 08:49:10,0.9843629832340738,0.0008182026740688,False,reject,reject
2_002_20200810_084913(2),2,2020-08-10 08:49:13,0.983915427714846,0.0014052090711035,False,reject,reject
2_002_20200810_123005(5),2,2020-08-10 12:30:05,0.9848220022254812,0.0010208925737472,False,reject,reject
2_002_20200810_123009(4),2,2020-08-10 12:30:09,0.9836524490015968,0.0010896139377803,False,reject,reject
2_002_20200810_163043(1),2,2020-08-10 16:30:43,0.9845041121279968,0.0005684737888788,False,reject,reject
2_002_20200810_163047(0),2,2020-08-10 16:30:47,0.9848168566516652,0.0021648417050974,False,reject,reject
2_002_20200810_203016(8),2,2020-08-10 20:30:16,0.9830022285008784,0.0010156793032113,False,reinspect,reinspect
2_002_20200810_203020(9),2,2020-08-10 20:30:20,0.9839286803668617,0.0013065973138846,False,reject,reject
2_002_20200811_002929(3),2,2020-08-11 00:29:29,0.98145917835826,0.0009451922871108,False,reinspect,reinspect
2_002_20200811_002936(8),2,2020-08-11 00:29:36,0.9834624786082118,0.0007691561902628,False,reject,reject
2_002_20200814_032826(3),2,2020-08-14 03:28:26,0.9838049176162188,0.0005308875711003,False,reject,reject
2_002_20200814_032835(5),2,2020-08-14 03:28:35,0.9849070342546282,0.0014086222418128,False,reject,reject
2_002_20200814_043103(6),2,2020-08-14 04:31:03,0.984449897024294,0.001412539211255,False,reject,reject
2_002_20200814_043115(5),2,2020-08-14 04:31:15,0.9835509046334447,0.0008397377849949,False,reject,reject
2_002_20200814_083411(8),2,2020-08-14 08:34:11,0.9824246763860964,0.0014509042962615,False,reinspect,reinspect
2_002_20200814_083414(7),2,2020-08-14 08:34:14,0.9829811249784626,0.0004889151230918,False,reinspect,reinspect
2_002_20200814_123224(3),2,2020-08-14 12:32:24,0.9860431878371778,0.0010070409243389,False,reject,reject
2_002_20200814_123228(8),2,2020-08-14 12:32:28,0.9839150227589308,0.0010767477712473,False,reject,reject
2_002_20200814_163309(9),2,2020-08-14 16:33:09,0.9851755218516868,0.0008977704463848,False,reject,reject
2_002_20200814_163312(9),2,2020-08-14 16:33:12,0.983169147587054,0.0007288054855958,False,reinspect,reinspect
2_002_20200814_203248(3),2,2020-08-14 20:32:48,0.9839680191306288,0.0003907194586037,False,reject,reject
2_002_20200814_203255(7),2,2020-08-14 20:32:55,0.983891722013156,0.0010509387390035,False,reject,reject
2_002_20200815_003211(1),2,2020-08-15 00:32:11,0.9841737054213984,0.0003528310619492,False,reject,reject
2_002_20200815_003217(4),2,2020-08-15 00:32:17,0.9844937607840352,0.0005034992280024,False,reject,reject
2_002_20200818_123445(7),2,2020-08-18 12:34:45,0.9811565085258744,0.0014282190716849,False,reinspect,reinspect
2_002_20200818_123452(1),2,2020-08-18 12:34:52,0.9854964912772944,0.001135191578347,False,reject,reject
2_002_20200818_163006(5),2,2020-08-18 16:30:06,0.9842567268540544,0.0012915572312501,False,reject,reject
2_002_20200818_163014(5),2,2020-08-18 16:30:14,0.9853858643542244,0.0005998882034444,False,reject,reject
2_002_20200818_203329(0),2,2020-08-18 20:33:29,0.9850386109200748,0.0006314924494266,False,reject,reject
2_002_20200818_203333(4),2,2020-08-18 20:33:33,0.9847511727401574,0.0009654207152439,False,reject,reject
2_002_20200819_003211(0),2,2020-08-19 00:32:11,0.9852103231146496,0.0007487909271287,False,reject,reject
2_002_20200819_003213(8),2,2020-08-19 00:32:13,0.983940612693479,0.0010715531437105,False,reject,reject
2_002_20200819_043343(8),2,2020-08-19 04:33:43,0.9847417459960044,0.0005329587991999,False,reject,reject
2_002_20200819_043346(8),2,2020-08-19 04:33:46,0.983812938893511,0.0013136952995616,False,reject,reject
2_002_20200819_083326(7),2,2020-08-19 08:33:26,0.985054905218252,0.0014002986742483,False,reject,reject
2_002_20200819_083328(5),2,2020-08-19 08:33:28,0.9850479908940148,0.0006905123414009,False,reject,reject
2_002_20200819_124217(5),2,2020-08-19 12:42:17,0.9859593246490124,0.0007096833746954,False,reject,reject
2_002_20200819_124225(2),2,2020-08-19 12:42:25,0.984275710702766,0.0013891837568814,False,reject,reject
2_002_20200819_162523(2),2,2020-08-19 16:25:23,0.9844295204096216,0.0006390836671717,False,reject,reject
2_002_20200819_162527(8),2,2020-08-19 16:25:27,0.9829862039049828,0.0023027842978632,False,reinspect,reinspect
2_002_20200821_150506(5),2,2020-08-21 15:05:06,0.98453738272043,0.0011273538052459,False,reject,reject
2_002_20200821_150510(6),2,2020-08-21 15:05:10,0.9852080014103656,0.0004004178793976,False,reject,reject
2_002_20200821_163435(4),2,2020-08-21 16:34:35,0.9841950760761023,0.0003657226901868,False,reject,reject
2_002_20200821_163441(6),2,2020-08-21 16:34:41,0.9834873790850082,0.0022025518879643,False,reject,reject
2_002_20200821_203925(1),2,2020-08-21 20:39:25,0.9815993650878336,0.0025163666044945,False,reinspect,reinspect
2_002_20200821_203927(9),2,2020-08-21 20:39:27,0.9836051236093484,0.0003228499429268,False,reject,reject
2_002_20200826_023149(2),2,2020-08-26 02:31:49,0.983477485890076,0.0008013696502668,False,reject,reject
2_002_20200826_023154(4),2,2020-08-26 02:31:54,0.9847971955155296,0.0009851333286355,False,reject,reject
2_002_20200826_043116(7),2,2020-08-26 04:31:16,0.9846542617344746,0.0001947124409778,False,reject,reject
2_002_20200826_043121(1),2,2020-08-26 04:31:21,0.983573719157877,0.0006594598142389,False,reject,reject
2_002_20200826_123512(3),2,2020-08-26 12:35:12,0.9851509764721234,0.0002806926661831,False,reject,reject
2_002_20200826_123515(1),2,2020-08-26 12:35:15,0.9842162532360956,0.0012998852851264,False,reject,reject
2_002_20200826_163123(8),2,2020-08-26 16:31:23,0.986236824307061,0.0010316875780021,False,reject,reject
2_002_20200826_163126(9),2,2020-08-26 16:31:26,0.9831657164345544,0.0014225977112277,False,reinspect,reinspect
2_002_20200828_002838(9),2,2020-08-28 00:28:38,0.9818776688601424,0.0005393975549442,False,reinspect,reinspect
2_002_20200828_002842(8),2,2020-08-28 00:28:42,0.9845265856170736,0.0012976745458117,False,reject,reject
2_002_20200831_083537(6),2,2020-08-31 08:35:37,0.9772776338888975,0.0027602493156831,False,reinspect,reinspect
2_002_20200831_083543(5),2,2020-08-31 08:35:43,0.9850532276797224,0.001704628526684,False,reject,reject
2_002_20200831_123129(1),2,2020-08-31 12:31:29,0.9860653812321534,0.001380993280631,False,reject,reject
2_002_20200831_123136(7),2,2020-08-31 12:31:36,0.9825854665527414,0.0010189529331212,False,reinspect,reinspect
2_002_20200901_003145(6),2,2020-09-01 00:31:45,0.9828414308262852,0.0011562444206342,False,reinspect,reinspect
2_002_20200901_083212(5),2,2020-09-01 08:32:12,0.9825877690155532,0.0014626277137898,False,reinspect,reinspect
2_002_20200901_123055(9),2,2020-09-01 12:30:55,0.9829141248113756,0.0008036606928871,False,reinspect,reinspect
2_002_20200901_191354(2),2,2020-09-01 19:13:54,0.9823893909676592,0.0008004900251557,False,reinspect,reinspect
2_002_20200901_203328(4),2,2020-09-01 20:33:28,0.9830660146069472,0.0008263596650068,False,reinspect,reinspect
2_002_20200901_203332(1),2,2020-09-01 20:33:32,0.9840999702958436,0.0006077297611161,False,reject,reject
2_002_20200901_203335(1),2,2020-09-01 20:33:35,0.9836158765270496,0.0011798119317643,False,reject,reject
2_002_20200901_203338(1),2,2020-09-01 20:33:38,0.984790140554638,0.0004657229889526,False,reject,reject
2_002_20200901_203341(0),2,2020-09-01 20:33:41,0.9840131878993246,0.0004531867946193,False,reject,reject
2_002_20200901_203343(7),2,2020-09-01 20:33:43,0.983615505018276,0.0007573103743793,False,reject,reject
2_002_20200902_003149(5),2,2020-09-02 00:31:49,0.9817149804387172,0.0017817362724766,False,reinspect,reinspect
2_002_20200902_003152(5),2,2020-09-02 00:31:52,0.9843049115973904,0.0015507654452293,False,reject,reject
2_002_20200902_003155(5),2,2020-09-02 00:31:55,0.9815133921197552,0.0016365806832585,False,reinspect,reinspect
2_002_20200902_003158(2),2,2020-09-02 00:31:58,0.9832854124552076,0.0011777026006985,False,reinspect,reinspect
2_002_20200902_003200(9),2,2020-09-02 00:32:00,0.9832351978216956,0.0009407502869806,False,reinspect,reinspect
2_002_20200902_003203(7),2,2020-09-02 00:32:03,0.9827028991083157,0.0017291892780742,False,reinspect,reinspect
2_002_20200902_043143(0),2,2020-09-02 04:31:43,0.9815270457541552,0.0017134282076946,False,reinspect,reinspect
2_002_20200902_043145(9),2,2020-09-02 04:31:45,0.9827640116415376,0.0007729226044571,False,reinspect,reinspect
2_002_20200902_043148(8),2,2020-09-02 04:31:48,0.9840633017868096,0.0005438569554425,False,reject,reject
2_002_20200902_043151(7),2,2020-09-02 04:31:51,0.9821482855168774,0.001025134243097,False,reinspect,reinspect
2_002_20200902_043154(5),2,2020-09-02 04:31:54,0.9825839637765476,0.0004856517287004,False,reinspect,reinspect
2_002_20200902_043157(3),2,2020-09-02 04:31:57,0.9801947292769576,0.0015786428852793,False,reinspect,reinspect
2_002_20200902_082641(4),2,2020-09-02 08:26:41,0.9866702715335742,0.0017727164071013,False,reject,reject
2_002_20200902_082645(7),2,2020-09-02 08:26:45,0.9863583528654396,0.0022799604057471,False,reject,reject
2_002_20200902_082650(0),2,2020-09-02 08:26:50,0.983581285486102,0.0008167209154636,False,reject,reject
2_002_20200902_082654(4),2,2020-09-02 08:26:54,0.984715329723768,0.0003994703307311,False,reject,reject
2_002_20200902_082658(4),2,2020-09-02 08:26:58,0.9839878613658616,0.0012754963923691,False,reject,reject
2_002_20200902_082702(8),2,2020-09-02 08:27:02,0.9841136244132483,0.0006204425057128,False,reject,reject
2_002_20200904_230043(1),2,2020-09-04 23:00:43,0.9846969878560738,0.0010883689408007,False,reject,reject
2_002_20200904_230047(0),2,2020-09-04 23:00:47,0.9835214946793994,0.0015572326012706,False,reject,reject
2_002_20200904_230050(7),2,2020-09-04 23:00:50,0.9826747729931627,0.000968465422536,False,reinspect,reinspect
2_002_20200907_184832(7),2,2020-09-07 18:48:32,0.9831301454744292,0.0016891852421577,False,reinspect,reinspect
2_002_20200907_184835(6),2,2020-09-07 18:48:35,0.9819094811032172,0.0007948068706286,False,reinspect,reinspect
2_002_20200907_184838(9),2,2020-09-07 18:48:38,0.9848663686431184,0.0010804402882111,False,reject,reject
2_002_20200907_184841(6),2,2020-09-07 18:48:41,0.9812952238258804,0.0009164942468924,False,reinspect,reinspect
2_002_20200907_184844(1),2,2020-09-07 18:48:44,0.9847095100756534,0.0004444440022074,False,reject,reject
2_002_20200907_184846(7),2,2020-09-07 18:48:46,0.9825592517625332,0.0004590596905672,False,reinspect,reinspect
2_002_20200907_204436(3),2,2020-09-07 20:44:36,0.9829126341637984,0.0009028960037837,False,reinspect,reinspect
2_002_20200907_204440(8),2,2020-09-07 20:44:40,0.982170452186244,0.0016026274452963,False,reinspect,reinspect
2_002_20200907_204445(2),2,2020-09-07 20:44:45,0.9832507897477424,0.0004013278645651,False,reinspect,reinspect
2_002_20200907_204449(9),2,2020-09-07 20:44:49,0.9829955164676756,0.0006340021792689,False,reinspect,reinspect
2_002_20200907_204454(2),2,2020-09-07 20:44:54,0.982098456221791,0.0009239876121102,False,reinspect,reinspect
2_002_20200907_204458(7),2,2020-09-07 20:44:58,0.9857353587383526,0.0009869829752234,False,reject,reject
2_002_20200908_003059(0),2,2020-09-08 00:30:59,0.9817210941598774,0.0020770585780135,False,reinspect,reinspect
2_002_20200908_003103(2),2,2020-09-08 00:31:03,0.9845764228823194,0.0016456055032977,False,reject,reject
2_002_20200908_003107(5),2,2020-09-08 00:31:07,0.9834091009873004,0.0015073324630819,False,reject,reject
2_002_20200908_003111(0),2,2020-09-08 00:31:11,0.982014451731224,0.0020871465350863,False,reinspect,reinspect
2_002_20200908_003115(3),2,2020-09-08 00:31:15,0.981470563905462,0.0011335172810956,False,reinspect,reinspect
2_002_20200908_003119(9),2,2020-09-08 00:31:19,0.9817252750699854,0.0019456490328864,False,reinspect,reinspect
2_002_20200908_043119(7),2,2020-09-08 04:31:19,0.9823162926945128,0.0013933103419545,False,reinspect,reinspect
2_002_20200908_043124(3),2,2020-09-08 04:31:24,0.9848522640928368,0.0005852195577417,False,reject,reject
2_002_20200908_043128(8),2,2020-09-08 04:31:28,0.9835501129804604,0.0015766489383055,False,reject,reject
2_002_20200908_043133(4),2,2020-09-08 04:31:33,0.98232783077606,0.0013941153254043,False,reinspect,reinspect
2_002_20200908_043137(8),2,2020-09-08 04:31:37,0.9765799171445416,0.0031537253375054,False,reinspect,reinspect
2_002_20200908_043142(4),2,2020-09-08 04:31:42,0.9850266675847692,0.0010055594110382,False,reject,reject
2_002_20200912_021355(2),2,2020-09-12 02:13:55,0.9843479788865762,0.0006323609113362,False,reject,reject
2_002_20200912_021400(1),2,2020-09-12 02:14:00,0.9857642134107772,0.001192805351546,False,reject,reject
2_002_20200912_021403(1),2,2020-09-12 02:14:03,0.9839330555069786,0.0009655348784973,False,reject,reject
2_002_20200912_021406(0),2,2020-09-12 02:14:06,0.9857363083065503,0.0012609380501153,False,reject,reject
2_002_20200912_021409(1),2,2020-09-12 02:14:09,0.983848176589445,0.0003885195602683,False,reject,reject
2_002_20200912_021412(4),2,2020-09-12 02:14:12,0.983819699174587,0.0014361926319447,False,reject,reject
2_002_20200912_043058(7),2,2020-09-12 04:30:58,0.984747711824442,0.000942258413298,False,reject,reject
2_002_20200912_043103(1),2,2020-09-12 04:31:03,0.9830294070281068,0.0003301822129097,False,reinspect,reinspect
2_002_20200912_043107(6),2,2020-09-12 04:31:07,0.9840197528620348,0.0007124955144714,False,reject,reject
2_002_20200912_043112(2),2,2020-09-12 04:31:12,0.984009718284912,0.0009090045637107,False,reject,reject
2_002_20200912_043116(6),2,2020-09-12 04:31:16,0.9811259953966897,0.0010688560959345,False,reinspect,reinspect
2_002_20200912_043121(1),2,2020-09-12 04:31:21,0.9820819728769992,0.0018705778089636,False,reinspect,reinspect
2_002_20200912_122945(7),2,2020-09-12 12:29:45,0.9834140039020042,0.0014248267996055,False,reject,reject
2_002_20200912_122948(3),2,2020-09-12 12:29:48,0.9842032565545789,0.0009427634216821,False,reject,reject
2_002_20200912_122951(2),2,2020-09-12 12:29:51,0.9839574280793932,0.0014831160350445,False,reject,reject
2_002_20200912_122954(2),2,2020-09-12 12:29:54,0.9806094068190376,0.0029079897734889,False,reinspect,reinspect
2_002_20200912_122957(0),2,2020-09-12 12:29:57,0.985643985443956,0.0008394610907088,False,reject,reject
2_002_20200912_122959(9),2,2020-09-12 12:29:59,0.9857303780759472,0.0009636649251754,False,reject,reject
2_002_20200912_163155(6),2,2020-09-12 16:31:55,0.9807912911934712,0.0030309119232803,False,reinspect,reinspect
2_002_20200912_163158(6),2,2020-09-12 16:31:58,0.983484764135875,0.0006918021470794,False,reject,reject
2_002_20200912_163201(5),2,2020-09-12 16:32:01,0.982465392304016,0.0018204647562043,False,reinspect,reinspect
2_002_20200912_163204(3),2,2020-09-12 16:32:04,0.9836070748292056,0.0004972899364963,False,reject,reject
2_002_20200912_163207(3),2,2020-09-12 16:32:07,0.9824044601427856,0.0006788035635871,False,reinspect,reinspect
2_002_20200912_163210(1),2,2020-09-12 16:32:10,0.9835223416909328,0.0011510510755697,False,reject,reject
2_002_20200912_202615(6),2,2020-09-12 20:26:15,0.984390934237848,0.0010128368344033,False,reject,reject
2_002_20200912_202620(0),2,2020-09-12 20:26:20,0.9846737473045564,0.0014953323622131,False,reject,reject
2_002_20200912_202624(4),2,2020-09-12 20:26:24,0.9840466245186804,0.0015360457598847,False,reject,reject
2_002_20200912_202629(0),2,2020-09-12 20:26:29,0.98456589707943,0.0012968265174564,False,reject,reject
2_002_20200912_202633(4),2,2020-09-12 20:26:33,0.9831317412202588,0.0012688099838123,False,reinspect,reinspect
2_002_20200912_202637(9),2,2020-09-12 20:26:37,0.9839150227589308,0.0011399325460323,False,reject,reject
2_002_20200914_082856(6),2,2020-09-14 08:28:56,0.9838125628381794,0.000929034783213,False,reject,reject
2_002_20200914_082900(7),2,2020-09-14 08:29:00,0.983896876499842,0.0005818248504327,False,reject,reject
2_002_20200914_082903(8),2,2020-09-14 08:29:03,0.9844892687490848,0.0004483488693882,False,reject,reject
2_002_20200914_082906(7),2,2020-09-14 08:29:06,0.984142375920586,0.0016078356144846,False,reject,reject
2_002_20200914_082909(7),2,2020-09-14 08:29:09,0.9852373864069736,0.0009475428029934,False,reject,reject
2_002_20200914_082913(3),2,2020-09-14 08:29:13,0.983435180929684,0.0009189267582421,False,reject,reject
2_002_20200914_123939(3),2,2020-09-14 12:39:39,0.9851822223690814,0.0012229567375848,False,reject,reject
2_002_20200914_123943(9),2,2020-09-14 12:39:43,0.983456136389015,0.0013407484369978,False,reject,reject
2_002_20200914_123948(3),2,2020-09-14 12:39:48,0.9837118374347176,0.0005310088407198,False,reject,reject
2_002_20200914_123952(7),2,2020-09-14 12:39:52,0.9849657807474612,0.001309824989601,False,reject,reject
2_002_20200914_123957(3),2,2020-09-14 12:39:57,0.9856664743744812,0.0014024198980045,False,reject,reject
2_002_20200914_124001(9),2,2020-09-14 12:40:01,0.9818076497468096,0.0011820364381297,False,reinspect,reinspect
2_002_20200914_163059(4),2,2020-09-14 16:30:59,0.9826716655537368,0.0008191715789304,False,reinspect,reinspect
2_002_20200914_163104(0),2,2020-09-14 16:31:04,0.985628522290407,0.001152597896523,False,reject,reject
2_002_20200914_163108(5),2,2020-09-14 16:31:08,0.9815382582404594,0.0022845893839511,False,reinspect,reinspect
2_002_20200914_163113(0),2,2020-09-14 16:31:13,0.9820351590597428,0.0015345991707737,False,reinspect,reinspect
2_002_20200914_163117(5),2,2020-09-14 16:31:17,0.980736309673536,0.0020339323181493,False,reinspect,reinspect
2_002_20200914_163122(1),2,2020-09-14 16:31:22,0.9841134274640032,0.0011021605940004,False,reject,reject
2_002_20200914_203029(2),2,2020-09-14 20:30:29,0.9819547219028862,0.0007449927809002,False,reinspect,reinspect
2_002_20200914_203032(1),2,2020-09-14 20:30:32,0.9859836797882278,0.0012944350560713,False,reject,reject
2_002_20200914_203035(2),2,2020-09-14 20:30:35,0.9850946634523392,0.0009438025995743,False,reject,reject
2_002_20200914_203038(1),2,2020-09-14 20:30:38,0.9845498241520686,0.0010441585990523,False,reject,reject
2_002_20200914_203041(1),2,2020-09-14 20:30:41,0.9824663989932632,0.0007483121171508,False,reinspect,reinspect
2_002_20200914_203045(7),2,2020-09-14 20:30:45,0.9828652923266946,0.0017126729200419,False,reinspect,reinspect
2_002_20200915_003459(4),2,2020-09-15 00:34:59,0.9854396590094258,0.0011888735426926,False,reject,reject
2_002_20200915_003502(0),2,2020-09-15 00:35:02,0.9831847275045206,0.0004945698379819,False,reinspect,reinspect
2_002_20200915_003504(5),2,2020-09-15 00:35:04,0.985812996454955,0.0013334929539315,False,reject,reject
2_002_20200915_003507(2),2,2020-09-15 00:35:07,0.9851425594576152,0.0011578456450344,False,reject,reject
2_002_20200915_003509(8),2,2020-09-15 00:35:09,0.983004920732549,0.0013236528777157,False,reinspect,reinspect
2_002_20200915_003512(4),2,2020-09-15 00:35:12,0.9861201179566438,0.0013786858930681,False,reject,reject
2_002_20200915_043405(0),2,2020-09-15 04:34:05,0.9838757388545668,0.000940383899067,False,reject,reject
2_002_20200915_043410(8),2,2020-09-15 04:34:10,0.9848291350410252,0.0009491057379617,False,reject,reject
2_002_20200915_043413(6),2,2020-09-15 04:34:13,0.9839513945685134,0.0013560017362981,False,reject,reject
2_002_20200915_043416(5),2,2020-09-15 04:34:16,0.982144058722376,0.0025313521080463,False,reinspect,reinspect
2_002_20200915_043419(5),2,2020-09-15 04:34:19,0.9839276876366264,0.0010261198588367,False,reject,reject
2_002_20200915_043422(4),2,2020-09-15 04:34:22,0.9831684061842706,0.000818214576909,False,reinspect,reinspect
2_002_20200915_083044(8),2,2020-09-15 08:30:44,0.9832746964198188,0.0006103730093651,False,reinspect,reinspect
2_002_20200915_083047(9),2,2020-09-15 08:30:47,0.983599702701525,0.0007148928809678,False,reject,reject
2_002_20200915_083050(8),2,2020-09-15 08:30:50,0.978351839594132,0.0013814991470966,False,reinspect,reinspect
2_002_20200915_083053(9),2,2020-09-15 08:30:53,0.9828989749243652,0.000901866163369,False,reinspect,reinspect
2_002_20200915_083056(9),2,2020-09-15 08:30:56,0.9833052930264008,0.0006649381146204,False,reinspect,reinspect
2_002_20200915_083059(9),2,2020-09-15 08:30:59,0.9834737252314416,0.0013348887000823,False,reject,reject
2_002_20200915_123120(2),2,2020-09-15 12:31:20,0.9839593423017884,0.0011446903548797,False,reject,reject
2_002_20200915_123124(8),2,2020-09-15 12:31:24,0.982335568827135,0.002073419317863,False,reinspect,reinspect
2_002_20200915_123129(4),2,2020-09-15 12:31:29,0.9830541299869286,0.0009797957897603,False,reinspect,reinspect
2_002_20200915_123133(8),2,2020-09-15 12:31:33,0.9812127465788107,0.0018769777293954,False,reinspect,reinspect
2_002_20200915_123138(3),2,2020-09-15 12:31:38,0.9828911331323212,0.0006212168257688,False,reinspect,reinspect
2_002_20200915_123142(8),2,2020-09-15 12:31:42,0.9817102122273526,0.0008491114147944,False,reinspect,reinspect
2_002_20200915_163147(0),2,2020-09-15 16:31:47,0.9834895968948036,0.0016626097478369,False,reject,reject
2_002_20200915_163150(3),2,2020-09-15 16:31:50,0.9863529473254632,0.001328333141953,False,reject,reject
2_002_20200915_163153(6),2,2020-09-15 16:31:53,0.9849912206790898,0.0016198332900205,False,reject,reject
2_002_20200915_163158(2),2,2020-09-15 16:31:58,0.9824274085847758,0.0013049481725563,False,reinspect,reinspect
2_002_20200915_163204(1),2,2020-09-15 16:32:04,0.9842001326231292,0.0005756587816712,False,reject,reject
2_002_20200915_163207(2),2,2020-09-15 16:32:07,0.9832197688483898,0.0006730342513103,False,reinspect,reinspect
2_002_20200915_203221(1),2,2020-09-15 20:32:21,0.9826796507168416,0.0009137539034642,False,reinspect,reinspect
2_002_20200915_203224(0),2,2020-09-15 20:32:24,0.9865013654035362,0.0012513098642292,False,reject,reject
2_002_20200915_203227(0),2,2020-09-15 20:32:27,0.9810507498920958,0.0029717098193631,False,reinspect,reinspect
2_002_20200915_203230(0),2,2020-09-15 20:32:30,0.9827011461934342,0.000347517370009,False,reinspect,reinspect
2_002_20200915_203233(0),2,2020-09-15 20:32:33,0.9816308124652092,0.0017689744231757,False,reinspect,reinspect
2_002_20200915_203236(0),2,2020-09-15 20:32:36,0.9829393482721096,0.0013251561947572,False,reinspect,reinspect
2_002_20200915_215738(0),2,2020-09-15 21:57:38,0.973197132039186,0.2810442641959755,True,reinspect,reinspect
2_002_20200916_003108(4),2,2020-09-16 00:31:08,0.9847041390059628,0.0014307113192838,False,reject,reject
2_002_20200916_003111(4),2,2020-09-16 00:31:11,0.9842364538589472,0.0010951939761818,False,reject,reject
2_002_20200916_003114(5),2,2020-09-16 00:31:14,0.9812456290735228,0.0023609279005618,False,reinspect,reinspect
2_002_20200916_003117(4),2,2020-09-16 00:31:17,0.9810849931301276,0.0023256892466883,False,reinspect,reinspect
2_002_20200916_003120(4),2,2020-09-16 00:31:20,0.9837197521868968,0.0015807325777186,False,reject,reject
2_002_20200916_003123(4),2,2020-09-16 00:31:23,0.981506739676592,0.0028258220952708,False,reinspect,reinspect
2_002_20200916_043144(0),2,2020-09-16 04:31:44,0.9846427146073304,0.0017472608208302,False,reject,reject
2_002_20200916_043146(9),2,2020-09-16 04:31:46,0.9825039338339288,0.0003328904934076,False,reinspect,reinspect
2_002_20200916_043150(0),2,2020-09-16 04:31:50,0.9823156801203208,0.0015863891025346,False,reinspect,reinspect
2_002_20200916_043152(7),2,2020-09-16 04:31:52,0.9832671805419492,0.0005790330488112,False,reinspect,reinspect
2_002_20200916_043155(6),2,2020-09-16 04:31:55,0.9820824015807452,0.0011487860427019,False,reinspect,reinspect
2_002_20200916_043158(6),2,2020-09-16 04:31:58,0.9783544117386106,0.0025598777111331,False,reinspect,reinspect
2_002_20200916_083057(9),2,2020-09-16 08:30:57,0.983926137364706,0.000952267757624,False,reject,reject
2_002_20200916_083102(3),2,2020-09-16 08:31:02,0.9828684231075274,0.0012267328400937,False,reinspect,reinspect
2_002_20200916_083106(8),2,2020-09-16 08:31:06,0.984318248038788,0.0016446958553839,False,reject,reject
2_002_20200916_083111(3),2,2020-09-16 08:31:11,0.9830648184876476,0.000640419823831,False,reinspect,reinspect
2_002_20200916_083115(8),2,2020-09-16 08:31:15,0.98380697501208,0.0005080200095185,False,reject,reject
2_002_20200916_083120(2),2,2020-09-16 08:31:20,0.9836586534540732,0.0010697858079634,False,reject,reject
2_002_20200916_122640(9),2,2020-09-16 12:26:40,0.984923609628068,0.0017098308134656,False,reject,reject
2_002_20200916_122645(5),2,2020-09-16 12:26:45,0.9836736208046194,0.0014207962686822,False,reject,reject
2_002_20200916_122650(1),2,2020-09-16 12:26:50,0.984624357055374,0.0001882416934501,False,reject,reject
2_002_20200916_122654(5),2,2020-09-16 12:26:54,0.981503425462354,0.0007801969264007,False,reinspect,reinspect
2_002_20200916_122659(0),2,2020-09-16 12:26:59,0.9807726181862788,0.0024348190357892,False,reinspect,reinspect
2_002_20200916_122703(5),2,2020-09-16 12:27:03,0.982879752838794,0.0003369523643739,False,reinspect,reinspect
2_002_20200916_203132(4),2,2020-09-16 20:31:32,0.9830154564601628,0.0011818602592477,False,reinspect,reinspect
2_002_20200916_203136(3),2,2020-09-16 20:31:36,0.9848860705408506,0.000945924631402,False,reject,reject
2_002_20200916_203140(2),2,2020-09-16 20:31:40,0.9831726728795992,0.0010419189902581,False,reinspect,reinspect
2_002_20200916_203144(3),2,2020-09-16 20:31:44,0.9845141982230484,0.0012543711800949,False,reject,reject
2_002_20200916_203148(2),2,2020-09-16 20:31:48,0.9845999135780376,0.0013199428665969,False,reject,reject
2_002_20200916_203152(3),2,2020-09-16 20:31:52,0.9849761832919668,0.0010696925109558,False,reject,reject
2_002_20200917_003224(9),2,2020-09-17 00:32:24,0.9828417666161092,0.001290024303119,False,reinspect,reinspect
2_002_20200917_003228(7),2,2020-09-17 00:32:28,0.9833878927713308,0.0009525139320799,False,reject,reject
2_002_20200917_003234(6),2,2020-09-17 00:32:34,0.9822442078955568,0.000691239819442,False,reinspect,reinspect
2_002_20200917_003238(7),2,2020-09-17 00:32:38,0.9811990290511768,0.0006173822405352,False,reinspect,reinspect
2_002_20200917_003242(7),2,2020-09-17 00:32:42,0.9807654974959082,0.0023546526795886,False,reinspect,reinspect
2_002_20200917_003246(7),2,2020-09-17 00:32:46,0.9814492583735897,0.0009594777203279,False,reinspect,reinspect
2_002_20200917_043058(6),2,2020-09-17 04:30:58,0.9849302567172764,0.0013133341736391,False,reject,reject
2_002_20200917_043102(6),2,2020-09-17 04:31:02,0.9807334091079928,0.0012198927193053,False,reinspect,reinspect
2_002_20200917_043106(5),2,2020-09-17 04:31:06,0.9815681736310636,0.0018012300975629,False,reinspect,reinspect
2_002_20200917_043110(7),2,2020-09-17 04:31:10,0.979244344549812,0.001894288670162,False,reinspect,reinspect
2_002_20200917_043114(6),2,2020-09-17 04:31:14,0.982716033930404,0.000710919976621,False,reinspect,reinspect
2_002_20200917_043118(5),2,2020-09-17 04:31:18,0.9836291463595734,0.0010344706795283,False,reject,reject
2_002_20200917_083825(7),2,2020-09-17 08:38:25,0.9833174062171804,0.0008796915103603,False,reinspect,reinspect
2_002_20200917_083829(7),2,2020-09-17 08:38:29,0.9844596345334484,0.0009143416023185,False,reject,reject
2_002_20200917_083833(6),2,2020-09-17 08:38:33,0.982292660917154,0.0014129961307738,False,reinspect,reinspect
2_002_20200917_083836(7),2,2020-09-17 08:38:36,0.982776792990716,0.0008220986895998,False,reinspect,reinspect
2_002_20200917_083840(1),2,2020-09-17 08:38:40,0.9821293333929648,0.0012635396326973,False,reinspect,reinspect
2_002_20200917_083843(4),2,2020-09-17 08:38:43,0.983211991572616,0.0003193416845018,False,reinspect,reinspect
2_002_20200917_123114(9),2,2020-09-17 12:31:14,0.9842568021285965,0.0007882105496566,False,reject,reject
2_002_20200917_123118(9),2,2020-09-17 12:31:18,0.983631590592724,0.0010940918280991,False,reject,reject
2_002_20200917_123122(9),2,2020-09-17 12:31:22,0.9836058824363794,0.0005681568676097,False,reject,reject
2_002_20200917_123126(9),2,2020-09-17 12:31:26,0.9827969296582446,0.000709480916596,False,reinspect,reinspect
2_002_20200917_123130(9),2,2020-09-17 12:31:30,0.9834541648114798,0.0003051613338277,False,reject,reject
2_002_20200917_123135(0),2,2020-09-17 12:31:35,0.983417563343348,0.0007377273887726,False,reject,reject
2_002_20200917_162827(5),2,2020-09-17 16:28:27,0.9820405190412064,0.00028233441712,False,reinspect,reinspect
2_002_20200917_162841(6),2,2020-09-17 16:28:41,0.9834510161801876,0.0005413475479798,False,reject,reject
2_002_20200917_162845(6),2,2020-09-17 16:28:45,0.9820486600684528,0.0010233426969595,False,reinspect,reinspect
2_002_20200917_162851(6),2,2020-09-17 16:28:51,0.98271030338543,0.0009611495275534,False,reinspect,reinspect
2_002_20200917_162855(9),2,2020-09-17 16:28:55,0.9823929738808044,0.0015703566208276,False,reinspect,reinspect
2_002_20200917_162859(9),2,2020-09-17 16:28:59,0.9830523705642956,0.0006571741005943,False,reinspect,reinspect
2_002_20200917_203038(6),2,2020-09-17 20:30:38,0.9856050797868678,0.0010549733975221,False,reject,reject
2_002_20200917_203042(6),2,2020-09-17 20:30:42,0.9835915844837216,0.0006200725147289,False,reject,reject
2_002_20200917_203046(7),2,2020-09-17 20:30:46,0.9834779841518092,0.0006579352039532,False,reject,reject
2_002_20200917_203050(7),2,2020-09-17 20:30:50,0.9852022970323352,0.0016277084620619,False,reject,reject
2_002_20200917_203054(5),2,2020-09-17 20:30:54,0.98287141773682,0.0015586151933187,False,reinspect,reinspect
2_002_20200917_203058(6),2,2020-09-17 20:30:58,0.984727907919366,0.000984558343711,False,reject,reject
2_002_20200918_003519(6),2,2020-09-18 00:35:19,0.9843441999961688,0.0009950955377174,False,reject,reject
2_002_20200918_003523(4),2,2020-09-18 00:35:23,0.9810074984581872,0.0006343981771857,False,reinspect,reinspect
2_002_20200918_003527(3),2,2020-09-18 00:35:27,0.9835076195547872,0.001118125675214,False,reject,reject
2_002_20200918_003531(2),2,2020-09-18 00:35:31,0.9824220333477068,0.0013776869164629,False,reinspect,reinspect
2_002_20200918_003535(0),2,2020-09-18 00:35:35,0.982678942460826,0.0012141172570474,False,reinspect,reinspect
2_002_20200918_003538(9),2,2020-09-18 00:35:38,0.9826938517539936,0.00159251201756,False,reinspect,reinspect
2_002_20200918_043323(0),2,2020-09-18 04:33:23,0.9828631436745868,0.0004556387528647,False,reinspect,reinspect
2_002_20200918_043326(6),2,2020-09-18 04:33:26,0.9831158106002444,0.0007396811419645,False,reinspect,reinspect
2_002_20200918_043330(5),2,2020-09-18 04:33:30,0.983420732044239,0.0010554380046047,False,reject,reject
2_002_20200918_043334(3),2,2020-09-18 04:33:34,0.9809075242485934,0.0025365470378427,False,reinspect,reinspect
2_002_20200918_043338(2),2,2020-09-18 04:33:38,0.9846060955182911,0.0010324938875588,False,reject,reject
2_002_20200918_043342(2),2,2020-09-18 04:33:42,0.9815641437286377,0.0013706581038309,False,reinspect,reinspect
2_002_20200918_083026(0),2,2020-09-18 08:30:26,0.9832531162612216,0.0016649455510993,False,reinspect,reinspect
2_002_20200918_083029(4),2,2020-09-18 08:30:29,0.9833074338645218,0.0001654786674478,False,reinspect,reinspect
2_002_20200918_083033(4),2,2020-09-18 08:30:33,0.9844567920649916,0.0003776486375035,False,reject,reject
2_002_20200918_083037(6),2,2020-09-18 08:30:37,0.9815773500313622,0.000421164516909,False,reinspect,reinspect
2_002_20200918_083041(4),2,2020-09-18 08:30:41,0.984855833216151,0.0010846590577659,False,reject,reject
2_002_20200918_083045(4),2,2020-09-18 08:30:45,0.9816818187973604,0.0003124160609409,False,reinspect,reinspect
2_002_20200918_123100(6),2,2020-09-18 12:31:00,0.9817893746505418,0.0010694620312331,False,reinspect,reinspect
2_002_20200918_123104(6),2,2020-09-18 12:31:04,0.985178078113166,0.0005794562913208,False,reject,reject
2_002_20200918_123108(7),2,2020-09-18 12:31:08,0.9816530584692138,0.002688279794823,False,reinspect,reinspect
2_002_20200918_123112(8),2,2020-09-18 12:31:12,0.9805183975600515,0.0019676533503114,False,reinspect,reinspect
2_002_20200918_123116(5),2,2020-09-18 12:31:16,0.983087677035988,0.0007697395875008,False,reinspect,reinspect
2_002_20200918_123120(6),2,2020-09-18 12:31:20,0.983029867148142,0.0012373205173144,False,reinspect,reinspect
2_002_20200918_163058(9),2,2020-09-18 16:30:58,0.9818457251743412,0.0017795046098661,False,reinspect,reinspect
2_002_20200918_163102(9),2,2020-09-18 16:31:02,0.9841955968768922,0.0009306791130262,False,reject,reject
2_002_20200918_163106(9),2,2020-09-18 16:31:06,0.983813054011271,0.0006394354770526,False,reject,reject
2_002_20200918_163110(9),2,2020-09-18 16:31:10,0.9841491988946666,0.0010897016113881,False,reject,reject
2_002_20200918_163114(8),2,2020-09-18 16:31:14,0.984196578063382,0.0016227422103692,False,reject,reject
2_002_20200918_163118(7),2,2020-09-18 16:31:18,0.9857292523385196,0.0012856389048847,False,reject,reject
2_002_20200921_111920(1),2,2020-09-21 11:19:20,0.9848177742814216,0.000592600701634,False,reject,reject
2_002_20200921_111923(3),2,2020-09-21 11:19:23,0.983999481390203,0.0006253698685804,False,reject,reject
2_002_20200921_111926(6),2,2020-09-21 11:19:26,0.9845758662822524,0.0010304283460401,False,reject,reject
2_002_20200921_111930(0),2,2020-09-21 11:19:30,0.982581968012464,0.000766557659955,False,reinspect,reinspect
2_002_20200921_111933(1),2,2020-09-21 11:19:33,0.9832682566281556,0.0012191539966317,False,reinspect,reinspect
2_002_20200921_111936(2),2,2020-09-21 11:19:36,0.9843899240232838,0.0007712499322778,False,reject,reject
2_002_20200921_123149(8),2,2020-09-21 12:31:49,0.9822484833344812,0.0016241207297382,False,reinspect,reinspect
2_002_20200921_123152(7),2,2020-09-21 12:31:52,0.9844058726393132,0.0007027438684932,False,reject,reject
2_002_20200921_123155(7),2,2020-09-21 12:31:55,0.9844911014293052,0.0007259419742157,False,reject,reject
2_002_20200921_123158(9),2,2020-09-21 12:31:58,0.9835925761725,0.0006139968667434,False,reject,reject
2_002_20200921_123201(8),2,2020-09-21 12:32:01,0.9844547998843908,0.0009657983276837,False,reject,reject
2_002_20200921_123207(6),2,2020-09-21 12:32:07,0.9855824047864234,0.0006834776858896,False,reject,reject
2_002_20200921_163038(3),2,2020-09-21 16:30:38,0.9841679251029476,0.0005205288591583,False,reject,reject
2_002_20200921_163042(3),2,2020-09-21 16:30:42,0.9845099335875174,0.001160998040718,False,reject,reject
2_002_20200921_163045(4),2,2020-09-21 16:30:45,0.984589999621581,0.0011348501932433,False,reject,reject
2_002_20200921_163049(6),2,2020-09-21 16:30:49,0.9833737512193488,0.0008091097759651,False,reject,reject
2_002_20200921_163052(5),2,2020-09-21 16:30:52,0.9852830272192308,0.0016672759673584,False,reject,reject
2_002_20200921_163055(5),2,2020-09-21 16:30:55,0.9843027557022952,0.000651875840833,False,reject,reject
2_002_20200921_202239(4),2,2020-09-21 20:22:39,0.9846251049774616,0.0011450125686471,False,reject,reject
2_002_20200921_202244(0),2,2020-09-21 20:22:44,0.9795678084343296,0.000867870734147,False,reinspect,reinspect
2_002_20200921_202248(6),2,2020-09-21 20:22:48,0.9810264103725932,0.001104870513484,False,reinspect,reinspect
2_002_20200921_202253(0),2,2020-09-21 20:22:53,0.9825823720263628,0.0018883144762788,False,reinspect,reinspect
2_002_20200921_202257(4),2,2020-09-21 20:22:57,0.9856919139969808,0.0007174308042863,False,reject,reject
2_002_20200921_202303(6),2,2020-09-21 20:23:03,0.9807312638760765,0.0008216070661693,False,reinspect,reinspect
2_002_20200922_003106(0),2,2020-09-22 00:31:06,0.9836627321966256,0.0011822651491377,False,reject,reject
2_002_20200922_003110(6),2,2020-09-22 00:31:10,0.9839057373864336,0.0013154823336687,False,reject,reject
2_002_20200922_003115(1),2,2020-09-22 00:31:15,0.9825202214636616,0.0025142263999964,False,reinspect,reinspect
2_002_20200922_003119(6),2,2020-09-22 00:31:19,0.9822698659202784,0.000674037732618,False,reinspect,reinspect
2_002_20200922_003124(2),2,2020-09-22 00:31:24,0.9856272567495322,0.001578872575672,False,reject,reject
2_002_20200922_003128(7),2,2020-09-22 00:31:28,0.9838650823779838,0.0015308444645997,False,reject,reject
2_002_20200922_043107(1),2,2020-09-22 04:31:07,0.981455765096062,0.0008366747164864,False,reinspect,reinspect
2_002_20200922_043111(6),2,2020-09-22 04:31:11,0.9825686803387944,0.0014889053910625,False,reinspect,reinspect
2_002_20200922_043116(0),2,2020-09-22 04:31:16,0.9829524435824712,0.0012487417444379,False,reinspect,reinspect
2_002_20200922_043120(5),2,2020-09-22 04:31:20,0.983914747690482,0.00100343975833,False,reject,reject
2_002_20200922_043125(0),2,2020-09-22 04:31:25,0.9816341606646288,0.0022495374311372,False,reinspect,reinspect
2_002_20200922_043129(5),2,2020-09-22 04:31:29,0.9857194277138168,0.0006947064020955,False,reject,reject
2_002_20200922_083741(5),2,2020-09-22 08:37:41,0.9851695271714658,0.0012494032852377,False,reject,reject
2_002_20200922_083744(6),2,2020-09-22 08:37:44,0.9842032791901972,0.0012109203362751,False,reject,reject
2_002_20200922_083747(7),2,2020-09-22 08:37:47,0.982764893882114,0.0018047230444592,False,reinspect,reinspect
2_002_20200922_083750(6),2,2020-09-22 08:37:50,0.9841456817626906,0.0008387309483825,False,reject,reject
2_002_20200922_083753(5),2,2020-09-22 08:37:53,0.9841224929441876,0.0002755770714776,False,reject,reject
2_002_20200922_083756(6),2,2020-09-22 08:37:56,0.9831470849757418,0.0015785722284823,False,reinspect,reinspect
2_002_20200922_122726(9),2,2020-09-22 12:27:26,0.981693323940552,0.0006623509165815,False,reinspect,reinspect
2_002_20200922_122730(0),2,2020-09-22 12:27:30,0.9802135945658824,0.002780228143935,False,reinspect,reinspect
2_002_20200922_122732(8),2,2020-09-22 12:27:32,0.9839542017588336,0.0012583498435023,False,reject,reject
2_002_20200922_122737(2),2,2020-09-22 12:27:37,0.9814052994014472,0.0005427568661478,False,reinspect,reinspect
2_002_20200922_122741(6),2,2020-09-22 12:27:41,0.978138276799122,0.0022861367600313,False,reinspect,reinspect
2_002_20200922_122746(0),2,2020-09-22 12:27:46,0.9852876614085794,0.0011922032385577,False,reject,reject
2_002_20200922_163036(2),2,2020-09-22 16:30:36,0.9847071345707894,0.0015246677095122,False,reject,reject
2_002_20200922_163039(5),2,2020-09-22 16:30:39,0.9840763632406032,0.0005813362521015,False,reject,reject
2_002_20200922_163043(6),2,2020-09-22 16:30:43,0.9806217326447504,0.0032217879758739,False,reinspect,reinspect
2_002_20200922_163047(8),2,2020-09-22 16:30:47,0.9834056964551204,0.0003746191683815,False,reject,reject
2_002_20200922_163053(8),2,2020-09-22 16:30:53,0.9841068817233364,0.0008638395689008,False,reject,reject
2_002_20200922_163059(7),2,2020-09-22 16:30:59,0.985092720763056,0.001206747835915,False,reject,reject
3_001_20200624_162846(3),3,2020-06-24 16:28:46,0.9781591308514204,0.0011257100169724,False,reinspect,reinspect
3_001_20200624_162850(9),3,2020-06-24 16:28:50,0.98111602475686,0.0011431771704048,False,reinspect,reinspect
3_001_20200629_123129(6),3,2020-06-29 12:31:29,0.9771727167060305,0.0004092916296716,False,reinspect,reinspect
3_001_20200629_163728(4),3,2020-06-29 16:37:28,0.9781767833752252,0.0005558087126182,False,reinspect,reinspect
3_001_20200629_163732(9),3,2020-06-29 16:37:32,0.9759680403850576,0.0004379590535267,False,reinspect,reinspect
3_001_20200629_163737(5),3,2020-06-29 16:37:37,0.97610376168881,0.0012635304081234,False,reinspect,reinspect
3_001_20200629_163741(9),3,2020-06-29 16:37:41,0.9770449837046832,0.0012583992500919,False,reinspect,reinspect
3_001_20200629_163746(6),3,2020-06-29 16:37:46,0.9765953557994204,0.0015759541505685,False,reinspect,reinspect
3_001_20200629_163756(6),3,2020-06-29 16:37:56,0.9780203797952916,0.001878143849254,False,reinspect,reinspect
3_001_20200629_202802(6),3,2020-06-29 20:28:02,0.978992285251796,0.0011165776115048,False,reinspect,reinspect
3_001_20200629_202807(1),3,2020-06-29 20:28:07,0.9775172455046712,0.0006075553639163,False,reinspect,reinspect
3_001_20200629_202811(5),3,2020-06-29 20:28:11,0.9789058910194156,0.0007346368563518,False,reinspect,reinspect
3_001_20200629_202816(1),3,2020-06-29 20:28:16,0.9787477996696672,0.0013470833742935,False,reinspect,reinspect
3_001_20200629_202820(6),3,2020-06-29 20:28:20,0.9793825384934493,0.0007150155735853,False,reinspect,reinspect
3_001_20200629_202825(1),3,2020-06-29 20:28:25,0.9792764335812704,0.001009201816429,False,reinspect,reinspect
3_001_20200630_003006(2),3,2020-06-30 00:30:06,0.9782124178073212,0.0019646370366138,False,reinspect,reinspect
3_001_20200630_003010(8),3,2020-06-30 00:30:10,0.9769515240143,0.0006417882879305,False,reinspect,reinspect
3_001_20200630_003015(1),3,2020-06-30 00:30:15,0.978933108392825,0.0008055817215235,False,reinspect,reinspect
3_001_20200630_003019(7),3,2020-06-30 00:30:19,0.9793032533971238,0.0013413763567469,False,reinspect,reinspect
3_001_20200630_003024(2),3,2020-06-30 00:30:24,0.9777728358059596,0.0006656065304309,False,reinspect,reinspect
3_001_20200630_003033(2),3,2020-06-30 00:30:33,0.9784973672914014,0.0007658168475101,False,reinspect,reinspect
3_001_20200630_043339(8),3,2020-06-30 04:33:39,0.9798219905415504,0.0013529068634433,False,reinspect,reinspect
3_001_20200630_043538(1),3,2020-06-30 04:35:38,0.9762196685265568,0.0009813182525941,False,reinspect,reinspect
3_001_20200630_043544(2),3,2020-06-30 04:35:44,0.9781095998576288,0.0004801921975499,False,reinspect,reinspect
3_001_20200630_043548(7),3,2020-06-30 04:35:48,0.981071302899903,0.0012606383384331,False,reinspect,reinspect
3_001_20200630_043600(9),3,2020-06-30 04:36:00,0.9815272395500224,0.0016105353642131,False,reinspect,reinspect
3_001_20200630_043605(5),3,2020-06-30 04:36:05,0.9777936009635936,0.0008342989868169,False,reinspect,reinspect
3_001_20200630_083235(6),3,2020-06-30 08:32:35,0.9761091670936204,0.0019652775543636,False,reinspect,reinspect
3_001_20200630_083322(2),3,2020-06-30 08:33:22,0.9770134467298904,0.0011114232064472,False,reinspect,reinspect
3_001_20200630_083331(2),3,2020-06-30 08:33:31,0.9785607581071268,0.0005297895059619,False,reinspect,reinspect
3_001_20200630_083350(7),3,2020-06-30 08:33:50,0.9802794231866586,0.0017222497142941,False,reinspect,reinspect
3_001_20200630_083355(1),3,2020-06-30 08:33:55,0.979860160513194,0.0046290621797241,False,reinspect,reinspect
3_001_20200630_083405(7),3,2020-06-30 08:34:05,0.9774242485843226,0.0008359189831111,False,reinspect,reinspect
3_001_20200630_123334(2),3,2020-06-30 12:33:34,0.978011216258596,0.0010088587566377,False,reinspect,reinspect
3_001_20200630_123338(7),3,2020-06-30 12:33:38,0.9799269319872574,0.0009188476901265,False,reinspect,reinspect
3_001_20200630_123343(2),3,2020-06-30 12:33:43,0.980378369584634,0.0015685922432027,False,reinspect,reinspect
3_001_20200630_123347(6),3,2020-06-30 12:33:47,0.976549980487544,0.0016361802721145,False,reinspect,reinspect
3_001_20200630_123352(1),3,2020-06-30 12:33:52,0.9794801909290384,0.0014490735102425,False,reinspect,reinspect
3_001_20200630_123423(6),3,2020-06-30 12:34:23,0.9778287454485456,0.0013447984619889,False,reinspect,reinspect
3_001_20200630_123426(8),3,2020-06-30 12:34:26,0.980287071043264,0.0018587499716206,False,reinspect,reinspect
3_001_20200630_163111(8),3,2020-06-30 16:31:11,0.970463202020296,0.0010137768478938,False,reinspect,reinspect
3_001_20200630_163116(2),3,2020-06-30 16:31:16,0.9756454115054902,0.0016817561070094,False,reinspect,reinspect
3_001_20200630_163120(7),3,2020-06-30 16:31:20,0.9817069157862311,0.001569470464724,False,reinspect,reinspect
3_001_20200630_163125(2),3,2020-06-30 16:31:25,0.9814319103870244,0.0009393101755528,False,reinspect,reinspect
3_001_20200630_163129(8),3,2020-06-30 16:31:29,0.9800558150404288,0.0010100474671745,False,reinspect,reinspect
3_001_20200630_163134(2),3,2020-06-30 16:31:34,0.9802475191997648,0.0015191736272291,False,reinspect,reinspect
3_001_20200630_163147(8),3,2020-06-30 16:31:47,0.9750085508373736,0.0020997607682362,False,reinspect,reinspect
3_001_20200630_203200(3),3,2020-06-30 20:32:00,0.979180121550588,0.0012038568754013,False,reinspect,reinspect
3_001_20200630_203205(0),3,2020-06-30 20:32:05,0.9786346895446282,0.0009282297790011,False,reinspect,reinspect
3_001_20200630_203209(3),3,2020-06-30 20:32:09,0.9771702868893516,0.0007627764528441,False,reinspect,reinspect
3_001_20200630_203213(8),3,2020-06-30 20:32:13,0.9799439170544696,0.0005466953995662,False,reinspect,reinspect
3_001_20200630_203218(3),3,2020-06-30 20:32:18,0.9808172850064848,0.0008975011211616,False,reinspect,reinspect
3_001_20200630_203222(8),3,2020-06-30 20:32:22,0.980481023744876,0.0011746097845751,False,reinspect,reinspect
3_001_20200701_004132(8),3,2020-07-01 00:41:32,0.9787773851022368,0.0008126853680685,False,reinspect,reinspect
3_001_20200701_004141(6),3,2020-07-01 00:41:41,0.9794177605216848,0.0013381749215479,False,reinspect,reinspect
3_001_20200701_004146(2),3,2020-07-01 00:41:46,0.9782753002188328,0.0004358325001515,False,reinspect,reinspect
3_001_20200701_004150(6),3,2020-07-01 00:41:50,0.9796336222088072,0.0020123628061797,False,reinspect,reinspect
3_001_20200701_004155(1),3,2020-07-01 00:41:55,0.9770980420809722,0.0006119363801436,False,reinspect,reinspect
3_001_20200701_004159(7),3,2020-07-01 00:41:59,0.9759609133851692,0.0010979575447886,False,reinspect,reinspect
3_001_20200701_043236(2),3,2020-07-01 04:32:36,0.98134154207137,0.0015566302781508,False,reinspect,reinspect
3_001_20200701_043245(3),3,2020-07-01 04:32:45,0.9797940724170072,0.0007193396891892,False,reinspect,reinspect
3_001_20200701_043249(7),3,2020-07-01 04:32:49,0.976308672228164,0.0009715413328596,False,reinspect,reinspect
3_001_20200701_043258(7),3,2020-07-01 04:32:58,0.9799639743852396,0.0007095830760135,False,reinspect,reinspect
3_001_20200701_043307(7),3,2020-07-01 04:33:07,0.971315567878413,0.001793490620574,False,reinspect,reinspect
3_001_20200701_043312(4),3,2020-07-01 04:33:12,0.9770041108750724,0.0010659485284256,False,reinspect,reinspect
3_001_20200701_083251(9),3,2020-07-01 08:32:51,0.9759725795651856,0.001868411771766,False,reinspect,reinspect
3_001_20200701_083256(5),3,2020-07-01 08:32:56,0.9800503289312718,0.0020230532735698,False,reinspect,reinspect
3_001_20200701_083300(7),3,2020-07-01 08:33:00,0.9806391082703404,0.0019067317883368,False,reinspect,reinspect
3_001_20200701_083309(8),3,2020-07-01 08:33:09,0.9779273313421228,0.000545347276585,False,reinspect,reinspect
3_001_20200701_083323(2),3,2020-07-01 08:33:23,0.980116169831496,0.0012749219459551,False,reinspect,reinspect
3_001_20200701_083327(8),3,2020-07-01 08:33:27,0.9791983008522857,0.001358049647875,False,reinspect,reinspect
3_001_20200701_123507(7),3,2020-07-01 12:35:07,0.9777645025537416,0.0010589898841254,False,reinspect,reinspect
3_001_20200701_123511(0),3,2020-07-01 12:35:11,0.9773632516475572,0.0022132390967748,False,reinspect,reinspect
3_001_20200701_123514(1),3,2020-07-01 12:35:14,0.976572546001316,0.0019430546725362,False,reinspect,reinspect
3_001_20200701_123517(3),3,2020-07-01 12:35:17,0.9793897268922432,0.0019891223837107,False,reinspect,reinspect
3_001_20200701_123520(6),3,2020-07-01 12:35:20,0.9782574600275096,0.0004749289181207,False,reinspect,reinspect
3_001_20200701_123523(9),3,2020-07-01 12:35:23,0.9779504530321204,0.0003600904810154,False,reinspect,reinspect
3_001_20200701_163109(0),3,2020-07-01 16:31:09,0.9737900395209916,0.0031950480812628,False,reinspect,reinspect
3_001_20200701_163112(8),3,2020-07-01 16:31:12,0.9798900816360446,0.0010363013112957,False,reinspect,reinspect
3_001_20200701_163121(1),3,2020-07-01 16:31:21,0.9811896666322908,0.0006189668410626,False,reinspect,reinspect
3_001_20200701_163140(2),3,2020-07-01 16:31:40,0.9812777896173588,0.0011585038154492,False,reinspect,reinspect
3_001_20200701_163144(5),3,2020-07-01 16:31:44,0.960472687537212,0.0097887212683272,False,reinspect,reinspect
3_001_20200701_163202(1),3,2020-07-01 16:32:02,0.9749669977508064,0.0025353528535069,False,reinspect,reinspect
3_001_20200701_203552(7),3,2020-07-01 20:35:52,0.9772909142617792,0.0004745259413816,False,reinspect,reinspect
3_001_20200701_203557(3),3,2020-07-01 20:35:57,0.9797205710665808,0.000594198435013,False,reinspect,reinspect
3_001_20200701_203601(8),3,2020-07-01 20:36:01,0.9793635369638244,0.0010135039659837,False,reinspect,reinspect
3_001_20200701_203606(3),3,2020-07-01 20:36:06,0.9804537360003835,0.0012409416573561,False,reinspect,reinspect
3_001_20200701_203610(7),3,2020-07-01 20:36:10,0.9763220410673918,0.0008828008096072,False,reinspect,reinspect
3_001_20200701_203615(2),3,2020-07-01 20:36:15,0.9766679251919952,0.0007771834296749,False,reinspect,reinspect
3_001_20200702_003135(7),3,2020-07-02 00:31:35,0.9814178171613748,0.0007778659727896,False,reinspect,reinspect
3_001_20200702_003140(4),3,2020-07-02 00:31:40,0.9799530179572088,0.0010750993990512,False,reinspect,reinspect
3_001_20200702_003149(3),3,2020-07-02 00:31:49,0.9774792611025588,0.0013162905915055,False,reinspect,reinspect
3_001_20200702_003154(0),3,2020-07-02 00:31:54,0.9807555721894612,0.001110865677252,False,reinspect,reinspect
3_001_20200702_003158(4),3,2020-07-02 00:31:58,0.9801633468040288,0.000677243861184,False,reinspect,reinspect
3_001_20200702_003203(1),3,2020-07-02 00:32:03,0.9773931502032068,0.0005091578212371,False,reinspect,reinspect
3_001_20200702_043956(5),3,2020-07-02 04:39:56,0.9794247759536314,0.0014551009634588,False,reinspect,reinspect
3_001_20200702_043959(8),3,2020-07-02 04:39:59,0.9819726465675624,0.0010494178024207,False,reinspect,reinspect
3_001_20200702_044003(1),3,2020-07-02 04:40:03,0.9798524822882072,0.0003811190847173,False,reinspect,reinspect
3_001_20200702_044006(3),3,2020-07-02 04:40:06,0.9749609653997392,0.0024978254177565,False,reinspect,reinspect
3_001_20200702_044009(8),3,2020-07-02 04:40:09,0.9793014509514318,0.0008619265050126,False,reinspect,reinspect
3_001_20200702_044013(2),3,2020-07-02 04:40:13,0.9766636552007808,0.0014319862975092,False,reinspect,reinspect
3_001_20200706_083233(2),3,2020-07-06 08:32:33,0.9739618316989612,0.0024668724608932,False,reinspect,reinspect
3_001_20200706_083236(5),3,2020-07-06 08:32:36,0.9789570494300516,0.0004740607917517,False,reinspect,reinspect
3_001_20200706_083239(5),3,2020-07-06 08:32:39,0.9782096431402492,0.0006185307959873,False,reinspect,reinspect
3_001_20200706_083242(3),3,2020-07-06 08:32:42,0.9785661940329764,0.0012662982421264,False,reinspect,reinspect
3_001_20200706_083245(3),3,2020-07-06 08:32:45,0.9778555599484612,0.0011788926337412,False,reinspect,reinspect
3_001_20200706_083248(4),3,2020-07-06 08:32:48,0.979611297315144,0.0007792741039892,False,reinspect,reinspect
3_001_20200706_123355(3),3,2020-07-06 12:33:55,0.97696199509124,0.00098902342631,False,reinspect,reinspect
3_001_20200706_123359(3),3,2020-07-06 12:33:59,0.9770277417055026,0.0014089406017236,False,reinspect,reinspect
3_001_20200706_123411(3),3,2020-07-06 12:34:11,0.978701678072895,0.0008957237173174,False,reinspect,reinspect
3_001_20200706_123437(4),3,2020-07-06 12:34:37,0.975500873056806,0.0007285481097641,False,reinspect,reinspect
3_001_20200706_123445(4),3,2020-07-06 12:34:45,0.9809298960463128,0.0008116527277145,False,reinspect,reinspect
3_001_20200706_123449(4),3,2020-07-06 12:34:49,0.9782042450935504,0.0004662922781969,False,reinspect,reinspect
3_001_20200706_163108(5),3,2020-07-06 16:31:08,0.9759018216800884,0.0003421339692744,False,reinspect,reinspect
3_001_20200706_163112(5),3,2020-07-06 16:31:12,0.9792341751292974,0.0003990303416059,False,reinspect,reinspect
3_001_20200706_163116(3),3,2020-07-06 16:31:16,0.9793110565686296,0.0008767840685407,False,reinspect,reinspect
3_001_20200706_163120(5),3,2020-07-06 16:31:20,0.9757490061648348,0.0012055915965983,False,reinspect,reinspect
3_001_20200706_163124(3),3,2020-07-06 16:31:24,0.9766659352690168,0.0009590226320328,False,reinspect,reinspect
3_001_20200706_163134(3),3,2020-07-06 16:31:34,0.9764650609253962,0.0014723950872975,False,reinspect,reinspect
3_001_20200706_203245(6),3,2020-07-06 20:32:45,0.977733434963342,0.0008905860244217,False,reinspect,reinspect
3_001_20200706_203309(2),3,2020-07-06 20:33:09,0.9762573892755972,0.0021331823313237,False,reinspect,reinspect
3_001_20200706_203419(5),3,2020-07-06 20:34:19,0.9797763023116636,0.0010936980181085,False,reinspect,reinspect
3_001_20200706_203456(7),3,2020-07-06 20:34:56,0.9793116419482576,0.0007282441124757,False,reinspect,reinspect
3_001_20200706_203500(1),3,2020-07-06 20:35:00,0.9749692437809132,0.001977174419214,False,reinspect,reinspect
3_001_20200706_203520(0),3,2020-07-06 20:35:20,0.9787523611426852,0.0010136944433167,False,reinspect,reinspect
3_001_20200707_003223(4),3,2020-07-07 00:32:23,0.9792108606371968,0.0012223649549054,False,reinspect,reinspect
3_001_20200707_003233(9),3,2020-07-07 00:32:33,0.9781529713934756,0.0004575959937018,False,reinspect,reinspect
3_001_20200707_003256(1),3,2020-07-07 00:32:56,0.9775982513679528,0.0007077115599789,False,reinspect,reinspect
3_001_20200707_003312(2),3,2020-07-07 00:33:12,0.9777680039597836,0.0006133098802424,False,reinspect,reinspect
3_001_20200707_003315(4),3,2020-07-07 00:33:15,0.9791861213646686,0.0005437606061787,False,reinspect,reinspect
3_001_20200707_003402(5),3,2020-07-07 00:34:02,0.9778791314034752,0.0017820557127366,False,reinspect,reinspect
3_001_20200707_043717(1),3,2020-07-07 04:37:17,0.9785087885853252,0.0010288449053533,False,reinspect,reinspect
3_001_20200707_043827(5),3,2020-07-07 04:38:27,0.9791001563088692,0.0004169096228107,False,reinspect,reinspect
3_001_20200707_043842(1),3,2020-07-07 04:38:42,0.9777864302271564,0.000490924772762,False,reinspect,reinspect
3_001_20200707_043856(6),3,2020-07-07 04:38:56,0.978326361279038,0.0010312809615578,False,reinspect,reinspect
3_001_20200707_043900(9),3,2020-07-07 04:39:00,0.9773348598579286,0.0010956159801911,False,reinspect,reinspect
3_001_20200707_044035(7),3,2020-07-07 04:40:35,0.9772855734060468,0.0018717183606014,False,reinspect,reinspect
3_001_20200707_083252(0),3,2020-07-07 08:32:52,0.9819774320601112,0.0018063134732307,False,reinspect,reinspect
3_001_20200707_083254(7),3,2020-07-07 08:32:54,0.9783889435807605,0.0004862313762509,False,reinspect,reinspect
3_001_20200707_083257(4),3,2020-07-07 08:32:57,0.9776491133734846,0.0004156476427116,False,reinspect,reinspect
3_001_20200707_083259(9),3,2020-07-07 08:32:59,0.9765530316482472,0.0009657184295815,False,reinspect,reinspect
3_001_20200707_083302(4),3,2020-07-07 08:33:02,0.9797468162393592,0.0012423325234937,False,reinspect,reinspect
3_001_20200707_083305(1),3,2020-07-07 08:33:05,0.9799788202658224,0.0031388745465405,False,reinspect,reinspect
3_001_20200707_123433(4),3,2020-07-07 12:34:33,0.978880662916993,0.0020010705901142,False,reinspect,reinspect
3_001_20200707_123441(2),3,2020-07-07 12:34:41,0.9808197089916112,0.0017162174103578,False,reinspect,reinspect
3_001_20200707_123448(9),3,2020-07-07 12:34:48,0.9743298507643804,0.001365060276068,False,reinspect,reinspect
3_001_20200707_123557(9),3,2020-07-07 12:35:57,0.9785268709764536,0.0014249723219803,False,reinspect,reinspect
3_001_20200707_123605(6),3,2020-07-07 12:36:05,0.97723514682928,0.00052770136206,False,reinspect,reinspect
3_001_20200707_123640(2),3,2020-07-07 12:36:40,0.9779193866052944,0.0014139535371399,False,reinspect,reinspect
3_001_20200708_041209(1),3,2020-07-08 04:12:09,0.9747715039051048,0.0007378896296111,False,reinspect,reinspect
3_001_20200708_041212(4),3,2020-07-08 04:12:12,0.980479559626648,0.0017073966507169,False,reinspect,reinspect
3_001_20200708_041219(0),3,2020-07-08 04:12:19,0.979138354197446,0.0008681627914497,False,reinspect,reinspect
3_001_20200708_041228(7),3,2020-07-08 04:12:28,0.9764604409829416,0.0005908308088967,False,reinspect,reinspect
3_001_20200708_041231(7),3,2020-07-08 04:12:31,0.9791899337573758,0.000980009171331,False,reinspect,reinspect
3_001_20200708_093645(7),3,2020-07-08 09:36:45,0.978996854305914,0.0007371713729298,False,reinspect,reinspect
3_001_20200708_093653(4),3,2020-07-08 09:36:53,0.9757429833779891,0.003368056053752,False,reinspect,reinspect
3_001_20200708_093657(4),3,2020-07-08 09:36:57,0.9784986846378044,0.0013197502451012,False,reinspect,reinspect
3_001_20200708_093703(5),3,2020-07-08 09:37:03,0.9772975473776404,0.0025278977603869,False,reinspect,reinspect
3_001_20200708_093714(9),3,2020-07-08 09:37:14,0.9771755889527132,0.0016061208634565,False,reinspect,reinspect
3_001_20200708_093723(4),3,2020-07-08 09:37:23,0.9740182164105412,0.0021152310950701,False,reinspect,reinspect
3_001_20200708_123604(8),3,2020-07-08 12:36:04,0.9758676043431672,0.0007470839902472,False,reinspect,reinspect
3_001_20200708_123620(9),3,2020-07-08 12:36:20,0.9803871948672864,0.0010671759248387,False,reinspect,reinspect
3_001_20200708_123811(1),3,2020-07-08 12:38:11,0.978341614977946,0.0013434194820011,False,reinspect,reinspect
3_001_20200708_123855(3),3,2020-07-08 12:38:55,0.977866261699244,0.0007739964322489,False,reinspect,reinspect
3_001_20200708_123935(2),3,2020-07-08 12:39:35,0.9805173294557886,0.0008845131624617,False,reinspect,reinspect
3_001_20200708_123946(1),3,2020-07-08 12:39:46,0.9732367878602842,0.0012037549129732,False,reinspect,reinspect
3_001_20200708_163845(3),3,2020-07-08 16:38:45,0.9786352608321872,0.0008938994352677,False,reinspect,reinspect
3_001_20200708_163848(2),3,2020-07-08 16:38:48,0.979896128253768,0.0005048957203811,False,reinspect,reinspect
3_001_20200708_163851(0),3,2020-07-08 16:38:51,0.9805861965610012,0.0007285000421128,False,reinspect,reinspect
3_001_20200708_163853(5),3,2020-07-08 16:38:53,0.9776999764401272,0.0023764024282475,False,reinspect,reinspect
3_001_20200708_163856(2),3,2020-07-08 16:38:56,0.9776126328682428,0.0011113613260114,False,reinspect,reinspect
3_001_20200708_163858(9),3,2020-07-08 16:38:58,0.975680392823028,0.0011854801684201,False,reinspect,reinspect
3_001_20200708_203204(7),3,2020-07-08 20:32:04,0.979397615598238,0.0008289248109165,False,reinspect,reinspect
3_001_20200708_203208(3),3,2020-07-08 20:32:08,0.9785265513645298,0.0004273273813206,False,reinspect,reinspect
3_001_20200708_203247(7),3,2020-07-08 20:32:47,0.9751610438638164,0.0004179394221312,False,reinspect,reinspect
3_001_20200708_203804(5),3,2020-07-08 20:38:04,0.9772956369533649,0.0018709093627302,False,reinspect,reinspect
3_001_20200708_203844(8),3,2020-07-08 20:38:44,0.9771420100902444,0.0009823917094864,False,reinspect,reinspect
3_001_20200708_203917(6),3,2020-07-08 20:39:17,0.97539261615339,0.0009270244503462,False,reinspect,reinspect
3_001_20200713_091052(5),3,2020-07-13 09:10:52,0.977732092704074,0.0016144917006555,False,reinspect,reinspect
3_001_20200713_091104(2),3,2020-07-13 09:11:04,0.977845268031162,0.0006868160037302,False,reinspect,reinspect
3_001_20200713_091113(2),3,2020-07-13 09:11:13,0.9778645985165596,0.0005964741216764,False,reinspect,reinspect
3_001_20200713_091125(7),3,2020-07-13 09:11:25,0.979724807289992,0.0005753641326821,False,reinspect,reinspect
3_001_20200713_091129(5),3,2020-07-13 09:11:29,0.9781151487162826,0.0015235206983699,False,reinspect,reinspect
3_001_20200713_091141(5),3,2020-07-13 09:11:41,0.9723035336872388,0.0013509608448957,False,reinspect,reinspect
3_001_20200713_123019(3),3,2020-07-13 12:30:19,0.974143310645942,0.0022811726173361,False,reinspect,reinspect
3_001_20200713_123032(8),3,2020-07-13 12:30:32,0.976910814494994,0.000581566123405,False,reinspect,reinspect
3_001_20200713_123043(4),3,2020-07-13 12:30:43,0.9785440496502096,0.0010129738137052,False,reinspect,reinspect
3_001_20200713_123049(2),3,2020-07-13 12:30:49,0.9752132699961212,0.001148316211724,False,reinspect,reinspect
3_001_20200713_123108(0),3,2020-07-13 12:31:08,0.9796719073847824,0.0011360203861232,False,reinspect,reinspect
3_001_20200713_123114(3),3,2020-07-13 12:31:14,0.9784488286357858,0.0013388450607697,False,reinspect,reinspect
3_001_20200713_163743(9),3,2020-07-13 16:37:43,0.978597794255452,0.0015953756739304,False,reinspect,reinspect
3_001_20200713_163757(3),3,2020-07-13 16:37:57,0.9770741396686694,0.0009165197045273,False,reinspect,reinspect
3_001_20200713_163904(8),3,2020-07-13 16:39:04,0.9811641398053272,0.001416456694884,False,reinspect,reinspect
3_001_20200713_163925(9),3,2020-07-13 16:39:25,0.9797923103040947,0.0014535930554274,False,reinspect,reinspect
3_001_20200713_163945(4),3,2020-07-13 16:39:45,0.9778135812778326,0.0006415817715778,False,reinspect,reinspect
3_001_20200713_164009(3),3,2020-07-13 16:40:09,0.9817822094387274,0.0015326143333968,False,reinspect,reinspect
3_001_20200713_202630(0),3,2020-07-13 20:26:30,0.9791209652307988,0.0015294844460073,False,reinspect,reinspect
3_001_20200713_202634(5),3,2020-07-13 20:26:34,0.9784303016342112,0.0007061471704526,False,reinspect,reinspect
3_001_20200713_202639(1),3,2020-07-13 20:26:39,0.9791677044317963,0.0007797144533442,False,reinspect,reinspect
3_001_20200713_202643(6),3,2020-07-13 20:26:43,0.9799040450804516,0.0015326199573088,False,reinspect,reinspect
3_001_20200713_202648(2),3,2020-07-13 20:26:48,0.9786540508499308,0.0017159262983422,False,reinspect,reinspect
3_001_20200713_202652(6),3,2020-07-13 20:26:52,0.9811449078010792,0.0004651487405849,False,reinspect,reinspect
3_001_20200714_003045(4),3,2020-07-14 00:30:45,0.9797279795280316,0.0014131200954035,False,reinspect,reinspect
3_001_20200714_003052(4),3,2020-07-14 00:30:52,0.979387647188863,0.0018220652441137,False,reinspect,reinspect
3_001_20200714_003110(6),3,2020-07-14 00:31:10,0.9803610714290188,0.0015818359446971,False,reinspect,reinspect
3_001_20200714_003118(1),3,2020-07-14 00:31:18,0.9775264546100402,0.0007121582114752,False,reinspect,reinspect
3_001_20200714_003133(7),3,2020-07-14 00:31:33,0.9750526599464135,0.0018778782310642,False,reinspect,reinspect
3_001_20200714_003137(8),3,2020-07-14 00:31:37,0.9792975254306778,0.0004445188859453,False,reinspect,reinspect
3_001_20200714_042943(8),3,2020-07-14 04:29:43,0.98095435055339,0.0005603450524179,False,reinspect,reinspect
3_001_20200714_042948(4),3,2020-07-14 04:29:48,0.9811420175070036,0.0004090000571699,False,reinspect,reinspect
3_001_20200714_042957(3),3,2020-07-14 04:29:57,0.978522433696998,0.0015943505637708,False,reinspect,reinspect
3_001_20200714_043001(8),3,2020-07-14 04:30:01,0.9789296323145223,0.0004969826919763,False,reinspect,reinspect
3_001_20200714_043006(2),3,2020-07-14 04:30:06,0.973915616183864,0.0018751400162697,False,reinspect,reinspect
3_001_20200714_043010(8),3,2020-07-14 04:30:10,0.9793245629421424,0.000880568152477,False,reinspect,reinspect
3_001_20200714_084009(9),3,2020-07-14 08:40:09,0.9757966646714352,0.0007571202389393,False,reinspect,reinspect
3_001_20200714_084013(3),3,2020-07-14 08:40:13,0.9785135947264322,0.0015592064896139,False,reinspect,reinspect
3_001_20200714_084020(1),3,2020-07-14 08:40:20,0.977842603096384,0.0018731849613226,False,reinspect,reinspect
3_001_20200714_084027(0),3,2020-07-14 08:40:27,0.9788242697983488,0.0011191768356005,False,reinspect,reinspect
3_001_20200714_084047(6),3,2020-07-14 08:40:47,0.9796542396691948,0.0018191472412483,False,reinspect,reinspect
3_001_20200714_084106(0),3,2020-07-14 08:41:06,0.9800014399095968,0.0004939206902525,False,reinspect,reinspect
3_001_20200714_123235(9),3,2020-07-14 12:32:35,0.9803437534072206,0.0012549091547532,False,reinspect,reinspect
3_001_20200714_123240(4),3,2020-07-14 12:32:40,0.974676152031696,0.0017124551275738,False,reinspect,reinspect
3_001_20200714_123244(9),3,2020-07-14 12:32:44,0.9771869474202216,0.003128037330602,False,reinspect,reinspect
3_001_20200714_123249(5),3,2020-07-14 12:32:49,0.9772806531097464,0.0008159137199116,False,reinspect,reinspect
3_001_20200714_123253(9),3,2020-07-14 12:32:53,0.9750808456769156,0.0013686460668996,False,reinspect,reinspect
3_001_20200714_123258(4),3,2020-07-14 12:32:58,0.9770108262518092,0.0015231732474485,False,reinspect,reinspect
3_001_20200714_163058(0),3,2020-07-14 16:30:58,0.979889087176526,0.0013413654110179,False,reinspect,reinspect
3_001_20200714_163100(9),3,2020-07-14 16:31:00,0.976521260890156,0.0016916198773828,False,reinspect,reinspect
3_001_20200714_163104(1),3,2020-07-14 16:31:04,0.97784170831762,0.0012009168206596,False,reinspect,reinspect
3_001_20200714_163107(2),3,2020-07-14 16:31:07,0.9771012664437836,0.0013036807143168,False,reinspect,reinspect
3_001_20200714_163110(3),3,2020-07-14 16:31:10,0.9756988745132849,0.0020209401888852,False,reinspect,reinspect
3_001_20200714_163113(3),3,2020-07-14 16:31:13,0.9795089609906916,0.0009551957024317,False,reinspect,reinspect
3_001_20200714_225902(4),3,2020-07-14 22:59:02,0.9783694712704682,0.0014256007948769,False,reinspect,reinspect
3_001_20200714_225906(4),3,2020-07-14 22:59:06,0.9770477691822907,0.0009310127540018,False,reinspect,reinspect
3_001_20200714_225909(9),3,2020-07-14 22:59:09,0.9752225731121488,0.0019425670447182,False,reinspect,reinspect
3_001_20200714_225913(0),3,2020-07-14 22:59:13,0.9798456903050012,0.0005035185178333,False,reinspect,reinspect
3_001_20200714_225916(1),3,2020-07-14 22:59:16,0.9760645219979024,0.000911205994321,False,reinspect,reinspect
3_001_20200714_225919(2),3,2020-07-14 22:59:19,0.9784145562315634,0.0051915821452498,False,reinspect,reinspect
3_001_20200715_002651(8),3,2020-07-15 00:26:51,0.9814001602068904,0.0020459080963444,False,reinspect,reinspect
3_001_20200715_002656(3),3,2020-07-15 00:26:56,0.9796754197205072,0.0004590079875548,False,reinspect,reinspect
3_001_20200715_002700(8),3,2020-07-15 00:27:00,0.977709274757523,0.000551901751588,False,reinspect,reinspect
3_001_20200715_002705(1),3,2020-07-15 00:27:05,0.9796773066279452,0.000868411708901,False,reinspect,reinspect
3_001_20200715_002709(8),3,2020-07-15 00:27:09,0.9753047625917995,0.0015044123350428,False,reinspect,reinspect
3_001_20200715_002714(2),3,2020-07-15 00:27:14,0.9818988869894733,0.0021720280059705,False,reinspect,reinspect
3_001_20200715_042104(4),3,2020-07-15 04:21:04,0.9791705817161686,0.0001811407894025,False,reinspect,reinspect
3_001_20200715_042108(8),3,2020-07-15 04:21:08,0.9752236403417824,0.0017203690848056,False,reinspect,reinspect
3_001_20200715_042113(4),3,2020-07-15 04:21:13,0.980966388541177,0.0015911135961525,False,reinspect,reinspect
3_001_20200715_042118(0),3,2020-07-15 04:21:18,0.9772989090940356,0.0003709102268121,False,reinspect,reinspect
3_001_20200715_042122(5),3,2020-07-15 04:21:22,0.978972844738995,0.0007981343439114,False,reinspect,reinspect
3_001_20200715_042127(0),3,2020-07-15 04:21:27,0.980439445194758,0.0011085304547716,False,reinspect,reinspect
3_001_20200715_083509(3),3,2020-07-15 08:35:09,0.9771151657745224,0.0009699457650774,False,reinspect,reinspect
3_001_20200715_083513(8),3,2020-07-15 08:35:13,0.9812989217798056,0.0007811438553552,False,reinspect,reinspect
3_001_20200715_083518(2),3,2020-07-15 08:35:18,0.9790466041227798,0.0007381660637155,False,reinspect,reinspect
3_001_20200715_083522(7),3,2020-07-15 08:35:22,0.9784499690999678,0.0006403940055241,False,reinspect,reinspect
3_001_20200715_083527(3),3,2020-07-15 08:35:27,0.9788523918845656,0.0008662504069503,False,reinspect,reinspect
3_001_20200715_083531(8),3,2020-07-15 08:35:31,0.979701878910294,0.0005117920788042,False,reinspect,reinspect
3_001_20200721_163828(2),3,2020-07-21 16:38:28,0.9723195537774894,0.0054475198016228,False,reinspect,reinspect
3_001_20200721_163831(6),3,2020-07-21 16:38:31,0.9411647131364516,0.0153447381538175,False,pass,reinspect
3_001_20200721_163835(0),3,2020-07-21 16:38:35,0.9624334744327286,0.0082710980920679,False,reinspect,reinspect
3_001_20200721_163838(2),3,2020-07-21 16:38:38,0.9492224981971495,0.0033008235968617,False,reinspect,reinspect
3_001_20200721_163841(6),3,2020-07-21 16:38:41,0.9046152313227168,0.009686919921993,False,pass,reinspect
3_001_20200721_163845(0),3,2020-07-21 16:38:45,0.9596078478964098,0.0051921848344935,False,reinspect,reinspect
3_001_20200722_003342(7),3,2020-07-22 00:33:42,0.9766691150851164,0.0009214403959551,False,reinspect,reinspect
3_001_20200722_003351(5),3,2020-07-22 00:33:51,0.9718413406689834,0.0029455615521445,False,reinspect,reinspect
3_001_20200722_043531(1),3,2020-07-22 04:35:31,0.9534685001313692,0.0066703213855003,False,reinspect,reinspect
3_001_20200722_043535(5),3,2020-07-22 04:35:35,0.978347158089778,0.0032871334758164,False,reinspect,reinspect
3_001_20200722_083525(2),3,2020-07-22 08:35:25,0.9802817371994906,0.0041947944747959,False,reinspect,reinspect
3_001_20200722_083529(6),3,2020-07-22 08:35:29,0.9756700747602636,0.0012695858819376,False,reinspect,reinspect
3_001_20200722_131315(1),3,2020-07-22 13:13:15,0.9409518939926548,0.009022449370632,False,pass,reinspect
3_001_20200722_131319(5),3,2020-07-22 13:13:19,0.9542132678760028,0.0111843887997581,False,reinspect,reinspect
3_001_20200722_163247(7),3,2020-07-22 16:32:47,0.9383549815446564,0.0141304101638042,False,pass,reinspect
3_001_20200722_163255(2),3,2020-07-22 16:32:55,0.9575310519476612,0.0045083603740804,False,reinspect,reinspect
3_001_20200723_003047(2),3,2020-07-23 00:30:47,0.9668825839322722,0.0058868851550602,False,reinspect,reinspect
3_001_20200723_003051(9),3,2020-07-23 00:30:51,0.9716383473041036,0.0015125332957429,False,reinspect,reinspect
3_001_20200723_043303(9),3,2020-07-23 04:33:03,0.9795773868713338,0.0008421201006176,False,reinspect,reinspect
3_001_20200723_043308(5),3,2020-07-23 04:33:08,0.9565930899137182,0.0229319656604495,False,reinspect,reinspect
3_001_20200723_082647(1),3,2020-07-23 08:26:47,0.961615266817906,0.0104957731014004,False,reinspect,reinspect
3_001_20200723_082651(6),3,2020-07-23 08:26:51,0.968206194829688,0.0033634352789866,False,reinspect,reinspect
3_001_20200723_123426(4),3,2020-07-23 12:34:26,0.963068498507769,0.01199480327016,False,reinspect,reinspect
3_001_20200723_123428(2),3,2020-07-23 12:34:28,0.9761015117101216,0.0024488637831177,False,reinspect,reinspect
3_001_20200723_163233(0),3,2020-07-23 16:32:33,0.9374794195689902,0.0102931427390374,False,pass,reinspect
3_001_20200723_163243(6),3,2020-07-23 16:32:43,0.9575350282257632,0.0063383360838998,False,reinspect,reinspect
3_001_20200723_203353(2),3,2020-07-23 20:33:53,0.9808488833415128,0.0008499710565833,False,reinspect,reinspect
3_001_20200723_203357(7),3,2020-07-23 20:33:57,0.9234442157578792,0.0140470527731047,False,pass,reinspect
3_001_20200724_003201(1),3,2020-07-24 00:32:01,0.9689592708216532,0.0054421650089818,False,reinspect,reinspect
3_001_20200724_003210(1),3,2020-07-24 00:32:10,0.9740384325742686,0.0024233210912231,False,reinspect,reinspect
3_001_20200727_091913(0),3,2020-07-27 09:19:13,0.9423223617106302,0.0196048769306507,False,pass,reinspect
3_001_20200727_091915(2),3,2020-07-27 09:19:15,0.9544414034880178,0.0102648952398063,False,reinspect,reinspect
3_001_20200727_123118(0),3,2020-07-27 12:31:18,0.9798959401567352,0.0007125875394402,False,reinspect,reinspect
3_001_20200727_123121(5),3,2020-07-27 12:31:21,0.9788506164684078,0.0006870870642839,False,reinspect,reinspect
3_001_20200727_163532(4),3,2020-07-27 16:35:32,0.963581870940568,0.0055187993776477,False,reinspect,reinspect
3_001_20200727_163538(3),3,2020-07-27 16:35:38,0.925384359921102,0.0052007785143292,False,pass,reinspect
3_001_20200810_085047(2),3,2020-08-10 08:50:47,0.977624778571876,0.0014084266294256,False,reinspect,reinspect
3_001_20200814_043345(8),3,2020-08-14 04:33:45,0.9700028305303678,0.0044816135549078,False,reinspect,reinspect
3_001_20200818_123638(1),3,2020-08-18 12:36:38,0.9683325960528644,0.0037054272695834,False,reinspect,reinspect
3_001_20200819_162727(9),3,2020-08-19 16:27:27,0.9645719394658456,0.0076195062584526,False,reinspect,reinspect
3_001_20200831_123324(1),3,2020-08-31 12:33:24,0.9723795139535276,0.0029755329094199,False,reinspect,reinspect
3_001_20200831_163330(7),3,2020-08-31 16:33:30,0.9766264605096968,0.0045190395894981,False,reinspect,reinspect
3_001_20200831_163332(1),3,2020-08-31 16:33:32,0.980130187603557,0.0006787580106839,False,reinspect,reinspect
3_001_20200831_203249(0),3,2020-08-31 20:32:49,0.9705773030047397,0.0107510027745035,False,reinspect,reinspect
3_001_20200831_203253(5),3,2020-08-31 20:32:53,0.9342627042604992,0.0063488672171079,False,pass,reinspect
3_001_20200901_003429(1),3,2020-09-01 00:34:29,0.9698244894673672,0.0069085287138884,False,reinspect,reinspect
3_001_20200901_003433(7),3,2020-09-01 00:34:33,0.9700545546531076,0.0043194124923692,False,reinspect,reinspect
3_001_20200901_003438(1),3,2020-09-01 00:34:38,0.9754292237052232,0.001799540875506,False,reinspect,reinspect
3_001_20200901_003442(7),3,2020-09-01 00:34:42,0.9420687318060408,0.0081775662499128,False,pass,reinspect
3_001_20200901_003447(1),3,2020-09-01 00:34:47,0.948302907479426,0.053883138474351,False,reinspect,reinspect
3_001_20200901_003451(7),3,2020-09-01 00:34:51,0.976032468803684,0.0128670434106616,False,reinspect,reinspect
3_001_20200901_043410(8),3,2020-09-01 04:34:10,0.9675004484097732,0.0037106602710653,False,reinspect,reinspect
3_001_20200901_043415(3),3,2020-09-01 04:34:15,0.976173756957332,0.0030282133830397,False,reinspect,reinspect
3_001_20200901_043419(9),3,2020-09-01 04:34:19,0.9384315603777252,0.0182540836759798,False,pass,reinspect
3_001_20200901_043424(4),3,2020-09-01 04:34:24,0.9774357291513744,0.000863735739206,False,reinspect,reinspect
3_001_20200901_043428(8),3,2020-09-01 04:34:28,0.976793890496706,0.0008341217810115,False,reinspect,reinspect
3_001_20200901_043433(3),3,2020-09-01 04:34:33,0.9783443677464844,0.0010271460706007,False,reinspect,reinspect
3_001_20200901_083346(7),3,2020-09-01 08:33:46,0.9749656795866556,0.0021025231085979,False,reinspect,reinspect
3_001_20200901_083356(1),3,2020-09-01 08:33:56,0.9702467592545934,0.002782226350644,False,reinspect,reinspect
3_001_20200901_083422(0),3,2020-09-01 08:34:22,0.9781984277806774,0.0026837543030514,False,reinspect,reinspect
3_001_20200901_083438(5),3,2020-09-01 08:34:38,0.9725073599443768,0.0033171289639154,False,reinspect,reinspect
3_001_20200901_083442(9),3,2020-09-01 08:34:42,0.9698857893442174,0.0088621096109749,False,reinspect,reinspect
3_001_20200901_083502(5),3,2020-09-01 08:35:02,0.9760602202031742,0.0002160016302038,False,reinspect,reinspect
3_001_20200901_123053(8),3,2020-09-01 12:30:53,0.9661491959754576,0.0036471786311473,False,reinspect,reinspect
3_001_20200901_123056(9),3,2020-09-01 12:30:56,0.9795139831822834,0.0006137120381547,False,reinspect,reinspect
3_001_20200901_123100(2),3,2020-09-01 12:31:00,0.9742202356172756,0.002361025271746,False,reinspect,reinspect
3_001_20200901_123103(2),3,2020-09-01 12:31:03,0.9572108316948648,0.0094930270072068,False,reinspect,reinspect
3_001_20200901_123106(4),3,2020-09-01 12:31:06,0.9465058579238697,0.0110360963202489,False,pass,reinspect
3_001_20200901_123109(7),3,2020-09-01 12:31:09,0.9337363457822212,0.0072570365545759,False,pass,reinspect
3_001_20200904_230425(6),3,2020-09-04 23:04:25,0.978994810345656,0.0007185011480161,False,reinspect,reinspect
3_001_20200904_230429(3),3,2020-09-04 23:04:29,0.970702942964264,0.004942572027241,False,reinspect,reinspect
3_001_20200904_230433(1),3,2020-09-04 23:04:33,0.9719536289336924,0.0057833731709212,False,reinspect,reinspect
3_001_20200904_230437(0),3,2020-09-04 23:04:37,0.967667928912785,0.0042481558126941,False,reinspect,reinspect
3_001_20200904_230440(7),3,2020-09-04 23:04:40,0.9648243645114952,0.0052877335613885,False,reinspect,reinspect
3_001_20200904_230444(3),3,2020-09-04 23:04:44,0.9627744397780096,0.0056912627746072,False,reinspect,reinspect
3_001_20200905_003911(9),3,2020-09-05 00:39:11,0.9604925911907604,0.0271598160363508,False,reinspect,reinspect
3_001_20200905_003914(9),3,2020-09-05 00:39:14,0.9762035669757342,0.0052584663110123,False,reinspect,reinspect
3_001_20200905_003918(2),3,2020-09-05 00:39:18,0.9739518762061916,0.0053819849929142,False,reinspect,reinspect
3_001_20200905_003921(2),3,2020-09-05 00:39:21,0.958125600809323,0.0103843225129137,False,reinspect,reinspect
3_001_20200905_003924(3),3,2020-09-05 00:39:24,0.9773808523710564,0.006306873592267,False,reinspect,reinspect
3_001_20200905_003927(3),3,2020-09-05 00:39:27,0.92784581319904,0.0142904496787337,False,pass,reinspect
3_001_20200905_043356(8),3,2020-09-05 04:33:56,0.9723625764316866,0.0024883541269041,False,reinspect,reinspect
3_001_20200905_043359(9),3,2020-09-05 04:33:59,0.9789506584642692,0.0036399750780231,False,reinspect,reinspect
3_001_20200905_043402(9),3,2020-09-05 04:34:02,0.9614180298906734,0.0076332587320682,False,reinspect,reinspect
3_001_20200905_043406(0),3,2020-09-05 04:34:06,0.9510288717150672,0.0106286023807799,False,reinspect,reinspect
3_001_20200905_043409(3),3,2020-09-05 04:34:09,0.9707057767422936,0.0052670310993186,False,reinspect,reinspect
3_001_20200905_043412(3),3,2020-09-05 04:34:12,0.9773056188207389,0.0007972434586255,False,reinspect,reinspect
3_001_20200905_083552(0),3,2020-09-05 08:35:52,0.9713460293511698,0.0041499692942631,False,reinspect,reinspect
3_001_20200905_083555(2),3,2020-09-05 08:35:55,0.9808589726959474,0.0015667667548087,False,reinspect,reinspect
3_001_20200905_083558(2),3,2020-09-05 08:35:58,0.9787510832566978,0.0009823013028985,False,reinspect,reinspect
3_001_20200905_083603(0),3,2020-09-05 08:36:03,0.9715636489353856,0.004423419418114,False,reinspect,reinspect
3_001_20200905_083606(6),3,2020-09-05 08:36:06,0.9802685305489034,0.0007364368487549,False,reinspect,reinspect
3_001_20200905_083609(7),3,2020-09-05 08:36:09,0.9685142325740294,0.0065204971507842,False,reinspect,reinspect
3_001_20200905_123258(6),3,2020-09-05 12:32:58,0.970883184862936,0.0038928928950138,False,reinspect,reinspect
3_001_20200905_123303(2),3,2020-09-05 12:33:03,0.9757332930703864,0.00218801616227,False,reinspect,reinspect
3_001_20200905_123307(6),3,2020-09-05 12:33:07,0.97930763551379,0.0012195177125414,False,reinspect,reinspect
3_001_20200905_123312(1),3,2020-09-05 12:33:12,0.9592061017548632,0.0078707308937902,False,reinspect,reinspect
3_001_20200905_123316(6),3,2020-09-05 12:33:16,0.9503496254059288,0.013098108736591,False,reinspect,reinspect
3_001_20200905_123321(0),3,2020-09-05 12:33:21,0.9729756147543356,0.0042715864140313,False,reinspect,reinspect
3_001_20200905_164117(6),3,2020-09-05 16:41:17,0.9674595796742468,0.0050068935690762,False,reinspect,reinspect
3_001_20200905_164122(0),3,2020-09-05 16:41:22,0.9713458538193988,0.0040489653680018,False,reinspect,reinspect
3_001_20200905_164126(5),3,2020-09-05 16:41:26,0.9605795208864896,0.0047436222920045,False,reinspect,reinspect
3_001_20200905_164131(0),3,2020-09-05 16:41:31,0.972908469247102,0.0066844629971626,False,reinspect,reinspect
3_001_20200905_164135(4),3,2020-09-05 16:41:35,0.9795771331802192,0.0020046750677379,False,reinspect,reinspect
3_001_20200905_164140(0),3,2020-09-05 16:41:40,0.9805241925998578,0.0012370765257921,False,reinspect,reinspect
3_001_20200905_204255(4),3,2020-09-05 20:42:55,0.9767523245005176,0.0020514177234846,False,reinspect,reinspect
3_001_20200905_204300(0),3,2020-09-05 20:43:00,0.9779270339324704,0.0052762753542522,False,reinspect,reinspect
3_001_20200905_204304(5),3,2020-09-05 20:43:04,0.9797424122418232,0.0007650894245606,False,reinspect,reinspect
3_001_20200905_204309(0),3,2020-09-05 20:43:09,0.9799780344031632,0.0014845739999974,False,reinspect,reinspect
3_001_20200905_204313(4),3,2020-09-05 20:43:13,0.9736934090907432,0.0025537859289152,False,reinspect,reinspect
3_001_20200905_204317(9),3,2020-09-05 20:43:17,0.9772158997742476,0.0082832692860915,False,reinspect,reinspect
3_001_20200907_185040(2),3,2020-09-07 18:50:40,0.96677416225866,0.0046559064019992,False,reinspect,reinspect
3_001_20200907_185043(2),3,2020-09-07 18:50:43,0.9780883672866988,0.0010099092948724,False,reinspect,reinspect
3_001_20200907_185046(1),3,2020-09-07 18:50:46,0.9634421482667508,0.0080902716402634,False,reinspect,reinspect
3_001_20200907_185049(1),3,2020-09-07 18:50:49,0.9537703544601726,0.0077007305726859,False,reinspect,reinspect
3_001_20200907_185052(1),3,2020-09-07 18:50:52,0.972405263120962,0.0011969044652753,False,reinspect,reinspect
3_001_20200907_185055(2),3,2020-09-07 18:50:55,0.977273820224324,0.0031120597706264,False,reinspect,reinspect
3_001_20200907_204437(0),3,2020-09-07 20:44:37,0.9708209696609218,0.0061619142143456,False,reinspect,reinspect
3_001_20200907_204440(2),3,2020-09-07 20:44:40,0.9793513279739348,0.0017191850970567,False,reinspect,reinspect
3_001_20200907_204443(2),3,2020-09-07 20:44:43,0.9823732451573668,0.0017979237029711,False,reinspect,reinspect
3_001_20200907_204446(0),3,2020-09-07 20:44:46,0.9660067755655944,0.0050303826640174,False,reinspect,reinspect
3_001_20200907_204448(8),3,2020-09-07 20:44:48,0.9719100206624164,0.0037376285886915,False,reinspect,reinspect
3_001_20200907_204451(8),3,2020-09-07 20:44:51,0.9807013864122835,0.0011752948242926,False,reinspect,reinspect
3_001_20200908_003050(8),3,2020-09-08 00:30:50,0.9653349947286118,0.0036349189738295,False,reinspect,reinspect
3_001_20200908_003059(1),3,2020-09-08 00:30:59,0.9397565000283437,0.0071140934970779,False,pass,reinspect
3_001_20200908_003103(1),3,2020-09-08 00:31:03,0.9789735111722946,0.0026367718002931,False,reinspect,reinspect
3_001_20200908_003107(4),3,2020-09-08 00:31:07,0.9768942019500586,0.0027654192530878,False,reinspect,reinspect
3_001_20200908_003111(1),3,2020-09-08 00:31:11,0.9755339284235988,0.0020434218544057,False,reinspect,reinspect
3_001_20200908_003115(2),3,2020-09-08 00:31:15,0.9810510416581196,0.0006600498919665,False,reinspect,reinspect
3_001_20200908_043328(0),3,2020-09-08 04:33:28,0.961175386410624,0.0031502833492003,False,reinspect,reinspect
3_001_20200908_043332(2),3,2020-09-08 04:33:32,0.9702693387718384,0.0160474758195239,False,reinspect,reinspect
3_001_20200908_043336(7),3,2020-09-08 04:33:36,0.9744109085729058,0.0019877830230957,False,reinspect,reinspect
3_001_20200908_043341(4),3,2020-09-08 04:33:41,0.980268477532694,0.0003377502988836,False,reinspect,reinspect
3_001_20200908_043345(8),3,2020-09-08 04:33:45,0.981199319172886,0.0020657094089205,False,reinspect,reinspect
3_001_20200908_043350(5),3,2020-09-08 04:33:50,0.9621855680099348,0.0033289004907925,False,reinspect,reinspect
3_001_20200912_021546(2),3,2020-09-12 02:15:46,0.9791041184536168,0.0003789027294557,False,reinspect,reinspect
3_001_20200912_021549(3),3,2020-09-12 02:15:49,0.9658886077812644,0.0021374451992592,False,reinspect,reinspect
3_001_20200912_021552(4),3,2020-09-12 02:15:52,0.9797806379728546,0.0008305288909799,False,reinspect,reinspect
3_001_20200912_021555(0),3,2020-09-12 02:15:55,0.9783106734869608,0.0014066149208443,False,reinspect,reinspect
3_001_20200912_021601(0),3,2020-09-12 02:16:01,0.9756756572431716,0.0022327949235462,False,reinspect,reinspect
3_001_20200912_021604(3),3,2020-09-12 02:16:04,0.9648743077186918,0.0042593981723328,False,reinspect,reinspect
3_001_20200912_043256(0),3,2020-09-12 04:32:56,0.967823871622854,0.0038676441846418,False,reinspect,reinspect
3_001_20200912_043259(2),3,2020-09-12 04:32:59,0.9604433247021592,0.0042555345757456,False,reinspect,reinspect
3_001_20200912_043302(3),3,2020-09-12 04:33:02,0.9671053501941328,0.0046177091339128,False,reinspect,reinspect
3_001_20200912_043304(9),3,2020-09-12 04:33:04,0.979060707531251,0.0010124644812896,False,reinspect,reinspect
3_001_20200912_043307(9),3,2020-09-12 04:33:07,0.9590606614575572,0.0071014488015067,False,reinspect,reinspect
3_001_20200912_043310(9),3,2020-09-12 04:33:10,0.9670867986376916,0.0051081242061936,False,reinspect,reinspect
3_001_20200912_123123(1),3,2020-09-12 12:31:23,0.9679684558847986,0.0017727351199202,False,reinspect,reinspect
3_001_20200912_123126(0),3,2020-09-12 12:31:26,0.9652864555859728,0.0045028818058067,False,reinspect,reinspect
3_001_20200912_123129(3),3,2020-09-12 12:31:29,0.9789129227172476,0.0009515790453204,False,reinspect,reinspect
3_001_20200912_123132(4),3,2020-09-12 12:31:32,0.9760964715858088,0.0016295767751414,False,reinspect,reinspect
3_001_20200912_123135(5),3,2020-09-12 12:31:35,0.9464858167356036,0.0056290467546803,False,pass,reinspect
3_001_20200912_123138(5),3,2020-09-12 12:31:38,0.949378603920086,0.0082276848030942,False,reinspect,reinspect
3_001_20200912_163419(0),3,2020-09-12 16:34:19,0.9752981449487594,0.00664042377773,False,reinspect,reinspect
3_001_20200912_163423(5),3,2020-09-12 16:34:23,0.9472255989875537,0.007438823978162,False,pass,reinspect
3_001_20200912_163427(9),3,2020-09-12 16:34:27,0.9778917458158684,0.0015230198513429,False,reinspect,reinspect
3_001_20200912_163432(2),3,2020-09-12 16:34:32,0.9777882712657888,0.0015548662772987,False,reinspect,reinspect
3_001_20200912_163436(7),3,2020-09-12 16:34:36,0.970043675031905,0.004961979211982,False,reinspect,reinspect
3_001_20200912_163441(0),3,2020-09-12 16:34:41,0.9429707409743175,0.0091583415836213,False,pass,reinspect
3_001_20200912_202811(1),3,2020-09-12 20:28:11,0.9541339425465034,0.0092425289105718,False,reinspect,reinspect
3_001_20200912_202815(6),3,2020-09-12 20:28:15,0.9752886127620508,0.0021959820077382,False,reinspect,reinspect
3_001_20200912_202820(0),3,2020-09-12 20:28:20,0.9692513170260924,0.0038738848062564,False,reinspect,reinspect
3_001_20200912_202824(6),3,2020-09-12 20:28:24,0.9640561628180172,0.0036319417977898,False,reinspect,reinspect
3_001_20200912_202829(2),3,2020-09-12 20:28:29,0.9656425862795024,0.0092250636748759,False,reinspect,reinspect
3_001_20200912_202833(7),3,2020-09-12 20:28:33,0.9751133642494816,0.0021474952444473,False,reinspect,reinspect
3_001_20200914_083101(5),3,2020-09-14 08:31:01,0.9687043357267036,0.0052622343120649,False,reinspect,reinspect
3_001_20200914_083105(1),3,2020-09-14 08:31:05,0.9599887741603402,0.0088726212810838,False,reinspect,reinspect
3_001_20200914_083108(8),3,2020-09-14 08:31:08,0.9723358854988458,0.0186482492409864,False,reinspect,reinspect
3_001_20200914_083111(5),3,2020-09-14 08:31:11,0.9613973087208624,0.0041757230384111,False,reinspect,reinspect
3_001_20200914_083114(5),3,2020-09-14 08:31:14,0.9629168536875466,0.0073100028716704,False,reinspect,reinspect
3_001_20200914_083117(5),3,2020-09-14 08:31:17,0.9663807438920988,0.0030682070208631,False,reinspect,reinspect
3_001_20200914_124151(5),3,2020-09-14 12:41:51,0.9810381665508472,0.0007206475383703,False,reinspect,reinspect
3_001_20200914_124155(9),3,2020-09-14 12:41:55,0.9764441197852408,0.0033362648563297,False,reinspect,reinspect
3_001_20200914_124200(5),3,2020-09-14 12:42:00,0.973369053011348,0.0039905409185697,False,reinspect,reinspect
3_001_20200914_124205(0),3,2020-09-14 12:42:05,0.9704593790975288,0.0031228160157126,False,reinspect,reinspect
3_001_20200914_124209(5),3,2020-09-14 12:42:09,0.9784133860726284,0.0019005685779624,False,reinspect,reinspect
3_001_20200914_124214(0),3,2020-09-14 12:42:14,0.971834713735926,0.0016180718612734,False,reinspect,reinspect
3_001_20200914_163305(1),3,2020-09-14 16:33:05,0.9728658588486662,0.0041571064967915,False,reinspect,reinspect
3_001_20200914_163315(7),3,2020-09-14 16:33:15,0.9804486016616948,0.0008724348331191,False,reinspect,reinspect
3_001_20200914_163320(2),3,2020-09-14 16:33:20,0.9801518929688152,0.0004581179633215,False,reinspect,reinspect
3_001_20200914_163324(7),3,2020-09-14 16:33:24,0.9732439457380412,0.0049303189769243,False,reinspect,reinspect
3_001_20200914_163333(8),3,2020-09-14 16:33:33,0.9749422707487508,0.0019804423479828,False,reinspect,reinspect
3_001_20200914_163338(3),3,2020-09-14 16:33:38,0.9783239475906472,0.0017122968445228,False,reinspect,reinspect
3_001_20200914_203322(0),3,2020-09-14 20:33:22,0.9706694690787876,0.0031958559038119,False,reinspect,reinspect
3_001_20200914_203326(4),3,2020-09-14 20:33:26,0.920773771980944,0.0153020615924145,False,pass,reinspect
3_001_20200914_203330(8),3,2020-09-14 20:33:30,0.9385480995652316,0.0067617283606655,False,pass,reinspect
3_001_20200914_203335(4),3,2020-09-14 20:33:35,0.9694377089524016,0.0044291478339861,False,reinspect,reinspect
3_001_20200914_203340(0),3,2020-09-14 20:33:40,0.9714708534216548,0.0070846331563283,False,reinspect,reinspect
3_001_20200914_203344(4),3,2020-09-14 20:33:44,0.9762504182362778,0.0011948166086711,False,reinspect,reinspect
3_001_20200915_003734(8),3,2020-09-15 00:37:34,0.968304045956444,0.008097799081184,False,reinspect,reinspect
3_001_20200915_003737(5),3,2020-09-15 00:37:37,0.9673993528348116,0.0051127762327868,False,reinspect,reinspect
3_001_20200915_003740(4),3,2020-09-15 00:37:40,0.9758960530211132,0.003527801095814,False,reinspect,reinspect
3_001_20200915_003743(5),3,2020-09-15 00:37:43,0.9640396837904566,0.0055964429679603,False,reinspect,reinspect
3_001_20200915_003746(5),3,2020-09-15 00:37:46,0.9481522307205508,0.0052759910534592,False,reinspect,reinspect
3_001_20200915_003749(6),3,2020-09-15 00:37:49,0.9541294920550206,0.0076388775080707,False,reinspect,reinspect
3_001_20200915_043556(4),3,2020-09-15 04:35:56,0.972246014123236,0.0015228238648417,False,reinspect,reinspect
3_001_20200915_043601(0),3,2020-09-15 04:36:01,0.9792033052343904,0.0026255304996705,False,reinspect,reinspect
3_001_20200915_043605(3),3,2020-09-15 04:36:05,0.9144558200743496,0.0151815890575195,False,pass,reinspect
3_001_20200915_043609(9),3,2020-09-15 04:36:09,0.9710248610430172,0.0023667844345102,False,reinspect,reinspect
3_001_20200915_043614(4),3,2020-09-15 04:36:14,0.9716662675348328,0.0061993764617084,False,reinspect,reinspect
3_001_20200915_043618(9),3,2020-09-15 04:36:18,0.973071681990824,0.0111733442745618,False,reinspect,reinspect
3_001_20200915_083241(0),3,2020-09-15 08:32:41,0.9742222090654746,0.0027115960328432,False,reinspect,reinspect
3_001_20200915_083245(4),3,2020-09-15 08:32:45,0.9743040214774316,0.0045551261549188,False,reinspect,reinspect
3_001_20200915_083250(0),3,2020-09-15 08:32:50,0.9778727693315586,0.0013091407852275,False,reinspect,reinspect
3_001_20200915_083254(5),3,2020-09-15 08:32:54,0.9698026198595746,0.0023782580216685,False,reinspect,reinspect
3_001_20200915_083259(0),3,2020-09-15 08:32:59,0.9748604149502124,0.0086282062844833,False,reinspect,reinspect
3_001_20200915_083303(4),3,2020-09-15 08:33:03,0.974705245550251,0.0024580576062921,False,reinspect,reinspect
3_001_20200915_123359(7),3,2020-09-15 12:33:59,0.9606188829687876,0.0052499541807456,False,reinspect,reinspect
3_001_20200915_123404(4),3,2020-09-15 12:34:04,0.9679557911444856,0.0010235399944487,False,reinspect,reinspect
3_001_20200915_123409(0),3,2020-09-15 12:34:09,0.9729638380610192,0.0021644238948463,False,reinspect,reinspect
3_001_20200915_123413(3),3,2020-09-15 12:34:13,0.9799830974654882,0.0019304385811213,False,reinspect,reinspect
3_001_20200915_123417(9),3,2020-09-15 12:34:17,0.9805242538700456,0.0012941767454771,False,reinspect,reinspect
3_001_20200915_123422(2),3,2020-09-15 12:34:22,0.9811774315507352,0.0013995451309526,False,reinspect,reinspect
3_001_20200915_164139(8),3,2020-09-15 16:41:39,0.9336314253108526,0.0077372591710374,False,pass,reinspect
3_001_20200915_164147(9),3,2020-09-15 16:41:47,0.9521833818835092,0.0097047182428738,False,reinspect,reinspect
3_001_20200915_164151(3),3,2020-09-15 16:41:51,0.9232797084040344,0.0337337897457854,False,pass,reinspect
3_001_20200915_164155(7),3,2020-09-15 16:41:55,0.9765238929447208,0.0024884287058149,False,reinspect,reinspect
3_001_20200915_164159(6),3,2020-09-15 16:41:59,0.9742881936534395,0.002254664163218,False,reinspect,reinspect
3_001_20200915_164202(8),3,2020-09-15 16:42:02,0.941672621248951,0.0057688410413085,False,pass,reinspect
3_001_20200915_203430(3),3,2020-09-15 20:34:30,0.9582422557724688,0.0026533789524245,False,reinspect,reinspect
3_001_20200915_203446(9),3,2020-09-15 20:34:46,0.9772219108729012,0.0009981129074324,False,reinspect,reinspect
3_001_20200915_203451(3),3,2020-09-15 20:34:51,0.9793635369638244,0.0009390144507891,False,reinspect,reinspect
3_001_20200915_203455(9),3,2020-09-15 20:34:55,0.9699110162231638,0.0018080892580554,False,reinspect,reinspect
3_001_20200915_203500(5),3,2020-09-15 20:35:00,0.9786927907419752,0.0014320402143581,False,reinspect,reinspect
3_001_20200915_203504(9),3,2020-09-15 20:35:04,0.9766917144078672,0.0020270997491831,False,reinspect,reinspect
3_001_20200916_003358(0),3,2020-09-16 00:33:58,0.9384651187192476,0.0117741833459858,False,pass,reinspect
3_001_20200916_003402(5),3,2020-09-16 00:34:02,0.9750523970039344,0.0019622972792092,False,reinspect,reinspect
3_001_20200916_003407(1),3,2020-09-16 00:34:07,0.9718243437302498,0.0025671365584928,False,reinspect,reinspect
3_001_20200916_003411(6),3,2020-09-16 00:34:11,0.9662690324162868,0.0029878710471736,False,reinspect,reinspect
3_001_20200916_003416(1),3,2020-09-16 00:34:16,0.963870456964122,0.0054315176789124,False,reinspect,reinspect
3_001_20200916_003420(6),3,2020-09-16 00:34:20,0.962178595146936,0.0045435501659788,False,reinspect,reinspect
3_001_20200916_043423(1),3,2020-09-16 04:34:23,0.9780592502680372,0.0023395712807307,False,reinspect,reinspect
3_001_20200916_043427(7),3,2020-09-16 04:34:27,0.9597182691099552,0.0049480501084523,False,reinspect,reinspect
3_001_20200916_043432(0),3,2020-09-16 04:34:32,0.977797898725774,0.0021089723295934,False,reinspect,reinspect
3_001_20200916_043436(2),3,2020-09-16 04:34:36,0.9645694726618604,0.0109754161867005,False,reinspect,reinspect
3_001_20200916_043440(6),3,2020-09-16 04:34:40,0.9728791374060836,0.0038907879537488,False,reinspect,reinspect
3_001_20200916_043445(1),3,2020-09-16 04:34:45,0.9605512835071476,0.0042694655941266,False,reinspect,reinspect
3_001_20200916_083309(1),3,2020-09-16 08:33:09,0.9730015810533972,0.0067782804334464,False,reinspect,reinspect
3_001_20200916_083313(6),3,2020-09-16 08:33:13,0.941379828209802,0.0115630631300067,False,pass,reinspect
3_001_20200916_083318(0),3,2020-09-16 08:33:18,0.9674497314114994,0.0008226781774463,False,reinspect,reinspect
3_001_20200916_083322(4),3,2020-09-16 08:33:22,0.9759065854171562,0.0004218572968696,False,reinspect,reinspect
3_001_20200916_083327(0),3,2020-09-16 08:33:27,0.9428193648207184,0.0118216293953256,False,pass,reinspect
3_001_20200916_083331(6),3,2020-09-16 08:33:31,0.9728355146606326,0.0065418802352109,False,reinspect,reinspect
3_001_20200916_122859(1),3,2020-09-16 12:28:59,0.9436158044932746,0.0144365972519099,False,pass,reinspect
3_001_20200916_122903(5),3,2020-09-16 12:29:03,0.9478279588031404,0.0123487027108766,False,reinspect,reinspect
3_001_20200916_122908(1),3,2020-09-16 12:29:08,0.9659009970283292,0.0021189330588314,False,reinspect,reinspect
3_001_20200916_122912(6),3,2020-09-16 12:29:12,0.9645098943897988,0.0051984384688791,False,reinspect,reinspect
3_001_20200916_122917(1),3,2020-09-16 12:29:17,0.957365622771046,0.0079161208656051,False,reinspect,reinspect
3_001_20200916_122921(6),3,2020-09-16 12:29:21,0.9737432075789616,0.0025532827377014,False,reinspect,reinspect
3_001_20200917_003431(4),3,2020-09-17 00:34:31,0.9796483117906216,0.0015667433009383,False,reinspect,reinspect
3_001_20200917_003434(7),3,2020-09-17 00:34:34,0.9638366493190448,0.0081829153992449,False,reinspect,reinspect
3_001_20200917_003438(0),3,2020-09-17 00:34:38,0.9738417913981054,0.0099849958335819,False,reinspect,reinspect
3_001_20200917_003441(4),3,2020-09-17 00:34:41,0.9780882623259726,0.0018116906248583,False,reinspect,reinspect
3_001_20200917_003444(9),3,2020-09-17 00:34:44,0.9803761518129316,0.0012241940843933,False,reinspect,reinspect
3_001_20200917_003448(2),3,2020-09-17 00:34:48,0.964933649590339,0.0075945224437811,False,reinspect,reinspect
3_001_20200917_084022(3),3,2020-09-17 08:40:22,0.9764488730408762,0.0022708872824693,False,reinspect,reinspect
3_001_20200917_084025(3),3,2020-09-17 08:40:25,0.971573895899919,0.0058953992873344,False,reinspect,reinspect
3_001_20200917_084031(1),3,2020-09-17 08:40:31,0.9620947503322596,0.0040621682805415,False,reinspect,reinspect
3_001_20200917_084034(2),3,2020-09-17 08:40:34,0.9710247311935044,0.0038173399086352,False,reinspect,reinspect
3_001_20200917_084037(3),3,2020-09-17 08:40:37,0.9697040396284764,0.0063339266955879,False,reinspect,reinspect
3_001_20200917_084040(4),3,2020-09-17 08:40:40,0.9800728363653092,0.0008952082443021,False,reinspect,reinspect
3_001_20200917_123309(3),3,2020-09-17 12:33:09,0.968716137452439,0.0013585245172105,False,reinspect,reinspect
3_001_20200917_123313(1),3,2020-09-17 12:33:13,0.9803975738685666,0.0012966680202772,False,reinspect,reinspect
3_001_20200917_123316(8),3,2020-09-17 12:33:16,0.9753595308741256,0.0018794193217137,False,reinspect,reinspect
3_001_20200917_123325(3),3,2020-09-17 12:33:25,0.9776153474174432,0.0015926751051035,False,reinspect,reinspect
3_001_20200917_123329(1),3,2020-09-17 12:33:29,0.9656330147601672,0.0068127586575076,False,reinspect,reinspect
3_001_20200917_123340(7),3,2020-09-17 12:33:40,0.960191376817533,0.0426228883770398,False,reinspect,reinspect
3_001_20200917_163039(1),3,2020-09-17 16:30:39,0.9660211799843932,0.0065855558127341,False,reinspect,reinspect
3_001_20200917_163043(0),3,2020-09-17 16:30:43,0.9749665443082944,0.0106198585641078,False,reinspect,reinspect
3_001_20200917_163046(8),3,2020-09-17 16:30:46,0.9704999733010168,0.0034142396130847,False,reinspect,reinspect
3_001_20200917_163049(9),3,2020-09-17 16:30:49,0.9710664248850496,0.0034284931292827,False,reinspect,reinspect
3_001_20200917_163052(9),3,2020-09-17 16:30:52,0.9480525555261244,0.0077985894523115,False,reinspect,reinspect
3_001_20200917_163109(2),3,2020-09-17 16:31:09,0.9442256924429224,0.0099086057512291,False,pass,reinspect
3_001_20200917_203305(3),3,2020-09-17 20:33:05,0.975341458776892,0.0011809029639189,False,reinspect,reinspect
3_001_20200917_203308(8),3,2020-09-17 20:33:08,0.9300679374809048,0.013352543950995,False,pass,reinspect
3_001_20200917_203312(3),3,2020-09-17 20:33:12,0.9554828908962204,0.0055554483606428,False,reinspect,reinspect
3_001_20200917_203315(7),3,2020-09-17 20:33:15,0.963394395096429,0.0067186496894646,False,reinspect,reinspect
3_001_20200917_203322(3),3,2020-09-17 20:33:22,0.9454556655095088,0.01145400318002,False,pass,reinspect
3_001_20200917_203325(7),3,2020-09-17 20:33:25,0.9363333351261304,0.024900944537493,False,pass,reinspect
3_001_20200918_004019(6),3,2020-09-18 00:40:19,0.973121559885591,0.015191063869258,False,reinspect,reinspect
3_001_20200918_004022(5),3,2020-09-18 00:40:22,0.9702956966084508,0.0026386824937669,False,reinspect,reinspect
3_001_20200918_004025(8),3,2020-09-18 00:40:25,0.96631065816728,0.0032178211893767,False,reinspect,reinspect
3_001_20200918_004029(0),3,2020-09-18 00:40:29,0.8997807758612179,0.0289371981144524,False,pass,reinspect
3_001_20200918_004032(2),3,2020-09-18 00:40:32,0.9791893366694552,0.0023173128033482,False,reinspect,reinspect
3_001_20200918_004036(3),3,2020-09-18 00:40:36,0.980748420901396,0.0003177502449194,False,reinspect,reinspect
3_001_20200918_043556(8),3,2020-09-18 04:35:56,0.9751116634960212,0.0031471431933875,False,reinspect,reinspect
3_001_20200918_043559(9),3,2020-09-18 04:35:59,0.9736517526275223,0.0072279812292165,False,reinspect,reinspect
3_001_20200918_043602(9),3,2020-09-18 04:36:02,0.9567284894460132,0.0115997836812307,False,reinspect,reinspect
3_001_20200918_043606(0),3,2020-09-18 04:36:06,0.9808498172217616,0.0022888393872312,False,reinspect,reinspect
3_001_20200918_043609(2),3,2020-09-18 04:36:09,0.9735412680544552,0.005316488741147,False,reinspect,reinspect
3_001_20200918_043612(4),3,2020-09-18 04:36:12,0.9779475865737712,0.002285644050823,False,reinspect,reinspect
3_001_20200918_083036(8),3,2020-09-18 08:30:36,0.9733843847898476,0.0025129180996577,False,reinspect,reinspect
3_001_20200918_083039(9),3,2020-09-18 08:30:39,0.9764786349828264,0.0031464257451239,False,reinspect,reinspect
3_001_20200918_083042(8),3,2020-09-18 08:30:42,0.9749136596378034,0.0049877739428594,False,reinspect,reinspect
3_001_20200918_083045(5),3,2020-09-18 08:30:45,0.9576564836817388,0.0096493491150083,False,reinspect,reinspect
3_001_20200918_083048(5),3,2020-09-18 08:30:48,0.9459474603330076,0.0159841836146415,False,pass,reinspect
3_001_20200918_083051(4),3,2020-09-18 08:30:51,0.9043633258147517,0.0250597454625101,False,pass,reinspect
3_001_20200918_123033(2),3,2020-09-18 12:30:33,0.9404082293752172,0.0198811588675402,False,pass,reinspect
3_001_20200918_123038(9),3,2020-09-18 12:30:38,0.9483966870314988,0.0035204779979064,False,reinspect,reinspect
3_001_20200918_123042(8),3,2020-09-18 12:30:42,0.969665571819166,0.0073024580522783,False,reinspect,reinspect
3_001_20200918_123046(4),3,2020-09-18 12:30:46,0.9699455453890384,0.0016248184382607,False,reinspect,reinspect
3_001_20200918_123050(1),3,2020-09-18 12:30:50,0.960484148691716,0.0102276823655027,False,reinspect,reinspect
3_001_20200918_123054(1),3,2020-09-18 12:30:54,0.9797527591775628,0.0008824975539312,False,reinspect,reinspect
3_001_20200918_163052(9),3,2020-09-18 16:30:52,0.9738001843561568,0.0037363338053958,False,reinspect,reinspect
3_001_20200918_163056(2),3,2020-09-18 16:30:56,0.9747875601007204,0.0154445222858659,False,reinspect,reinspect
3_001_20200918_163059(3),3,2020-09-18 16:30:59,0.9766725745157904,0.0017298926604158,False,reinspect,reinspect
3_001_20200918_163104(4),3,2020-09-18 16:31:04,0.9748988375564934,0.0043980854317857,False,reinspect,reinspect
3_001_20200918_163107(6),3,2020-09-18 16:31:07,0.8835631738652473,0.0179872916049311,False,pass,reinspect
3_001_20200918_163110(8),3,2020-09-18 16:31:10,0.9725977274321232,0.0029765268360124,False,reinspect,reinspect
3_001_20200921_112114(8),3,2020-09-21 11:21:14,0.9758278671073836,0.0021244130589276,False,reinspect,reinspect
3_001_20200921_112118(0),3,2020-09-21 11:21:18,0.9522860633377742,0.0221261352420808,False,reinspect,reinspect
3_001_20200921_112121(3),3,2020-09-21 11:21:21,0.946516474537572,0.0137717446111831,False,pass,reinspect
3_001_20200921_112127(9),3,2020-09-21 11:21:27,0.9750942204295348,0.002166805982218,False,reinspect,reinspect
3_001_20200921_112145(1),3,2020-09-21 11:21:45,0.957169275380877,0.0112619755961216,False,reinspect,reinspect
3_001_20200921_112148(7),3,2020-09-21 11:21:48,0.97897616749522,0.0020813770618963,False,reinspect,reinspect
3_001_20200921_123501(8),3,2020-09-21 12:35:01,0.965520645398303,0.0036745151362207,False,reinspect,reinspect
3_001_20200921_123506(3),3,2020-09-21 12:35:06,0.9485964462430924,0.0151383379679701,False,reinspect,reinspect
3_001_20200921_123510(8),3,2020-09-21 12:35:10,0.954885946971735,0.0062920321844421,False,reinspect,reinspect
3_001_20200921_123515(3),3,2020-09-21 12:35:15,0.9082675098600616,0.0514054601557372,False,pass,reinspect
3_001_20200921_123524(3),3,2020-09-21 12:35:24,0.952452543597876,0.0159433352483751,False,reinspect,reinspect
3_001_20200921_123528(7),3,2020-09-21 12:35:28,0.96807680527181,0.0162949916163511,False,reinspect,reinspect
3_001_20200921_163325(1),3,2020-09-21 16:33:25,0.9726317662033106,0.0017058602524726,False,reinspect,reinspect
3_001_20200921_163329(4),3,2020-09-21 16:33:29,0.9624012464439924,0.0138142381896365,False,reinspect,reinspect
3_001_20200921_163333(8),3,2020-09-21 16:33:33,0.9778424010519116,0.0049256650068882,False,reinspect,reinspect
3_001_20200921_163338(1),3,2020-09-21 16:33:38,0.97112253213167,0.0124241812045191,False,reinspect,reinspect
3_001_20200921_163342(6),3,2020-09-21 16:33:42,0.975084954292216,0.002443901004297,False,reinspect,reinspect
3_001_20200921_163346(9),3,2020-09-21 16:33:46,0.9452698087627756,0.0105727142117439,False,pass,reinspect
3_001_20200921_202521(5),3,2020-09-21 20:25:21,0.977432305920234,0.0015253813622232,False,reinspect,reinspect
3_001_20200921_202526(0),3,2020-09-21 20:25:26,0.9653367510783823,0.0027205541025421,False,reinspect,reinspect
3_001_20200921_202530(4),3,2020-09-21 20:25:30,0.9617036628776772,0.0056657392349194,False,reinspect,reinspect
3_001_20200921_202534(9),3,2020-09-21 20:25:34,0.927186312621184,0.0267167878993261,False,pass,reinspect
3_001_20200921_202539(4),3,2020-09-21 20:25:39,0.9697073280916712,0.0039206610181269,False,reinspect,reinspect
3_001_20200921_202547(2),3,2020-09-21 20:25:47,0.9778169036119548,0.0065404754717174,False,reinspect,reinspect
3_001_20200922_003308(2),3,2020-09-22 00:33:08,0.9755276268709944,0.0023469406526128,False,reinspect,reinspect
3_001_20200922_003312(7),3,2020-09-22 00:33:12,0.9412325370192468,0.0227228800349466,False,pass,reinspect
3_001_20200922_003317(2),3,2020-09-22 00:33:17,0.966475064726942,0.0050635196185523,False,reinspect,reinspect
3_001_20200922_003321(7),3,2020-09-22 00:33:21,0.9734065137891962,0.0024169347765175,False,reinspect,reinspect
3_001_20200922_003326(6),3,2020-09-22 00:33:26,0.971785551142051,0.0060719920801905,False,reinspect,reinspect
3_001_20200922_003330(7),3,2020-09-22 00:33:30,0.96976908415176,0.0068740187171291,False,reinspect,reinspect
3_001_20200922_043310(0),3,2020-09-22 04:33:10,0.962093812982336,0.0032806606127243,False,reinspect,reinspect
3_001_20200922_043314(4),3,2020-09-22 04:33:14,0.9759677541087703,0.0015385145613253,False,reinspect,reinspect
3_001_20200922_043318(9),3,2020-09-22 04:33:18,0.9684969107988348,0.0029217610042702,False,reinspect,reinspect
3_001_20200922_043323(4),3,2020-09-22 04:33:23,0.9678717142516754,0.0027596383551578,False,reinspect,reinspect
3_001_20200922_043327(8),3,2020-09-22 04:33:27,0.9754852253031586,0.0022302010723195,False,reinspect,reinspect
3_001_20200922_043332(5),3,2020-09-22 04:33:32,0.9692541124202684,0.0016080650142194,False,reinspect,reinspect
3_001_20200922_084020(7),3,2020-09-22 08:40:20,0.9765520781925492,0.0010739110051334,False,reinspect,reinspect
3_001_20200922_084025(1),3,2020-09-22 08:40:25,0.9528042974267604,0.0030500361503058,False,reinspect,reinspect
3_001_20200922_084029(7),3,2020-09-22 08:40:29,0.9787181371818928,0.0026211824225181,False,reinspect,reinspect
3_001_20200922_084034(2),3,2020-09-22 08:40:34,0.9627240087086788,0.0112383428260374,False,reinspect,reinspect
3_001_20200922_084038(7),3,2020-09-22 08:40:38,0.9377134637558951,0.0132280985178868,False,pass,reinspect
3_001_20200922_084043(2),3,2020-09-22 08:40:43,0.9657774529694292,0.0115368808463952,False,reinspect,reinspect
3_001_20200922_122947(8),3,2020-09-22 12:29:47,0.971223491596426,0.0011977251347788,False,reinspect,reinspect
3_001_20200922_122952(4),3,2020-09-22 12:29:52,0.9758041880926488,0.0005706862572293,False,reinspect,reinspect
3_001_20200922_123001(2),3,2020-09-22 12:30:01,0.9818780677982644,0.0008337722212919,False,reinspect,reinspect
3_001_20200922_123005(5),3,2020-09-22 12:30:05,0.969022516298456,0.004124546018218,False,reinspect,reinspect
3_001_20200922_123014(3),3,2020-09-22 12:30:14,0.9652247862810588,0.0012967570797576,False,reinspect,reinspect
3_001_20200922_123018(6),3,2020-09-22 12:30:18,0.9664674171525548,0.0067577274103545,False,reinspect,reinspect
3_001_20200922_163323(0),3,2020-09-22 16:33:23,0.9412759171645424,0.0236290835003122,False,pass,reinspect
3_001_20200922_163326(0),3,2020-09-22 16:33:26,0.9779239829133776,0.0011863630078912,False,reinspect,reinspect
3_001_20200922_163329(0),3,2020-09-22 16:33:29,0.9648191837556636,0.0147740801490942,False,reinspect,reinspect
3_001_20200922_163338(3),3,2020-09-22 16:33:38,0.9766183392148128,0.0037725284724261,False,reinspect,reinspect
